1770029676.513221 1.908546289 1.015764855 1.079519333 0.708921267 0.006347410 -0.003079927 -0.705252339
1770029676.523789 1.909090753 1.015688586 1.079310731 0.708923157 0.006297853 -0.003015930 -0.705251160
1770029676.534503 1.909615820 1.015611033 1.079109941 0.708921183 0.006239035 -0.002956930 -0.705253916
1770029676.544970 1.910141879 1.015527126 1.078908737 0.708908370 0.006183013 -0.002907948 -0.705267493
1770029676.555319 1.910640206 1.015446612 1.078706865 0.708904798 0.006124437 -0.002881542 -0.705271704
1770029676.566306 1.911131693 1.015366033 1.078500607 0.708902431 0.006072166 -0.002861942 -0.705274615
1770029676.577003 1.911665444 1.015283543 1.078272316 0.708906042 0.006018307 -0.002832135 -0.705271566
1770029676.587406 1.912171210 1.015207941 1.078047412 0.708911741 0.005961906 -0.002808346 -0.705266412
1770029676.597884 1.912649220 1.015134830 1.077826186 0.708907375 0.005904298 -0.002811835 -0.705271271
1770029676.608217 1.913147704 1.015056155 1.077588907 0.708903142 0.005831341 -0.002815931 -0.705276117
1770029676.618577 1.913635487 1.014976316 1.077360235 0.708889818 0.005769484 -0.002815598 -0.705290019
1770029676.628932 1.914114915 1.014896204 1.077130244 0.708873320 0.005721841 -0.002813942 -0.705306995
1770029676.639255 1.914580686 1.014815853 1.076893937 0.708863032 0.005696019 -0.002816698 -0.705317533
1770029676.650005 1.915074232 1.014738052 1.076651842 0.708860356 0.005642987 -0.002794865 -0.705320736
1770029676.661311 1.915660252 1.014651523 1.076378706 0.708851666 0.005553881 -0.002741409 -0.705330387
1770029676.672194 1.916215099 1.014564129 1.076116078 0.708836729 0.005477444 -0.002690521 -0.705346192
1770029676.682953 1.916763488 1.014477689 1.075856173 0.708801901 0.005416792 -0.002625390 -0.705381905
1770029676.693763 1.917289974 1.014391666 1.075596651 0.708771162 0.005377019 -0.002565275 -0.705413317
1770029676.704506 1.917822816 1.014301987 1.075321538 0.708750987 0.005331614 -0.002508650 -0.705434135
1770029676.715898 1.918366271 1.014213070 1.075035457 0.708732957 0.005282730 -0.002461269 -0.705452784
1770029676.726664 1.918902649 1.014131423 1.074747635 0.708719199 0.005227442 -0.002416523 -0.705467173
1770029676.737349 1.919427029 1.014046189 1.074448994 0.708707978 0.005184439 -0.002372205 -0.705478912
1770029676.748392 1.919945382 1.013960736 1.074151978 0.708688530 0.005150355 -0.002334843 -0.705498824
1770029676.758996 1.920464793 1.013873080 1.073851679 0.708682488 0.005103091 -0.002299465 -0.705505352
1770029676.769742 1.920941912 1.013790229 1.073552893 0.708682719 0.005077570 -0.002301276 -0.705505298
1770029676.780329 1.921460008 1.013705644 1.073235711 0.708688460 0.005029556 -0.002279508 -0.705499946
1770029676.791229 1.922009553 1.013620858 1.072907535 0.708696889 0.004972212 -0.002223394 -0.705492064
1770029676.802194 1.922578952 1.013532391 1.072573042 0.708697792 0.004900387 -0.002156633 -0.705491867
1770029676.812958 1.923151178 1.013442574 1.072239758 0.708682580 0.004822284 -0.002091433 -0.705507883
1770029676.823661 1.923687908 1.013355220 1.071909316 0.708673511 0.004759775 -0.002049880 -0.705517538
1770029676.834269 1.924198709 1.013272132 1.071579849 0.708660889 0.004718045 -0.002007942 -0.705530618
1770029676.844966 1.924724809 1.013186749 1.071236635 0.708647018 0.004677282 -0.001965623 -0.705544941
1770029676.855382 1.925246633 1.013103336 1.070891396 0.708648829 0.004627070 -0.001909287 -0.705543607
1770029676.866543 1.925762558 1.013021326 1.070550827 0.708638331 0.004578217 -0.001878659 -0.705554553
1770029676.877312 1.926289534 1.012935161 1.070180820 0.708629288 0.004530030 -0.001860864 -0.705563993
1770029676.887904 1.926807113 1.012849059 1.069821967 0.708618228 0.004481269 -0.001826909 -0.705575501
1770029676.898448 1.927287395 1.012769245 1.069461259 0.708609074 0.004460975 -0.001810871 -0.705584865
1770029676.908978 1.927809358 1.012681832 1.069089223 0.708602439 0.004396354 -0.001778718 -0.705592015
1770029676.919398 1.928350997 1.012598537 1.068718545 0.708585206 0.004305612 -0.001731613 -0.705609998
1770029676.930007 1.928893724 1.012513081 1.068338212 0.708563305 0.004228607 -0.001673753 -0.705632596
1770029676.940660 1.929443641 1.012429494 1.067953777 0.708540748 0.004150749 -0.001607591 -0.705655861
1770029676.951370 1.929991040 1.012341224 1.067562347 0.708523554 0.004067940 -0.001552114 -0.705673732
1770029676.961920 1.930510147 1.012256610 1.067180396 0.708491487 0.003996602 -0.001509005 -0.705706428
1770029676.972590 1.931032441 1.012169180 1.066784613 0.708467791 0.003934057 -0.001463558 -0.705730664
1770029676.983403 1.931560371 1.012085320 1.066385873 0.708442335 0.003881025 -0.001409303 -0.705756622
1770029676.993870 1.932077679 1.012003974 1.065968457 0.708444122 0.003840758 -0.001357275 -0.705755151
1770029677.004602 1.932593477 1.011919124 1.065543817 0.708456891 0.003777034 -0.001328452 -0.705742731
1770029677.016098 1.933125418 1.011832330 1.065110970 0.708449845 0.003708349 -0.001314162 -0.705750195
1770029677.027168 1.933655706 1.011741158 1.064649349 0.708449092 0.003648434 -0.001317054 -0.705751258
1770029677.037781 1.934193834 1.011653480 1.064224831 0.708432040 0.003555149 -0.001288063 -0.705768905
1770029677.048410 1.934731090 1.011570223 1.063807992 0.708410015 0.003456833 -0.001246635 -0.705791575
1770029677.059674 1.935294178 1.011485024 1.063353418 0.708413545 0.003361955 -0.001197864 -0.705788574
1770029677.070786 1.935866232 1.011395867 1.062896096 0.708389830 0.003269406 -0.001139352 -0.705812908
1770029677.081561 1.936405616 1.011304938 1.062446451 0.708364290 0.003190556 -0.001087440 -0.705838983
1770029677.092338 1.936946674 1.011218295 1.061994178 0.708341812 0.003111256 -0.001035703 -0.705861973
1770029677.103236 1.937469531 1.011134784 1.061547840 0.708321622 0.003046680 -0.000975777 -0.705882601
1770029677.113905 1.937992289 1.011054289 1.061082532 0.708305906 0.003009129 -0.000918654 -0.705898608
1770029677.124551 1.938496729 1.010971121 1.060611103 0.708318809 0.002976727 -0.000872996 -0.705885856
1770029677.135392 1.939011279 1.010886562 1.060129053 0.708326479 0.002930782 -0.000828607 -0.705878406
1770029677.146410 1.939504523 1.010802671 1.059657220 0.708323397 0.002903683 -0.000799143 -0.705881644
1770029677.157080 1.940025532 1.010718435 1.059176266 0.708319627 0.002851368 -0.000758006 -0.705885685
1770029677.167728 1.940551423 1.010634039 1.058713680 0.708301939 0.002779392 -0.000686958 -0.705903793
1770029677.178283 1.941107212 1.010548939 1.058214250 0.708302306 0.002696219 -0.000614855 -0.705903815
1770029677.188745 1.941640027 1.010467947 1.057726528 0.708310082 0.002620282 -0.000542120 -0.705896358
1770029677.199269 1.942149884 1.010386435 1.057236219 0.708316099 0.002556071 -0.000487497 -0.705890595
1770029677.209752 1.942667502 1.010300427 1.056732389 0.708323702 0.002481987 -0.000431938 -0.705883267
1770029677.220298 1.943175704 1.010218288 1.056242238 0.708318204 0.002422886 -0.000376556 -0.705889021
1770029677.230775 1.943680584 1.010139464 1.055746739 0.708310268 0.002354352 -0.000332806 -0.705897237
1770029677.241196 1.944181819 1.010064294 1.055238481 0.708317852 0.002289847 -0.000297986 -0.705889856
1770029677.251582 1.944655059 1.009992372 1.054714958 0.708357398 0.002237375 -0.000291156 -0.705850343
1770029677.261953 1.945148784 1.009911362 1.054196885 0.708386337 0.002180229 -0.000265233 -0.705821489
1770029677.272314 1.945611738 1.009834241 1.053678954 0.708413537 0.002152716 -0.000254315 -0.705794277
1770029677.282697 1.946089916 1.009757156 1.053172813 0.708419940 0.002095312 -0.000237474 -0.705788029
1770029677.293068 1.946595995 1.009677277 1.052655717 0.708432091 0.002022834 -0.000194091 -0.705776057
1770029677.303705 1.947117925 1.009597722 1.052132169 0.708450602 0.001934860 -0.000134765 -0.705757736
1770029677.314958 1.947684083 1.009511849 1.051554581 0.708459337 0.001850972 -0.000063028 -0.705749203
1770029677.325329 1.948195988 1.009431687 1.051027163 0.708454121 0.001779869 0.000005204 -0.705754625
1770029677.336260 1.948695248 1.009353155 1.050490469 0.708450205 0.001722088 0.000071191 -0.705758695
1770029677.346855 1.949196879 1.009275156 1.049950971 0.708435367 0.001663639 0.000124938 -0.705773722
1770029677.357330 1.949708853 1.009195349 1.049402794 0.708430685 0.001566403 0.000174413 -0.705778634
1770029677.368780 1.950211668 1.009117082 1.048861943 0.708407529 0.001474486 0.000212661 -0.705802064
1770029677.379426 1.950728813 1.009042893 1.048278701 0.708401182 0.001400394 0.000257470 -0.705808570
1770029677.389951 1.951211151 1.008971054 1.047731538 0.708398182 0.001327133 0.000288693 -0.705811711
1770029677.401120 1.951676983 1.008900867 1.047156269 0.708406380 0.001297498 0.000311756 -0.705803528
1770029677.411742 1.952177586 1.008823186 1.046583015 0.708411520 0.001245446 0.000378831 -0.705798430
1770029677.422261 1.952694957 1.008744628 1.046010273 0.708416702 0.001164508 0.000454578 -0.705793322
1770029677.433029 1.953214101 1.008669121 1.045442693 0.708420027 0.001088631 0.000551027 -0.705790038
1770029677.443594 1.953738704 1.008591880 1.044855074 0.708425290 0.001005982 0.000639789 -0.705784802
1770029677.454268 1.954237348 1.008520231 1.044256024 0.708450697 0.000922858 0.000695028 -0.705759361
1770029677.464856 1.954727252 1.008450429 1.043662421 0.708473141 0.000857581 0.000743552 -0.705736863
1770029677.475382 1.955209198 1.008377499 1.043085125 0.708487613 0.000794399 0.000790139 -0.705722358
1770029677.485906 1.955701249 1.008305147 1.042490876 0.708501692 0.000716233 0.000840020 -0.705708250
1770029677.496347 1.956164823 1.008237036 1.041923539 0.708509425 0.000655503 0.000869777 -0.705700509
1770029677.506774 1.956632218 1.008166910 1.041337300 0.708533257 0.000573658 0.000887615 -0.705676631
1770029677.517191 1.957101478 1.008095004 1.040750718 0.708552019 0.000486403 0.000892587 -0.705657851
1770029677.527567 1.957534417 1.008032428 1.040167705 0.708576060 0.000434596 0.000882405 -0.705633758
1770029677.537931 1.957995381 1.007967602 1.039586926 0.708594906 0.000372941 0.000906369 -0.705614837
1770029677.548311 1.958466489 1.007899432 1.039024393 0.708590346 0.000302425 0.000965107 -0.705619373
1770029677.558687 1.958962679 1.007830777 1.038436965 0.708595533 0.000210024 0.001040592 -0.705614090
1770029677.569049 1.959452378 1.007763056 1.037856986 0.708593565 0.000112688 0.001104001 -0.705615992
1770029677.579433 1.959934002 1.007696604 1.037275718 0.708582742 -0.000000957 0.001157771 -0.705626783
1770029677.589903 1.960408042 1.007626308 1.036677445 0.708594863 -0.000098220 0.001196958 -0.705614539
1770029677.600654 1.960885438 1.007556620 1.036058554 0.708612596 -0.000187897 0.001231052 -0.705596654
1770029677.611148 1.961356427 1.007490840 1.035457332 0.708621671 -0.000269180 0.001273916 -0.705587438
1770029677.621604 1.961819320 1.007431869 1.034825809 0.708669474 -0.000303791 0.001324731 -0.705539318
1770029677.632238 1.962272892 1.007371836 1.034203747 0.708717034 -0.000333041 0.001372044 -0.705491440
1770029677.643094 1.962745522 1.007309241 1.033559895 0.708762697 -0.000370946 0.001402128 -0.705445487
1770029677.654069 1.963218091 1.007246874 1.032910351 0.708811514 -0.000409603 0.001440528 -0.705396338
1770029677.665449 1.963667536 1.007186351 1.032262570 0.708849890 -0.000441178 0.001426979 -0.705357783
1770029677.676343 1.964158068 1.007118232 1.031604532 0.708879078 -0.000516507 0.001446457 -0.705328359
1770029677.686931 1.964655545 1.007048528 1.030958793 0.708914326 -0.000610876 0.001491021 -0.705292763
1770029677.697552 1.965136253 1.006982699 1.030353414 0.708929542 -0.000690514 0.001552112 -0.705277263
1770029677.708019 1.965633013 1.006917187 1.029741397 0.708921949 -0.000795298 0.001634341 -0.705284600
1770029677.718530 1.966099242 1.006860587 1.029133606 0.708921385 -0.000870406 0.001703964 -0.705284913
1770029677.729130 1.966559551 1.006808067 1.028520619 0.708933187 -0.000937381 0.001756607 -0.705272835
1770029677.739675 1.967029383 1.006755417 1.027891596 0.708952084 -0.000999865 0.001813051 -0.705253611
1770029677.750140 1.967488568 1.006701194 1.027274872 0.708966830 -0.001068690 0.001869973 -0.705238538
1770029677.760598 1.967938144 1.006647650 1.026661456 0.708976995 -0.001123660 0.001932134 -0.705228066
1770029677.771099 1.968393850 1.006589006 1.026009795 0.709013120 -0.001182602 0.001976922 -0.705191526
1770029677.781523 1.968833344 1.006530213 1.025371300 0.709054831 -0.001233503 0.002006798 -0.705149415
1770029677.792050 1.969276344 1.006472192 1.024717623 0.709108527 -0.001266677 0.002034379 -0.705095280
1770029677.802449 1.969706767 1.006413846 1.024069085 0.709164120 -0.001286767 0.002052615 -0.705039277
1770029677.812846 1.970147754 1.006358413 1.023443100 0.709205812 -0.001318676 0.002077712 -0.704997206
1770029677.823229 1.970609346 1.006307642 1.022805292 0.709248855 -0.001377914 0.002119705 -0.704953665
1770029677.833709 1.971072248 1.006261114 1.022175484 0.709279409 -0.001445323 0.002169893 -0.704922635
1770029677.844314 1.971555995 1.006210485 1.021544906 0.709297897 -0.001513330 0.002244207 -0.704903657
1770029677.854824 1.972045904 1.006157588 1.020909809 0.709312117 -0.001603517 0.002323552 -0.704888892
1770029677.865181 1.972485067 1.006113918 1.020303903 0.709318937 -0.001662643 0.002364136 -0.704881758
1770029677.875558 1.972931802 1.006068930 1.019690086 0.709329395 -0.001730412 0.002407606 -0.704870923
1770029677.885943 1.973391059 1.006021279 1.019062039 0.709350660 -0.001813587 0.002449048 -0.704849171
1770029677.896484 1.973829900 1.005971786 1.018440269 0.709367881 -0.001884524 0.002483698 -0.704831532
1770029677.907137 1.974290899 1.005914014 1.017782787 0.709398469 -0.001955696 0.002524319 -0.704800408
1770029677.917613 1.974739612 1.005863074 1.017114311 0.709446343 -0.001999089 0.002560024 -0.704751968
1770029677.928118 1.975183105 1.005809363 1.016453441 0.709493201 -0.002047331 0.002584677 -0.704704566
1770029677.938647 1.975632862 1.005755702 1.015789691 0.709543022 -0.002098424 0.002609472 -0.704654161
1770029677.949123 1.976064046 1.005705525 1.015135356 0.709594802 -0.002126710 0.002621669 -0.704601888
1770029677.959567 1.976494600 1.005659963 1.014477368 0.709644865 -0.002151044 0.002617882 -0.704551408
1770029677.970029 1.976948068 1.005615637 1.013835850 0.709684349 -0.002206116 0.002646804 -0.704511357
1770029677.980651 1.977423536 1.005569272 1.013191673 0.709712744 -0.002271729 0.002712500 -0.704482294
1770029677.991076 1.977902988 1.005522427 1.012550737 0.709734260 -0.002334631 0.002772941 -0.704460176
1770029678.001477 1.978371262 1.005479685 1.011932507 0.709742771 -0.002411465 0.002848497 -0.704451041
1770029678.011896 1.978826531 1.005440841 1.011315542 0.709747662 -0.002474087 0.002907503 -0.704445656
1770029678.022244 1.979273740 1.005403957 1.010678569 0.709774334 -0.002532855 0.002945019 -0.704418417
1770029678.032919 1.979731903 1.005363785 1.010036096 0.709797640 -0.002598897 0.002988634 -0.704394509
1770029678.043547 1.980199836 1.005322230 1.009383977 0.709816854 -0.002665920 0.003028144 -0.704374728
1770029678.054132 1.980668074 1.005278723 1.008698405 0.709863896 -0.002735170 0.003074865 -0.704326851
1770029678.064642 1.981118537 1.005239997 1.008038397 0.709898626 -0.002794281 0.003113878 -0.704291443
1770029678.075292 1.981581091 1.005194847 1.007359291 0.709938161 -0.002871192 0.003154079 -0.704251103
1770029678.085870 1.982033566 1.005149354 1.006694197 0.709964647 -0.002921509 0.003210798 -0.704223939
1770029678.096562 1.982490048 1.005109296 1.006035494 0.709987138 -0.002962359 0.003291694 -0.704200720
1770029678.107395 1.982963192 1.005064055 1.005354874 0.710019007 -0.003025114 0.003374547 -0.704167928
1770029678.117883 1.983406991 1.005024713 1.004699862 0.710031757 -0.003077858 0.003430003 -0.704154575
1770029678.128433 1.983862482 1.004984269 1.004066588 0.710031952 -0.003154104 0.003496617 -0.704153713
1770029678.139018 1.984346799 1.004940285 1.003419953 0.710032455 -0.003255863 0.003577626 -0.704152336
1770029678.149742 1.984841493 1.004897089 1.002766634 0.710040517 -0.003359040 0.003671041 -0.704143242
1770029678.160272 1.985339348 1.004851766 1.002106465 0.710054108 -0.003488329 0.003768274 -0.704128394
1770029678.171121 1.985841089 1.004806231 1.001437934 0.710056205 -0.003621762 0.003850886 -0.704125159
1770029678.181931 1.986320755 1.004764400 1.000756749 0.710078494 -0.003734953 0.003933221 -0.704101635
1770029678.192822 1.986798850 1.004726281 1.000054035 0.710109290 -0.003830850 0.004000585 -0.704069682
1770029678.203697 1.987290008 1.004682110 0.999355687 0.710141024 -0.003942825 0.004081031 -0.704036594
1770029678.214395 1.987771983 1.004636648 0.998674487 0.710159114 -0.004029446 0.004173287 -0.704017315
1770029678.224979 1.988241732 1.004596671 0.997994932 0.710187987 -0.004104173 0.004234517 -0.703987392
1770029678.235577 1.988705990 1.004555124 0.997319581 0.710222051 -0.004188356 0.004274528 -0.703952288
1770029678.246491 1.989168568 1.004512747 0.996644375 0.710250494 -0.004247571 0.004282026 -0.703923191
1770029678.256976 1.989636862 1.004465159 0.995983115 0.710279440 -0.004301035 0.004310522 -0.703893484
1770029678.267546 1.990081791 1.004422361 0.995330296 0.710311879 -0.004311746 0.004313723 -0.703860664
1770029678.278234 1.990548242 1.004377502 0.994636085 0.710362911 -0.004309788 0.004318651 -0.703809143
1770029678.288602 1.990984279 1.004336165 0.993967871 0.710417879 -0.004291767 0.004294430 -0.703753917
1770029678.299172 1.991413832 1.004296592 0.993305878 0.710472201 -0.004258857 0.004252398 -0.703699532
1770029678.309722 1.991846358 1.004255901 0.992587412 0.710564664 -0.004191416 0.004187371 -0.703606961
1770029678.320087 1.992291975 1.004214196 0.991892660 0.710648767 -0.004144719 0.004135843 -0.703522598
1770029678.330622 1.992742856 1.004170200 0.991201195 0.710724218 -0.004119690 0.004086974 -0.703446807
1770029678.341456 1.993227581 1.004124964 0.990493123 0.710787571 -0.004098524 0.004051574 -0.703383121
1770029678.352136 1.993700646 1.004086079 0.989787553 0.710854357 -0.004080103 0.004036851 -0.703315818
1770029678.363054 1.994172843 1.004046185 0.989091306 0.710904023 -0.004058756 0.004043422 -0.703265702
1770029678.373827 1.994639529 1.004009377 0.988406816 0.710939242 -0.004027637 0.004026487 -0.703230374
1770029678.384542 1.995101131 1.003976036 0.987736940 0.710965716 -0.004005206 0.004014761 -0.703203805
1770029678.395051 1.995537611 1.003948347 0.987074653 0.710999054 -0.003964982 0.003992626 -0.703170451
1770029678.405608 1.996002604 1.003908456 0.986381513 0.711047216 -0.003952022 0.003998820 -0.703121787
1770029678.416054 1.996448110 1.003873315 0.985717893 0.711072732 -0.003941434 0.003995786 -0.703096059
1770029678.426490 1.996890043 1.003838281 0.985028970 0.711120840 -0.003958661 0.003966581 -0.703047471
1770029678.437527 1.997347412 1.003800816 0.984298109 0.711177092 -0.003961803 0.003927961 -0.702990767
1770029678.448033 1.997798230 1.003761378 0.983599000 0.711225939 -0.003966260 0.003895781 -0.702941502
1770029678.458469 1.998245027 1.003719900 0.982902551 0.711271183 -0.003977332 0.003857720 -0.702895869
1770029678.468907 1.998687729 1.003685732 0.982225491 0.711306220 -0.003969195 0.003852761 -0.702860487
1770029678.479379 1.999125145 1.003653595 0.981537028 0.711342615 -0.003969471 0.003828734 -0.702823782
1770029678.489947 1.999576224 1.003618936 0.980869093 0.711361357 -0.003980762 0.003822017 -0.702804785
1770029678.501153 2.000029695 1.003585391 0.980207584 0.711374018 -0.003996077 0.003815081 -0.702791920
1770029678.512043 2.000509643 1.003555617 0.979482884 0.711391598 -0.004012969 0.003801273 -0.702774104
1770029678.522779 2.000962062 1.003528362 0.978792587 0.711414172 -0.003999002 0.003794969 -0.702751366
1770029678.533981 2.001411266 1.003500236 0.978076019 0.711436854 -0.003972814 0.003784394 -0.702728608
1770029678.544735 2.001873656 1.003466609 0.977344518 0.711477417 -0.003951874 0.003789398 -0.702687633
1770029678.555236 2.002320500 1.003427722 0.976629937 0.711527447 -0.003943481 0.003782801 -0.702637056
1770029678.565677 2.002758496 1.003388982 0.975944392 0.711559676 -0.003946238 0.003769856 -0.702604471
1770029678.576286 2.003214846 1.003344465 0.975246224 0.711587959 -0.003960814 0.003778445 -0.702575698
1770029678.586741 2.003643494 1.003303582 0.974549717 0.711620454 -0.003961614 0.003764428 -0.702542856
1770029678.597464 2.004062612 1.003266004 0.973880728 0.711636987 -0.003946163 0.003741969 -0.702526315
1770029678.608103 2.004499173 1.003221409 0.973192147 0.711651714 -0.003934961 0.003722560 -0.702511563
1770029678.618507 2.004909556 1.003182494 0.972528137 0.711660024 -0.003915435 0.003694783 -0.702503401
1770029678.628946 2.005319259 1.003142647 0.971844692 0.711682852 -0.003890740 0.003668155 -0.702480552
1770029678.639317 2.005716858 1.003105407 0.971173505 0.711701393 -0.003846404 0.003635735 -0.702462179
1770029678.649780 2.006113324 1.003065919 0.970498318 0.711725996 -0.003829085 0.003602522 -0.702437517
1770029678.660255 2.006515731 1.003022484 0.969786289 0.711768283 -0.003786112 0.003560134 -0.702395118
1770029678.670762 2.006914631 1.002985970 0.969078689 0.711809452 -0.003729486 0.003525953 -0.702353872
1770029678.681197 2.007305495 1.002949411 0.968387534 0.711837183 -0.003681760 0.003498967 -0.702326155
1770029678.691565 2.007690312 1.002915636 0.967711914 0.711858481 -0.003631221 0.003457953 -0.702305033
1770029678.701944 2.008071799 1.002885342 0.967035645 0.711884622 -0.003581719 0.003418283 -0.702278985
1770029678.712317 2.008446292 1.002854688 0.966382246 0.711889018 -0.003541759 0.003380473 -0.702274914
1770029678.722740 2.008828594 1.002822011 0.965735046 0.711888812 -0.003529310 0.003352073 -0.702275322
1770029678.733421 2.009204835 1.002789135 0.965078740 0.711890045 -0.003492916 0.003328899 -0.702274364
1770029678.744033 2.009577418 1.002757516 0.964399892 0.711896071 -0.003458039 0.003299486 -0.702268567
1770029678.754516 2.009950632 1.002716572 0.963730441 0.711907655 -0.003447634 0.003281502 -0.702256959
1770029678.764871 2.010312607 1.002675419 0.963062025 0.711924236 -0.003429574 0.003268702 -0.702240298
1770029678.775381 2.010662435 1.002634139 0.962374862 0.711954927 -0.003416348 0.003223851 -0.702209454
1770029678.786457 2.011023485 1.002588687 0.961659628 0.711983957 -0.003408072 0.003186139 -0.702180233
1770029678.797764 2.011395844 1.002542764 0.960940767 0.711997944 -0.003396662 0.003137440 -0.702166324
1770029678.808355 2.011769334 1.002500565 0.960247066 0.712018478 -0.003408857 0.003123672 -0.702145505
1770029678.818901 2.012108355 1.002468586 0.959586526 0.712030915 -0.003376736 0.003101463 -0.702133146
1770029678.829522 2.012452000 1.002438874 0.958934998 0.712026185 -0.003362698 0.003085159 -0.702138082
1770029678.839966 2.012793690 1.002410402 0.958305548 0.712016763 -0.003368533 0.003046613 -0.702147777
1770029678.850415 2.013121085 1.002383702 0.957679362 0.712016332 -0.003360915 0.003018178 -0.702148373
1770029678.860985 2.013443421 1.002357156 0.957039303 0.712010706 -0.003342160 0.002989027 -0.702154292
1770029678.871433 2.013746074 1.002326661 0.956411201 0.712011186 -0.003320527 0.002938138 -0.702154123
1770029678.881874 2.014049004 1.002291609 0.955753828 0.712027957 -0.003312019 0.002874428 -0.702137421
1770029678.892430 2.014342917 1.002254057 0.955143500 0.712046076 -0.003308290 0.002847769 -0.702119172
1770029678.903356 2.014678966 1.002203997 0.954443786 0.712067026 -0.003308054 0.002810196 -0.702098077
1770029678.914286 2.014984824 1.002159041 0.953783265 0.712064534 -0.003275764 0.002761339 -0.702100950
1770029678.924961 2.015275798 1.002120885 0.953127371 0.712074051 -0.003246528 0.002717633 -0.702091604
1770029678.935688 2.015554491 1.002085230 0.952494193 0.712074620 -0.003208957 0.002677630 -0.702091353
1770029678.946280 2.015830722 1.002051848 0.951892319 0.712063293 -0.003196103 0.002644095 -0.702103027
1770029678.957022 2.016110352 1.002019689 0.951287013 0.712053472 -0.003198309 0.002604359 -0.702113126
1770029678.967813 2.016381408 1.001993602 0.950674580 0.712044952 -0.003174567 0.002571472 -0.702121995
1770029678.978597 2.016628996 1.001969624 0.950078589 0.712034752 -0.003133159 0.002529167 -0.702132679
1770029678.989578 2.016886528 1.001942898 0.949462946 0.712021159 -0.003095382 0.002502163 -0.702146728
1770029679.000406 2.017123113 1.001910698 0.948847668 0.712028014 -0.003077020 0.002464680 -0.702139989
1770029679.010923 2.017352698 1.001874813 0.948244513 0.712040562 -0.003065252 0.002433010 -0.702127426
1770029679.021496 2.017570680 1.001839899 0.947644624 0.712047985 -0.003035425 0.002386902 -0.702120187
1770029679.031990 2.017784282 1.001801964 0.947061747 0.712051910 -0.003011384 0.002343509 -0.702116455
1770029679.042637 2.017996908 1.001769961 0.946486373 0.712049377 -0.002989215 0.002313430 -0.702119219
1770029679.053350 2.018204649 1.001734020 0.945909619 0.712051782 -0.002963541 0.002282946 -0.702116989
1770029679.063923 2.018412270 1.001698892 0.945363824 0.712041712 -0.002945053 0.002270668 -0.702127318
1770029679.075232 2.018608859 1.001668767 0.944818632 0.712025737 -0.002921395 0.002254741 -0.702143669
1770029679.085916 2.018795921 1.001641038 0.944271324 0.712006239 -0.002885736 0.002228068 -0.702163673
1770029679.096530 2.018973953 1.001617305 0.943744216 0.711989668 -0.002841943 0.002218673 -0.702180684
1770029679.107112 2.019147235 1.001589033 0.943206194 0.711992348 -0.002828956 0.002220093 -0.702178015
1770029679.117695 2.019307249 1.001565010 0.942694678 0.711981438 -0.002807208 0.002204435 -0.702189214
1770029679.128271 2.019457077 1.001539480 0.942176205 0.711969467 -0.002774257 0.002174224 -0.702201576
1770029679.138717 2.019593995 1.001511862 0.941659141 0.711974335 -0.002729365 0.002138209 -0.702196928
1770029679.149306 2.019727566 1.001486688 0.941160175 0.711972638 -0.002693557 0.002107660 -0.702198879
1770029679.159863 2.019861578 1.001454486 0.940647055 0.711973708 -0.002682318 0.002069406 -0.702197951
1770029679.170388 2.019982660 1.001424673 0.940160901 0.711968711 -0.002652002 0.002034467 -0.702203235
1770029679.181085 2.020096835 1.001397248 0.939690170 0.711958796 -0.002610083 0.002007670 -0.702213521
1770029679.191669 2.020206851 1.001371825 0.939218319 0.711945838 -0.002564199 0.001987110 -0.702226887
1770029679.202340 2.020304116 1.001346585 0.938771678 0.711932801 -0.002514959 0.001966567 -0.702240339
1770029679.213078 2.020397677 1.001321956 0.938330852 0.711907250 -0.002478729 0.001930879 -0.702266471
1770029679.223786 2.020484974 1.001299122 0.937895749 0.711885360 -0.002458490 0.001894046 -0.702288832
1770029679.234411 2.020561007 1.001277196 0.937479943 0.711862943 -0.002438477 0.001873106 -0.702311680
1770029679.244847 2.020628575 1.001257140 0.937075353 0.711839279 -0.002409507 0.001852895 -0.702335819
1770029679.255255 2.020691365 1.001233846 0.936678765 0.711824545 -0.002382730 0.001836082 -0.702350887
1770029679.265697 2.020747872 1.001210374 0.936282939 0.711808672 -0.002348013 0.001809792 -0.702367159
1770029679.276053 2.020797806 1.001184338 0.935901602 0.711792712 -0.002316029 0.001779913 -0.702383516
1770029679.286553 2.020838206 1.001160187 0.935526465 0.711777281 -0.002288372 0.001740264 -0.702399343
1770029679.297393 2.020871298 1.001136699 0.935152610 0.711759232 -0.002251560 0.001694723 -0.702417863
1770029679.308019 2.020901824 1.001108572 0.934776990 0.711748783 -0.002230099 0.001662534 -0.702428596
1770029679.318766 2.020924137 1.001081921 0.934412405 0.711738300 -0.002212062 0.001640727 -0.702439326
1770029679.329493 2.020939260 1.001055595 0.934063139 0.711726332 -0.002203813 0.001624330 -0.702451517
1770029679.339996 2.020942663 1.001029900 0.933725363 0.711720685 -0.002201813 0.001610219 -0.702457277
1770029679.350912 2.020933953 1.001007545 0.933410260 0.711706629 -0.002186623 0.001595687 -0.702471598
1770029679.361515 2.020914374 1.000986732 0.933094890 0.711690030 -0.002166551 0.001577098 -0.702488520
1770029679.372094 2.020884473 1.000969261 0.932804380 0.711671156 -0.002140447 0.001549610 -0.702507781
1770029679.383374 2.020840279 1.000953584 0.932516113 0.711643045 -0.002094345 0.001530934 -0.702536438
1770029679.394158 2.020782677 1.000943143 0.932248951 0.711617381 -0.002052409 0.001494590 -0.702562636
1770029679.405027 2.020712997 1.000934260 0.931987038 0.711594300 -0.002022346 0.001440909 -0.702586212
1770029679.415571 2.020639307 1.000928502 0.931752553 0.711562948 -0.002000869 0.001379042 -0.702618151
1770029679.426931 2.020551408 1.000922086 0.931521917 0.711535683 -0.001960383 0.001334265 -0.702645963
1770029679.438625 2.020431759 1.000917604 0.931271753 0.711502409 -0.001909797 0.001278737 -0.702679898
1770029679.449418 2.020322038 1.000912786 0.931077073 0.711462967 -0.001871326 0.001235171 -0.702720015
1770029679.460315 2.020197867 1.000907734 0.930884150 0.711433233 -0.001817899 0.001194208 -0.702750328
1770029679.471420 2.020064977 1.000900196 0.930702846 0.711400494 -0.001758760 0.001149079 -0.702783696
1770029679.482599 2.019916778 1.000888553 0.930526081 0.711366104 -0.001691272 0.001089317 -0.702818767
1770029679.493316 2.019763312 1.000877823 0.930362842 0.711334019 -0.001615307 0.001025743 -0.702851515
1770029679.504030 2.019606516 1.000864760 0.930212765 0.711304481 -0.001530648 0.000961732 -0.702881688
1770029679.514972 2.019440755 1.000851546 0.930081030 0.711269496 -0.001438565 0.000891368 -0.702917378
1770029679.525792 2.019255945 1.000834776 0.929953178 0.711231313 -0.001348755 0.000799151 -0.702956302
1770029679.536563 2.019072899 1.000818487 0.929848044 0.711192347 -0.001262826 0.000703448 -0.702995985
1770029679.547264 2.018880897 1.000805866 0.929760410 0.711146785 -0.001164922 0.000606078 -0.703042336
1770029679.557869 2.018666562 1.000792989 0.929679723 0.711104265 -0.001050750 0.000492878 -0.703085611
1770029679.568422 2.018447431 1.000780699 0.929614340 0.711060408 -0.000946833 0.000368480 -0.703130190
1770029679.579079 2.018214593 1.000771234 0.929562259 0.711011780 -0.000836413 0.000241072 -0.703179558
1770029679.589809 2.017968459 1.000765570 0.929513814 0.710975949 -0.000726522 0.000140233 -0.703215936
1770029679.600781 2.017726007 1.000757968 0.929473801 0.710946745 -0.000628938 0.000064466 -0.703245566
1770029679.611583 2.017469864 1.000753501 0.929440656 0.710924074 -0.000565642 -0.000014636 -0.703268541
1770029679.622546 2.017195755 1.000752350 0.929414474 0.710912855 -0.000503877 -0.000063418 -0.703279926
1770029679.633144 2.016919665 1.000751646 0.929406647 0.710904676 -0.000455939 -0.000091501 -0.703288224
1770029679.643957 2.016636246 1.000752263 0.929417161 0.710896661 -0.000434983 -0.000111686 -0.703296336
1770029679.654656 2.016347620 1.000750574 0.929443286 0.710888969 -0.000432992 -0.000110713 -0.703304112
1770029679.665141 2.016072473 1.000743856 0.929484171 0.710881727 -0.000456779 -0.000090058 -0.703311420
1770029679.676760 2.015781385 1.000744971 0.929553709 0.710864862 -0.000475797 -0.000079485 -0.703328454
1770029679.687577 2.015449218 1.000745086 0.929649298 0.710850936 -0.000514070 -0.000050671 -0.703342505
1770029679.698278 2.015149076 1.000738560 0.929748259 0.710844478 -0.000559912 0.000008417 -0.703348999
1770029679.708939 2.014842247 1.000732344 0.929868274 0.710827961 -0.000570032 0.000074036 -0.703365679
1770029679.719522 2.014537925 1.000724093 0.929990965 0.710817040 -0.000565987 0.000168235 -0.703376704
1770029679.730232 2.014204853 1.000719597 0.930140982 0.710790141 -0.000536497 0.000251510 -0.703403884
1770029679.741170 2.013845995 1.000719841 0.930311586 0.710755998 -0.000498737 0.000326751 -0.703438381
1770029679.751876 2.013490538 1.000718564 0.930488190 0.710722044 -0.000467668 0.000389001 -0.703472676
1770029679.762465 2.013146597 1.000713934 0.930678441 0.710689954 -0.000478623 0.000449049 -0.703505052
1770029679.773168 2.012766674 1.000716052 0.930884006 0.710659930 -0.000476048 0.000477373 -0.703535364
1770029679.783768 2.012376432 1.000719615 0.931110071 0.710626091 -0.000469957 0.000498538 -0.703569534
1770029679.794482 2.011987736 1.000714342 0.931350316 0.710593611 -0.000448521 0.000540778 -0.703602321
1770029679.805295 2.011569221 1.000713350 0.931610653 0.710560137 -0.000410134 0.000566297 -0.703636129
1770029679.816051 2.011163850 1.000714895 0.931880684 0.710523772 -0.000413207 0.000575362 -0.703672841
1770029679.826746 2.010723599 1.000718426 0.932163681 0.710487147 -0.000415837 0.000544544 -0.703709844
1770029679.837395 2.010304161 1.000719756 0.932449818 0.710455580 -0.000431831 0.000529448 -0.703741716
1770029679.848165 2.009866208 1.000721614 0.932744988 0.710428278 -0.000434359 0.000505965 -0.703769293
1770029679.858624 2.009406770 1.000720625 0.933065226 0.710388328 -0.000416918 0.000470263 -0.703809654
1770029679.869067 2.008949291 1.000720376 0.933399636 0.710351985 -0.000406256 0.000461009 -0.703846347
1770029679.879439 2.008495704 1.000724604 0.933753319 0.710308801 -0.000387513 0.000467145 -0.703889934
1770029679.889806 2.008029838 1.000734117 0.934117082 0.710267635 -0.000391545 0.000456007 -0.703931478
1770029679.900205 2.007566420 1.000737217 0.934476944 0.710238138 -0.000422369 0.000453940 -0.703961223
1770029679.910562 2.007072314 1.000742269 0.934858769 0.710204154 -0.000421652 0.000441285 -0.703995516
1770029679.920954 2.006575510 1.000746296 0.935268961 0.710159788 -0.000421568 0.000435712 -0.704040274
1770029679.931322 2.006073230 1.000758368 0.935700217 0.710109655 -0.000446660 0.000427066 -0.704090829
1770029679.941696 2.005565295 1.000767014 0.936133156 0.710067094 -0.000468069 0.000427788 -0.704133737
1770029679.952262 2.005064566 1.000771703 0.936568894 0.710032018 -0.000495523 0.000456813 -0.704169070
1770029679.963215 2.004527505 1.000775567 0.937011509 0.710004636 -0.000510932 0.000453987 -0.704196670
1770029679.973872 2.003961789 1.000773913 0.937478195 0.709983242 -0.000543631 0.000472659 -0.704218202
1770029679.984457 2.003410019 1.000778289 0.937962245 0.709945087 -0.000538719 0.000493250 -0.704256658
1770029679.995314 2.002857281 1.000784597 0.938449604 0.709910171 -0.000557739 0.000506685 -0.704291830
1770029680.005869 2.002283309 1.000791455 0.938946635 0.709880065 -0.000571541 0.000512166 -0.704322160
1770029680.016283 2.001717754 1.000790027 0.939441225 0.709851966 -0.000589039 0.000510730 -0.704350466
1770029680.026737 2.001136460 1.000791916 0.939955884 0.709812867 -0.000582654 0.000501128 -0.704389880
1770029680.037107 2.000531761 1.000803750 0.940498739 0.709759182 -0.000561090 0.000475600 -0.704444010
1770029680.047424 1.999944302 1.000813801 0.941065849 0.709692314 -0.000551727 0.000472424 -0.704511385
1770029680.057831 1.999325117 1.000832182 0.941654669 0.709614753 -0.000504907 0.000435015 -0.704589567
1770029680.068300 1.998703362 1.000843104 0.942227300 0.709559774 -0.000495017 0.000404910 -0.704644959
1770029680.078759 1.998085258 1.000846582 0.942812371 0.709507863 -0.000506115 0.000391503 -0.704697228
1770029680.089187 1.997439415 1.000855554 0.943420476 0.709447004 -0.000468292 0.000376495 -0.704758531
1770029680.099675 1.996819164 1.000863884 0.944020990 0.709391764 -0.000469401 0.000389154 -0.704814127
1770029680.110260 1.996156731 1.000872194 0.944637281 0.709345198 -0.000457824 0.000375595 -0.704861007
1770029680.120625 1.995507522 1.000869452 0.945214697 0.709324072 -0.000461512 0.000357280 -0.704882274
1770029680.131081 1.994847915 1.000869428 0.945837011 0.709281773 -0.000480751 0.000348659 -0.704924829
1770029680.141436 1.994194265 1.000872195 0.946471670 0.709233095 -0.000505102 0.000350438 -0.704973786
1770029680.151807 1.993520660 1.000881651 0.947133457 0.709163964 -0.000504004 0.000330167 -0.705043339
1770029680.162199 1.992834996 1.000891101 0.947808579 0.709094276 -0.000502817 0.000301038 -0.705113441
1770029680.172576 1.992148756 1.000900829 0.948501295 0.709019168 -0.000503453 0.000294535 -0.705188967
1770029680.182992 1.991451156 1.000913738 0.949191529 0.708948957 -0.000496147 0.000271230 -0.705259566
1770029680.193704 1.990757105 1.000917209 0.949891865 0.708884011 -0.000507855 0.000289895 -0.705324831
1770029680.204187 1.990029286 1.000927719 0.950607397 0.708811918 -0.000481829 0.000267227 -0.705397308
1770029680.214697 1.989291215 1.000929722 0.951298305 0.708766838 -0.000487704 0.000239340 -0.705442609
1770029680.225116 1.988561923 1.000935246 0.951994734 0.708712338 -0.000484998 0.000220906 -0.705497369
1770029680.235611 1.987798877 1.000943867 0.952716053 0.708648704 -0.000464195 0.000165937 -0.705561317
1770029680.246182 1.987065351 1.000946186 0.953450353 0.708580691 -0.000490975 0.000171372 -0.705629601
1770029680.256768 1.986291653 1.000960251 0.954238532 0.708482403 -0.000484728 0.000144207 -0.705728297
1770029680.267445 1.985531503 1.000970456 0.955008987 0.708395662 -0.000500045 0.000125433 -0.705815359
1770029680.278176 1.984764716 1.000982678 0.955805696 0.708304439 -0.000517669 0.000140028 -0.705906887
1770029680.288654 1.983977954 1.000994483 0.956588920 0.708221680 -0.000501748 0.000149994 -0.705989927
1770029680.299191 1.983252292 1.000990481 0.957327537 0.708157366 -0.000541899 0.000193216 -0.706054399
1770029680.309722 1.982456470 1.000997110 0.958090930 0.708093280 -0.000512042 0.000212011 -0.706118687
1770029680.320092 1.981662041 1.000999469 0.958856255 0.708023186 -0.000498152 0.000227695 -0.706188975
1770029680.330689 1.980871062 1.001006974 0.959629516 0.707942531 -0.000470879 0.000212338 -0.706269853
1770029680.341442 1.980030288 1.001014901 0.960455380 0.707843732 -0.000425927 0.000189608 -0.706368908
1770029680.351912 1.979210855 1.001024302 0.961277539 0.707737142 -0.000375114 0.000185611 -0.706475734
1770029680.362513 1.978376565 1.001031402 0.962093963 0.707640945 -0.000308970 0.000180415 -0.706572123
1770029680.373238 1.977547819 1.001039583 0.962942943 0.707528717 -0.000290685 0.000192976 -0.706684508
1770029680.383632 1.976735460 1.001051144 0.963750486 0.707429255 -0.000279341 0.000153202 -0.706784089
1770029680.394176 1.975928231 1.001055197 0.964544127 0.707344680 -0.000298938 0.000141696 -0.706868725
1770029680.404934 1.975090388 1.001059084 0.965341801 0.707262526 -0.000260334 0.000136526 -0.706950941
1770029680.415538 1.974257236 1.001054219 0.966134200 0.707184627 -0.000236862 0.000129665 -0.707028875
1770029680.426168 1.973411525 1.001051194 0.966977003 -0.707074798 0.000204904 -0.000129378 0.707138721
1770029680.436725 1.972569419 1.001056813 0.967840963 -0.706942787 0.000192679 -0.000106780 0.707270703
1770029680.447401 1.971752637 1.001060323 0.968681275 -0.706822418 0.000219102 -0.000083607 0.707390991
1770029680.458071 1.970891273 1.001070590 0.969545813 -0.706694507 0.000169842 -0.000072763 0.707518791
1770029680.468825 1.970052441 1.001075701 0.970372305 -0.706583960 0.000153111 -0.000070831 0.707629196
1770029680.479289 1.969227625 1.001073056 0.971172111 -0.706486329 0.000119590 -0.000078179 0.707726675
1770029680.489766 1.968408333 1.001064980 0.971970557 -0.706388703 0.000088175 -0.000112874 0.707824117
1770029680.500268 1.967597471 1.001058098 0.972783735 -0.706272040 0.000064701 -0.000131996 0.707940523
1770029680.510698 1.966784117 1.001052667 0.973596494 -0.706160327 0.000050013 -0.000145137 0.708051953
1770029680.521099 1.965968456 1.001049721 0.974422744 -0.706028335 0.000027545 -0.000120599 0.708183574
1770029680.531483 1.965185910 1.001051697 0.975249125 -0.705891733 0.000044508 -0.000115374 0.708319735
1770029680.542047 1.964361680 1.001056825 0.976065630 -0.705762243 0.000010057 -0.000080482 0.708448763
1770029680.553114 1.963487777 1.001062547 0.976942027 -0.705613804 -0.000059507 -0.000039232 0.708596609
1770029680.564033 1.962625316 1.001058297 0.977790145 -0.705488431 -0.000125837 -0.000012870 0.708721424
1770029680.574597 1.961788903 1.001050858 0.978611699 -0.705368406 -0.000215823 0.000001780 0.708840860
1770029680.585084 1.960980114 1.001042593 0.979397909 -0.705253813 -0.000342038 0.000025190 0.708954824
1770029680.596986 1.960183885 1.001028537 0.980209978 -0.705120805 -0.000442072 -0.000006373 0.709087057
1770029680.607573 1.959273752 1.001023998 0.981129775 -0.704944655 -0.000620963 0.000000543 0.709262044
1770029680.618092 1.958500172 1.001023509 0.981970467 -0.704762082 -0.000726204 -0.000027206 0.709443359
1770029680.628430 1.957743833 1.001021470 0.982796435 -0.704575514 -0.000851008 -0.000040480 0.709628508
1770029680.639030 1.956994165 1.001017834 0.983622791 -0.704378704 -0.000952652 -0.000047869 0.709823733
1770029680.649694 1.956247085 1.001009484 0.984452714 -0.704179581 -0.001070568 -0.000063619 0.710021103
1770029680.660262 1.955478958 1.000997742 0.985297993 -0.703974085 -0.001211351 -0.000064351 0.710224623
1770029680.670697 1.954750615 1.000983429 0.986105511 -0.703776189 -0.001329624 -0.000057965 0.710420512
1770029680.681062 1.954043128 1.000963398 0.986900953 -0.703581266 -0.001446934 -0.000029857 0.710613332
1770029680.691428 1.953346730 1.000947225 0.987716496 -0.703363634 -0.001555657 -0.000009880 0.710828515
1770029680.702076 1.952650570 1.000935750 0.988545945 -0.703131873 -0.001689542 0.000028333 0.711057461
1770029680.712911 1.951964382 1.000921763 0.989413094 -0.702880876 -0.001792384 0.000045167 0.711305321
1770029680.723500 1.951260162 1.000913418 0.990315353 -0.702607297 -0.001919624 0.000104579 0.711575217
1770029680.734026 1.950595737 1.000906677 0.991176767 -0.702347604 -0.002033347 0.000166764 0.711831217
1770029680.744731 1.949946069 1.000895380 0.992038919 -0.702087462 -0.002138108 0.000254912 0.712087466
1770029680.755674 1.949268110 1.000887618 0.992937499 -0.701817081 -0.002294011 0.000344557 0.712353427
1770029680.766466 1.948626971 1.000871825 0.993817601 -0.701557306 -0.002419314 0.000421484 0.712608810
1770029680.777385 1.947965499 1.000857474 0.994710280 -0.701300834 -0.002597035 0.000535971 0.712860511
1770029680.787980 1.947340536 1.000839829 0.995595480 -0.701036574 -0.002782857 0.000625049 0.713119616
1770029680.798659 1.946732706 1.000819907 0.996484790 -0.700764955 -0.002968665 0.000716808 0.713385696
1770029680.809116 1.946119716 1.000808319 0.997405883 -0.700473981 -0.003194252 0.000819563 0.713670321
1770029680.819668 1.945561373 1.000791879 0.998319391 -0.700181512 -0.003363315 0.000895756 0.713956397
1770029680.830241 1.944984265 1.000774730 0.999273858 -0.699881547 -0.003552854 0.001009824 0.714249381
1770029680.840897 1.944432179 1.000755988 1.000219858 -0.699587594 -0.003738297 0.001113259 0.714536202
1770029680.851875 1.943892421 1.000736841 1.001171514 -0.699291992 -0.003932190 0.001210453 0.714824302
1770029680.862714 1.943340773 1.000715105 1.002142109 -0.699001774 -0.004150898 0.001329188 0.715106651
1770029680.873538 1.942820385 1.000689371 1.003113587 -0.698708331 -0.004355806 0.001403914 0.715392008
1770029680.883993 1.942322249 1.000660340 1.004099462 -0.698393875 -0.004557416 0.001462354 0.715697623
1770029680.894753 1.941845656 1.000627899 1.005100182 -0.698065324 -0.004757645 0.001482695 0.716016739
1770029680.905331 1.941368963 1.000601573 1.006154582 -0.697695869 -0.004974009 0.001496048 0.716375247
1770029680.915841 1.940917060 1.000573829 1.007217904 -0.697322712 -0.005159145 0.001499652 0.716737169
1770029680.926211 1.940490456 1.000549889 1.008271344 -0.696950869 -0.005306895 0.001524045 0.717097622
1770029680.936936 1.940048638 1.000528852 1.009369796 -0.696565841 -0.005464429 0.001579175 0.717470331
1770029680.947610 1.939632198 1.000504636 1.010466613 -0.696193750 -0.005608136 0.001636373 0.717830157
1770029680.958436 1.939208298 1.000491398 1.011585051 -0.695839182 -0.005826351 0.001729881 0.718171911
1770029680.969317 1.938773499 1.000472112 1.012766156 -0.695479796 -0.006054120 0.001874627 0.718517701
1770029680.980051 1.938361449 1.000452818 1.013951920 -0.695128791 -0.006314245 0.002007184 0.718854690
1770029680.990612 1.937957581 1.000434986 1.015166461 -0.694771065 -0.006581584 0.002175996 0.719197549
1770029681.001671 1.937540990 1.000425378 1.016435491 -0.694405772 -0.006876759 0.002366196 0.719546896
1770029681.012257 1.937125004 1.000421292 1.017732720 -0.694054281 -0.007202127 0.002568582 0.719882064
1770029681.022753 1.936719796 1.000414756 1.018991729 -0.693748252 -0.007547979 0.002806527 0.720172559
1770029681.033411 1.936305246 1.000414013 1.020259268 -0.693473742 -0.007944155 0.003048329 0.720431653
1770029681.044115 1.935901518 1.000402642 1.021551309 -0.693200321 -0.008331743 0.003296041 0.720689277
1770029681.054906 1.935481138 1.000392252 1.022908622 -0.692907379 -0.008749428 0.003566860 0.720964693
1770029681.065507 1.935070665 1.000376944 1.024298462 -0.692601992 -0.009165781 0.003820215 0.721251603
1770029681.076119 1.934678165 1.000365577 1.025732111 -0.692274931 -0.009559689 0.004057046 0.721559126
1770029681.086638 1.934261827 1.000362051 1.027187005 -0.691960915 -0.009992363 0.004313396 0.721852921
1770029681.097108 1.933837452 1.000358510 1.028589969 -0.691691063 -0.010423948 0.004604309 0.722103604
1770029681.107553 1.933391238 1.000360482 1.030044555 -0.691426630 -0.010892601 0.004916385 0.722347836
1770029681.118158 1.932935411 1.000352291 1.031538169 -0.691171128 -0.011377028 0.005239241 0.722582580
1770029681.128757 1.932489879 1.000344293 1.033085750 -0.690885135 -0.011833558 0.005569521 0.722846234
1770029681.139445 1.932026267 1.000344454 1.034724141 -0.690559389 -0.012303656 0.005900519 0.723146966
1770029681.150070 1.931576989 1.000340148 1.036355152 -0.690256449 -0.012754652 0.006212820 0.723425707
1770029681.160753 1.931081847 1.000340908 1.038019837 -0.689977847 -0.013263040 0.006560473 0.723679226
1770029681.171402 1.930602875 1.000346223 1.039666673 -0.689740058 -0.013767385 0.006906875 0.723893229
1770029681.182156 1.930118432 1.000351858 1.041374773 -0.689496694 -0.014289374 0.007262560 0.724111441
1770029681.192781 1.929617319 1.000338225 1.043128843 -0.689234881 -0.014806576 0.007620511 0.724346582
1770029681.203403 1.929114167 1.000337613 1.044976255 -0.688916102 -0.015323190 0.007940755 0.724635597
1770029681.214282 1.928583806 1.000356068 1.046822616 -0.688646802 -0.015864318 0.008289517 0.724875982
1770029681.225075 1.928033683 1.000365302 1.048660209 -0.688418590 -0.016418147 0.008650329 0.725076177
1770029681.235852 1.927465267 1.000372485 1.050546638 -0.688187219 -0.016973180 0.009027842 0.725278402
1770029681.246776 1.926888745 1.000375287 1.052453445 -0.687968938 -0.017514643 0.009424320 0.725467546
1770029681.257631 1.926295106 1.000378200 1.054527793 -0.687650173 -0.018045200 0.009780103 0.725751997
1770029681.268430 1.925654546 1.000388978 1.056555996 -0.687385602 -0.018577690 0.010193128 0.725983473
1770029681.279045 1.924977839 1.000414036 1.058551345 -0.687196443 -0.019148654 0.010645286 0.726141209
1770029681.289733 1.924291878 1.000430652 1.060547230 -0.687005894 -0.019708083 0.011093887 0.726299813
1770029681.301013 1.923534637 1.000438396 1.062722382 -0.686791846 -0.020312505 0.011579175 0.726478000
1770029681.311704 1.922810843 1.000447171 1.064867545 -0.686554731 -0.020870837 0.011992688 0.726679561
1770029681.322849 1.922050042 1.000466869 1.067129297 -0.686302688 -0.021437019 0.012392412 0.726894424
1770029681.333206 1.921301585 1.000498443 1.069220698 -0.686137205 -0.021977526 0.012811829 0.727027221
1770029681.343904 1.920547912 1.000513258 1.071358757 -0.685982151 -0.022494599 0.013222859 0.727150354
1770029681.354385 1.919780255 1.000531590 1.073598785 -0.685725338 -0.022957123 0.013643808 0.727370317
1770029681.365221 1.918958298 1.000548063 1.075823078 -0.685529678 -0.023429318 0.014094070 0.727531088
1770029681.376157 1.918051800 1.000572830 1.078146916 -0.685340063 -0.023932136 0.014583024 0.727683713
1770029681.386757 1.917125076 1.000602490 1.080401558 -0.685230082 -0.024430783 0.015106312 0.727760036
1770029681.397424 1.916210835 1.000615508 1.082631978 -0.685145044 -0.024908931 0.015599750 0.727813480
1770029681.408277 1.915253081 1.000631088 1.085022285 -0.684972906 -0.025391054 0.016070082 0.727948600
1770029681.419127 1.914334808 1.000653309 1.087379345 -0.684833711 -0.025808297 0.016484548 0.728055615
1770029681.429987 1.913349502 1.000689928 1.089792513 -0.684764742 -0.026235212 0.016931639 0.728094968
1770029681.440617 1.912325536 1.000720487 1.092124342 -0.684727354 -0.026666271 0.017425878 0.728102808
1770029681.451483 1.911248243 1.000738568 1.094574217 -0.684618911 -0.027099448 0.017900445 0.728177273
1770029681.462048 1.910203405 1.000759582 1.096913566 -0.684543166 -0.027460365 0.018358986 0.728223543
1770029681.472771 1.909078578 1.000799099 1.099371858 -0.684484100 -0.027813228 0.018857805 0.728252926
1770029681.483407 1.908045100 1.000846707 1.101726770 -0.684494827 -0.028074081 0.019292559 0.728221447
1770029681.494482 1.906909386 1.000875833 1.104237531 -0.684451012 -0.028304172 0.019773292 0.728240827
1770029681.505301 1.905702923 1.000890429 1.106777435 -0.684341057 -0.028555402 0.020281856 0.728320364
1770029681.515970 1.904491450 1.000914506 1.109230502 -0.684382631 -0.028776008 0.020778416 0.728258617
1770029681.527193 1.903377774 1.000955034 1.111432148 -0.684466090 -0.028959040 0.021234465 0.728159765
1770029681.537899 1.902051398 1.000992241 1.114205123 -0.684545826 -0.029081179 0.021710044 0.728065911
1770029681.548517 1.900866398 1.001003352 1.116678486 -0.684599633 -0.029152267 0.022114487 0.728000301
1770029681.559460 1.899543548 1.001030749 1.119250827 -0.684680348 -0.029264800 0.022565076 0.727906045
1770029681.570095 1.898256925 1.001069676 1.121699947 -0.684762568 -0.029320674 0.022984166 0.727813335
1770029681.580521 1.896992556 1.001115628 1.124096090 -0.684894230 -0.029308259 0.023419778 0.727676050
1770029681.591003 1.895788020 1.001151574 1.126505430 -0.685029340 -0.029184837 0.023786260 0.727541932
1770029681.601434 1.894533091 1.001163312 1.128960771 -0.685119617 -0.029008343 0.024173337 0.727451219
1770029681.611863 1.893228081 1.001183344 1.131402158 -0.685201386 -0.028832262 0.024577016 0.727367673
1770029681.622319 1.891902450 1.001220031 1.133786632 -0.685413477 -0.028601386 0.024977975 0.727163274
1770029681.632737 1.890581218 1.001256196 1.136144401 -0.685673368 -0.028337538 0.025371752 0.726914913
1770029681.643190 1.889322377 1.001281968 1.138556662 -0.685883812 -0.027955185 0.025657987 0.726721110
1770029681.653556 1.888019205 1.001297115 1.140984213 -0.686015735 -0.027563525 0.025982262 0.726600017
1770029681.663926 1.886641872 1.001334467 1.143408279 -0.686195650 -0.027165346 0.026326828 0.726432703
1770029681.674298 1.885288805 1.001366739 1.145793885 -0.686389070 -0.026713314 0.026594315 0.726256969
1770029681.684691 1.883943983 1.001394916 1.148153528 -0.686660406 -0.026197486 0.026856327 0.726009584
1770029681.695063 1.882673472 1.001416195 1.150471599 -0.686985177 -0.025558553 0.027056021 0.725717644
1770029681.705503 1.881315494 1.001422385 1.152878739 -0.687161482 -0.024948996 0.027275567 0.725563704
1770029681.715964 1.879909615 1.001438812 1.155278353 -0.687407095 -0.024353044 0.027417213 0.725345925
1770029681.726353 1.878538091 1.001479218 1.157605178 -0.687703746 -0.023817557 0.027368203 0.725084314
1770029681.736967 1.877194282 1.001569520 1.159870311 -0.688031093 -0.023333348 0.027068908 0.724800693
1770029681.747724 1.875868862 1.001722513 1.161961152 -0.688466138 -0.022887738 0.026610276 0.724418679
1770029681.758272 1.874404631 1.002030632 1.163799284 -0.689052488 -0.022543141 0.026171813 0.723887776
1770029681.769065 1.873021390 1.002477676 1.165204342 -0.689702714 -0.022193969 0.025785905 0.723292943
1770029681.779969 1.871454512 1.003143079 1.166516588 -0.690611248 -0.021792805 0.025384934 0.722451924
1770029681.790922 1.869953508 1.003924070 1.167574125 -0.691870811 -0.021371620 0.024899460 0.721275295
1770029681.801694 1.868483664 1.004646762 1.168509548 -0.693243405 -0.021035755 0.024479722 0.719980432
1770029681.812433 1.866890899 1.005333647 1.169396591 -0.694904250 -0.020760582 0.024147144 0.718396824
1770029681.823027 1.865343827 1.005960028 1.170237919 -0.696660477 -0.020471976 0.023831654 0.716712725
1770029681.833647 1.863809078 1.006570852 1.171118109 -0.698360007 -0.020168883 0.023512437 0.715075998
1770029681.844271 1.862359013 1.007195703 1.172019359 -0.700021266 -0.019798758 0.023113876 0.713473184
1770029681.854733 1.860844756 1.007815439 1.172966707 -0.701557457 -0.019514653 0.022770368 0.711981617
1770029681.865282 1.859263390 1.008422315 1.173948238 -0.703006071 -0.019271531 0.022473209 0.710567398
1770029681.875953 1.857689832 1.009005258 1.174929272 -0.704452442 -0.019040237 0.022157186 0.709149692
1770029681.886547 1.856100432 1.009588390 1.175952341 -0.705873697 -0.018807114 0.021791007 0.707752618
1770029681.897180 1.854655191 1.010149910 1.176969719 0.707167753 0.018513042 -0.021351187 -0.706480830
1770029681.907845 1.853064218 1.010716290 1.178084310 0.708432076 0.018313216 -0.020961363 -0.705229921
1770029681.918343 1.851470603 1.011254132 1.179210918 0.709550398 0.018146319 -0.020620856 -0.704119112
1770029681.928804 1.849886396 1.011778056 1.180380719 0.710570732 0.017964928 -0.020289695 -0.703103708
1770029681.939252 1.848310141 1.012297621 1.181536131 0.711613276 0.017776377 -0.019950732 -0.702063042
1770029681.949876 1.846846155 1.012792010 1.182685521 0.712539336 0.017540576 -0.019568937 -0.701139843
1770029681.960528 1.845272284 1.013299694 1.183938680 0.713441684 0.017339778 -0.019186775 -0.700237219
1770029681.971139 1.843659134 1.013794617 1.185170303 0.714369442 0.017186972 -0.018833555 -0.699304087
1770029681.981631 1.842063589 1.014268988 1.186437049 0.715157267 0.017056385 -0.018516747 -0.698510052
1770029681.992033 1.840506316 1.014730091 1.187695091 0.715928976 0.016916897 -0.018191536 -0.697731029
1770029682.002481 1.838961283 1.015182069 1.188941811 0.716733907 0.016781980 -0.017848682 -0.696916277
1770029682.013048 1.837485280 1.015624788 1.190182893 0.717501046 0.016604537 -0.017453724 -0.696140723
1770029682.023695 1.835899432 1.016064059 1.191483687 0.718291564 0.016469605 -0.017089346 -0.695337282
1770029682.035156 1.834227220 1.016504126 1.192815024 0.719135313 0.016366230 -0.016769595 -0.694474859
1770029682.046783 1.832438836 1.016979490 1.194287466 0.719976278 0.016233606 -0.016413973 -0.693614598
1770029682.057431 1.830804419 1.017384656 1.195649449 0.720682755 0.016149407 -0.016122987 -0.692889322
1770029682.068495 1.829269570 1.017787362 1.196945565 0.721477153 0.015993692 -0.015745165 -0.692074425
1770029682.079422 1.827701086 1.018187650 1.198283320 0.722258609 0.015833156 -0.015351753 -0.691271391
1770029682.090581 1.825999212 1.018580014 1.199687868 0.723013884 0.015750571 -0.015039401 -0.690490158
1770029682.101466 1.824365750 1.018952036 1.201061663 0.723720524 0.015671284 -0.014752790 -0.689757472
1770029682.112311 1.822723245 1.019321069 1.202449392 0.724416371 0.015578149 -0.014450748 -0.689035136
1770029682.122932 1.821156393 1.019658514 1.203797339 0.725045961 0.015506575 -0.014136247 -0.688380757
1770029682.133533 1.819669487 1.019996909 1.205127789 0.725714487 0.015379730 -0.013753106 -0.687686556
1770029682.144165 1.818149629 1.020327745 1.206449993 0.726389275 0.015283039 -0.013382072 -0.686983239
1770029682.154916 1.816544650 1.020637251 1.207852588 0.726938118 0.015264582 -0.013120771 -0.686407903
1770029682.165586 1.814968243 1.020940352 1.209235297 0.727477052 0.015227619 -0.012840184 -0.685842830
1770029682.176612 1.813349173 1.021243102 1.210659035 0.728034447 0.015176403 -0.012551463 -0.685257602
1770029682.187502 1.811744393 1.021531102 1.212080300 0.728578612 0.015130185 -0.012249274 -0.684685504
1770029682.198301 1.810262202 1.021815943 1.213473828 0.729096379 0.015018473 -0.011881715 -0.684143070
1770029682.209058 1.808712585 1.022089953 1.214910356 0.729577765 0.014940536 -0.011585805 -0.683636478
1770029682.219927 1.807143209 1.022348274 1.216340079 0.730042855 0.014886792 -0.011328713 -0.683145280
1770029682.230668 1.805545861 1.022588887 1.217789220 0.730466841 0.014875469 -0.011069060 -0.682696412
1770029682.241561 1.803987103 1.022820694 1.219221166 0.730888770 0.014860250 -0.010787742 -0.682249517
1770029682.252286 1.802442291 1.023045824 1.220653054 0.731327314 0.014809672 -0.010517443 -0.681784729
1770029682.263079 1.800991975 1.023274003 1.222051114 0.731748265 0.014688426 -0.010214921 -0.681340137
1770029682.273816 1.799499599 1.023489456 1.223541383 0.732108842 0.014584612 -0.009907396 -0.680959453
1770029682.285195 1.797945965 1.023683419 1.225022409 0.732447920 0.014554536 -0.009652754 -0.680599026
1770029682.296066 1.796319479 1.023874347 1.226525531 0.732837784 0.014537225 -0.009389071 -0.680183282
1770029682.306820 1.794787051 1.024036103 1.227968118 0.733154865 0.014528501 -0.009176022 -0.679844591
1770029682.317506 1.793302280 1.024197532 1.229402665 0.733457600 0.014479814 -0.008915472 -0.679522478
1770029682.328127 1.791842344 1.024362665 1.230870615 0.733738348 0.014400166 -0.008657871 -0.679224347
1770029682.338788 1.790431016 1.024526961 1.232332880 0.734009001 0.014291872 -0.008369098 -0.678937764
1770029682.349440 1.788985299 1.024659386 1.233760454 0.734242954 0.014244886 -0.008130109 -0.678688639
1770029682.360245 1.787455584 1.024777730 1.235234054 0.734453853 0.014247488 -0.007936075 -0.678462648
1770029682.370888 1.785961807 1.024884208 1.236685496 0.734680808 0.014228580 -0.007721306 -0.678219757
1770029682.381527 1.784528191 1.024986378 1.238098887 0.734905967 0.014191410 -0.007508845 -0.677978939
1770029682.392174 1.783101346 1.025091207 1.239557957 0.735103701 0.014134805 -0.007277712 -0.677768243
1770029682.402874 1.781707753 1.025185072 1.241041708 0.735220716 0.014070524 -0.007037469 -0.677645183
1770029682.413380 1.780315857 1.025272732 1.242497607 0.735373191 0.014000333 -0.006761581 -0.677483979
1770029682.424073 1.778888016 1.025333339 1.243922129 0.735517594 0.013984071 -0.006570770 -0.677329417
1770029682.435097 1.777386296 1.025384719 1.245393124 0.735679183 0.013980926 -0.006369939 -0.677155889
1770029682.445949 1.775925967 1.025431206 1.246862606 0.735824487 0.013945981 -0.006168580 -0.677000578
1770029682.456624 1.774478921 1.025470537 1.248383586 0.735858777 0.013922102 -0.005998784 -0.676965324
1770029682.467251 1.773126253 1.025510101 1.249825605 0.735914538 0.013849756 -0.005782659 -0.676908072
1770029682.477682 1.771818549 1.025547020 1.251245265 0.735983042 0.013760299 -0.005544981 -0.676837402
1770029682.488322 1.770488889 1.025561655 1.252632951 0.736058838 0.013707445 -0.005332325 -0.676757755
1770029682.498920 1.769115847 1.025564624 1.254044631 0.736118365 0.013666639 -0.005149278 -0.676695249
1770029682.509417 1.767711396 1.025547913 1.255484237 0.736110585 0.013674890 -0.005025361 -0.676704477
1770029682.520152 1.766339033 1.025537549 1.256940125 0.736094698 0.013628904 -0.004880433 -0.676723747
1770029682.530999 1.764983554 1.025518960 1.258386607 0.736082382 0.013577864 -0.004703262 -0.676739424
1770029682.541542 1.763650596 1.025497497 1.259818108 0.736085265 0.013499079 -0.004518124 -0.676739125
1770029682.552329 1.762396903 1.025469825 1.261202537 0.736096987 0.013383198 -0.004296862 -0.676730118
1770029682.562835 1.761061213 1.025424113 1.262632600 0.736059510 0.013313554 -0.004130741 -0.676773288
1770029682.573265 1.759765205 1.025366991 1.264003624 0.736010176 0.013263078 -0.003991678 -0.676828765
1770029682.584040 1.758418853 1.025296830 1.265424525 0.735948818 0.013224252 -0.003873236 -0.676896931
1770029682.594482 1.757093903 1.025224580 1.266823030 0.735866098 0.013166956 -0.003764536 -0.676988585
1770029682.604954 1.755810247 1.025143697 1.268197547 0.735762359 0.013110103 -0.003660998 -0.677103000
1770029682.615530 1.754568574 1.025062396 1.269537022 0.735690944 0.013019948 -0.003526395 -0.677183047
1770029682.625977 1.753343756 1.024978800 1.270902978 0.735596224 0.012903353 -0.003348270 -0.677289073
1770029682.636416 1.752130249 1.024883852 1.272240550 0.735496087 0.012793464 -0.003203901 -0.677400597
1770029682.647141 1.750860217 1.024778956 1.273610737 0.735383745 0.012715076 -0.003072968 -0.677524635
1770029682.657843 1.749528913 1.024647859 1.275026464 0.735190825 0.012677772 -0.003020707 -0.677734904
1770029682.668282 1.748277726 1.024518397 1.276338855 0.735035753 0.012644153 -0.002932496 -0.677904099
1770029682.679627 1.747034545 1.024384600 1.277675116 0.734891701 0.012555267 -0.002830486 -0.678062343
1770029682.691318 1.745645709 1.024228182 1.279186914 0.734708007 0.012451813 -0.002692134 -0.678263849
1770029682.702050 1.744459122 1.024087762 1.280513661 0.734522292 0.012324103 -0.002572186 -0.678467761
1770029682.713190 1.743262598 1.023943695 1.281849101 0.734331187 0.012209379 -0.002436887 -0.678677170
1770029682.724175 1.741941089 1.023767130 1.283281497 0.734097915 0.012118127 -0.002352112 -0.678931417
1770029682.734917 1.740697251 1.023584604 1.284583019 0.733875251 0.012067580 -0.002300243 -0.679173173
1770029682.745815 1.739460110 1.023399815 1.285867934 0.733665102 0.012006302 -0.002231864 -0.679401490
1770029682.756639 1.738241653 1.023209995 1.287169083 0.733428293 0.011933937 -0.002167568 -0.679658607
1770029682.767691 1.737050244 1.023021809 1.288466774 0.733185419 0.011832097 -0.002059014 -0.679922719
1770029682.778567 1.735882843 1.022826741 1.289755650 0.732935286 0.011691623 -0.001967698 -0.680195046
1770029682.789254 1.734773714 1.022641132 1.291009997 0.732688802 0.011522900 -0.001857971 -0.680463731
1770029682.799872 1.733653203 1.022440484 1.292232084 0.732424073 0.011405026 -0.001802148 -0.680750803
1770029682.810565 1.732456918 1.022213132 1.293478872 0.732127706 0.011340182 -0.001791701 -0.681070637
1770029682.821792 1.731221221 1.021966066 1.294739848 0.731831901 0.011255477 -0.001775139 -0.681389927
1770029682.832282 1.730094724 1.021736218 1.295910064 0.731568535 0.011139241 -0.001745163 -0.681674666
1770029682.842866 1.729005357 1.021514999 1.297060004 0.731307796 0.010994566 -0.001704189 -0.681956834
1770029682.853462 1.727920773 1.021279893 1.298220377 0.731013198 0.010856129 -0.001665118 -0.682274927
1770029682.864059 1.726896025 1.021060560 1.299345958 0.730733673 0.010678703 -0.001583013 -0.682577291
1770029682.874595 1.725841853 1.020825268 1.300485203 0.730442183 0.010505592 -0.001516825 -0.682892048
1770029682.885344 1.724734107 1.020564703 1.301636567 0.730109192 0.010402960 -0.001504029 -0.683249649
1770029682.896065 1.723633183 1.020299593 1.302751000 0.729776900 0.010301037 -0.001507432 -0.683606094
1770029682.906639 1.722515002 1.020020345 1.303866354 0.729433408 0.010223029 -0.001528368 -0.683973725
1770029682.917503 1.721459434 1.019755150 1.304942008 0.729121682 0.010087370 -0.001497716 -0.684308099
1770029682.928045 1.720416545 1.019485965 1.306007850 0.728802921 0.009927367 -0.001477619 -0.684649959
1770029682.939012 1.719389443 1.019221353 1.307052544 0.728475172 0.009774576 -0.001458228 -0.685000916
1770029682.949636 1.718407390 1.018971866 1.308077295 0.728167206 0.009549283 -0.001406139 -0.685331565
1770029682.960138 1.717369158 1.018701645 1.309085304 0.727836995 0.009415550 -0.001385118 -0.685684138
1770029682.970603 1.716333680 1.018434256 1.310055272 0.727506337 0.009295215 -0.001395481 -0.686036575
1770029682.981062 1.715288804 1.018164924 1.311012490 0.727172839 0.009188234 -0.001421604 -0.686391446
1770029682.991453 1.714268964 1.017913248 1.311923585 0.726836662 0.009090562 -0.001427098 -0.686748711
1770029683.001847 1.713284888 1.017672162 1.312795013 0.726515300 0.008982394 -0.001412570 -0.687090125
1770029683.012272 1.712310420 1.017437742 1.313636293 0.726222875 0.008860581 -0.001385234 -0.687400835
1770029683.022936 1.711334660 1.017208845 1.314464606 0.725934131 0.008719580 -0.001362189 -0.687707605
1770029683.033592 1.710388792 1.016995056 1.315277471 0.725649570 0.008544463 -0.001315425 -0.688010148
1770029683.044435 1.709378325 1.016762102 1.316083968 0.725361586 0.008403636 -0.001279805 -0.688315561
1770029683.055367 1.708312187 1.016513682 1.316873919 0.725065853 0.008325681 -0.001305540 -0.688627975
1770029683.066045 1.707255980 1.016275918 1.317620532 0.724793832 0.008232061 -0.001329593 -0.688915355
1770029683.076607 1.706252517 1.016056431 1.318334531 0.724514648 0.008134538 -0.001356417 -0.689210066
1770029683.087229 1.705266971 1.015847200 1.319039362 0.724232226 0.008010577 -0.001360216 -0.689508277
1770029683.097882 1.704310159 1.015647581 1.319711703 0.723953924 0.007873509 -0.001352986 -0.689802068
1770029683.108489 1.703317486 1.015437763 1.320371107 0.723671167 0.007761133 -0.001353411 -0.690099975
1770029683.118974 1.702428612 1.015264771 1.320957190 0.723444991 0.007602555 -0.001283299 -0.690338974
1770029683.129392 1.701488311 1.015068742 1.321529623 0.723227584 0.007486707 -0.001238003 -0.690568083
1770029683.139892 1.700498500 1.014865196 1.322083466 0.722995272 0.007425843 -0.001245296 -0.690811944
1770029683.150638 1.699512237 1.014664171 1.322618877 0.722754212 0.007372296 -0.001274527 -0.691064667
1770029683.161360 1.698511685 1.014467245 1.323143885 0.722500969 0.007310091 -0.001293841 -0.691330050
1770029683.171988 1.697533191 1.014280784 1.323647898 0.722261888 0.007221082 -0.001281583 -0.691580782
1770029683.182637 1.696599415 1.014104588 1.324109264 0.722044544 0.007119957 -0.001277674 -0.691808753
1770029683.193408 1.695650298 1.013926402 1.324558058 0.721824183 0.007020489 -0.001256157 -0.692039727
1770029683.203930 1.694739140 1.013756908 1.324984070 0.721610207 0.006905011 -0.001233984 -0.692264045
1770029683.214665 1.693841255 1.013596830 1.325370642 0.721420347 0.006771185 -0.001163584 -0.692463342
1770029683.225667 1.692874784 1.013414180 1.325760057 0.721202391 0.006689958 -0.001170238 -0.692691119
1770029683.236434 1.691879510 1.013219127 1.326120395 0.720981327 0.006638541 -0.001189299 -0.692921670
1770029683.247115 1.690932578 1.013041536 1.326462412 0.720759922 0.006577026 -0.001205761 -0.693152525
1770029683.257782 1.689964301 1.012867752 1.326779356 0.720535879 0.006512546 -0.001227158 -0.693385988
1770029683.268244 1.689080529 1.012710033 1.327073386 0.720325298 0.006399124 -0.001227650 -0.693605802
1770029683.278715 1.688186604 1.012550675 1.327306950 0.720153461 0.006312084 -0.001217259 -0.693785030
1770029683.289301 1.687315651 1.012403717 1.327535948 0.719978921 0.006209530 -0.001192499 -0.693967127
1770029683.299799 1.686484212 1.012270897 1.327736133 0.719822409 0.006066912 -0.001119765 -0.694130850
1770029683.310903 1.685617588 1.012120221 1.327906454 0.719682733 0.005990922 -0.001078943 -0.694276392
1770029683.321669 1.684615043 1.011943594 1.328082558 0.719534201 0.005929680 -0.001068979 -0.694430867
1770029683.332141 1.683693562 1.011777023 1.328202973 0.719419804 0.005872770 -0.001066272 -0.694549868
1770029683.342556 1.682801857 1.011622571 1.328313529 0.719308513 0.005802420 -0.001048699 -0.694665744
1770029683.352922 1.681941558 1.011481509 1.328407370 0.719205449 0.005709424 -0.001027136 -0.694773250
1770029683.363323 1.681115307 1.011346789 1.328465428 0.719127203 0.005590746 -0.000973537 -0.694855281
1770029683.373987 1.680276505 1.011207464 1.328493703 0.719063149 0.005497120 -0.000916195 -0.694922392
1770029683.384766 1.679425234 1.011080600 1.328504164 0.718991260 0.005388373 -0.000859393 -0.694997694
1770029683.395464 1.678623579 1.010968757 1.328490734 0.718932866 0.005233866 -0.000772719 -0.695059382
1770029683.406034 1.677755498 1.010827856 1.328456489 0.718865097 0.005152462 -0.000743495 -0.695130111
1770029683.416656 1.676887611 1.010687122 1.328408653 0.718766849 0.005090762 -0.000737448 -0.695232161
1770029683.427225 1.676009740 1.010542036 1.328345326 0.718646553 0.005044849 -0.000734802 -0.695356845
1770029683.437708 1.675151858 1.010412120 1.328260614 0.718509426 0.005009355 -0.000736727 -0.695498791
1770029683.448106 1.674336880 1.010299806 1.328149168 0.718370453 0.004948688 -0.000703958 -0.695642801
1770029683.458574 1.673513536 1.010180358 1.328021867 0.718223472 0.004906335 -0.000695719 -0.695794861
1770029683.469023 1.672695273 1.010066632 1.327880434 0.718053612 0.004851738 -0.000686695 -0.695970545
1770029683.479485 1.671889461 1.009959668 1.327721933 0.717872887 0.004796939 -0.000676856 -0.696157345
1770029683.490275 1.671126450 1.009862845 1.327548597 0.717696550 0.004693734 -0.000647593 -0.696339868
1770029683.500877 1.670312153 1.009750067 1.327351650 0.717502942 0.004641507 -0.000617310 -0.696539736
1770029683.511521 1.669466530 1.009616715 1.327145118 0.717300273 0.004643999 -0.000656903 -0.696748391
1770029683.522012 1.668622020 1.009491616 1.326914475 0.717112858 0.004639162 -0.000676121 -0.696941296
1770029683.532675 1.667798104 1.009372578 1.326683843 0.716901787 0.004624151 -0.000721006 -0.697158465
1770029683.543443 1.666969442 1.009270355 1.326413381 0.716712027 0.004582476 -0.000747884 -0.697353792
1770029683.554527 1.666152745 1.009163326 1.326128016 0.716519709 0.004525773 -0.000761068 -0.697551750
1770029683.565731 1.665326203 1.009057427 1.325822435 0.716304903 0.004474701 -0.000786897 -0.697772631
1770029683.576597 1.664531096 1.008955152 1.325498027 0.716081178 0.004414443 -0.000791830 -0.698002602
1770029683.587573 1.663774538 1.008866150 1.325139337 0.715890045 0.004338859 -0.000774016 -0.698199125
1770029683.598550 1.663013165 1.008773753 1.324746763 0.715708109 0.004252599 -0.000744858 -0.698386185
1770029683.609309 1.662183376 1.008656766 1.324322057 0.715543928 0.004263604 -0.000766599 -0.698554308
1770029683.620047 1.661384956 1.008545168 1.323884606 0.715389548 0.004264747 -0.000787097 -0.698712378
1770029683.630640 1.660582586 1.008432081 1.323431739 0.715219248 0.004268456 -0.000815814 -0.698886645
1770029683.641404 1.659806528 1.008334837 1.322953363 0.715060773 0.004260707 -0.000840230 -0.699048804
1770029683.652134 1.659056917 1.008247017 1.322444701 0.714922914 0.004227432 -0.000846931 -0.699189988
1770029683.662762 1.658308510 1.008158050 1.321917103 0.714795277 0.004197673 -0.000858551 -0.699320638
1770029683.673855 1.657576944 1.008072053 1.321371785 0.714670798 0.004163718 -0.000857994 -0.699448053
1770029683.684723 1.656818311 1.007986713 1.320775338 0.714535296 0.004112099 -0.000843894 -0.699586799
1770029683.695364 1.656132717 1.007918923 1.320170445 0.714452004 0.004014203 -0.000801195 -0.699672479
1770029683.705858 1.655418308 1.007829174 1.319555706 0.714354661 0.003978510 -0.000772763 -0.699772101
1770029683.716318 1.654682206 1.007734427 1.318955819 0.714227434 0.003961308 -0.000791250 -0.699902032
1770029683.726853 1.653955714 1.007631813 1.318335124 0.714100011 0.003964506 -0.000817060 -0.700031992
1770029683.737480 1.653214612 1.007532181 1.317664815 0.713971057 0.003980562 -0.000837627 -0.700163397
1770029683.747948 1.652511598 1.007447335 1.317020143 0.713817530 0.003952607 -0.000865580 -0.700320042
1770029683.758323 1.651826549 1.007366902 1.316327720 0.713694399 0.003941589 -0.000863400 -0.700445589
1770029683.768747 1.651163727 1.007284592 1.315642928 0.713557971 0.003911152 -0.000857564 -0.700584748
1770029683.779420 1.650491863 1.007214783 1.314927386 0.713428953 0.003877925 -0.000863454 -0.700716308
1770029683.789979 1.649818835 1.007141067 1.314159541 0.713320453 0.003844861 -0.000865007 -0.700826940
1770029683.800368 1.649179381 1.007077505 1.313412409 0.713215448 0.003808685 -0.000838483 -0.700934031
1770029683.810926 1.648558344 1.007021184 1.312620454 0.713133213 0.003772331 -0.000777772 -0.701017963
1770029683.821804 1.647864509 1.006933819 1.311809825 0.713019241 0.003754765 -0.000783230 -0.701133974
1770029683.832715 1.647154900 1.006852750 1.310949636 0.712922951 0.003765700 -0.000791483 -0.701231815
1770029683.843528 1.646448389 1.006762497 1.310089400 0.712811667 0.003772701 -0.000815408 -0.701344872
1770029683.854103 1.645758406 1.006688359 1.309190467 0.712721726 0.003806524 -0.000825381 -0.701436078
1770029683.864908 1.645121968 1.006617605 1.308314283 0.712612416 0.003794285 -0.000801608 -0.701547223
1770029683.875852 1.644481009 1.006547319 1.307400939 0.712512526 0.003793766 -0.000775835 -0.701648705
1770029683.886912 1.643808200 1.006481554 1.306419080 0.712407217 0.003798609 -0.000749172 -0.701755632
1770029683.897464 1.643199716 1.006415169 1.305496666 0.712311302 0.003761000 -0.000742539 -0.701853199
1770029683.907957 1.642578005 1.006354041 1.304533225 0.712249451 0.003743119 -0.000741730 -0.701916063
1770029683.918386 1.641999131 1.006300601 1.303567569 0.712184318 0.003681374 -0.000728846 -0.701982488
1770029683.928865 1.641432393 1.006248130 1.302603095 0.712108164 0.003601800 -0.000718392 -0.702060164
1770029683.939227 1.640820318 1.006171131 1.301623171 0.712032196 0.003585234 -0.000729010 -0.702137284
1770029683.949855 1.640199209 1.006094000 1.300622835 0.711957703 0.003584985 -0.000752544 -0.702212796
1770029683.960415 1.639558768 1.006016987 1.299578905 0.711870235 0.003598060 -0.000790016 -0.702301359
1770029683.970915 1.638953687 1.005950233 1.298525669 0.711791553 0.003594991 -0.000813823 -0.702381092
1770029683.981338 1.638370892 1.005890069 1.297483433 0.711699484 0.003573235 -0.000849567 -0.702474451
1770029683.991838 1.637781211 1.005836387 1.296409343 0.711611514 0.003564110 -0.000869439 -0.702563588
1770029684.002254 1.637212803 1.005789460 1.295315527 0.711540487 0.003552018 -0.000875118 -0.702635576
1770029684.013112 1.636653576 1.005740532 1.294215782 0.711454440 0.003526067 -0.000874930 -0.702722834
1770029684.024182 1.636070376 1.005687896 1.293013863 0.711391368 0.003503641 -0.000856711 -0.702786818
1770029684.035143 1.635502390 1.005639493 1.291796260 0.711331232 0.003467844 -0.000839786 -0.702847883
1770029684.045780 1.634993578 1.005605364 1.290614836 0.711285722 0.003392711 -0.000805968 -0.702894346
1770029684.056448 1.634442783 1.005555473 1.289402701 0.711257708 0.003376103 -0.000782570 -0.702922799
1770029684.067168 1.633859333 1.005477331 1.288201498 0.711176900 0.003394111 -0.000816917 -0.703004431
1770029684.077919 1.633294544 1.005406133 1.286984445 0.711110347 0.003409646 -0.000833248 -0.703071656
1770029684.088511 1.632732921 1.005341322 1.285753831 0.711037224 0.003411827 -0.000870247 -0.703145553
1770029684.098966 1.632197568 1.005285503 1.284533015 0.710953152 0.003400790 -0.000903687 -0.703230570
1770029684.109338 1.631683537 1.005240097 1.283265542 0.710923456 0.003378237 -0.000899233 -0.703260705
1770029684.119846 1.631182007 1.005193652 1.282008672 0.710884909 0.003344663 -0.000907289 -0.703299820
1770029684.130211 1.630684687 1.005160576 1.280728765 0.710832336 0.003312018 -0.000904565 -0.703353114
1770029684.140771 1.630187835 1.005126063 1.279433538 0.710785912 0.003285700 -0.000903463 -0.703400153
1770029684.151358 1.629690952 1.005087847 1.278108343 0.710742772 0.003281567 -0.000892814 -0.703443776
1770029684.161983 1.629199436 1.005042663 1.276768462 0.710679470 0.003279367 -0.000890067 -0.703507743
1770029684.172628 1.628727128 1.005004385 1.275408204 0.710632155 0.003266112 -0.000862504 -0.703555633
1770029684.183394 1.628261244 1.004975333 1.274024192 0.710583996 0.003233520 -0.000834611 -0.703604457
1770029684.193964 1.627769388 1.004919276 1.272651656 0.710527656 0.003229292 -0.000843764 -0.703661360
1770029684.204369 1.627266659 1.004859629 1.271267701 0.710500973 0.003256676 -0.000860056 -0.703688157
1770029684.214836 1.626789692 1.004795804 1.269927207 0.710414579 0.003256056 -0.000905230 -0.703775322
1770029684.225445 1.626308970 1.004749363 1.268487062 0.710363858 0.003285470 -0.000915710 -0.703826369
1770029684.235849 1.625856093 1.004713384 1.267052392 0.710327709 0.003287147 -0.000908953 -0.703862852
1770029684.246296 1.625408206 1.004669003 1.265657795 0.710249642 0.003279709 -0.000931396 -0.703941632
1770029684.256672 1.624950232 1.004632668 1.264232924 0.710188618 0.003314790 -0.000951247 -0.704003008
1770029684.267046 1.624526795 1.004601782 1.262795489 0.710139174 0.003301635 -0.000959147 -0.704052933
1770029684.277421 1.624110558 1.004569064 1.261341707 0.710108162 0.003276345 -0.000945980 -0.704084348
1770029684.287796 1.623690966 1.004531483 1.259859572 0.710088829 0.003263088 -0.000926436 -0.704103933
1770029684.298270 1.623298292 1.004500258 1.258393228 0.710074555 0.003228098 -0.000893798 -0.704118532
1770029684.308702 1.622893697 1.004478406 1.256836470 0.710094919 0.003223074 -0.000838484 -0.704098086
1770029684.319125 1.622520597 1.004451346 1.255333619 0.710075576 0.003171460 -0.000806039 -0.704117865
1770029684.329560 1.622133620 1.004419593 1.253806995 0.710030080 0.003151228 -0.000790907 -0.704163851
1770029684.339919 1.621723120 1.004375313 1.252273067 0.709968865 0.003175681 -0.000811329 -0.704225438
1770029684.350296 1.621310404 1.004326494 1.250773002 0.709914237 0.003185559 -0.000846311 -0.704280421
1770029684.360677 1.620885095 1.004275750 1.249226659 0.709867343 0.003222738 -0.000889813 -0.704327465
1770029684.371334 1.620493493 1.004242584 1.247683378 0.709800715 0.003238904 -0.000919103 -0.704394498
1770029684.381885 1.620093904 1.004215370 1.246040216 0.709767024 0.003258234 -0.000930183 -0.704428343
1770029684.392317 1.619713692 1.004180796 1.244416317 0.709749801 0.003260759 -0.000931365 -0.704445682
1770029684.402730 1.619363028 1.004155985 1.242812500 0.709739271 0.003248653 -0.000921934 -0.704456361
1770029684.413161 1.619003920 1.004128623 1.241186178 0.709722191 0.003253558 -0.000924220 -0.704473542
1770029684.423674 1.618656529 1.004102020 1.239554349 0.709683207 0.003247378 -0.000919629 -0.704512849
1770029684.434208 1.618311940 1.004068453 1.237917646 0.709623451 0.003249544 -0.000940156 -0.704573002
1770029684.444604 1.617969631 1.004028193 1.236281405 0.709560994 0.003248484 -0.000961603 -0.704635877
1770029684.455065 1.617637412 1.004007773 1.234613179 0.709546757 0.003234432 -0.000964047 -0.704650274
1770029684.465454 1.617307271 1.003974890 1.232989905 0.709486505 0.003210287 -0.001011794 -0.704710983
1770029684.475857 1.616992485 1.003955824 1.231332322 0.709442226 0.003205542 -0.001011217 -0.704755582
1770029684.486313 1.616694808 1.003951518 1.229608811 0.709431915 0.003188294 -0.000980061 -0.704766083
1770029684.496722 1.616373070 1.003919971 1.227934492 0.709398667 0.003196552 -0.000993987 -0.704799493
1770029684.507363 1.616031600 1.003881171 1.226177026 0.709390911 0.003259957 -0.001001110 -0.704806999
1770029684.517986 1.615681435 1.003832076 1.224435578 0.709348858 0.003318233 -0.001032075 -0.704849006
1770029684.529852 1.615349536 1.003791702 1.222649603 0.709300955 0.003357741 -0.001060942 -0.704896982
1770029684.540496 1.615028239 1.003756472 1.220713728 0.709267516 0.003370233 -0.001059070 -0.704930572
1770029684.551274 1.614727501 1.003723929 1.218925101 0.709250639 0.003378264 -0.001052935 -0.704947522
1770029684.561732 1.614444948 1.003696078 1.217173321 0.709236409 0.003370818 -0.001048812 -0.704961881
1770029684.572345 1.614166218 1.003675635 1.215411554 0.709209241 0.003372305 -0.001041014 -0.704989217
1770029684.582913 1.613894216 1.003664381 1.213594506 0.709189040 0.003379748 -0.001042580 -0.705009500
1770029684.593491 1.613622429 1.003639967 1.211769831 0.709180242 0.003372624 -0.001047926 -0.705018376
1770029684.604178 1.613369194 1.003622710 1.209949098 0.709179113 0.003387174 -0.001031953 -0.705019467
1770029684.614870 1.613104239 1.003594446 1.208101244 0.709156599 0.003384176 -0.001053338 -0.705042095
1770029684.625532 1.612862244 1.003571510 1.206274645 0.709135422 0.003374884 -0.001044002 -0.705063454
1770029684.636232 1.612617065 1.003544264 1.204404963 0.709106532 0.003387987 -0.001049541 -0.705092438
1770029684.646843 1.612395808 1.003524637 1.202583244 0.709080453 0.003352280 -0.001066616 -0.705118809
1770029684.657255 1.612156935 1.003506133 1.200728550 0.709079623 0.003357602 -0.001068682 -0.705119616
1770029684.667940 1.611927010 1.003494120 1.198896255 0.709045582 0.003367437 -0.001077702 -0.705153786
1770029684.678629 1.611690937 1.003471976 1.196996644 0.709025064 0.003381669 -0.001093200 -0.705174325
1770029684.689170 1.611492680 1.003461588 1.195102622 0.709010344 0.003376610 -0.001078345 -0.705189172
1770029684.699837 1.611277686 1.003432210 1.193255646 0.708996609 0.003370692 -0.001099076 -0.705202978
1770029684.710716 1.611051097 1.003397223 1.191294048 0.708999728 0.003383824 -0.001119808 -0.705199746
1770029684.721435 1.610825181 1.003358619 1.189389875 0.708964695 0.003414790 -0.001156639 -0.705234757
1770029684.732097 1.610613861 1.003330093 1.187444060 0.708935105 0.003448648 -0.001171967 -0.705264312
1770029684.742672 1.610423364 1.003308338 1.185542378 0.708920795 0.003467267 -0.001183480 -0.705278586
1770029684.753249 1.610211512 1.003290351 1.183597563 0.708921043 0.003520270 -0.001202015 -0.705278043
1770029684.764154 1.610014710 1.003268109 1.181668603 0.708889095 0.003534542 -0.001239020 -0.705310019
1770029684.774892 1.609824412 1.003242741 1.179713352 0.708870922 0.003555266 -0.001266410 -0.705328131
1770029684.785639 1.609652574 1.003217774 1.177729576 0.708860936 0.003551707 -0.001279746 -0.705338161
1770029684.796312 1.609511519 1.003196483 1.175852737 0.708840066 0.003497656 -0.001304367 -0.705359360
1770029684.807778 1.609340444 1.003170694 1.173690785 0.708848739 0.003523439 -0.001295626 -0.705350532
1770029684.818354 1.609202460 1.003151847 1.171785203 0.708829023 0.003513619 -0.001287276 -0.705370408
1770029684.828784 1.609058018 1.003147048 1.169812086 0.708847270 0.003537531 -0.001268732 -0.705351986
1770029684.839384 1.608909307 1.003124389 1.167800131 0.708863172 0.003577705 -0.001259777 -0.705335818
1770029684.850079 1.608782718 1.003106540 1.165867914 0.708867313 0.003569959 -0.001257215 -0.705331700
1770029684.860779 1.608646986 1.003085842 1.163861630 0.708863927 0.003575836 -0.001278371 -0.705335035
1770029684.871378 1.608522658 1.003060392 1.161907730 0.708826551 0.003576007 -0.001297800 -0.705372560
1770029684.882001 1.608416575 1.003040094 1.159984524 0.708784816 0.003581880 -0.001309985 -0.705414445
1770029684.892661 1.608311372 1.003018765 1.157991408 0.708756583 0.003591592 -0.001319184 -0.705442744
1770029684.903345 1.608195515 1.003008749 1.155955406 0.708781303 0.003647063 -0.001300499 -0.705417658
1770029684.914016 1.608082790 1.002984988 1.153949446 0.708785967 0.003656946 -0.001322503 -0.705412879
1770029684.924478 1.607981056 1.002962328 1.151920317 0.708807928 0.003662542 -0.001335818 -0.705390759
1770029684.934970 1.607890516 1.002943122 1.149933482 0.708808227 0.003679939 -0.001358450 -0.705390324
1770029684.945738 1.607817196 1.002917534 1.147994575 0.708784323 0.003665955 -0.001384314 -0.705414366
1770029684.956258 1.607730997 1.002889844 1.145968468 0.708793699 0.003713838 -0.001366340 -0.705404730
1770029684.966932 1.607635526 1.002866591 1.143990751 0.708755941 0.003740450 -0.001390902 -0.705442479
1770029684.977696 1.607559820 1.002858492 1.141964433 0.708762208 0.003776723 -0.001381833 -0.705436007
1770029684.988227 1.607496770 1.002838430 1.139932269 0.708772768 0.003801053 -0.001372687 -0.705425284
1770029684.998866 1.607438213 1.002817841 1.137998928 0.708780631 0.003800915 -0.001387418 -0.705417355
1770029685.009475 1.607385315 1.002787364 1.135879637 0.708796117 0.003824390 -0.001388381 -0.705401667
1770029685.019986 1.607351025 1.002766410 1.133891195 0.708772023 0.003837204 -0.001383957 -0.705425814
1770029685.030502 1.607308715 1.002746846 1.131916526 0.708741832 0.003863197 -0.001408705 -0.705455957
1770029685.041014 1.607262301 1.002724513 1.129896680 0.708755861 0.003877559 -0.001413375 -0.705441774
1770029685.051432 1.607217489 1.002701958 1.127858102 0.708786021 0.003923857 -0.001413965 -0.705411213
1770029685.061797 1.607187144 1.002671525 1.125851677 0.708807650 0.003917388 -0.001427620 -0.705389489
1770029685.072292 1.607166584 1.002652136 1.123857335 0.708836353 0.003901828 -0.001430288 -0.705360726
1770029685.083061 1.607153029 1.002629359 1.121881891 0.708804283 0.003887765 -0.001458017 -0.705392974
1770029685.093887 1.607145905 1.002609327 1.119847668 0.708769765 0.003891445 -0.001489926 -0.705427570
1770029685.104825 1.607152729 1.002595777 1.117765059 0.708792447 0.003899841 -0.001474397 -0.705404767
1770029685.115516 1.607151925 1.002580828 1.115693567 0.708797210 0.003877781 -0.001512315 -0.705400021
1770029685.126056 1.607156968 1.002557119 1.113622492 0.708836293 0.003867090 -0.001532808 -0.705360763
1770029685.136985 1.607166281 1.002527914 1.111543859 0.708861481 0.003858330 -0.001560998 -0.705335436
1770029685.147514 1.607176956 1.002490027 1.109552284 0.708832650 0.003821613 -0.001620056 -0.705364477
1770029685.158504 1.607184098 1.002449646 1.107457877 0.708850704 0.003841252 -0.001638572 -0.705346184
1770029685.169180 1.607190424 1.002411979 1.105439422 0.708844578 0.003841695 -0.001670001 -0.705352264
1770029685.179903 1.607195347 1.002377354 1.103345086 0.708880750 0.003857937 -0.001686317 -0.705315784
1770029685.190373 1.607205827 1.002334355 1.101279527 0.708920853 0.003875177 -0.001694245 -0.705275362
1770029685.200831 1.607221969 1.002295118 1.099299171 0.708933566 0.003881720 -0.001713159 -0.705262502
1770029685.211697 1.607257572 1.002253028 1.097289071 0.708926364 0.003878842 -0.001745891 -0.705269677
1770029685.222709 1.607309247 1.002223104 1.095221510 0.708912734 0.003851314 -0.001769515 -0.705283469
1770029685.233649 1.607356185 1.002198994 1.093146944 0.708907162 0.003875750 -0.001797384 -0.705288865
1770029685.244615 1.607409137 1.002172971 1.091046349 0.708928285 0.003914051 -0.001802393 -0.705267409
1770029685.255375 1.607477572 1.002144541 1.088913325 0.708972901 0.003962974 -0.001780592 -0.705222341
1770029685.266048 1.607551982 1.002106982 1.086888281 0.708972461 0.003990996 -0.001788056 -0.705222606
1770029685.276643 1.607638458 1.002076533 1.084870976 0.708954705 0.003996666 -0.001805943 -0.705240379
1770029685.287079 1.607720532 1.002056937 1.082911340 0.708939368 0.004015416 -0.001832987 -0.705255620
1770029685.297446 1.607788084 1.002035719 1.080949321 0.708929209 0.004040692 -0.001870677 -0.705265588
1770029685.307856 1.607882810 1.002002106 1.078895135 0.708999826 0.004083077 -0.001845702 -0.705194419
1770029685.318297 1.607989484 1.001971200 1.076875848 0.709030451 0.004072766 -0.001833212 -0.705163720
1770029685.328681 1.608096164 1.001946373 1.074929676 0.709030563 0.004051037 -0.001838031 -0.705163719
1770029685.339039 1.608196501 1.001910921 1.072996348 0.709022477 0.004029666 -0.001836709 -0.705171976
1770029685.349415 1.608303632 1.001889130 1.071109025 0.708999902 0.003990650 -0.001857935 -0.705194840
1770029685.359791 1.608422966 1.001862842 1.069109239 0.709041138 0.003993393 -0.001834743 -0.705153424
1770029685.370183 1.608535529 1.001828439 1.067138409 0.709071246 0.003984621 -0.001829340 -0.705123212
1770029685.380822 1.608659835 1.001791000 1.065162920 0.709104785 0.003991009 -0.001787275 -0.705089555
1770029685.391499 1.608797250 1.001748761 1.063150148 0.709113927 0.003988723 -0.001765866 -0.705080428
1770029685.402226 1.608935356 1.001716337 1.061197648 0.709123126 0.003981777 -0.001726308 -0.705071314
1770029685.412764 1.609095240 1.001684413 1.059184338 0.709138065 0.003975942 -0.001689219 -0.705056411
1770029685.423274 1.609229372 1.001648262 1.057189107 0.709175848 0.003992845 -0.001686312 -0.705018319
1770029685.433921 1.609349388 1.001627018 1.055591354 0.709195355 0.003987375 -0.001692164 -0.704998713
1770029685.444519 1.609523528 1.001574157 1.053229631 0.709211294 0.003993571 -0.001729468 -0.704982554
1770029685.455117 1.609694239 1.001535532 1.051241001 0.709226646 0.003992269 -0.001740315 -0.704967090
1770029685.466559 1.609845765 1.001491988 1.049344487 0.709217985 0.003997065 -0.001773499 -0.704975693
1770029685.477195 1.610019731 1.001452787 1.047173971 0.709243226 0.004024977 -0.001789574 -0.704950100
1770029685.487854 1.610172264 1.001415202 1.045201251 0.709265362 0.004054421 -0.001799755 -0.704927633
1770029685.499572 1.610338592 1.001370161 1.043200933 0.709272460 0.004070933 -0.001823613 -0.704920336
1770029685.510103 1.610507438 1.001305448 1.041120690 0.709277025 0.004110281 -0.001853117 -0.704915437
1770029685.520506 1.610689743 1.001267639 1.039257224 0.709266401 0.004097588 -0.001869379 -0.704926157
1770029685.530988 1.610889243 1.001241062 1.037355796 0.709269136 0.004096754 -0.001860843 -0.704923433
1770029685.541515 1.611096780 1.001214044 1.035414501 0.709300886 0.004092995 -0.001831145 -0.704891586
1770029685.552109 1.611319080 1.001182771 1.033491613 0.709342706 0.004038350 -0.001818042 -0.704849851
1770029685.562578 1.611537428 1.001130554 1.031547980 0.709373115 0.003963240 -0.001823753 -0.704819658
1770029685.573092 1.611747491 1.001084899 1.029683312 0.709371049 0.003892775 -0.001852808 -0.704822054
1770029685.583616 1.611966135 1.001042022 1.027804893 0.709378782 0.003891705 -0.001822918 -0.704814355
1770029685.593989 1.612164107 1.001001716 1.025946521 0.709389641 0.004023962 -0.001698259 -0.704802994
1770029685.604317 1.612387931 1.000953013 1.024037042 0.709442632 0.004424993 -0.001287395 -0.704748120
1770029685.614692 1.612609642 1.000908772 1.022188824 0.709456808 0.005322630 -0.000352132 -0.704728731
1770029685.625140 1.612840679 1.000851834 1.020337188 0.709461003 0.007003527 0.001340443 -0.704708620
1770029685.635588 1.613067570 1.000804017 1.018506728 0.709429592 0.009527716 0.003869936 -0.704701284
1770029685.646241 1.613290419 1.000755875 1.016679554 0.709382001 0.012492815 0.006789258 -0.704680787
1770029685.657026 1.613516228 1.000694094 1.014725166 0.709371445 0.015701820 0.009923536 -0.704590043
1770029685.667627 1.613714041 1.000621170 1.012851795 0.709318813 0.018709115 0.012777396 -0.704523618
1770029685.678327 1.613951019 1.000560243 1.010988305 0.709257284 0.021534601 0.015515020 -0.704449892
1770029685.689555 1.614228891 1.000516103 1.009080129 0.709145101 0.024458537 0.018398534 -0.704397970
1770029685.700482 1.614501867 1.000489829 1.007350744 0.709031369 0.027117805 0.021058963 -0.704340587
1770029685.711119 1.614799923 1.000455037 1.005409810 0.708928496 0.030056566 0.024011932 -0.704230372
1770029685.721734 1.615066932 1.000400886 1.003568360 0.708835650 0.032840788 0.026761192 -0.704100378
1770029685.732555 1.615330339 1.000340156 1.001759798 0.708731090 0.035584621 0.029456418 -0.703964698
1770029685.742998 1.615620326 1.000282795 0.999934823 0.708586870 0.038383418 0.032253717 -0.703840223
1770029685.753502 1.615915343 1.000233106 0.998172854 0.708452260 0.041051757 0.034950463 -0.703696393
1770029685.763858 1.616191002 1.000183730 0.996460947 0.708285198 0.043706578 0.037601977 -0.703567982
1770029685.774513 1.616464236 1.000126636 0.994686423 0.708157289 0.046378669 0.040251640 -0.703379043
1770029685.785485 1.616736317 1.000040158 0.992806386 0.707998433 0.049255692 0.043043637 -0.703178030
1770029685.796237 1.617004973 0.999967747 0.991042900 0.707809291 0.052003619 0.045715930 -0.703001909
1770029685.806720 1.617332090 0.999908110 0.989282900 0.707627601 0.054667894 0.048421816 -0.702801485
1770029685.817097 1.617656862 0.999866125 0.987618370 0.707415712 0.057238822 0.051039953 -0.702624829
1770029685.828113 1.617996330 0.999832252 0.985865385 0.707213107 0.059895815 0.053763026 -0.702404193
1770029685.838779 1.618338527 0.999776751 0.984086541 0.707026251 0.062548347 0.056474912 -0.702148253
1770029685.849292 1.618656375 0.999707695 0.982373346 0.706816558 0.065155782 0.059089902 -0.701907018
1770029685.859739 1.618972933 0.999647113 0.980712387 0.706585478 0.067715847 0.061654415 -0.701676749
1770029685.870230 1.619315026 0.999588302 0.979036857 0.706340847 0.070289849 0.064267837 -0.701435379
1770029685.880806 1.619647310 0.999533628 0.977396333 0.706080495 0.072842111 0.066834817 -0.701197168
1770029685.891372 1.619935542 0.999463050 0.975708548 0.705826893 0.075481544 0.069376046 -0.700926456
1770029685.901831 1.620254389 0.999381833 0.974022746 0.705593205 0.078066088 0.071865074 -0.700627809
1770029685.912314 1.620603984 0.999316459 0.972392997 0.705331841 0.080562194 0.074377046 -0.700346187
1770029685.922693 1.620962866 0.999265713 0.970782485 0.705051888 0.083060476 0.076869360 -0.700067064
1770029685.933062 1.621339703 0.999224909 0.969208326 0.704760478 0.085495804 0.079350698 -0.699790399
1770029685.943424 1.621708876 0.999181782 0.967651872 0.704455393 0.087916860 0.081821271 -0.699513048
1770029685.953796 1.622054823 0.999120292 0.966043770 0.704184051 0.090373275 0.084255952 -0.699184116
1770029685.964362 1.622388185 0.999056288 0.964488473 0.703873951 0.092824381 0.086640243 -0.698883798
1770029685.974886 1.622772011 0.998982635 0.962865820 0.703573314 0.095301222 0.089111519 -0.698542344
1770029685.985505 1.623124070 0.998906434 0.961306779 0.703235751 0.097760417 0.091523415 -0.698230509
1770029685.996168 1.623444415 0.998837787 0.959800916 0.702875278 0.100209039 0.093854306 -0.697936861
1770029686.006740 1.623837674 0.998782602 0.958243270 0.702545129 0.102615557 0.096254141 -0.697592667
1770029686.017323 1.624251010 0.998733607 0.956663980 0.702224476 0.105018041 0.098663762 -0.697221241
1770029686.027851 1.624661267 0.998683957 0.955100064 0.701895430 0.107409133 0.101047741 -0.696846782
1770029686.038257 1.625065658 0.998625185 0.953589590 0.701558540 0.109735276 0.103356353 -0.696484924
1770029686.049015 1.625445923 0.998564244 0.952126593 0.701195498 0.112044173 0.105616580 -0.696143746
1770029686.059693 1.625839104 0.998490871 0.950597641 0.700825003 0.114444053 0.107938274 -0.695770222
1770029686.070364 1.626230530 0.998428034 0.949112938 0.700422611 0.116821347 0.110244224 -0.695418687
1770029686.080887 1.626599459 0.998351488 0.947617186 0.700063514 0.119160884 0.112460543 -0.695028335
1770029686.091413 1.626992550 0.998278371 0.946128675 0.699700501 0.121476007 0.114675217 -0.694631113
1770029686.102046 1.627426263 0.998220671 0.944664524 0.699335822 0.123731301 0.116887500 -0.694231435
1770029686.112761 1.627887665 0.998168093 0.943203529 0.698960151 0.125977096 0.119112822 -0.693827511
1770029686.123614 1.628335010 0.998125028 0.941785078 0.698542594 0.128225373 0.121335986 -0.693450847
1770029686.134341 1.628770664 0.998072986 0.940352737 0.698117669 0.130510353 0.123547732 -0.693061849
1770029686.144932 1.629175045 0.998004470 0.938931299 0.697717613 0.132758103 0.125670686 -0.692655973
1770029686.155510 1.629589044 0.997920265 0.937487546 0.697343268 0.134990743 0.127760263 -0.692219026
1770029686.166138 1.629986274 0.997828293 0.936088307 0.696934296 0.137215236 0.129817905 -0.691810580
1770029686.176700 1.630435681 0.997769561 0.934694447 0.696537620 0.139373016 0.131903884 -0.691384026
1770029686.187214 1.630904588 0.997724206 0.933356984 0.696125625 0.141461151 0.133963434 -0.690978766
1770029686.197616 1.631378171 0.997689035 0.932056382 0.695707585 0.143498447 0.135997830 -0.690582176
1770029686.208075 1.631858810 0.997645023 0.930749229 0.695309374 0.145503512 0.138008621 -0.690164635
1770029686.218492 1.632304070 0.997588384 0.929435469 0.694896468 0.147552461 0.140001028 -0.689744070
1770029686.228940 1.632731743 0.997518522 0.928135925 0.694490911 0.149586395 0.141927246 -0.689320638
1770029686.239780 1.633150232 0.997416107 0.926801285 0.694071654 0.151683745 0.143869268 -0.688881858
1770029686.251023 1.633633582 0.997331036 0.925408927 0.693631250 0.153847945 0.145924675 -0.688413021
1770029686.261525 1.634148412 0.997285354 0.924152359 0.693201116 0.155747997 0.147935934 -0.687989632
1770029686.271973 1.634647312 0.997254361 0.922953002 0.692768120 0.157585296 0.149882680 -0.687585914
1770029686.282381 1.635176516 0.997223859 0.921736404 0.692339962 0.159394184 0.151875422 -0.687162810
1770029686.292862 1.635701322 0.997167604 0.920494557 0.691932558 0.161180303 0.153866780 -0.686713375
1770029686.303446 1.636182660 0.997088600 0.919275914 0.691534375 0.162970790 0.155741153 -0.686269206
1770029686.313996 1.636666578 0.997005428 0.918049373 0.691093595 0.164828272 0.157652934 -0.685832950
1770029686.324473 1.637129112 0.996922891 0.916861424 0.690663911 0.166648985 0.159470984 -0.685405342
1770029686.335031 1.637648301 0.996869727 0.915704714 0.690250225 0.168347621 0.161318191 -0.684974559
1770029686.345495 1.638209330 0.996834546 0.914562329 0.689816274 0.170022063 0.163213201 -0.684549091
1770029686.356055 1.638786302 0.996806898 0.913437019 0.689395792 0.171650282 0.165079442 -0.684118703
1770029686.366823 1.639354575 0.996783825 0.912335271 0.688951303 0.173273885 0.166948838 -0.683703407
1770029686.377475 1.639903665 0.996724684 0.911169932 0.688513969 0.174989062 0.168805458 -0.683251096
1770029686.387977 1.640404602 0.996641052 0.910034278 0.688097706 0.176706347 0.170507186 -0.682805765
1770029686.398992 1.640870264 0.996555885 0.908956669 0.687674850 0.178403007 0.172104950 -0.682389591
1770029686.409361 1.641439123 0.996489746 0.907805495 0.687249620 0.180129968 0.173848020 -0.681922298
1770029686.419809 1.641990200 0.996452682 0.906768766 0.686835556 0.181695485 0.175489574 -0.681503543
1770029686.430177 1.642580071 0.996430701 0.905748746 0.686409788 0.183213307 0.177180304 -0.681088560
1770029686.440561 1.643170539 0.996405138 0.904741861 0.685996501 0.184685213 0.178848030 -0.680671400
1770029686.450949 1.643709348 0.996356601 0.903752377 0.685580379 0.186177995 0.180433522 -0.680265421
1770029686.461334 1.644239893 0.996297890 0.902760414 0.685159754 0.187705460 0.181981697 -0.679856922
1770029686.472012 1.644751478 0.996217177 0.901745367 0.684729744 0.189310528 0.183495266 -0.679438142
1770029686.482782 1.645324103 0.996155874 0.900715742 0.684326866 0.190867332 0.185036172 -0.678990440
1770029686.493514 1.645925599 0.996113026 0.899719171 0.683920058 0.192369627 0.186581316 -0.678553382
1770029686.503987 1.646533796 0.996076625 0.898758378 0.683536791 0.193793699 0.188075758 -0.678121646
1770029686.514433 1.647152494 0.996053354 0.897828933 0.683144402 0.195166323 0.189580458 -0.677704273
1770029686.524802 1.647739109 0.996009117 0.896927245 0.682748932 0.196518178 0.191032192 -0.677304365
1770029686.535344 1.648277242 0.995947136 0.896051355 0.682329207 0.197920989 0.192409766 -0.676928813
1770029686.545902 1.648820264 0.995894114 0.895185320 0.681909516 0.199321441 0.193768751 -0.676553063
1770029686.556477 1.649433189 0.995852256 0.894291227 0.681518655 0.200670999 0.195183514 -0.676141161
1770029686.567091 1.650044196 0.995817097 0.893435946 0.681114993 0.202004095 0.196563834 -0.675750968
1770029686.577648 1.650681242 0.995787530 0.892583282 0.680722341 0.203305040 0.197948389 -0.675352198
1770029686.588103 1.651315287 0.995754864 0.891745648 0.680354912 0.204548348 0.199296041 -0.674950558
1770029686.598750 1.651904904 0.995703961 0.890930946 0.679989769 0.205784383 0.200574187 -0.674564079
1770029686.609359 1.652526889 0.995631587 0.890068888 0.679609562 0.207100010 0.201889675 -0.674152051
1770029686.619831 1.653132590 0.995578155 0.889280097 0.679232745 0.208324123 0.203148180 -0.673776488
1770029686.630423 1.653762867 0.995554092 0.888529814 0.678869290 0.209465831 0.204400916 -0.673409844
1770029686.641146 1.654436819 0.995528585 0.887760117 0.678496099 0.210627355 0.205698217 -0.673028532
1770029686.651788 1.655107451 0.995501235 0.887016596 0.678135901 0.211740220 0.206959247 -0.672655669
1770029686.662425 1.655778279 0.995473412 0.886301690 0.677751128 0.212849387 0.208218814 -0.672304598
1770029686.672987 1.656398802 0.995441847 0.885616907 0.677363523 0.213961910 0.209404572 -0.671973723
1770029686.683447 1.656976637 0.995385118 0.884943710 0.676980718 0.215091743 0.210512987 -0.671652389
1770029686.693795 1.657632138 0.995348758 0.884271080 0.676639998 0.216110253 0.211665501 -0.671306478
1770029686.704162 1.658327521 0.995324529 0.883609311 0.676320892 0.217063471 0.212828256 -0.670952781
1770029686.714492 1.659003117 0.995315951 0.882993008 0.675982865 0.218018082 0.213946942 -0.670628055
1770029686.724787 1.659706944 0.995309534 0.882381164 0.675671388 0.218899813 0.215075979 -0.670293496
1770029686.735221 1.660389557 0.995266126 0.881759631 0.675365366 0.219807800 0.216157937 -0.669956641
1770029686.745638 1.661008836 0.995213627 0.881158399 0.675040259 0.220807821 0.217131906 -0.669640418
1770029686.756127 1.661641624 0.995165577 0.880569187 0.674713542 0.221821824 0.218078617 -0.669326850
1770029686.766844 1.662320225 0.995130082 0.879991881 0.674401210 0.222770364 0.219052958 -0.669008351
1770029686.777462 1.663034176 0.995103457 0.879417689 0.674097674 0.223707465 0.220028716 -0.668681285
1770029686.788017 1.663756957 0.995110701 0.878901549 0.673798367 0.224561707 0.220988938 -0.668379900
1770029686.798514 1.664478968 0.995116172 0.878412555 0.673505162 0.225362487 0.221935167 -0.668092305
1770029686.809008 1.665182534 0.995081058 0.877895340 0.673215229 0.226227243 0.222838154 -0.667791619
1770029686.819524 1.665815331 0.995040648 0.877420030 0.672906603 0.227141168 0.223634603 -0.667526148
1770029686.830376 1.666502783 0.995012939 0.876947124 0.672606635 0.228037275 0.224447648 -0.667250005
1770029686.840978 1.667213995 0.994990589 0.876488050 0.672337935 0.228848785 0.225261285 -0.666968731
1770029686.851500 1.667948291 0.994980569 0.876044584 0.672078858 0.229630526 0.226070185 -0.666687410
1770029686.861985 1.668693163 0.994980529 0.875628561 0.671828037 0.230348615 0.226879009 -0.666417677
1770029686.872364 1.669413345 0.994965821 0.875223104 0.671582770 0.231057337 0.227652933 -0.666155562
1770029686.882869 1.670114095 0.994940964 0.874828314 0.671333657 0.231789845 0.228381749 -0.665902669
1770029686.893392 1.670790085 0.994900043 0.874449357 0.671081000 0.232551567 0.229048162 -0.665662827
1770029686.904295 1.671349812 0.994889750 0.874171684 0.670908388 0.233069579 0.229580008 -0.665472408
1770029686.916411 1.671959035 0.994882221 0.873883290 0.670735559 0.233583297 0.230152522 -0.665268720
1770029686.927319 1.673208755 0.994882594 0.873341299 0.670384914 0.234598091 0.231280795 -0.664873669
1770029686.938750 1.674067574 0.994885077 0.872993932 0.670158277 0.235221142 0.232053850 -0.664612601
1770029686.949235 1.674795386 0.994855255 0.872677298 0.669950396 0.235847620 0.232675131 -0.664382910
1770029686.959722 1.675498186 0.994821691 0.872380761 0.669747156 0.236492692 0.233225764 -0.664165414
1770029686.970259 1.676227287 0.994806708 0.872110506 0.669553079 0.237107502 0.233761297 -0.663953585
1770029686.980742 1.676994969 0.994791839 0.871854620 0.669379494 0.237649615 0.234311809 -0.663740709
1770029686.991137 1.677763736 0.994803830 0.871641299 0.669199085 0.238175621 0.234834961 -0.663549169
1770029687.001628 1.678566739 0.994812503 0.871429449 0.669042390 0.238645050 0.235372003 -0.663348205
1770029687.012265 1.679386266 0.994815866 0.871238161 0.668881042 0.239087768 0.235912355 -0.663159522
1770029687.022755 1.680139480 0.994805291 0.871062006 0.668720991 0.239575333 0.236354728 -0.662987435
1770029687.033373 1.680865165 0.994765721 0.870898372 0.668557067 0.240115526 0.236714138 -0.662829087
1770029687.044020 1.681641905 0.994761995 0.870766707 0.668402136 0.240583190 0.237107044 -0.662675307
1770029687.054668 1.682449537 0.994759262 0.870632611 0.668281711 0.240991985 0.237501370 -0.662506993
1770029687.065315 1.683266101 0.994779323 0.870548311 0.668150094 0.241367813 0.237881681 -0.662366467
1770029687.076065 1.684109113 0.994799062 0.870477320 0.668027389 0.241703528 0.238269434 -0.662228426
1770029687.086617 1.684915294 0.994800092 0.870423098 0.667910096 0.242022919 0.238610064 -0.662107429
1770029687.097122 1.685648007 0.994779610 0.870392927 0.667766473 0.242435688 0.238846742 -0.662015943
1770029687.107661 1.686428682 0.994766646 0.870354818 0.667655846 0.242805428 0.239094856 -0.661902444
1770029687.118308 1.687252700 0.994771647 0.870335966 0.667570731 0.243085583 0.239366996 -0.661787095
1770029687.128874 1.688103565 0.994785082 0.870344433 0.667488932 0.243332130 0.239634357 -0.661682231
1770029687.140134 1.689034431 0.994807971 0.870371454 0.667413863 0.243540810 0.239929352 -0.661574270
1770029687.150739 1.689892732 0.994820836 0.870415724 0.667346257 0.243719654 0.240176678 -0.661486861
1770029687.161390 1.690724089 0.994813457 0.870474653 0.667277693 0.243916337 0.240368225 -0.661413953
1770029687.171967 1.691497090 0.994800234 0.870574228 0.667178932 0.244166031 0.240482447 -0.661379932
1770029687.182355 1.692306461 0.994798313 0.870675845 0.667110151 0.244348500 0.240616503 -0.661333165
1770029687.192961 1.693155053 0.994818179 0.870812202 0.667048660 0.244465037 0.240765101 -0.661298040
1770029687.204085 1.694038097 0.994835404 0.870945602 0.667013717 0.244569859 0.240892116 -0.661248270
1770029687.215443 1.695005007 0.994872966 0.871132639 0.666976706 0.244608607 0.241037998 -0.661218108
1770029687.226108 1.695908314 0.994871828 0.871300021 0.666953610 0.244653501 0.241142201 -0.661186800
1770029687.236762 1.696743205 0.994879245 0.871497795 0.666922596 0.244726745 0.241164633 -0.661182797
1770029687.247356 1.697550910 0.994851705 0.871683863 0.666901510 0.244839873 0.241128060 -0.661175523
1770029687.257814 1.698424620 0.994864097 0.871880240 0.666919542 0.244841017 0.241142940 -0.661151483
1770029687.268237 1.699314041 0.994873058 0.872102336 0.666939421 0.244810970 0.241145183 -0.661141738
1770029687.278802 1.700216485 0.994910335 0.872360440 0.666958176 0.244750240 0.241137778 -0.661148005
1770029687.289315 1.701148668 0.994943060 0.872654350 0.666977681 0.244615081 0.241146926 -0.661175010
1770029687.299900 1.702005670 0.994972039 0.872972030 0.666981872 0.244492701 0.241102354 -0.661232301
1770029687.310432 1.702882249 0.994983798 0.873308065 0.666986632 0.244378844 0.241022903 -0.661298551
1770029687.321013 1.703724302 0.994989664 0.873646617 0.667003397 0.244300901 0.240868512 -0.661366689
1770029687.331484 1.704629267 0.995010080 0.873996400 0.667047578 0.244132666 0.240753383 -0.661426170
1770029687.342272 1.705536144 0.995030570 0.874345290 0.667109311 0.243949135 0.240620743 -0.661479890
1770029687.352931 1.706510133 0.995055424 0.874710974 0.667194847 0.243743206 0.240465699 -0.661525913
1770029687.363356 1.707461135 0.995084185 0.875083182 0.667278269 0.243501524 0.240328385 -0.661580673
1770029687.373818 1.708363854 0.995087198 0.875460275 0.667353091 0.243291511 0.240141173 -0.661650444
1770029687.384239 1.709248832 0.995093475 0.875879250 0.667416435 0.243091164 0.239893716 -0.661749947
1770029687.394745 1.710103840 0.995096242 0.876341728 0.667468567 0.242904716 0.239570949 -0.661882748
1770029687.405497 1.711027349 0.995126808 0.876810091 0.667556841 0.242613939 0.239295558 -0.661999982
1770029687.416177 1.711992198 0.995168003 0.877321279 0.667662083 0.242269237 0.238982898 -0.662133019
1770029687.426752 1.712953373 0.995195149 0.877801514 0.667794094 0.241897406 0.238681933 -0.662244387
1770029687.437364 1.713941807 0.995230424 0.878303216 0.667942476 0.241465337 0.238376949 -0.662362265
1770029687.447914 1.714881782 0.995238958 0.878805460 0.668095460 0.241065162 0.237998736 -0.662489732
1770029687.458455 1.715825558 0.995258959 0.879340512 0.668245806 0.240641247 0.237597338 -0.662636279
1770029687.468908 1.716713726 0.995274847 0.879926911 0.668367525 0.240245440 0.237114476 -0.662830072
1770029687.479471 1.717656578 0.995309483 0.880531490 0.668515009 0.239756960 0.236657701 -0.663021429
1770029687.490096 1.718642202 0.995354760 0.881155689 0.668683803 0.239213379 0.236192262 -0.663213500
1770029687.500918 1.719623469 0.995397747 0.881776762 0.668866548 0.238665297 0.235700397 -0.663401643
1770029687.511985 1.720684611 0.995436778 0.882414955 0.669093207 0.238019115 0.235201710 -0.663582201
1770029687.522556 1.721704669 0.995456304 0.883050623 0.669332985 0.237377080 0.234641018 -0.663768838
1770029687.533232 1.722691518 0.995476019 0.883711217 0.669556486 0.236749132 0.234041364 -0.663979367
1770029687.543707 1.723622638 0.995481219 0.884393298 0.669751776 0.236134573 0.233417817 -0.664220705
1770029687.554106 1.724585530 0.995510300 0.885096895 0.669968442 0.235479949 0.232763801 -0.664464064
1770029687.564574 1.725567256 0.995553618 0.885816456 0.670197990 0.234790411 0.232093278 -0.664711086
1770029687.575056 1.726570152 0.995589923 0.886517082 0.670462727 0.234068099 0.231408031 -0.664937727
1770029687.585838 1.727624642 0.995636762 0.887254789 0.670750287 0.233273455 0.230690187 -0.665176357
1770029687.596502 1.728656541 0.995655584 0.887987317 0.671034182 0.232467510 0.229970381 -0.665421376
1770029687.607138 1.729701901 0.995683099 0.888789845 0.671312100 0.231589220 0.229202483 -0.665712190
1770029687.617856 1.730696802 0.995721931 0.889614818 0.671569826 0.230739734 0.228384177 -0.666028387
1770029687.628625 1.731687151 0.995757562 0.890464580 0.671844373 0.229871656 0.227483675 -0.666359766
1770029687.639548 1.732715762 0.995800551 0.891317536 0.672145381 0.228989599 0.226541904 -0.666680671
1770029687.650198 1.733742077 0.995831316 0.892150084 0.672463458 0.228077749 0.225606228 -0.666989706
1770029687.660859 1.734807578 0.995866086 0.893005020 0.672802137 0.227075182 0.224668082 -0.667306825
1770029687.671421 1.735875981 0.995910147 0.893909130 0.673116206 0.226022508 0.223734272 -0.667661123
1770029687.682210 1.736938047 0.995954547 0.894819632 0.673444198 0.224925147 0.222774274 -0.668021866
1770029687.693242 1.737995634 0.995998028 0.895744688 0.673792570 0.223831521 0.221716467 -0.668389730
1770029687.703934 1.739072419 0.996023722 0.896672591 0.674166294 0.222734083 0.220584752 -0.668753844
1770029687.714544 1.740093834 0.996037109 0.897592399 0.674539168 0.221670242 0.219388700 -0.669124662
1770029687.724999 1.741106908 0.996065056 0.898558077 0.674886794 0.220556662 0.218193109 -0.669532928
1770029687.735472 1.742167162 0.996103780 0.899530530 0.675250607 0.219346992 0.217039212 -0.669938426
1770029687.746043 1.743218600 0.996158296 0.900499378 0.675628450 0.218118926 0.215852909 -0.670341595
1770029687.756992 1.744366140 0.996206249 0.901483019 0.676058014 0.216777390 0.214634743 -0.670734711
1770029687.767872 1.745528948 0.996244700 0.902516212 0.676509696 0.215377169 0.213292647 -0.671158367
1770029687.778580 1.746603528 0.996289929 0.903559307 0.676906247 0.214008099 0.211974017 -0.671614088
1770029687.789548 1.747724786 0.996336481 0.904676655 0.677325070 0.212529389 0.210542277 -0.672111566
1770029687.800583 1.748802203 0.996389520 0.905781364 0.677740923 0.211084625 0.209061883 -0.672609583
1770029687.811643 1.749920907 0.996430333 0.906865848 0.678200998 0.209560922 0.207562698 -0.673086438
1770029687.823353 1.751143193 0.996463854 0.908084823 0.678712738 0.207881725 0.205801236 -0.673631990
1770029687.834171 1.752310508 0.996508730 0.909254278 0.679177402 0.206196099 0.204212941 -0.674164891
1770029687.844730 1.753433824 0.996557640 0.910362769 0.679645188 0.204563990 0.202638076 -0.674665697
1770029687.855139 1.754570992 0.996617833 0.911473199 0.680118494 0.202871033 0.201072571 -0.675168127
1770029687.865611 1.755719037 0.996659349 0.912565911 0.680635162 0.201130728 0.199425245 -0.675656554
1770029687.876291 1.756842903 0.996697215 0.913706040 0.681131046 0.199357700 0.197706369 -0.676187250
1770029687.886730 1.757986010 0.996735294 0.914899544 0.681623806 0.197493513 0.195926628 -0.676755536
1770029687.897244 1.759066792 0.996784190 0.916066119 0.682106693 0.195693549 0.194099656 -0.677318107
1770029687.907751 1.760201088 0.996830525 0.917226876 0.682626183 0.193791161 0.192252213 -0.677868399
1770029687.919143 1.761318345 0.996865894 0.918402951 0.683168308 0.191865387 0.190256282 -0.678432962
1770029687.929874 1.762559280 0.996901783 0.919730369 0.683739000 0.189674424 0.188072451 -0.679082724
1770029687.940568 1.763768910 0.996950570 0.920994515 0.684284923 0.187498828 0.186025832 -0.679700466
1770029687.951244 1.764949774 0.997015631 0.922245322 0.684835621 0.185334923 0.183910187 -0.680314767
1770029687.961861 1.766141866 0.997076740 0.923455924 0.685414098 0.183131077 0.181780801 -0.680901067
1770029687.972886 1.767342346 0.997132715 0.924741901 0.685984522 0.180818467 0.179524748 -0.681542942
1770029687.983596 1.768560118 0.997180408 0.926079863 0.686545583 0.178392055 0.177207123 -0.682223623
1770029687.994142 1.769766216 0.997232572 0.927391022 0.687118512 0.175960014 0.174832904 -0.682890679
1770029688.004755 1.770965679 0.997291151 0.928655658 0.687711665 0.173500030 0.172437781 -0.683531723
1770029688.015299 1.772130006 0.997331720 0.929877910 0.688317644 0.171065720 0.169987482 -0.684148811
1770029688.026015 1.773289801 0.997362786 0.931193127 0.688893849 0.168543666 0.167396707 -0.684833293
1770029688.036580 1.774472009 0.997403916 0.932549176 0.689463839 0.165948241 0.164735818 -0.685538406
1770029688.047040 1.775652205 0.997453111 0.933839667 0.690026958 0.163436126 0.162205412 -0.686178427
1770029688.057563 1.776890087 0.997511091 0.935113716 0.690590744 0.160940729 0.159792488 -0.686766967
1770029688.068127 1.778127764 0.997565234 0.936421920 0.691132913 0.158483621 0.157343742 -0.687358120
1770029688.078842 1.779344161 0.997605536 0.937769688 0.691612847 0.156075607 0.154978012 -0.687963582
1770029688.089423 1.780594420 0.997668152 0.939167353 0.692078378 0.153634428 0.152617761 -0.688572292
1770029688.099881 1.781792731 0.997709092 0.940456642 0.692549698 0.151373977 0.150348378 -0.689098107
1770029688.110420 1.783034231 0.997773162 0.941788541 0.692997357 0.149094000 0.148124120 -0.689626629
1770029688.120908 1.784259686 0.997804356 0.943121515 0.693423730 0.146883416 0.145907322 -0.690144801
1770029688.131345 1.785474684 0.997849461 0.944495858 0.693800215 0.144723764 0.143744122 -0.690676423
1770029688.141745 1.786673760 0.997893345 0.945839605 0.694170080 0.142640160 0.141630503 -0.691174714
1770029688.152308 1.787844485 0.997937249 0.947141351 0.694536787 0.140639566 0.139556631 -0.691637991
1770029688.162911 1.789126289 0.997997184 0.948519518 0.694909692 0.138501188 0.137476032 -0.692111467
1770029688.173470 1.790419261 0.998043506 0.949924979 0.695241380 0.136359568 0.135476409 -0.692597744
1770029688.184002 1.791677189 0.998103102 0.951309286 0.695542866 0.134308102 0.133549785 -0.693069918
1770029688.194373 1.792932195 0.998159421 0.952671734 0.695857512 0.132310849 0.131587125 -0.693513512
1770029688.205125 1.794232154 0.998215784 0.954037111 0.696182775 0.130275782 0.129653790 -0.693936350
1770029688.215770 1.795481968 0.998252096 0.955377543 0.696482482 0.128341455 0.127759837 -0.694347209
1770029688.226352 1.796762386 0.998294935 0.956807271 0.696733979 0.126388666 0.125841735 -0.694803227
1770029688.237063 1.798062976 0.998344661 0.958222872 0.696990340 0.124436926 0.123970131 -0.695234726
1770029688.247524 1.799282330 0.998386111 0.959524799 0.697265704 0.122614587 0.122134966 -0.695607109
1770029688.258362 1.800584368 0.998436415 0.960909696 0.697537938 0.120708269 0.120228921 -0.695999529
1770029688.269003 1.801839705 0.998469147 0.962271369 0.697771115 0.118902670 0.118398107 -0.696390347
1770029688.279576 1.803043215 0.998499278 0.963637634 0.697925413 0.117266963 0.116688421 -0.696801543
1770029688.290793 1.804409203 0.998556134 0.965118382 0.698043958 0.115580033 0.115076032 -0.697232670
1770029688.309783 1.806163204 0.998622327 0.966910482 0.698168896 0.113629025 0.113316882 -0.697716219
1770029688.320596 1.808088350 0.998676709 0.968920779 -0.698195737 -0.111722611 -0.111600179 0.698273708
1770029688.331027 1.809337729 0.998717053 0.970296951 -0.698134553 -0.110556902 -0.110609451 0.698677942
1770029688.341588 1.810604900 0.998750107 0.971686934 -0.698042524 -0.109498967 -0.109674929 0.699083701
1770029688.352073 1.811844091 0.998785138 0.973029852 -0.697927326 -0.108566493 -0.108880573 0.699468216
1770029688.362544 1.813074912 0.998824286 0.974350764 -0.697785299 -0.107765819 -0.108204363 0.699838567
1770029688.372943 1.814303866 0.998856048 0.975702212 -0.697585510 -0.107083476 -0.107616068 0.700233081
1770029688.383333 1.815519176 0.998872960 0.977056761 -0.697341451 -0.106499538 -0.107173640 0.700632971
1770029688.393812 1.816706892 0.998889192 0.978397240 -0.697063802 -0.106066619 -0.106813188 0.701029865
1770029688.404245 1.817912551 0.998928931 0.979768726 -0.696736074 -0.105710265 -0.106571800 0.701446102
1770029688.414676 1.819139868 0.998964195 0.981079737 -0.696429056 -0.105432158 -0.106485780 0.701805820
1770029688.425037 1.820358361 0.998985240 0.982384370 -0.696098583 -0.105186099 -0.106487879 0.702170192
1770029688.435410 1.821585821 0.999001010 0.983695968 -0.695749615 -0.104931347 -0.106537960 0.702546475
1770029688.445781 1.822796481 0.999014732 0.985019929 -0.695371275 -0.104690080 -0.106594519 0.702948352
1770029688.456167 1.824024623 0.999048998 0.986370068 -0.694969315 -0.104396968 -0.106682889 0.703375920
1770029688.466701 1.825195555 0.999069293 0.987654670 -0.694591376 -0.104144690 -0.106717749 0.703781234
1770029688.477293 1.826370934 0.999084508 0.988943940 -0.694207859 -0.103866578 -0.106745449 0.704196415
1770029688.487927 1.827569565 0.999093021 0.990266430 -0.693802459 -0.103571715 -0.106800951 0.704630829
1770029688.498469 1.828714945 0.999091482 0.991580612 -0.693379833 -0.103279349 -0.106836928 0.705084146
1770029688.508894 1.829867827 0.999103492 0.992902867 -0.692939945 -0.102944903 -0.106902667 0.705555383
1770029688.519334 1.830990700 0.999107997 0.994210834 -0.692494624 -0.102641893 -0.106960260 0.706027861
1770029688.530137 1.832109627 0.999110157 0.995503446 -0.692054638 -0.102346252 -0.107021475 0.706492764
1770029688.540756 1.833278477 0.999110089 0.996793425 -0.691624973 -0.102001920 -0.107149725 0.706943733
1770029688.551268 1.834384423 0.999104576 0.998026119 -0.691216654 -0.101642110 -0.107291634 0.707373256
1770029688.561881 1.835537799 0.999107397 0.999323714 -0.690775630 -0.101241321 -0.107461553 0.707835601
1770029688.572515 1.836674891 0.999111406 1.000635724 -0.690314741 -0.100847495 -0.107675912 0.708308717
1770029688.583387 1.837800129 0.999111407 1.001955623 -0.689849993 -0.100477192 -0.107900171 0.708779849
1770029688.594210 1.838876564 0.999103126 1.003236601 -0.689390739 -0.100148270 -0.108101441 0.709242421
1770029688.605104 1.839971269 0.999091951 1.004519425 -0.688943619 -0.099755378 -0.108313267 0.709699789
1770029688.615895 1.841033693 0.999065883 1.005782738 -0.688504058 -0.099374688 -0.108512322 0.710149216
1770029688.626464 1.842081754 0.999041619 1.007058546 -0.688045143 -0.098991988 -0.108769721 0.710607920
1770029688.637093 1.843102730 0.999017117 1.008349850 -0.687571641 -0.098605651 -0.109011659 0.711082712
1770029688.647766 1.844102639 0.998994135 1.009602746 -0.687125032 -0.098215454 -0.109260944 0.711530014
1770029688.658412 1.845085574 0.998976062 1.010884444 -0.686659231 -0.097811245 -0.109517730 0.711995735
1770029688.669041 1.846049939 0.998953359 1.012121576 -0.686224007 -0.097429660 -0.109765587 0.712429358
1770029688.679653 1.847022163 0.998923751 1.013365615 -0.685807862 -0.096976508 -0.110040763 0.712849328
1770029688.690154 1.847998455 0.998894713 1.014626642 -0.685394409 -0.096486777 -0.110337267 0.713267477
1770029688.700655 1.848934030 0.998862745 1.015887369 -0.684955611 -0.096032132 -0.110621063 0.713706257
1770029688.711272 1.849895152 0.998830162 1.017199213 -0.684509833 -0.095527235 -0.110954455 0.714149806
1770029688.721860 1.850806305 0.998790424 1.018491266 -0.684065843 -0.095077227 -0.111251016 0.714589011
1770029688.732522 1.851707785 0.998747781 1.019780983 -0.683634928 -0.094615603 -0.111569713 0.715012847
1770029688.743194 1.852601916 0.998698816 1.021039351 -0.683239992 -0.094146205 -0.111896694 0.715401100
1770029688.753837 1.853444154 0.998647383 1.022301242 -0.682830391 -0.093693809 -0.112197992 0.715804259
1770029688.764305 1.854316807 0.998595938 1.023608118 -0.682406535 -0.093225728 -0.112544363 0.716215087
1770029688.774899 1.855145903 0.998542585 1.024941872 -0.681949228 -0.092782175 -0.112859509 0.716658531
1770029688.785589 1.855967694 0.998498255 1.026299291 -0.681475929 -0.092341082 -0.113160956 0.717118038
1770029688.796263 1.856785818 0.998452222 1.027669559 -0.680994697 -0.091899143 -0.113447710 0.717586502
1770029688.806906 1.857580176 0.998414870 1.029041950 -0.680503276 -0.091460080 -0.113722005 0.718065213
1770029688.817503 1.858347339 0.998373154 1.030402060 -0.680018267 -0.091062291 -0.113987118 0.718533056
1770029688.828137 1.859119520 0.998330660 1.031799820 -0.679520883 -0.090637237 -0.114270736 0.719012142
1770029688.839062 1.859902486 0.998282393 1.033247527 -0.679004968 -0.090186920 -0.114591617 0.719504923
1770029688.850385 1.860750159 0.998226937 1.034834549 -0.678458310 -0.089683201 -0.114980740 0.720021301
1770029688.860950 1.861547555 0.998188536 1.036329329 -0.677973669 -0.089140665 -0.115357839 0.720484709
1770029688.871370 1.862305944 0.998142080 1.037789143 -0.677542439 -0.088615715 -0.115759254 0.720890625
1770029688.881813 1.863042018 0.998092253 1.039233429 -0.677166381 -0.088072912 -0.116174069 0.721243676
1770029688.892184 1.863775700 0.998041788 1.040693479 -0.676814453 -0.087483754 -0.116598614 0.721577129
1770029688.902609 1.864513757 0.997994328 1.042181165 -0.676464240 -0.086883625 -0.117069008 0.721901804
1770029688.913599 1.865290918 0.997949581 1.043779806 -0.676101068 -0.086217125 -0.117565787 0.722241123
1770029688.924532 1.866086448 0.997904976 1.045407009 -0.675763917 -0.085534705 -0.118094996 0.722551392
1770029688.935344 1.866859781 0.997863088 1.047018248 -0.675456919 -0.084847630 -0.118622131 0.722833052
1770029688.947378 1.867642363 0.997819130 1.048658008 -0.675181047 -0.084129895 -0.119130819 0.723090977
1770029688.958157 1.868506683 0.997773169 1.050487747 -0.674871379 -0.083293953 -0.119687730 0.723384812
1770029688.968732 1.869270204 0.997718185 1.052140720 -0.674607071 -0.082569494 -0.120194122 0.723630397
1770029688.979561 1.870031230 0.997669888 1.053839221 -0.674322972 -0.081862105 -0.120715355 0.723888754
1770029688.990121 1.870853521 0.997641528 1.055598463 -0.674055171 -0.081090307 -0.121298146 0.724127577
1770029689.000559 1.871645581 0.997612102 1.057261199 -0.673853588 -0.080355912 -0.121866914 0.724301542
1770029689.010993 1.872470369 0.997572912 1.058949776 -0.673678244 -0.079576859 -0.122463232 0.724450070
1770029689.021345 1.873291118 0.997542868 1.060686786 -0.673498749 -0.078793395 -0.123063877 0.724600799
1770029689.032146 1.874119590 0.997504457 1.062526587 -0.673276833 -0.078001925 -0.123652930 0.724792356
1770029689.042870 1.874973183 0.997463948 1.064406201 -0.673055145 -0.077206904 -0.124250091 0.724981227
1770029689.053591 1.875819611 0.997445211 1.066302921 -0.672841396 -0.076410798 -0.124835805 0.725163339
1770029689.064148 1.876672083 0.997424728 1.068144669 -0.672706664 -0.075621998 -0.125424055 0.725269512
1770029689.075215 1.877539027 0.997389397 1.070068365 -0.672554477 -0.074832909 -0.126031973 0.725387106
1770029689.087052 1.878497569 0.997348875 1.072287242 -0.672349824 -0.073989007 -0.126713392 0.725544662
1770029689.097820 1.879391314 0.997321315 1.074293457 -0.672176067 -0.073222586 -0.127325309 0.725676273
1770029689.108342 1.880341495 0.997309251 1.076323400 -0.671998795 -0.072417533 -0.127980729 0.725805934
1770029689.118897 1.881280678 0.997296141 1.078273223 -0.671909534 -0.071631774 -0.128614711 0.725854478
1770029689.129484 1.882238316 0.997275742 1.080302312 -0.671828154 -0.070820497 -0.129254302 0.725895801
1770029689.140330 1.883210391 0.997247304 1.082380540 -0.671698746 -0.070028896 -0.129895706 0.725977861
1770029689.150876 1.884186151 0.997228266 1.084492108 -0.671583237 -0.069259718 -0.130530492 0.726044652
1770029689.161348 1.885179447 0.997226262 1.086624892 -0.671469628 -0.068475549 -0.131134864 0.726115201
1770029689.171867 1.886121227 0.997219952 1.088683226 -0.671392989 -0.067766346 -0.131697856 0.726150708
1770029689.182276 1.887113858 0.997207681 1.090806903 -0.671326130 -0.067031355 -0.132291207 0.726172886
1770029689.192709 1.888178316 0.997182050 1.092968872 -0.671256372 -0.066243395 -0.132895031 0.726199426
1770029689.203269 1.889267413 0.997163285 1.095135941 -0.671194291 -0.065453178 -0.133497695 0.726217922
1770029689.213841 1.890384522 0.997167669 1.097303033 -0.671208981 -0.064705527 -0.134145410 0.726151987
1770029689.226110 1.891610584 0.997170253 1.099711783 -0.671227072 -0.063912724 -0.134841512 0.726076544
1770029689.236845 1.892790393 0.997160178 1.102081948 -0.671249732 -0.063173022 -0.135483672 0.726000786
1770029689.247571 1.893866081 0.997145599 1.104326457 -0.671243591 -0.062547635 -0.136032346 0.725958012
1770029689.258468 1.895096203 0.997149734 1.106707008 -0.671199979 -0.061832845 -0.136660020 0.725941682
1770029689.269169 1.896327132 0.997165739 1.108975092 -0.671297539 -0.061148131 -0.137290612 0.725790472
1770029689.279985 1.897571768 0.997176977 1.111280610 -0.671401203 -0.060471115 -0.137898113 0.725636120
1770029689.290702 1.898862400 0.997180600 1.113680041 -0.671458099 -0.059813264 -0.138521591 0.725519237
1770029689.301193 1.900072452 0.997178696 1.116029645 -0.671476986 -0.059265213 -0.139087229 0.725438512
1770029689.311591 1.901261580 0.997185229 1.118327496 -0.671506207 -0.058779097 -0.139607341 0.725351102
1770029689.322001 1.902532606 0.997203416 1.120549055 -0.671681492 -0.058265107 -0.140186840 0.725118473
1770029689.332670 1.903860554 0.997210096 1.122847334 -0.671885293 -0.057753889 -0.140784475 0.724854725
1770029689.343377 1.905216915 0.997209107 1.125233366 -0.672016848 -0.057269778 -0.141353075 0.724660497
1770029689.354139 1.906562846 0.997211795 1.127629010 -0.672128086 -0.056816187 -0.141900832 0.724485963
1770029689.364776 1.907860375 0.997236076 1.129969418 -0.672348907 -0.056466377 -0.142371596 0.724216007
1770029689.375492 1.909201139 0.997265424 1.132280694 -0.672538129 -0.056116518 -0.142856755 0.723971926
1770029689.386051 1.910604487 0.997284353 1.134660925 -0.672740087 -0.055773723 -0.143379384 0.723707412
1770029689.396631 1.912029499 0.997292723 1.137054868 -0.672966741 -0.055476193 -0.143886717 0.723418807
1770029689.407111 1.913459576 0.997298751 1.139447989 -0.673134186 -0.055213585 -0.144390223 0.723182751
1770029689.417644 1.914784252 0.997319009 1.141727835 -0.673392806 -0.055096474 -0.144785121 0.722871895
1770029689.428376 1.916157264 0.997362890 1.143993110 -0.673697117 -0.054991550 -0.145180014 0.722517050
1770029689.439040 1.917637754 0.997396828 1.146343685 -0.674034697 -0.054883238 -0.145630651 0.722119637
1770029689.450247 1.919147163 0.997383363 1.148846599 -0.674320347 -0.054852738 -0.146091946 0.721762004
1770029689.461382 1.920710527 0.997352315 1.151475404 -0.674586583 -0.054893123 -0.146590829 0.721408911
1770029689.471988 1.922133599 0.997352322 1.153878988 -0.674931488 -0.055036838 -0.146965669 0.720998977
1770029689.482628 1.923547153 0.997436958 1.156056919 -0.675330325 -0.055232577 -0.147242811 0.720553863
1770029689.493227 1.925037029 0.997660327 1.157971462 -0.675849118 -0.055416646 -0.147460230 0.720008643
1770029689.503868 1.926564235 0.998040914 1.159631404 -0.676465327 -0.055594300 -0.147584005 0.719390643
1770029689.514493 1.928049833 0.998563799 1.160986960 -0.677296249 -0.055825516 -0.147524000 0.718602792
1770029689.525147 1.929496754 0.999177289 1.162133546 -0.678379250 -0.055997720 -0.147240820 0.717625243
1770029689.535925 1.930971957 0.999865942 1.163122347 -0.679771584 -0.056085639 -0.146707144 0.716409107
1770029689.546876 1.932512014 1.000561132 1.163986272 -0.681384777 -0.056054602 -0.146005140 0.715021095
1770029689.557903 1.934130701 1.001263704 1.164841881 -0.683199282 -0.055866848 -0.145098732 0.713487206
1770029689.568391 1.935669046 1.001937751 1.165594125 -0.685106865 -0.055640592 -0.144020247 0.711892462
1770029689.578909 1.937142491 1.002590974 1.166367640 -0.686988006 -0.055378915 -0.142756091 0.710352979
1770029689.589453 1.938574416 1.003244106 1.167175074 -0.688872646 -0.055115367 -0.141317517 0.708834348
1770029689.600034 1.940047908 1.003889887 1.167986889 -0.690722120 -0.054764525 -0.139804411 0.707360252
1770029689.610632 1.941628617 1.004535565 1.168916080 -0.692476843 -0.054307659 -0.138188524 0.705996057
1770029689.621231 1.943163775 1.005163179 1.169793033 -0.694253354 -0.053819530 -0.136385162 0.704638082
1770029689.631731 1.944632272 1.005758168 1.170673857 -0.695909062 -0.053315776 -0.134476816 0.703408836
1770029689.642230 1.946106723 1.006369104 1.171627230 -0.697518168 -0.052779255 -0.132368215 0.702254520
1770029689.652796 1.947498714 1.006966764 1.172583655 -0.699062946 -0.052238598 -0.130162665 0.701170313
1770029689.663376 1.949003277 1.007553927 1.173647581 0.700432444 0.051602296 0.128019701 -0.700244636
1770029689.673897 1.950502694 1.008121113 1.174717773 0.701752378 0.050987211 0.125900158 -0.699351882
1770029689.684666 1.952021973 1.008678861 1.175789162 0.703096341 0.050371995 0.123784409 -0.698423667
1770029689.695458 1.953567509 1.009235030 1.176917820 0.704359697 0.049751627 0.121662733 -0.697567468
1770029689.706054 1.955071519 1.009784309 1.178069673 0.705550871 0.049141890 0.119583376 -0.696766001
1770029689.716506 1.956522470 1.010318910 1.179201131 0.706708827 0.048568974 0.117541628 -0.695979636
1770029689.727087 1.957990507 1.010840979 1.180400925 0.707739894 0.047972257 0.115552775 -0.695306020
1770029689.737619 1.959510292 1.011346085 1.181600180 0.708766627 0.047332652 0.113628027 -0.694620875
1770029689.748267 1.961044051 1.011841777 1.182760702 0.709840933 0.046697723 0.111716560 -0.693876490
1770029689.758764 1.962613614 1.012321767 1.184002967 0.710789211 0.046030591 0.109881496 -0.693243060
1770029689.769232 1.964130697 1.012794300 1.185201987 0.711783352 0.045414206 0.108040639 -0.692552691
1770029689.779703 1.965599947 1.013260272 1.186400614 0.712741279 0.044839832 0.106232561 -0.691884313
1770029689.790096 1.967084286 1.013722370 1.187683029 0.713602881 0.044262308 0.104439170 -0.691306181
1770029689.800542 1.968519088 1.014162829 1.188891856 0.714501693 0.043716593 0.102680611 -0.690675671
1770029689.811129 1.970102521 1.014598077 1.190153852 0.715403578 0.043056664 0.100960003 -0.690036899
1770029689.821488 1.971631043 1.015007382 1.191378734 0.716276862 0.042421337 0.099279966 -0.689413791
1770029689.832017 1.973153946 1.015414680 1.192628202 0.717167696 0.041810152 0.097590582 -0.688765915
1770029689.842709 1.974686181 1.015826307 1.193902600 0.718037603 0.041202128 0.095935407 -0.688128464
1770029689.853601 1.976237575 1.016234676 1.195252750 0.718840746 0.040585910 0.094254023 -0.687558684
1770029689.864148 1.977772714 1.016626420 1.196565856 0.719680093 0.039992435 0.092585776 -0.686941804
1770029689.874746 1.979244768 1.017000132 1.197824839 0.720523412 0.039432816 0.090935904 -0.686310227
1770029689.885267 1.980743864 1.017364982 1.199122233 0.721312862 0.038844681 0.089305926 -0.685728297
1770029689.896080 1.982247521 1.017719882 1.200410732 0.722100158 0.038251822 0.087722388 -0.685137171
1770029689.906691 1.983841045 1.018078502 1.201802030 0.722845539 0.037592686 0.086145718 -0.684587490
1770029689.917331 1.985370864 1.018413475 1.203149593 0.723520838 0.036974981 0.084627397 -0.684096960
1770029689.928245 1.986849602 1.018732362 1.204474058 0.724208295 0.036410968 0.083121121 -0.683584279
1770029689.939473 1.988404322 1.019058906 1.205841167 0.724965320 0.035818663 0.081552979 -0.683001772
1770029689.950020 1.989956832 1.019384484 1.207246536 0.725670707 0.035229175 0.079971009 -0.682470196
1770029689.960543 1.991446103 1.019682282 1.208641395 0.726253943 0.034648858 0.078540851 -0.682045454
1770029689.971184 1.992864631 1.019981196 1.210002330 0.726851388 0.034134922 0.077076317 -0.681601870
1770029689.981752 1.994339109 1.020257995 1.211383668 0.727397560 0.033572498 0.075661857 -0.681205520
1770029689.992518 1.995898375 1.020523346 1.212799503 0.727965023 0.032967822 0.074280193 -0.680780802
1770029690.003128 1.997411683 1.020767558 1.214162424 0.728527427 0.032376499 0.072946154 -0.680351680
1770029690.013649 1.998895589 1.021011359 1.215540516 0.729031041 0.031809369 0.071642566 -0.679977388
1770029690.024113 2.000356905 1.021247885 1.216972632 0.729461778 0.031268024 0.070363375 -0.679674054
1770029690.034950 2.001787944 1.021475865 1.218376979 0.729891960 0.030756515 0.069088455 -0.679366284
1770029690.045624 2.003270189 1.021710129 1.219819025 0.730368861 0.030240738 0.067748178 -0.679011789
1770029690.056263 2.004711741 1.021909611 1.221236521 0.730762325 0.029707801 0.066525366 -0.678732825
1770029690.066770 2.006094249 1.022113452 1.222621376 0.731176061 0.029229694 0.065258861 -0.678430891
1770029690.077278 2.007506934 1.022316206 1.224056936 0.731574561 0.028736247 0.063996785 -0.678142538
1770029690.087969 2.008977770 1.022496315 1.225513712 0.731909230 0.028177968 0.062813636 -0.677915429
1770029690.098419 2.010399134 1.022659162 1.226922156 0.732217102 0.027648688 0.061666636 -0.677710036
1770029690.109340 2.011911572 1.022818230 1.228427858 0.732533362 0.027098029 0.060491888 -0.677496348
1770029690.119911 2.013312979 1.022962990 1.229797500 0.732875958 0.026606207 0.059387543 -0.677242984
1770029690.130636 2.014736418 1.023100872 1.231235832 0.733162140 0.026113558 0.058288038 -0.677047903
1770029690.141444 2.016192392 1.023240202 1.232754980 0.733409030 0.025620635 0.057176983 -0.676894061
1770029690.152168 2.017605618 1.023370004 1.234237326 0.733650233 0.025142317 0.056066323 -0.676743501
1770029690.162626 2.018972135 1.023488507 1.235658253 0.733885501 0.024695596 0.055006197 -0.676591840
1770029690.173391 2.020350607 1.023593960 1.237115432 0.734114045 0.024248346 0.053921900 -0.676447348
1770029690.184159 2.021689747 1.023697117 1.238553331 0.734320022 0.023848320 0.052870868 -0.676320955
1770029690.194997 2.023102959 1.023790135 1.240033047 0.734529382 0.023384622 0.051820665 -0.676191071
1770029690.205660 2.024522636 1.023859616 1.241523860 0.734652673 0.022904191 0.050891669 -0.676144132
1770029690.216394 2.025919387 1.023923738 1.242982273 0.734779403 0.022432964 0.049923865 -0.676094371
1770029690.227255 2.027316927 1.023977860 1.244465077 0.734914265 0.021996671 0.048969894 -0.676031892
1770029690.238199 2.028690440 1.024026311 1.245910339 0.735064809 0.021563938 0.048019067 -0.675950362
1770029690.248749 2.030053669 1.024068754 1.247351426 0.735207616 0.021133462 0.047061319 -0.675876002
1770029690.259229 2.031418599 1.024092067 1.248824936 0.735256316 0.020694703 0.046207942 -0.675895484
1770029690.269765 2.032722598 1.024119677 1.250270501 0.735287869 0.020291278 0.045330138 -0.675932831
1770029690.280201 2.034012159 1.024138293 1.251691133 0.735334723 0.019915431 0.044464633 -0.675950528
1770029690.290594 2.035287595 1.024147346 1.253083948 0.735391403 0.019538629 0.043608613 -0.675955631
1770029690.301055 2.036509824 1.024153434 1.254456340 0.735436105 0.019197395 0.042740566 -0.675972218
1770029690.311440 2.037812617 1.024139868 1.255882938 0.735433937 0.018817551 0.041932700 -0.676035852
1770029690.322032 2.039121747 1.024114309 1.257312056 0.735423875 0.018434628 0.041155947 -0.676105078
1770029690.332517 2.040425346 1.024083108 1.258735748 0.735390583 0.018057644 0.040411729 -0.676196350
1770029690.343436 2.041743214 1.024044566 1.260169259 0.735361587 0.017679224 0.039644299 -0.676283306
1770029690.354127 2.043046108 1.023988139 1.261606485 0.735305134 0.017304217 0.038899969 -0.676397602
1770029690.364680 2.044301960 1.023937626 1.262987850 0.735277978 0.016974884 0.038143665 -0.676478535
1770029690.375262 2.045572183 1.023873081 1.264392196 0.735220539 0.016634266 0.037423315 -0.676589650
1770029690.385839 2.046813312 1.023807578 1.265781878 0.735152351 0.016322265 0.036733084 -0.676709158
1770029690.396517 2.048059717 1.023736426 1.267197662 0.735048824 0.016017455 0.036025963 -0.676866898
1770029690.407121 2.049305698 1.023647280 1.268595023 0.734908373 0.015680832 0.035369403 -0.677061888
1770029690.417645 2.050504701 1.023563236 1.269956008 0.734790592 0.015396276 0.034694701 -0.677231141
1770029690.428147 2.051676450 1.023472537 1.271292848 0.734697947 0.015149350 0.034011495 -0.677371864
1770029690.439039 2.052926293 1.023359844 1.272668340 0.734591473 0.014842173 0.033359305 -0.677526556
1770029690.449839 2.054167918 1.023239693 1.274030225 0.734480902 0.014562619 0.032735623 -0.677682900
1770029690.460514 2.055417130 1.023106352 1.275435889 0.734264849 0.014258209 0.032196620 -0.677949269
1770029690.471600 2.056653512 1.022972463 1.276821758 0.734061131 0.013956219 0.031597301 -0.678204313
1770029690.482172 2.057874947 1.022827707 1.278176721 0.733887458 0.013689463 0.031014328 -0.678424578
1770029690.492907 2.059082322 1.022679270 1.279501619 0.733726860 0.013436431 0.030450781 -0.678628843
1770029690.503806 2.060255006 1.022526050 1.280809321 0.733552888 0.013180132 0.029869865 -0.678847727
1770029690.514516 2.061456596 1.022361380 1.282146602 0.733356742 0.012941318 0.029334088 -0.679087567
1770029690.525235 2.062621538 1.022196335 1.283468443 0.733140200 0.012717854 0.028791978 -0.679348751
1770029690.535809 2.063753320 1.022027104 1.284755066 0.732892243 0.012473447 0.028294918 -0.679641649
1770029690.546554 2.064920942 1.021848873 1.286051674 0.732666239 0.012244786 0.027767248 -0.679911191
1770029690.557202 2.066051269 1.021662625 1.287333173 0.732417150 0.012039721 0.027274203 -0.680203118
1770029690.567847 2.067160026 1.021476551 1.288555463 0.732194269 0.011836291 0.026777760 -0.680466316
1770029690.578352 2.068304412 1.021272883 1.289783006 0.731968803 0.011617503 0.026317142 -0.680730573
1770029690.589008 2.069460222 1.021052828 1.291013243 0.731715479 0.011376520 0.025875563 -0.681023852
1770029690.599676 2.070558322 1.020844288 1.292218451 0.731440766 0.011164969 0.025453396 -0.681338296
1770029690.610360 2.071704997 1.020618864 1.293508917 0.731094752 0.010951693 0.025054212 -0.681727813
1770029690.621276 2.072797808 1.020399883 1.294707034 0.730792274 0.010766543 0.024635842 -0.682070238
1770029690.632268 2.073948737 1.020154409 1.295944754 0.730492426 0.010580127 0.024208125 -0.682409586
1770029690.642753 2.075021931 1.019921730 1.297088877 0.730211618 0.010405610 0.023808008 -0.682726809
1770029690.653234 2.076073449 1.019687279 1.298216104 0.729922305 0.010234895 0.023428722 -0.683051807
1770029690.663733 2.077118405 1.019449056 1.299350712 0.729600257 0.010085773 0.023072991 -0.683410111
1770029690.674222 2.078163262 1.019202312 1.300466622 0.729282202 0.009933202 0.022718017 -0.683763623
1770029690.684768 2.079198614 1.018950834 1.301590113 0.728937479 0.009788469 0.022383771 -0.684144213
1770029690.695263 2.080197176 1.018712526 1.302706417 0.728579844 0.009688944 0.022032912 -0.684537863
1770029690.705936 2.081240939 1.018447331 1.303787171 0.728226054 0.009524252 0.021725199 -0.684926360
1770029690.716553 2.082313830 1.018171750 1.304850381 0.727885741 0.009368981 0.021431322 -0.685299401
1770029690.727079 2.083353642 1.017903973 1.305869714 0.727568882 0.009224436 0.021139734 -0.685646807
1770029690.737706 2.084389896 1.017644174 1.306869558 0.727246616 0.009082591 0.020868802 -0.685998804
1770029690.748455 2.085425027 1.017393705 1.307874235 0.726920113 0.008971141 0.020568728 -0.686355298
1770029690.759036 2.086452424 1.017137311 1.308845779 0.726584157 0.008813404 0.020290810 -0.686721246
1770029690.769664 2.087464609 1.016896631 1.309787031 0.726265065 0.008698719 0.020004556 -0.687068559
1770029690.780227 2.088473619 1.016657831 1.310724352 0.725926869 0.008564847 0.019722064 -0.687435716
1770029690.790833 2.089487247 1.016422337 1.311643488 0.725590765 0.008443558 0.019458929 -0.687799461
1770029690.801436 2.090459232 1.016205940 1.312485965 0.725287303 0.008324296 0.019171065 -0.688128988
1770029690.811934 2.091471110 1.015975292 1.313328347 0.724995256 0.008188184 0.018881912 -0.688446298
1770029690.822372 2.092442916 1.015761342 1.314101475 0.724736085 0.008071141 0.018596078 -0.688728284
1770029690.833231 2.093420227 1.015551806 1.314863051 0.724485781 0.007958098 0.018310947 -0.689000530
1770029690.843779 2.094393884 1.015356287 1.315629847 0.724232898 0.007880937 0.017990063 -0.689275677
1770029690.854219 2.095368789 1.015148660 1.316346037 0.723985532 0.007752684 0.017708633 -0.689544233
1770029690.864854 2.096356462 1.014940654 1.317026914 0.723754158 0.007616349 0.017462318 -0.689794881
1770029690.875414 2.097379414 1.014725193 1.317714146 0.723507043 0.007466910 0.017209310 -0.690062057
1770029690.886262 2.098402102 1.014514974 1.318384895 0.723254456 0.007315102 0.016977499 -0.690334156
1770029690.896714 2.099362005 1.014325660 1.319030926 0.722995383 0.007199285 0.016737320 -0.690612561
1770029690.907164 2.100329971 1.014127354 1.319668760 0.722713037 0.007071315 0.016506547 -0.690914898
1770029690.917575 2.101272427 1.013945738 1.320240404 0.722474547 0.006967498 0.016261093 -0.691171150
1770029690.928065 2.102207488 1.013769147 1.320776501 0.722252002 0.006861630 0.016019646 -0.691410395
1770029690.938639 2.103147717 1.013592090 1.321302905 0.722032092 0.006773530 0.015779365 -0.691646434
1770029690.949147 2.104080102 1.013430068 1.321797209 0.721829464 0.006685238 0.015528058 -0.691864446
1770029690.960039 2.105033502 1.013254875 1.322297106 0.721591955 0.006601511 0.015317710 -0.692117648
1770029690.970876 2.105985106 1.013087444 1.322771595 0.721364082 0.006515352 0.015073294 -0.692361328
1770029690.981682 2.106937464 1.012918319 1.323218786 0.721149707 0.006428834 0.014837039 -0.692590523
1770029690.992429 2.107893187 1.012754916 1.323644996 0.720940306 0.006327131 0.014579652 -0.692814893
1770029691.002895 2.108777246 1.012605300 1.324037816 0.720727440 0.006251671 0.014338985 -0.693042039
1770029691.013407 2.109702843 1.012440591 1.324410768 0.720509650 0.006138944 0.014125057 -0.693273857
1770029691.024207 2.110662651 1.012271004 1.324755917 0.720306747 0.006009413 0.013927523 -0.693489798
1770029691.035213 2.111628093 1.012094973 1.325106292 0.720077544 0.005886352 0.013748386 -0.693732415
1770029691.046015 2.112569183 1.011931164 1.325421002 0.719862364 0.005777697 0.013543124 -0.693960646
1770029691.056659 2.113515304 1.011770059 1.325728330 0.719635958 0.005662646 0.013377731 -0.694199581
1770029691.067213 2.114407500 1.011622792 1.325993088 0.719418260 0.005576339 0.013193256 -0.694429413
1770029691.077665 2.115308519 1.011475530 1.326232042 0.719215387 0.005474958 0.013008590 -0.694643814
1770029691.088111 2.116201649 1.011328855 1.326423319 0.719044293 0.005383953 0.012829390 -0.694824960
1770029691.098923 2.117080169 1.011190967 1.326613403 0.718862167 0.005318572 0.012654070 -0.695017102
1770029691.109506 2.118004857 1.011042786 1.326770712 0.718689106 0.005225216 0.012483570 -0.695199847
1770029691.120360 2.118869693 1.010908862 1.326911381 0.718512189 0.005170790 0.012290852 -0.695386535
1770029691.132235 2.119782374 1.010770988 1.327046435 0.718311479 0.005098357 0.012104760 -0.695597657
1770029691.143135 2.120746181 1.010631621 1.327141107 0.718128353 0.005021475 0.011899642 -0.695790811
1770029691.153615 2.121610068 1.010499977 1.327216435 0.717947550 0.004945813 0.011733777 -0.695980728
1770029691.164282 2.122457947 1.010383738 1.327273024 0.717772864 0.004884419 0.011532183 -0.696164684
1770029691.174768 2.123288021 1.010271170 1.327293410 0.717623498 0.004824673 0.011325644 -0.696322460
1770029691.185232 2.124141060 1.010139169 1.327293025 0.717470487 0.004745806 0.011156803 -0.696483384
1770029691.195672 2.125011008 1.010008728 1.327282417 0.717308752 0.004647598 0.011011430 -0.696652929
1770029691.206041 2.125875044 1.009877222 1.327245032 0.717156513 0.004537722 0.010876933 -0.696812484
1770029691.216433 2.126706893 1.009760274 1.327177181 0.717026438 0.004452308 0.010710657 -0.696949457
1770029691.226809 2.127534372 1.009642346 1.327093422 0.716895671 0.004369131 0.010557662 -0.697086826
1770029691.237174 2.128353898 1.009532181 1.326987428 0.716769109 0.004291709 0.010401664 -0.697219787
1770029691.247621 2.129149982 1.009418699 1.326869709 0.716635177 0.004235463 0.010237541 -0.697360220
1770029691.258649 2.129973074 1.009298526 1.326723577 0.716511204 0.004164668 0.010094877 -0.697490103
1770029691.269594 2.130833647 1.009178415 1.326546711 0.716389297 0.004122619 0.009929719 -0.697617933
1770029691.280301 2.131663724 1.009061596 1.326344929 0.716288400 0.004082263 0.009768234 -0.697724046
1770029691.291015 2.132477139 1.008949909 1.326128827 0.716200412 0.004043883 0.009605327 -0.697816849
1770029691.301754 2.133264978 1.008843761 1.325890309 0.716119703 0.004041920 0.009421831 -0.697902187
1770029691.312451 2.134069088 1.008732619 1.325624432 0.716056260 0.004003551 0.009246269 -0.697969850
1770029691.323106 2.134857222 1.008631750 1.325342773 0.715997577 0.003992186 0.009044503 -0.698032757
1770029691.333719 2.135644127 1.008528798 1.325053613 0.715941085 0.003975840 0.008853564 -0.698093239
1770029691.344653 2.136438277 1.008428493 1.324736196 0.715900680 0.003962128 0.008664584 -0.698137123
1770029691.355413 2.137217053 1.008342643 1.324394616 0.715864329 0.003977125 0.008469295 -0.698176708
1770029691.366024 2.137996456 1.008246430 1.324043196 0.715820718 0.003973505 0.008304147 -0.698223425
1770029691.376790 2.138773153 1.008147046 1.323665449 0.715779076 0.003970534 0.008148644 -0.698267963
1770029691.387386 2.139576848 1.008037329 1.323248851 0.715726276 0.003930491 0.008004139 -0.698323981
1770029691.398107 2.140346244 1.007937666 1.322815396 0.715662688 0.003905804 0.007862050 -0.698390900
1770029691.408749 2.141128887 1.007839740 1.322360086 0.715580474 0.003842098 0.007746573 -0.698476781
1770029691.419527 2.141885535 1.007757739 1.321880746 0.715488429 0.003793165 0.007612604 -0.698572809
1770029691.430291 2.142646217 1.007671413 1.321382686 0.715374489 0.003741644 0.007507093 -0.698690908
1770029691.440848 2.143402994 1.007592471 1.320863916 0.715242118 0.003675347 0.007389341 -0.698828020
1770029691.451189 2.144119925 1.007505053 1.320367604 0.715089503 0.003603623 0.007295808 -0.698985541
1770029691.461669 2.144853395 1.007423151 1.319841110 0.714933489 0.003507776 0.007214205 -0.699146449
1770029691.472156 2.145583312 1.007335902 1.319299727 0.714763890 0.003424463 0.007126374 -0.699321149
1770029691.482642 2.146303444 1.007255480 1.318738850 0.714597543 0.003355170 0.007065649 -0.699492081
1770029691.493499 2.147043764 1.007165796 1.318153029 0.714411492 0.003270361 0.007030485 -0.699682854
1770029691.503964 2.147767631 1.007085627 1.317557715 0.714221430 0.003198122 0.006975695 -0.699877746
1770029691.514310 2.148472978 1.007001459 1.316943728 0.714059719 0.003117790 0.006925080 -0.700043599
1770029691.524745 2.149153810 1.006918969 1.316317488 0.713884218 0.003037298 0.006834890 -0.700223809
1770029691.535258 2.149866071 1.006834873 1.315685771 0.713702692 0.002938204 0.006771866 -0.700409863
1770029691.545807 2.150552260 1.006763242 1.315000563 0.713569228 0.002852517 0.006661692 -0.700547244
1770029691.556606 2.151265965 1.006675941 1.314277031 0.713442405 0.002756507 0.006572770 -0.700677625
1770029691.567223 2.151931896 1.006616248 1.313553944 0.713329372 0.002743353 0.006485608 -0.700793563
1770029691.577721 2.152614476 1.006541205 1.312798417 0.713230242 0.002702521 0.006410651 -0.700895300
1770029691.588477 2.153321839 1.006459654 1.312018971 0.713120665 0.002635310 0.006339306 -0.701007693
1770029691.598966 2.154009679 1.006382669 1.311229072 0.713031263 0.002550454 0.006264275 -0.701099616
1770029691.609587 2.154704122 1.006308995 1.310415677 0.712942703 0.002460612 0.006198620 -0.701190576
1770029691.620150 2.155381072 1.006232661 1.309582944 0.712831395 0.002402161 0.006132459 -0.701304516
1770029691.630632 2.156036100 1.006164595 1.308759963 0.712704651 0.002321116 0.006057516 -0.701434244
1770029691.641099 2.156687969 1.006092373 1.307907868 0.712590009 0.002236420 0.005983524 -0.701551619
1770029691.651729 2.157326244 1.006022724 1.307054764 0.712468902 0.002179155 0.005934230 -0.701675209
1770029691.662248 2.157976469 1.005955812 1.306148315 0.712362045 0.002112291 0.005863128 -0.701784496
1770029691.672618 2.158607526 1.005887358 1.305258511 0.712251230 0.002057323 0.005815758 -0.701897521
1770029691.683241 2.159232054 1.005827011 1.304336158 0.712140685 0.002009536 0.005751738 -0.702010345
1770029691.693871 2.159873253 1.005753226 1.303386473 0.712021966 0.001950853 0.005701318 -0.702131334
1770029691.704490 2.160498360 1.005690320 1.302410508 0.711940350 0.001890084 0.005620903 -0.702214904
1770029691.715886 2.161139682 1.005627444 1.301399524 0.711834080 0.001827639 0.005547945 -0.702323374
1770029691.726902 2.161784805 1.005561803 1.300339033 0.711756745 0.001775771 0.005472199 -0.702402475
1770029691.737683 2.162407762 1.005501666 1.299293005 0.711668165 0.001741354 0.005412859 -0.702492770
1770029691.748446 2.163014709 1.005442764 1.298257380 0.711581560 0.001727436 0.005375407 -0.702580817
1770029691.759855 2.163664326 1.005389559 1.297061007 0.711546897 0.001695892 0.005295633 -0.702616605
1770029691.770568 2.164270846 1.005337055 1.295958256 0.711489891 0.001654252 0.005237757 -0.702674864
1770029691.781234 2.164863950 1.005281635 1.294861750 0.711413662 0.001619930 0.005175280 -0.702752584
1770029691.791793 2.165442113 1.005222679 1.293776140 0.711321380 0.001565213 0.005118047 -0.702846534
1770029691.802402 2.166017493 1.005166815 1.292672125 0.711233691 0.001512725 0.005056964 -0.702935826
1770029691.813091 2.166568573 1.005121736 1.291529292 0.711160080 0.001486053 0.004978703 -0.703010914
1770029691.823742 2.167143636 1.005058052 1.290354163 0.711094484 0.001438158 0.004914264 -0.703077816
1770029691.834316 2.167712467 1.004994170 1.289196214 0.711026612 0.001376898 0.004845846 -0.703147054
1770029691.844984 2.168287311 1.004924111 1.288005375 0.710944244 0.001309067 0.004784231 -0.703230886
1770029691.855677 2.168865775 1.004856786 1.286795032 0.710889966 0.001217074 0.004730030 -0.703286287
1770029691.866307 2.169419137 1.004803313 1.285563728 0.710826162 0.001177847 0.004677673 -0.703351192
1770029691.877008 2.169968347 1.004746273 1.284322814 0.710762892 0.001127030 0.004627750 -0.703415542
1770029691.887648 2.170527894 1.004692980 1.283050718 0.710691555 0.001054725 0.004582344 -0.703488026
1770029691.898259 2.171044069 1.004652343 1.281784270 0.710635376 0.001015421 0.004511474 -0.703545292
1770029691.909024 2.171581362 1.004609361 1.280468769 0.710613561 0.000939999 0.004432439 -0.703567934
1770029691.920241 2.172114076 1.004560505 1.279144697 0.710530188 0.000901547 0.004374010 -0.703652547
1770029691.931394 2.172666053 1.004513764 1.277740586 0.710435759 0.000859040 0.004329480 -0.703748215
1770029691.942151 2.173190890 1.004459349 1.276377647 0.710371328 0.000829259 0.004295390 -0.703813497
1770029691.952940 2.173689919 1.004412711 1.275026987 0.710329768 0.000796375 0.004230471 -0.703855872
1770029691.963628 2.174193128 1.004357415 1.273640183 0.710270356 0.000767258 0.004174990 -0.703916189
1770029691.974259 2.174690259 1.004301502 1.272261434 0.710226583 0.000720099 0.004104746 -0.703960818
1770029691.985018 2.175176588 1.004255522 1.270874832 0.710168028 0.000670693 0.004053844 -0.704020233
1770029691.995894 2.175672842 1.004209722 1.269447310 0.710095625 0.000618178 0.004019930 -0.704093503
1770029692.006501 2.176168527 1.004160815 1.267991530 0.710053445 0.000560478 0.003984705 -0.704136289
1770029692.017237 2.176627735 1.004123995 1.266563581 0.709996292 0.000540047 0.003941720 -0.704194175
1770029692.028052 2.177112127 1.004088988 1.265064038 0.709964483 0.000487489 0.003885235 -0.704226597
1770029692.038821 2.177584295 1.004048072 1.263586847 0.709927500 0.000448073 0.003828398 -0.704264217
1770029692.050753 2.178032774 1.004008553 1.262110278 0.709865512 0.000429696 0.003787657 -0.704326930
1770029692.061442 2.178533737 1.003957118 1.260440240 0.709829424 0.000394860 0.003739287 -0.704363578
1770029692.072137 2.178988626 1.003909745 1.258905540 0.709817300 0.000375475 0.003684506 -0.704376095
1770029692.082882 2.179419220 1.003864326 1.257409211 0.709776552 0.000342951 0.003636093 -0.704417424
1770029692.093504 2.179862407 1.003810496 1.255854399 0.709723126 0.000291664 0.003586532 -0.704471529
1770029692.104182 2.180294807 1.003765668 1.254308628 0.709686709 0.000233228 0.003530105 -0.704508523
1770029692.114864 2.180704211 1.003732359 1.252754617 0.709627086 0.000217824 0.003488955 -0.704568790
1770029692.125508 2.181102498 1.003700292 1.251187671 0.709598200 0.000186330 0.003428887 -0.704598185
1770029692.136118 2.181537295 1.003660746 1.249574576 0.709567070 0.000127571 0.003385009 -0.704629760
1770029692.146880 2.181952132 1.003622447 1.248018298 0.709523162 0.000088923 0.003362638 -0.704674086
1770029692.157547 2.182375456 1.003584479 1.246369970 0.709493596 0.000028602 0.003333218 -0.704703999
1770029692.168256 2.182782420 1.003530478 1.244733804 0.709448028 0.000002143 0.003333353 -0.704749873
1770029692.179352 2.183184292 1.003484295 1.243124282 0.709402180 -0.000034641 0.003334164 -0.704796020
1770029692.190808 2.183610636 1.003438357 1.241328537 0.709346631 -0.000077288 0.003332939 -0.704851929
1770029692.202147 2.184012441 1.003390028 1.239569507 0.709272359 -0.000097924 0.003330506 -0.704926676
1770029692.212596 2.184395943 1.003344170 1.237884589 0.709244123 -0.000144007 0.003319978 -0.704955127
1770029692.223073 2.184751431 1.003309445 1.236221551 0.709219174 -0.000149676 0.003290620 -0.704980363
1770029692.233535 2.185093094 1.003285779 1.234572027 0.709183097 -0.000155102 0.003268470 -0.705016757
1770029692.243962 2.185443045 1.003259731 1.232890322 0.709157376 -0.000158825 0.003240984 -0.705042755
1770029692.254344 2.185786140 1.003230973 1.231224433 0.709156576 -0.000164402 0.003203532 -0.705043730
1770029692.264982 2.186122558 1.003192505 1.229533037 0.709132211 -0.000186314 0.003180188 -0.705068336
1770029692.275407 2.186451284 1.003155548 1.227802871 0.709095531 -0.000200751 0.003150776 -0.705105354
1770029692.285919 2.186801343 1.003115878 1.226050551 0.709066439 -0.000256413 0.003143805 -0.705134622
1770029692.296283 2.187123172 1.003069397 1.224371814 0.709014327 -0.000292952 0.003128461 -0.705187075
1770029692.306655 2.187430773 1.003032142 1.222646683 0.708999138 -0.000336309 0.003081048 -0.705202536
1770029692.317025 2.187730590 1.003000191 1.220912238 0.708978975 -0.000353081 0.003037346 -0.705222988
1770029692.327421 2.188035613 1.002964983 1.219165535 0.708970116 -0.000371311 0.002992289 -0.705232077
1770029692.337774 2.188345559 1.002940941 1.217401153 0.708965713 -0.000405328 0.002952618 -0.705236652
1770029692.348326 2.188636240 1.002915921 1.215677239 0.708934740 -0.000426065 0.002918867 -0.705267916
1770029692.358962 2.188935537 1.002885242 1.213841233 0.708941746 -0.000472206 0.002866461 -0.705261059
1770029692.369589 2.189224708 1.002844608 1.212025825 0.708912552 -0.000504194 0.002847081 -0.705290460
1770029692.380150 2.189518403 1.002804388 1.210195964 0.708894546 -0.000547499 0.002821273 -0.705308630
1770029692.390578 2.189794410 1.002762903 1.208386127 0.708869654 -0.000571321 0.002801446 -0.705333708
1770029692.401094 2.190047666 1.002731049 1.206609630 0.708827047 -0.000571175 0.002784245 -0.705376594
1770029692.411566 2.190309427 1.002700304 1.204748731 0.708826224 -0.000598963 0.002753725 -0.705377518
1770029692.421975 2.190567430 1.002672308 1.202908994 0.708830326 -0.000616587 0.002724190 -0.705373495
1770029692.432473 2.190835184 1.002645252 1.201049450 0.708813256 -0.000661005 0.002718785 -0.705390629
1770029692.442947 2.191092243 1.002618726 1.199207880 0.708774353 -0.000680943 0.002728652 -0.705429661
1770029692.453336 2.191331544 1.002593337 1.197390924 0.708744968 -0.000699593 0.002728461 -0.705459167
1770029692.463713 2.191568967 1.002555795 1.195534425 0.708730685 -0.000723019 0.002726308 -0.705473501
1770029692.474085 2.191796881 1.002513222 1.193697617 0.708699601 -0.000738868 0.002722468 -0.705504726
1770029692.485010 2.192034154 1.002476604 1.191780376 0.708661111 -0.000775263 0.002726195 -0.705543334
1770029692.495895 2.192260550 1.002442514 1.189820782 0.708626533 -0.000782866 0.002724572 -0.705578061
1770029692.506573 2.192481988 1.002420983 1.187860380 0.708652948 -0.000821067 0.002677923 -0.705551666
1770029692.517197 2.192697405 1.002394272 1.185904867 0.708652202 -0.000861836 0.002655966 -0.705552450
1770029692.527935 2.192907766 1.002366438 1.183956485 0.708648285 -0.000890124 0.002635288 -0.705556426
1770029692.538541 2.193121382 1.002338974 1.181994017 0.708622666 -0.000929769 0.002628121 -0.705582132
1770029692.549235 2.193321987 1.002302623 1.180090722 0.708565876 -0.000959010 0.002623177 -0.705639141
1770029692.559687 2.193505064 1.002263486 1.178157124 0.708555525 -0.000999276 0.002581280 -0.705649634
1770029692.570301 2.193679784 1.002227582 1.176260305 0.708530580 -0.001018118 0.002551360 -0.705674763
1770029692.580832 2.193858008 1.002199351 1.174273489 0.708519693 -0.001033783 0.002521726 -0.705685778
1770029692.591234 2.194030526 1.002184778 1.172306868 0.708537062 -0.001070053 0.002495100 -0.705668380
1770029692.601964 2.194197055 1.002160185 1.170357054 0.708527453 -0.001110855 0.002493458 -0.705677970
1770029692.612499 2.194363743 1.002126837 1.168338750 0.708533129 -0.001158535 0.002484242 -0.705672227
1770029692.623364 2.194530821 1.002089087 1.166314863 0.708535536 -0.001194250 0.002488496 -0.705669735
1770029692.634583 2.194699393 1.002047482 1.164224729 0.708493926 -0.001200741 0.002516844 -0.705711400
1770029692.645708 2.194852168 1.002019414 1.162189123 0.708438483 -0.001205265 0.002539726 -0.705766968
1770029692.656395 2.195000327 1.001991435 1.160161207 0.708425801 -0.001256157 0.002526441 -0.705779656
1770029692.667191 2.195143596 1.001964350 1.158141858 0.708422961 -0.001296086 0.002523107 -0.705782447
1770029692.677940 2.195285089 1.001933959 1.156056592 0.708425694 -0.001342136 0.002515205 -0.705779645
1770029692.688790 2.195412882 1.001904691 1.154014471 0.708426311 -0.001391474 0.002506900 -0.705778960
1770029692.699370 2.195532474 1.001871305 1.151993406 0.708387407 -0.001429683 0.002517278 -0.705817895
1770029692.709839 2.195643807 1.001836008 1.149988801 0.708369166 -0.001477119 0.002513203 -0.705836119
1770029692.720508 2.195744867 1.001805468 1.147973319 0.708347837 -0.001497894 0.002506483 -0.705857504
1770029692.731085 2.195843728 1.001787277 1.145921157 0.708360375 -0.001520343 0.002471230 -0.705844997
1770029692.741650 2.195939949 1.001768874 1.143910458 0.708381268 -0.001539922 0.002435614 -0.705824111
1770029692.752100 2.196032291 1.001746558 1.141896103 0.708380054 -0.001546406 0.002416919 -0.705825379
1770029692.762790 2.196116824 1.001715831 1.139875203 0.708370054 -0.001575773 0.002413020 -0.705835364
1770029692.773380 2.196196212 1.001676312 1.137830556 0.708345905 -0.001616010 0.002413046 -0.705859508
1770029692.784109 2.196271104 1.001645717 1.135809438 0.708311307 -0.001662929 0.002428258 -0.705894065
1770029692.794509 2.196337608 1.001619647 1.133801630 0.708283945 -0.001712718 0.002423188 -0.705921417
1770029692.805564 2.196397997 1.001605414 1.131640229 0.708334374 -0.001754363 0.002369859 -0.705870896
1770029692.816351 2.196444280 1.001584213 1.129556437 0.708346224 -0.001736241 0.002361996 -0.705859075
1770029692.827140 2.196487609 1.001559909 1.127419194 0.708376411 -0.001732313 0.002325430 -0.705828911
1770029692.837684 2.196521170 1.001525253 1.125353176 0.708396121 -0.001704901 0.002311773 -0.705809241
1770029692.848231 2.196555435 1.001499376 1.123349990 0.708373721 -0.001674467 0.002316944 -0.705831779
1770029692.858743 2.196587949 1.001474162 1.121311501 0.708365729 -0.001688548 0.002314295 -0.705839774
1770029692.869249 2.196621002 1.001462954 1.119290430 0.708352434 -0.001704947 0.002324509 -0.705853043
1770029692.879826 2.196647264 1.001442077 1.117237357 0.708352245 -0.001725972 0.002357924 -0.705853071
1770029692.890410 2.196663216 1.001411698 1.115144607 0.708362783 -0.001730502 0.002368842 -0.705842448
1770029692.901231 2.196675528 1.001376732 1.113062798 0.708348322 -0.001729059 0.002397836 -0.705856866
1770029692.911822 2.196679293 1.001341804 1.111046234 0.708340634 -0.001727600 0.002407902 -0.705864551
1770029692.922614 2.196683141 1.001312970 1.108947623 0.708325292 -0.001751123 0.002408375 -0.705879887
1770029692.933263 2.196686302 1.001296183 1.106860029 0.708340120 -0.001780709 0.002385654 -0.705865010
1770029692.943850 2.196679376 1.001270559 1.104755956 0.708378161 -0.001795275 0.002341502 -0.705826944
1770029692.954322 2.196671508 1.001231507 1.102636351 0.708424593 -0.001841784 0.002287742 -0.705780398
1770029692.964912 2.196661130 1.001186846 1.100653770 0.708407445 -0.001853263 0.002287127 -0.705797582
1770029692.975464 2.196656764 1.001154040 1.098605515 0.708403824 -0.001886607 0.002288078 -0.705801125
1770029692.985965 2.196648455 1.001127263 1.096580343 0.708369122 -0.001928794 0.002308585 -0.705835772
1770029692.996441 2.196630784 1.001107259 1.094571564 0.708370492 -0.001958255 0.002302492 -0.705834336
1770029693.006862 2.196599395 1.001073527 1.092464647 0.708422052 -0.002001463 0.002265293 -0.705782586
1770029693.017334 2.196564275 1.001037480 1.090437390 0.708419042 -0.002017678 0.002262904 -0.705785569
1770029693.027735 2.196523695 1.000995713 1.088432712 0.708415202 -0.002043824 0.002266584 -0.705789336
1770029693.038169 2.196479528 1.000962056 1.086409124 0.708411656 -0.002064420 0.002275109 -0.705792808
1770029693.048548 2.196428767 1.000939482 1.084433649 0.708390935 -0.002087382 0.002294823 -0.705813474
1770029693.058909 2.196367968 1.000915109 1.082355109 0.708446409 -0.002137555 0.002267897 -0.705757730
1770029693.069287 2.196297335 1.000893432 1.080330846 0.708464128 -0.002155240 0.002255031 -0.705739930
1770029693.079658 2.196220510 1.000863167 1.078314943 0.708466914 -0.002189709 0.002228194 -0.705737112
1770029693.090151 2.196139936 1.000827895 1.076324984 0.708447305 -0.002212171 0.002239974 -0.705756689
1770029693.100838 2.196053186 1.000807144 1.074299653 0.708428312 -0.002201920 0.002270885 -0.705775688
1770029693.111352 2.195953656 1.000787073 1.072240127 0.708464634 -0.002247110 0.002228878 -0.705739219
1770029693.121819 2.195846247 1.000772926 1.070186851 0.708471906 -0.002254055 0.002211461 -0.705731951
1770029693.132196 2.195737510 1.000762496 1.068180369 0.708481316 -0.002242103 0.002216363 -0.705722528
1770029693.142546 2.195619521 1.000735763 1.066205293 0.708460887 -0.002237075 0.002221098 -0.705743037
1770029693.152908 2.195507901 1.000710862 1.064264093 0.708443368 -0.002227435 0.002244258 -0.705760580
1770029693.163368 2.195390190 1.000682875 1.062263126 0.708449045 -0.002236960 0.002260981 -0.705754798
1770029693.173847 2.195267680 1.000666209 1.060224371 0.708463850 -0.002258642 0.002264381 -0.705739856
1770029693.184305 2.195149468 1.000638841 1.058185644 0.708480755 -0.002291890 0.002292927 -0.705722686
1770029693.194800 2.195021285 1.000610036 1.056198930 0.708491856 -0.002266002 0.002323056 -0.705711526
1770029693.205323 2.194884210 1.000568048 1.054189712 0.708495889 -0.002270805 0.002326422 -0.705707451
1770029693.215730 2.194742024 1.000544824 1.052238492 0.708483716 -0.002249540 0.002358843 -0.705719632
1770029693.226271 2.194587860 1.000531416 1.050225159 0.708503841 -0.002218339 0.002358662 -0.705699527
1770029693.236653 2.194431468 1.000512948 1.048198333 0.708529418 -0.002222736 0.002355021 -0.705673846
1770029693.247045 2.194269446 1.000493387 1.046242376 0.708542837 -0.002187392 0.002360787 -0.705660464
1770029693.257666 2.194093417 1.000452671 1.044259270 0.708575975 -0.002158648 0.002331570 -0.705627375
1770029693.268262 2.193916046 1.000429494 1.042267104 0.708561007 -0.002130959 0.002322446 -0.705642519
1770029693.278749 2.193748535 1.000403909 1.040289770 0.708565341 -0.002136431 0.002332800 -0.705638116
1770029693.289270 2.193580778 1.000384120 1.038289762 0.708590888 -0.002155059 0.002295783 -0.705612527
1770029693.299767 2.193410137 1.000359754 1.036349339 0.708589488 -0.002177609 0.002296919 -0.705613860
1770029693.310434 2.193206198 1.000333576 1.034377775 0.708606842 -0.002193904 0.002238170 -0.705596571
1770029693.320953 2.193011681 1.000304951 1.032438329 0.708580563 -0.002216040 0.002225673 -0.705622932
1770029693.331543 2.192834454 1.000276169 1.030511462 0.708564334 -0.002277429 0.002217950 -0.705639057
1770029693.342091 2.192642335 1.000250821 1.028487806 0.708590036 -0.002341339 0.002192989 -0.705613116
1770029693.352584 2.192435947 1.000230109 1.026564323 0.708610121 -0.002390535 0.002159198 -0.705592885
1770029693.363307 2.192213101 1.000195490 1.024579841 0.708632249 -0.002426139 0.002132348 -0.705570622
1770029693.373991 2.192002282 1.000158698 1.022633034 0.708620577 -0.002427506 0.002143304 -0.705582307
1770029693.384480 2.191784775 1.000135189 1.020711282 0.708609000 -0.002435437 0.002152891 -0.705593877
1770029693.395144 2.191566443 1.000119961 1.018783947 0.708620671 -0.002460698 0.002167626 -0.705582023
1770029693.405809 2.191330911 1.000081495 1.016795542 0.708675827 -0.002476033 0.002138574 -0.705526660
1770029693.416404 2.191081143 1.000056156 1.014842642 0.708685009 -0.002458491 0.002128173 -0.705517530
1770029693.426948 2.190838605 1.000023492 1.012965271 0.708679053 -0.002452096 0.002122668 -0.705523551
1770029693.437413 2.190606427 0.999992385 1.011093265 0.708672027 -0.002477268 0.002119160 -0.705530531
1770029693.448103 2.190362463 0.999983043 1.009188937 0.708669452 -0.002497011 0.002096266 -0.705533117
1770029693.458622 2.190102345 0.999947339 1.007243250 0.708723452 -0.002542454 0.002068955 -0.705478791
1770029693.469317 2.189835636 0.999923292 1.005370509 0.708737581 -0.002542506 0.002027039 -0.705464718
1770029693.480002 2.189562546 0.999890615 1.003477596 0.708732618 -0.002537775 0.002007855 -0.705469776
1770029693.490707 2.189297041 0.999855052 1.001608243 0.708728869 -0.002523165 0.002030666 -0.705473529
1770029693.501259 2.189028372 0.999841281 0.999745472 0.708726861 -0.002505363 0.002032157 -0.705475606
1770029693.511876 2.188741921 0.999812712 0.997827467 0.708767819 -0.002522338 0.002007445 -0.705434467
1770029693.522377 2.188461029 0.999777020 0.995970478 0.708792099 -0.002554578 0.001979687 -0.705410033
1770029693.532988 2.188180274 0.999751937 0.994175101 0.708773258 -0.002566644 0.001964683 -0.705428962
1770029693.543502 2.187919716 0.999712596 0.992384069 0.708755131 -0.002585160 0.002005691 -0.705446992
1770029693.554043 2.187624652 0.999690454 0.990580129 0.708763052 -0.002600850 0.001990916 -0.705439018
1770029693.564766 2.187315535 0.999676273 0.988742429 0.708776957 -0.002601237 0.001971286 -0.705425101
1770029693.576034 2.186956937 0.999655598 0.986743510 0.708813620 -0.002559744 0.001936238 -0.705388510
1770029693.586969 2.186622373 0.999622966 0.984930533 0.708823692 -0.002494913 0.001921299 -0.705378663
1770029693.597541 2.186304827 0.999599377 0.983142040 0.708799322 -0.002403451 0.001970012 -0.705403334
1770029693.608061 2.185977591 0.999575715 0.981353889 0.708818127 -0.002340027 0.001996592 -0.705384577
1770029693.618447 2.185653960 0.999553905 0.979575588 0.708839173 -0.002296493 0.002015008 -0.705363518
1770029693.629122 2.185311394 0.999528021 0.977773407 0.708865895 -0.002270994 0.002014502 -0.705336747
1770029693.640010 2.184972540 0.999492357 0.975990845 0.708885426 -0.002261948 0.001998807 -0.705317192
1770029693.650759 2.184630271 0.999461732 0.974247073 0.708863655 -0.002244061 0.001988849 -0.705339158
1770029693.661724 2.184291163 0.999430732 0.972458674 0.708865208 -0.002248071 0.002009046 -0.705337527
1770029693.672458 2.183937887 0.999408747 0.970677124 0.708891731 -0.002239631 0.002006463 -0.705310904
1770029693.683300 2.183583950 0.999370641 0.968886074 0.708914135 -0.002256677 0.002004891 -0.705288336
1770029693.693920 2.183226867 0.999335817 0.967141166 0.708922698 -0.002275127 0.002011669 -0.705279651
1770029693.704378 2.182872561 0.999298783 0.965466675 0.708923002 -0.002276244 0.001999684 -0.705279375
1770029693.715020 2.182522005 0.999273158 0.963820848 0.708899339 -0.002274045 0.002003460 -0.705303156
1770029693.725474 2.182154620 0.999246928 0.962114064 0.708918362 -0.002308908 0.001997707 -0.705283939
1770029693.736242 2.181777306 0.999218154 0.960405620 0.708944309 -0.002355729 0.001959509 -0.705257809
1770029693.746634 2.181408202 0.999193149 0.958763902 0.708949387 -0.002400170 0.001927349 -0.705252643
1770029693.757212 2.181041399 0.999141700 0.957090487 0.708965843 -0.002474835 0.001893583 -0.705235935
1770029693.767842 2.180649781 0.999124012 0.955477447 0.708950696 -0.002487237 0.001845167 -0.705251245
1770029693.778379 2.180246580 0.999110907 0.953864290 0.708950056 -0.002489803 0.001802880 -0.705251990
1770029693.789239 2.179811200 0.999100088 0.952172562 0.708975372 -0.002474725 0.001768623 -0.705226679
1770029693.800009 2.179388950 0.999089666 0.950566024 0.708984325 -0.002434924 0.001741090 -0.705217886
1770029693.810765 2.178959527 0.999059540 0.948915302 0.708999375 -0.002404338 0.001706612 -0.705202945
1770029693.821352 2.178538798 0.999036204 0.947338995 0.708992914 -0.002359372 0.001690942 -0.705209630
1770029693.831909 2.178129486 0.999009392 0.945784067 0.708986923 -0.002333980 0.001683601 -0.705215755
1770029693.842526 2.177701467 0.998987755 0.944186296 0.708990323 -0.002322833 0.001677393 -0.705212388
1770029693.852966 2.177271221 0.998963811 0.942624705 0.709015444 -0.002318308 0.001651237 -0.705187209
1770029693.863338 2.176857134 0.998931011 0.941101701 0.709020217 -0.002320558 0.001637763 -0.705182434
1770029693.874190 2.176436291 0.998896882 0.939596978 0.709024499 -0.002306674 0.001632687 -0.705178185
1770029693.884871 2.175991458 0.998870325 0.938027843 0.709021842 -0.002290723 0.001648796 -0.705180872
1770029693.895478 2.175560355 0.998845007 0.936524285 0.709016418 -0.002306715 0.001645579 -0.705186281
1770029693.906094 2.175100293 0.998815556 0.934979087 0.709047222 -0.002327776 0.001617389 -0.705155304
1770029693.916596 2.174660934 0.998787264 0.933497678 0.709046267 -0.002347499 0.001627513 -0.705156176
1770029693.927092 2.174227443 0.998738489 0.932002773 0.709071290 -0.002396823 0.001612545 -0.705130881
1770029693.937564 2.173772304 0.998711843 0.930567969 0.709065520 -0.002389705 0.001613463 -0.705136706
1770029693.948000 2.173320564 0.998705134 0.929180549 0.709050934 -0.002350008 0.001617894 -0.705151497
1770029693.958429 2.172842743 0.998688472 0.927741517 0.709069646 -0.002334823 0.001594072 -0.705132786
1770029693.969116 2.172357649 0.998675957 0.926321992 0.709087473 -0.002282765 0.001589089 -0.705115039
1770029693.979876 2.171844915 0.998656728 0.924855149 0.709097921 -0.002220540 0.001594446 -0.705104720
1770029693.990515 2.171341308 0.998626728 0.923406979 0.709112444 -0.002179290 0.001593195 -0.705090245
1770029694.001108 2.170852077 0.998609847 0.922051622 0.709098721 -0.002133924 0.001601154 -0.705104167
1770029694.011595 2.170352491 0.998587783 0.920681546 0.709101655 -0.002106122 0.001574856 -0.705101359
1770029694.022271 2.169868662 0.998570170 0.919339764 0.709094196 -0.002090942 0.001576082 -0.705108903
1770029694.032823 2.169370417 0.998551887 0.917953170 0.709117570 -0.002095335 0.001562707 -0.705085413
1770029694.043180 2.168866909 0.998525659 0.916600424 0.709132241 -0.002093665 0.001550201 -0.705070690
1770029694.053829 2.168363173 0.998495165 0.915273380 0.709147444 -0.002102696 0.001521936 -0.705055435
1770029694.064388 2.167854028 0.998464308 0.913964991 0.709150560 -0.002103824 0.001506615 -0.705052329
1770029694.075244 2.167351800 0.998426988 0.912651119 0.709132418 -0.002119376 0.001528198 -0.705070484
1770029694.085930 2.166821415 0.998409723 0.911345463 0.709118683 -0.002113620 0.001526918 -0.705084317
1770029694.096775 2.166278976 0.998408057 0.910073597 0.709117586 -0.002080298 0.001498562 -0.705085580
1770029694.107396 2.165712996 0.998390932 0.908748897 0.709156040 -0.002078959 0.001437434 -0.705047036
1770029694.118405 2.165129436 0.998382265 0.907450921 0.709164764 -0.002029405 0.001374710 -0.705038530
1770029694.129095 2.164556973 0.998365535 0.906176543 0.709176334 -0.002002006 0.001322491 -0.705027071
1770029694.139578 2.163992176 0.998354523 0.904963166 0.709164689 -0.001960737 0.001279275 -0.705038979
1770029694.150158 2.163461907 0.998346622 0.903814809 0.709136349 -0.001948185 0.001264594 -0.705067546
1770029694.160740 2.162907747 0.998325750 0.902632601 0.709132034 -0.001936654 0.001234101 -0.705071971
1770029694.171297 2.162348025 0.998308307 0.901447851 0.709134333 -0.001914594 0.001225497 -0.705069734
1770029694.181776 2.161791432 0.998280988 0.900268036 0.709151491 -0.001921486 0.001203652 -0.705052496
1770029694.192358 2.161227285 0.998255599 0.899103582 0.709165089 -0.001916760 0.001190633 -0.705038854
1770029694.202775 2.160683761 0.998218854 0.897967362 0.709179335 -0.001941537 0.001199820 -0.705024440
1770029694.213606 2.160154987 0.998184712 0.896886396 0.709180842 -0.001966465 0.001202831 -0.705022851
1770029694.224287 2.159532184 0.998178752 0.895725597 0.709159596 -0.001945046 0.001193161 -0.705044297
1770029694.234802 2.158934493 0.998180472 0.894657375 0.709143896 -0.001906985 0.001148884 -0.705060266
1770029694.245251 2.158324904 0.998192499 0.893609113 0.709127346 -0.001856970 0.001114783 -0.705077099
1770029694.255768 2.157694120 0.998191954 0.892534388 0.709140431 -0.001789508 0.001049419 -0.705064214
1770029694.266352 2.157073348 0.998181481 0.891478144 0.709147146 -0.001732988 0.001006023 -0.705057664
1770029694.277024 2.156455798 0.998162476 0.890417780 0.709158235 -0.001699965 0.000979612 -0.705046628
1770029694.287528 2.155836104 0.998140218 0.889375009 0.709166359 -0.001651360 0.000972793 -0.705038582
1770029694.298132 2.155243155 0.998126131 0.888391299 0.709155976 -0.001610779 0.000994837 -0.705049088
1770029694.308940 2.154617362 0.998114814 0.887401250 0.709150276 -0.001574632 0.000978786 -0.705054925
1770029694.319610 2.153987302 0.998107445 0.886422689 0.709129222 -0.001549120 0.000976395 -0.705076161
1770029694.330258 2.153381908 0.998089513 0.885469279 0.709118829 -0.001558812 0.000987589 -0.705086577
1770029694.340811 2.152778869 0.998072268 0.884526772 0.709121575 -0.001588128 0.001029421 -0.705083690
1770029694.351417 2.152151037 0.998058486 0.883597467 0.709126616 -0.001589367 0.001034776 -0.705078610
1770029694.361939 2.151487643 0.998048505 0.882658517 0.709153096 -0.001573713 0.001011516 -0.705052046
1770029694.372579 2.150810095 0.998052371 0.881738855 0.709169364 -0.001543044 0.000976017 -0.705035800
1770029694.383338 2.150119395 0.998050529 0.880832920 0.709166423 -0.001482958 0.000916592 -0.705038967
1770029694.394107 2.149452106 0.998041346 0.879947164 0.709170944 -0.001463888 0.000883008 -0.705034503
1770029694.404628 2.148789246 0.998033538 0.879090702 0.709172329 -0.001447775 0.000853152 -0.705033179
1770029694.415343 2.148129659 0.998026446 0.878274927 0.709148582 -0.001419431 0.000835995 -0.705057143
1770029694.426034 2.147463969 0.998022239 0.877462275 0.709131527 -0.001419692 0.000828532 -0.705074305
1770029694.437049 2.146796811 0.998024490 0.876658832 0.709122770 -0.001414324 0.000829582 -0.705083122
1770029694.447991 2.146133862 0.998006857 0.875840249 0.709121999 -0.001457207 0.000870694 -0.705083760
1770029694.459316 2.145458852 0.997982421 0.875027853 0.709145775 -0.001504980 0.000893717 -0.705059718
1770029694.470047 2.144709638 0.997978868 0.874204906 0.709158179 -0.001504146 0.000861148 -0.705047285
1770029694.480555 2.143997763 0.997984094 0.873457009 0.709169632 -0.001487124 0.000836096 -0.705035831
1770029694.490906 2.143276997 0.998002684 0.872745773 0.709164735 -0.001426650 0.000777993 -0.705040948
1770029694.501621 2.142571971 0.998006070 0.872045451 0.709167186 -0.001373748 0.000725373 -0.705038644
1770029694.512344 2.141829150 0.997997484 0.871313677 0.709174585 -0.001337034 0.000683301 -0.705031314
1770029694.523317 2.141090086 0.997997590 0.870622498 0.709166116 -0.001292279 0.000664289 -0.705039934
1770029694.534110 2.140364923 0.998005429 0.869969792 0.709145377 -0.001260362 0.000652895 -0.705060862
1770029694.544606 2.139666702 0.998004219 0.869339757 0.709136012 -0.001249582 0.000644614 -0.705070308
1770029694.555125 2.138958369 0.997986047 0.868709077 0.709137900 -0.001238933 0.000625037 -0.705068446
1770029694.565890 2.138285163 0.997965773 0.868116181 0.709129441 -0.001272956 0.000658826 -0.705076862
1770029694.576544 2.137545147 0.997976813 0.867528983 0.709116931 -0.001260512 0.000659151 -0.705089466
1770029694.586982 2.136811849 0.997991810 0.866968663 0.709107651 -0.001231413 0.000643031 -0.705098865
1770029694.597511 2.136063339 0.998001561 0.866418508 0.709106585 -0.001194475 0.000620871 -0.705100021
1770029694.608184 2.135280565 0.998018588 0.865873406 0.709105315 -0.001135975 0.000557818 -0.705101447
1770029694.618793 2.134519817 0.998038133 0.865356893 0.709093954 -0.001104960 0.000533644 -0.705112940
1770029694.629382 2.133769826 0.998044280 0.864852397 0.709085638 -0.001091904 0.000516271 -0.705121337
1770029694.639866 2.133018428 0.998037972 0.864354082 0.709093292 -0.001075487 0.000511522 -0.705113668
1770029694.650512 2.132291954 0.998038657 0.863891927 0.709094147 -0.001089750 0.000523551 -0.705112777
1770029694.661256 2.131527234 0.998041079 0.863422073 0.709100354 -0.001097993 0.000536069 -0.705106513
1770029694.671854 2.130802288 0.998022625 0.862974609 0.709114377 -0.001168687 0.000569897 -0.705092270
1770029694.682384 2.130034453 0.998026592 0.862544223 0.709124213 -0.001188633 0.000569155 -0.705082346
1770029694.692832 2.129267255 0.998039873 0.862139439 0.709134368 -0.001168980 0.000570950 -0.705072164
1770029694.703438 2.128472017 0.998060736 0.861746736 0.709146008 -0.001124117 0.000561659 -0.705060537
1770029694.714200 2.127641514 0.998084822 0.861366938 0.709142184 -0.001059150 0.000528492 -0.705064508
1770029694.725207 2.126814414 0.998094626 0.860990799 0.709146855 -0.001024092 0.000516712 -0.705059871
1770029694.735703 2.126016799 0.998103590 0.860650052 0.709143002 -0.001032241 0.000500939 -0.705063746
1770029694.746376 2.125229836 0.998107232 0.860319934 0.709144360 -0.001049815 0.000479373 -0.705062369
1770029694.757287 2.124407146 0.998117397 0.859993906 0.709146123 -0.001058084 0.000418781 -0.705060623
1770029694.767859 2.123634883 0.998125191 0.859698920 0.709145839 -0.001116763 0.000398812 -0.705060830
1770029694.778384 2.122847609 0.998118460 0.859398005 0.709163621 -0.001157647 0.000377274 -0.705042890
1770029694.789175 2.122026357 0.998127749 0.859128295 0.709164072 -0.001135061 0.000312067 -0.705042505
1770029694.799861 2.121185341 0.998151542 0.858877166 0.709163241 -0.001117969 0.000263829 -0.705043388
1770029694.810354 2.120306351 0.998171190 0.858638159 0.709158554 -0.001027895 0.000161008 -0.705048270
1770029694.821191 2.119465439 0.998204122 0.858451088 0.709133044 -0.000940016 0.000092209 -0.705074063
1770029694.831790 2.118608896 0.998212303 0.858256625 0.709122587 -0.000887363 0.000051930 -0.705084652
1770029694.842252 2.117772002 0.998229339 0.858109116 0.709098223 -0.000845152 0.000030084 -0.705109208
1770029694.852759 2.116967248 0.998241382 0.857972501 0.709087027 -0.000838088 0.000029580 -0.705120475
1770029694.863239 2.116132800 0.998242503 0.857830302 0.709092549 -0.000831276 0.000017935 -0.705114931
1770029694.873854 2.115337961 0.998245548 0.857723411 0.709097796 -0.000877711 0.000069733 -0.705109595
1770029694.884758 2.114480366 0.998253008 0.857623062 0.709105741 -0.000887676 0.000080026 -0.705101591
1770029694.895695 2.113601364 0.998288369 0.857565530 0.709097837 -0.000905117 0.000078893 -0.705109518
1770029694.906841 2.112667145 0.998323349 0.857515125 0.709093775 -0.000874361 0.000057279 -0.705113644
1770029694.917807 2.111736689 0.998367531 0.857504110 0.709064439 -0.000804966 0.000023780 -0.705143228
1770029694.928699 2.110842210 0.998390772 0.857501446 0.709042342 -0.000780654 0.000001414 -0.705165476
1770029694.939563 2.109953665 0.998411351 0.857529538 0.709013420 -0.000745026 0.000002422 -0.705194594
1770029694.950744 2.109082056 0.998424884 0.857561901 0.708995945 -0.000726492 0.000019725 -0.705212182
1770029694.961611 2.108163802 0.998433222 0.857601654 0.708984002 -0.000713091 0.000010660 -0.705224203
1770029694.972252 2.107294686 0.998436718 0.857668403 0.708978621 -0.000736674 0.000056402 -0.705229586
1770029694.982887 2.106420156 0.998449510 0.857743480 0.708972855 -0.000722971 0.000058455 -0.705235397
1770029694.993835 2.105503625 0.998470194 0.857843489 0.708969099 -0.000700677 0.000067409 -0.705239194
1770029695.004797 2.104539803 0.998493412 0.857955147 0.708964375 -0.000680273 0.000033857 -0.705243966
1770029695.015350 2.103622295 0.998514938 0.858062049 0.708975434 -0.000630313 0.000006834 -0.705232896
1770029695.025958 2.102714082 0.998530253 0.858206399 0.708968343 -0.000599801 0.000000392 -0.705240050
1770029695.036846 2.101812949 0.998543863 0.858372737 0.708959766 -0.000586814 -0.000006960 -0.705248683
1770029695.047754 2.100895618 0.998561657 0.858573591 0.708937180 -0.000596770 0.000001944 -0.705271379
1770029695.058588 2.099980451 0.998567629 0.858774938 0.708931116 -0.000576618 0.000014594 -0.705277492
1770029695.069461 2.099056453 0.998584760 0.859031178 0.708907509 -0.000618640 0.000042664 -0.705301183
1770029695.079976 2.098144300 0.998609201 0.859286522 0.708885776 -0.000626781 0.000022740 -0.705323021
1770029695.091198 2.097178309 0.998659537 0.859575399 0.708859700 -0.000626515 0.000000413 -0.705349228
1770029695.102140 2.096187913 0.998710800 0.859891172 0.708823760 -0.000594014 -0.000027651 -0.705385373
1770029695.113195 2.095165217 0.998751623 0.860207907 0.708798481 -0.000513255 -0.000076916 -0.705410834
1770029695.124176 2.094178466 0.998776366 0.860518730 0.708789030 -0.000491690 -0.000108587 -0.705420341
1770029695.134927 2.093218867 0.998794580 0.860846588 0.708777842 -0.000459981 -0.000119135 -0.705431601
1770029695.145691 2.092267895 0.998802231 0.861180483 0.708776498 -0.000463339 -0.000124798 -0.705432949
1770029695.156379 2.091315131 0.998814433 0.861544498 0.708768126 -0.000450440 -0.000119626 -0.705441370
1770029695.167102 2.090393757 0.998832581 0.861944144 0.708759644 -0.000451657 -0.000047111 -0.705449900
1770029695.177899 2.089425972 0.998858747 0.862359769 0.708745524 -0.000399406 0.000003187 -0.705464119
1770029695.188490 2.088433349 0.998892851 0.862781202 0.708742625 -0.000319426 0.000057054 -0.705467069
1770029695.199399 2.087425463 0.998940804 0.863232633 0.708727698 -0.000211977 0.000111919 -0.705482099
1770029695.210086 2.086389442 0.998969508 0.863670027 0.708721312 -0.000068202 0.000125971 -0.705488541
1770029695.220628 2.085412507 0.998987583 0.864107739 0.708729435 0.000011796 0.000173032 -0.705480374
1770029695.231107 2.084425984 0.999006597 0.864578855 0.708732474 0.000078544 0.000206221 -0.705477308
1770029695.241533 2.083460916 0.999022527 0.865076289 0.708722034 0.000113690 0.000223199 -0.705487786
1770029695.251984 2.082529161 0.999058560 0.865615201 0.708693496 0.000107379 0.000252567 -0.705516444
1770029695.262634 2.081584068 0.999092374 0.866179952 0.708666372 0.000078191 0.000295141 -0.705543677
1770029695.273172 2.080578085 0.999134327 0.866769282 0.708638536 0.000093621 0.000302897 -0.705571630
1770029695.283534 2.079590133 0.999169359 0.867323408 0.708629297 0.000108164 0.000272996 -0.705580919
1770029695.294096 2.078561742 0.999196488 0.867886983 0.708628327 0.000146341 0.000231870 -0.705581901
1770029695.304634 2.077521611 0.999229243 0.868464554 0.708617030 0.000209144 0.000162783 -0.705593251
1770029695.315991 2.076440752 0.999258534 0.869128559 0.708582183 0.000237753 0.000104451 -0.705628247
1770029695.328769 2.075403876 0.999282231 0.869793755 0.708552772 0.000246207 0.000081382 -0.705657780
1770029695.339679 2.074166006 0.999318715 0.870614655 0.708527351 0.000238644 0.000074527 -0.705683307
1770029695.350367 2.073153532 0.999345861 0.871291023 0.708513581 0.000216625 0.000052410 -0.705697142
1770029695.361089 2.072140087 0.999351134 0.871961146 0.708522498 0.000174307 0.000039801 -0.705688202
1770029695.371933 2.071088034 0.999364898 0.872654780 0.708534400 0.000160060 0.000020514 -0.705676255
1770029695.382646 2.070010372 0.999394307 0.873421280 0.708497446 0.000183371 -0.000026142 -0.705713352
1770029695.393439 2.068933667 0.999439960 0.874197996 0.708465092 0.000177789 -0.000067547 -0.705745831
1770029695.404220 2.067850711 0.999498204 0.874990032 0.708424155 0.000165675 -0.000126798 -0.705786917
1770029695.414884 2.066770651 0.999545931 0.875777530 0.708394030 0.000118062 -0.000207287 -0.705817145
1770029695.425479 2.065709364 0.999573301 0.876576192 0.708358086 0.000067641 -0.000276619 -0.705853201
1770029695.436203 2.064653143 0.999595679 0.877395781 0.708319555 0.000019637 -0.000334556 -0.705891845
1770029695.447240 2.063578242 0.999614634 0.878273912 0.708273040 -0.000037127 -0.000370763 -0.705938497
1770029695.457911 2.062509418 0.999647937 0.879152042 0.708236925 -0.000081699 -0.000397827 -0.705974711
1770029695.468724 2.061477145 0.999660019 0.880008403 0.708260243 -0.000222047 -0.000349006 -0.705951313
1770029695.479467 2.060405689 0.999684204 0.880856467 0.708280931 -0.000278733 -0.000352829 -0.705930536
1770029695.490233 2.059270802 0.999709539 0.881757503 0.708276999 -0.000276329 -0.000399054 -0.705934456
1770029695.500890 2.058189033 0.999741630 0.882662335 0.708246428 -0.000278622 -0.000441389 -0.705965102
1770029695.511484 2.057040394 0.999789176 0.883619541 0.708197710 -0.000227472 -0.000524409 -0.706013935
1770029695.521997 2.055951056 0.999822222 0.884543170 0.708180608 -0.000209172 -0.000543410 -0.706031081
1770029695.533181 2.054859562 0.999839983 0.885457173 0.708192393 -0.000209292 -0.000535639 -0.706019266
1770029695.543863 2.053706245 0.999865203 0.886473511 0.708173012 -0.000206465 -0.000545025 -0.706038699
1770029695.554482 2.052597243 0.999910410 0.887513373 0.708103314 -0.000152592 -0.000567453 -0.706108598
1770029695.565097 2.051503675 0.999941968 0.888536023 0.708062896 -0.000154965 -0.000578456 -0.706149117
1770029695.575594 2.050421928 0.999978025 0.889551186 0.708041073 -0.000178224 -0.000564798 -0.706171005
1770029695.586108 2.049342365 0.999989503 0.890545064 0.708063904 -0.000253319 -0.000517444 -0.706148126
1770029695.596612 2.048251102 0.999999800 0.891558075 0.708064825 -0.000275268 -0.000493210 -0.706147212
1770029695.607154 2.047115435 1.000035585 0.892644335 0.708006745 -0.000219352 -0.000518743 -0.706205446
1770029695.617602 2.045999745 1.000059285 0.893696762 0.707990118 -0.000214757 -0.000526826 -0.706222110
1770029695.628232 2.044846892 1.000090645 0.894757399 0.707988347 -0.000205864 -0.000558775 -0.706223864
1770029695.638963 2.043706861 1.000123185 0.895817957 0.707996213 -0.000200794 -0.000564287 -0.706215975
1770029695.649485 2.042562069 1.000141418 0.896937671 0.707976941 -0.000188393 -0.000556146 -0.706235305
1770029695.659938 2.041410616 1.000161194 0.898075353 0.707930271 -0.000137057 -0.000576084 -0.706282083
1770029695.670307 2.040296657 1.000189232 0.899195655 0.707896855 -0.000126979 -0.000576501 -0.706315577
1770029695.680890 2.039181243 1.000219049 0.900291730 0.707899467 -0.000147691 -0.000565542 -0.706312964
1770029695.691554 2.038019322 1.000243738 0.901459076 0.707893146 -0.000181882 -0.000546461 -0.706319306
1770029695.702131 2.036883913 1.000276621 0.902669842 0.707830419 -0.000190319 -0.000540955 -0.706382170
1770029695.712610 2.035741307 1.000303546 0.903882794 0.707760962 -0.000159577 -0.000541082 -0.706451770
1770029695.723046 2.034596154 1.000332774 0.905070737 0.707732115 -0.000157553 -0.000508172 -0.706480694
1770029695.733407 2.033448866 1.000355240 0.906224404 0.707728810 -0.000161716 -0.000483463 -0.706484020
1770029695.743787 2.032300000 1.000367492 0.907409515 0.707714202 -0.000195652 -0.000468899 -0.706498655
1770029695.754158 2.031140096 1.000391975 0.908639307 0.707648735 -0.000167384 -0.000488860 -0.706564223
1770029695.764555 2.029940966 1.000419206 0.909855758 0.707601690 -0.000092940 -0.000542227 -0.706611312
1770029695.774961 2.028772539 1.000448921 0.911056919 0.707586477 -0.000079250 -0.000539391 -0.706626549
1770029695.785498 2.027600023 1.000467328 0.912273730 0.707567813 -0.000082007 -0.000539031 -0.706645238
1770029695.796265 2.026379594 1.000480183 0.913597736 0.707518446 -0.000081857 -0.000515902 -0.706694683
1770029695.806711 2.025192753 1.000515488 0.914906075 0.707435463 -0.000044268 -0.000527393 -0.706777748
1770029695.817224 2.024003834 1.000528827 0.916162942 0.707411583 -0.000062472 -0.000533115 -0.706801645
1770029695.827858 2.022806707 1.000551740 0.917425600 0.707395864 -0.000099858 -0.000528928 -0.706817375
1770029695.838857 2.021582221 1.000572112 0.918755997 0.707347926 -0.000110213 -0.000512565 -0.706865360
1770029695.850093 2.020328597 1.000587115 0.920195014 0.707284766 -0.000189675 -0.000461385 -0.706928575
1770029695.861078 2.019092662 1.000622219 0.921608975 0.707210868 -0.000224404 -0.000429816 -0.707002513
1770029695.871872 2.017831103 1.000644281 0.922962797 0.707195277 -0.000282555 -0.000402107 -0.707018103
1770029695.882654 2.016560919 1.000664802 0.924345905 0.707143701 -0.000303664 -0.000400941 -0.707069680
1770029695.893251 2.015309228 1.000684846 0.925726060 -0.707079042 0.000332392 0.000395157 0.707134331
1770029695.904035 2.014043160 1.000713690 0.927083461 -0.707011080 0.000290743 0.000426055 0.707202281
1770029695.914751 2.012760120 1.000738301 0.928422956 -0.706977564 0.000261731 0.000461958 0.707235775
1770029695.925265 2.011501394 1.000756855 0.929786035 -0.706924020 0.000251121 0.000454238 0.707289304
1770029695.935935 2.010241429 1.000767477 0.931166252 -0.706842181 0.000202402 0.000457824 0.707371106
1770029695.946613 2.008975623 1.000786369 0.932574493 -0.706768118 0.000201363 0.000431057 0.707445123
1770029695.957148 2.007730440 1.000802396 0.933932390 -0.706717356 0.000195084 0.000390971 0.707495857
1770029695.968134 2.006504513 1.000825414 0.935277035 -0.706677494 0.000240725 0.000344373 0.707535683
1770029695.978952 2.005163578 1.000827953 0.936760818 -0.706597914 0.000242698 0.000310441 0.707615173
1770029695.989469 2.003910223 1.000851107 0.938169963 -0.706504465 0.000247363 0.000278630 0.707708487
1770029696.000283 2.002648318 1.000855770 0.939540541 -0.706457502 0.000274888 0.000201273 0.707755382
1770029696.010987 2.001333236 1.000885470 0.940947936 -0.706396340 0.000243800 0.000155307 0.707816450
1770029696.021500 2.000095552 1.000880969 0.942308850 -0.706335502 0.000283358 0.000091817 0.707877157
1770029696.031999 1.998821307 1.000904551 0.943731478 -0.706221136 0.000284760 0.000075796 0.707991257
1770029696.042477 1.997522652 1.000928334 0.945133507 -0.706119874 0.000281986 0.000111808 0.708092248
1770029696.052954 1.996256452 1.000952993 0.946479363 -0.706046840 0.000313750 0.000112055 0.708165058
1770029696.063329 1.994985154 1.000971764 0.947820132 -0.705972272 0.000339477 0.000118846 0.708239381
1770029696.073946 1.993712771 1.000974521 0.949182038 -0.705872506 0.000345188 0.000132397 0.708338809
1770029696.084600 1.992390425 1.000987596 0.950606131 -0.705752963 0.000320274 0.000150482 0.708457924
1770029696.095736 1.991090995 1.000999506 0.951997058 -0.705656493 0.000320810 0.000107950 0.708554020
1770029696.107525 1.989588091 1.001021080 0.953536773 -0.705564991 0.000312351 0.000099821 0.708645141
1770029696.118246 1.988276935 1.001020877 0.954887498 -0.705478368 0.000341977 0.000129704 0.708731359
1770029696.129073 1.986996749 1.001025253 0.956257464 -0.705347973 0.000363723 0.000150993 0.708861116
1770029696.140629 1.985536199 1.001034511 0.957778784 -0.705213160 0.000339411 0.000151456 0.708995247
1770029696.151218 1.984262342 1.001052064 0.959089299 -0.705115078 0.000299607 0.000079628 0.709092822
1770029696.161797 1.982990203 1.001063084 0.960376231 -0.705027164 0.000186223 -0.000088846 0.709180270
1770029696.172289 1.981741477 1.001048253 0.961659119 -0.704921922 0.000043756 -0.000301516 0.709284845
1770029696.182894 1.980486771 1.001046747 0.962994277 -0.704761839 -0.000122555 -0.000535622 0.709443760
1770029696.193426 1.979233771 1.001060963 0.964303316 -0.704583975 -0.000285580 -0.000767122 0.709620147
1770029696.204053 1.977944184 1.001069319 0.965580057 -0.704401645 -0.000465797 -0.000929305 0.709800847
1770029696.214646 1.976661595 1.001076231 0.966817083 -0.704220526 -0.000649070 -0.001081084 0.709980183
1770029696.225226 1.975364169 1.001089070 0.968096257 -0.703991668 -0.000866909 -0.001234924 0.710206628
1770029696.235877 1.974107429 1.001086806 0.969366747 -0.703738094 -0.001078962 -0.001366661 0.710457362
1770029696.246561 1.972823721 1.001075189 0.970652086 -0.703473843 -0.001255411 -0.001510965 0.710718434
1770029696.257222 1.971543047 1.001095851 0.971931946 -0.703173539 -0.001477185 -0.001612318 0.711014904
1770029696.267819 1.970343853 1.001104604 0.973117055 -0.702913303 -0.001602839 -0.001752068 0.711271572
1770029696.278392 1.969111085 1.001094818 0.974332435 -0.702624363 -0.001750438 -0.001887448 0.711556307
1770029696.288837 1.967918519 1.001075050 0.975509998 -0.702327935 -0.001873443 -0.002015030 0.711848229
1770029696.299579 1.966773181 1.001064209 0.976686547 -0.702000216 -0.001975059 -0.002151408 0.712170743
1770029696.310699 1.965491871 1.001074614 0.977982879 -0.701613932 -0.002141061 -0.002251133 0.712550517
1770029696.321690 1.964269453 1.001078974 0.979197107 -0.701251995 -0.002266641 -0.002322430 0.712906100
1770029696.332696 1.963065660 1.001075462 0.980348500 -0.700917772 -0.002380513 -0.002365477 0.713234194
1770029696.343555 1.961891508 1.001060690 0.981497149 -0.700561981 -0.002491918 -0.002412819 0.713583127
1770029696.354420 1.960722083 1.001052130 0.982644640 -0.700183524 -0.002628554 -0.002463065 0.713953820
1770029696.365322 1.959553442 1.001046217 0.983808602 -0.699781600 -0.002786856 -0.002478260 0.714347117
1770029696.376286 1.958361988 1.001048275 0.984965597 -0.699372445 -0.002975716 -0.002460517 0.714747000
1770029696.386993 1.957216849 1.001050684 0.986083985 -0.698973775 -0.003158549 -0.002435453 0.715136178
1770029696.398030 1.956129840 1.001045547 0.987140976 -0.698600034 -0.003315287 -0.002418433 0.715500630
1770029696.408563 1.955014327 1.001042443 0.988192284 -0.698224714 -0.003520755 -0.002386837 0.715866018
1770029696.419107 1.953986412 1.001028822 0.989191655 -0.697857418 -0.003679136 -0.002385993 0.716223286
1770029696.429731 1.952948548 1.001019029 0.990204504 -0.697472679 -0.003858181 -0.002326680 0.716597211
1770029696.440567 1.951927992 1.001006711 0.991241418 -0.697062842 -0.004027520 -0.002280394 0.716995100
1770029696.450977 1.950946972 1.000999030 0.992262014 -0.696654195 -0.004166858 -0.002248017 0.717391466
1770029696.461406 1.949979985 1.000997140 0.993257872 -0.696253194 -0.004308531 -0.002176034 0.717780044
1770029696.471814 1.949069404 1.000992104 0.994219221 -0.695858386 -0.004422546 -0.002137855 0.718162222
1770029696.482155 1.948150123 1.000989265 0.995154813 -0.695482591 -0.004575264 -0.002039540 0.718525486
1770029696.492547 1.947265718 1.000984446 0.996068251 -0.695117666 -0.004718188 -0.001951350 0.718877848
1770029696.502923 1.946392766 1.000979390 0.996993365 -0.694739305 -0.004899663 -0.001850128 0.719242566
1770029696.513380 1.945549754 1.000972773 0.997912242 -0.694365544 -0.005071399 -0.001753054 0.719602459
1770029696.523992 1.944702284 1.000966266 0.998877305 -0.693959188 -0.005258758 -0.001647036 0.719993249
1770029696.534672 1.943903932 1.000962223 0.999830842 -0.693555326 -0.005427301 -0.001543750 0.720381268
1770029696.545271 1.943091357 1.000959289 1.000791828 -0.693151365 -0.005608833 -0.001418027 0.720768836
1770029696.555755 1.942310763 1.000958601 1.001725180 -0.692758035 -0.005813454 -0.001278809 0.721145528
1770029696.566408 1.941538451 1.000954636 1.002649642 -0.692381139 -0.006043622 -0.001122692 0.721505767
1770029696.577011 1.940787185 1.000951646 1.003562325 -0.692017403 -0.006264020 -0.000961420 0.721852999
1770029696.587567 1.940070144 1.000944105 1.004469355 -0.691664810 -0.006505459 -0.000813736 0.722188900
1770029696.598299 1.939364808 1.000933585 1.005380016 -0.691314248 -0.006753137 -0.000630681 0.722522393
1770029696.609108 1.938669754 1.000922167 1.006333025 -0.690935646 -0.007000993 -0.000446401 0.722882231
1770029696.620079 1.937980978 1.000906861 1.007318676 -0.690555956 -0.007271947 -0.000243697 0.723242374
1770029696.630954 1.937322049 1.000893710 1.008324829 -0.690160338 -0.007519672 -0.000046948 0.723617413
1770029696.641758 1.936719315 1.000882137 1.009313465 -0.689773645 -0.007736628 0.000129958 0.723983734
1770029696.652696 1.936129404 1.000873007 1.010303277 -0.689396760 -0.007959161 0.000337540 0.724340145
1770029696.663521 1.935544748 1.000872491 1.011312279 -0.689012848 -0.008204498 0.000526858 0.724702493
1770029696.674140 1.934997531 1.000875839 1.012314437 -0.688634453 -0.008436460 0.000695724 0.725059261
1770029696.684585 1.934481692 1.000883436 1.013298273 -0.688262275 -0.008663252 0.000838968 0.725409736
1770029696.695078 1.933991557 1.000887755 1.014315094 -0.687862018 -0.008871923 0.000946804 0.725786633
1770029696.705537 1.933531340 1.000896094 1.015345192 -0.687445629 -0.009063946 0.001049015 0.726178526
1770029696.716068 1.933069624 1.000908254 1.016438564 -0.687001106 -0.009278285 0.001135733 0.726596245
1770029696.726497 1.932638753 1.000927243 1.017546894 -0.686533251 -0.009466277 0.001200169 0.727035793
1770029696.737042 1.932223957 1.000947633 1.018684483 -0.686064524 -0.009668798 0.001270375 0.727475339
1770029696.747544 1.931820749 1.000969948 1.019841584 -0.685607271 -0.009878806 0.001376340 0.727903280
1770029696.757963 1.931422575 1.000997993 1.021005603 -0.685159418 -0.010126499 0.001514604 0.728321174
1770029696.768567 1.931038060 1.001017695 1.022164183 -0.684759585 -0.010426433 0.001665503 0.728692546
1770029696.779547 1.930634661 1.001037742 1.023412697 -0.684362207 -0.010790561 0.001890475 0.729059915
1770029696.790182 1.930245583 1.001057270 1.024657358 -0.683979228 -0.011151005 0.002154333 0.729413072
1770029696.801013 1.929869083 1.001074324 1.025940300 -0.683590363 -0.011503815 0.002440154 0.729771145
1770029696.811768 1.929470513 1.001103877 1.027302250 -0.683179580 -0.011917059 0.002756028 0.730147964
1770029696.822302 1.929110370 1.001131152 1.028638856 -0.682805113 -0.012308569 0.003060063 0.730490460
1770029696.834045 1.928689967 1.001159877 1.030145018 -0.682406476 -0.012794350 0.003443400 0.730852823
1770029696.844554 1.928281864 1.001193797 1.031549978 -0.682066782 -0.013276021 0.003843017 0.731159274
1770029696.854902 1.927887792 1.001232272 1.032927321 -0.681747572 -0.013773481 0.004228186 0.731445597
1770029696.865313 1.927492097 1.001257414 1.034316286 -0.681467872 -0.014321307 0.004620283 0.731693305
1770029696.876013 1.927097556 1.001279052 1.035798476 -0.681159996 -0.014872979 0.005022555 0.731966276
1770029696.886451 1.926713855 1.001311973 1.037354837 -0.680805658 -0.015401822 0.005418297 0.732282105
1770029696.897110 1.926320190 1.001353154 1.038914663 -0.680480702 -0.015951461 0.005828977 0.732569170
1770029696.907558 1.925914001 1.001387641 1.040537123 -0.680140140 -0.016536064 0.006225986 0.732869146
1770029696.918165 1.925508586 1.001433143 1.042101598 -0.679868176 -0.017123990 0.006643563 0.733104287
1770029696.928704 1.925081044 1.001478310 1.043768844 -0.679578273 -0.017747698 0.007089435 0.733354028
1770029696.939178 1.924656479 1.001512322 1.045480648 -0.679280164 -0.018356436 0.007534699 0.733610747
1770029696.949545 1.924236960 1.001545991 1.047215237 -0.678942989 -0.018918462 0.007969355 0.733903944
1770029696.959974 1.923794042 1.001598493 1.049027897 -0.678579047 -0.019511628 0.008399570 0.734220144
1770029696.970570 1.923351480 1.001639787 1.050853571 -0.678246145 -0.020097664 0.008835078 0.734506768
1770029696.981106 1.922896107 1.001691249 1.052704476 -0.677951279 -0.020705243 0.009288491 0.734756477
1770029696.991601 1.922386975 1.001739986 1.054594910 -0.677653432 -0.021356025 0.009776005 0.735006242
1770029697.002300 1.921846910 1.001779078 1.056525120 -0.677353083 -0.022026697 0.010293226 0.735256197
1770029697.013139 1.921243072 1.001830461 1.058643432 -0.676992310 -0.022725363 0.010850463 0.735559132
1770029697.023810 1.920650251 1.001881926 1.060731213 -0.676650000 -0.023377102 0.011400384 0.735845310
1770029697.034470 1.920041997 1.001942989 1.062781243 -0.676377922 -0.024057641 0.011960436 0.736064593
1770029697.045202 1.919409210 1.001998229 1.064906750 -0.676096807 -0.024733789 0.012540669 0.736290757
1770029697.055760 1.918770786 1.002041423 1.067040305 -0.675778349 -0.025391408 0.013102747 0.736550893
1770029697.066277 1.918134188 1.002094015 1.069261837 -0.675447329 -0.026016704 0.013647166 0.736822768
1770029697.077004 1.917422482 1.002152321 1.071552829 -0.675097381 -0.026666457 0.014230779 0.737109158
1770029697.087757 1.916640255 1.002213377 1.073811388 -0.674844107 -0.027380858 0.014879018 0.737302065
1770029697.098255 1.915857377 1.002259637 1.076024942 -0.674626314 -0.028070300 0.015529919 0.737462010
1770029697.108983 1.915005516 1.002307454 1.078430234 -0.674318571 -0.028790605 0.016195359 0.737701346
1770029697.119494 1.914180192 1.002353557 1.080725825 -0.674071686 -0.029461645 0.016829434 0.737886268
1770029697.129900 1.913393309 1.002414452 1.083078051 -0.673829359 -0.030081962 0.017406578 0.738069158
1770029697.140625 1.912516580 1.002481856 1.085493656 -0.673613374 -0.030766362 0.018010884 0.738223585
1770029697.151677 1.911568781 1.002527444 1.087894178 -0.673424304 -0.031487662 0.018670202 0.738349279
1770029697.163043 1.910517169 1.002583422 1.090547751 -0.673124489 -0.032209911 0.019369340 0.738573471
1770029697.175410 1.909290863 1.002656127 1.093564280 -0.672848968 -0.033001490 0.020188618 0.738767614
1770029697.186115 1.908266637 1.002729428 1.096145251 -0.672695575 -0.033642090 0.020852157 0.738859973
1770029697.196818 1.907203076 1.002787810 1.098687728 -0.672521260 -0.034244578 0.021547806 0.738971011
1770029697.207726 1.906032459 1.002832082 1.101378410 -0.672243960 -0.034860093 0.022294516 0.739172366
1770029697.218721 1.904829954 1.002879807 1.104062362 -0.672084462 -0.035436604 0.023065896 0.739266317
1770029697.229521 1.903679840 1.002944881 1.106662101 -0.672032843 -0.035966700 0.023794146 0.739264562
1770029697.240173 1.902513918 1.002997586 1.109248212 -0.671950112 -0.036448856 0.024505880 0.739292899
1770029697.251069 1.901288541 1.003027591 1.111871074 -0.671839442 -0.036919871 0.025257055 0.739344824
1770029697.261973 1.899935555 1.003078065 1.114649612 -0.671737433 -0.037440552 0.026052838 0.739383713
1770029697.272636 1.898641707 1.003145147 1.117314057 -0.671726231 -0.037859233 0.026800207 0.739345858
1770029697.283141 1.897363531 1.003205364 1.119932235 -0.671706276 -0.038204975 0.027553127 0.739318527
1770029697.293692 1.896020459 1.003245721 1.122606048 -0.671667424 -0.038545586 0.028334213 0.739306622
1770029697.304411 1.894636999 1.003277517 1.125298395 -0.671626052 -0.038863602 0.029102611 0.739297710
1770029697.315121 1.893314915 1.003318587 1.127928090 -0.671682466 -0.039079713 0.029798243 0.739207349
1770029697.325903 1.891900503 1.003371367 1.130609764 -0.671797430 -0.039313954 0.030525082 0.739060786
1770029697.336754 1.890439843 1.003414319 1.133275205 -0.671953442 -0.039523960 0.031301034 0.738875276
1770029697.347517 1.888977143 1.003436854 1.136015850 -0.672039886 -0.039638187 0.032041181 0.738758803
1770029697.358131 1.887528299 1.003472927 1.138761962 -0.672085786 -0.039692233 0.032743490 0.738683347
1770029697.368712 1.886037038 1.003529884 1.141361871 -0.672315874 -0.039721698 0.033501675 0.738438345
1770029697.379371 1.884540833 1.003569363 1.144006803 -0.672508128 -0.039689614 0.034225132 0.738231801
1770029697.390051 1.883037832 1.003581918 1.146665610 -0.672703046 -0.039600427 0.034921976 0.738026336
1770029697.400760 1.881560042 1.003592576 1.149287952 -0.672972990 -0.039429953 0.035583391 0.737757721
1770029697.411384 1.879993321 1.003621547 1.151985281 -0.673185719 -0.039219525 0.036271820 0.737541301
1770029697.422154 1.878440681 1.003671335 1.154614042 -0.673479175 -0.038924351 0.036962279 0.737254695
1770029697.432899 1.876905640 1.003716191 1.157237671 -0.673806416 -0.038546031 0.037616228 0.736942425
1770029697.443553 1.875356479 1.003732709 1.159859274 -0.674064941 -0.038100174 0.038264455 0.736695774
1770029697.454447 1.873788211 1.003730519 1.162450725 -0.674368095 -0.037636756 0.038936135 0.736406902
1770029697.465239 1.872132000 1.003736755 1.165189700 -0.674709044 -0.037106996 0.039562522 0.736088028
1770029697.475852 1.870617280 1.003787209 1.167646814 -0.675184539 -0.036485535 0.040078769 0.735655039
1770029697.486529 1.869053605 1.003922480 1.169909707 -0.675795557 -0.035834679 0.040635488 0.735095231
1770029697.497523 1.867388999 1.004260800 1.171934999 -0.676499458 -0.034996439 0.041231831 0.734454675
1770029697.508124 1.865724227 1.004803891 1.173595318 -0.677242740 -0.034075592 0.041820248 0.733779389
1770029697.518588 1.864160176 1.005509138 1.174856756 -0.678327839 -0.033073781 0.042276167 0.732796147
1770029697.528923 1.862568334 1.006272989 1.175884516 -0.679672814 -0.032167764 0.042648564 0.731567632
1770029697.539706 1.860916280 1.007031818 1.176874370 -0.681328467 -0.031392167 0.042917778 0.730043914
1770029697.550238 1.859264327 1.007750755 1.177806746 -0.683289079 -0.030703060 0.043003980 0.728233489
1770029697.560881 1.857625980 1.008421565 1.178785892 -0.685206135 -0.030114840 0.042881505 0.726461854
1770029697.571507 1.855979523 1.009073324 1.179759580 -0.687157459 -0.029626654 0.042541742 0.724656531
1770029697.582121 1.854314245 1.009727488 1.180735965 -0.689083982 -0.029231249 0.042024900 0.722871156
1770029697.592882 1.852614768 1.010393498 1.181774291 -0.690911916 -0.028867867 0.041392862 0.721175431
1770029697.603817 1.851002404 1.011048721 1.182846381 -0.692668209 -0.028442515 0.040712105 0.719544509
1770029697.614475 1.849312637 1.011693765 1.183971354 -0.694358370 -0.028020311 0.040070812 0.717966326
1770029697.625095 1.847633648 1.012287904 1.185094671 -0.695912871 -0.027612045 0.039502337 0.716507094
1770029697.635732 1.845955128 1.012858349 1.186221167 -0.697468427 -0.027224094 0.038920990 0.715039719
1770029697.646240 1.844325967 1.013424306 1.187369094 -0.698883252 -0.026823374 0.038318605 0.713704695
1770029697.656942 1.842680672 1.013995022 1.188650864 -0.700172242 -0.026402084 0.037709830 0.712488407
1770029697.667389 1.841048588 1.014524912 1.189889623 -0.701367857 -0.026046667 0.037124313 0.711355387
1770029697.678241 1.839322386 1.015044768 1.191188953 -0.702505819 -0.025719466 0.036552685 0.710273176
1770029697.688967 1.837567707 1.015555898 1.192505454 -0.703682499 -0.025402299 0.035992523 0.709147517
1770029697.699848 1.835971041 1.016054222 1.193786209 -0.704758091 -0.025023155 0.035371184 0.708123403
1770029697.710374 1.834287367 1.016552256 1.195204131 -0.705690291 -0.024685859 0.034792997 0.707234946
1770029697.720994 1.832574172 1.017019755 1.196566415 0.706666791 0.024396710 -0.034272960 -0.706294705
1770029697.731662 1.830872057 1.017453975 1.197911432 0.707564327 0.024145178 -0.033765390 -0.705428687
1770029697.742366 1.829122676 1.017898501 1.199311331 0.708507785 0.023893932 -0.033215856 -0.704515795
1770029697.752885 1.827543556 1.018326305 1.200630290 0.709458357 0.023586141 -0.032638789 -0.703595937
1770029697.763618 1.825866805 1.018754155 1.202073386 0.710288323 0.023302879 -0.032081233 -0.702793190
1770029697.774322 1.824195997 1.019136833 1.203463527 0.711076861 0.023097975 -0.031583224 -0.702024701
1770029697.785065 1.822440425 1.019525470 1.204867982 0.711983904 0.022903526 -0.031066288 -0.701134249
1770029697.796017 1.820758017 1.019899001 1.206252295 0.712814766 0.022686027 -0.030558914 -0.700318932
1770029697.806657 1.819059151 1.020271193 1.207720374 0.713625997 0.022438368 -0.030039396 -0.699522760
1770029697.817331 1.817417900 1.020640516 1.209155444 0.714477065 0.022171192 -0.029466280 -0.698686410
1770029697.827750 1.815787231 1.020972780 1.210551777 0.715192999 0.021991053 -0.028972843 -0.697979901
1770029697.838608 1.814084958 1.021289551 1.211977379 0.715925916 0.021848740 -0.028503425 -0.697251942
1770029697.849290 1.812408328 1.021602799 1.213388451 0.716726326 0.021658200 -0.028002482 -0.696455423
1770029697.859782 1.810764153 1.021897829 1.214802216 0.717426013 0.021494032 -0.027538898 -0.695758242
1770029697.870545 1.809206584 1.022199327 1.216241850 0.718102392 0.021256850 -0.026984667 -0.695089151
1770029697.881093 1.807596927 1.022480466 1.217698765 0.718760610 0.021065268 -0.026475024 -0.694433951
1770029697.891865 1.805901032 1.022743910 1.219146352 0.719434060 0.020938496 -0.026023781 -0.693757145
1770029697.902549 1.804259273 1.022979326 1.220567655 0.720062441 0.020811693 -0.025584742 -0.693125079
1770029697.913299 1.802590480 1.023217263 1.222035325 0.720682351 0.020677403 -0.025140698 -0.692500787
1770029697.924023 1.800959490 1.023458267 1.223514576 0.721308309 0.020499123 -0.024662315 -0.691871289
1770029697.934744 1.799410654 1.023691241 1.225010956 0.721851751 0.020278878 -0.024153057 -0.691328755
1770029697.945444 1.797816422 1.023894511 1.226477709 0.722356687 0.020136558 -0.023696512 -0.690821114
1770029697.956127 1.796176286 1.024074800 1.227941503 0.722845031 0.020044657 -0.023313732 -0.690325824
1770029697.966821 1.794543813 1.024251474 1.229385958 0.723390456 0.019926587 -0.022900888 -0.689771505
1770029697.977514 1.792957391 1.024418470 1.230857899 0.723842995 0.019795614 -0.022489596 -0.689313913
1770029697.988052 1.791381579 1.024583788 1.232382733 0.724253105 0.019632055 -0.022073708 -0.688901134
1770029697.998415 1.789946575 1.024746700 1.233799732 0.724680971 0.019418522 -0.021616759 -0.688471587
1770029698.008884 1.788419168 1.024877827 1.235252754 0.725042487 0.019298040 -0.021223825 -0.688106479
1770029698.019465 1.786855146 1.024993673 1.236708884 0.725420425 0.019216805 -0.020818922 -0.687722686
1770029698.029982 1.785297019 1.025098378 1.238162725 0.725775374 0.019132058 -0.020451686 -0.687361477
1770029698.040633 1.783740134 1.025204662 1.239655705 0.726109647 0.019028269 -0.020076646 -0.687022294
1770029698.051204 1.782243574 1.025304618 1.241128872 0.726406756 0.018897112 -0.019688933 -0.686722993
1770029698.061831 1.780740765 1.025392290 1.242629246 0.726650768 0.018768044 -0.019304037 -0.686479261
1770029698.072779 1.779302276 1.025471988 1.244091751 0.726929781 0.018603488 -0.018873751 -0.686200252
1770029698.083417 1.777763080 1.025529213 1.245576930 0.727225142 0.018495579 -0.018495255 -0.685900453
1770029698.094007 1.776227512 1.025576773 1.247045793 0.727482267 0.018416438 -0.018163609 -0.685638730
1770029698.104530 1.774747201 1.025606694 1.248520522 0.727655652 0.018329810 -0.017868768 -0.685464789
1770029698.114997 1.773269143 1.025637830 1.249994600 0.727837339 0.018224533 -0.017528604 -0.685283461
1770029698.125804 1.771802031 1.025661007 1.251474751 0.728015175 0.018108731 -0.017165608 -0.685106796
1770029698.136516 1.770405684 1.025682897 1.252908949 0.728232776 0.017941065 -0.016785155 -0.684889335
1770029698.147077 1.769005204 1.025691174 1.254340520 0.728421179 0.017780920 -0.016421992 -0.684701937
1770029698.157713 1.767519031 1.025673658 1.255841783 0.728505900 0.017690775 -0.016162230 -0.684620313
1770029698.168781 1.766045516 1.025650217 1.257324498 0.728605212 0.017597221 -0.015868990 -0.684523891
1770029698.179646 1.764530389 1.025613696 1.258840629 0.728693550 0.017501884 -0.015576576 -0.684439015
1770029698.190235 1.763102357 1.025576010 1.260284817 0.728796115 0.017380783 -0.015277367 -0.684339633
1770029698.200907 1.761768325 1.025534851 1.261663048 0.728900196 0.017228230 -0.014956679 -0.684239716
1770029698.211713 1.760398009 1.025490752 1.263128999 0.728934359 0.017061321 -0.014633304 -0.684214497
1770029698.222360 1.759011318 1.025427145 1.264609326 0.728963231 0.016899268 -0.014332167 -0.684194133
1770029698.233202 1.757618186 1.025351204 1.266046197 0.728966632 0.016788909 -0.014078821 -0.684198487
1770029698.244163 1.756162390 1.025254599 1.267503027 0.728982423 0.016704842 -0.013817610 -0.684189045
1770029698.254855 1.754749693 1.025147323 1.268927631 0.728999289 0.016612827 -0.013575397 -0.684178164
1770029698.265722 1.753411998 1.025052642 1.270315812 0.728998826 0.016476398 -0.013288205 -0.684187594
1770029698.276471 1.752094247 1.024946638 1.271716805 0.728954863 0.016328021 -0.013032517 -0.684242908
1770029698.286963 1.750812599 1.024845582 1.273126398 0.728918875 0.016131012 -0.012744007 -0.684291352
1770029698.297463 1.749553277 1.024734360 1.274491224 0.728848722 0.015962583 -0.012475932 -0.684374962
1770029698.307872 1.748231957 1.024592972 1.275844584 0.728752462 0.015866292 -0.012291537 -0.684483037
1770029698.318321 1.746938529 1.024443696 1.277144059 0.728714084 0.015759447 -0.012058494 -0.684530508
1770029698.328699 1.745644408 1.024287635 1.278454415 0.728620311 0.015657604 -0.011882796 -0.684635728
1770029698.339239 1.744371988 1.024130355 1.279777865 0.728510513 0.015547631 -0.011669629 -0.684758734
1770029698.349831 1.743164813 1.023979962 1.281074053 0.728409451 0.015376872 -0.011439363 -0.684873977
1770029698.360425 1.741916328 1.023815852 1.282437099 0.728234174 0.015216882 -0.011251188 -0.685067037
1770029698.371389 1.740704335 1.023654170 1.283772798 0.728090442 0.015011469 -0.010987209 -0.685228608
1770029698.381977 1.739476943 1.023469735 1.285048581 0.727969119 0.014860922 -0.010770843 -0.685364212
1770029698.392468 1.738215173 1.023266859 1.286319000 0.727842896 0.014736600 -0.010601337 -0.685503584
1770029698.403061 1.737004577 1.023062287 1.287537512 0.727701667 0.014621871 -0.010444535 -0.685658368
1770029698.413630 1.735762399 1.022852271 1.288814626 0.727509069 0.014504915 -0.010300009 -0.685867386
1770029698.424152 1.734582935 1.022648107 1.290068795 0.727328219 0.014323636 -0.010112597 -0.686065763
1770029698.434796 1.733423877 1.022437549 1.291318568 0.727122074 0.014141625 -0.009937979 -0.686290566
1770029698.445352 1.732269870 1.022226724 1.292561188 0.726900441 0.013946738 -0.009732179 -0.686532244
1770029698.456248 1.731143956 1.022007333 1.293759003 0.726692079 0.013758885 -0.009539947 -0.686759277
1770029698.467297 1.729907925 1.021755109 1.295002443 0.726479304 0.013599942 -0.009388468 -0.686989606
1770029698.477901 1.728706252 1.021496187 1.296183658 0.726271373 0.013456740 -0.009263360 -0.687213940
1770029698.488466 1.727550442 1.021241955 1.297336272 0.726046055 0.013314604 -0.009150912 -0.687456259
1770029698.499006 1.726442171 1.020998351 1.298479118 0.725814815 0.013114943 -0.009014541 -0.687706035
1770029698.509505 1.725328444 1.020741840 1.299648907 0.725519206 0.012944010 -0.008905303 -0.688022551
1770029698.519961 1.724239792 1.020485753 1.300787516 0.725232785 0.012750570 -0.008779150 -0.688329687
1770029698.531541 1.723154202 1.020224316 1.301931934 0.724951824 0.012536333 -0.008587955 -0.688631934
1770029698.542706 1.722001843 1.019936014 1.303095678 0.724678181 0.012324898 -0.008420994 -0.688925771
1770029698.553619 1.720837937 1.019638951 1.304216452 0.724397380 0.012165351 -0.008310148 -0.689225203
1770029698.564241 1.719711736 1.019352818 1.305268472 0.724121374 0.012023548 -0.008236130 -0.689518554
1770029698.574873 1.718633700 1.019083558 1.306275941 0.723850109 0.011866288 -0.008149045 -0.689807077
1770029698.585474 1.717559512 1.018815806 1.307287827 0.723575276 0.011684120 -0.008048766 -0.690099644
1770029698.596096 1.716509040 1.018559862 1.308267669 0.723301476 0.011502349 -0.007929073 -0.690391049
1770029698.606717 1.715466839 1.018306449 1.309237241 0.723000422 0.011341411 -0.007827984 -0.690710130
1770029698.617353 1.714456048 1.018072133 1.310165083 0.722731488 0.011132213 -0.007692249 -0.690996454
1770029698.627975 1.713425125 1.017827760 1.311052426 0.722477460 0.010960389 -0.007555922 -0.691266300
1770029698.638609 1.712347236 1.017573343 1.311907110 0.722238496 0.010830595 -0.007472260 -0.691518922
1770029698.649245 1.711264026 1.017326998 1.312728923 0.722029058 0.010701576 -0.007386845 -0.691740522
1770029698.659870 1.710180888 1.017084218 1.313539791 0.721798573 0.010577532 -0.007341256 -0.691983412
1770029698.670715 1.709153102 1.016864588 1.314308209 0.721586382 0.010420639 -0.007242212 -0.692208100
1770029698.681656 1.708104511 1.016639950 1.315074673 0.721383717 0.010246933 -0.007133727 -0.692423023
1770029698.692768 1.707050151 1.016417635 1.315819067 0.721179319 0.010062484 -0.007047834 -0.692639491
1770029698.703623 1.706064196 1.016219864 1.316531075 0.720978230 0.009853239 -0.006929209 -0.692853009
1770029698.714488 1.705039814 1.016012479 1.317252825 0.720739042 0.009662525 -0.006821082 -0.693105578
1770029698.725293 1.703990759 1.015791802 1.317925168 0.720509236 0.009536923 -0.006745393 -0.693346946
1770029698.736616 1.702873914 1.015557365 1.318575532 0.720297375 0.009453404 -0.006666890 -0.693568942
1770029698.747171 1.701823432 1.015343411 1.319165855 0.720101692 0.009354606 -0.006584027 -0.693774239
1770029698.757533 1.700827633 1.015148833 1.319726232 0.719890637 0.009270537 -0.006511253 -0.693995051
1770029698.768016 1.699873415 1.014972213 1.320259297 0.719688840 0.009139276 -0.006415453 -0.694206950
1770029698.778450 1.698905094 1.014787922 1.320768689 0.719497639 0.009025388 -0.006309595 -0.694407575
1770029698.788884 1.697958538 1.014616483 1.321244197 0.719326214 0.008922648 -0.006183313 -0.694587612
1770029698.799545 1.697066571 1.014459404 1.321703260 0.719162916 0.008758684 -0.006025553 -0.694760159
1770029698.810070 1.696065965 1.014266201 1.322168049 0.718972411 0.008670668 -0.005931653 -0.694959213
1770029698.820454 1.695094472 1.014081961 1.322576998 0.718805921 0.008599695 -0.005845206 -0.695133028
1770029698.830826 1.694113661 1.013895252 1.322964156 0.718642304 0.008528670 -0.005787240 -0.695303537
1770029698.841181 1.693149425 1.013715147 1.323345037 0.718455151 0.008439517 -0.005738268 -0.695498413
1770029698.851556 1.692234233 1.013551668 1.323690819 0.718280897 0.008321597 -0.005666071 -0.695680386
1770029698.862010 1.691301953 1.013387618 1.324038107 0.718093429 0.008195697 -0.005614413 -0.695875805
1770029698.872642 1.690368616 1.013219675 1.324352877 0.717909639 0.008073051 -0.005542693 -0.696067421
1770029698.883267 1.689457331 1.013060962 1.324649775 0.717728602 0.007943229 -0.005449478 -0.696256319
1770029698.893729 1.688587042 1.012926033 1.324886402 0.717593688 0.007793768 -0.005318305 -0.696398070
1770029698.904240 1.687666233 1.012759911 1.325124234 0.717437854 0.007695629 -0.005252303 -0.696560202
1770029698.914654 1.686726452 1.012595902 1.325321535 0.717302424 0.007634497 -0.005198860 -0.696700738
1770029698.925140 1.685780620 1.012426551 1.325499333 0.717171503 0.007575372 -0.005144665 -0.696836553
1770029698.935663 1.684854337 1.012270833 1.325663647 0.717047153 0.007498497 -0.005081141 -0.696965806
1770029698.946800 1.683934814 1.012119244 1.325794373 0.716942882 0.007401883 -0.004999148 -0.697074691
1770029698.957752 1.682965347 1.011953181 1.325925130 0.716831634 0.007295433 -0.004914380 -0.697190816
1770029698.968472 1.682095944 1.011813642 1.326009942 0.716754376 0.007174395 -0.004817477 -0.697272174
1770029698.979044 1.681218362 1.011672223 1.326065154 0.716690320 0.007036752 -0.004710767 -0.697340145
1770029698.989751 1.680386935 1.011554077 1.326093992 0.716645420 0.006863428 -0.004584031 -0.697388860
1770029699.000454 1.679520606 1.011414616 1.326106002 0.716595967 0.006729753 -0.004493002 -0.697441570
1770029699.011161 1.678585862 1.011259454 1.326084474 0.716561979 0.006650531 -0.004439760 -0.697477590
1770029699.021747 1.677684083 1.011110269 1.326041136 0.716534539 0.006567362 -0.004378639 -0.697506955
1770029699.032423 1.676797307 1.010969238 1.325988667 0.716480076 0.006481370 -0.004328231 -0.697564018
1770029699.043142 1.675933702 1.010837523 1.325913605 0.716415318 0.006385759 -0.004256688 -0.697631847
1770029699.053722 1.675078477 1.010717662 1.325802180 0.716355693 0.006287413 -0.004170749 -0.697694485
1770029699.064478 1.674241050 1.010595909 1.325681164 0.716281241 0.006204062 -0.004109274 -0.697772031
1770029699.075140 1.673370063 1.010478183 1.325530313 0.716184589 0.006117700 -0.004028783 -0.697872465
1770029699.085733 1.672575549 1.010378934 1.325368551 0.716075825 0.005997151 -0.003931892 -0.697985664
1770029699.096297 1.671764011 1.010264968 1.325200512 0.715940493 0.005893078 -0.003858052 -0.698125775
1770029699.107030 1.670887994 1.010132080 1.325009740 0.715784708 0.005863869 -0.003842503 -0.698285831
1770029699.117654 1.670036018 1.010000324 1.324804688 0.715623896 0.005810412 -0.003828297 -0.698451159
1770029699.128215 1.669177282 1.009872821 1.324577872 0.715443483 0.005782612 -0.003811851 -0.698636282
1770029699.138742 1.668341837 1.009753849 1.324338350 0.715253588 0.005744656 -0.003792354 -0.698831111
1770029699.149211 1.667553129 1.009653099 1.324089263 0.715084176 0.005670539 -0.003760808 -0.699005238
1770029699.159603 1.666747264 1.009550961 1.323812336 0.714930789 0.005618527 -0.003735729 -0.699162673
1770029699.170236 1.665964108 1.009453651 1.323527190 0.714763601 0.005537855 -0.003680309 -0.699334528
1770029699.180803 1.665195265 1.009360325 1.323226659 0.714598964 0.005453544 -0.003626379 -0.699503702
1770029699.191366 1.664443885 1.009278754 1.322894746 0.714439365 0.005349587 -0.003550839 -0.699667898
1770029699.201915 1.663690508 1.009180153 1.322555507 0.714282380 0.005279994 -0.003497251 -0.699828959
1770029699.212796 1.662862489 1.009061996 1.322158530 0.714148822 0.005268100 -0.003486436 -0.699965393
1770029699.223375 1.662020029 1.008942461 1.321719594 0.714013605 0.005245646 -0.003459306 -0.700103626
1770029699.234073 1.661220979 1.008833328 1.321280084 0.713875483 0.005227457 -0.003442499 -0.700244684
1770029699.244490 1.660452594 1.008735444 1.320824777 0.713738793 0.005193947 -0.003402751 -0.700384452
1770029699.255316 1.659684341 1.008645811 1.320325827 0.713618768 0.005160658 -0.003356879 -0.700507211
1770029699.266012 1.658947545 1.008554507 1.319829648 0.713513122 0.005128137 -0.003322474 -0.700615222
1770029699.276722 1.658167112 1.008468484 1.319267582 0.713399128 0.005094956 -0.003257030 -0.700731844
1770029699.287289 1.657437652 1.008381146 1.318719307 0.713281259 0.005044950 -0.003207582 -0.700852414
1770029699.298450 1.656749000 1.008311730 1.318150177 0.713172174 0.004938119 -0.003140677 -0.700964479
1770029699.309092 1.655977954 1.008215065 1.317532090 0.713056917 0.004891072 -0.003109781 -0.701082191
1770029699.319931 1.655221479 1.008111771 1.316922977 0.712950917 0.004859532 -0.003098874 -0.701190254
1770029699.332208 1.654384976 1.008001748 1.316210994 0.712852788 0.004831761 -0.003090455 -0.701290244
1770029699.343244 1.653557622 1.007890262 1.315496920 0.712720805 0.004819641 -0.003085424 -0.701424483
1770029699.353936 1.652850555 1.007806723 1.314837009 0.712614177 0.004788145 -0.003052954 -0.701533170
1770029699.365019 1.652122293 1.007713161 1.314107858 0.712517717 0.004757230 -0.003011481 -0.701631529
1770029699.376052 1.651387104 1.007627157 1.313371280 0.712401811 0.004703535 -0.002970983 -0.701749749
1770029699.386894 1.650683422 1.007553712 1.312602986 0.712313855 0.004670229 -0.002924310 -0.701839447
1770029699.397634 1.650007266 1.007477541 1.311852892 0.712208726 0.004611006 -0.002888924 -0.701946667
1770029699.408312 1.649340489 1.007416802 1.311056431 0.712140271 0.004555405 -0.002835065 -0.702016698
1770029699.418793 1.648694068 1.007345959 1.310270384 0.712049058 0.004498995 -0.002781861 -0.702109792
1770029699.429207 1.648005332 1.007263647 1.309480614 0.711953512 0.004495126 -0.002766437 -0.702206763
1770029699.439615 1.647304034 1.007179335 1.308652681 0.711872465 0.004520897 -0.002753826 -0.702288809
1770029699.450230 1.646611801 1.007097507 1.307820111 0.711777154 0.004521734 -0.002745487 -0.702385435
1770029699.460875 1.645927914 1.007016288 1.306935410 0.711697736 0.004526061 -0.002735960 -0.702465915
1770029699.471545 1.645283344 1.006942942 1.306073879 0.711600709 0.004488050 -0.002712230 -0.702564539
1770029699.482172 1.644631958 1.006872665 1.305147912 0.711521459 0.004447344 -0.002672668 -0.702645210
1770029699.493004 1.643999510 1.006803262 1.304222045 0.711446870 0.004402799 -0.002634664 -0.702721158
1770029699.503623 1.643385593 1.006742970 1.303283334 0.711390678 0.004356450 -0.002585030 -0.702778516
1770029699.514085 1.642778198 1.006682109 1.302323060 0.711342333 0.004313441 -0.002536610 -0.702827892
1770029699.524652 1.642185256 1.006621984 1.301355382 0.711267240 0.004250185 -0.002493913 -0.702904424
1770029699.535225 1.641604467 1.006569659 1.300382599 0.711186518 0.004172834 -0.002447212 -0.702986725
1770029699.546356 1.640990169 1.006493729 1.299402447 0.711108862 0.004157328 -0.002426869 -0.703065440
1770029699.557044 1.640292287 1.006410338 1.298293751 0.711049337 0.004186264 -0.002416707 -0.703125504
1770029699.567797 1.639655623 1.006331716 1.297266149 0.710968958 0.004200274 -0.002407248 -0.703206729
1770029699.578441 1.639031805 1.006263094 1.296189989 0.710896624 0.004219273 -0.002377664 -0.703279841
1770029699.588969 1.638425866 1.006211644 1.295106287 0.710838235 0.004232989 -0.002343648 -0.703338889
1770029699.599538 1.637849799 1.006157766 1.294024622 0.710793738 0.004205697 -0.002319060 -0.703384103
1770029699.610132 1.637265877 1.006107340 1.292878855 0.710766388 0.004192030 -0.002281610 -0.703411944
1770029699.621058 1.636683386 1.006052817 1.291737676 0.710698134 0.004145861 -0.002269452 -0.703481218
1770029699.631732 1.636115854 1.006000661 1.290603258 0.710607853 0.004101744 -0.002272990 -0.703572661
1770029699.642189 1.635561542 1.005943853 1.289456717 0.710518165 0.004064227 -0.002269022 -0.703663465
1770029699.652635 1.635058875 1.005905108 1.288328622 0.710451141 0.003993352 -0.002242705 -0.703731625
1770029699.663072 1.634525191 1.005850694 1.287143526 0.710405819 0.003942861 -0.002220818 -0.703777730
1770029699.673509 1.633974563 1.005781382 1.285973667 0.710352395 0.003921879 -0.002223349 -0.703831762
1770029699.683965 1.633419051 1.005720133 1.284764481 0.710305976 0.003906119 -0.002222133 -0.703878701
1770029699.694448 1.632867868 1.005658210 1.283550976 0.710267263 0.003900245 -0.002226175 -0.703917784
1770029699.704935 1.632326439 1.005605803 1.282307665 0.710237223 0.003899386 -0.002210832 -0.703948147
1770029699.715305 1.631801297 1.005551361 1.281056921 0.710194155 0.003878248 -0.002199966 -0.703991748
1770029699.725669 1.631278528 1.005506719 1.279782823 0.710163298 0.003887640 -0.002172300 -0.704022910
1770029699.736151 1.630775129 1.005475781 1.278489802 0.710140277 0.003872525 -0.002153793 -0.704046271
1770029699.746589 1.630277945 1.005436245 1.277198729 0.710099818 0.003836439 -0.002146044 -0.704087299
1770029699.757062 1.629770564 1.005390902 1.275882510 0.710064024 0.003832920 -0.002134556 -0.704123451
1770029699.767522 1.629300528 1.005347393 1.274601051 0.710002384 0.003784255 -0.002129116 -0.704185885
1770029699.778131 1.628827396 1.005312260 1.273242353 0.709968413 0.003742756 -0.002093234 -0.704220465
1770029699.788597 1.628391128 1.005288169 1.271876697 0.709948967 0.003686286 -0.002019568 -0.704240582
1770029699.799164 1.627940166 1.005239838 1.270537380 0.709906583 0.003641506 -0.001977037 -0.704283660
1770029699.809523 1.627439622 1.005180782 1.269127900 0.709884620 0.003678451 -0.001946862 -0.704305690
1770029699.819940 1.626961061 1.005128089 1.267764209 0.709830898 0.003686598 -0.001943225 -0.704359801
1770029699.830471 1.626468457 1.005072369 1.266358499 0.709775332 0.003713917 -0.001957220 -0.704415612
1770029699.841380 1.625974507 1.005019999 1.264888432 0.709708141 0.003730981 -0.001972217 -0.704483176
1770029699.851902 1.625523122 1.004983912 1.263456392 0.709670726 0.003730773 -0.001967953 -0.704520879
1770029699.862336 1.625061036 1.004950429 1.261973115 0.709663150 0.003736642 -0.001964058 -0.704528490
1770029699.872821 1.624620598 1.004916740 1.260519483 0.709629101 0.003707221 -0.001974494 -0.704562912
1770029699.883279 1.624202217 1.004883421 1.259077701 0.709572414 0.003676165 -0.001981800 -0.704620145
1770029699.893860 1.623786277 1.004846619 1.257589306 0.709541629 0.003643596 -0.001967775 -0.704651352
1770029699.904548 1.623358275 1.004813936 1.256040840 0.709517595 0.003652964 -0.001935198 -0.704675594
1770029699.915166 1.622943018 1.004770411 1.254532833 0.709441111 0.003657764 -0.001926701 -0.704752593
1770029699.925794 1.622553008 1.004739613 1.252997726 0.709390262 0.003643488 -0.001896052 -0.704803934
1770029699.936498 1.622174078 1.004722502 1.251435109 0.709342818 0.003604517 -0.001862982 -0.704851973
1770029699.946969 1.621778522 1.004683109 1.249903696 0.709307585 0.003580630 -0.001852355 -0.704887578
1770029699.957432 1.621361057 1.004641363 1.248302988 0.709313713 0.003614659 -0.001828364 -0.704881300
1770029699.967889 1.620954036 1.004600233 1.246753999 0.709295863 0.003621876 -0.001839159 -0.704899197
1770029699.978346 1.620535466 1.004561861 1.245158069 0.709288806 0.003638400 -0.001849816 -0.704906186
1770029699.988836 1.620135652 1.004529501 1.243564998 0.709246215 0.003650321 -0.001881504 -0.704948893
1770029699.999206 1.619764001 1.004488958 1.242017654 0.709172998 0.003647170 -0.001913182 -0.705022479
1770029700.009559 1.619386854 1.004452583 1.240381701 0.709160756 0.003665793 -0.001914160 -0.705034694
1770029700.020021 1.619035403 1.004421985 1.238776043 0.709107869 0.003651018 -0.001927418 -0.705087928
1770029700.030401 1.618705851 1.004392532 1.237169804 0.709060208 0.003640068 -0.001910390 -0.705135960
1770029700.040782 1.618379529 1.004366533 1.235543726 0.709034565 0.003620290 -0.001882920 -0.705161920
1770029700.051138 1.618052440 1.004345449 1.233924825 0.709005829 0.003610332 -0.001873035 -0.705190890
1770029700.061661 1.617728595 1.004317061 1.232241732 0.709009989 0.003601917 -0.001844368 -0.705186826
1770029700.072335 1.617401177 1.004301681 1.230509819 0.709019871 0.003576949 -0.001809426 -0.705177108
1770029700.082842 1.617060215 1.004279234 1.228821971 0.709001751 0.003578983 -0.001819459 -0.705195291
1770029700.093291 1.616739232 1.004253789 1.227125114 0.708975807 0.003575610 -0.001812605 -0.705221408
1770029700.103674 1.616458859 1.004238860 1.225466617 0.708941396 0.003553819 -0.001795401 -0.705256155
1770029700.114122 1.616143118 1.004203654 1.223742766 0.708948049 0.003587300 -0.001760801 -0.705249385
1770029700.124579 1.615826832 1.004160607 1.222024967 0.708931246 0.003599086 -0.001752003 -0.705266238
1770029700.145038 1.615458292 1.004111770 1.220055548 0.708885291 0.003629502 -0.001778421 -0.705312206
1770029700.157553 1.614896747 1.004056046 1.216744131 0.708865199 0.003657080 -0.001770498 -0.705332277
1770029700.168508 1.614663875 1.004034103 1.215290592 0.708859130 0.003675455 -0.001761365 -0.705338304
1770029700.179807 1.614275132 1.004003784 1.212966077 0.708847254 0.003682546 -0.001777779 -0.705350160
1770029700.190766 1.614038393 1.003987397 1.211504476 0.708819399 0.003697964 -0.001794251 -0.705378030
1770029700.201480 1.613702359 1.003957363 1.209181334 0.708757865 0.003682869 -0.001811140 -0.705439895
1770029700.212162 1.613443556 1.003930752 1.207300116 0.708775836 0.003677423 -0.001795600 -0.705421907
1770029700.222737 1.613211713 1.003907233 1.205484015 0.708743706 0.003651983 -0.001795758 -0.705454320
1770029700.233544 1.612969061 1.003889146 1.203637516 0.708709111 0.003648736 -0.001801594 -0.705489076
1770029700.244157 1.612735703 1.003869276 1.201779283 0.708687844 0.003628683 -0.001796001 -0.705510557
1770029700.254705 1.612492911 1.003847992 1.199916339 0.708685846 0.003644756 -0.001789772 -0.705512497
1770029700.265347 1.612266445 1.003832663 1.198052332 0.708712576 0.003645184 -0.001770979 -0.705485691
1770029700.276004 1.612025926 1.003807705 1.196159140 0.708724023 0.003623742 -0.001771106 -0.705474302
1770029700.286731 1.611800994 1.003790942 1.194269252 0.708706336 0.003607031 -0.001781930 -0.705492129
1770029700.297237 1.611596675 1.003767284 1.192418667 0.708680153 0.003573929 -0.001798374 -0.705518556
1770029700.307763 1.611416170 1.003749871 1.190542552 0.708691251 0.003551737 -0.001775454 -0.705507579
1770029700.318313 1.611239114 1.003726497 1.188687127 0.708669430 0.003513442 -0.001776838 -0.705529685
1770029700.328815 1.611028424 1.003693800 1.186815300 0.708657387 0.003522146 -0.001788532 -0.705541709
1770029700.339329 1.610810762 1.003673395 1.184880916 0.708653621 0.003560992 -0.001798529 -0.705545271
1770029700.349950 1.610589307 1.003641227 1.183019842 0.708635246 0.003589503 -0.001854468 -0.705563438
1770029700.360539 1.610391444 1.003616938 1.181010202 0.708682581 0.003632058 -0.001836401 -0.705515722
1770029700.371011 1.610215200 1.003594557 1.179105930 0.708681504 0.003647132 -0.001831421 -0.705516740
1770029700.381780 1.610030992 1.003570405 1.177183772 0.708649985 0.003674826 -0.001848374 -0.705548211
1770029700.392435 1.609880142 1.003551337 1.175259156 0.708613862 0.003692055 -0.001827384 -0.705584456
1770029700.402988 1.609735482 1.003531512 1.173408654 0.708576423 0.003708310 -0.001826036 -0.705621971
1770029700.413553 1.609584690 1.003508347 1.171437087 0.708590335 0.003728548 -0.001794633 -0.705607975
1770029700.423978 1.609441293 1.003499246 1.169470094 0.708620116 0.003747966 -0.001753070 -0.705578068
1770029700.434589 1.609294491 1.003485330 1.167535827 0.708623878 0.003787031 -0.001748632 -0.705574093
1770029700.445357 1.609146672 1.003461639 1.165536390 0.708630727 0.003814018 -0.001744405 -0.705567079
1770029700.455996 1.609020496 1.003443476 1.163506137 0.708646856 0.003841688 -0.001728691 -0.705550768
1770029700.466588 1.608913509 1.003416060 1.161589267 0.708612867 0.003832153 -0.001744451 -0.705584918
1770029700.477268 1.608794603 1.003396502 1.159618110 0.708586676 0.003819013 -0.001764555 -0.705611241
1770029700.487765 1.608669658 1.003379919 1.157690026 0.708553735 0.003824031 -0.001805212 -0.705644189
1770029700.498370 1.608560491 1.003372437 1.155750645 0.708528991 0.003829429 -0.001831962 -0.705668937
1770029700.509006 1.608455593 1.003355486 1.153707719 0.708564593 0.003871492 -0.001814434 -0.705633005
1770029700.519559 1.608347846 1.003327970 1.151705497 0.708575660 0.003903178 -0.001815171 -0.705621714
1770029700.531439 1.608246817 1.003298969 1.149662096 0.708569469 0.003934228 -0.001834950 -0.705627708
1770029700.542917 1.608158179 1.003271745 1.147347873 0.708532806 0.003934474 -0.001856698 -0.705664463
1770029700.553505 1.608081940 1.003256834 1.145379895 0.708519555 0.003944968 -0.001853321 -0.705677719
1770029700.564297 1.607995059 1.003230322 1.143326402 0.708535758 0.003979348 -0.001837434 -0.705661298
1770029700.574806 1.607919846 1.003211911 1.141268992 0.708586260 0.003995738 -0.001810173 -0.705610565
1770029700.585168 1.607852977 1.003195890 1.139291546 0.708610171 0.004004544 -0.001798717 -0.705586532
1770029700.595613 1.607796127 1.003176980 1.137342992 0.708612611 0.003990414 -0.001806438 -0.705584142
1770029700.606127 1.607758011 1.003153246 1.135375923 0.708608155 0.004011064 -0.001774643 -0.705588580
1770029700.616592 1.607717016 1.003127427 1.133429483 0.708569428 0.004033275 -0.001768166 -0.705627360
1770029700.627127 1.607673623 1.003104711 1.131445905 0.708553205 0.004055170 -0.001776277 -0.705643505
1770029700.637542 1.607632872 1.003092057 1.129419943 0.708570107 0.004088069 -0.001773841 -0.705626349
1770029700.647904 1.607597806 1.003075858 1.127441013 0.708578173 0.004092317 -0.001814348 -0.705618122
1770029700.658286 1.607576584 1.003058009 1.125409344 0.708629100 0.004101256 -0.001809799 -0.705566937
1770029700.668708 1.607561445 1.003033789 1.123463709 0.708618888 0.004083917 -0.001839627 -0.705577217
1770029700.679151 1.607563677 1.003010177 1.121495851 0.708622132 0.004061822 -0.001840561 -0.705574084
1770029700.689571 1.607567007 1.002991979 1.119498851 0.708626468 0.004047426 -0.001834947 -0.705569827
1770029700.700024 1.607558013 1.002977313 1.117541411 0.708624380 0.004020770 -0.001848572 -0.705572041
1770029700.710416 1.607541616 1.002954436 1.115510550 0.708671914 0.004043370 -0.001841609 -0.705524187
1770029700.720799 1.607530627 1.002918546 1.113535231 0.708687032 0.004048263 -0.001857796 -0.705508931
1770029700.731196 1.607526068 1.002879770 1.111548462 0.708695679 0.004059943 -0.001885746 -0.705500103
1770029700.741890 1.607527366 1.002833632 1.109583198 0.708690525 0.004064844 -0.001919323 -0.705505161
1770029700.753141 1.607528879 1.002791662 1.107447953 0.708681601 0.004077608 -0.001951327 -0.705513965
1770029700.763743 1.607530790 1.002750905 1.105399391 0.708675217 0.004079291 -0.002017977 -0.705520180
1770029700.774371 1.607536489 1.002719001 1.103356271 0.708722526 0.004075721 -0.002053839 -0.705472573
1770029700.784940 1.607547544 1.002679935 1.101305200 0.708749098 0.004087032 -0.002094364 -0.705445693
1770029700.795462 1.607576428 1.002635675 1.099265378 0.708770404 0.004089586 -0.002113152 -0.705424216
1770029700.806140 1.607624253 1.002595330 1.097249662 0.708801968 0.004095894 -0.002086571 -0.705392543
1770029700.816817 1.607676965 1.002569354 1.095259402 0.708782999 0.004058452 -0.002106702 -0.705411760
1770029700.827400 1.607730777 1.002548623 1.093248021 0.708793092 0.004050445 -0.002113836 -0.705401643
1770029700.837919 1.607787121 1.002532167 1.091234428 0.708823183 0.004054366 -0.002111898 -0.705371390
1770029700.848483 1.607839374 1.002498015 1.089255377 0.708830123 0.004065729 -0.002121181 -0.705364322
1770029700.859000 1.607926053 1.002464909 1.087180335 0.708878673 0.004077003 -0.002082900 -0.705315580
1770029700.869435 1.608015154 1.002436720 1.085256314 0.708866819 0.004038686 -0.002095106 -0.705327678
1770029700.879820 1.608110806 1.002417208 1.083282539 0.708867281 0.004031262 -0.002082346 -0.705327294
1770029700.890518 1.608197785 1.002390261 1.081258650 0.708885527 0.004046585 -0.002071425 -0.705308900
1770029700.901087 1.608287900 1.002366964 1.079265759 0.708908997 0.004060128 -0.002075696 -0.705285219
1770029700.911640 1.608388989 1.002338965 1.077212794 0.708940391 0.004084019 -0.002056076 -0.705253582
1770029700.922086 1.608487490 1.002302482 1.075230127 0.708960580 0.004078832 -0.002053177 -0.705233326
1770029700.932474 1.608600891 1.002262513 1.073285346 0.708964648 0.004072333 -0.002049974 -0.705229283
1770029700.943098 1.608720358 1.002231462 1.071292656 0.708968804 0.004074075 -0.002040986 -0.705225121
1770029700.953452 1.608816736 1.002204056 1.069373775 0.708981537 0.004090944 -0.002036204 -0.705212236
1770029700.963823 1.608931419 1.002170372 1.067393052 0.709019001 0.004129333 -0.002006047 -0.705174433
1770029700.974177 1.609033310 1.002130102 1.065453013 0.709029356 0.004135932 -0.002023664 -0.705163933
1770029700.984738 1.609156744 1.002088520 1.063522302 0.709029836 0.004150449 -0.002021910 -0.705163369
1770029700.995566 1.609292110 1.002046778 1.061526936 0.709011879 0.004152543 -0.002039129 -0.705181362
1770029701.006062 1.609431055 1.002011606 1.059562796 0.709024934 0.004172830 -0.002030195 -0.705168142
1770029701.016776 1.609572209 1.001973318 1.057554543 0.709052336 0.004206883 -0.002012121 -0.705140439
1770029701.027661 1.609701644 1.001931374 1.055533618 0.709081253 0.004213661 -0.002045135 -0.705111225
1770029701.038909 1.609839953 1.001878197 1.053502173 0.709115208 0.004246339 -0.002060523 -0.705076836
1770029701.049679 1.609986193 1.001819096 1.051443600 0.709097803 0.004259440 -0.002136572 -0.705094035
1770029701.060201 1.610153451 1.001783300 1.049480168 0.709116987 0.004264177 -0.002144889 -0.705074687
1770029701.070606 1.610336189 1.001755408 1.047572095 0.709121902 0.004244357 -0.002148662 -0.705069852
1770029701.081030 1.610507709 1.001724419 1.045615355 0.709152507 0.004229519 -0.002160727 -0.705039123
1770029701.092638 1.610714576 1.001686198 1.043554522 0.709194525 0.004201650 -0.002137515 -0.704997094
1770029701.104086 1.610943458 1.001638916 1.041391699 0.709221071 0.004141336 -0.002127303 -0.704970777
1770029701.114505 1.611137351 1.001596659 1.039494890 0.709226643 0.004079196 -0.002133537 -0.704965514
1770029701.125255 1.611332307 1.001563165 1.037641622 0.709216574 0.004016750 -0.002161709 -0.704975917
1770029701.136141 1.611523321 1.001522297 1.035590213 0.709241688 0.004010490 -0.002163161 -0.704950682
1770029701.146611 1.611699070 1.001466459 1.033679297 0.709266955 0.004059885 -0.002140677 -0.704925047
1770029701.157100 1.611899429 1.001407730 1.031749742 0.709316158 0.004167149 -0.002019480 -0.704875269
1770029701.167795 1.612099179 1.001348831 1.029885417 0.709312057 0.004226801 -0.001970152 -0.704879180
1770029701.178341 1.612297876 1.001295808 1.027975918 0.709311789 0.004180686 -0.002038801 -0.704879530
1770029701.188874 1.612495627 1.001244731 1.026081186 0.709334151 0.003969515 -0.002277169 -0.704857517
1770029701.199475 1.612664845 1.001185370 1.024218365 0.709351665 0.003864695 -0.002469230 -0.704839827
1770029701.210150 1.612880241 1.001112083 1.022236997 0.709405608 0.004428946 -0.001984738 -0.704783746
1770029701.220612 1.613110887 1.001058945 1.020395798 0.709398128 0.005923018 -0.000487240 -0.704782929
1770029701.231067 1.613361911 1.001011486 1.018553313 0.709376109 0.008510296 0.002132748 -0.704775540
1770029701.241409 1.613627367 1.000990019 1.016745647 0.709337100 0.011566542 0.005267825 -0.704754811
1770029701.251790 1.613894476 1.000955998 1.014919041 0.709317707 0.014689081 0.008480825 -0.704684821
1770029701.262530 1.614159331 1.000906404 1.013037205 0.709302738 0.017645923 0.011493324 -0.704589349
1770029701.272936 1.614417050 1.000835134 1.011156226 0.709266351 0.020467478 0.014334481 -0.704497586
1770029701.283371 1.614662220 1.000776607 1.009391787 0.709176776 0.023174780 0.017045911 -0.704443516
1770029701.294090 1.614920720 1.000717228 1.007549531 0.709083095 0.026015999 0.019883719 -0.704364231
1770029701.304759 1.615157823 1.000658955 1.005744443 0.708987601 0.028843736 0.022642049 -0.704266965
1770029701.315609 1.615402181 1.000595906 1.003895867 0.708886667 0.031735054 0.025445894 -0.704148483
1770029701.327601 1.615628143 1.000501781 1.001993952 0.708764147 0.034750964 0.028294301 -0.704020729
1770029701.338727 1.615912139 1.000428026 1.000027615 0.708600348 0.037877775 0.031324557 -0.703896010
1770029701.349659 1.616215032 1.000376147 0.998194874 0.708417850 0.040792649 0.034231135 -0.703781457
1770029701.360543 1.616556584 1.000340129 0.996375726 0.708279872 0.043559755 0.037072923 -0.703610524
1770029701.371217 1.616894940 1.000301011 0.994545725 0.708138384 0.046322471 0.039946416 -0.703419179
1770029701.381835 1.617204876 1.000239418 0.992774261 0.707995919 0.049012046 0.042688749 -0.703219218
1770029701.392315 1.617505402 1.000166098 0.990994736 0.707828375 0.051754101 0.045447195 -0.703018533
1770029701.402956 1.617794844 1.000102147 0.989337576 0.707626544 0.054369910 0.048078206 -0.702849253
1770029701.413670 1.618097581 1.000032014 0.987565163 0.707416873 0.057155435 0.050843324 -0.702644704
1770029701.424115 1.618366604 0.999958741 0.985855285 0.707212040 0.059859222 0.053464421 -0.702431178
1770029701.434839 1.618642263 0.999874256 0.984124417 0.707013096 0.062584133 0.056058763 -0.702191657
1770029701.445407 1.618964134 0.999805296 0.982377087 0.706795579 0.065301590 0.058760147 -0.701942274
1770029701.455862 1.619303294 0.999747785 0.980694911 0.706569965 0.067927691 0.061371594 -0.701696687
1770029701.466673 1.619682010 0.999703717 0.979040308 0.706306367 0.070517841 0.064056563 -0.701466540
1770029701.477355 1.620057651 0.999670641 0.977352247 0.706039258 0.073148371 0.066784844 -0.701211571
1770029701.488100 1.620401365 0.999604943 0.975635119 0.705794126 0.075806005 0.069440044 -0.700918099
1770029701.498807 1.620731408 0.999532482 0.973984481 0.705540912 0.078387017 0.071975948 -0.700633256
1770029701.509466 1.621065788 0.999451485 0.972281199 0.705278820 0.081035377 0.074580430 -0.700323363
1770029701.519842 1.621350132 0.999350652 0.970681826 0.704971227 0.083646840 0.077038663 -0.700059869
1770029701.530290 1.621674455 0.999273561 0.969084462 0.704666015 0.086213501 0.079514830 -0.699778845
1770029701.540654 1.622016480 0.999219126 0.967519551 0.704364702 0.088692547 0.081972517 -0.699488745
1770029701.551009 1.622381363 0.999171816 0.965948579 0.704079848 0.091137452 0.084403489 -0.699172070
1770029701.561394 1.622796911 0.999121456 0.964342182 0.703804201 0.093575484 0.086874616 -0.698824782
1770029701.571994 1.623183722 0.999068580 0.962777459 0.703492734 0.096019527 0.089316007 -0.698499016
1770029701.582527 1.623542106 0.998998466 0.961235635 0.703155963 0.098486953 0.091714720 -0.698183660
1770029701.592974 1.623907337 0.998928774 0.959700866 0.702809762 0.100947546 0.094107626 -0.697862297
1770029701.603495 1.624230567 0.998849182 0.958195843 0.702456385 0.103399729 0.096426283 -0.697542468
1770029701.614376 1.624562814 0.998760111 0.956608442 0.702106256 0.105947682 0.098807096 -0.697179354
1770029701.625120 1.624963211 0.998686555 0.954999681 0.701767523 0.108451052 0.101237881 -0.696786627
1770029701.635993 1.625364233 0.998619770 0.953464589 0.701410166 0.110879670 0.103587647 -0.696418751
1770029701.646685 1.625799124 0.998574174 0.951949174 0.701034634 0.113274646 0.105968406 -0.696053154
1770029701.657344 1.626262966 0.998529751 0.950412141 0.700666511 0.115652603 0.108378867 -0.695661511
1770029701.668050 1.626645926 0.998468537 0.948975682 0.700275372 0.117989017 0.110608643 -0.695311961
1770029701.678696 1.627037454 0.998397420 0.947462609 0.699914588 0.120376617 0.112857751 -0.694904430
1770029701.689199 1.627387152 0.998292669 0.945967036 0.699537644 0.122784604 0.115045036 -0.694503899
1770029701.699938 1.627759674 0.998207203 0.944513664 0.699146297 0.125127415 0.117225663 -0.694115070
1770029701.710604 1.628203346 0.998135710 0.943024269 0.698762248 0.127446180 0.119484629 -0.693694613
1770029701.721609 1.628660038 0.998081205 0.941562198 0.698330729 0.129775974 0.121792871 -0.693295670
1770029701.732165 1.629119192 0.998047963 0.940208519 0.697931670 0.131886293 0.123968616 -0.692913539
1770029701.742705 1.629584055 0.997995968 0.938797848 0.697539820 0.134024332 0.126206938 -0.692493673
1770029701.753230 1.630012866 0.997914238 0.937368305 0.697164240 0.136200188 0.128360361 -0.692051407
1770029701.763735 1.630411497 0.997811640 0.935994057 0.696760774 0.138343595 0.130460371 -0.691639766
1770029701.774114 1.630826937 0.997721111 0.934621972 0.696358867 0.140472244 0.132556538 -0.691216783
1770029701.784777 1.631274171 0.997660552 0.933301312 0.695939100 0.142504298 0.134684959 -0.690812026
1770029701.795358 1.631766661 0.997613701 0.931967830 0.695505271 0.144535100 0.136874738 -0.690396501
1770029701.805842 1.632279850 0.997564421 0.930652684 0.695103534 0.146468816 0.139017394 -0.689965309
1770029701.816292 1.632776385 0.997520938 0.929367465 0.694689505 0.148363285 0.141150009 -0.689544417
1770029701.826707 1.633246987 0.997455644 0.928066685 0.694297714 0.150281641 0.143196175 -0.689101566
1770029701.837122 1.633683963 0.997360793 0.926782251 0.693882706 0.152245572 0.145179191 -0.688673419
1770029701.847872 1.634146282 0.997273645 0.925480135 0.693459728 0.154238394 0.147178765 -0.688231454
1770029701.858496 1.634644377 0.997206596 0.924203294 0.693034974 0.156160466 0.149200639 -0.687790377
1770029701.869057 1.635150971 0.997167501 0.922984484 0.692583801 0.158042409 0.151199648 -0.687378311
1770029701.879767 1.635670698 0.997131967 0.921774712 0.692138057 0.159879639 0.153199857 -0.686959398
1770029701.890204 1.636202678 0.997079602 0.920543630 0.691726683 0.161675011 0.155177509 -0.686509524
1770029701.900804 1.636703097 0.997007115 0.919310467 0.691312586 0.163508774 0.157093942 -0.686056327
1770029701.911444 1.637170187 0.996909804 0.918076624 0.690887510 0.165405689 0.158936931 -0.685605177
1770029701.922171 1.637667345 0.996843225 0.916881123 0.690451869 0.167248015 0.160785900 -0.685165828
1770029701.932757 1.638197268 0.996782494 0.915687739 0.690026732 0.169037532 0.162651743 -0.684714416
1770029701.943713 1.638739103 0.996731140 0.914523186 0.689573372 0.170838662 0.164505964 -0.684281012
1770029701.954573 1.639291819 0.996700039 0.913393901 0.689117003 0.172590381 0.166342029 -0.683857183
1770029701.965532 1.639850010 0.996651471 0.912226115 0.688655155 0.174381443 0.168210455 -0.683410881
1770029701.976401 1.640374348 0.996588904 0.911078149 0.688219517 0.176136438 0.169981371 -0.682961336
1770029701.987095 1.640868591 0.996489988 0.909907118 0.687779596 0.177974469 0.171685964 -0.682501462
1770029701.998545 1.641415697 0.996427434 0.908776868 0.687348063 0.179705479 0.173409866 -0.682046626
1770029702.009140 1.642017446 0.996374178 0.907627984 0.686920694 0.181405477 0.175197742 -0.681570073
1770029702.019726 1.642581669 0.996331273 0.906574259 0.686497947 0.183004665 0.176865718 -0.681137563
1770029702.030670 1.643143944 0.996292919 0.905581043 0.686076060 0.184500183 0.178504659 -0.680731525
1770029702.041648 1.643738959 0.996224744 0.904446484 0.685589313 0.186253887 0.180304430 -0.680269870
1770029702.052260 1.644230648 0.996154487 0.903452091 0.685146578 0.187863329 0.181823623 -0.679868890
1770029702.062713 1.644787097 0.996104448 0.902460867 0.684744758 0.189375667 0.183351565 -0.679443652
1770029702.073265 1.645366148 0.996053998 0.901457838 0.684342935 0.190879437 0.184907013 -0.679006027
1770029702.083880 1.645970545 0.996009948 0.900447520 0.683953685 0.192374310 0.186455230 -0.678552819
1770029702.094392 1.646587438 0.995971547 0.899470308 0.683554334 0.193817203 0.188009581 -0.678115596
1770029702.104947 1.647162955 0.995916660 0.898531649 0.683156199 0.195229524 0.189488482 -0.677699902
1770029702.115368 1.647712436 0.995845757 0.897596253 0.682743920 0.196696193 0.190915841 -0.677290549
1770029702.125874 1.648235689 0.995772672 0.896690529 0.682322985 0.198169424 0.192283106 -0.676898390
1770029702.136381 1.648830361 0.995736405 0.895814608 0.681912874 0.199525792 0.193710662 -0.676506075
1770029702.146842 1.649441998 0.995710561 0.894956658 0.681512133 0.200847102 0.195118653 -0.676114166
1770029702.157309 1.650083801 0.995688294 0.894093964 0.681134167 0.202138418 0.196516752 -0.675705167
1770029702.167744 1.650715444 0.995669136 0.893276542 0.680749719 0.203361826 0.197900329 -0.675321588
1770029702.178207 1.651306299 0.995612971 0.892432529 0.680358984 0.204663067 0.199237617 -0.674928925
1770029702.188703 1.651856585 0.995530316 0.891580036 0.679971881 0.206019494 0.200497940 -0.674533013
1770029702.199182 1.652423454 0.995462558 0.890768874 0.679583790 0.207312407 0.201749021 -0.674154857
1770029702.209782 1.653057651 0.995423780 0.889973660 0.679227990 0.208505337 0.203022933 -0.673762978
1770029702.220396 1.653725189 0.995402853 0.889185251 0.678858323 0.209697103 0.204328829 -0.673370798
1770029702.232809 1.654437280 0.995380276 0.888374055 0.678481051 0.210905015 0.205683118 -0.672961361
1770029702.243460 1.655179291 0.995338999 0.887528909 0.678065495 0.212196522 0.207095379 -0.672540946
1770029702.253955 1.655764763 0.995286738 0.886817973 0.677681605 0.213352487 0.208265778 -0.672200658
1770029702.264927 1.656341830 0.995231539 0.886136552 0.677322117 0.214446573 0.209379805 -0.671868674
1770029702.275660 1.657052021 0.995188965 0.885386571 0.676937495 0.215591879 0.210663670 -0.671488337
1770029702.286207 1.657723422 0.995165878 0.884716000 0.676584209 0.216626834 0.211835178 -0.671142668
1770029702.296657 1.658408883 0.995164823 0.884082856 0.676228031 0.217600693 0.213015059 -0.670813068
1770029702.307324 1.659127473 0.995145513 0.883423772 0.675900307 0.218555085 0.214196808 -0.670456693
1770029702.317838 1.659789924 0.995089675 0.882772745 0.675558531 0.219562229 0.215304364 -0.670117251
1770029702.328351 1.660409621 0.995031899 0.882156916 0.675206704 0.220577145 0.216346198 -0.669802920
1770029702.338811 1.661077644 0.995001820 0.881566771 0.674882783 0.221479489 0.217414212 -0.669485717
1770029702.349247 1.661765682 0.994967611 0.880983223 0.674562110 0.222368109 0.218477866 -0.669167995
1770029702.360007 1.662487335 0.994946098 0.880407494 0.674253008 0.223237375 0.219536365 -0.668843584
1770029702.370794 1.663219077 0.994940706 0.879862284 0.673930179 0.224086575 0.220595490 -0.668536425
1770029702.381386 1.663914715 0.994904540 0.879323960 0.673614215 0.224941842 0.221594208 -0.668237281
1770029702.391949 1.664573395 0.994848928 0.878791759 0.673302715 0.225858939 0.222492387 -0.667943360
1770029702.402448 1.665254515 0.994828492 0.878296866 0.673010966 0.226710801 0.223368022 -0.667656483
1770029702.412932 1.665974777 0.994813861 0.877810782 0.672736244 0.227503836 0.224263057 -0.667363493
1770029702.423335 1.666705868 0.994800734 0.877334099 0.672471165 0.228296220 0.225126616 -0.667069243
1770029702.433776 1.667440946 0.994797598 0.876884687 0.672211769 0.229046895 0.225973687 -0.666786886
1770029702.444141 1.668141994 0.994775425 0.876449982 0.671951429 0.229808071 0.226765940 -0.666518368
1770029702.454539 1.668799419 0.994735059 0.876030383 0.671679457 0.230618014 0.227489115 -0.666266269
1770029702.464890 1.669449262 0.994695113 0.875622110 0.671413030 0.231459179 0.228150971 -0.666016761
1770029702.475240 1.670155426 0.994679739 0.875226000 0.671174793 0.232212334 0.228845525 -0.665756378
1770029702.485697 1.670893199 0.994677331 0.874851049 0.670945189 0.232924869 0.229542151 -0.665499031
1770029702.495976 1.671648504 0.994679212 0.874493199 0.670724444 0.233586513 0.230245497 -0.665246625
1770029702.506392 1.672394218 0.994676918 0.874157728 0.670510406 0.234208204 0.230928754 -0.665006935
1770029702.516937 1.673115527 0.994656280 0.873820438 0.670285911 0.234877970 0.231573726 -0.664772703
1770029702.527311 1.673782091 0.994605575 0.873482535 0.670058896 0.235609357 0.232138309 -0.664545794
1770029702.537704 1.674488715 0.994586015 0.873171641 0.669850772 0.236264950 0.232717666 -0.664320183
1770029702.548174 1.675233617 0.994584329 0.872873706 0.669654377 0.236864128 0.233324829 -0.664091804
1770029702.558527 1.676014197 0.994574923 0.872568305 0.669495502 0.237425844 0.233914064 -0.663844072
1770029702.568948 1.676773287 0.994589634 0.872329499 0.669305193 0.237946095 0.234496123 -0.663644319
1770029702.579294 1.677534843 0.994579089 0.872084678 0.669136681 0.238449604 0.235048724 -0.663438004
1770029702.589647 1.678270573 0.994550974 0.871858333 0.668964975 0.238976086 0.235539540 -0.663247629
1770029702.600127 1.678980407 0.994536735 0.871668321 0.668786443 0.239505599 0.235978241 -0.663080713
1770029702.610611 1.679779576 0.994523217 0.871459720 0.668649897 0.239971479 0.236456935 -0.662879418
1770029702.621090 1.680573802 0.994530843 0.871293776 0.668501729 0.240406988 0.236925251 -0.662703813
1770029702.631518 1.681384265 0.994537205 0.871142453 0.668364642 0.240803758 0.237389186 -0.662531984
1770029702.641927 1.682186857 0.994541711 0.871019759 0.668236323 0.241174297 0.237808658 -0.662376190
1770029702.652262 1.682935469 0.994541951 0.870926020 0.668093792 0.241555713 0.238178012 -0.662248260
1770029702.662671 1.683661075 0.994514226 0.870838195 0.667947635 0.241990050 0.238476741 -0.662129607
1770029702.673044 1.684422561 0.994512836 0.870773062 0.667819756 0.242366704 0.238783124 -0.662010403
1770029702.683626 1.685218286 0.994513476 0.870709971 0.667702442 0.242702312 0.239118189 -0.661884830
1770029702.694391 1.686081906 0.994523747 0.870661562 0.667596848 0.243021224 0.239454226 -0.661752829
1770029702.705381 1.686967505 0.994545836 0.870648366 0.667497229 0.243252373 0.239813926 -0.661638129
1770029702.716090 1.687815337 0.994548741 0.870637543 0.667406666 0.243488345 0.240124972 -0.661529868
1770029702.726537 1.688602395 0.994531329 0.870644856 0.667308058 0.243781768 0.240340430 -0.661443031
1770029702.736912 1.689369241 0.994516809 0.870680630 0.667211329 0.244061479 0.240514019 -0.661374360
1770029702.747368 1.690171667 0.994518599 0.870735213 0.667130727 0.244276944 0.240704376 -0.661306866
1770029702.758216 1.691035028 0.994535466 0.870813020 0.667057492 0.244453866 0.240911699 -0.661239868
1770029702.768737 1.691911517 0.994557051 0.870912753 0.666992250 0.244599935 0.241103738 -0.661181667
1770029702.779308 1.692769493 0.994578908 0.871027080 0.666943011 0.244698170 0.241275129 -0.661132467
1770029702.790078 1.693627070 0.994580044 0.871159086 0.666889446 0.244825829 0.241392666 -0.661096333
1770029702.800623 1.694377206 0.994569145 0.871312958 0.666817557 0.245013444 0.241412364 -0.661092148
1770029702.811327 1.695251603 0.994570632 0.871464063 0.666788165 0.245128424 0.241475556 -0.661056091
1770029702.821823 1.696108469 0.994585798 0.871627509 0.666773699 0.245180550 0.241544725 -0.661026080
1770029702.832240 1.696993737 0.994596184 0.871794466 0.666776202 0.245210489 0.241606100 -0.660990018
1770029702.842860 1.697895649 0.994619242 0.871979781 0.666796745 0.245187212 0.241662193 -0.660957424
1770029702.853624 1.698813200 0.994630873 0.872204197 0.666809840 0.245134409 0.241695712 -0.660951543
1770029702.864084 1.699668724 0.994640417 0.872435850 0.666819217 0.245107260 0.241679181 -0.660958196
1770029702.874813 1.700488065 0.994638954 0.872715130 0.666803400 0.245121420 0.241579543 -0.661005325
1770029702.885710 1.701285322 0.994657712 0.872995028 0.666801858 0.245057448 0.241520572 -0.661052149
1770029702.896344 1.702303288 0.994685969 0.873357359 0.666812585 0.244917644 0.241467272 -0.661112608
1770029702.906823 1.703211659 0.994719027 0.873677321 0.666844789 0.244775268 0.241401716 -0.661156795
1770029702.917256 1.704141440 0.994753114 0.874008378 0.666891348 0.244569550 0.241353626 -0.661203518
1770029702.927808 1.705036896 0.994766402 0.874346749 0.666940317 0.244401759 0.241233453 -0.661260020
1770029702.938344 1.705915763 0.994765196 0.874696371 0.666986030 0.244265721 0.241061463 -0.661326897
1770029702.948721 1.706756973 0.994756205 0.875049981 0.667032850 0.244173924 0.240825264 -0.661399625
1770029702.959253 1.707669990 0.994767029 0.875415437 0.667105814 0.243971504 0.240655123 -0.661462659
1770029702.969684 1.708599398 0.994786841 0.875806538 0.667189483 0.243758139 0.240441124 -0.661534753
1770029702.980039 1.709526422 0.994829601 0.876251251 0.667263166 0.243481462 0.240222538 -0.661641729
1770029702.990410 1.710464973 0.994862959 0.876708084 0.667353957 0.243149975 0.239994599 -0.661754772
1770029703.000796 1.711352717 0.994892119 0.877181226 0.667443473 0.242819110 0.239714537 -0.661887476
1770029703.011161 1.712257528 0.994898929 0.877642698 0.667556816 0.242494924 0.239398211 -0.662006500
1770029703.021531 1.713131121 0.994904948 0.878119806 0.667670547 0.242203308 0.239011387 -0.662138320
1770029703.031997 1.714060836 0.994921633 0.878596548 0.667820217 0.241840493 0.238642816 -0.662252928
1770029703.042422 1.715029552 0.994955630 0.879115067 0.667980124 0.241403726 0.238268243 -0.662385869
1770029703.052802 1.715976126 0.994998025 0.879655453 0.668136542 0.240954971 0.237866805 -0.662535770
1770029703.063192 1.716965619 0.995049408 0.880241127 0.668296846 0.240411763 0.237483162 -0.662709029
1770029703.073718 1.717922374 0.995085134 0.880829971 0.668465516 0.239898405 0.237025786 -0.662888668
1770029703.084535 1.718870319 0.995110834 0.881449167 0.668634552 0.239393009 0.236497307 -0.663089622
1770029703.095118 1.719784353 0.995115757 0.882057350 0.668816555 0.238912618 0.235909776 -0.663288591
1770029703.105734 1.720747245 0.995132550 0.882654109 0.669033970 0.238377978 0.235339058 -0.663464403
1770029703.116395 1.721747252 0.995157842 0.883279624 0.669255812 0.237758357 0.234799522 -0.663654132
1770029703.127404 1.722791397 0.995188764 0.883951320 0.669488822 0.237091625 0.234216955 -0.663863462
1770029703.138010 1.723821187 0.995238134 0.884659919 0.669703449 0.236365427 0.233656847 -0.664103270
1770029703.148543 1.724823903 0.995278157 0.885380054 0.669933510 0.235645317 0.233012822 -0.664353371
1770029703.159266 1.725790264 0.995308275 0.886077889 0.670174072 0.234948279 0.232336438 -0.664594462
1770029703.169859 1.726774290 0.995328847 0.886809979 0.670429258 0.234244578 0.231571827 -0.664852297
1770029703.180329 1.727724064 0.995331517 0.887508672 0.670697668 0.233557006 0.230791722 -0.665094688
1770029703.191125 1.728754431 0.995360491 0.888265423 0.670979442 0.232742216 0.230031576 -0.665359394
1770029703.202180 1.729830338 0.995412162 0.889111142 0.671261169 0.231827233 0.229220169 -0.665674613
1770029703.212901 1.730906633 0.995473129 0.889943337 0.671544515 0.230908941 0.228429335 -0.665979778
1770029703.223424 1.731953670 0.995538304 0.890783251 0.671833719 0.229974393 0.227599443 -0.666295525
1770029703.234272 1.732998538 0.995570590 0.891612238 0.672153813 0.229048206 0.226685429 -0.666603246
1770029703.244968 1.734009778 0.995588362 0.892442912 0.672472489 0.228130359 0.225730205 -0.666920659
1770029703.255597 1.735011118 0.995609358 0.893317222 0.672769505 0.227172766 0.224764243 -0.667274129
1770029703.266426 1.736036745 0.995637624 0.894210452 0.673091321 0.226179847 0.223737381 -0.667631885
1770029703.277132 1.737109358 0.995686298 0.895140900 0.673433761 0.225084670 0.222696380 -0.668004628
1770029703.287873 1.738180785 0.995725094 0.896017934 0.673807545 0.224001576 0.221650220 -0.668339633
1770029703.298617 1.739235411 0.995762545 0.896911223 0.674183668 0.222920747 0.220541090 -0.668688530
1770029703.309561 1.740360931 0.995800626 0.897893025 0.674560191 0.221688315 0.219414449 -0.669089037
1770029703.320222 1.741439734 0.995836635 0.898883854 0.674926615 0.220468981 0.218237445 -0.669507215
1770029703.330841 1.742466749 0.995881190 0.899867103 0.675283313 0.219262068 0.217043802 -0.669931773
1770029703.341407 1.743532020 0.995910234 0.900835709 0.675682641 0.218019072 0.215798298 -0.670337040
1770029703.352136 1.744555435 0.995932412 0.901790476 0.676096954 0.216813006 0.214461281 -0.670739434
1770029703.362875 1.745673972 0.995971509 0.902828469 0.676521648 0.215446993 0.213107815 -0.671182622
1770029703.373594 1.746776624 0.996025718 0.903895032 0.676924835 0.214036335 0.211762828 -0.671652976
1770029703.384347 1.747903610 0.996097547 0.904989567 0.677334788 0.212552059 0.210400333 -0.672139054
1770029703.394808 1.749029738 0.996154891 0.906050128 0.677781236 0.211043545 0.208996696 -0.672602110
1770029703.405199 1.750124728 0.996201751 0.907081245 0.678226643 0.209537952 0.207604337 -0.673054906
1770029703.415573 1.751194333 0.996229085 0.908131589 0.678674496 0.208029286 0.206116138 -0.673528679
1770029703.427069 1.752257142 0.996263837 0.909232122 0.679099900 0.206483890 0.204584938 -0.674042085
1770029703.437761 1.753471874 0.996309685 0.910474662 0.679609492 0.204678103 0.202798061 -0.674618974
1770029703.448232 1.754523938 0.996342765 0.911555415 0.680092647 0.203095077 0.201097956 -0.675119243
1770029703.458566 1.755646594 0.996386713 0.912648318 0.680589518 0.201396792 0.199442645 -0.675618140
1770029703.468946 1.756773329 0.996429252 0.913770322 0.681081042 0.199625584 0.197765961 -0.676141158
1770029703.479311 1.757916583 0.996489125 0.914933225 0.681565465 0.197780141 0.196059489 -0.676692108
1770029703.490286 1.759065166 0.996548737 0.916099189 0.682065931 0.195887799 0.194298087 -0.677246107
1770029703.502084 1.760382801 0.996613052 0.917438644 0.682679784 0.193654932 0.192148109 -0.677882868
1770029703.512900 1.761555089 0.996643466 0.918627125 0.683241896 0.191640511 0.190153969 -0.678451100
1770029703.523477 1.762717497 0.996686797 0.919883442 0.683762715 0.189564223 0.188127454 -0.679074382
1770029703.534526 1.763889746 0.996735510 0.921140273 0.684298036 0.187430702 0.186053887 -0.679698374
1770029703.544998 1.765026791 0.996789047 0.922390428 0.684851804 0.185302347 0.183848931 -0.680323906
1770029703.555454 1.766155726 0.996843514 0.923608299 0.685405815 0.183172866 0.181656052 -0.680931457
1770029703.566209 1.767341865 0.996888534 0.924878825 0.685978886 0.180869504 0.179393044 -0.681569752
1770029703.576665 1.768536122 0.996943722 0.926167045 0.686525206 0.178515378 0.177158478 -0.682224505
1770029703.587078 1.769725736 0.997006270 0.927422739 0.687088401 0.176141870 0.174886942 -0.682860256
1770029703.597478 1.770903595 0.997061529 0.928637201 0.687691839 0.173727753 0.172519565 -0.683473190
1770029703.608057 1.772098760 0.997114471 0.929897459 0.688298124 0.171201067 0.170056350 -0.684117479
1770029703.618755 1.773294387 0.997152924 0.931205818 0.688884708 0.168622001 0.167514167 -0.684794483
1770029703.629337 1.774474419 0.997204882 0.932522644 0.689451413 0.166043858 0.164947796 -0.685476776
1770029703.639961 1.775700465 0.997257035 0.933851362 0.690035496 0.163415025 0.162359648 -0.686138389
1770029703.650440 1.776866898 0.997303224 0.935102066 0.690598728 0.161003522 0.159869377 -0.686726325
1770029703.661289 1.778042977 0.997339708 0.936420582 0.691116209 0.158609442 0.157381262 -0.687337304
1770029703.671759 1.779252910 0.997394254 0.937788910 0.691592918 0.156233597 0.154942791 -0.687955690
1770029703.682336 1.780496495 0.997451486 0.939144722 0.692063771 0.153838127 0.152634569 -0.688537767
1770029703.693237 1.781767455 0.997517040 0.940476541 0.692546060 0.151459601 0.150368146 -0.689078635
1770029703.703887 1.783037694 0.997573020 0.941802046 0.693012997 0.149136186 0.148139054 -0.689598582
1770029703.714429 1.784317073 0.997623223 0.943175261 0.693433797 0.146822937 0.145968193 -0.690134683
1770029703.725268 1.785599714 0.997678916 0.944592541 0.693834338 0.144547578 0.143750788 -0.690677653
1770029703.736218 1.786856890 0.997730727 0.945977330 0.694225929 0.142336584 0.141591270 -0.691189242
1770029703.747121 1.788128391 0.997792935 0.947377706 0.694620415 0.140157198 0.139373127 -0.691688926
1770029703.758600 1.789475208 0.997843320 0.948857500 0.694999360 0.137889715 0.137148887 -0.692208421
1770029703.769820 1.790814249 0.997894899 0.950366936 0.695340086 0.135662863 0.134948983 -0.692738424
1770029703.780622 1.792016352 0.997941897 0.951763106 0.695641250 0.133703256 0.132857658 -0.693221128
1770029703.791550 1.793305303 0.997999080 0.953151808 0.695976139 0.131678089 0.130777354 -0.693668061
1770029703.802140 1.794586189 0.998048285 0.954501234 0.696297321 0.129699922 0.128816299 -0.694085248
1770029703.812575 1.795884200 0.998102364 0.955880905 0.696569156 0.127734922 0.126969922 -0.694516983
1770029703.823235 1.797171695 0.998151315 0.957258973 0.696827168 0.125806999 0.125139468 -0.694942163
1770029703.833812 1.798457119 0.998207703 0.958637254 0.697092985 0.123867059 0.123296207 -0.695353412
1770029703.844409 1.799715695 0.998261823 0.959960577 0.697374643 0.122001235 0.121440819 -0.695727269
1770029703.855309 1.801020553 0.998304999 0.961349722 0.697635622 0.120099822 0.119549859 -0.696123842
1770029703.865645 1.802303219 0.998349174 0.962718681 0.697841877 0.118295929 0.117834878 -0.696518291
1770029703.876121 1.803538384 0.998396063 0.964080441 0.697986155 0.116668327 0.116226664 -0.696918354
1770029703.886966 1.804826778 0.998446899 0.965489106 0.698090843 0.115121958 0.114715213 -0.697320966
1770029703.897590 1.806040003 0.998472404 0.966805157 0.698173163 0.113809824 0.113310039 -0.697683591
1770029703.908070 1.807287593 0.998515629 0.968155404 0.698178396 0.112564306 0.112098628 -0.698076001
1770029703.918574 1.808553683 0.998559444 0.969532528 -0.698136831 -0.111390183 -0.111049115 0.698473541
1770029703.929416 1.809873865 0.998599077 0.970955544 -0.698056762 -0.110266309 -0.110080848 0.698885044
1770029703.939988 1.811156657 0.998644459 0.972326728 -0.697948392 -0.109262521 -0.109271352 0.699277853
1770029703.950469 1.812398759 0.998687674 0.973644211 -0.697832114 -0.108393183 -0.108565624 0.699639024
1770029703.961074 1.813681686 0.998732829 0.975012716 -0.697660385 -0.107586438 -0.107976468 0.700025877
1770029703.971725 1.814950972 0.998753763 0.976379020 -0.697447384 -0.106918417 -0.107514853 0.700411418
1770029703.982263 1.816174316 0.998776684 0.977745510 -0.697183568 -0.106391375 -0.107139277 0.700811761
1770029703.992769 1.817389011 0.998815201 0.979120541 -0.696875208 -0.105987145 -0.106868709 0.701220898
1770029704.003422 1.818622611 0.998852320 0.980471461 -0.696567851 -0.105628950 -0.106686157 0.701608023
1770029704.013845 1.819812665 0.998874613 0.981773085 -0.696251444 -0.105349262 -0.106574010 0.701981082
1770029704.024262 1.821031514 0.998884334 0.983086283 -0.695907328 -0.105110101 -0.106536179 0.702363795
1770029704.034702 1.822252196 0.998902527 0.984423923 -0.695534397 -0.104828963 -0.106582906 0.702768010
1770029704.045138 1.823458909 0.998929724 0.985761464 -0.695140810 -0.104579364 -0.106650861 0.703184189
1770029704.055605 1.824671102 0.998958850 0.987090556 -0.694752125 -0.104272195 -0.106720401 0.703603262
1770029704.066260 1.825879067 0.998979643 0.988384644 -0.694384404 -0.103976146 -0.106778417 0.704001158
1770029704.076713 1.827057051 0.998988689 0.989671149 -0.694002046 -0.103669422 -0.106818543 0.704417213
1770029704.087153 1.828231207 0.998994652 0.990980553 -0.693598954 -0.103321869 -0.106861017 0.704858713
1770029704.097511 1.829363210 0.998998089 0.992291455 -0.693161064 -0.103030322 -0.106907987 0.705324871
1770029704.107894 1.830511946 0.999010133 0.993603601 -0.692718128 -0.102695120 -0.106990334 0.705796271
1770029704.118272 1.831621559 0.999012586 0.994872197 -0.692288751 -0.102418929 -0.107083876 0.706243366
1770029704.128649 1.832733994 0.999014475 0.996105354 -0.691874715 -0.102156193 -0.107220251 0.706666335
1770029704.139075 1.833804913 0.999005651 0.997348336 -0.691445449 -0.101887217 -0.107318394 0.707110280
1770029704.149473 1.834879538 0.999000721 0.998587129 -0.691008555 -0.101607461 -0.107448273 0.707557750
1770029704.159898 1.836012021 0.999001860 0.999900505 -0.690540905 -0.101209635 -0.107616606 0.708045574
1770029704.170235 1.837100063 0.998999434 1.001156659 -0.690092569 -0.100852065 -0.107778204 0.708508974
1770029704.180630 1.838181745 0.998995545 1.002410373 -0.689644936 -0.100497802 -0.107995982 0.708961862
1770029704.191001 1.839248554 0.998985894 1.003638527 -0.689215259 -0.100146169 -0.108231533 0.709393407
1770029704.201385 1.840270629 0.998961156 1.004837810 -0.688798713 -0.099816299 -0.108475241 0.709807130
1770029704.211767 1.841307074 0.998939685 1.006051284 -0.688380121 -0.099426829 -0.108724212 0.710229653
1770029704.222248 1.842336869 0.998911711 1.007313770 -0.687924732 -0.099047708 -0.108976971 0.710684976
1770029704.232833 1.843354515 0.998889283 1.008604351 -0.687460665 -0.098637514 -0.109226497 0.711152618
1770029704.243287 1.844337699 0.998865257 1.009867867 -0.687003242 -0.098231365 -0.109430375 0.711619377
1770029704.253652 1.845289493 0.998841192 1.011094452 -0.686567348 -0.097830256 -0.109662133 0.712059502
1770029704.264031 1.846238928 0.998814123 1.012297639 -0.686158653 -0.097411504 -0.109888045 0.712475908
1770029704.274637 1.847132199 0.998778855 1.013502853 -0.685733883 -0.097028047 -0.110102576 0.712903937
1770029704.285234 1.848098352 0.998743527 1.014780644 -0.685294216 -0.096593579 -0.110409140 0.713338167
1770029704.295753 1.849055307 0.998703595 1.016081183 -0.684836933 -0.096133608 -0.110713881 0.713792086
1770029704.306252 1.850002193 0.998669651 1.017370759 -0.684393557 -0.095638253 -0.111028653 0.714234851
1770029704.316783 1.850919154 0.998627394 1.018639608 -0.683969796 -0.095165550 -0.111342430 0.714654952
1770029704.327354 1.851827490 0.998580420 1.019922306 -0.683549736 -0.094689339 -0.111672056 0.715068556
1770029704.337812 1.852705842 0.998530029 1.021167724 -0.683162797 -0.094211926 -0.111995880 0.715450647
1770029704.348876 1.853567048 0.998467568 1.022448560 -0.682755195 -0.093746255 -0.112295103 0.715853891
1770029704.359778 1.854476926 0.998406900 1.023830769 -0.682295576 -0.093233191 -0.112639721 0.716304832
1770029704.370543 1.855340549 0.998342173 1.025200912 -0.681827002 -0.092768804 -0.112970141 0.716759120
1770029704.381341 1.856164674 0.998283214 1.026553644 -0.681352178 -0.092342336 -0.113290462 0.717215012
1770029704.392310 1.857000882 0.998221194 1.027960740 -0.680853379 -0.091917580 -0.113615194 0.717691732
1770029704.403178 1.857814898 0.998161402 1.029330813 -0.680380187 -0.091500693 -0.113925303 0.718144449
1770029704.414095 1.858607308 0.998101436 1.030718014 -0.679894545 -0.091075591 -0.114217168 0.718611914
1770029704.424857 1.859361305 0.998039316 1.032143918 -0.679371758 -0.090686701 -0.114507699 0.719109118
1770029704.435381 1.860129426 0.997978711 1.033613479 -0.678842086 -0.090249139 -0.114822643 0.719613977
1770029704.446533 1.860867363 0.997928478 1.035012041 -0.678376482 -0.089770138 -0.115148318 0.720060786
1770029704.457160 1.861725823 0.997878989 1.036671862 -0.677841325 -0.089162447 -0.115543441 0.720576789
1770029704.467545 1.862486329 0.997830832 1.038063452 -0.677473711 -0.088619440 -0.115959907 0.720922510
1770029704.477977 1.863238251 0.997773437 1.039507403 -0.677108381 -0.088034869 -0.116388308 0.721268233
1770029704.488412 1.863987016 0.997711466 1.040985473 -0.676766521 -0.087407562 -0.116819500 0.721595592
1770029704.498793 1.864725357 0.997644685 1.042479978 -0.676423663 -0.086786193 -0.117273668 0.721918328
1770029704.509454 1.865499110 0.997589698 1.044069978 -0.676055848 -0.086105071 -0.117760078 0.722265167
1770029704.519918 1.866255387 0.997538710 1.045624311 -0.675743462 -0.085435112 -0.118252497 0.722556546
1770029704.530284 1.867001281 0.997491974 1.047144623 -0.675484013 -0.084763516 -0.118760841 0.722794824
1770029704.541157 1.867765147 0.997437003 1.048724947 -0.675227457 -0.084052697 -0.119263596 0.723034729
1770029704.551903 1.868527763 0.997373498 1.050353808 -0.674967468 -0.083330922 -0.119761186 0.723278738
1770029704.562646 1.869313161 0.997320995 1.052090479 -0.674639340 -0.082592601 -0.120294769 0.723580950
1770029704.573759 1.870061085 0.997269421 1.053764377 -0.674351498 -0.081904095 -0.120801681 0.723843029
1770029704.584538 1.870893122 0.997207893 1.055583314 -0.674074047 -0.081132252 -0.121371420 0.724093030
1770029704.595841 1.871764622 0.997163080 1.057394275 -0.673862913 -0.080322003 -0.121993082 0.724275388
1770029704.606288 1.872578590 0.997124796 1.059119936 -0.673654188 -0.079547423 -0.122579018 0.724456090
1770029704.616851 1.873410426 0.997073500 1.060860012 -0.673466156 -0.078748947 -0.123166252 0.724618530
1770029704.627853 1.874269414 0.997017933 1.062739043 -0.673228940 -0.077947783 -0.123771896 0.724822361
1770029704.638512 1.875121780 0.996984433 1.064630610 -0.673009771 -0.077160881 -0.124399605 0.725002610
1770029704.649313 1.875963181 0.996942963 1.066464028 -0.672852215 -0.076410691 -0.125018735 0.725121796
1770029704.659898 1.876832355 0.996912852 1.068384640 -0.672667251 -0.075583667 -0.125610134 0.725277860
1770029704.670513 1.877681435 0.996871133 1.070261080 -0.672530678 -0.074793756 -0.126199384 0.725384103
1770029704.681170 1.878544529 0.996823572 1.072227892 -0.672345681 -0.074005347 -0.126781061 0.725535014
1770029704.692072 1.879453362 0.996784753 1.074308529 -0.672162814 -0.073188514 -0.127381862 0.725682061
1770029704.702830 1.880359054 0.996760526 1.076269748 -0.672048231 -0.072392528 -0.127980679 0.725762662
1770029704.713452 1.881297032 0.996740513 1.078244216 -0.671931194 -0.071559765 -0.128586096 0.725846599
1770029704.724119 1.882278208 0.996708567 1.080296424 -0.671834500 -0.070732323 -0.129237632 0.725901493
1770029704.734649 1.883260506 0.996674618 1.082388529 -0.671709519 -0.069921738 -0.129886438 0.725979879
1770029704.745102 1.884243778 0.996647411 1.084462542 -0.671609363 -0.069110701 -0.130496634 0.726040773
1770029704.755562 1.885201791 0.996637221 1.086523625 -0.671525324 -0.068332480 -0.131073380 0.726088273
1770029704.766075 1.886166422 0.996624982 1.088587639 -0.671453317 -0.067557944 -0.131617261 0.726128958
1770029704.776614 1.887145597 0.996601969 1.090751479 -0.671361218 -0.066807000 -0.132174224 0.726182425
1770029704.787585 1.888223698 0.996579010 1.093007646 -0.671259238 -0.066014602 -0.132797161 0.726235514
1770029704.798231 1.889321670 0.996558873 1.095202521 -0.671214008 -0.065240040 -0.133424913 0.726232253
1770029704.808736 1.890433578 0.996552191 1.097365029 -0.671190717 -0.064473630 -0.134062939 0.726204723
1770029704.819556 1.891551134 0.996545783 1.099515404 -0.671221861 -0.063742705 -0.134701790 0.726122241
1770029704.830523 1.892722437 0.996526386 1.101872644 -0.671221876 -0.062988020 -0.135337187 0.726069934
1770029704.841144 1.893834356 0.996512920 1.104148943 -0.671216960 -0.062309596 -0.135919333 0.726024270
1770029704.851902 1.894978277 0.996511746 1.106433534 -0.671227305 -0.061655582 -0.136487953 0.725963865
1770029704.862741 1.896225451 0.996522956 1.108740894 -0.671290737 -0.060938754 -0.137131495 0.725844452
1770029704.874265 1.897521029 0.996526136 1.111116836 -0.671395516 -0.060246594 -0.137796849 0.725679294
1770029704.884934 1.898811932 0.996518951 1.113523583 -0.671472109 -0.059586803 -0.138439816 0.725540514
1770029704.895681 1.900083482 0.996523454 1.115935633 -0.671513845 -0.058996725 -0.139052767 0.725432885
1770029704.906255 1.901279382 0.996539228 1.118279899 -0.671545571 -0.058483804 -0.139574177 0.725344911
1770029704.916906 1.902546822 0.996555313 1.120526534 -0.671725789 -0.057967269 -0.140148257 0.725108768
1770029704.927596 1.903891320 0.996555830 1.122868832 -0.671901026 -0.057446370 -0.140760266 0.724869281
1770029704.938302 1.905256592 0.996547765 1.125269929 -0.672020949 -0.056915985 -0.141313166 0.724692351
1770029704.948735 1.906564665 0.996558408 1.127569583 -0.672193450 -0.056475224 -0.141827887 0.724466263
1770029704.959209 1.907875519 0.996584324 1.129905874 -0.672368513 -0.056046498 -0.142298329 0.724244819
1770029704.969718 1.909179278 0.996608925 1.132178747 -0.672606763 -0.055690895 -0.142739405 0.723964177
1770029704.980744 1.910557904 0.996619398 1.134554137 -0.672809423 -0.055345958 -0.143237143 0.723703963
1770029704.991401 1.912030246 0.996630015 1.137031459 -0.673009323 -0.054989516 -0.143762355 0.723441076
1770029705.002060 1.913463360 0.996646193 1.139419865 -0.673252058 -0.054719021 -0.144232679 0.723142053
1770029705.012490 1.914819021 0.996680628 1.141723039 -0.673461917 -0.054534430 -0.144634825 0.722880218
1770029705.023153 1.916173819 0.996723538 1.143978628 -0.673766777 -0.054416882 -0.144999501 0.722531852
1770029705.033827 1.917656680 0.996750749 1.146355465 -0.674102230 -0.054294465 -0.145438525 0.722139827
1770029705.044524 1.919131275 0.996731263 1.148808627 -0.674333314 -0.054206744 -0.145874902 0.721842589
1770029705.055261 1.920611016 0.996685423 1.151297521 -0.674600320 -0.054187362 -0.146325646 0.721503252
1770029705.065851 1.922027649 0.996690217 1.153658447 -0.674977746 -0.054293713 -0.146695041 0.721067126
1770029705.076365 1.923416655 0.996798477 1.155794157 -0.675375026 -0.054470370 -0.146951690 0.720629415
1770029705.087020 1.924876381 0.997059308 1.157627329 -0.675872662 -0.054691845 -0.147196223 0.720095979
1770029705.097740 1.926416815 0.997521029 1.159199284 -0.676523046 -0.054964455 -0.147363020 0.719430064
1770029705.108714 1.927930539 0.998119599 1.160447349 -0.677350938 -0.055198661 -0.147383558 0.718628486
1770029705.119833 1.929472564 0.998833944 1.161521784 -0.678636512 -0.055442212 -0.147119938 0.717449907
1770029705.130704 1.930994995 0.999564483 1.162441236 -0.680247259 -0.055566950 -0.146587316 0.716022444
1770029705.141553 1.932559719 1.000264382 1.163293538 -0.681996656 -0.055535075 -0.145911542 0.714497193
1770029705.152218 1.934073808 1.000926841 1.164067092 -0.683835664 -0.055412348 -0.145048272 0.712923036
1770029705.163346 1.935681197 1.001622403 1.164873424 -0.685831174 -0.055192247 -0.143966817 0.711240446
1770029705.173910 1.937192587 1.002295843 1.165665968 -0.687775049 -0.054982143 -0.142739755 0.709625119
1770029705.184748 1.938642010 1.002967572 1.166477705 -0.689698259 -0.054762766 -0.141301525 0.708061600
1770029705.195853 1.940222404 1.003649970 1.167341734 -0.691638918 -0.054388527 -0.139733789 0.706506874
1770029705.206395 1.941792192 1.004299648 1.168269560 -0.693384367 -0.053929476 -0.138101280 0.705150883
1770029705.217031 1.943304990 1.004929819 1.169146306 -0.695140081 -0.053443314 -0.136271675 0.703813974
1770029705.227610 1.944788989 1.005535969 1.170071373 -0.696764075 -0.052914765 -0.134328991 0.702620505
1770029705.238092 1.946237245 1.006144668 1.171036332 -0.698332461 -0.052401797 -0.132228626 0.701499406
1770029705.248802 1.947654470 1.006744760 1.171993827 -0.699858438 -0.051879053 -0.130058834 0.700422323
1770029705.259301 1.949213854 1.007343722 1.173096234 0.701227370 0.051227988 0.127901860 -0.699497665
1770029705.269747 1.950672920 1.007908051 1.174156217 0.702514450 0.050620188 0.125784704 -0.698633847
1770029705.280213 1.952170589 1.008466837 1.175241363 0.703783734 0.049984982 0.123669473 -0.697779205
1770029705.290726 1.953648850 1.009011981 1.176360264 0.704959833 0.049376378 0.121585579 -0.697001115
1770029705.301156 1.955054570 1.009540337 1.177450773 0.706105335 0.048815276 0.119529000 -0.696236413
1770029705.311828 1.956550134 1.010096272 1.178634585 0.707247920 0.048215792 0.117431526 -0.695474985
1770029705.322320 1.958044228 1.010615448 1.179831331 0.708264311 0.047615509 0.115495765 -0.694805841
1770029705.332709 1.959543886 1.011115390 1.181026519 0.709262264 0.047007688 0.113623314 -0.694137638
1770029705.343310 1.961101643 1.011621419 1.182231486 0.710289096 0.046370628 0.111729945 -0.693437513
1770029705.353746 1.962573216 1.012086247 1.183409822 0.711217018 0.045785186 0.109934875 -0.692811946
1770029705.364251 1.964086455 1.012562879 1.184635130 0.712176240 0.045181063 0.108111589 -0.692152844
1770029705.374720 1.965562369 1.013037197 1.185834972 0.713151674 0.044614595 0.106263535 -0.691471105
1770029705.385217 1.967026359 1.013497790 1.187112941 0.714018670 0.044050142 0.104446812 -0.690889128
1770029705.395655 1.968550438 1.013945250 1.188362492 0.714936666 0.043442941 0.102686063 -0.690241875
1770029705.406096 1.970071973 1.014370741 1.189574062 0.715829530 0.042811083 0.101004020 -0.689603859
1770029705.416528 1.971627287 1.014790523 1.190841828 0.716695695 0.042179083 0.099330362 -0.688985983
1770029705.426889 1.973130072 1.015197821 1.192071971 0.717593359 0.041593214 0.097653338 -0.688326667
1770029705.437262 1.974614590 1.015605889 1.193316724 0.718464031 0.041015434 0.095983961 -0.687687611
1770029705.447648 1.976079798 1.016007998 1.194593982 0.719277604 0.040443965 0.094312774 -0.687101968
1770029705.458044 1.977538040 1.016395179 1.195880199 0.720057293 0.039867917 0.092682828 -0.686540558
1770029705.468410 1.979025105 1.016769417 1.197137902 0.720880603 0.039281799 0.091058513 -0.685927433
1770029705.478786 1.980525686 1.017121255 1.198403952 0.721657633 0.038678665 0.089482761 -0.685351776
1770029705.489148 1.982036327 1.017471154 1.199688084 0.722433503 0.038080067 0.087928294 -0.684768835
1770029705.499570 1.983509634 1.017822274 1.200966902 0.723203160 0.037514403 0.086380564 -0.684184374
1770029705.510221 1.985019260 1.018155350 1.202326829 0.723825298 0.036900234 0.084919072 -0.683742686
1770029705.521178 1.986577873 1.018506629 1.203740937 0.724536108 0.036304567 0.083296349 -0.683221139
1770029705.531907 1.988068270 1.018832739 1.205082371 0.725256453 0.035743209 0.081728381 -0.682675598
1770029705.542633 1.989563002 1.019153724 1.206451593 0.725918141 0.035174204 0.080190135 -0.682184117
1770029705.553389 1.990998523 1.019462479 1.207806520 0.726552933 0.034649652 0.078688293 -0.681709901
1770029705.564358 1.992547928 1.019762763 1.209240099 0.727134697 0.034040203 0.077259910 -0.681283571
1770029705.575256 1.994151620 1.020059927 1.210713546 0.727710950 0.033418191 0.075783544 -0.680864783
1770029705.586020 1.995668521 1.020325036 1.212120333 0.728257858 0.032855050 0.074411865 -0.680458604
1770029705.596655 1.997144012 1.020580920 1.213467868 0.728833351 0.032318605 0.073064979 -0.680013943
1770029705.607562 1.998685662 1.020837894 1.214913992 0.729348980 0.031743177 0.071712959 -0.679632023
1770029705.618290 2.000175921 1.021084427 1.216372473 0.729805188 0.031202702 0.070394532 -0.679305078
1770029705.629171 2.001630558 1.021326994 1.217815150 0.730256237 0.030684376 0.069054080 -0.678981466
1770029705.640002 2.003086266 1.021562574 1.219261336 0.730703602 0.030173480 0.067709148 -0.678658440
1770029705.650785 2.004496635 1.021783378 1.220673103 0.731141541 0.029699881 0.066398209 -0.678337115
1770029705.661676 2.006031352 1.021988097 1.222169070 0.731527147 0.029127233 0.065142525 -0.678067909
1770029705.672430 2.007518303 1.022182557 1.223610632 0.731940183 0.028592919 0.063911676 -0.677761988
1770029705.683503 2.009045387 1.022369628 1.225142927 0.732282221 0.028038759 0.062685175 -0.677530181
1770029705.694521 2.010527456 1.022546159 1.226634072 0.732594225 0.027504268 0.061492307 -0.677324083
1770029705.705316 2.011963893 1.022712507 1.228092304 0.732932280 0.027025166 0.060317918 -0.677083202
1770029705.715723 2.013375081 1.022862570 1.229499235 0.733248862 0.026543861 0.059204146 -0.676857739
1770029705.726585 2.014783227 1.023005939 1.230945912 0.733519886 0.026051403 0.058071844 -0.676681285
1770029705.737801 2.016272908 1.023148799 1.232507198 0.733784163 0.025555116 0.056910266 -0.676512350
1770029705.748994 2.017661474 1.023292854 1.233980602 0.734050049 0.025117078 0.055763139 -0.676335812
1770029705.760140 2.019183905 1.023413143 1.235569779 0.734262474 0.024602324 0.054638037 -0.676215964
1770029705.770721 2.020602416 1.023509503 1.237025836 0.734476105 0.024113481 0.053586017 -0.676085741
1770029705.781337 2.021990970 1.023599264 1.238448053 0.734672206 0.023648531 0.052586146 -0.675967598
1770029705.792027 2.023391148 1.023686670 1.239907594 0.734860432 0.023186098 0.051592034 -0.675855615
1770029705.802763 2.024754403 1.023768370 1.241386528 0.734997225 0.022757340 0.050602794 -0.675796226
1770029705.813438 2.026147495 1.023835429 1.242892276 0.735075356 0.022292534 0.049638824 -0.675798232
1770029705.824253 2.027522852 1.023892192 1.244350625 0.735217207 0.021863428 0.048673703 -0.675728140
1770029705.834955 2.028875957 1.023939801 1.245787044 0.735369821 0.021451522 0.047713523 -0.675643751
1770029705.845806 2.030222514 1.023987811 1.247244551 0.735483435 0.021046419 0.046765767 -0.675599089
1770029705.856347 2.031547624 1.024023390 1.248741851 0.735531384 0.020650623 0.045847534 -0.675622038
1770029705.866860 2.032839883 1.024057208 1.250185729 0.735570451 0.020278873 0.044958363 -0.675650519
1770029705.877329 2.034160988 1.024067468 1.251590874 0.735622214 0.019864504 0.044127609 -0.675661242
1770029705.887807 2.035497443 1.024058409 1.252998405 0.735681712 0.019447051 0.043303619 -0.675661918
1770029705.898255 2.036807496 1.024049781 1.254399855 0.735709256 0.019051172 0.042493129 -0.675694663
1770029705.908710 2.038119931 1.024033608 1.255841273 0.735691298 0.018647360 0.041705501 -0.675774549
1770029705.919149 2.039385869 1.024021883 1.257259765 0.735697830 0.018309103 0.040907899 -0.675825439
1770029705.931054 2.040644420 1.023998188 1.258671245 0.735657216 0.017962048 0.040142604 -0.675924846
1770029705.941871 2.042104889 1.023957814 1.260298933 0.735607029 0.017563397 0.039271082 -0.676041129
1770029705.952328 2.043341105 1.023914953 1.261687998 0.735571103 0.017267945 0.038522944 -0.676130869
1770029705.962775 2.044607347 1.023862578 1.263086189 0.735510292 0.016926718 0.037796004 -0.676246670
1770029705.973157 2.045820368 1.023808761 1.264445844 0.735470157 0.016628897 0.037073878 -0.676337679
1770029705.983589 2.047000162 1.023750092 1.265822189 0.735397802 0.016377300 0.036359210 -0.676461281
1770029705.994098 2.048248035 1.023674969 1.267228220 0.735269563 0.016046065 0.035676768 -0.676644931
1770029706.004603 2.049502738 1.023578231 1.268599972 0.735141968 0.015702680 0.035042471 -0.676824747
1770029706.015094 2.050766165 1.023472621 1.269954976 0.735033831 0.015371468 0.034426765 -0.676981376
1770029706.025547 2.051999906 1.023367522 1.271301971 0.734921006 0.015048686 0.033796479 -0.677142857
1770029706.035917 2.053193505 1.023257962 1.272622272 0.734806741 0.014747546 0.033173829 -0.677304259
1770029706.046276 2.054376420 1.023148799 1.273954207 0.734670827 0.014478532 0.032567762 -0.677486892
1770029706.056666 2.055561443 1.023026078 1.275326402 0.734448126 0.014191274 0.032009629 -0.677760977
1770029706.067091 2.056708055 1.022908755 1.276635813 0.734277228 0.013937157 0.031407677 -0.677979546
1770029706.077560 2.057871595 1.022776177 1.277952271 0.734109075 0.013691451 0.030825776 -0.678193322
1770029706.088052 2.059017444 1.022635957 1.279229522 0.733950118 0.013439878 0.030249833 -0.678396301
1770029706.098448 2.060145956 1.022498805 1.280501883 0.733797437 0.013218825 0.029653233 -0.678592123
1770029706.108854 2.061284691 1.022342341 1.281794930 0.733593938 0.012987711 0.029114198 -0.678839905
1770029706.119328 2.062434807 1.022178627 1.283079670 0.733377906 0.012747516 0.028589961 -0.679100111
1770029706.130360 2.063618298 1.022000440 1.284400069 0.733118387 0.012487815 0.028106139 -0.679405277
1770029706.141428 2.064870318 1.021802576 1.285756494 0.732860356 0.012215186 0.027605243 -0.679709083
1770029706.152072 2.066017156 1.021612647 1.287008968 0.732642057 0.011984064 0.027118221 -0.679968088
1770029706.162574 2.067169440 1.021417468 1.288263860 0.732406241 0.011754003 0.026645760 -0.680244769
1770029706.173070 2.068296359 1.021218029 1.289485477 0.732159387 0.011529380 0.026197674 -0.680531695
1770029706.183697 2.069403940 1.021011783 1.290703491 0.731892159 0.011325977 0.025766262 -0.680838960
1770029706.194525 2.070545051 1.020799959 1.291973787 0.731597944 0.011131717 0.025327804 -0.681174747
1770029706.205022 2.071621910 1.020590420 1.293200098 0.731289174 0.010961151 0.024920362 -0.681524007
1770029706.215747 2.072699264 1.020379525 1.294393896 0.730997711 0.010795122 0.024480607 -0.681855198
1770029706.226565 2.073804841 1.020146648 1.295601407 0.730703632 0.010634973 0.024060434 -0.682187801
1770029706.237109 2.074833218 1.019927654 1.296743540 0.730427162 0.010518349 0.023643887 -0.682500177
1770029706.247820 2.075921077 1.019688617 1.297918809 0.730123733 0.010371461 0.023242773 -0.682840787
1770029706.258333 2.077007284 1.019430805 1.299053629 0.729791667 0.010189773 0.022943060 -0.683208539
1770029706.268787 2.078093886 1.019175283 1.300179722 0.729458989 0.009993178 0.022622026 -0.683577329
1770029706.279143 2.079140976 1.018920794 1.301283781 0.729124256 0.009833469 0.022318725 -0.683946633
1770029706.289659 2.080175772 1.018667980 1.302390016 0.728769543 0.009692067 0.022018151 -0.684336334
1770029706.300044 2.081186757 1.018419032 1.303455148 0.728424062 0.009550261 0.021682876 -0.684716753
1770029706.310392 2.082215227 1.018152554 1.304501929 0.728079136 0.009401520 0.021406864 -0.685094249
1770029706.320829 2.083221891 1.017900603 1.305515318 0.727758872 0.009265141 0.021103017 -0.685445727
1770029706.331157 2.084220652 1.017648829 1.306507874 0.727436934 0.009126520 0.020792159 -0.685798732
1770029706.341526 2.085234148 1.017398221 1.307491529 0.727110621 0.008994378 0.020511962 -0.686154870
1770029706.351947 2.086213088 1.017162750 1.308427615 0.726803649 0.008874153 0.020209970 -0.686490541
1770029706.362471 2.087216874 1.016918388 1.309377197 0.726459135 0.008736121 0.019944151 -0.686864642
1770029706.373076 2.088214250 1.016690574 1.310322027 0.726140146 0.008634116 0.019625704 -0.687212320
1770029706.383742 2.089200845 1.016462211 1.311238474 0.725819245 0.008529565 0.019318536 -0.687561244
1770029706.394478 2.090224939 1.016229771 1.312112869 0.725506686 0.008390021 0.019039054 -0.687900553
1770029706.405075 2.091254659 1.015993337 1.312945721 0.725224929 0.008242280 0.018773035 -0.688206684
1770029706.415846 2.092297020 1.015758955 1.313762409 0.724939036 0.008079991 0.018513292 -0.688516787
1770029706.426568 2.093293286 1.015545978 1.314531663 0.724670133 0.007935356 0.018232247 -0.688808982
1770029706.437662 2.094330007 1.015326254 1.315325181 0.724396740 0.007805469 0.017935454 -0.689105766
1770029706.448168 2.095325612 1.015123994 1.316060916 0.724138297 0.007684000 0.017647385 -0.689386142
1770029706.459852 2.096328459 1.014911041 1.316774445 0.723874451 0.007548516 0.017412391 -0.689670651
1770029706.470440 2.097394229 1.014691583 1.317518375 0.723595418 0.007412671 0.017130891 -0.689971924
1770029706.481045 2.098364616 1.014499204 1.318179974 0.723343830 0.007313983 0.016872967 -0.690243082
1770029706.491649 2.099312646 1.014312280 1.318833921 0.723086089 0.007233815 0.016628974 -0.690519845
1770029706.502126 2.100259302 1.014127505 1.319456699 0.722825671 0.007158298 0.016383476 -0.690799096
1770029706.512674 2.101220802 1.013937209 1.320042469 0.722578042 0.007048637 0.016157384 -0.691064562
1770029706.523099 2.102142714 1.013771426 1.320575637 0.722370869 0.006977039 0.015897692 -0.691287865
1770029706.533791 2.103078451 1.013597765 1.321098670 0.722158349 0.006891509 0.015646690 -0.691516455
1770029706.544447 2.104087658 1.013413810 1.321618046 0.721943880 0.006758247 0.015418424 -0.691746798
1770029706.555193 2.105070806 1.013227640 1.322107369 0.721718878 0.006621474 0.015206576 -0.691987556
1770029706.565883 2.106047948 1.013044461 1.322575149 0.721491803 0.006484145 0.015005715 -0.692229993
1770029706.576450 2.106983366 1.012880882 1.323012463 0.721272918 0.006376271 0.014788869 -0.692463725
1770029706.586936 2.107915132 1.012718592 1.323431069 0.721059775 0.006276614 0.014556936 -0.692691490
1770029706.597505 2.108827514 1.012554963 1.323821322 0.720850995 0.006188578 0.014355923 -0.692913741
1770029706.607981 2.109759841 1.012387483 1.324202407 0.720632810 0.006090111 0.014163856 -0.693145474
1770029706.618459 2.110664872 1.012236677 1.324555903 0.720417561 0.006004490 0.013947825 -0.693374316
1770029706.629118 2.111581520 1.012078899 1.324890911 0.720205243 0.005919563 0.013740916 -0.693599707
1770029706.639879 2.112504095 1.011920834 1.325217350 0.719986226 0.005830494 0.013533268 -0.693831889
1770029706.650503 2.113385885 1.011781188 1.325506201 0.719787072 0.005759186 0.013308046 -0.694043442
1770029706.661481 2.114327849 1.011618831 1.325794569 0.719550562 0.005652193 0.013135099 -0.694292814
1770029706.672127 2.115224194 1.011481746 1.326019411 0.719354984 0.005567662 0.012937482 -0.694499841
1770029706.682835 2.116101013 1.011348143 1.326227494 0.719164819 0.005510724 0.012733366 -0.694700984
1770029706.693765 2.116999999 1.011208674 1.326417425 0.718975385 0.005430815 0.012549004 -0.694901017
1770029706.704499 2.117937690 1.011056766 1.326572434 0.718797164 0.005318023 0.012357117 -0.695089675
1770029706.715099 2.118866012 1.010903750 1.326729039 0.718600201 0.005195791 0.012194057 -0.695297102
1770029706.725841 2.119776881 1.010759864 1.326845761 0.718421732 0.005088877 0.012018569 -0.695485350
1770029706.736649 2.120660644 1.010618992 1.326942227 0.718242509 0.004994836 0.011857509 -0.695673881
1770029706.747319 2.121540627 1.010492189 1.327027360 0.718058300 0.004908285 0.011678831 -0.695867654
1770029706.757917 2.122427598 1.010359301 1.327081348 0.717876088 0.004800967 0.011520986 -0.696059006
1770029706.768463 2.123272332 1.010233824 1.327104508 0.717709322 0.004724035 0.011346038 -0.696234357
1770029706.779099 2.124147834 1.010105333 1.327119277 0.717527595 0.004632550 0.011186287 -0.696424839
1770029706.789620 2.125002077 1.009982164 1.327108456 0.717356105 0.004544309 0.011027238 -0.696604599
1770029706.800467 2.125838720 1.009865745 1.327073361 0.717204989 0.004494449 0.010852806 -0.696763246
1770029706.810981 2.126696782 1.009748765 1.327005651 0.717060123 0.004414847 0.010703730 -0.696915145
1770029706.821603 2.127505977 1.009641525 1.326929109 0.716916254 0.004379881 0.010539814 -0.697065860
1770029706.832425 2.128345287 1.009528668 1.326820409 0.716785236 0.004334313 0.010387725 -0.697203151
1770029706.843003 2.129182510 1.009409221 1.326691125 0.716652427 0.004279969 0.010221078 -0.697342463
1770029706.853536 2.129961637 1.009310149 1.326542152 0.716540939 0.004252004 0.010037253 -0.697459860
1770029706.864280 2.130774888 1.009198741 1.326371101 0.716426878 0.004210001 0.009861070 -0.697579790
1770029706.875051 2.131611286 1.009078447 1.326176662 0.716321936 0.004149594 0.009696649 -0.697690218
1770029706.885629 2.132459500 1.008949912 1.325960755 0.716229497 0.004075826 0.009551663 -0.697787547
1770029706.896067 2.133270077 1.008829057 1.325726125 0.716150914 0.004015025 0.009388719 -0.697870762
1770029706.906477 2.134069582 1.008716580 1.325467251 0.716090667 0.003949314 0.009218002 -0.697935232
1770029706.916969 2.134847309 1.008612414 1.325195506 0.716030051 0.003925632 0.009034589 -0.697999951
1770029706.927579 2.135636670 1.008509277 1.324904105 0.715973407 0.003904364 0.008848426 -0.698060558
1770029706.938100 2.136416933 1.008409438 1.324594883 0.715933704 0.003894290 0.008682183 -0.698103420
1770029706.948609 2.137170043 1.008320050 1.324272681 0.715895694 0.003918645 0.008513517 -0.698144340
1770029706.959085 2.137947408 1.008221435 1.323923255 0.715858717 0.003902064 0.008355654 -0.698184255
1770029706.969632 2.138698932 1.008132837 1.323558163 0.715810823 0.003915904 0.008186119 -0.698235289
1770029706.980088 2.139456886 1.008036500 1.323156963 0.715765509 0.003905199 0.008029505 -0.698283619
1770029706.990624 2.140202664 1.007948289 1.322732992 0.715705717 0.003887310 0.007860048 -0.698346930
1770029707.001257 2.140941416 1.007864402 1.322291595 0.715633642 0.003875943 0.007704293 -0.698422588
1770029707.011715 2.141688492 1.007786829 1.321806474 0.715562663 0.003826661 0.007545797 -0.698497310
1770029707.022611 2.142434153 1.007701262 1.321332676 0.715456939 0.003769213 0.007422928 -0.698607230
1770029707.034139 2.143247751 1.007616736 1.320779622 0.715330727 0.003690032 0.007296737 -0.698738214
1770029707.045246 2.144025125 1.007530792 1.320225814 0.715183668 0.003642642 0.007171762 -0.698890277
1770029707.055879 2.144769467 1.007449753 1.319681836 0.715027914 0.003568253 0.007079748 -0.699050947
1770029707.066477 2.145509580 1.007357337 1.319151087 0.714838144 0.003498609 0.007022921 -0.699245926
1770029707.077464 2.146281695 1.007254801 1.318580660 0.714664722 0.003380312 0.006980021 -0.699424183
1770029707.088337 2.147078593 1.007154263 1.317950475 0.714483816 0.003266957 0.006941080 -0.699609910
1770029707.098944 2.147810067 1.007058328 1.317363043 0.714301089 0.003166646 0.006891291 -0.699797425
1770029707.109799 2.148539793 1.006974238 1.316750430 0.714126564 0.003069944 0.006850176 -0.699976358
1770029707.120457 2.149274192 1.006879796 1.316099126 0.713937309 0.002980348 0.006808541 -0.700170179
1770029707.131073 2.149969734 1.006800886 1.315440134 0.713759945 0.002905312 0.006733271 -0.700352028
1770029707.141587 2.150685230 1.006723822 1.314765913 0.713588484 0.002824001 0.006683021 -0.700527542
1770029707.152184 2.151353872 1.006651366 1.314065454 0.713457381 0.002791796 0.006613895 -0.700661850
1770029707.162619 2.152052128 1.006570339 1.313336738 0.713340230 0.002736559 0.006577764 -0.700781678
1770029707.173284 2.152724615 1.006503071 1.312588596 0.713234331 0.002715313 0.006508240 -0.700890190
1770029707.183961 2.153417288 1.006429806 1.311801449 0.713129814 0.002666933 0.006428937 -0.700997450
1770029707.194461 2.154089406 1.006364914 1.310996776 0.713045177 0.002622726 0.006330643 -0.701084603
1770029707.204942 2.154741766 1.006305916 1.310183646 0.712972524 0.002550557 0.006196649 -0.701159951
1770029707.215842 2.155399597 1.006234363 1.309362591 0.712892090 0.002484695 0.006098942 -0.701242823
1770029707.226288 2.156066399 1.006164236 1.308491754 0.712798333 0.002426349 0.005985098 -0.701339310
1770029707.236661 2.156708418 1.006096193 1.307654623 0.712688694 0.002354277 0.005912560 -0.701451584
1770029707.247040 2.157336026 1.006029465 1.306795559 0.712583829 0.002299826 0.005835871 -0.701558936
1770029707.257395 2.157973018 1.005963887 1.305910537 0.712481167 0.002222836 0.005767941 -0.701664005
1770029707.267756 2.158578025 1.005908451 1.305017364 0.712376497 0.002171350 0.005677715 -0.701771170
1770029707.278135 2.159203402 1.005840597 1.304110620 0.712260017 0.002093863 0.005608338 -0.701890184
1770029707.288464 2.159838537 1.005766166 1.303185823 0.712141404 0.001999713 0.005556959 -0.702011213
1770029707.298885 2.160474158 1.005689198 1.302266255 0.712006349 0.001906320 0.005532820 -0.702148640
1770029707.309344 2.161111465 1.005619520 1.301289518 0.711907756 0.001806151 0.005492466 -0.702249185
1770029707.319798 2.161726979 1.005557653 1.300302009 0.711804654 0.001757480 0.005458116 -0.702354081
1770029707.330186 2.162337967 1.005491006 1.299321934 0.711692798 0.001716223 0.005438955 -0.702467674
1770029707.340645 2.162932257 1.005437456 1.298297768 0.711605809 0.001671413 0.005399081 -0.702556211
1770029707.350980 2.163527562 1.005385497 1.297264518 0.711528775 0.001631396 0.005351738 -0.702634684
1770029707.361445 2.164119675 1.005335058 1.296173985 0.711504245 0.001579283 0.005271023 -0.702660253
1770029707.371905 2.164692326 1.005278937 1.295101914 0.711448424 0.001545848 0.005209002 -0.702717310
1770029707.382825 2.165286523 1.005220787 1.294005567 0.711355518 0.001509490 0.005157005 -0.702811820
1770029707.393708 2.165873117 1.005166274 1.292869099 0.711268949 0.001475757 0.005094766 -0.702899955
1770029707.404225 2.166454280 1.005104400 1.291744298 0.711173015 0.001423899 0.005044585 -0.702997487
1770029707.414678 2.167012595 1.005046869 1.290598387 0.711105129 0.001372411 0.004970863 -0.703066784
1770029707.425043 2.167559186 1.004991565 1.289459117 0.711032183 0.001318858 0.004889951 -0.703141226
1770029707.435468 2.168100464 1.004936161 1.288305768 0.710958119 0.001268565 0.004812306 -0.703216741
1770029707.445909 2.168639710 1.004884774 1.287124793 0.710889782 0.001233473 0.004743868 -0.703286352
1770029707.456261 2.169182316 1.004830740 1.285933834 0.710839144 0.001184869 0.004683693 -0.703338020
1770029707.467499 2.169713570 1.004779796 1.284711985 0.710793380 0.001165301 0.004622266 -0.703384708
1770029707.478029 2.170277771 1.004722913 1.283388865 0.710735276 0.001130690 0.004541531 -0.703444002
1770029707.488392 2.170812267 1.004682226 1.282128194 0.710706473 0.001069946 0.004470765 -0.703473650
1770029707.498797 2.171318830 1.004643995 1.280869124 0.710672564 0.001033047 0.004387565 -0.703508486
1770029707.509148 2.171842986 1.004596573 1.279579160 0.710648786 0.000971714 0.004322630 -0.703532994
1770029707.519521 2.172344447 1.004549220 1.278324780 0.710570308 0.000943838 0.004280622 -0.703612552
1770029707.529965 2.172825100 1.004514743 1.277048544 0.710497659 0.000932671 0.004229676 -0.703686235
1770029707.540490 2.173338357 1.004463510 1.275725293 0.710430267 0.000877946 0.004197561 -0.703754535
1770029707.550961 2.173836943 1.004407127 1.274406110 0.710369876 0.000845611 0.004157405 -0.703815771
1770029707.561497 2.174351392 1.004342064 1.273037247 0.710322970 0.000774036 0.004119586 -0.703863416
1770029707.572104 2.174862394 1.004276931 1.271667641 0.710255480 0.000713042 0.004090587 -0.703931752
1770029707.582831 2.175350145 1.004226836 1.270292265 0.710200954 0.000669841 0.004055343 -0.703987010
1770029707.593501 2.175849398 1.004177180 1.268845968 0.710138880 0.000610926 0.004013683 -0.704049919
1770029707.604744 2.176331159 1.004123735 1.267444557 0.710063440 0.000553909 0.003991686 -0.704126176
1770029707.616231 2.176852660 1.004082453 1.265819975 0.710023747 0.000501467 0.003927746 -0.704166600
1770029707.627057 2.177345999 1.004046879 1.264284395 0.709986087 0.000464163 0.003883107 -0.704204844
1770029707.637732 2.177813727 1.004006931 1.262814164 0.709923828 0.000432956 0.003857871 -0.704267767
1770029707.648353 2.178253470 1.003966536 1.261356518 0.709860508 0.000414119 0.003817671 -0.704331821
1770029707.659176 2.178705712 1.003923999 1.259835436 0.709838796 0.000364981 0.003760330 -0.704354038
1770029707.669914 2.179153372 1.003874528 1.258303134 0.709798529 0.000333216 0.003698446 -0.704394959
1770029707.680431 2.179578587 1.003829972 1.256784787 0.709764686 0.000301842 0.003626263 -0.704429450
1770029707.690769 2.179996939 1.003787389 1.255288375 0.709720984 0.000260556 0.003577919 -0.704473743
1770029707.701437 2.180412711 1.003739508 1.253814197 0.709661812 0.000233775 0.003554619 -0.704533478
1770029707.711987 2.180845843 1.003698883 1.252209370 0.709640466 0.000188899 0.003511589 -0.704555208
1770029707.722569 2.181254634 1.003662414 1.250632908 0.709602657 0.000157026 0.003464494 -0.704593530
1770029707.733050 2.181670817 1.003631367 1.249052658 0.709581434 0.000120996 0.003419524 -0.704615129
1770029707.743448 2.182065724 1.003601928 1.247486391 0.709567934 0.000118708 0.003380775 -0.704628912
1770029707.753979 2.182447997 1.003572456 1.245915427 0.709525905 0.000110613 0.003353997 -0.704671362
1770029707.764441 2.182834553 1.003528268 1.244303213 0.709492934 0.000092698 0.003322329 -0.704704711
1770029707.774917 2.183224463 1.003489481 1.242676142 0.709476997 0.000067213 0.003277804 -0.704720967
1770029707.785332 2.183596794 1.003452896 1.241079630 0.709428022 0.000031438 0.003257236 -0.704770368
1770029707.795774 2.183966564 1.003405191 1.239469965 0.709357249 -0.000000813 0.003249561 -0.704841638
1770029707.806144 2.184343711 1.003361822 1.237846111 0.709314782 -0.000051907 0.003250848 -0.704884366
1770029707.816527 2.184704262 1.003318869 1.236219205 0.709263553 -0.000085301 0.003233337 -0.704935991
1770029707.826902 2.185048088 1.003287545 1.234555366 0.709252645 -0.000108384 0.003176435 -0.704947220
1770029707.837329 2.185402974 1.003259662 1.232886626 0.709239624 -0.000150882 0.003126505 -0.704960537
1770029707.847754 2.185750550 1.003227140 1.231228473 0.709217867 -0.000168045 0.003095003 -0.704982560
1770029707.858213 2.186087127 1.003195646 1.229499742 0.709225989 -0.000183650 0.003036592 -0.704974639
1770029707.868695 2.186397530 1.003161928 1.227832737 0.709182502 -0.000188148 0.003006339 -0.705018514
1770029707.879130 2.186737392 1.003122617 1.226097608 0.709168618 -0.000229738 0.002976213 -0.705032595
1770029707.889591 2.187087451 1.003067511 1.224381959 0.709118217 -0.000288291 0.002992260 -0.705083199
1770029707.900179 2.187412158 1.003021318 1.222672371 0.709040282 -0.000315576 0.003018959 -0.705161446
1770029707.910563 2.187731459 1.002985571 1.220905337 0.709025421 -0.000369448 0.002991086 -0.705176481
1770029707.921098 2.188046959 1.002944981 1.219162258 0.708979571 -0.000410887 0.002988039 -0.705222568
1770029707.932456 2.188366159 1.002917362 1.217375582 0.708964551 -0.000453995 0.002975210 -0.705237695
1770029707.943674 2.188696893 1.002895085 1.215377311 0.708952379 -0.000470195 0.002944422 -0.705250051
1770029707.954415 2.188996224 1.002865816 1.213548639 0.708910478 -0.000513272 0.002926502 -0.705292214
1770029707.965385 2.189299337 1.002823972 1.211645108 0.708871363 -0.000556280 0.002906932 -0.705331576
1770029707.976099 2.189590263 1.002784891 1.209813168 0.708860519 -0.000581765 0.002896895 -0.705342494
1770029707.986630 2.189865103 1.002746874 1.207995427 0.708823073 -0.000585429 0.002904143 -0.705380093
1770029707.997090 2.190117566 1.002715760 1.206192136 0.708791447 -0.000571789 0.002884480 -0.705411963
1770029708.007693 2.190378304 1.002686261 1.204365096 0.708784989 -0.000601651 0.002849520 -0.705418570
1770029708.018502 2.190642359 1.002656323 1.202441793 0.708802422 -0.000633964 0.002794734 -0.705401243
1770029708.029166 2.190895449 1.002633751 1.200558717 0.708803227 -0.000661648 0.002742925 -0.705400612
1770029708.039987 2.191158557 1.002610824 1.198638696 0.708773648 -0.000701858 0.002723579 -0.705430369
1770029708.050921 2.191403190 1.002583465 1.196753764 0.708720233 -0.000720871 0.002732195 -0.705483980
1770029708.061598 2.191659778 1.002538853 1.194789792 0.708722712 -0.000782101 0.002715969 -0.705481487
1770029708.072195 2.191896690 1.002491090 1.192913185 0.708685841 -0.000795493 0.002728475 -0.705518463
1770029708.082736 2.192121154 1.002457819 1.191038751 0.708656076 -0.000818386 0.002711646 -0.705548399
1770029708.093410 2.192338759 1.002428704 1.189123301 0.708634606 -0.000841367 0.002678235 -0.705570063
1770029708.104093 2.192556847 1.002407718 1.187174838 0.708645497 -0.000870902 0.002621845 -0.705559301
1770029708.114706 2.192767804 1.002380982 1.185197634 0.708683688 -0.000923339 0.002563878 -0.705521087
1770029708.125377 2.192981601 1.002343452 1.183252565 0.708679928 -0.000953486 0.002542630 -0.705524900
1770029708.135861 2.193194154 1.002315875 1.181319972 0.708652126 -0.000992293 0.002539221 -0.705552785
1770029708.146414 2.193388180 1.002279516 1.179434761 0.708601843 -0.001005589 0.002551810 -0.705603221
1770029708.157020 2.193572282 1.002241613 1.177506959 0.708581919 -0.001013837 0.002550539 -0.705623222
1770029708.167855 2.193757190 1.002202292 1.175527579 0.708552228 -0.001040122 0.002543709 -0.705653022
1770029708.178714 2.193938740 1.002175323 1.173529341 0.708544792 -0.001059178 0.002521221 -0.705660541
1770029708.189483 2.194122859 1.002157445 1.171447393 0.708554907 -0.001093482 0.002504191 -0.705650393
1770029708.199963 2.194286002 1.002128858 1.169506187 0.708537344 -0.001108639 0.002502708 -0.705668009
1770029708.210785 2.194451769 1.002095582 1.167464889 0.708575102 -0.001164448 0.002455079 -0.705630173
1770029708.221552 2.194612641 1.002053674 1.165440649 0.708554339 -0.001196401 0.002457918 -0.705650959
1770029708.232251 2.194767586 1.002019261 1.163463237 0.708513363 -0.001214092 0.002472469 -0.705692021
1770029708.242845 2.194915466 1.001991946 1.161496195 0.708463042 -0.001251304 0.002478603 -0.705742453
1770029708.253460 2.195056156 1.001971473 1.159558004 0.708424103 -0.001304779 0.002478843 -0.705781442
1770029708.264211 2.195191239 1.001947171 1.157463694 0.708456241 -0.001355141 0.002447362 -0.705749197
1770029708.275332 2.195312748 1.001924211 1.155436189 0.708458705 -0.001374691 0.002425890 -0.705746760
1770029708.287047 2.195460162 1.001889466 1.153067981 0.708451215 -0.001427049 0.002420425 -0.705754193
1770029708.297409 2.195574843 1.001853482 1.151131783 0.708408380 -0.001446176 0.002443483 -0.705797071
1770029708.308022 2.195687146 1.001821014 1.149134941 0.708398275 -0.001478876 0.002449288 -0.705807126
1770029708.319057 2.195789751 1.001789137 1.147097257 0.708371265 -0.001493923 0.002452345 -0.705834191
1770029708.329712 2.195890699 1.001773304 1.144958993 0.708393290 -0.001509413 0.002422318 -0.705812157
1770029708.340306 2.195982866 1.001756438 1.142906752 0.708396324 -0.001541589 0.002405832 -0.705809098
1770029708.350872 2.196061379 1.001739208 1.140952774 0.708375233 -0.001556208 0.002390329 -0.705830287
1770029708.361369 2.196134018 1.001707710 1.138890442 0.708385703 -0.001592507 0.002360056 -0.705819800
1770029708.371802 2.196203648 1.001673255 1.136905195 0.708351892 -0.001597323 0.002382726 -0.705853645
1770029708.382168 2.196274671 1.001646708 1.134931608 0.708317876 -0.001620239 0.002401084 -0.705887666
1770029708.392852 2.196346639 1.001623787 1.132870116 0.708307300 -0.001657321 0.002409492 -0.705898163
1770029708.403430 2.196407544 1.001606599 1.130810531 0.708323818 -0.001670382 0.002411749 -0.705881549
1770029708.414058 2.196459744 1.001578232 1.128706246 0.708354451 -0.001703717 0.002373510 -0.705850859
1770029708.424730 2.196505155 1.001545586 1.126633243 0.708367234 -0.001712247 0.002364646 -0.705838039
1770029708.435487 2.196548602 1.001507578 1.124561203 0.708362512 -0.001706090 0.002375657 -0.705842756
1770029708.445992 2.196585085 1.001481805 1.122570071 0.708352570 -0.001694371 0.002376981 -0.705852757
1770029708.456625 2.196619854 1.001460770 1.120528370 0.708351440 -0.001700147 0.002357033 -0.705853945
1770029708.467056 2.196653407 1.001442291 1.118464926 0.708350927 -0.001701148 0.002371949 -0.705854407
1770029708.477461 2.196673761 1.001416044 1.116437097 0.708361949 -0.001685897 0.002388928 -0.705843326
1770029708.487887 2.196695401 1.001385160 1.114402634 0.708368911 -0.001707724 0.002396482 -0.705836261
1770029708.498346 2.196708617 1.001348166 1.112403621 0.708341200 -0.001723142 0.002417330 -0.705863962
1770029708.509027 2.196714551 1.001316174 1.110339203 0.708358864 -0.001774766 0.002385234 -0.705846216
1770029708.520070 2.196718333 1.001289607 1.108399473 0.708333281 -0.001812097 0.002384905 -0.705871795
1770029708.530706 2.196717858 1.001269390 1.106098118 0.708365725 -0.001854143 0.002341548 -0.705839272
1770029708.541204 2.196708008 1.001245098 1.103996392 0.708398965 -0.001860367 0.002312925 -0.705805990
1770029708.551728 2.196695181 1.001207299 1.101962336 0.708407237 -0.001875123 0.002286073 -0.705797736
1770029708.562179 2.196681402 1.001159905 1.099900252 0.708417149 -0.001895948 0.002280921 -0.705787748
1770029708.572557 2.196670480 1.001132239 1.097917904 0.708399240 -0.001904670 0.002288993 -0.705805674
1770029708.583128 2.196661945 1.001108079 1.095923994 0.708376840 -0.001951464 0.002294339 -0.705828010
1770029708.593675 2.196641164 1.001083850 1.093839753 0.708392051 -0.001999975 0.002270200 -0.705812686
1770029708.604126 2.196610109 1.001051286 1.091797474 0.708416855 -0.002031099 0.002245259 -0.705787782
1770029708.614712 2.196569068 1.001011785 1.089738915 0.708432141 -0.002055180 0.002221996 -0.705772443
1770029708.625284 2.196528037 1.000970011 1.087695865 0.708424057 -0.002080986 0.002235132 -0.705780440
1770029708.635849 2.196481595 1.000943597 1.085657040 0.708410166 -0.002114461 0.002242004 -0.705794261
1770029708.646313 2.196424246 1.000922690 1.083599766 0.708422100 -0.002173022 0.002210199 -0.705782205
1770029708.656706 2.196351997 1.000900801 1.081535805 0.708469818 -0.002213359 0.002166170 -0.705734317
1770029708.667157 2.196275749 1.000879297 1.079502074 0.708477009 -0.002189421 0.002190280 -0.705727098
1770029708.677537 2.196192340 1.000848639 1.077497589 0.708478342 -0.002168183 0.002198671 -0.705725799
1770029708.687932 2.196113062 1.000813195 1.075507923 0.708465241 -0.002167094 0.002238561 -0.705738829
1770029708.698299 2.196030259 1.000791873 1.073526384 0.708452780 -0.002142652 0.002280725 -0.705751277
1770029708.708665 2.195933579 1.000769589 1.071460578 0.708497305 -0.002156196 0.002266458 -0.705706584
1770029708.719051 2.195829154 1.000756080 1.069478697 0.708494709 -0.002142548 0.002269311 -0.705709223
1770029708.729690 2.195717821 1.000738579 1.067476987 0.708505479 -0.002141517 0.002254117 -0.705698462
1770029708.740233 2.195598442 1.000708991 1.065469302 0.708477877 -0.002144165 0.002270789 -0.705726111
1770029708.750711 2.195485330 1.000689495 1.063491303 0.708442573 -0.002153696 0.002306228 -0.705761407
1770029708.761283 2.195362286 1.000666956 1.061428245 0.708465750 -0.002200312 0.002292241 -0.705738043
1770029708.771955 2.195232875 1.000653055 1.059380819 0.708478811 -0.002225672 0.002283988 -0.705724879
1770029708.782659 2.195097061 1.000628499 1.057322302 0.708501657 -0.002263193 0.002272690 -0.705701860
1770029708.793602 2.194954515 1.000598564 1.055296558 0.708504589 -0.002278996 0.002244993 -0.705698954
1770029708.804374 2.194807392 1.000566319 1.053189667 0.708495084 -0.002301137 0.002232949 -0.705708463
1770029708.814871 2.194668070 1.000540182 1.051200162 0.708490292 -0.002342223 0.002226848 -0.705713158
1770029708.825358 2.194526005 1.000520269 1.049172903 0.708526798 -0.002373453 0.002203123 -0.705676476
1770029708.835851 2.194366095 1.000493603 1.047159077 0.708554902 -0.002375600 0.002203699 -0.705648249
1770029708.846246 2.194198835 1.000469067 1.045201127 0.708568241 -0.002329363 0.002202295 -0.705635013
1770029708.856734 2.194021721 1.000429917 1.043205559 0.708583416 -0.002322920 0.002179518 -0.705619866
1770029708.867172 2.193862605 1.000412596 1.041312691 0.708548224 -0.002308186 0.002186051 -0.705655233
1770029708.877818 2.193695966 1.000380837 1.039290998 0.708589019 -0.002329446 0.002170146 -0.705614247
1770029708.888588 2.193517308 1.000361302 1.037267656 0.708603190 -0.002330646 0.002156569 -0.705600054
1770029708.899183 2.193318981 1.000338162 1.035274610 0.708601481 -0.002328160 0.002141782 -0.705601824
1770029708.909746 2.193122542 1.000310904 1.033323881 0.708596967 -0.002335565 0.002130855 -0.705606365
1770029708.920264 2.192939800 1.000279161 1.031404547 0.708574057 -0.002329992 0.002168941 -0.705629274
1770029708.930810 2.192756776 1.000258358 1.029458295 0.708574066 -0.002328164 0.002222079 -0.705629106
1770029708.941236 2.192549889 1.000237847 1.027474252 0.708605586 -0.002315584 0.002231161 -0.705597466
1770029708.951678 2.192342763 1.000214880 1.025552894 0.708610913 -0.002303614 0.002251685 -0.705592090
1770029708.962212 2.192135979 1.000169961 1.023630439 0.708630447 -0.002316641 0.002254792 -0.705572419
1770029708.973002 2.191914907 1.000144897 1.021684122 0.708614612 -0.002341304 0.002258733 -0.705588228
1770029708.983561 2.191690531 1.000129646 1.019728026 0.708609544 -0.002384590 0.002259783 -0.705593169
1770029708.994053 2.191473935 1.000105644 1.017774173 0.708640507 -0.002438155 0.002246165 -0.705561934
1770029709.004510 2.191246074 1.000072713 1.015879775 0.708667456 -0.002465320 0.002215483 -0.705534869
1770029709.015064 2.190987661 1.000041885 1.013944255 0.708677783 -0.002463871 0.002176737 -0.705524622
1770029709.025547 2.190752316 1.000006257 1.012068253 0.708671871 -0.002475196 0.002154428 -0.705530589
1770029709.035913 2.190520948 0.999980116 1.010218436 0.708665425 -0.002491506 0.002140500 -0.705537048
1770029709.046275 2.190283491 0.999966662 1.008341722 0.708682712 -0.002503676 0.002139665 -0.705519643
1770029709.056650 2.190037780 0.999919986 1.006448961 0.708733155 -0.002522599 0.002124842 -0.705468948
1770029709.067154 2.189763562 0.999893463 1.004597767 0.708746137 -0.002488814 0.002098957 -0.705456104
1770029709.077688 2.189476207 0.999875200 1.002742988 0.708735092 -0.002430425 0.002084008 -0.705467447
1770029709.088048 2.189202265 0.999852405 1.000919685 0.708734138 -0.002405267 0.002067347 -0.705468541
1770029709.098414 2.188922040 0.999848213 0.999096410 0.708743233 -0.002368449 0.002053803 -0.705459568
1770029709.109046 2.188636965 0.999817386 0.997202515 0.708797155 -0.002350915 0.002049043 -0.705405463
1770029709.120130 2.188324747 0.999780632 0.995245957 0.708817254 -0.002324714 0.002032602 -0.705385401
1770029709.130658 2.188040461 0.999759596 0.993469254 0.708786679 -0.002323430 0.002024487 -0.705416152
1770029709.141007 2.187765010 0.999731958 0.991672863 0.708775394 -0.002345783 0.002015753 -0.705427442
1770029709.151500 2.187474972 0.999716171 0.989905753 0.708775918 -0.002336454 0.002026295 -0.705426915
1770029709.162564 2.187172566 0.999683697 0.988035019 0.708817046 -0.002361283 0.002022585 -0.705385518
1770029709.173100 2.186856391 0.999649158 0.986137292 0.708841689 -0.002360126 0.002017116 -0.705360774
1770029709.183584 2.186551470 0.999606790 0.984375450 0.708830744 -0.002342481 0.002025801 -0.705371807
1770029709.194002 2.186244438 0.999580797 0.982620077 0.708816062 -0.002321580 0.002046562 -0.705386569
1770029709.204378 2.185938693 0.999562893 0.980891391 0.708820192 -0.002324644 0.002049069 -0.705382402
1770029709.215026 2.185622047 0.999528870 0.979107365 0.708853085 -0.002351071 0.002026391 -0.705349324
1770029709.225606 2.185279248 0.999501730 0.977309011 0.708875726 -0.002359141 0.001997075 -0.705326628
1770029709.236089 2.184941804 0.999470898 0.975553945 0.708875018 -0.002370444 0.001973911 -0.705327366
1770029709.246481 2.184606476 0.999443796 0.973869303 0.708855941 -0.002357757 0.001949978 -0.705346647
1770029709.256954 2.184281025 0.999418099 0.972174472 0.708862090 -0.002363546 0.001951051 -0.705340446
1770029709.267472 2.183924359 0.999398487 0.970414357 0.708884292 -0.002365982 0.001936032 -0.705318166
1770029709.277956 2.183578659 0.999362453 0.968681472 0.708906808 -0.002380062 0.001930528 -0.705295503
1770029709.288439 2.183226397 0.999324534 0.966971803 0.708920303 -0.002394952 0.001916718 -0.705281926
1770029709.298915 2.182904650 0.999287445 0.965356276 0.708895635 -0.002424116 0.001936306 -0.705306567
1770029709.309328 2.182529706 0.999264336 0.963675057 0.708904216 -0.002418834 0.001901571 -0.705298054
1770029709.319830 2.182146547 0.999254135 0.962000962 0.708916429 -0.002393672 0.001888565 -0.705285900
1770029709.330295 2.181744264 0.999237637 0.960301783 0.708949939 -0.002381082 0.001846233 -0.705252371
1770029709.340702 2.181351794 0.999214403 0.958648532 0.708968879 -0.002371933 0.001800115 -0.705233480
1770029709.351401 2.180973283 0.999194538 0.957066186 0.708943732 -0.002346042 0.001781265 -0.705258894
1770029709.362122 2.180568744 0.999162739 0.955369799 0.708952451 -0.002359454 0.001731535 -0.705250209
1770029709.372617 2.180187410 0.999139898 0.953764141 0.708946015 -0.002367043 0.001715102 -0.705256693
1770029709.383483 2.179840243 0.999118461 0.952340998 0.708967539 -0.002375505 0.001693568 -0.705235080
1770029709.394581 2.179357193 0.999083134 0.950393249 0.708992163 -0.002384113 0.001685848 -0.705210314
1770029709.405279 2.178940977 0.999057533 0.948785864 0.708993253 -0.002349890 0.001678225 -0.705209351
1770029709.416085 2.178531746 0.999028936 0.947198221 0.708978641 -0.002329337 0.001687102 -0.705224088
1770029709.426658 2.178125199 0.999000129 0.945601435 0.708978269 -0.002330215 0.001694288 -0.705224442
1770029709.437323 2.177702178 0.998975593 0.944009072 0.708994050 -0.002340967 0.001695038 -0.705208539
1770029709.448087 2.177285142 0.998946476 0.942437673 0.709008871 -0.002371577 0.001704510 -0.705193513
1770029709.458705 2.176842670 0.998907823 0.940831172 0.709041205 -0.002399572 0.001672173 -0.705160985
1770029709.469231 2.176430489 0.998874744 0.939333431 0.709016527 -0.002406001 0.001691853 -0.705185729
1770029709.480055 2.176038592 0.998833860 0.937833771 0.709014328 -0.002452006 0.001720576 -0.705187713
1770029709.490728 2.175575047 0.998816593 0.936259339 0.709021436 -0.002456168 0.001698047 -0.705180606
1770029709.501257 2.175123037 0.998805056 0.934769525 0.709037729 -0.002455062 0.001676678 -0.705164279
1770029709.511839 2.174630000 0.998785456 0.933252582 0.709069792 -0.002424101 0.001629590 -0.705132256
1770029709.522356 2.174134536 0.998771338 0.931761753 0.709085322 -0.002352286 0.001588302 -0.705116976
1770029709.532917 2.173667063 0.998751205 0.930339705 0.709068103 -0.002287184 0.001585482 -0.705134512
1770029709.543467 2.173202238 0.998734714 0.928910971 0.709062910 -0.002239359 0.001585886 -0.705139887
1770029709.553994 2.172733811 0.998720163 0.927482440 0.709063022 -0.002211039 0.001569509 -0.705139900
1770029709.564474 2.172254804 0.998700035 0.926029381 0.709091952 -0.002200679 0.001549486 -0.705110884
1770029709.575150 2.171774104 0.998665272 0.924587966 0.709110347 -0.002204485 0.001542591 -0.705092389
1770029709.585581 2.171288326 0.998634940 0.923185808 0.709118266 -0.002188736 0.001528895 -0.705084503
1770029709.596091 2.170801696 0.998612247 0.921831003 0.709104547 -0.002140938 0.001551449 -0.705098398
1770029709.606666 2.170321430 0.998585162 0.920476630 0.709100395 -0.002118961 0.001560172 -0.705102620
1770029709.617206 2.169841876 0.998566527 0.919152071 0.709080754 -0.002093722 0.001587657 -0.705122387
1770029709.627802 2.169357002 0.998532257 0.917756797 0.709113055 -0.002110898 0.001606919 -0.705089808
1770029709.638160 2.168879173 0.998495983 0.916407676 0.709134421 -0.002135980 0.001629872 -0.705068191
1770029709.648564 2.168372425 0.998474471 0.915099633 0.709142111 -0.002122740 0.001607906 -0.705060547
1770029709.659077 2.167816761 0.998462179 0.913774503 0.709159941 -0.002089813 0.001545338 -0.705042852
1770029709.669566 2.167287600 0.998466148 0.912530573 0.709131388 -0.002047503 0.001510745 -0.705071769
1770029709.680165 2.166745283 0.998456411 0.911257181 0.709114315 -0.002005533 0.001469454 -0.705089148
1770029709.690748 2.166216671 0.998444106 0.910002525 0.709120556 -0.001981639 0.001442396 -0.705082995
1770029709.701447 2.165685284 0.998424705 0.908725785 0.709136766 -0.001979472 0.001430255 -0.705066722
1770029709.712054 2.165116475 0.998397937 0.907406225 0.709160579 -0.001968426 0.001395742 -0.705042872
1770029709.722433 2.164600271 0.998367640 0.906186047 0.709172144 -0.001986285 0.001390467 -0.705031199
1770029709.732848 2.164066421 0.998346985 0.904987142 0.709164180 -0.001977453 0.001375332 -0.705039264
1770029709.743307 2.163534015 0.998334973 0.903822879 0.709153866 -0.001965875 0.001378257 -0.705049665
1770029709.753693 2.163006133 0.998326453 0.902694720 0.709134692 -0.001949068 0.001380484 -0.705068992
1770029709.764057 2.162461126 0.998305188 0.901526243 0.709146905 -0.001953494 0.001364839 -0.705056727
1770029709.774518 2.161936456 0.998268864 0.900369251 0.709157190 -0.001994483 0.001375351 -0.705046247
1770029709.784916 2.161362163 0.998248241 0.899208664 0.709168578 -0.001985981 0.001337042 -0.705034890
1770029709.795277 2.160775714 0.998237140 0.898075250 0.709180494 -0.001954044 0.001294826 -0.705023072
1770029709.805687 2.160190052 0.998231598 0.896978950 0.709184286 -0.001908076 0.001257627 -0.705019451
1770029709.816199 2.159585420 0.998232036 0.895900827 0.709169022 -0.001826828 0.001201751 -0.705035118
1770029709.826747 2.158985436 0.998230353 0.894820453 0.709149161 -0.001774796 0.001158166 -0.705055300
1770029709.837227 2.158393315 0.998229038 0.893759965 0.709135105 -0.001744681 0.001117107 -0.705069579
1770029709.847704 2.157801754 0.998218673 0.892703232 0.709129157 -0.001726503 0.001084686 -0.705075656
1770029709.858116 2.157210414 0.998197172 0.891650191 0.709146786 -0.001719719 0.001045285 -0.705058002
1770029709.868605 2.156607699 0.998171024 0.890596770 0.709160452 -0.001700845 0.001031279 -0.705044323
1770029709.879264 2.156000577 0.998149098 0.889559170 0.709163275 -0.001676223 0.001028391 -0.705041546
1770029709.889756 2.155398735 0.998123976 0.888541760 0.709168349 -0.001670960 0.001016958 -0.705036472
1770029709.900241 2.154827631 0.998103568 0.887588693 0.709146117 -0.001685421 0.001043429 -0.705058760
1770029709.910948 2.154199687 0.998093639 0.886601009 0.709140541 -0.001686767 0.001012745 -0.705064410
1770029709.921313 2.153571052 0.998096751 0.885672575 0.709124852 -0.001644957 0.000972347 -0.705080345
1770029709.931811 2.152925283 0.998105083 0.884736804 0.709118466 -0.001606045 0.000938671 -0.705086903
1770029709.942441 2.152257125 0.998107802 0.883791289 0.709118620 -0.001558126 0.000889175 -0.705086920
1770029709.953350 2.151591491 0.998098235 0.882844414 0.709124032 -0.001521842 0.000854819 -0.705081598
1770029709.964082 2.150920606 0.998076827 0.881895231 0.709146940 -0.001504201 0.000829940 -0.705058626
1770029709.975149 2.150272013 0.998061313 0.881003076 0.709146170 -0.001483265 0.000822953 -0.705059453
1770029709.985760 2.149598342 0.998047303 0.880086838 0.709150472 -0.001486126 0.000809521 -0.705055135
1770029709.996535 2.148944652 0.998037161 0.879222493 0.709156929 -0.001503811 0.000804931 -0.705048609
1770029710.007176 2.148289949 0.998034172 0.878400472 0.709146173 -0.001504329 0.000790284 -0.705059443
1770029710.017747 2.147638286 0.998019399 0.877580826 0.709134145 -0.001521681 0.000805163 -0.705071486
1770029710.028268 2.146995531 0.998014546 0.876797760 0.709125522 -0.001537736 0.000829884 -0.705080095
1770029710.039279 2.146292496 0.998024311 0.875992266 0.709119313 -0.001495586 0.000818696 -0.705086444
1770029710.049979 2.145587215 0.998029408 0.875200851 0.709117779 -0.001466692 0.000812562 -0.705088054
1770029710.060493 2.144866984 0.998033497 0.874415667 0.709140982 -0.001407885 0.000763548 -0.705064893
1770029710.071213 2.144138909 0.998031717 0.873641552 0.709152924 -0.001361904 0.000725760 -0.705053011
1770029710.081662 2.143452042 0.998030097 0.872922147 0.709158792 -0.001337982 0.000704574 -0.705047177
1770029710.092176 2.142752153 0.998030983 0.872214832 0.709145958 -0.001320058 0.000681505 -0.705060142
1770029710.102744 2.142072100 0.998025086 0.871528673 0.709145258 -0.001306645 0.000680828 -0.705060871
1770029710.113475 2.141360866 0.998006804 0.870821271 0.709160929 -0.001308917 0.000665657 -0.705045119
1770029710.123973 2.140662799 0.998001750 0.870168301 0.709155267 -0.001308264 0.000677662 -0.705050804
1770029710.134472 2.139997327 0.997990942 0.869537424 0.709148823 -0.001346769 0.000709835 -0.705057181
1770029710.144963 2.139300366 0.997989110 0.868922871 0.709143215 -0.001345470 0.000729890 -0.705062804
1770029710.155417 2.138580232 0.997985221 0.868309873 0.709143929 -0.001311803 0.000707856 -0.705062171
1770029710.165855 2.137843659 0.997996630 0.867728830 0.709139360 -0.001263905 0.000682770 -0.705066879
1770029710.176699 2.137070368 0.998025715 0.867153460 0.709124584 -0.001191830 0.000641332 -0.705081905
1770029710.187690 2.136302574 0.998041955 0.866586124 0.709104820 -0.001136947 0.000599355 -0.705101909
1770029710.198241 2.135560084 0.998033579 0.866030530 0.709098379 -0.001119916 0.000570642 -0.705108438
1770029710.208705 2.134807727 0.998032309 0.865493323 0.709095690 -0.001108282 0.000538623 -0.705111186
1770029710.219103 2.134085635 0.998045272 0.865007352 0.709083285 -0.001093455 0.000541933 -0.705123681
1770029710.229771 2.133351177 0.998047636 0.864517387 0.709078006 -0.001096404 0.000541876 -0.705128985
1770029710.240402 2.132618138 0.998030265 0.864026504 0.709090590 -0.001127322 0.000573776 -0.705116257
1770029710.251032 2.131873448 0.998034408 0.863566018 0.709098448 -0.001161240 0.000600248 -0.705108277
1770029710.261587 2.131103785 0.998046593 0.863116984 0.709105474 -0.001152155 0.000582587 -0.705101241
1770029710.272278 2.130317003 0.998060517 0.862679551 0.709118996 -0.001161896 0.000560679 -0.705087643
1770029710.282987 2.129500256 0.998082006 0.862252710 0.709125882 -0.001133624 0.000516548 -0.705080797
1770029710.293563 2.128707844 0.998094423 0.861847601 0.709135636 -0.001095682 0.000510224 -0.705071052
1770029710.304306 2.127940536 0.998100355 0.861472258 0.709139732 -0.001082145 0.000531725 -0.705066938
1770029710.314851 2.127138732 0.998105158 0.861100584 0.709144487 -0.001071144 0.000529380 -0.705062173
1770029710.325431 2.126351712 0.998111988 0.860750956 0.709154765 -0.001079759 0.000530459 -0.705051823
1770029710.336208 2.125592323 0.998115005 0.860426761 0.709156841 -0.001122405 0.000522086 -0.705049674
1770029710.346797 2.124815648 0.998106342 0.860094833 0.709168702 -0.001196179 0.000544347 -0.705037605
1770029710.357254 2.124013650 0.998123124 0.859788008 0.709176904 -0.001200653 0.000505385 -0.705029376
1770029710.367841 2.123204629 0.998145291 0.859493651 0.709184844 -0.001214068 0.000450849 -0.705021404
1770029710.378520 2.122351784 0.998162542 0.859199535 0.709200650 -0.001173527 0.000378706 -0.705005615
1770029710.389101 2.121493088 0.998192091 0.858940348 0.709198325 -0.001109735 0.000296855 -0.705008097
1770029710.399571 2.120675068 0.998207375 0.858708032 0.709189362 -0.001067479 0.000244599 -0.705017198
1770029710.410279 2.119830387 0.998210030 0.858485049 0.709183418 -0.001015745 0.000190066 -0.705023270
1770029710.420923 2.119001799 0.998231220 0.858308243 0.709160327 -0.000978449 0.000171669 -0.705046555
1770029710.431339 2.118178670 0.998229988 0.858129414 0.709148873 -0.000935666 0.000141750 -0.705058139
1770029710.441796 2.117377441 0.998239795 0.857996467 0.709125609 -0.000930414 0.000147203 -0.705081543
1770029710.452184 2.116593297 0.998238968 0.857863784 0.709121613 -0.000944992 0.000165408 -0.705085540
1770029710.462592 2.115743964 0.998252970 0.857740688 0.709115979 -0.000914547 0.000123063 -0.705091254
1770029710.473053 2.114890673 0.998276455 0.857637555 0.709117909 -0.000885646 0.000104675 -0.705089353
1770029710.483458 2.114023495 0.998302561 0.857552545 0.709111462 -0.000829861 0.000062699 -0.705095910
1770029710.493816 2.113157186 0.998342074 0.857505723 0.709090026 -0.000795796 0.000012659 -0.705117509
1770029710.504335 2.112320145 0.998361484 0.857471348 0.709071510 -0.000766363 -0.000009437 -0.705136161
1770029710.515033 2.111467942 0.998389040 0.857473839 0.709037183 -0.000755623 -0.000025372 -0.705170689
1770029710.525604 2.110596505 0.998408589 0.857483257 0.709010158 -0.000759056 -0.000051479 -0.705197857
1770029710.536089 2.109744041 0.998423067 0.857510487 0.708989436 -0.000760031 -0.000043917 -0.705218690
1770029710.546479 2.108928401 0.998424813 0.857541188 0.708986476 -0.000796566 -0.000001184 -0.705221626
1770029710.557108 2.108041212 0.998442544 0.857589759 0.708975858 -0.000763135 -0.000009064 -0.705232338
1770029710.567670 2.107167658 0.998460735 0.857653174 0.708965959 -0.000749739 -0.000006839 -0.705242304
1770029710.578276 2.106267683 0.998485829 0.857728784 0.708963150 -0.000705858 -0.000016851 -0.705245173
1770029710.589252 2.105319079 0.998518794 0.857834981 0.708950209 -0.000635971 -0.000029075 -0.705258248
1770029710.600040 2.104425707 0.998523762 0.857941160 0.708948529 -0.000625883 -0.000020439 -0.705259945
1770029710.610719 2.103523180 0.998540123 0.858061572 0.708953649 -0.000622426 -0.000019154 -0.705254802
1770029710.621458 2.102626333 0.998546715 0.858209621 0.708957781 -0.000608929 0.000015679 -0.705250661
1770029710.632122 2.101727867 0.998558214 0.858378434 0.708955689 -0.000629504 0.000029217 -0.705252744
1770029710.642773 2.100848591 0.998568524 0.858568953 0.708958536 -0.000667829 0.000075937 -0.705249844
1770029710.653384 2.099937054 0.998586050 0.858778928 0.708948779 -0.000663092 0.000091671 -0.705259655
1770029710.663949 2.099008521 0.998621534 0.859018298 0.708927559 -0.000603442 0.000074382 -0.705281041
1770029710.674478 2.098057618 0.998654059 0.859268670 0.708910631 -0.000585654 0.000028235 -0.705298074
1770029710.685121 2.097116062 0.998708090 0.859549076 0.708879707 -0.000556243 -0.000028898 -0.705329179
1770029710.695788 2.096165778 0.998741912 0.859849913 0.708848169 -0.000538248 -0.000048673 -0.705360887
1770029710.706436 2.095247025 0.998772994 0.860165967 0.708812337 -0.000525066 -0.000056918 -0.705396903
1770029710.716921 2.094310626 0.998791046 0.860462324 0.708803930 -0.000496037 -0.000074089 -0.705405371
1770029710.727427 2.093382515 0.998805357 0.860773210 0.708808217 -0.000513855 -0.000068074 -0.705401051
1770029710.737856 2.092477999 0.998808502 0.861102495 0.708815076 -0.000562471 -0.000033347 -0.705394124
1770029710.748474 2.091527182 0.998824438 0.861458850 0.708810678 -0.000559490 -0.000028094 -0.705398546
1770029710.759129 2.090562993 0.998863490 0.861851831 0.708785005 -0.000489410 -0.000032586 -0.705424395
1770029710.769735 2.089562269 0.998896898 0.862254760 0.708776353 -0.000409112 -0.000016483 -0.705433140
1770029710.780895 2.088561316 0.998942634 0.862691050 0.708750321 -0.000294908 0.000011228 -0.705459350
1770029710.791526 2.087544193 0.998975064 0.863142602 0.708732195 -0.000180822 0.000062342 -0.705477596
1770029710.802147 2.086588582 0.998989578 0.863579634 0.708720836 -0.000095832 0.000130445 -0.705489016
1770029710.812712 2.085594583 0.999016492 0.864035651 0.708711085 0.000011707 0.000171653 -0.705498808
1770029710.823207 2.084623468 0.999021132 0.864480870 0.708722569 0.000055091 0.000211701 -0.705487259
1770029710.833707 2.083684883 0.999022912 0.864971788 0.708713691 0.000055975 0.000254994 -0.705496163
1770029710.844247 2.082719816 0.999058650 0.865524660 0.708680893 0.000068999 0.000280346 -0.705529098
1770029710.854834 2.081742601 0.999099831 0.866081989 0.708651346 0.000101233 0.000298354 -0.705558765
1770029710.865699 2.080709413 0.999155037 0.866668027 0.708615682 0.000152653 0.000271617 -0.705594585
1770029710.876401 2.079666543 0.999201411 0.867241860 0.708592716 0.000200704 0.000205106 -0.705617659
1770029710.887241 2.078619256 0.999229883 0.867817230 0.708586113 0.000257438 0.000157725 -0.705624283
1770029710.898341 2.077554503 0.999247433 0.868429691 0.708584922 0.000274226 0.000123746 -0.705625480
1770029710.909521 2.076457646 0.999277751 0.869113222 0.708546030 0.000311801 0.000074602 -0.705664524
1770029710.920310 2.075421223 0.999304786 0.869778987 0.708520871 0.000294839 0.000046858 -0.705689795
1770029710.930906 2.074452813 0.999333499 0.870434753 0.708504707 0.000238577 0.000056624 -0.705706044
1770029710.941585 2.073447560 0.999354124 0.871118878 0.708501837 0.000156086 0.000065865 -0.705708948
1770029710.952134 2.072426459 0.999368435 0.871772375 0.708514454 0.000116784 0.000029718 -0.705696290
1770029710.962938 2.071356665 0.999401480 0.872457964 0.708519255 0.000132339 -0.000026322 -0.705691467
1770029710.973876 2.070237350 0.999435227 0.873211311 0.708499332 0.000174440 -0.000091811 -0.705711455
1770029710.984624 2.069146716 0.999468730 0.873981208 0.708467532 0.000199782 -0.000144062 -0.705743363
1770029710.998656 2.068103164 0.999514032 0.874771345 0.708428039 0.000172671 -0.000158191 -0.705783011
1770029711.009708 2.066703862 0.999568375 0.875833161 0.708386978 0.000093267 -0.000196304 -0.705824229
1770029711.020330 2.065639133 0.999591522 0.876630425 0.708370370 0.000032093 -0.000234513 -0.705840891
1770029711.031056 2.064572808 0.999614169 0.877460023 0.708341928 -0.000016245 -0.000272501 -0.705869420
1770029711.041721 2.063543710 0.999631810 0.878320557 0.708299427 -0.000082156 -0.000282162 -0.705912059
1770029711.052501 2.062492835 0.999661883 0.879185929 0.708277018 -0.000131993 -0.000279258 -0.705934537
1770029711.063049 2.061410061 0.999695856 0.880037848 0.708270065 -0.000145762 -0.000312474 -0.705941496
1770029711.073407 2.060343935 0.999724189 0.880862122 0.708281842 -0.000189583 -0.000358604 -0.705929648
1770029711.083798 2.059260563 0.999747477 0.881716189 0.708271458 -0.000187053 -0.000423496 -0.705940031
1770029711.094215 2.058184748 0.999771136 0.882625023 0.708227867 -0.000170964 -0.000478301 -0.705983732
1770029711.104688 2.057119436 0.999809742 0.883559067 0.708178893 -0.000173228 -0.000518655 -0.706032829
1770029711.115067 2.056052773 0.999837328 0.884476456 0.708164920 -0.000180887 -0.000520851 -0.706046841
1770029711.125719 2.054953535 0.999855591 0.885388426 0.708187167 -0.000201152 -0.000504007 -0.706024533
1770029711.136207 2.053869591 0.999882595 0.886335633 0.708179180 -0.000186939 -0.000488893 -0.706032560
1770029711.146706 2.052795557 0.999910266 0.887348134 0.708132952 -0.000178064 -0.000473545 -0.706078937
1770029711.157168 2.051733346 0.999941208 0.888368480 0.708081536 -0.000191197 -0.000474827 -0.706130495
1770029711.167624 2.050664481 0.999974367 0.889367254 0.708059402 -0.000222483 -0.000477114 -0.706152679
1770029711.178108 2.049552221 1.000005142 0.890353636 0.708069613 -0.000243928 -0.000487742 -0.706142426
1770029711.188606 2.048415617 1.000032656 0.891364066 0.708063888 -0.000216494 -0.000519504 -0.706148153
1770029711.199023 2.047293763 1.000061219 0.892415610 0.708018508 -0.000161543 -0.000556702 -0.706193639
1770029711.209488 2.046139287 1.000097833 0.893491360 0.707970240 -0.000081958 -0.000611971 -0.706241997
1770029711.220213 2.045005016 1.000126117 0.894570592 0.707962652 -0.000094332 -0.000613352 -0.706249600
1770029711.231475 2.043904929 1.000148407 0.895631504 0.707973523 -0.000131648 -0.000576010 -0.706238728
1770029711.242070 2.042695443 1.000158614 0.896813291 0.707966263 -0.000142986 -0.000548688 -0.706246026
1770029711.252557 2.041589356 1.000173787 0.897928808 0.707933052 -0.000144679 -0.000536832 -0.706279325
1770029711.263132 2.040444647 1.000206372 0.899074258 0.707892625 -0.000123567 -0.000551190 -0.706319837
1770029711.273670 2.039324099 1.000225689 0.900176778 0.707903715 -0.000174572 -0.000528411 -0.706308729
1770029711.284213 2.038210834 1.000244362 0.901318623 0.707910221 -0.000259986 -0.000480726 -0.706302216
1770029711.294680 2.037061943 1.000278303 0.902524188 0.707856422 -0.000260478 -0.000471346 -0.706356140
1770029711.305176 2.035899563 1.000312943 0.903728757 0.707787987 -0.000213406 -0.000496376 -0.706424712
1770029711.315516 2.034740905 1.000349870 0.904907178 0.707751112 -0.000189620 -0.000514091 -0.706461650
1770029711.325883 2.033560383 1.000379883 0.906066906 0.707732101 -0.000156136 -0.000551605 -0.706480676
1770029711.336281 2.032385707 1.000405102 0.907248963 0.707703125 -0.000125889 -0.000585016 -0.706509680
1770029711.346671 2.031224112 1.000421688 0.908481439 0.707642508 -0.000091427 -0.000597827 -0.706570390
1770029711.357002 2.030067485 1.000444847 0.909715759 0.707580079 -0.000037395 -0.000601606 -0.706632909
1770029711.367389 2.028940909 1.000461884 0.910908677 0.707572357 -0.000064607 -0.000560565 -0.706640674
1770029711.377833 2.027772030 1.000475223 0.912117133 0.707560912 -0.000063379 -0.000537984 -0.706652151
1770029711.388275 2.026590324 1.000500424 0.913399343 0.707511950 -0.000070355 -0.000520362 -0.706701185
1770029711.398728 2.025433664 1.000517017 0.914674024 0.707457456 -0.000098641 -0.000508446 -0.706755743
1770029711.409153 2.024219279 1.000544747 0.915958932 0.707407894 -0.000084963 -0.000543643 -0.706805326
1770029711.419662 2.023070472 1.000559784 0.917182752 0.707410839 -0.000169226 -0.000515944 -0.706802384
1770029711.430194 2.021887219 1.000564499 0.918492255 0.707382752 -0.000234479 -0.000453811 -0.706830518
1770029711.440690 2.020670041 1.000596145 0.919842409 0.707309514 -0.000236013 -0.000444122 -0.706903811
1770029711.451332 2.019436705 1.000633274 0.921185474 0.707243495 -0.000229769 -0.000466113 -0.706969850
1770029711.461718 2.018215382 1.000671158 0.922486663 0.707201946 -0.000220617 -0.000482439 -0.707011404
1770029711.472245 2.017000761 1.000687192 0.923795364 0.707165958 -0.000240332 -0.000477236 -0.707047398
1770029711.482770 2.015776016 1.000704456 0.925162479 -0.707088850 0.000244047 0.000485732 0.707124503
1770029711.493209 2.014549520 1.000721005 0.926519143 -0.707027463 0.000258050 0.000475530 0.707185883
1770029711.503903 2.013344787 1.000741252 0.927826520 -0.706991343 0.000272638 0.000447312 0.707222006
1770029711.514440 2.012075646 1.000765228 0.929174126 -0.706945021 0.000226329 0.000440678 0.707268331
1770029711.524933 2.010846774 1.000776638 0.930535280 -0.706887148 0.000232739 0.000398486 0.707326196
1770029711.535545 2.009607973 1.000790003 0.931919436 -0.706812711 0.000234896 0.000361332 0.707400598
1770029711.546152 2.008349692 1.000810833 0.933304249 -0.706753946 0.000252964 0.000329807 0.707459318
1770029711.557178 2.007103900 1.000831233 0.934643781 -0.706713227 0.000262070 0.000301438 0.707500004
1770029711.567714 2.005777610 1.000845585 0.936091057 -0.706648300 0.000278608 0.000296292 0.707564848
1770029711.578225 2.004546789 1.000850006 0.937494226 -0.706561089 0.000334542 0.000268323 0.707651923
1770029711.588554 2.003341206 1.000862118 0.938867929 -0.706484571 0.000397003 0.000214256 0.707728301
1770029711.599083 2.002096125 1.000872188 0.940198748 -0.706448689 0.000436419 0.000161026 0.707764109
1770029711.609535 2.000805717 1.000897143 0.941559026 -0.706375962 0.000391112 0.000160249 0.707836720
1770029711.619964 1.999519300 1.000906185 0.942927675 -0.706290964 0.000354107 0.000176104 0.707921548
1770029711.630450 1.998226444 1.000935203 0.944329415 -0.706175256 0.000294754 0.000200781 0.708036991
1770029711.640831 1.996938928 1.000955578 0.945718328 -0.706078854 0.000269148 0.000222542 0.708133130
1770029711.651268 1.995681100 1.000975152 0.947056865 -0.706013494 0.000298169 0.000204489 0.708198289
1770029711.661647 1.994389308 1.000992327 0.948412062 -0.705918746 0.000250344 0.000225254 0.708292744
1770029711.672022 1.993132612 1.000993459 0.949781284 -0.705815203 0.000257962 0.000207505 0.708395927
1770029711.682405 1.991885275 1.001000738 0.951148860 -0.705707589 0.000269091 0.000168194 0.708503139
1770029711.692786 1.990632279 1.001018590 0.952485979 -0.705619078 0.000303739 0.000140390 0.708591282
1770029711.703148 1.989408036 1.001019619 0.953766285 -0.705556319 0.000389204 0.000106705 0.708653736
1770029711.713544 1.988114783 1.001027292 0.955095981 -0.705453057 0.000387456 0.000146756 0.708756525
1770029711.723929 1.986844506 1.001030702 0.956435574 -0.705334145 0.000414650 0.000178962 0.708874841
1770029711.734306 1.985581466 1.001038332 0.957762764 -0.705216458 0.000396378 0.000173606 0.708991932
1770029711.744864 1.984315790 1.001055839 0.959083145 -0.705111994 0.000345734 0.000073783 0.709095869
1770029711.755458 1.983065337 1.001059039 0.960369137 -0.705025575 0.000264852 -0.000134148 0.709181818
1770029711.766199 1.981733958 1.001055230 0.961684894 -0.704916593 0.000044978 -0.000315412 0.709290135
1770029711.776677 1.980453938 1.001060379 0.963005663 -0.704758550 -0.000158713 -0.000520715 0.709447031
1770029711.787229 1.979207086 1.001075301 0.964299001 -0.704581061 -0.000349801 -0.000718636 0.709623062
1770029711.797730 1.977912123 1.001079583 0.965575532 -0.704405679 -0.000537640 -0.000865325 0.709796873
1770029711.808593 1.976682195 1.001084151 0.966772007 -0.704222743 -0.000707685 -0.000990988 0.709978059
1770029711.820617 1.975315797 1.001092523 0.968130324 -0.703988148 -0.000886314 -0.001130412 0.710210267
1770029711.831312 1.973882780 1.001085482 0.969580815 -0.703698934 -0.001114583 -0.001276683 0.710496262
1770029711.841861 1.972630430 1.001079960 0.970850248 -0.703430663 -0.001319013 -0.001451728 0.710761180
1770029711.852370 1.971428289 1.001088095 0.972084910 -0.703150768 -0.001491944 -0.001645390 0.711037315
1770029711.862954 1.970180294 1.001106014 0.973294135 -0.702872435 -0.001693751 -0.001758811 0.711311731
1770029711.873508 1.968962100 1.001095353 0.974467885 -0.702598760 -0.001838394 -0.001860628 0.711581436
1770029711.884022 1.967769617 1.001074500 0.975662261 -0.702294008 -0.001949725 -0.001992759 0.711881559
1770029711.894504 1.966599712 1.001067443 0.976871793 -0.701951399 -0.002065887 -0.002134582 0.712218652
1770029711.905131 1.965451432 1.001070207 0.978057685 -0.701599418 -0.002159629 -0.002250994 0.712564752
1770029711.915784 1.964276956 1.001074319 0.979248842 -0.701242895 -0.002254381 -0.002344977 0.712915016
1770029711.926334 1.963088662 1.001072757 0.980361898 -0.700917736 -0.002379194 -0.002406979 0.713234095
1770029711.937370 1.961900960 1.001066555 0.981479885 -0.700573209 -0.002540095 -0.002417170 0.713571919
1770029711.948137 1.960684587 1.001055808 0.982661364 -0.700188962 -0.002659256 -0.002450492 0.713948416
1770029711.958559 1.959543257 1.001057250 0.983786622 -0.699791527 -0.002840524 -0.002449313 0.714337281
1770029711.968933 1.958446008 1.001055045 0.984867100 -0.699415667 -0.002994593 -0.002444586 0.714704681
1770029711.979297 1.957360009 1.001056276 0.985938778 -0.699032698 -0.003163468 -0.002442635 0.715078537
1770029711.989992 1.956281402 1.001059150 0.986978840 -0.698660902 -0.003338493 -0.002416191 0.715441095
1770029712.000884 1.955180354 1.001047074 0.988034420 -0.698288712 -0.003477460 -0.002396174 0.715803773
1770029712.011502 1.954113651 1.001038359 0.989071392 -0.697902458 -0.003633867 -0.002341977 0.716179775
1770029712.022023 1.953109347 1.001025075 0.990071605 -0.697525668 -0.003754127 -0.002304078 0.716546259
1770029712.032723 1.952104532 1.001010354 0.991117847 -0.697112395 -0.003896882 -0.002290433 0.716947611
1770029712.043355 1.951099498 1.001005532 0.992145793 -0.696699954 -0.004082115 -0.002261346 0.717347473
1770029712.053846 1.950150974 1.001000379 0.993125742 -0.696303214 -0.004242944 -0.002246975 0.717731693
1770029712.064322 1.949199805 1.001000544 0.994105653 -0.695906509 -0.004436174 -0.002212325 0.718115281
1770029712.074848 1.948295653 1.000994366 0.995046003 -0.695527014 -0.004589574 -0.002149654 0.718482072
1770029712.085399 1.947400963 1.000992854 0.995969941 -0.695161799 -0.004739278 -0.002044715 0.718834773
1770029712.096097 1.946516119 1.000982566 0.996945917 -0.694759011 -0.004861911 -0.001966067 0.719223479
1770029712.106872 1.945619279 1.000982321 0.997892643 -0.694371043 -0.005064379 -0.001818208 0.719597041
1770029712.117311 1.944758794 1.000979733 0.998847188 -0.693978538 -0.005267659 -0.001684222 0.719974447
1770029712.128179 1.943900451 1.000980369 0.999816961 -0.693573291 -0.005513538 -0.001542680 0.720363318
1770029712.141012 1.942897021 1.000980516 1.000979987 -0.693093421 -0.005797753 -0.001368032 0.720823157
1770029712.151733 1.942117594 1.000977323 1.001913478 -0.692709990 -0.006005038 -0.001218783 0.721190213
1770029712.162351 1.941333627 1.000977284 1.002854440 -0.692326581 -0.006245030 -0.001052042 0.721556510
1770029712.173398 1.940579928 1.000971986 1.003794965 -0.691953595 -0.006452349 -0.000888381 0.721912599
1770029712.184061 1.939848226 1.000963467 1.004725464 -0.691590732 -0.006655418 -0.000687150 0.722258606
1770029712.194562 1.939177734 1.000950642 1.005643427 -0.691224086 -0.006836684 -0.000522664 0.722607950
1770029712.205295 1.938521116 1.000939147 1.006568234 -0.690856534 -0.007040917 -0.000344415 0.722957507
1770029712.216069 1.937859225 1.000925883 1.007563021 -0.690460665 -0.007243584 -0.000152503 0.723333655
1770029712.226498 1.937253697 1.000914854 1.008526848 -0.690073360 -0.007444830 0.000010592 0.723701134
1770029712.237151 1.936665758 1.000908286 1.009465445 -0.689707160 -0.007686053 0.000170983 0.724047601
1770029712.247586 1.936084304 1.000902061 1.010455131 -0.689324054 -0.007919490 0.000332325 0.724409773
1770029712.258080 1.935523570 1.000905763 1.011433739 -0.688951791 -0.008198104 0.000479192 0.724760644
1770029712.268732 1.934987346 1.000911315 1.012403718 -0.688587834 -0.008459462 0.000613347 0.725103342
1770029712.279189 1.934474693 1.000920530 1.013405699 -0.688204077 -0.008704793 0.000723073 0.725464576
1770029712.289643 1.933983795 1.000928356 1.014426185 -0.687802329 -0.008945991 0.000810430 0.725842455
1770029712.300150 1.933516308 1.000937784 1.015451067 -0.687388547 -0.009158314 0.000890114 0.726231587
1770029712.310895 1.933053863 1.000957189 1.016569857 -0.686919339 -0.009373296 0.000956978 0.726672586
1770029712.321468 1.932617594 1.000977639 1.017704594 -0.686450662 -0.009567133 0.001036621 0.727112704
1770029712.332098 1.932191255 1.001003841 1.018859049 -0.685980666 -0.009765988 0.001150265 0.727553316
1770029712.342741 1.931791189 1.001030850 1.020032207 -0.685515838 -0.009958809 0.001277096 0.727988480
1770029712.353563 1.931388877 1.001052604 1.021202065 -0.685093026 -0.010209648 0.001455569 0.728382585
1770029712.364267 1.930988270 1.001077147 1.022393669 -0.684690756 -0.010532723 0.001644797 0.728755738
1770029712.375246 1.930610796 1.001096720 1.023637251 -0.684292641 -0.010866610 0.001866135 0.729124142
1770029712.385908 1.930216226 1.001120011 1.024912558 -0.683906579 -0.011220245 0.002165657 0.729480093
1770029712.396707 1.929807614 1.001145253 1.026225857 -0.683517041 -0.011611085 0.002499149 0.729837921
1770029712.407201 1.929411811 1.001175775 1.027543463 -0.683140228 -0.012015356 0.002847152 0.730182822
1770029712.417832 1.929003357 1.001208666 1.028891345 -0.682777789 -0.012444439 0.003229847 0.730512967
1770029712.429024 1.928611583 1.001239615 1.030286468 -0.682414220 -0.012877466 0.003611568 0.730843321
1770029712.440270 1.928177595 1.001284907 1.031810062 -0.682058188 -0.013400630 0.004054969 0.731163873
1770029712.450784 1.927796272 1.001313403 1.033192448 -0.681767274 -0.013887130 0.004452228 0.731423755
1770029712.461257 1.927397764 1.001341368 1.034610526 -0.681459828 -0.014428339 0.004837034 0.731697293
1770029712.472039 1.927014824 1.001372231 1.036112918 -0.681133698 -0.014976633 0.005198748 0.731987404
1770029712.482684 1.926629787 1.001414253 1.037703778 -0.680750241 -0.015503578 0.005557687 0.732330431
1770029712.493521 1.926218815 1.001452900 1.039359744 -0.680386375 -0.016056296 0.005973245 0.732653326
1770029712.504253 1.925830218 1.001486777 1.040971558 -0.680053694 -0.016584110 0.006375559 0.732946992
1770029712.514845 1.925412575 1.001549875 1.042626852 -0.679733073 -0.017170804 0.006802391 0.733227005
1770029712.525358 1.924993170 1.001587066 1.044277118 -0.679448024 -0.017772843 0.007241342 0.733472611
1770029712.536399 1.924566805 1.001622219 1.046040524 -0.679125186 -0.018389946 0.007673638 0.733751938
1770029712.547387 1.924091684 1.001671043 1.047964973 -0.678745114 -0.019042267 0.008131523 0.734081971
1770029712.558110 1.923668737 1.001716417 1.049834218 -0.678372187 -0.019645744 0.008518705 0.734406326
1770029712.568736 1.923184446 1.001770434 1.051685429 -0.678056715 -0.020296442 0.008967880 0.734674569
1770029712.579350 1.922661917 1.001827752 1.053554963 -0.677785053 -0.020971561 0.009492126 0.734899663
1770029712.589999 1.922121481 1.001876189 1.055494962 -0.677493955 -0.021660521 0.010017253 0.735141087
1770029712.600664 1.921560866 1.001915564 1.057471241 -0.677191650 -0.022323271 0.010570044 0.735392014
1770029712.611372 1.920969999 1.001971891 1.059571919 -0.676821441 -0.023010442 0.011097891 0.735703808
1770029712.622004 1.920392696 1.002032567 1.061633166 -0.676514385 -0.023675647 0.011617841 0.735957048
1770029712.632649 1.919778021 1.002091890 1.063668385 -0.676266306 -0.024358465 0.012190019 0.736153484
1770029712.643382 1.919146657 1.002145329 1.065823850 -0.675987841 -0.025049380 0.012750865 0.736376523
1770029712.654411 1.918502132 1.002192215 1.068085073 -0.675649276 -0.025707779 0.013296567 0.736654849
1770029712.665626 1.917734035 1.002254031 1.070482879 -0.675277921 -0.026437546 0.013919486 0.736957959
1770029712.676625 1.916957604 1.002321388 1.072799705 -0.674980280 -0.027155558 0.014540352 0.737192495
1770029712.687215 1.916148401 1.002380121 1.075070134 -0.674757555 -0.027886284 0.015218866 0.737355398
1770029712.698188 1.915350715 1.002423728 1.077329543 -0.674535533 -0.028600132 0.015847216 0.737517940
1770029712.708940 1.914520136 1.002471757 1.079829087 -0.674201659 -0.029302682 0.016449772 0.737782407
1770029712.719473 1.913747415 1.002530431 1.082210394 -0.673911306 -0.029888352 0.017011924 0.738011404
1770029712.730473 1.912839889 1.002600869 1.084605290 -0.673693202 -0.030578922 0.017666227 0.738166853
1770029712.741053 1.911859690 1.002663292 1.087059273 -0.673486545 -0.031274813 0.018412563 0.738308024
1770029712.751477 1.910906471 1.002708289 1.089485956 -0.673254993 -0.031902960 0.019108175 0.738474639
1770029712.761955 1.909908685 1.002763537 1.092026157 -0.672946448 -0.032536566 0.019779170 0.738710521
1770029712.772485 1.908973409 1.002832090 1.094457951 -0.672762443 -0.033074117 0.020438111 0.738836302
1770029712.783293 1.907907414 1.002903894 1.097002986 -0.672613318 -0.033715276 0.021154238 0.738922935
1770029712.793773 1.906775083 1.002955624 1.099591102 -0.672419773 -0.034354620 0.021895659 0.739048029
1770029712.804549 1.905651804 1.002991747 1.102200982 -0.672214615 -0.034908625 0.022627147 0.739186655
1770029712.815084 1.904554435 1.003045101 1.104796847 -0.672062714 -0.035423698 0.023301347 0.739279323
1770029712.825775 1.903396342 1.003111911 1.107336179 -0.672007414 -0.035932616 0.024040000 0.739281382
1770029712.836525 1.902165579 1.003161711 1.109934246 -0.671943719 -0.036461224 0.024810675 0.739287933
1770029712.847266 1.900868018 1.003198096 1.112658016 -0.671824319 -0.036958787 0.025597220 0.739344923
1770029712.857823 1.899619615 1.003245503 1.115291366 -0.671739530 -0.037387810 0.026358501 0.739373644
1770029712.868298 1.898362849 1.003317621 1.117885516 -0.671752862 -0.037776042 0.027078320 0.739315784
1770029712.878700 1.897055410 1.003375284 1.120492673 -0.671731479 -0.038160508 0.027830029 0.739287552
1770029712.889154 1.895715146 1.003409803 1.123153320 -0.671703130 -0.038515604 0.028566993 0.739266786
1770029712.899525 1.894446123 1.003439363 1.125722587 -0.671727710 -0.038772111 0.029222929 0.739205403
1770029712.910144 1.893093592 1.003479004 1.128360750 -0.671705142 -0.039020627 0.029924362 0.739184771
1770029712.920720 1.891670168 1.003536682 1.130983290 -0.671866636 -0.039257325 0.030675157 0.738994669
1770029712.931180 1.890238363 1.003578414 1.133601844 -0.671993321 -0.039436822 0.031438262 0.738837837
1770029712.941658 1.888851941 1.003600085 1.136248179 -0.672047967 -0.039520479 0.032131798 0.738753822
1770029712.952168 1.887439134 1.003636630 1.138873617 -0.672156250 -0.039557466 0.032829256 0.738622652
1770029712.963102 1.885941012 1.003691680 1.141503724 -0.672297065 -0.039620220 0.033566045 0.738457998
1770029712.973888 1.884356288 1.003730791 1.144306876 -0.672502195 -0.039570492 0.034302856 0.738239993
1770029712.984294 1.882929697 1.003742820 1.146910811 -0.672724264 -0.039425597 0.034955637 0.738014763
1770029712.994774 1.881427752 1.003759136 1.149490758 -0.672962195 -0.039283031 0.035656949 0.737771855
1770029713.005901 1.879833658 1.003783560 1.152265790 -0.673160376 -0.039028966 0.036379101 0.737569257
1770029713.016376 1.878323046 1.003832575 1.154837070 -0.673459292 -0.038714203 0.037050671 0.737279486
1770029713.026963 1.876814898 1.003876721 1.157396057 -0.673762146 -0.038335311 0.037690915 0.736990074
1770029713.037455 1.875249169 1.003890081 1.159967722 -0.674051387 -0.037918882 0.038377740 0.736711637
1770029713.048099 1.873689573 1.003887901 1.162585958 -0.674368898 -0.037424471 0.039033096 0.736411852
1770029713.058669 1.872151597 1.003880701 1.165215469 -0.674681122 -0.036880156 0.039609304 0.736122503
1770029713.069316 1.870633419 1.003907368 1.167668194 -0.675151912 -0.036262441 0.040175158 0.735690755
1770029713.080080 1.868983831 1.004031865 1.170060118 -0.675754597 -0.035581663 0.040813661 0.735135304
1770029713.090718 1.867384746 1.004334741 1.172059861 -0.676420852 -0.034751156 0.041394415 0.734529571
1770029713.101408 1.865845873 1.004846436 1.173687180 -0.677176846 -0.033724747 0.041930278 0.733850130
1770029713.112103 1.864177839 1.005561972 1.175027797 -0.678217842 -0.032731756 0.042453173 0.732903076
1770029713.122601 1.862520264 1.006351058 1.176087770 -0.679574188 -0.031801986 0.042885316 0.731661402
1770029713.133141 1.860862865 1.007108341 1.177089214 -0.681183107 -0.031035084 0.043150951 0.730181069
1770029713.143582 1.859252721 1.007820561 1.178013038 -0.683088470 -0.030380403 0.043181597 0.728424686
1770029713.154095 1.857658723 1.008472494 1.178930902 -0.685021256 -0.029834527 0.043017899 0.726639690
1770029713.164660 1.856016450 1.009110292 1.179892054 -0.686937748 -0.029406207 0.042688359 0.724865166
1770029713.175167 1.854346091 1.009764422 1.180867492 -0.688866371 -0.029008052 0.042187975 0.723078025
1770029713.185829 1.852715883 1.010423788 1.181883402 -0.690684957 -0.028583080 0.041572123 0.721393829
1770029713.196513 1.851083099 1.011087764 1.182969215 -0.692450676 -0.028145061 0.040888784 0.719755531
1770029713.207519 1.849375332 1.011725056 1.184088570 -0.694135654 -0.027762105 0.040257097 0.718181263
1770029713.217953 1.847712448 1.012317750 1.185174856 -0.695738839 -0.027377250 0.039648465 0.716677022
1770029713.228416 1.846055574 1.012888088 1.186289749 -0.697272124 -0.027025940 0.039050710 0.715231589
1770029713.238829 1.844490810 1.013450977 1.187433436 -0.698670022 -0.026616782 0.038407483 0.713916391
1770029713.249518 1.842859360 1.014003350 1.188664885 -0.699958008 -0.026243688 0.037798569 0.712700024
1770029713.260048 1.841123946 1.014542624 1.189954973 -0.701168688 -0.025940656 0.037234304 0.711549829
1770029713.270769 1.839442839 1.015051568 1.191207456 -0.702324942 -0.025618235 0.036645722 0.710450895
1770029713.281477 1.837757830 1.015564583 1.192507988 -0.703483438 -0.025268950 0.036060217 0.709346314
1770029713.292012 1.836139477 1.016067970 1.193821241 -0.704550726 -0.024886255 0.035441764 0.708331017
1770029713.302631 1.834501881 1.016539689 1.195155255 -0.705494367 -0.024570249 0.034881168 0.707430071
1770029713.313200 1.832729858 1.017011385 1.196559294 -0.706438775 -0.024317885 0.034394336 0.706519588
1770029713.323740 1.831041151 1.017454307 1.197892995 0.707350246 0.024047783 -0.033885940 -0.705640898
1770029713.334168 1.829435179 1.017878723 1.199225418 0.708238644 0.023763232 -0.033327364 -0.704785512
1770029713.344937 1.827833385 1.018312118 1.200567717 0.709195749 0.023462003 -0.032731950 -0.703860457
1770029713.355779 1.826103556 1.018737936 1.202003651 0.710064827 0.023215080 -0.032188834 -0.703016984
1770029713.366400 1.824350980 1.019134542 1.203449296 0.710847147 0.023029484 -0.031727630 -0.702253042
1770029713.377258 1.822617351 1.019531249 1.204855484 0.711754319 0.022812851 -0.031195433 -0.701364533
1770029713.387848 1.820959133 1.019903684 1.206236072 0.712596604 0.022572832 -0.030679254 -0.700539314
1770029713.398517 1.819357682 1.020276780 1.207643817 0.713440750 0.022264616 -0.030114661 -0.699714006
1770029713.409157 1.817707743 1.020622366 1.209047286 0.714232426 0.022065293 -0.029633293 -0.698932782
1770029713.419961 1.815976591 1.020968377 1.210490577 0.715006080 0.021906025 -0.029153764 -0.698166521
1770029713.430779 1.814257475 1.021294636 1.211943558 0.715765801 0.021743517 -0.028649480 -0.697413611
1770029713.441359 1.812584939 1.021604101 1.213364883 0.716543702 0.021563405 -0.028143126 -0.696640587
1770029713.452265 1.810996435 1.021920160 1.214767046 0.717332940 0.021318735 -0.027568746 -0.695858412
1770029713.463128 1.809341577 1.022217246 1.216261190 0.717983527 0.021135596 -0.027066320 -0.695212454
1770029713.473970 1.807629619 1.022500174 1.217751446 0.718652061 0.020984707 -0.026605213 -0.694543749
1770029713.484501 1.805964709 1.022755100 1.219176013 0.719318082 0.020844400 -0.026164761 -0.693874926
1770029713.495599 1.804282199 1.023008039 1.220646051 0.719964329 0.020686142 -0.025708707 -0.693226161
1770029713.506510 1.802605373 1.023254960 1.222143461 0.720602169 0.020516014 -0.025239318 -0.692585435
1770029713.517040 1.801053918 1.023503039 1.223600311 0.721208485 0.020299818 -0.024740060 -0.691978445
1770029713.527411 1.799500497 1.023718955 1.225043139 0.721727239 0.020143971 -0.024274784 -0.691458421
1770029713.537789 1.797902515 1.023907518 1.226478785 0.722210897 0.020043299 -0.023872533 -0.690970180
1770029713.548484 1.796321401 1.024089558 1.227887177 0.722731532 0.019931928 -0.023463373 -0.690442844
1770029713.559081 1.794695362 1.024267480 1.229353091 0.723247408 0.019813323 -0.023068673 -0.689919166
1770029713.569644 1.793106436 1.024440286 1.230833592 0.723719992 0.019670715 -0.022639010 -0.689441739
1770029713.580014 1.791643074 1.024609812 1.232302759 0.724114394 0.019471786 -0.022184054 -0.689047938
1770029713.590377 1.790138660 1.024760383 1.233747153 0.724522222 0.019320081 -0.021748916 -0.688637255
1770029713.600777 1.788618687 1.024892320 1.235148675 0.724932471 0.019226139 -0.021338411 -0.688220851
1770029713.611160 1.787042079 1.024998892 1.236607743 0.725271523 0.019187265 -0.020973711 -0.687875840
1770029713.621511 1.785522630 1.025105332 1.238034322 0.725635986 0.019102033 -0.020577851 -0.687505695
1770029713.631999 1.784028374 1.025212861 1.239483050 0.725972493 0.018991264 -0.020182508 -0.687165145
1770029713.642590 1.782527143 1.025320057 1.240982862 0.726272912 0.018838710 -0.019784724 -0.686863396
1770029713.653265 1.781141021 1.025415426 1.242400940 0.726551688 0.018651803 -0.019356244 -0.686585822
1770029713.663876 1.779571596 1.025483093 1.243928144 0.726804666 0.018549109 -0.019000066 -0.686330755
1770029713.674341 1.778059179 1.025536138 1.245362375 0.727088979 0.018466106 -0.018654096 -0.686041285
1770029713.684752 1.776574844 1.025578270 1.246782985 0.727363467 0.018381002 -0.018318485 -0.685761590
1770029713.695417 1.775085090 1.025624161 1.248267726 0.727565852 0.018275863 -0.017995871 -0.685558219
1770029713.706155 1.773609810 1.025658337 1.249772013 0.727718251 0.018151638 -0.017661126 -0.685408455
1770029713.716766 1.772159801 1.025691915 1.251252779 0.727898282 0.018002623 -0.017293549 -0.685230566
1770029713.727409 1.770737209 1.025712360 1.252709338 0.728113544 0.017845696 -0.016893239 -0.685015925
1770029713.737826 1.769309290 1.025708903 1.254114661 0.728285102 0.017743849 -0.016590055 -0.684843585
1770029713.748295 1.767856425 1.025697151 1.255559716 0.728413277 0.017648784 -0.016302931 -0.684716607
1770029713.758775 1.766412084 1.025670470 1.257029075 0.728468821 0.017559410 -0.016069855 -0.684665322
1770029713.769153 1.765003113 1.025647721 1.258454862 0.728556776 0.017446327 -0.015785682 -0.684581231
1770029713.779583 1.763641775 1.025617050 1.259855375 0.728653584 0.017315073 -0.015479319 -0.684488520
1770029713.790678 1.762295756 1.025580258 1.261255158 0.728763976 0.017158484 -0.015151182 -0.684382273
1770029713.801624 1.760875773 1.025536282 1.262753368 0.728865678 0.016977705 -0.014774711 -0.684286701
1770029713.812660 1.759451429 1.025467449 1.264225326 0.728874569 0.016879518 -0.014531582 -0.684284866
1770029713.823119 1.758001229 1.025389797 1.265712470 0.728887467 0.016770549 -0.014267935 -0.684279354
1770029713.833603 1.756622375 1.025300890 1.267102283 0.728906131 0.016686548 -0.014013811 -0.684266779
1770029713.844354 1.755273387 1.025210748 1.268478971 0.728930169 0.016592386 -0.013734323 -0.684249128
1770029713.856298 1.753766010 1.025101966 1.270057030 0.728929717 0.016436410 -0.013422921 -0.684259554
1770029713.866914 1.752469521 1.025006946 1.271446495 0.728902683 0.016271417 -0.013142832 -0.684297732
1770029713.877591 1.751176293 1.024902426 1.272857322 0.728864309 0.016092389 -0.012845012 -0.684348492
1770029713.888200 1.749844739 1.024779527 1.274251846 0.728790080 0.015961417 -0.012622870 -0.684434742
1770029713.898768 1.748520839 1.024641446 1.275591046 0.728728995 0.015852532 -0.012422895 -0.684505968
1770029713.909487 1.747160591 1.024481494 1.276963732 0.728655481 0.015763077 -0.012233171 -0.684589705
1770029713.920265 1.745866252 1.024335343 1.278297851 0.728589620 0.015620980 -0.012009530 -0.684667016
1770029713.930970 1.744586188 1.024179770 1.279656855 0.728477147 0.015457692 -0.011795900 -0.684794103
1770029713.941471 1.743356194 1.024026945 1.280976215 0.728366090 0.015298165 -0.011561593 -0.684919802
1770029713.951984 1.742198457 1.023885095 1.282281395 0.728240252 0.015082206 -0.011301745 -0.685062722
1770029713.962441 1.740942415 1.023707319 1.283602421 0.728069754 0.014968730 -0.011095879 -0.685249773
1770029713.972914 1.739717197 1.023522333 1.284849523 0.727950261 0.014844913 -0.010909096 -0.685382403
1770029713.983417 1.738465694 1.023317944 1.286101800 0.727834094 0.014742630 -0.010730012 -0.685510798
1770029713.994162 1.737217129 1.023114831 1.287371568 0.727685572 0.014614285 -0.010569968 -0.685673688
1770029714.005204 1.735961483 1.022903374 1.288703429 0.727499851 0.014447104 -0.010371369 -0.685877308
1770029714.015632 1.734789205 1.022702183 1.289949079 0.727315353 0.014276008 -0.010187381 -0.686079288
1770029714.025998 1.733657429 1.022500312 1.291183867 0.727107978 0.014087331 -0.010005157 -0.686305641
1770029714.036394 1.732553937 1.022298982 1.292379831 0.726915021 0.013890857 -0.009798847 -0.686516991
1770029714.046796 1.731400113 1.022074225 1.293557243 0.726713252 0.013748384 -0.009634971 -0.686735756
1770029714.057191 1.730223285 1.021827324 1.294722517 0.726510102 0.013636545 -0.009503032 -0.686954736
1770029714.067647 1.729057797 1.021584668 1.295864805 0.726328781 0.013495351 -0.009365441 -0.687151123
1770029714.078335 1.727919351 1.021338239 1.297023882 0.726096303 0.013337138 -0.009243851 -0.687401506
1770029714.088861 1.726807236 1.021092047 1.298183864 0.725862867 0.013140906 -0.009102070 -0.687653668
1770029714.099415 1.725709419 1.020845568 1.299339750 0.725604981 0.012938847 -0.008951447 -0.687931588
1770029714.109782 1.724628631 1.020592534 1.300490174 0.725310278 0.012740779 -0.008836294 -0.688247479
1770029714.120161 1.723609277 1.020351310 1.301567317 0.725057244 0.012521568 -0.008656944 -0.688520342
1770029714.130560 1.722530309 1.020081647 1.302635057 0.724799837 0.012359248 -0.008533536 -0.688795778
1770029714.141214 1.721413589 1.019796312 1.303697806 0.724538370 0.012226345 -0.008439938 -0.689074331
1770029714.151908 1.720318539 1.019518885 1.304735404 0.724283688 0.012071867 -0.008340977 -0.689345949
1770029714.162581 1.719212683 1.019238985 1.305794761 0.723992771 0.011910754 -0.008260750 -0.689655249
1770029714.173055 1.718158120 1.018978728 1.306807792 0.723714445 0.011722169 -0.008138833 -0.689951993
1770029714.183528 1.717131043 1.018720657 1.307772182 0.723453006 0.011543883 -0.008025121 -0.690230457
1770029714.193945 1.716097344 1.018472376 1.308743126 0.723174217 0.011349230 -0.007911379 -0.690527086
1770029714.204397 1.715115355 1.018241191 1.309678342 0.722893636 0.011136466 -0.007770029 -0.690825880
1770029714.214793 1.714054190 1.017982384 1.310583934 0.722605603 0.011021419 -0.007679305 -0.691130016
1770029714.225876 1.712980607 1.017731549 1.311437673 0.722363530 0.010906238 -0.007588744 -0.691385851
1770029714.236474 1.711846686 1.017465811 1.312316622 0.722118990 0.010791270 -0.007499998 -0.691644029
1770029714.247016 1.710810396 1.017237495 1.313115308 0.721893390 0.010663129 -0.007417164 -0.691882372
1770029714.257658 1.709779016 1.017013256 1.313912338 0.721672821 0.010502645 -0.007313720 -0.692115990
1770029714.268102 1.708761301 1.016794001 1.314673115 0.721447459 0.010346077 -0.007223947 -0.692354199
1770029714.279680 1.707772376 1.016587635 1.315394915 0.721251242 0.010162507 -0.007119039 -0.692562408
1770029714.290370 1.706705003 1.016370216 1.316186458 0.721027253 0.009922517 -0.006992088 -0.692800371
1770029714.300763 1.705718549 1.016164353 1.316875679 0.720817479 0.009748625 -0.006890018 -0.693022116
1770029714.311205 1.704679884 1.015942080 1.317550813 0.720585298 0.009654912 -0.006844569 -0.693265290
1770029714.321671 1.703650809 1.015730366 1.318172384 0.720379367 0.009572853 -0.006766145 -0.693481180
1770029714.332042 1.702639196 1.015521118 1.318773575 0.720175232 0.009469366 -0.006682023 -0.693695406
1770029714.342671 1.701661868 1.015326404 1.319345320 0.719989400 0.009343101 -0.006582217 -0.693890945
1770029714.353194 1.700679287 1.015137344 1.319897975 0.719816750 0.009188447 -0.006482595 -0.694073047
1770029714.363705 1.699687657 1.014948248 1.320441031 0.719613549 0.009077172 -0.006399428 -0.694285959
1770029714.374156 1.698743844 1.014773523 1.320943747 0.719428203 0.008930039 -0.006283732 -0.694480979
1770029714.384548 1.697833259 1.014611785 1.321411629 0.719268045 0.008779329 -0.006142174 -0.694650039
1770029714.394911 1.696856493 1.014422752 1.321870628 0.719093878 0.008702056 -0.006045838 -0.694832150
1770029714.405359 1.695884805 1.014233595 1.322299112 0.718927897 0.008625813 -0.005977306 -0.695005429
1770029714.416135 1.694867413 1.014037855 1.322721344 0.718756347 0.008558296 -0.005927795 -0.695184098
1770029714.426889 1.693887616 1.013858607 1.323112369 0.718586871 0.008467441 -0.005856314 -0.695360996
1770029714.437883 1.692903832 1.013678160 1.323509358 0.718396735 0.008333396 -0.005781016 -0.695559678
1770029714.448610 1.691947510 1.013507497 1.323868676 0.718221521 0.008198002 -0.005707185 -0.695742817
1770029714.459359 1.690982076 1.013336839 1.324213733 0.718029674 0.008073285 -0.005644067 -0.695942780
1770029714.470687 1.690077747 1.013183597 1.324528479 0.717842963 0.007915392 -0.005538278 -0.696138029
1770029714.481452 1.689095915 1.013019567 1.324808371 0.717684228 0.007774422 -0.005408036 -0.696304287
1770029714.491890 1.688158997 1.012849838 1.325050856 0.717528353 0.007698782 -0.005348522 -0.696466212
1770029714.502266 1.687221673 1.012682471 1.325266463 0.717384098 0.007630515 -0.005292403 -0.696615979
1770029714.513387 1.686259007 1.012515323 1.325450557 0.717251983 0.007591192 -0.005252923 -0.696752735
1770029714.524071 1.685295526 1.012354589 1.325643071 0.717110784 0.007483216 -0.005182301 -0.696899755
1770029714.534778 1.684385458 1.012201735 1.325785641 0.716999098 0.007373438 -0.005092981 -0.697016490
1770029714.545177 1.683491337 1.012052208 1.325917341 0.716893190 0.007274061 -0.005002610 -0.697127116
1770029714.555733 1.682619559 1.011913717 1.326019402 0.716804642 0.007169779 -0.004898769 -0.697219981
1770029714.566224 1.681776565 1.011782355 1.326088321 0.716738139 0.007032310 -0.004775214 -0.697290603
1770029714.576905 1.680928273 1.011648724 1.326137507 0.716677723 0.006893878 -0.004652782 -0.697354908
1770029714.587401 1.680007212 1.011496407 1.326161472 0.716622432 0.006806654 -0.004580245 -0.697413063
1770029714.597766 1.679115449 1.011346387 1.326157985 0.716587677 0.006720144 -0.004513574 -0.697450047
1770029714.608128 1.678225567 1.011201798 1.326129618 0.716552391 0.006656703 -0.004457881 -0.697487266
1770029714.618689 1.677369125 1.011068410 1.326096393 0.716488154 0.006567461 -0.004391211 -0.697554522
1770029714.629278 1.676516265 1.010938794 1.326031115 0.716429774 0.006453685 -0.004313057 -0.697616031
1770029714.639692 1.675674250 1.010812143 1.325943612 0.716364902 0.006345376 -0.004240451 -0.697684084
1770029714.650213 1.674852535 1.010698294 1.325832482 0.716299424 0.006241099 -0.004158626 -0.697752742
1770029714.660688 1.674009978 1.010581200 1.325704096 0.716212461 0.006154597 -0.004084811 -0.697843210
1770029714.671154 1.673227202 1.010487075 1.325556734 0.716119629 0.006032701 -0.003971547 -0.697940191
1770029714.681528 1.672399541 1.010361181 1.325404830 0.715997994 0.005969595 -0.003910666 -0.698065859
1770029714.691932 1.671546906 1.010231545 1.325231269 0.715857729 0.005937183 -0.003875988 -0.698210167
1770029714.702290 1.670714286 1.010101472 1.325047886 0.715697637 0.005894008 -0.003855817 -0.698374746
1770029714.712894 1.669866898 1.009977888 1.324837503 0.715526099 0.005868910 -0.003850731 -0.698550735
1770029714.723563 1.669031020 1.009859687 1.324607970 0.715344847 0.005801040 -0.003827742 -0.698737036
1770029714.734081 1.668218550 1.009749295 1.324364924 0.715158825 0.005728771 -0.003802131 -0.698928165
1770029714.744557 1.667410246 1.009643203 1.324108490 0.714987094 0.005658582 -0.003783694 -0.699104513
1770029714.755543 1.666610422 1.009546643 1.323823897 0.714836553 0.005568377 -0.003753508 -0.699259328
1770029714.766518 1.665802684 1.009449544 1.323524320 0.714665024 0.005466477 -0.003703021 -0.699435708
1770029714.777261 1.665031805 1.009359999 1.323208191 0.714510638 0.005365763 -0.003627968 -0.699594593
1770029714.788066 1.664201263 1.009246534 1.322865187 0.714344562 0.005322945 -0.003593574 -0.699764674
1770029714.798850 1.663371583 1.009129575 1.322490892 0.714190956 0.005296377 -0.003568593 -0.699921776
1770029714.809732 1.662530437 1.009009407 1.322074756 0.714059378 0.005293747 -0.003559311 -0.700056078
1770029714.820650 1.661725688 1.008905506 1.321641192 0.713916773 0.005258370 -0.003523313 -0.700201955
1770029714.831365 1.660928239 1.008804219 1.321178488 0.713774506 0.005213657 -0.003480774 -0.700347526
1770029714.842086 1.660168030 1.008709769 1.320703657 0.713648476 0.005162921 -0.003426520 -0.700476592
1770029714.852831 1.659409969 1.008621636 1.320200306 0.713542735 0.005113267 -0.003371759 -0.700584935
1770029714.864501 1.658646526 1.008531779 1.319660356 0.713439392 0.005064396 -0.003325211 -0.700690752
1770029714.875188 1.657855952 1.008449181 1.319059551 0.713331355 0.004985431 -0.003251385 -0.700801650
1770029714.885637 1.657152986 1.008373432 1.318501898 0.713226713 0.004933254 -0.003163970 -0.700908916
1770029714.896009 1.656414545 1.008271800 1.317944492 0.713106526 0.004918688 -0.003129108 -0.701031453
1770029714.906329 1.655663593 1.008170746 1.317358966 0.713005048 0.004912854 -0.003123949 -0.701134728
1770029714.916782 1.654924076 1.008068203 1.316764993 0.712888906 0.004887631 -0.003125568 -0.701252985
1770029714.927132 1.654198030 1.007978618 1.316127254 0.712803473 0.004873153 -0.003097789 -0.701340049
1770029714.937522 1.653505464 1.007893213 1.315485965 0.712702502 0.004833503 -0.003054825 -0.701443118
1770029714.947933 1.652818897 1.007813336 1.314841300 0.712597406 0.004782331 -0.003016620 -0.701550402
1770029714.958465 1.652125780 1.007727948 1.314143405 0.712509367 0.004747265 -0.002974175 -0.701640236
1770029714.969050 1.651473655 1.007650600 1.313468944 0.712406016 0.004686699 -0.002927543 -0.701745775
1770029714.979477 1.650769640 1.007574342 1.312732687 0.712304629 0.004642149 -0.002904033 -0.701849081
1770029714.989916 1.650122349 1.007509909 1.311974592 0.712213621 0.004579020 -0.002857674 -0.701942037
1770029715.000292 1.649479968 1.007441022 1.311243734 0.712121560 0.004508073 -0.002825601 -0.702036023
1770029715.010685 1.648770118 1.007351831 1.310447327 0.712037515 0.004522427 -0.002820092 -0.702121195
1770029715.021452 1.648074409 1.007264602 1.309658482 0.711936708 0.004516981 -0.002817662 -0.702223455
1770029715.032408 1.647344493 1.007181016 1.308784244 0.711858536 0.004526753 -0.002807919 -0.702302676
1770029715.043275 1.646629446 1.007106863 1.307902172 0.711765257 0.004526425 -0.002793051 -0.702397273
1770029715.054034 1.645980955 1.007034683 1.307045053 0.711674165 0.004480972 -0.002769710 -0.702489952
1770029715.064517 1.645336492 1.006964010 1.306166502 0.711597590 0.004458249 -0.002729796 -0.702567820
1770029715.074988 1.644707936 1.006896008 1.305277408 0.711518604 0.004416685 -0.002694712 -0.702648210
1770029715.085438 1.644089319 1.006830028 1.304374102 0.711438825 0.004370523 -0.002647237 -0.702729456
1770029715.096014 1.643481814 1.006768452 1.303449610 0.711377392 0.004323135 -0.002602811 -0.702792104
1770029715.106663 1.642878207 1.006713222 1.302487315 0.711311908 0.004275724 -0.002544909 -0.702858884
1770029715.117412 1.642280443 1.006649480 1.301528824 0.711243197 0.004235556 -0.002497609 -0.702928828
1770029715.128070 1.641627044 1.006562892 1.300535468 0.711152665 0.004218934 -0.002496117 -0.703020524
1770029715.138814 1.640977074 1.006484608 1.299528132 0.711064598 0.004233816 -0.002495284 -0.703109512
1770029715.149388 1.640339709 1.006408155 1.298517670 0.710977450 0.004237418 -0.002496452 -0.703197609
1770029715.160057 1.639714631 1.006345221 1.297460717 0.710922705 0.004260474 -0.002460092 -0.703252945
1770029715.171231 1.639080425 1.006275162 1.296352956 0.710847179 0.004259293 -0.002418473 -0.703329437
1770029715.182255 1.638478751 1.006227320 1.295255207 0.710787923 0.004252215 -0.002360362 -0.703389562
1770029715.193016 1.637862686 1.006176709 1.294079635 0.710750639 0.004236452 -0.002314510 -0.703427484
1770029715.203707 1.637285363 1.006122710 1.292941075 0.710714982 0.004190294 -0.002268212 -0.703463937
1770029715.214144 1.636709073 1.006071292 1.291814179 0.710672268 0.004167955 -0.002241850 -0.703507306
1770029715.224585 1.636169117 1.006021196 1.290718426 0.710597202 0.004119625 -0.002223012 -0.703583473
1770029715.235325 1.635648723 1.005986308 1.289565377 0.710514252 0.004047545 -0.002182079 -0.703667786
1770029715.246020 1.635096307 1.005923499 1.288411525 0.710443788 0.004014213 -0.002177723 -0.703739133
1770029715.256884 1.634503117 1.005849409 1.287200768 0.710394150 0.004003159 -0.002191688 -0.703789260
1770029715.267634 1.633912364 1.005770093 1.285960523 0.710348319 0.003997074 -0.002203910 -0.703835515
1770029715.278166 1.633350874 1.005705548 1.284758789 0.710293644 0.003990100 -0.002210806 -0.703890710
1770029715.288640 1.632815199 1.005657259 1.283533171 0.710247080 0.003959386 -0.002212320 -0.703937862
1770029715.299199 1.632295925 1.005606446 1.282295555 0.710206773 0.003914420 -0.002201257 -0.703978815
1770029715.310009 1.631781940 1.005559468 1.281052185 0.710183587 0.003900415 -0.002190254 -0.704002317
1770029715.320590 1.631241288 1.005518182 1.279693045 0.710146731 0.003865585 -0.002170040 -0.704039749
1770029715.331163 1.630731733 1.005482480 1.278371367 0.710129702 0.003834520 -0.002147840 -0.704057164
1770029715.341763 1.630233110 1.005447507 1.277044964 0.710101044 0.003798287 -0.002124406 -0.704086335
1770029715.352398 1.629753815 1.005405284 1.275765327 0.710050918 0.003749532 -0.002118625 -0.704137165
1770029715.363013 1.629266652 1.005370297 1.274393953 0.710024673 0.003717888 -0.002077776 -0.704163918
1770029715.373849 1.628812044 1.005336471 1.273058161 0.709990146 0.003653519 -0.002041123 -0.704199175
1770029715.384341 1.628295140 1.005279182 1.271654252 0.709947249 0.003640848 -0.002041940 -0.704242485
1770029715.395130 1.627787921 1.005213901 1.270267662 0.709906050 0.003640453 -0.002044914 -0.704284010
1770029715.405890 1.627280403 1.005153290 1.268849035 0.709848343 0.003658872 -0.002046495 -0.704342072
1770029715.416825 1.626859976 1.005110566 1.267643194 0.709802007 0.003687640 -0.002050361 -0.704388606
1770029715.427644 1.626298649 1.005058265 1.265958561 0.709727782 0.003698090 -0.002041871 -0.704463364
1770029715.438264 1.625834693 1.005019327 1.264518990 0.709653866 0.003711128 -0.002046440 -0.704537742
1770029715.449036 1.625375004 1.004985152 1.263029261 0.709617941 0.003711000 -0.002039012 -0.704573948
1770029715.459710 1.624918470 1.004960268 1.261508887 0.709619933 0.003717517 -0.002012874 -0.704571983
1770029715.470194 1.624481442 1.004922002 1.260052140 0.709566028 0.003686186 -0.002016859 -0.704626423
1770029715.480983 1.624051955 1.004884167 1.258566679 0.709529001 0.003655421 -0.002006430 -0.704663898
1770029715.491574 1.623622256 1.004848503 1.257034257 0.709499332 0.003641797 -0.001977201 -0.704693923
1770029715.502327 1.623221972 1.004815310 1.255519920 0.709455127 0.003605936 -0.001948767 -0.704738691
1770029715.513397 1.622826925 1.004791481 1.253893149 0.709437720 0.003563136 -0.001885427 -0.704756604
1770029715.523950 1.622424219 1.004747741 1.252382358 0.709385094 0.003547309 -0.001879994 -0.704809670
1770029715.534628 1.621992185 1.004703069 1.250828471 0.709339066 0.003564722 -0.001887202 -0.704855886
1770029715.545683 1.621554206 1.004653140 1.249225576 0.709317694 0.003595330 -0.001890914 -0.704877228
1770029715.558457 1.621042469 1.004605892 1.247252958 0.709314556 0.003623105 -0.001894586 -0.704880234
1770029715.569382 1.620627805 1.004572677 1.245619883 0.709297222 0.003602004 -0.001919290 -0.704897717
1770029715.580156 1.620223442 1.004540728 1.243976809 0.709274237 0.003584912 -0.001933057 -0.704920896
1770029715.590887 1.619838958 1.004506980 1.242343899 0.709215149 0.003590277 -0.001940845 -0.704980295
1770029715.601643 1.619472056 1.004472125 1.240719441 0.709167173 0.003566523 -0.001952310 -0.705028644
1770029715.612570 1.619118497 1.004448473 1.239020164 0.709171115 0.003548849 -0.001913475 -0.705024875
1770029715.623187 1.618781764 1.004414607 1.237366088 0.709141427 0.003515119 -0.001881067 -0.705054992
1770029715.633840 1.618433198 1.004384127 1.235685933 0.709119819 0.003508397 -0.001849791 -0.705076841
1770029715.644493 1.618099084 1.004360386 1.234011025 0.709125209 0.003490445 -0.001817768 -0.705071593
1770029715.655355 1.617757474 1.004329422 1.232265490 0.709126842 0.003478242 -0.001790717 -0.705070080
1770029715.666119 1.617429203 1.004309974 1.230535857 0.709137567 0.003483705 -0.001737500 -0.705059399
1770029715.676666 1.617111493 1.004300898 1.228799591 0.709132561 0.003473595 -0.001695340 -0.705064586
1770029715.687363 1.616766382 1.004267823 1.227097912 0.709076749 0.003507428 -0.001708610 -0.705120516
1770029715.698225 1.616421264 1.004223963 1.225366000 0.709016517 0.003550794 -0.001724962 -0.705180825
1770029715.709384 1.616073797 1.004183403 1.223597578 0.709007771 0.003610327 -0.001728157 -0.705189307
1770029715.720134 1.615733994 1.004138516 1.221756836 0.708946945 0.003626255 -0.001756494 -0.705250306
1770029715.730770 1.615434181 1.004111481 1.220009232 0.708893547 0.003640370 -0.001774814 -0.705303861
1770029715.741364 1.615130140 1.004083762 1.218243080 0.708856932 0.003662538 -0.001788741 -0.705340511
1770029715.752118 1.614840606 1.004056081 1.216471797 0.708812343 0.003682265 -0.001789195 -0.705385215
1770029715.762657 1.614539020 1.004031806 1.214648041 0.708811714 0.003747416 -0.001769953 -0.705385553
1770029715.773060 1.614262299 1.004015822 1.212887402 0.708787780 0.003743502 -0.001776149 -0.705409607
1770029715.783476 1.613984749 1.003995346 1.211136232 0.708759380 0.003760433 -0.001777010 -0.705438051
1770029715.794147 1.613726241 1.003972957 1.209306250 0.708736922 0.003754927 -0.001755571 -0.705460696
1770029715.804512 1.613487659 1.003951874 1.207542254 0.708739009 0.003717971 -0.001747902 -0.705458814
1770029715.814888 1.613256852 1.003926642 1.205750898 0.708731590 0.003684227 -0.001738195 -0.705466468
1770029715.825260 1.613025107 1.003900636 1.203964416 0.708723743 0.003662710 -0.001731086 -0.705474481
1770029715.835901 1.612799745 1.003886988 1.202168363 0.708711900 0.003641700 -0.001731759 -0.705486486
1770029715.846653 1.612544073 1.003859380 1.200259399 0.708701643 0.003648378 -0.001748170 -0.705496715
1770029715.857460 1.612311568 1.003848244 1.198325503 0.708733698 0.003663072 -0.001714094 -0.705464520
1770029715.868234 1.612075634 1.003824511 1.196428332 0.708720121 0.003625280 -0.001744441 -0.705478281
1770029715.878803 1.611873914 1.003821558 1.194553163 0.708715038 0.003583286 -0.001745769 -0.705483598
1770029715.889233 1.611651924 1.003794495 1.192734654 0.708685426 0.003583292 -0.001776474 -0.705513268
1770029715.899788 1.611439936 1.003758505 1.190908566 0.708647209 0.003583053 -0.001803112 -0.705551588
1770029715.910330 1.611219881 1.003723950 1.189020401 0.708629882 0.003633856 -0.001812636 -0.705568706
1770029715.920778 1.611012113 1.003690785 1.187147390 0.708612858 0.003659930 -0.001822178 -0.705585645
1770029715.931255 1.610816074 1.003676392 1.185285870 0.708598045 0.003693581 -0.001809913 -0.705600377
1770029715.941658 1.610608145 1.003657470 1.183363345 0.708593852 0.003756180 -0.001804159 -0.705604273
1770029715.952033 1.610429104 1.003635461 1.181495654 0.708600301 0.003751457 -0.001805683 -0.705597817
1770029715.962395 1.610256433 1.003617997 1.179556495 0.708648031 0.003776845 -0.001775889 -0.705549821
1770029715.972760 1.610082641 1.003590148 1.177690960 0.708635047 0.003770931 -0.001792752 -0.705562851
1770029715.983134 1.609930116 1.003572245 1.175844993 0.708598166 0.003751539 -0.001819797 -0.705599924
1770029715.993764 1.609781455 1.003555795 1.173972815 0.708548901 0.003762476 -0.001835856 -0.705649295
1770029716.004420 1.609630451 1.003532210 1.172051796 0.708516500 0.003748234 -0.001858792 -0.705681844
1770029716.014912 1.609477974 1.003520801 1.170030130 0.708561090 0.003771707 -0.001830007 -0.705637022
1770029716.025634 1.609331409 1.003500138 1.168100293 0.708562687 0.003779368 -0.001844755 -0.705635339
1770029716.036212 1.609183502 1.003480291 1.166103047 0.708566255 0.003789399 -0.001859299 -0.705631664
1770029716.046780 1.609054370 1.003463889 1.164122158 0.708569036 0.003806943 -0.001858722 -0.705628779
1770029716.057300 1.608947170 1.003442401 1.162197710 0.708565193 0.003818519 -0.001837701 -0.705632630
1770029716.067929 1.608833895 1.003417361 1.160228532 0.708562418 0.003813765 -0.001831090 -0.705635460
1770029716.078549 1.608712773 1.003395619 1.158286383 0.708538724 0.003801667 -0.001843163 -0.705659285
1770029716.088916 1.608598895 1.003391367 1.156321372 0.708533146 0.003822569 -0.001835707 -0.705664792
1770029716.099321 1.608489686 1.003372618 1.154386600 0.708524291 0.003836935 -0.001853309 -0.705673559
1770029716.109766 1.608382985 1.003345530 1.152375082 0.708569144 0.003880642 -0.001824473 -0.705628358
1770029716.120231 1.608282485 1.003315017 1.150415108 0.708574127 0.003928255 -0.001819514 -0.705623104
1770029716.130871 1.608208500 1.003292258 1.148470512 0.708550503 0.003928616 -0.001825127 -0.705646809
1770029716.141315 1.608133568 1.003277768 1.146484802 0.708531047 0.003941746 -0.001824250 -0.705666274
1770029716.151973 1.608052710 1.003255474 1.144530288 0.708505996 0.003926471 -0.001854512 -0.705691432
1770029716.162614 1.607976164 1.003237803 1.142466097 0.708571463 0.003962364 -0.001821013 -0.705625584
1770029716.173214 1.607907020 1.003215315 1.140406643 0.708609552 0.003950300 -0.001814985 -0.705587417
1770029716.183846 1.607842735 1.003200105 1.138416903 0.708630004 0.003950209 -0.001801746 -0.705566912
1770029716.194412 1.607786667 1.003177717 1.136449834 0.708617496 0.003981422 -0.001785496 -0.705579340
1770029716.205339 1.607742394 1.003152732 1.134433600 0.708583032 0.004009027 -0.001768833 -0.705613836
1770029716.215892 1.607699743 1.003129024 1.132413986 0.708568752 0.004053787 -0.001764248 -0.705627931
1770029716.226756 1.607658673 1.003110303 1.130373771 0.708565142 0.004058857 -0.001777634 -0.705631494
1770029716.237500 1.607616487 1.003099112 1.128269035 0.708582963 0.004086727 -0.001805917 -0.705613365
1770029716.248051 1.607589052 1.003079250 1.126236599 0.708596709 0.004061491 -0.001850918 -0.705599591
1770029716.258529 1.607576017 1.003058400 1.124234963 0.708631789 0.004050416 -0.001857834 -0.705564405
1770029716.269047 1.607568954 1.003025893 1.122233926 0.708625678 0.004014535 -0.001886241 -0.705570673
1770029716.279414 1.607571699 1.003007657 1.120256662 0.708637555 0.003982134 -0.001883627 -0.705558934
1770029716.289833 1.607569862 1.002992640 1.118293250 0.708641306 0.003951162 -0.001893965 -0.705555314
1770029716.300566 1.607551736 1.002974433 1.116260875 0.708655542 0.003923269 -0.001929942 -0.705541073
1770029716.310948 1.607541862 1.002942987 1.114235994 0.708705173 0.003942667 -0.001930079 -0.705491112
1770029716.321479 1.607531941 1.002900611 1.112247233 0.708699415 0.003961060 -0.001958446 -0.705496714
1770029716.331989 1.607525749 1.002854452 1.110259169 0.708690014 0.003990377 -0.001982999 -0.705505924
1770029716.342514 1.607526311 1.002813184 1.108269688 0.708681931 0.004018530 -0.001999975 -0.705513836
1770029716.353211 1.607526003 1.002772151 1.106271858 0.708654367 0.004036357 -0.002062887 -0.705541239
1770029716.363746 1.607534886 1.002737795 1.104202520 0.708707526 0.004071280 -0.002069297 -0.705487623
1770029716.374187 1.607540819 1.002700839 1.102198400 0.708741968 0.004095347 -0.002083796 -0.705452839
1770029716.384584 1.607560379 1.002664278 1.100181926 0.708759345 0.004116859 -0.002102849 -0.705435199
1770029716.395271 1.607600609 1.002623172 1.098171642 0.708776542 0.004133550 -0.002090666 -0.705417860
1770029716.406091 1.607654036 1.002588946 1.096098376 0.708792019 0.004136176 -0.002054944 -0.705402398
1770029716.416469 1.607710538 1.002565388 1.094149482 0.708790401 0.004113878 -0.002048184 -0.705404174
1770029716.427189 1.607763378 1.002547772 1.092097442 0.708819708 0.004121406 -0.002024106 -0.705374751
1770029716.437511 1.607822468 1.002523872 1.090116012 0.708835367 0.004140345 -0.002018859 -0.705358919
1770029716.447887 1.607879619 1.002486848 1.088139136 0.708849387 0.004163688 -0.002015170 -0.705344702
1770029716.458355 1.607961093 1.002449814 1.086159195 0.708873734 0.004169750 -0.001997439 -0.705320248
1770029716.468971 1.608056693 1.002425990 1.084206834 0.708857894 0.004132376 -0.002018531 -0.705336328
1770029716.479838 1.608155149 1.002405600 1.082157451 0.708856492 0.004135270 -0.002030420 -0.705337685
1770029716.490339 1.608230089 1.002378947 1.080115879 0.708886284 0.004160021 -0.002041393 -0.705307566
1770029716.500812 1.608322620 1.002351775 1.078134574 0.708901345 0.004167481 -0.002052403 -0.705292353
1770029716.511310 1.608432081 1.002318368 1.076084213 0.708953989 0.004198458 -0.002015596 -0.705239358
1770029716.521743 1.608537459 1.002279312 1.074165866 0.708948629 0.004175159 -0.002025976 -0.705244855
1770029716.532497 1.608662284 1.002254873 1.072240904 0.708959855 0.004155869 -0.002010204 -0.705233728
1770029716.543251 1.608788969 1.002223025 1.070140411 0.708979327 0.004150592 -0.002003957 -0.705214202
1770029716.553813 1.608899859 1.002200016 1.068160695 0.709004187 0.004128845 -0.001995225 -0.705189361
1770029716.564352 1.609013117 1.002159447 1.066139981 0.709034650 0.004115708 -0.002005296 -0.705158780
1770029716.574922 1.609126295 1.002112702 1.064176052 0.709050684 0.004122661 -0.002014497 -0.705142590
1770029716.585484 1.609256769 1.002072032 1.062250766 0.709032094 0.004133717 -0.002038087 -0.705161150
1770029716.596061 1.609392489 1.002033216 1.060286725 0.709024495 0.004152388 -0.002054782 -0.705168633
1770029716.606598 1.609534324 1.002002751 1.058295594 0.709047370 0.004180659 -0.002041432 -0.705145504
1770029716.617016 1.609657487 1.001959774 1.056329897 0.709064487 0.004197607 -0.002076863 -0.705128088
1770029716.627551 1.609808984 1.001919148 1.054358207 0.709110405 0.004202061 -0.002066583 -0.705081914
1770029716.638188 1.609952216 1.001869107 1.052398768 0.709115697 0.004206169 -0.002106932 -0.705076448
1770029716.648632 1.610107483 1.001821184 1.050469619 0.709104028 0.004182774 -0.002159728 -0.705088163
1770029716.659109 1.610242070 1.001770678 1.048544914 0.709114142 0.004233900 -0.002199578 -0.705077562
1770029716.669516 1.610388653 1.001735435 1.046631435 0.709113425 0.004248944 -0.002244823 -0.705078051
1770029716.679945 1.610575897 1.001698596 1.044675889 0.709164122 0.004267603 -0.002207168 -0.705027066
1770029716.690387 1.610767908 1.001661636 1.042722810 0.709201411 0.004261301 -0.002181845 -0.704989673
1770029716.700769 1.610971345 1.001621501 1.040872939 0.709195756 0.004207597 -0.002188066 -0.704995666
1770029716.711285 1.611182410 1.001590792 1.038979259 0.709216274 0.004146499 -0.002147696 -0.704975511
1770029716.721838 1.611375185 1.001557822 1.037096103 0.709205565 0.004092749 -0.002166853 -0.704986539
1770029716.732275 1.611571123 1.001525305 1.035189669 0.709241014 0.004097984 -0.002130018 -0.704950958
1770029716.742750 1.611776892 1.001476438 1.033261348 0.709281011 0.004129359 -0.002046485 -0.704910780
1770029716.753214 1.611964043 1.001416718 1.031388490 0.709296786 0.004198269 -0.001965572 -0.704894730
1770029716.763661 1.612173745 1.001356315 1.029496797 0.709304397 0.004218148 -0.001926924 -0.704887059
1770029716.774068 1.612374517 1.001308932 1.027662139 0.709305710 0.004091556 -0.002045729 -0.704886149
1770029716.784543 1.612569128 1.001255128 1.025764633 0.709333874 0.003837771 -0.002330587 -0.704858352
1770029716.794966 1.612771001 1.001202544 1.023887018 0.709369527 0.003758909 -0.002425707 -0.704822574
1770029716.805265 1.612962841 1.001132389 1.022039640 0.709399746 0.004338109 -0.001895434 -0.704790457
1770029716.815634 1.613161007 1.001057509 1.020195547 0.709406052 0.006048011 -0.000259985 -0.704774011
1770029716.826063 1.613395221 1.001003624 1.018382109 0.709380471 0.008708520 0.002408232 -0.704767840
1770029716.836546 1.613634568 1.000972143 1.016560537 0.709333609 0.011882030 0.005579993 -0.704750674
1770029716.847032 1.613908168 1.000937641 1.014680251 0.709315452 0.015105188 0.008842709 -0.704673846
1770029716.857390 1.614179794 1.000902679 1.012859907 0.709293476 0.017950864 0.011768731 -0.704586423
1770029716.867796 1.614455732 1.000839904 1.011010643 0.709265313 0.020685875 0.014566679 -0.704487489
1770029716.878289 1.614706054 1.000781656 1.009252588 0.709170473 0.023382964 0.017282503 -0.704437217
1770029716.889068 1.614961808 1.000725849 1.007452022 0.709078898 0.026164166 0.020049918 -0.704358257
1770029716.899803 1.615214433 1.000675221 1.005608690 0.708970388 0.029054040 0.022918096 -0.704266719
1770029716.910384 1.615464973 1.000610890 1.003741058 0.708892014 0.031923887 0.025714978 -0.704124788
1770029716.920814 1.615707690 1.000532265 1.001949101 0.708774888 0.034735779 0.028444771 -0.704004602
1770029716.931309 1.615920739 1.000446148 1.000199166 0.708618829 0.037569109 0.031124842 -0.703902807
1770029716.941727 1.616177981 1.000378880 0.998470205 0.708460111 0.040327315 0.033804816 -0.703786340
1770029716.952148 1.616458484 1.000336281 0.996762598 0.708286731 0.043044231 0.036500850 -0.703665253
1770029716.962522 1.616785390 1.000297261 0.994979333 0.708172856 0.045717372 0.039229158 -0.703464427
1770029716.973004 1.617114441 1.000253552 0.993239270 0.708027714 0.048354380 0.041956352 -0.703276812
1770029716.983455 1.617439088 1.000193390 0.991474043 0.707876350 0.051023519 0.044712095 -0.703070766
1770029716.993818 1.617734684 1.000123791 0.989772542 0.707684756 0.053687761 0.047383086 -0.702890286
1770029717.004283 1.618033011 1.000065354 0.988098640 0.707478414 0.056321199 0.050034651 -0.702708154
1770029717.014646 1.618334624 1.000004466 0.986397885 0.707287293 0.058958310 0.052669930 -0.702491623
1770029717.025051 1.618610520 0.999927300 0.984690639 0.707093314 0.061625598 0.055259030 -0.702259048
1770029717.035453 1.618874499 0.999832612 0.982990845 0.706888217 0.064311145 0.057796933 -0.702020398
1770029717.046622 1.619196664 0.999760699 0.981204069 0.706644123 0.067122254 0.060561648 -0.701769887
1770029717.057305 1.619546682 0.999697784 0.979514811 0.706395006 0.069767711 0.063216890 -0.701528465
1770029717.068081 1.619924209 0.999662539 0.977842413 0.706126941 0.072390350 0.065898212 -0.701285823
1770029717.078861 1.620296329 0.999630068 0.976175964 0.705875368 0.074952535 0.068554322 -0.701015255
1770029717.089305 1.620652604 0.999559346 0.974466478 0.705640140 0.077569123 0.071162861 -0.700707408
1770029717.100018 1.620977593 0.999487988 0.972834246 0.705368987 0.080139293 0.073705762 -0.700428259
1770029717.111016 1.621318673 0.999404300 0.971134447 0.705089738 0.082804130 0.076314619 -0.700120001
1770029717.121930 1.621636903 0.999302360 0.969469149 0.704758407 0.085509885 0.078912819 -0.699840277
1770029717.132547 1.621958365 0.999231457 0.967852469 0.704434020 0.088129495 0.081432734 -0.699553153
1770029717.143071 1.622316387 0.999171468 0.966221055 0.704137757 0.090683968 0.083953189 -0.699226930
1770029717.153428 1.622689171 0.999114366 0.964654980 0.703846222 0.093124655 0.086375339 -0.698904568
1770029717.164553 1.623108403 0.999063390 0.963022960 0.703533592 0.095650196 0.088914701 -0.698559733
1770029717.175232 1.623513027 0.999011463 0.961431924 0.703186324 0.098170069 0.091430717 -0.698234957
1770029717.186078 1.623890443 0.998942295 0.959875512 0.702842141 0.100653149 0.093851124 -0.697906753
1770029717.197122 1.624263326 0.998872963 0.958273669 0.702465402 0.103244719 0.096349577 -0.697566947
1770029717.207699 1.624594712 0.998780139 0.956676249 0.702123452 0.105801455 0.098729007 -0.697195305
1770029717.218168 1.624940903 0.998692588 0.955145820 0.701790484 0.108229779 0.101017452 -0.696829897
1770029717.229068 1.625327608 0.998619090 0.953619252 0.701443374 0.110636432 0.103343236 -0.696460300
1770029717.240603 1.625787360 0.998554054 0.951931730 0.701034060 0.113317565 0.105948237 -0.696049816
1770029717.251008 1.626224173 0.998521471 0.950471965 0.700654255 0.115630823 0.108277991 -0.695693183
1770029717.261603 1.626655180 0.998474570 0.949013683 0.700298558 0.117906442 0.110538081 -0.695313838
1770029717.272246 1.627045532 0.998403382 0.947517100 0.699930602 0.120285312 0.112780017 -0.694916732
1770029717.282797 1.627438719 0.998316677 0.945998180 0.699557785 0.122691395 0.115027921 -0.694502919
1770029717.293147 1.627782635 0.998213325 0.944555130 0.699173803 0.125032705 0.117153081 -0.694116684
1770029717.303781 1.628171729 0.998137780 0.943137528 0.698787508 0.127298618 0.119301345 -0.693727806
1770029717.314351 1.628616936 0.998081279 0.941714746 0.698383467 0.129541694 0.121528762 -0.693332707
1770029717.324966 1.629063161 0.998033866 0.940327663 0.697969573 0.131742938 0.123727130 -0.692945792
1770029717.335504 1.629535684 0.997996663 0.938945510 0.697578205 0.133848422 0.125941329 -0.692537384
1770029717.346314 1.630005941 0.997927885 0.937476600 0.697193201 0.136050111 0.128205601 -0.692080438
1770029717.357123 1.630439267 0.997835446 0.936062217 0.696804291 0.138212671 0.130349975 -0.691642915
1770029717.367718 1.630841352 0.997732902 0.934673086 0.696371867 0.140410109 0.132488470 -0.691229361
1770029717.378607 1.631287221 0.997662349 0.933313030 0.695943669 0.142510223 0.134652917 -0.690812448
1770029717.389223 1.631773432 0.997605935 0.931969797 0.695514293 0.144543043 0.136846077 -0.690391431
1770029717.399952 1.632255526 0.997553321 0.930677322 0.695092059 0.146507646 0.138954397 -0.689981315
1770029717.410985 1.632810904 0.997506788 0.929274998 0.694678893 0.148532980 0.141225240 -0.689503169
1770029717.421601 1.633303668 0.997448811 0.927956890 0.694258692 0.150484059 0.143369363 -0.689060696
1770029717.432631 1.633778438 0.997366022 0.926639676 0.693839260 0.152466392 0.145438033 -0.688613723
1770029717.444227 1.634240742 0.997261823 0.925294579 0.693402875 0.154536303 0.147485430 -0.688156255
1770029717.455105 1.634769775 0.997193904 0.923927986 0.692916134 0.156637749 0.149687084 -0.687695880
1770029717.465915 1.635287546 0.997147057 0.922669304 0.692459634 0.158567923 0.151735377 -0.687264319
1770029717.476875 1.635830811 0.997107917 0.921417017 0.692018978 0.160442501 0.153776131 -0.686819364
1770029717.487662 1.636377428 0.997051729 0.920145544 0.691592477 0.162309482 0.155803476 -0.686353229
1770029717.498196 1.636886725 0.996979871 0.918910025 0.691173987 0.164145087 0.157731497 -0.685897722
1770029717.508609 1.637361482 0.996892578 0.917699387 0.690754286 0.165991412 0.159566126 -0.685451690
1770029717.519263 1.637827469 0.996819159 0.916535467 0.690309539 0.167833507 0.161356168 -0.685032001
1770029717.529950 1.638369647 0.996755622 0.915336930 0.689882444 0.169617025 0.163241456 -0.684576150
1770029717.540655 1.638906854 0.996706239 0.914193248 0.689444296 0.171364607 0.165064520 -0.684145042
1770029717.551261 1.639445724 0.996676504 0.913087318 0.688985107 0.173095504 0.166874314 -0.683732720
1770029717.561810 1.639997404 0.996635553 0.911963930 0.688552569 0.174792684 0.168672878 -0.683295206
1770029717.572324 1.640504028 0.996571804 0.910847961 0.688128005 0.176505944 0.170386445 -0.682857203
1770029717.582755 1.640985539 0.996478010 0.909722667 0.687704065 0.178271383 0.172027921 -0.682413971
1770029717.593194 1.641498480 0.996407700 0.908633237 0.687292554 0.179957956 0.173650112 -0.681974866
1770029717.603711 1.642044561 0.996363844 0.907576934 0.686875293 0.181567383 0.175305980 -0.681544885
1770029717.614163 1.642611414 0.996318163 0.906517587 0.686468807 0.183156028 0.176954591 -0.681103164
1770029717.624570 1.643187144 0.996279449 0.905497207 0.686043499 0.184695770 0.178613516 -0.680682747
1770029717.635019 1.643737105 0.996229753 0.904491439 0.685613986 0.186230572 0.180234527 -0.680269911
1770029717.645375 1.644246273 0.996164853 0.903501956 0.685187047 0.187786901 0.181766852 -0.679864400
1770029717.655761 1.644742524 0.996100333 0.902541065 0.684766794 0.189321165 0.183235119 -0.679468046
1770029717.666203 1.645318129 0.996046725 0.901539987 0.684377495 0.190808381 0.184771797 -0.679027974
1770029717.677598 1.645941998 0.995997489 0.900489573 0.683962055 0.192381611 0.186386171 -0.678561285
1770029717.688527 1.646580367 0.995958533 0.899474242 0.683550359 0.193884048 0.187990849 -0.678105688
1770029717.699884 1.647221714 0.995913352 0.898467089 0.683109862 0.195403519 0.189616466 -0.677660665
1770029717.710580 1.647811931 0.995846330 0.897493567 0.682704155 0.196875249 0.191110387 -0.677223739
1770029717.721232 1.648326509 0.995765397 0.896592266 0.682273138 0.198356454 0.192477242 -0.676838677
1770029717.731885 1.648908044 0.995717938 0.895710404 0.681850936 0.199749626 0.193897796 -0.676448840
1770029717.742455 1.649544052 0.995691017 0.894821188 0.681446435 0.201095159 0.195355297 -0.676038313
1770029717.752918 1.650156925 0.995666485 0.893984662 0.681052368 0.202392603 0.196723676 -0.675651317
1770029717.763501 1.650812417 0.995649535 0.893147364 0.680681036 0.203618572 0.198120303 -0.675248954
1770029717.774017 1.651435671 0.995602290 0.892300322 0.680290449 0.204896601 0.199497140 -0.674850487
1770029717.784612 1.652003954 0.995522973 0.891440511 0.679904167 0.206247953 0.200779800 -0.674447609
1770029717.795261 1.652572574 0.995448237 0.890620528 0.679510398 0.207563610 0.202033900 -0.674066220
1770029717.805876 1.653186818 0.995406653 0.889831236 0.679119403 0.208805976 0.203318000 -0.673690353
1770029717.816414 1.653861821 0.995379706 0.889033063 0.678755813 0.210001595 0.204622828 -0.673289964
1770029717.826817 1.654534933 0.995358159 0.888274685 0.678409980 0.211119745 0.205885525 -0.672903784
1770029717.837217 1.655185785 0.995329850 0.887552541 0.678049933 0.212224100 0.207110593 -0.672543249
1770029717.847727 1.655803796 0.995295678 0.886842833 0.677675613 0.213348057 0.208306862 -0.672195375
1770029717.858171 1.656371754 0.995227964 0.886145933 0.677308011 0.214478318 0.209424290 -0.671858896
1770029717.868540 1.657010752 0.995177836 0.885448019 0.676949110 0.215561820 0.210592376 -0.671508641
1770029717.879234 1.657680059 0.995154186 0.884777455 0.676595152 0.216591989 0.211769063 -0.671163746
1770029717.889653 1.658350508 0.995143546 0.884134882 0.676239737 0.217592228 0.212930381 -0.670830898
1770029717.900118 1.659043763 0.995132199 0.883506849 0.675906673 0.218523794 0.214085699 -0.670495962
1770029717.910717 1.659750025 0.995090747 0.882845691 0.675590938 0.219478283 0.215226821 -0.670136988
1770029717.921365 1.660378353 0.995031462 0.882221508 0.675239797 0.220494983 0.216282065 -0.669817323
1770029717.931975 1.661026575 0.994995285 0.881632712 0.674908589 0.221425027 0.217327782 -0.669505779
1770029717.942745 1.661762225 0.994958317 0.881008269 0.674576808 0.222350402 0.218464892 -0.669163299
1770029717.953253 1.662453195 0.994934691 0.880444260 0.674254753 0.223245555 0.219494837 -0.668852724
1770029717.963701 1.663171829 0.994930456 0.879904907 0.673957263 0.224067190 0.220514465 -0.668542350
1770029717.974299 1.663874906 0.994905163 0.879380414 0.673643939 0.224892671 0.221519346 -0.668248688
1770029717.985580 1.664593337 0.994852891 0.878811736 0.673313989 0.225842340 0.222508970 -0.667932083
1770029717.995960 1.665247847 0.994820167 0.878319620 0.673021902 0.226708544 0.223352903 -0.667651283
1770029718.006387 1.665952492 0.994801668 0.877836373 0.672741175 0.227503525 0.224245748 -0.667364445
1770029718.016758 1.666682125 0.994787509 0.877362104 0.672479138 0.228277628 0.225113589 -0.667071964
1770029718.027210 1.667412783 0.994783971 0.876914368 0.672222943 0.229017769 0.225960285 -0.666790166
1770029718.037645 1.668141969 0.994771964 0.876475537 0.671965935 0.229767494 0.226778522 -0.666513453
1770029718.048001 1.668820075 0.994741185 0.876057619 0.671695103 0.230558152 0.227525005 -0.666258958
1770029718.058604 1.669462408 0.994693770 0.875639361 0.671428463 0.231416211 0.228182445 -0.666005351
1770029718.069054 1.670155918 0.994669737 0.875244400 0.671176944 0.232202782 0.228862601 -0.665751671
1770029718.079928 1.670918312 0.994659767 0.874848816 0.670932085 0.232954046 0.229593466 -0.665484327
1770029718.090260 1.671672639 0.994660674 0.874487838 0.670713117 0.233630186 0.230284872 -0.665229080
1770029718.101088 1.672417504 0.994666272 0.874160827 0.670489502 0.234268200 0.230961394 -0.664995544
1770029718.111729 1.673198392 0.994649262 0.873803761 0.670264423 0.234941542 0.231661341 -0.664741377
1770029718.122317 1.673892911 0.994602051 0.873463017 0.670033564 0.235661064 0.232259914 -0.664510511
1770029718.132837 1.674593668 0.994578659 0.873149891 0.669817727 0.236343328 0.232830187 -0.664286194
1770029718.143334 1.675334043 0.994568013 0.872848016 0.669628418 0.236943316 0.233424087 -0.664054849
1770029718.153820 1.676103748 0.994560184 0.872555698 0.669453500 0.237523994 0.234002283 -0.663820228
1770029718.164277 1.676893092 0.994574350 0.872304043 0.669270731 0.238043221 0.234602553 -0.663606627
1770029718.174699 1.677658003 0.994562771 0.872062407 0.669109382 0.238534638 0.235145995 -0.663400499
1770029718.185172 1.678409394 0.994546459 0.871848332 0.668931307 0.239039794 0.235658948 -0.663216211
1770029718.195729 1.679126193 0.994522176 0.871644119 0.668763505 0.239579229 0.236089681 -0.663037578
1770029718.206307 1.679913850 0.994509483 0.871445372 0.668617120 0.240048697 0.236564483 -0.662846147
1770029718.216697 1.680713597 0.994515173 0.871281264 0.668467547 0.240480290 0.237037810 -0.662671446
1770029718.227151 1.681525070 0.994520177 0.871126878 0.668339244 0.240884698 0.237481870 -0.662494965
1770029718.237554 1.682327078 0.994535142 0.871017071 0.668204740 0.241244360 0.237907041 -0.662347208
1770029718.247933 1.683092573 0.994533269 0.870923054 0.668062445 0.241617188 0.238289683 -0.662217284
1770029718.258730 1.683839919 0.994511002 0.870837644 0.667918476 0.242046003 0.238595891 -0.662095645
1770029718.269668 1.684635441 0.994505677 0.870772739 0.667772805 0.242458681 0.238915694 -0.661976254
1770029718.280378 1.685454334 0.994504167 0.870712086 0.667657259 0.242792465 0.239253011 -0.661848623
1770029718.290915 1.686288659 0.994511935 0.870672210 0.667556029 0.243101181 0.239562714 -0.661725374
1770029718.301512 1.687126803 0.994530677 0.870664597 0.667455224 0.243345459 0.239884164 -0.661620812
1770029718.312200 1.688000430 0.994537567 0.870655511 0.667373347 0.243571925 0.240196407 -0.661506779
1770029718.322603 1.688792075 0.994530105 0.870667663 0.667282296 0.243839641 0.240418496 -0.661419317
1770029718.333197 1.689557438 0.994508053 0.870700879 0.667184367 0.244146031 0.240571532 -0.661349435
1770029718.344074 1.690409337 0.994516048 0.870766537 0.667100992 0.244359452 0.240774393 -0.661280890
1770029718.354685 1.691248641 0.994525817 0.870842802 0.667034430 0.244543276 0.240951510 -0.661215567
1770029718.365244 1.692113789 0.994546741 0.870947618 0.666976768 0.244676123 0.241126920 -0.661160642
1770029718.375882 1.692994824 0.994569216 0.871063905 0.666933454 0.244761533 0.241304685 -0.661107864
1770029718.386481 1.693841564 0.994576738 0.871202064 0.666880157 0.244873053 0.241424317 -0.661076655
1770029718.396940 1.694631292 0.994556072 0.871344413 0.666820560 0.245036310 0.241472283 -0.661058760
1770029718.407419 1.695452239 0.994562523 0.871510077 0.666782533 0.245152074 0.241507889 -0.661041189
1770029718.418078 1.696305948 0.994565703 0.871666311 0.666772006 0.245200511 0.241577829 -0.661008286
1770029718.428933 1.697226959 0.994581638 0.871847521 0.666779890 0.245238041 0.241615647 -0.660972586
1770029718.439433 1.698133999 0.994598469 0.872039897 0.666797251 0.245209259 0.241671078 -0.660945486
1770029718.449918 1.699027801 0.994623336 0.872273589 0.666806566 0.245156571 0.241694003 -0.660947251
1770029718.460435 1.699906600 0.994634856 0.872518909 0.666813395 0.245105446 0.241692326 -0.660959935
1770029718.471059 1.700712964 0.994637589 0.872809642 0.666788647 0.245129184 0.241580290 -0.661017055
1770029718.481472 1.701569267 0.994654479 0.873111901 0.666785928 0.245055690 0.241521022 -0.661068704
1770029718.491903 1.702450353 0.994680344 0.873425398 0.666800337 0.244933423 0.241466662 -0.661119339
1770029718.502283 1.703343697 0.994709102 0.873743005 0.666832178 0.244804257 0.241384805 -0.661164956
1770029718.512675 1.704281812 0.994743927 0.874076618 0.666881284 0.244595764 0.241334353 -0.661211007
1770029718.523048 1.705175175 0.994761929 0.874413651 0.666932248 0.244409755 0.241228781 -0.661266908
1770029718.533525 1.706060021 0.994765028 0.874751612 0.666986511 0.244256996 0.241078706 -0.661323349
1770029718.543899 1.706897698 0.994752258 0.875106271 0.667034451 0.244161629 0.240838343 -0.661397787
1770029718.554347 1.707771290 0.994759211 0.875473781 0.667100826 0.243989740 0.240631137 -0.661469690
1770029718.564841 1.708707533 0.994775131 0.875867223 0.667188352 0.243751301 0.240428125 -0.661543138
1770029718.575351 1.709639708 0.994819272 0.876322053 0.667266260 0.243469610 0.240189856 -0.661654835
1770029718.585827 1.710592241 0.994855589 0.876782206 0.667366755 0.243126174 0.239953630 -0.661765467
1770029718.596322 1.711518375 0.994888684 0.877265012 0.667472460 0.242760266 0.239672024 -0.661895226
1770029718.606854 1.712418089 0.994895580 0.877733782 0.667586400 0.242422926 0.239349709 -0.662020574
1770029718.617525 1.713328558 0.994892457 0.878215892 0.667713379 0.242114029 0.238954440 -0.662148334
1770029718.628004 1.714251280 0.994914602 0.878707400 0.667859233 0.241751680 0.238565985 -0.662273691
1770029718.638464 1.715219711 0.994945551 0.879228652 0.668019717 0.241303120 0.238194375 -0.662409165
1770029718.648899 1.716178714 0.994990894 0.879796417 0.668172057 0.240846822 0.237767525 -0.662574912
1770029718.659241 1.717152290 0.995039425 0.880384424 0.668324381 0.240302486 0.237388406 -0.662754843
1770029718.669727 1.718119687 0.995083114 0.880969980 0.668496077 0.239756952 0.236964202 -0.662931042
1770029718.680184 1.719058061 0.995107831 0.881572554 0.668668431 0.239242792 0.236458789 -0.663123410
1770029718.690572 1.719961812 0.995114894 0.882167568 0.668847693 0.238745901 0.235909202 -0.663317426
1770029718.701236 1.720901695 0.995119887 0.882764151 0.669062344 0.238246681 0.235297408 -0.663497723
1770029718.712363 1.721921172 0.995151034 0.883401654 0.669287419 0.237621189 0.234747428 -0.663689811
1770029718.723533 1.723026496 0.995190043 0.884128502 0.669530160 0.236921065 0.234109000 -0.663920741
1770029718.734137 1.724061018 0.995232279 0.884834126 0.669757298 0.236212282 0.233509780 -0.664155179
1770029718.744517 1.725045817 0.995282943 0.885543828 0.669985430 0.235504302 0.232872184 -0.664400326
1770029718.754921 1.725984446 0.995302783 0.886230687 0.670224978 0.234836018 0.232172959 -0.664639933
1770029718.765282 1.726951539 0.995323600 0.886924720 0.670479405 0.234143804 0.231458283 -0.664876763
1770029718.775654 1.727890104 0.995323445 0.887626086 0.670741934 0.233472496 0.230665615 -0.665123467
1770029718.786115 1.728878664 0.995346337 0.888364426 0.671010501 0.232707098 0.229901640 -0.665385264
1770029718.796750 1.729919165 0.995400070 0.889189618 0.671278153 0.231809546 0.229126390 -0.665695932
1770029718.807304 1.730945465 0.995459305 0.889999183 0.671547652 0.230934872 0.228343313 -0.665997123
1770029718.818006 1.732020950 0.995525841 0.890842310 0.671847991 0.229969720 0.227522437 -0.666309047
1770029718.828769 1.733055066 0.995560673 0.891656061 0.672165207 0.229040158 0.226640505 -0.666609797
1770029718.839511 1.734086444 0.995582905 0.892499907 0.672489391 0.228074959 0.225698923 -0.666933151
1770029718.850208 1.735105430 0.995602908 0.893385962 0.672794127 0.227097034 0.224717840 -0.667290711
1770029718.860986 1.736134546 0.995631291 0.894307064 0.673104022 0.226073413 0.223693399 -0.667669867
1770029718.872384 1.737177827 0.995676631 0.895208664 0.673444202 0.225013935 0.222663181 -0.668029000
1770029718.883121 1.738320192 0.995716739 0.896150860 0.673845686 0.223851958 0.221531107 -0.668390799
1770029718.893703 1.739408152 0.995754005 0.897063784 0.674235195 0.222723744 0.220407831 -0.668746157
1770029718.904176 1.740457836 0.995791347 0.897994892 0.674589808 0.221568744 0.219320856 -0.669129468
1770029718.914724 1.741516642 0.995828324 0.898950401 0.674943148 0.220351590 0.218231642 -0.669531085
1770029718.925186 1.742566811 0.995878464 0.899942989 0.675313427 0.219122993 0.217016979 -0.669955611
1770029718.935839 1.743613246 0.995907357 0.900894761 0.675709721 0.217894631 0.215786553 -0.670353986
1770029718.946323 1.744641193 0.995927447 0.901851616 0.676124705 0.216673842 0.214456973 -0.670757807
1770029718.956950 1.745695870 0.995962654 0.902857545 0.676527784 0.215395819 0.213108398 -0.671192677
1770029718.967459 1.746793075 0.996012447 0.903920298 0.676930735 0.213989038 0.211763504 -0.671661886
1770029718.978068 1.747893865 0.996083588 0.904991667 0.677334341 0.212555597 0.210405844 -0.672136659
1770029718.988630 1.749013891 0.996143499 0.906051170 0.677777129 0.211057510 0.209002029 -0.672600210
1770029718.999395 1.750127340 0.996186418 0.907105564 0.678237160 0.209535620 0.207543776 -0.673063711
1770029719.010168 1.751273286 0.996226353 0.908220010 0.678698851 0.207920483 0.206023902 -0.673565954
1770029719.020665 1.752351550 0.996261601 0.909318302 0.679141165 0.206367327 0.204463728 -0.674072984
1770029719.031102 1.753435508 0.996303312 0.910432922 0.679593846 0.204761721 0.202856928 -0.674591661
1770029719.041687 1.754511052 0.996342348 0.911529421 0.680072426 0.203128810 0.201196992 -0.675099957
1770029719.052343 1.755601389 0.996369397 0.912618978 0.680577791 0.201487771 0.199450370 -0.675600547
1770029719.062975 1.756776016 0.996419664 0.913787645 0.681074258 0.199642169 0.197753758 -0.676146664
1770029719.073689 1.757976371 0.996482260 0.915000793 0.681585769 0.197716171 0.195959142 -0.676719417
1770029719.084206 1.759127568 0.996540125 0.916169115 0.682096314 0.195823271 0.194160870 -0.677273521
1770029719.094794 1.760294571 0.996601785 0.917350444 0.682630863 0.193853228 0.192290890 -0.677834969
1770029719.105215 1.761408202 0.996628362 0.918475080 0.683168178 0.191933325 0.190405517 -0.678372006
1770029719.115856 1.762552051 0.996671714 0.919693787 0.683690412 0.189892161 0.188428407 -0.678972108
1770029719.126432 1.763723276 0.996718629 0.920951016 0.684228201 0.187768922 0.186343971 -0.679595855
1770029719.137169 1.764886455 0.996783014 0.922210666 0.684779995 0.185597475 0.184190145 -0.680223439
1770029719.147872 1.765986642 0.996823056 0.923416737 0.685341552 0.183496223 0.181962033 -0.680827373
1770029719.158487 1.767166384 0.996876904 0.924701428 0.685895011 0.181224786 0.179707816 -0.681476860
1770029719.169016 1.768341627 0.996923863 0.925973090 0.686447195 0.178900607 0.177463807 -0.682122729
1770029719.179411 1.769543846 0.996985695 0.927246219 0.687013181 0.176517979 0.175167249 -0.682766964
1770029719.189748 1.770733869 0.997047392 0.928476813 0.687604669 0.174104149 0.172826699 -0.683387515
1770029719.200203 1.771900182 0.997091912 0.929694938 0.688210704 0.171664394 0.170387620 -0.684006888
1770029719.210691 1.773088587 0.997140037 0.930984205 0.688778001 0.169120544 0.167944279 -0.684673518
1770029719.221159 1.774284338 0.997189785 0.932310167 0.689352512 0.166501354 0.165376489 -0.685361970
1770029719.231705 1.775465713 0.997240291 0.933594115 0.689914663 0.163948086 0.162888051 -0.686007483
1770029719.242147 1.776678884 0.997293922 0.934880538 0.690490184 0.161422522 0.160386369 -0.686616551
1770029719.252543 1.777817599 0.997326166 0.936135699 0.691015645 0.159090268 0.157948217 -0.687197225
1770029719.262951 1.778976645 0.997369226 0.937483424 0.691476130 0.156763247 0.155538828 -0.687818086
1770029719.273407 1.780192806 0.997426964 0.938817567 0.691945038 0.154411537 0.153215450 -0.688399715
1770029719.283777 1.781421346 0.997486502 0.940119913 0.692411666 0.152081903 0.151004681 -0.688937418
1770029719.294568 1.782683204 0.997556100 0.941429411 0.692878781 0.149782544 0.148796491 -0.689451803
1770029719.305571 1.784015750 0.997599578 0.942845630 0.693336937 0.147384387 0.146483662 -0.690003095
1770029719.316039 1.785253875 0.997652891 0.944220530 0.693728517 0.145159808 0.144319088 -0.690537020
1770029719.326752 1.786481097 0.997704478 0.945572246 0.694111458 0.143013162 0.142185345 -0.691042579
1770029719.337546 1.787732105 0.997770824 0.946941852 0.694499898 0.140860846 0.140028916 -0.691534537
1770029719.348216 1.788968024 0.997819844 0.948297430 0.694871450 0.138769841 0.137906020 -0.692010498
1770029719.359095 1.790287366 0.997872866 0.949778731 0.695203902 0.136561387 0.135762687 -0.692539541
1770029719.369821 1.791521028 0.997919742 0.951181876 0.695521590 0.134536166 0.133674168 -0.693023055
1770029719.380658 1.792728160 0.997967147 0.952561435 0.695823518 0.132604957 0.131602048 -0.693488615
1770029719.391383 1.794034121 0.998023878 0.953932980 0.696159155 0.130588979 0.129577746 -0.693915382
1770029719.402121 1.795319042 0.998067370 0.955298773 0.696459415 0.128633262 0.127656186 -0.694335412
1770029719.412826 1.796636040 0.998122320 0.956720833 0.696712489 0.126653972 0.125804119 -0.694783277
1770029719.423451 1.797929170 0.998176573 0.958100035 0.696973506 0.124723313 0.123971820 -0.695199981
1770029719.434293 1.799233792 0.998236432 0.959464028 0.697258009 0.122773750 0.122140202 -0.695585829
1770029719.445002 1.800530982 0.998284882 0.960818944 0.697534532 0.120887029 0.120286697 -0.695961934
1770029719.455906 1.801809646 0.998324630 0.962188647 0.697766443 0.119032846 0.118511322 -0.696353530
1770029719.466674 1.803144954 0.998377524 0.963651419 0.697930667 0.117205709 0.116809998 -0.696786216
1770029719.477236 1.804387777 0.998424361 0.965014119 0.698050185 0.115654699 0.115281610 -0.697180091
1770029719.487728 1.805640750 0.998464487 0.966345432 0.698154163 0.114212345 0.113867556 -0.697546044
1770029719.498358 1.806846425 0.998487696 0.967665990 0.698198402 0.112959937 0.112541949 -0.697920736
1770029719.508939 1.808110848 0.998532358 0.969070096 -0.698161494 -0.111732812 -0.111367111 0.698343521
1770029719.519623 1.809394252 0.998576560 0.970455242 -0.698099732 -0.110562426 -0.110383498 0.698747592
1770029719.530333 1.810698122 0.998616550 0.971848434 -0.698008541 -0.109500915 -0.109463267 0.699150498
1770029719.541013 1.811999493 0.998670208 0.973213973 -0.697895378 -0.108532382 -0.108718720 0.699530559
1770029719.551872 1.813270951 0.998710724 0.974568134 -0.697745652 -0.107729805 -0.108057762 0.699906290
1770029719.562703 1.814595245 0.998741853 0.975991325 -0.697532067 -0.106970282 -0.107538980 0.700315459
1770029719.573454 1.815848429 0.998763954 0.977372718 -0.697276075 -0.106407634 -0.107123994 0.700719587
1770029719.584014 1.817098668 0.998804213 0.978779313 -0.696971994 -0.105949407 -0.106817462 0.701138212
1770029719.594543 1.818340082 0.998844222 0.980148140 -0.696659239 -0.105583313 -0.106649241 0.701529763
1770029719.605031 1.819522759 0.998867126 0.981424954 -0.696354018 -0.105339090 -0.106576881 0.701880422
1770029719.615597 1.820740029 0.998878530 0.982757186 -0.696013002 -0.105092090 -0.106535267 0.702261910
1770029719.626358 1.821969779 0.998892145 0.984115707 -0.695632573 -0.104854722 -0.106536438 0.702674034
1770029719.637390 1.823247022 0.998920987 0.985541629 -0.695219839 -0.104559786 -0.106606646 0.703115674
1770029719.648091 1.824502676 0.998948457 0.986925172 -0.694812260 -0.104278081 -0.106674204 0.703550012
1770029719.658535 1.825704658 0.998975232 0.988211659 -0.694432655 -0.104001851 -0.106742756 0.703955173
1770029719.669208 1.826909080 0.998988801 0.989512318 -0.694042374 -0.103720785 -0.106813827 0.704370633
1770029719.679828 1.828097129 0.998993114 0.990824431 -0.693636046 -0.103411684 -0.106869463 0.704807760
1770029719.690304 1.829255042 0.998999073 0.992163532 -0.693188531 -0.103113132 -0.106943278 0.705280425
1770029719.700959 1.830402735 0.999002772 0.993486893 -0.692738766 -0.102833490 -0.107010067 0.705752875
1770029719.711602 1.831566831 0.999011503 0.994812208 -0.692286068 -0.102504468 -0.107115912 0.706228727
1770029719.722573 1.832746174 0.999012922 0.996112279 -0.691856004 -0.102195851 -0.107219173 0.706679083
1770029719.733417 1.833856138 0.999006132 0.997381680 -0.691428023 -0.101876744 -0.107314290 0.707129451
1770029719.744239 1.834987283 0.998999095 0.998717988 -0.690952400 -0.101566750 -0.107421965 0.707622426
1770029719.755117 1.836078337 0.998990176 0.999996447 -0.690496840 -0.101209492 -0.107565180 0.708096381
1770029719.765615 1.837234302 0.998991567 1.001337754 -0.690021978 -0.100791435 -0.107754004 0.708590031
1770029719.776070 1.838334372 0.998986937 1.002601393 -0.689573771 -0.100417254 -0.107960216 0.709047940
1770029719.786718 1.839420163 0.998977514 1.003834507 -0.689152268 -0.100040309 -0.108210288 0.709472777
1770029719.797389 1.840487744 0.998953697 1.005081600 -0.688720538 -0.099675146 -0.108458497 0.709905375
1770029719.808625 1.841582815 0.998925091 1.006386230 -0.688260453 -0.099297315 -0.108738943 0.710361482
1770029719.819412 1.842657054 0.998897124 1.007714556 -0.687782207 -0.098907997 -0.109028144 0.710834515
1770029719.830542 1.843676884 0.998875884 1.009013808 -0.687304385 -0.098545960 -0.109304207 0.711304412
1770029719.841130 1.844714906 0.998851443 1.010338715 -0.686828201 -0.098135853 -0.109589271 0.711777050
1770029719.851853 1.845671821 0.998822009 1.011574052 -0.686389233 -0.097777833 -0.109848116 0.712209735
1770029719.862451 1.846658009 0.998794245 1.012844037 -0.685946428 -0.097353613 -0.110130226 0.712650760
1770029719.873350 1.847584705 0.998756072 1.014086867 -0.685520591 -0.096935240 -0.110365735 0.713080979
1770029719.884189 1.848567868 0.998717494 1.015427849 -0.685050707 -0.096460168 -0.110632957 0.713555403
1770029719.894644 1.849516609 0.998679266 1.016721936 -0.684602811 -0.095962565 -0.110921146 0.714007477
1770029719.905121 1.850415603 0.998640829 1.017972343 -0.684172108 -0.095498183 -0.111195611 0.714439753
1770029719.915653 1.851358561 0.998599001 1.019269416 -0.683742597 -0.094999858 -0.111542733 0.714863139
1770029719.926001 1.852247811 0.998551885 1.020505936 -0.683349850 -0.094516710 -0.111860023 0.715253039
1770029719.936427 1.853096857 0.998496918 1.021749630 -0.682959175 -0.094040887 -0.112158923 0.715641986
1770029719.946845 1.853939895 0.998435149 1.023007195 -0.682559071 -0.093560207 -0.112445518 0.716041624
1770029719.957383 1.854791911 0.998375590 1.024325183 -0.682117277 -0.093064939 -0.112750965 0.716479000
1770029719.968043 1.855626047 0.998315921 1.025652999 -0.681665192 -0.092605917 -0.113060951 0.716919753
1770029719.978568 1.856456900 0.998255109 1.027024260 -0.681188094 -0.092150405 -0.113357898 0.717384883
1770029719.989019 1.857253316 0.998196994 1.028363103 -0.680716757 -0.091739434 -0.113661002 0.717836855
1770029719.999643 1.858013743 0.998138731 1.029660480 -0.680264305 -0.091362587 -0.113942924 0.718269005
1770029720.010341 1.858804839 0.998078781 1.031088900 -0.679750648 -0.090939815 -0.114246204 0.718760608
1770029720.020801 1.859549134 0.998018989 1.032471620 -0.679256800 -0.090561170 -0.114560573 0.719225103
1770029720.031219 1.860272214 0.997960189 1.033900990 -0.678738618 -0.090154495 -0.114860402 0.719717406
1770029720.041683 1.861035590 0.997910193 1.035356112 -0.678255884 -0.089677473 -0.115232035 0.720172538
1770029720.052379 1.861791042 0.997859575 1.036796623 -0.677810543 -0.089194298 -0.115642249 0.720585953
1770029720.063090 1.862598551 0.997813282 1.038305240 -0.677400425 -0.088588225 -0.116075572 0.720976596
1770029720.074068 1.863378699 0.997752248 1.039792472 -0.677032755 -0.087990210 -0.116536459 0.721320750
1770029720.085167 1.864184383 0.997687509 1.041366828 -0.676677170 -0.087327104 -0.117036421 0.721653976
1770029720.096099 1.864977277 0.997618507 1.042989142 -0.676298132 -0.086658919 -0.117535045 0.722008713
1770029720.106858 1.865746496 0.997561833 1.044582198 -0.675945125 -0.085995393 -0.118039482 0.722336252
1770029720.117482 1.866523698 0.997511043 1.046169141 -0.675646408 -0.085291320 -0.118542709 0.722616736
1770029720.127929 1.867287454 0.997461777 1.047713866 -0.675384778 -0.084594492 -0.119048801 0.722859984
1770029720.138580 1.868041528 0.997404240 1.049284637 -0.675135706 -0.083887835 -0.119554181 0.723091562
1770029720.149225 1.868800039 0.997342239 1.050917377 -0.674871571 -0.083155042 -0.120043148 0.723341720
1770029720.159855 1.869586130 0.997291860 1.052665735 -0.674550561 -0.082393944 -0.120566854 0.723641080
1770029720.170658 1.870348972 0.997235845 1.054333457 -0.674301832 -0.081672664 -0.121079670 0.723869000
1770029720.181499 1.871137290 0.997180209 1.056074622 -0.674046535 -0.080920338 -0.121602305 0.724103616
1770029720.192232 1.871971919 0.997139644 1.057820580 -0.673846299 -0.080126440 -0.122190910 0.724279159
1770029720.202831 1.872791780 0.997094654 1.059543270 -0.673668549 -0.079332482 -0.122764781 0.724434850
1770029720.213727 1.873650941 0.997036551 1.061371259 -0.673440529 -0.078502991 -0.123357561 0.724636493
1770029720.224734 1.874536385 0.996988437 1.063294200 -0.673198734 -0.077678542 -0.123980629 0.724843646
1770029720.235528 1.875384924 0.996954557 1.065172374 -0.672996943 -0.076880367 -0.124584668 0.725012541
1770029720.246248 1.876242892 0.996914587 1.067033955 -0.672836819 -0.076084386 -0.125181982 0.725142229
1770029720.256826 1.877102697 0.996880496 1.068944172 -0.672666786 -0.075273362 -0.125770793 0.725282720
1770029720.267374 1.877952345 0.996834672 1.070833979 -0.672518591 -0.074490903 -0.126352030 0.725399900
1770029720.277999 1.878813650 0.996791069 1.072792782 -0.672318051 -0.073699458 -0.126911766 0.725568902
1770029720.288638 1.879678597 0.996756533 1.074791457 -0.672153767 -0.072899972 -0.127453788 0.725706855
1770029720.299497 1.880579632 0.996738973 1.076749865 -0.672037635 -0.072117360 -0.128047926 0.725788008
1770029720.310530 1.881575613 0.996709197 1.078856030 -0.671910808 -0.071251670 -0.128709210 0.725873959
1770029720.321412 1.882581296 0.996673282 1.080986669 -0.671784575 -0.070395204 -0.129354540 0.725959643
1770029720.332263 1.883591724 0.996642967 1.083122622 -0.671664748 -0.069554752 -0.129998308 0.726036530
1770029720.343042 1.884595321 0.996623890 1.085228015 -0.671575992 -0.068741413 -0.130637830 0.726081306
1770029720.354055 1.885594860 0.996606808 1.087349185 -0.671526782 -0.067982296 -0.131271894 0.726083933
1770029720.365073 1.886638113 0.996597152 1.089598534 -0.671402920 -0.067176263 -0.131889178 0.726161631
1770029720.376102 1.887663734 0.996570484 1.091863182 -0.671285608 -0.066415663 -0.132467453 0.726234788
1770029720.386875 1.888766765 0.996543812 1.094129822 -0.671209004 -0.065643692 -0.133125027 0.726255537
1770029720.397583 1.889880865 0.996530998 1.096305665 -0.671197400 -0.064873596 -0.133769774 0.726216988
1770029720.408226 1.890985901 0.996524343 1.098472208 -0.671199983 -0.064131710 -0.134396779 0.726164729
1770029720.418830 1.892154752 0.996512560 1.100726080 -0.671220204 -0.063358701 -0.135050508 0.726092607
1770029720.429420 1.893267484 0.996491544 1.102958802 -0.671230316 -0.062638410 -0.135623328 0.726038983
1770029720.440248 1.894382784 0.996484396 1.105262476 -0.671219015 -0.061976699 -0.136187306 0.726000648
1770029720.450993 1.895574456 0.996493148 1.107537727 -0.671281592 -0.061293005 -0.136774527 0.725890433
1770029720.462157 1.896836337 0.996499753 1.109888124 -0.671328761 -0.060560422 -0.137397768 0.725790591
1770029720.472922 1.898103176 0.996498094 1.112208406 -0.671423525 -0.059893602 -0.138036345 0.725637081
1770029720.483471 1.899388417 0.996492592 1.114603467 -0.671483142 -0.059269074 -0.138676255 0.725511173
1770029720.493925 1.900617603 0.996501422 1.116954000 -0.671513489 -0.058710707 -0.139254121 0.725417795
1770029720.504311 1.901765940 0.996519751 1.119161041 -0.671633742 -0.058250953 -0.139745184 0.725249079
1770029720.514724 1.903053955 0.996530195 1.121436496 -0.671778665 -0.057687701 -0.140299491 0.725052830
1770029720.525175 1.904376192 0.996525509 1.123739051 -0.671937432 -0.057144227 -0.140844834 0.724842989
1770029720.535572 1.905690807 0.996519206 1.126046958 -0.672068455 -0.056644491 -0.141365486 0.724659363
1770029720.546002 1.907015256 0.996533358 1.128351057 -0.672248149 -0.056196950 -0.141895349 0.724423936
1770029720.556587 1.908295057 0.996564667 1.130637279 -0.672488520 -0.055849264 -0.142365838 0.724135359
1770029720.567814 1.909677774 0.996587149 1.133052165 -0.672691658 -0.055483346 -0.142856277 0.723878178
1770029720.578391 1.911094465 0.996595156 1.135474577 -0.672883788 -0.055143807 -0.143377550 0.723622447
1770029720.588885 1.912544770 0.996605385 1.137904714 -0.673094033 -0.054823443 -0.143891695 0.723349150
1770029720.599266 1.913919647 0.996627579 1.140192625 -0.673321830 -0.054611039 -0.144354649 0.723060912
1770029720.609717 1.915256388 0.996665869 1.142462730 -0.673550008 -0.054469344 -0.144760668 0.722777854
1770029720.620541 1.916644332 0.996709269 1.144735540 -0.673891101 -0.054352505 -0.145130625 0.722394415
1770029720.631095 1.918112314 0.996725037 1.147122629 -0.674187301 -0.054253406 -0.145570007 0.722036997
1770029720.641798 1.919612389 0.996686669 1.149633067 -0.674418957 -0.054176259 -0.146019082 0.721735707
1770029720.652336 1.921036749 0.996649295 1.152016239 -0.674755630 -0.054200671 -0.146428069 0.721336224
1770029720.663088 1.922487271 0.996686470 1.154384962 -0.675113817 -0.054284943 -0.146767762 0.720925587
1770029720.673789 1.923918308 0.996846928 1.156452742 -0.675568132 -0.054479164 -0.146998743 0.720438123
1770029720.684309 1.925379152 0.997172473 1.158178684 -0.676103074 -0.054706600 -0.147196709 0.719878428
1770029720.694949 1.926909344 0.997684553 1.159607503 -0.676823050 -0.054960733 -0.147319196 0.719157098
1770029720.705508 1.928380510 0.998311187 1.160733845 -0.677785191 -0.055220265 -0.147266849 0.718241208
1770029720.716164 1.929842097 0.998992644 1.161720841 -0.679066089 -0.055413574 -0.146979310 0.717074379
1770029720.726705 1.931319033 0.999701429 1.162580262 -0.680688856 -0.055527395 -0.146431997 0.715637520
1770029720.737233 1.932815952 1.000367936 1.163395091 -0.682392570 -0.055520276 -0.145763877 0.714150385
1770029720.747666 1.934338126 1.001030954 1.164169939 -0.684228556 -0.055402794 -0.144902222 0.712576424
1770029720.758075 1.935843970 1.001678379 1.164916431 -0.686099630 -0.055205187 -0.143899377 0.710994131
1770029720.768744 1.937323339 1.002336835 1.165693421 -0.687981120 -0.055005467 -0.142696677 0.709432193
1770029720.779194 1.938764841 1.003006845 1.166501573 -0.689875982 -0.054777499 -0.141264824 0.707894628
1770029720.789634 1.940263916 1.003654366 1.167337621 -0.691702342 -0.054421066 -0.139756759 0.706437729
1770029720.800001 1.941756786 1.004282974 1.168211887 -0.693406464 -0.054002846 -0.138155918 0.705112836
1770029720.810377 1.943268234 1.004899428 1.169111213 -0.695079860 -0.053496752 -0.136414327 0.703841755
1770029720.820757 1.944733778 1.005496153 1.170001302 -0.696711696 -0.052996921 -0.134516270 0.702630423
1770029720.831063 1.946144558 1.006081418 1.170932015 -0.698224879 -0.052488289 -0.132496756 0.701549433
1770029720.841510 1.947554117 1.006682922 1.171905830 -0.699751727 -0.051962099 -0.130307586 0.700476548
1770029720.851890 1.948997457 1.007259705 1.172915200 0.701123781 0.051374149 0.128180330 -0.699539808
1770029720.862274 1.950510838 1.007832202 1.174023790 0.702368564 0.050696811 0.126080421 -0.698721662
1770029720.873025 1.951979096 1.008386189 1.175080057 0.703641343 0.050072906 0.123969285 -0.697863296
1770029720.883611 1.953509634 1.008946851 1.176231508 0.704855763 0.049443845 0.121815561 -0.697061424
1770029720.894082 1.954973898 1.009489207 1.177356898 0.706017910 0.048866185 0.119752172 -0.696283149
1770029720.904546 1.956377206 1.010022015 1.178467460 0.707160216 0.048332958 0.117699965 -0.695510656
1770029720.915272 1.957883391 1.010551320 1.179682790 0.708169542 0.047711401 0.115739728 -0.694855263
1770029720.925940 1.959438097 1.011074499 1.180926091 0.709193674 0.047074239 0.113789647 -0.694175961
1770029720.936445 1.960982611 1.011575723 1.182124047 0.710212040 0.046454004 0.111902885 -0.693482969
1770029720.946950 1.962508702 1.012058237 1.183337875 0.711164514 0.045835301 0.110058746 -0.692842862
1770029720.957456 1.964008523 1.012527404 1.184546582 0.712137229 0.045232800 0.108226192 -0.692171692
1770029720.967947 1.965493010 1.013000708 1.185743302 0.713124951 0.044653057 0.106378013 -0.691478580
1770029720.978481 1.966955224 1.013469553 1.187022637 0.713998639 0.044079389 0.104549428 -0.690892443
1770029720.988935 1.968466763 1.013914036 1.188280624 0.714898185 0.043465277 0.102775481 -0.690267018
1770029720.999335 1.969990399 1.014345193 1.189491705 0.715808638 0.042836524 0.101059666 -0.689615813
1770029721.009994 1.971546975 1.014760423 1.190765623 0.716661064 0.042181658 0.099375881 -0.689015284
1770029721.020688 1.973090868 1.015181412 1.192024815 0.717597186 0.041574526 0.097629102 -0.688327245
1770029721.031384 1.974626462 1.015598452 1.193304859 0.718483150 0.040966857 0.095934642 -0.687677413
1770029721.041939 1.976144666 1.016006500 1.194631417 0.719291536 0.040364358 0.094247779 -0.687100983
1770029721.052442 1.977619891 1.016402850 1.195910876 0.720132262 0.039800971 0.092559077 -0.686482502
1770029721.063016 1.979108684 1.016780779 1.197196576 0.720924723 0.039214462 0.090940329 -0.685900595
1770029721.073693 1.980650560 1.017146250 1.198502726 0.721725060 0.038605892 0.089319458 -0.685306177
1770029721.084210 1.982187907 1.017503848 1.199814094 0.722511899 0.038009594 0.087740117 -0.684714173
1770029721.094725 1.983709856 1.017858470 1.201138652 0.723261150 0.037422738 0.086201329 -0.684150699
1770029721.105768 1.985232831 1.018199728 1.202507896 0.723933649 0.036835416 0.084675047 -0.683661730
1770029721.116735 1.986799249 1.018549339 1.203927728 0.724651224 0.036234451 0.083055650 -0.683132071
1770029721.127495 1.988304435 1.018874380 1.205276266 0.725360311 0.035652627 0.081505289 -0.682596658
1770029721.138281 1.989817510 1.019191533 1.206658569 0.726013733 0.035080682 0.079982149 -0.682111620
1770029721.149040 1.991283511 1.019508297 1.208047146 0.726651453 0.034554118 0.078464741 -0.681635507
1770029721.159766 1.992818390 1.019805989 1.209478473 0.727227173 0.033960737 0.077033819 -0.681214429
1770029721.170707 1.994311495 1.020086309 1.210849458 0.727777425 0.033400792 0.075653350 -0.680809061
1770029721.181355 1.995877164 1.020359773 1.212298213 0.728331935 0.032805303 0.074253409 -0.680399027
1770029721.191979 1.997386825 1.020613278 1.213671228 0.728891997 0.032238319 0.072913789 -0.679971122
1770029721.202916 1.998861220 1.020865820 1.215058533 0.729412548 0.031699448 0.071568694 -0.679581049
1770029721.213702 2.000380230 1.021111528 1.216559939 0.729835191 0.031138827 0.070277739 -0.679287868
1770029721.224459 2.001848174 1.021359104 1.218014265 0.730289684 0.030624353 0.068932264 -0.678960580
1770029721.234914 2.003238466 1.021577094 1.219385597 0.730725829 0.030138484 0.067657044 -0.678641259
1770029721.245301 2.004636962 1.021790533 1.220793360 0.731144596 0.029657951 0.066373962 -0.678338030
1770029721.255780 2.006045648 1.021990896 1.222173372 0.731551697 0.029150309 0.065129743 -0.678041658
1770029721.266181 2.007501542 1.022178905 1.223593545 0.731917595 0.028605616 0.063961412 -0.677781153
1770029721.276655 2.008956189 1.022356453 1.225033001 0.732253335 0.028072503 0.062794148 -0.677549912
1770029721.287063 2.010362867 1.022518524 1.226450132 0.732549742 0.027559518 0.061650409 -0.677355576
1770029721.297531 2.011762876 1.022685902 1.227865917 0.732894684 0.027079990 0.060476816 -0.677107533
1770029721.308272 2.013159669 1.022835223 1.229262492 0.733224571 0.026600219 0.059356026 -0.676868539
1770029721.318952 2.014607000 1.022980752 1.230740364 0.733486955 0.026086840 0.058235146 -0.676701582
1770029721.329456 2.015996040 1.023118323 1.232189771 0.733746063 0.025618563 0.057127368 -0.676532976
1770029721.339960 2.017380750 1.023251420 1.233648701 0.733989847 0.025154093 0.056016553 -0.676378830
1770029721.350417 2.018714737 1.023381763 1.235063535 0.734234497 0.024741710 0.054922037 -0.676218250
1770029721.361290 2.020123417 1.023477020 1.236534878 0.734413800 0.024247858 0.053898291 -0.676123795
1770029721.371990 2.021568636 1.023571434 1.238011807 0.734621749 0.023768008 0.052865588 -0.675996447
1770029721.382548 2.022949182 1.023655087 1.239437155 0.734827763 0.023313559 0.051866618 -0.675865735
1770029721.393168 2.024353612 1.023738679 1.240939940 0.734969216 0.022851833 0.050875140 -0.675803052
1770029721.403769 2.025662935 1.023812555 1.242354523 0.735077169 0.022419180 0.049913210 -0.675771860
1770029721.414319 2.027064476 1.023870697 1.243848611 0.735170692 0.021955631 0.048975676 -0.675753940
1770029721.424850 2.028397262 1.023922475 1.245256792 0.735320701 0.021545847 0.048032794 -0.675671587
1770029721.435252 2.029689340 1.023967690 1.246652493 0.735443217 0.021164082 0.047111780 -0.675615154
1770029721.445673 2.031007032 1.024006813 1.248102834 0.735514531 0.020763779 0.046203787 -0.675612648
1770029721.456388 2.032276449 1.024046179 1.249548039 0.735556256 0.020407672 0.045313482 -0.675638372
1770029721.467550 2.033648720 1.024065817 1.251042829 0.735587863 0.019991458 0.044434838 -0.675674761
1770029721.478407 2.035040477 1.024067051 1.252517436 0.735649719 0.019569123 0.043561978 -0.675676620
1770029721.488986 2.036412263 1.024052574 1.253974486 0.735695196 0.019160006 0.042723992 -0.675692337
1770029721.499490 2.037716376 1.024042868 1.255388614 0.735708735 0.018769665 0.041911244 -0.675739450
1770029721.510219 2.039008066 1.024024893 1.256830777 0.735693387 0.018407452 0.041142844 -0.675813341
1770029721.520823 2.040313913 1.024004612 1.258292578 0.735662551 0.018057019 0.040355043 -0.675903858
1770029721.531308 2.041576333 1.023971432 1.259697709 0.735628391 0.017713025 0.039588014 -0.675995494
1770029721.541955 2.042863457 1.023926613 1.261129951 0.735584603 0.017385609 0.038837945 -0.676095146
1770029721.552603 2.044086575 1.023882797 1.262492596 0.735562199 0.017080400 0.038080574 -0.676170379
1770029721.563388 2.045363163 1.023822729 1.263912846 0.735491599 0.016738075 0.037366419 -0.676295568
1770029721.574833 2.046677366 1.023765649 1.265432103 0.735423226 0.016451882 0.036566030 -0.676420682
1770029721.585750 2.047951138 1.023692082 1.266899012 0.735300336 0.016137181 0.035823294 -0.676601581
1770029721.596497 2.049262309 1.023596571 1.268332230 0.735166726 0.015787017 0.035155450 -0.676790034
1770029721.607408 2.050552636 1.023486437 1.269714559 0.735060468 0.015444947 0.034529615 -0.676945543
1770029721.618205 2.051842925 1.023376236 1.271111163 0.734944682 0.015097384 0.033880623 -0.677111872
1770029721.628722 2.053063283 1.023269332 1.272468873 0.734828386 0.014797586 0.033234322 -0.677276719
1770029721.639141 2.054256046 1.023155079 1.273815018 0.734695142 0.014525142 0.032621478 -0.677456942
1770029721.649536 2.055430216 1.023042901 1.275170726 0.734497552 0.014245644 0.032028675 -0.677705373
1770029721.659870 2.056605638 1.022913333 1.276514027 0.734283810 0.013963418 0.031468056 -0.677969078
1770029721.670245 2.057751077 1.022785722 1.277799058 0.734130333 0.013723501 0.030885862 -0.678166929
1770029721.680623 2.058892086 1.022647105 1.279075362 0.733980961 0.013475623 0.030296857 -0.678360123
1770029721.690996 2.060030294 1.022502254 1.280346606 0.733829234 0.013237407 0.029721942 -0.678554369
1770029721.701373 2.061114003 1.022364545 1.281585444 0.733674459 0.013047608 0.029156041 -0.678749934
1770029721.711981 2.062284172 1.022194962 1.282907955 0.733430895 0.012790232 0.028646993 -0.679039676
1770029721.722869 2.063496671 1.022017832 1.284267198 0.733175846 0.012541612 0.028137903 -0.679340964
1770029721.733318 2.064659366 1.021833835 1.285532266 0.732932904 0.012284417 0.027659504 -0.679627400
1770029721.744235 2.065857552 1.021637106 1.286823012 0.732695954 0.012019144 0.027173559 -0.679907183
1770029721.755134 2.067006693 1.021442007 1.288076544 0.732474102 0.011805499 0.026688438 -0.680169131
1770029721.765737 2.068147863 1.021242825 1.289315628 0.732209026 0.011570003 0.026252400 -0.680475487
1770029721.776489 2.069287594 1.021032733 1.290566736 0.731933648 0.011351115 0.025797535 -0.680792754
1770029721.787094 2.070400220 1.020822691 1.291802787 0.731643656 0.011156217 0.025374321 -0.681123515
1770029721.797657 2.071499437 1.020614827 1.293049008 0.731331980 0.010974720 0.024949485 -0.681476789
1770029721.808063 2.072566668 1.020401827 1.294248313 0.731015627 0.010796256 0.024537407 -0.681833931
1770029721.818693 2.073628443 1.020184383 1.295402527 0.730740276 0.010650679 0.024133596 -0.682145719
1770029721.829231 2.074689889 1.019955057 1.296563288 0.730457600 0.010510515 0.023718382 -0.682465137
1770029721.839774 2.075730141 1.019727375 1.297703907 0.730162564 0.010381882 0.023326709 -0.682796245
1770029721.850196 2.076791868 1.019486052 1.298830389 0.729857401 0.010236210 0.022986668 -0.683136156
1770029721.860646 2.077894801 1.019219047 1.299970123 0.729515197 0.010023460 0.022676335 -0.683515099
1770029721.871008 2.078946695 1.018967592 1.301068574 0.729191559 0.009863995 0.022373730 -0.683872640
1770029721.881640 2.080000380 1.018710201 1.302195690 0.728834139 0.009717433 0.022076154 -0.684265309
1770029721.892398 2.081041850 1.018451267 1.303295819 0.728485782 0.009573548 0.021747923 -0.684648698
1770029721.903654 2.082121757 1.018175957 1.304397652 0.728160194 0.009446738 0.021406760 -0.685007475
1770029721.914805 2.083223165 1.017895453 1.305496582 0.727812578 0.009275982 0.021086862 -0.685389052
1770029721.925805 2.084278598 1.017632899 1.306534631 0.727474926 0.009124701 0.020777373 -0.685758903
1770029721.936729 2.085344291 1.017367321 1.307568064 0.727126380 0.008979870 0.020478185 -0.686139368
1770029721.947605 2.086392623 1.017115722 1.308574699 0.726782099 0.008846954 0.020160532 -0.686515160
1770029721.958054 2.087405096 1.016872683 1.309532462 0.726438901 0.008712351 0.019872193 -0.686888429
1770029721.968714 2.088376550 1.016652075 1.310453257 0.726115654 0.008603609 0.019558471 -0.687240497
1770029721.979322 2.089372298 1.016424978 1.311382210 0.725772324 0.008494061 0.019251152 -0.687613102
1770029721.989803 2.090377928 1.016193418 1.312240301 0.725454057 0.008347102 0.018978530 -0.687958249
1770029722.000806 2.091381309 1.015965186 1.313050920 0.725180580 0.008208753 0.018707002 -0.688255615
1770029722.011449 2.092473437 1.015716855 1.313900068 0.724875764 0.008024018 0.018442909 -0.688585943
1770029722.021989 2.093455807 1.015510270 1.314655086 0.724615020 0.007895914 0.018168114 -0.688869107
1770029722.032611 2.094445565 1.015302099 1.315410681 0.724348402 0.007772272 0.017889488 -0.689158147
1770029722.043194 2.095443647 1.015094321 1.316140933 0.724085152 0.007645451 0.017626908 -0.689442914
1770029722.053813 2.096420631 1.014893669 1.316834282 0.723842200 0.007530379 0.017370178 -0.689705764
1770029722.064435 2.097416268 1.014684470 1.317532275 0.723565954 0.007400171 0.017143452 -0.690002645
1770029722.075213 2.098396431 1.014494013 1.318203135 0.723306671 0.007306953 0.016889143 -0.690281700
1770029722.085681 2.099330995 1.014307712 1.318842402 0.723055601 0.007239362 0.016657150 -0.690551033
1770029722.096340 2.100279552 1.014121493 1.319469673 0.722786275 0.007154698 0.016416795 -0.690839562
1770029722.107110 2.101248440 1.013934639 1.320057789 0.722553672 0.007068091 0.016164992 -0.691089665
1770029722.117598 2.102208122 1.013752507 1.320608439 0.722330907 0.006962995 0.015925876 -0.691329114
1770029722.128354 2.103144721 1.013585860 1.321131270 0.722126800 0.006887294 0.015653549 -0.691549287
1770029722.138862 2.104112297 1.013408540 1.321634121 0.721930821 0.006763981 0.015404106 -0.691760689
1770029722.149490 2.105089755 1.013224631 1.322113931 0.721724900 0.006636931 0.015177870 -0.691981757
1770029722.160103 2.106055596 1.013041237 1.322570710 0.721508117 0.006492464 0.014977704 -0.692213517
1770029722.170742 2.107016663 1.012872239 1.323015408 0.721291080 0.006385865 0.014764152 -0.692445246
1770029722.181337 2.107950364 1.012711961 1.323429778 0.721086174 0.006291422 0.014525025 -0.692664545
1770029722.191932 2.108892029 1.012539933 1.323832087 0.720866180 0.006184817 0.014319780 -0.692898724
1770029722.202374 2.109783180 1.012387790 1.324193671 0.720667180 0.006098809 0.014101731 -0.693110930
1770029722.212973 2.110715067 1.012228489 1.324558398 0.720436241 0.005977628 0.013889410 -0.693356312
1770029722.223407 2.111627583 1.012071286 1.324889228 0.720217451 0.005876934 0.013687719 -0.693588446
1770029722.233983 2.112516399 1.011922938 1.325210152 0.719994472 0.005801373 0.013486208 -0.693824492
1770029722.246567 2.113424767 1.011772762 1.325507193 0.719772169 0.005714786 0.013290923 -0.694059592
1770029722.257424 2.114501537 1.011596153 1.325836112 0.719498646 0.005614090 0.013083142 -0.694347904
1770029722.268091 2.115423084 1.011448941 1.326055603 0.719297377 0.005520705 0.012905545 -0.694560474
1770029722.278728 2.116292355 1.011315014 1.326267630 0.719100100 0.005459843 0.012700448 -0.694768980
1770029722.289297 2.117179851 1.011178189 1.326447059 0.718915646 0.005387300 0.012512885 -0.694963811
1770029722.299983 2.118072731 1.011033254 1.326598971 0.718740005 0.005303411 0.012339425 -0.695149205
1770029722.310684 2.118995046 1.010883189 1.326751648 0.718546370 0.005187768 0.012178046 -0.695353073
1770029722.321467 2.119922967 1.010733422 1.326866320 0.718360657 0.005073108 0.012012861 -0.695548647
1770029722.332156 2.120813751 1.010595213 1.326959382 0.718182623 0.004986196 0.011844576 -0.695735987
1770029722.342712 2.121686382 1.010468219 1.327035122 0.718003503 0.004893450 0.011685146 -0.695924193
1770029722.353202 2.122536270 1.010345406 1.327084478 0.717830064 0.004811388 0.011510202 -0.696106576
1770029722.363812 2.123401524 1.010213746 1.327106638 0.717659999 0.004705686 0.011343480 -0.696285364
1770029722.374528 2.124270930 1.010085459 1.327119831 0.717481088 0.004608580 0.011186543 -0.696472908
1770029722.385299 2.125129179 1.009964941 1.327101908 0.717318042 0.004535338 0.011008178 -0.696644154
1770029722.395989 2.125987000 1.009844580 1.327058966 0.717170042 0.004468653 0.010841341 -0.696799560
1770029722.406924 2.126839009 1.009730902 1.326988787 0.717028120 0.004405635 0.010671606 -0.696948622
1770029722.417465 2.127676879 1.009617205 1.326904695 0.716887720 0.004360402 0.010511461 -0.697095756
1770029722.428017 2.128507198 1.009504104 1.326791829 0.716762851 0.004315404 0.010352130 -0.697226812
1770029722.438620 2.129303205 1.009392946 1.326662971 0.716640029 0.004278536 0.010183096 -0.697355768
1770029722.449219 2.130119090 1.009288740 1.326504237 0.716530152 0.004245555 0.009998731 -0.697471535
1770029722.459821 2.130922942 1.009180603 1.326330564 0.716419183 0.004206950 0.009825257 -0.697588216
1770029722.470437 2.131732504 1.009066639 1.326136612 0.716319051 0.004148596 0.009651663 -0.697693810
1770029722.481089 2.132580072 1.008936194 1.325917008 0.716226962 0.004072871 0.009496868 -0.697790915
1770029722.491580 2.133391463 1.008817622 1.325674015 0.716153545 0.004009445 0.009326227 -0.697868932
1770029722.502173 2.134194752 1.008703780 1.325414902 0.716086849 0.003969476 0.009153105 -0.697939889
1770029722.512736 2.134994623 1.008594492 1.325134422 0.716032034 0.003929139 0.008993568 -0.697998427
1770029722.523288 2.135777602 1.008491784 1.324842662 0.715978926 0.003930236 0.008817818 -0.698055139
1770029722.534046 2.136551628 1.008393318 1.324530786 0.715940344 0.003933591 0.008658739 -0.698096682
1770029722.544851 2.137358515 1.008293821 1.324183222 0.715899055 0.003941596 0.008494126 -0.698141000
1770029722.555436 2.138126512 1.008199186 1.323832163 0.715855513 0.003948344 0.008327135 -0.698187621
1770029722.566098 2.138895323 1.008105428 1.323446723 0.715812998 0.003934212 0.008159524 -0.698233267
1770029722.576757 2.139650556 1.008010855 1.323037089 0.715765044 0.003906570 0.007983250 -0.698284619
1770029722.587322 2.140395564 1.007925246 1.322606461 0.715697177 0.003881738 0.007799556 -0.698356392
1770029722.597826 2.141146681 1.007837968 1.322152721 0.715615388 0.003848509 0.007641135 -0.698442137
1770029722.608468 2.141887135 1.007762462 1.321672744 0.715534341 0.003783960 0.007478162 -0.698527283
1770029722.619074 2.142652034 1.007674290 1.321182208 0.715421399 0.003721511 0.007356965 -0.698644579
1770029722.629642 2.143390955 1.007596256 1.320672577 0.715307586 0.003656593 0.007241565 -0.698762654
1770029722.640527 2.144135584 1.007511987 1.320146749 0.715160786 0.003604455 0.007153294 -0.698914078
1770029722.651296 2.144854697 1.007437973 1.319607747 0.715002542 0.003573748 0.007065309 -0.699077016
1770029722.662238 2.145645419 1.007341073 1.319033700 0.714824810 0.003478155 0.007017648 -0.699259713
1770029722.672843 2.146404526 1.007240349 1.318475974 0.714631486 0.003375580 0.006993760 -0.699458027
1770029722.683453 2.147164787 1.007142241 1.317880841 0.714455541 0.003271638 0.006977761 -0.699638398
1770029722.693925 2.147909437 1.007046759 1.317277545 0.714270364 0.003171777 0.006940855 -0.699828273
1770029722.704299 2.148606914 1.006965333 1.316694678 0.714086986 0.003087988 0.006897066 -0.700016193
1770029722.714780 2.149322226 1.006873744 1.316048072 0.713921148 0.002978599 0.006831640 -0.700186441
1770029722.725601 2.150034581 1.006788037 1.315380221 0.713753736 0.002897606 0.006755632 -0.700358172
1770029722.736224 2.150739568 1.006716822 1.314708589 0.713580924 0.002831810 0.006704060 -0.700535010
1770029722.747300 2.151453068 1.006636321 1.313964454 0.713448938 0.002769280 0.006630837 -0.700670376
1770029722.758038 2.152167372 1.006556821 1.313209972 0.713322051 0.002710026 0.006560934 -0.700800444
1770029722.768583 2.152840058 1.006486895 1.312458680 0.713211056 0.002669712 0.006478857 -0.700914322
1770029722.779353 2.153529167 1.006419581 1.311663722 0.713111632 0.002609668 0.006383208 -0.701016580
1770029722.789830 2.154197519 1.006353361 1.310868456 0.713020041 0.002547818 0.006290594 -0.701110804
1770029722.800719 2.154861814 1.006295238 1.310037739 0.712934812 0.002487441 0.006158827 -0.701198856
1770029722.811467 2.155539400 1.006217824 1.309197177 0.712852224 0.002403316 0.006066214 -0.701283917
1770029722.822166 2.156198681 1.006151652 1.308327506 0.712748973 0.002373177 0.005968836 -0.701389793
1770029722.833071 2.156876028 1.006078308 1.307437150 0.712650691 0.002307555 0.005902911 -0.701490430
1770029722.843907 2.157517070 1.006007290 1.306553678 0.712546217 0.002255310 0.005820727 -0.701597407
1770029722.854851 2.158172327 1.005937874 1.305636733 0.712437464 0.002187297 0.005741367 -0.701708709
1770029722.865853 2.158818750 1.005882706 1.304670422 0.712337940 0.002139549 0.005653537 -0.701810600
1770029722.876555 2.159470723 1.005809823 1.303714484 0.712225763 0.002070838 0.005589057 -0.701925164
1770029722.887072 2.160116725 1.005733588 1.302768172 0.712106052 0.001991182 0.005554490 -0.702047117
1770029722.897748 2.160760719 1.005658463 1.301804268 0.711995665 0.001904515 0.005518346 -0.702159593
1770029722.908359 2.161404859 1.005591345 1.300802962 0.711899466 0.001822517 0.005483365 -0.702257618
1770029722.918872 2.162016670 1.005527615 1.299799420 0.711796877 0.001779916 0.005446014 -0.702362000
1770029722.929551 2.162638329 1.005459132 1.298787395 0.711700201 0.001721427 0.005411126 -0.702460376
1770029722.940006 2.163256864 1.005408470 1.297720248 0.711619485 0.001673924 0.005370635 -0.702542570
1770029722.950449 2.163839906 1.005354588 1.296666610 0.711559802 0.001641885 0.005313946 -0.702603525
1770029722.961136 2.164423077 1.005307815 1.295579350 0.711521687 0.001605000 0.005245539 -0.702642724
1770029722.971690 2.165013565 1.005249319 1.294484787 0.711448331 0.001568280 0.005199197 -0.702717426
1770029722.982169 2.165585021 1.005193111 1.293404367 0.711355905 0.001535651 0.005140956 -0.702811489
1770029722.992851 2.166150458 1.005139698 1.292310576 0.711245693 0.001483458 0.005084975 -0.702923543
1770029723.003639 2.166729223 1.005078392 1.291168478 0.711142359 0.001432869 0.005027874 -0.703028600
1770029723.014132 2.167294531 1.005022572 1.289988395 0.711084695 0.001362476 0.004947933 -0.703087632
1770029723.024815 2.167862705 1.004958021 1.288811965 0.710984876 0.001298778 0.004873197 -0.703189214
1770029723.035695 2.168421612 1.004904096 1.287614921 0.710904702 0.001256070 0.004796783 -0.703270870
1770029723.046342 2.168970298 1.004850645 1.286392486 0.710839224 0.001216340 0.004723947 -0.703337617
1770029723.056964 2.169518417 1.004797634 1.285171822 0.710784750 0.001168670 0.004667341 -0.703393126
1770029723.067827 2.170073826 1.004743012 1.283873757 0.710742213 0.001126428 0.004580136 -0.703436749
1770029723.078594 2.170615134 1.004698975 1.282591398 0.710698334 0.001078921 0.004497861 -0.703481687
1770029723.089048 2.171149882 1.004657317 1.281306668 0.710665976 0.001017369 0.004428355 -0.703514908
1770029723.099783 2.171667209 1.004614370 1.280003043 0.710630109 0.000984010 0.004345915 -0.703551699
1770029723.110333 2.172199932 1.004566475 1.278697421 0.710577835 0.000921799 0.004295876 -0.703604886
1770029723.121068 2.172712651 1.004521079 1.277384859 0.710499396 0.000895365 0.004248494 -0.703684415
1770029723.132009 2.173209564 1.004479430 1.276050286 0.710420308 0.000872025 0.004201615 -0.703764571
1770029723.142686 2.173737924 1.004421772 1.274676005 0.710356537 0.000806195 0.004155968 -0.703829289
1770029723.153194 2.174238781 1.004358938 1.273339641 0.710285688 0.000772768 0.004123842 -0.703901014
1770029723.163925 2.174753798 1.004293430 1.271957498 0.710239916 0.000693071 0.004084081 -0.703947514
1770029723.174529 2.175266557 1.004232274 1.270553447 0.710183052 0.000646390 0.004062215 -0.704005052
1770029723.185088 2.175750333 1.004187765 1.269148700 0.710127674 0.000617655 0.004022184 -0.704061168
1770029723.195667 2.176230694 1.004138856 1.267744865 0.710061450 0.000566628 0.003998899 -0.704128131
1770029723.206156 2.176698928 1.004095924 1.266329262 0.710018097 0.000518579 0.003943068 -0.704172199
1770029723.216528 2.177166800 1.004061059 1.264861498 0.710002012 0.000468229 0.003886428 -0.704188767
1770029723.227526 2.177627892 1.004021924 1.263411570 0.709941280 0.000428796 0.003846997 -0.704250237
1770029723.238237 2.178095997 1.003983467 1.261895700 0.709881509 0.000398488 0.003811154 -0.704310698
1770029723.248693 2.178525581 1.003942944 1.260432530 0.709826947 0.000383412 0.003766089 -0.704365938
1770029723.259226 2.178960249 1.003903569 1.258950654 0.709805327 0.000342561 0.003714585 -0.704388020
1770029723.269801 2.179404179 1.003852417 1.257423398 0.709764867 0.000311620 0.003664727 -0.704429064
1770029723.280179 2.179818170 1.003807266 1.255936149 0.709730935 0.000286129 0.003605859 -0.704463566
1770029723.290657 2.180240192 1.003766009 1.254421617 0.709671019 0.000233553 0.003563247 -0.704524161
1770029723.301289 2.180658383 1.003720913 1.252905692 0.709628208 0.000206088 0.003529414 -0.704567462
1770029723.311941 2.181083882 1.003679087 1.251292485 0.709611792 0.000150855 0.003463793 -0.704584334
1770029723.322394 2.181488254 1.003649030 1.249723316 0.709579034 0.000115508 0.003416247 -0.704617563
1770029723.332897 2.181899296 1.003619025 1.248140358 0.709560533 0.000086052 0.003373609 -0.704636404
1770029723.343236 2.182293714 1.003588840 1.246569006 0.709531808 0.000076829 0.003355741 -0.704665415
1770029723.353781 2.182661732 1.003551336 1.245026316 0.709478826 0.000088143 0.003342689 -0.704718819
1770029723.364330 2.183055308 1.003507955 1.243357664 0.709485266 0.000069055 0.003297477 -0.704712551
1770029723.374969 2.183443702 1.003462397 1.241738369 0.709458175 0.000057073 0.003280438 -0.704739904
1770029723.385456 2.183822498 1.003414850 1.240107208 0.709401680 0.000040393 0.003275136 -0.704796800
1770029723.395995 2.184190816 1.003371074 1.238478190 0.709344703 0.000021602 0.003277764 -0.704854133
1770029723.406796 2.184570459 1.003330170 1.236797538 0.709309227 -0.000010663 0.003257218 -0.704889928
1770029723.417257 2.184938009 1.003285701 1.235100479 0.709285317 -0.000046548 0.003221460 -0.704914150
1770029723.427864 2.185281240 1.003261700 1.233430857 0.709278394 -0.000065167 0.003159362 -0.704921395
1770029723.438517 2.185644982 1.003234220 1.231725257 0.709249571 -0.000107052 0.003130708 -0.704950518
1770029723.449262 2.186001519 1.003198065 1.229978985 0.709217132 -0.000128737 0.003093221 -0.704983315
1770029723.460008 2.186328401 1.003164729 1.228251285 0.709210395 -0.000165201 0.003035621 -0.704990336
1770029723.470867 2.186658956 1.003133260 1.226483166 0.709161751 -0.000202938 0.002999604 -0.705039411
1770029723.482029 2.187011878 1.003083252 1.224682066 0.709117743 -0.000255467 0.002990215 -0.705083697
1770029723.492869 2.187370330 1.003031295 1.222857965 0.709050759 -0.000320355 0.003006025 -0.705150965
1770029723.503441 2.187685054 1.002995437 1.221102114 0.709000826 -0.000340217 0.002993000 -0.705201216
1770029723.513893 2.188001590 1.002958665 1.219305242 0.709000200 -0.000394638 0.002950870 -0.705201995
1770029723.524531 2.188314951 1.002926319 1.217554839 0.708980601 -0.000449581 0.002918332 -0.705221801
1770029723.535011 2.188629692 1.002902798 1.215755670 0.708962057 -0.000476071 0.002911359 -0.705240454
1770029723.545430 2.188920400 1.002878345 1.213970571 0.708929782 -0.000475932 0.002919248 -0.705272866
1770029723.555894 2.189202459 1.002842429 1.212199114 0.708891243 -0.000486229 0.002919631 -0.705311594
1770029723.566304 2.189492199 1.002798960 1.210403595 0.708873341 -0.000517478 0.002917970 -0.705329571
1770029723.576759 2.189768175 1.002756017 1.208627633 0.708842762 -0.000543830 0.002908347 -0.705360322
1770029723.587161 2.190034118 1.002722845 1.206826192 0.708804653 -0.000569282 0.002893921 -0.705398656
1770029723.597694 2.190284763 1.002693355 1.205018191 0.708788446 -0.000587753 0.002853733 -0.705415090
1770029723.608150 2.190547977 1.002666194 1.203132803 0.708801866 -0.000644816 0.002784202 -0.705401834
1770029723.618591 2.190799735 1.002642985 1.201293367 0.708800649 -0.000676535 0.002747727 -0.705403170
1770029723.629114 2.191055410 1.002617959 1.199429896 0.708795643 -0.000706208 0.002727249 -0.705408251
1770029723.639671 2.191304778 1.002591352 1.197586014 0.708756010 -0.000748816 0.002715505 -0.705448073
1770029723.650166 2.191542837 1.002557756 1.195721387 0.708713280 -0.000772395 0.002718946 -0.705490962
1770029723.660532 2.191777458 1.002514650 1.193850115 0.708713850 -0.000805820 0.002692874 -0.705490452
1770029723.670951 2.192003425 1.002472069 1.192030467 0.708663608 -0.000829779 0.002695889 -0.705540880
1770029723.681384 2.192227648 1.002439334 1.190140486 0.708641442 -0.000873145 0.002665962 -0.705563206
1770029723.691760 2.192439600 1.002416553 1.188255540 0.708634154 -0.000902862 0.002624797 -0.705570642
1770029723.702121 2.192645733 1.002396572 1.186362083 0.708646853 -0.000918401 0.002577400 -0.705558042
1770029723.712776 2.192855799 1.002366740 1.184378720 0.708693781 -0.000950536 0.002518698 -0.705511075
1770029723.724181 2.193057699 1.002336575 1.182504490 0.708677690 -0.000964446 0.002510740 -0.705527248
1770029723.735664 2.193302279 1.002297011 1.180291167 0.708636528 -0.001004385 0.002528744 -0.705568472
1770029723.746730 2.193503983 1.002252551 1.178262824 0.708593148 -0.001014231 0.002537268 -0.705611993
1770029723.757535 2.193688463 1.002217754 1.176266096 0.708576453 -0.001042614 0.002515195 -0.705628795
1770029723.769279 2.193868004 1.002186349 1.174293446 0.708543796 -0.001069684 0.002504785 -0.705661584
1770029723.780195 2.194069420 1.002160803 1.172062513 0.708577600 -0.001105811 0.002470583 -0.705627705
1770029723.790883 2.194242220 1.002135703 1.170013368 0.708579492 -0.001138770 0.002462310 -0.705625782
1770029723.801651 2.194410131 1.002104708 1.168013414 0.708560634 -0.001171063 0.002469047 -0.705644641
1770029723.812567 2.194571948 1.002066911 1.165978637 0.708576390 -0.001218918 0.002451363 -0.705628801
1770029723.823428 2.194729798 1.002028735 1.163959515 0.708515365 -0.001230165 0.002478528 -0.705689961
1770029723.834471 2.194883902 1.002003534 1.161912616 0.708457526 -0.001258639 0.002497181 -0.705747911
1770029723.845447 2.195019150 1.001978529 1.160018938 0.708426168 -0.001284659 0.002503806 -0.705779318
1770029723.856340 2.195168572 1.001957298 1.157806768 0.708422397 -0.001317357 0.002495173 -0.705783073
1770029723.866820 2.195293181 1.001929196 1.155768474 0.708457494 -0.001341607 0.002457785 -0.705747928
1770029723.877623 2.195411581 1.001898107 1.153763517 0.708462546 -0.001356569 0.002446448 -0.705742868
1770029723.888633 2.195537498 1.001867021 1.151640632 0.708427492 -0.001402098 0.002459027 -0.705777923
1770029723.899346 2.195651419 1.001833733 1.149632060 0.708375023 -0.001432130 0.002494859 -0.705830398
1770029723.909999 2.195757715 1.001803524 1.147605857 0.708371935 -0.001472190 0.002478775 -0.705833472
1770029723.920507 2.195856923 1.001780040 1.145542675 0.708383714 -0.001506299 0.002448303 -0.705821685
1770029723.930882 2.195948836 1.001765499 1.143540306 0.708396564 -0.001516666 0.002429808 -0.705808830
1770029723.941238 2.196036308 1.001747965 1.141545721 0.708392042 -0.001536551 0.002413611 -0.705813381
1770029723.951638 2.196112650 1.001721423 1.139589211 0.708365663 -0.001552118 0.002410563 -0.705839831
1770029723.961994 2.196185547 1.001683971 1.137593312 0.708361856 -0.001588612 0.002409098 -0.705843576
1770029723.972366 2.196254395 1.001652993 1.135618886 0.708321765 -0.001619728 0.002436698 -0.705883642
1770029723.982741 2.196323523 1.001630175 1.133633702 0.708286236 -0.001657309 0.002460391 -0.705919123
1770029723.993127 2.196392179 1.001614220 1.131587590 0.708299503 -0.001710207 0.002455092 -0.705905703
1770029724.003504 2.196444227 1.001594111 1.129594192 0.708299841 -0.001715197 0.002462437 -0.705905327
1770029724.014029 2.196489890 1.001566830 1.127524416 0.708349402 -0.001742256 0.002411434 -0.705855703
1770029724.024686 2.196530310 1.001526324 1.125472767 0.708353389 -0.001733427 0.002398644 -0.705851768
1770029724.035158 2.196569989 1.001493564 1.123428176 0.708353199 -0.001723423 0.002381460 -0.705852041
1770029724.045699 2.196603683 1.001468123 1.121440518 0.708335404 -0.001730408 0.002365699 -0.705869934
1770029724.056271 2.196641904 1.001455302 1.119408627 0.708330305 -0.001753089 0.002358549 -0.705875019
1770029724.066801 2.196666157 1.001429406 1.117331258 0.708359566 -0.001761607 0.002352236 -0.705845655
1770029724.077395 2.196686404 1.001400376 1.115277905 0.708366992 -0.001763705 0.002357770 -0.705838179
1770029724.088048 2.196701568 1.001365561 1.113215692 0.708361836 -0.001777845 0.002364833 -0.705843294
1770029724.098715 2.196712401 1.001331778 1.111150697 0.708341761 -0.001788677 0.002379719 -0.705863363
1770029724.109679 2.196713886 1.001302883 1.109096548 0.708343263 -0.001814062 0.002357431 -0.705861866
1770029724.120304 2.196713531 1.001280652 1.106932226 0.708358975 -0.001844335 0.002329951 -0.705846111
1770029724.130813 2.196704104 1.001256587 1.104850886 0.708399116 -0.001845451 0.002297259 -0.705805929
1770029724.141200 2.196693635 1.001227819 1.102769985 0.708428385 -0.001855043 0.002265653 -0.705776628
1770029724.151659 2.196682124 1.001187420 1.100760283 0.708412117 -0.001854547 0.002283483 -0.705792901
1770029724.162033 2.196668567 1.001149399 1.098730276 0.708429638 -0.001870875 0.002275150 -0.705775298
1770029724.172477 2.196657784 1.001118055 1.096757376 0.708396411 -0.001883371 0.002310650 -0.705808500
1770029724.182958 2.196646848 1.001098001 1.094715481 0.708394930 -0.001917620 0.002313251 -0.705809885
1770029724.193371 2.196622366 1.001067226 1.092650614 0.708410914 -0.001954037 0.002307901 -0.705793761
1770029724.203740 2.196586906 1.001033598 1.090646131 0.708418531 -0.001962428 0.002288332 -0.705786156
1770029724.214096 2.196545589 1.000986845 1.088634891 0.708434351 -0.001992309 0.002272990 -0.705770242
1770029724.224542 2.196503273 1.000951347 1.086626012 0.708419551 -0.002003371 0.002297876 -0.705784985
1770029724.235163 2.196451942 1.000922779 1.084613275 0.708417041 -0.002039086 0.002296058 -0.705787408
1770029724.245921 2.196386249 1.000909028 1.082467161 0.708442599 -0.002095369 0.002253777 -0.705761726
1770029724.256404 2.196312276 1.000887679 1.080402956 0.708467680 -0.002129143 0.002231983 -0.705736517
1770029724.266741 2.196230492 1.000853838 1.078360598 0.708488497 -0.002144662 0.002214325 -0.705715627
1770029724.277123 2.196151094 1.000821724 1.076388273 0.708468547 -0.002137389 0.002233654 -0.705735617
1770029724.287493 2.196071424 1.000792623 1.074398058 0.708459764 -0.002144098 0.002256247 -0.705744341
1770029724.297873 2.195982124 1.000769285 1.072372103 0.708473838 -0.002169174 0.002239519 -0.705730189
1770029724.308792 2.195890722 1.000755968 1.070434419 0.708498117 -0.002179629 0.002219356 -0.705705847
1770029724.319252 2.195770789 1.000735670 1.068260714 0.708508428 -0.002175337 0.002216879 -0.705695516
1770029724.329654 2.195652169 1.000712016 1.066260236 0.708494854 -0.002178584 0.002207686 -0.705709162
1770029724.340018 2.195539993 1.000687455 1.064302761 0.708464368 -0.002200469 0.002228942 -0.705739632
1770029724.350510 2.195422420 1.000668924 1.062344397 0.708443242 -0.002202332 0.002253726 -0.705760755
1770029724.361136 2.195294383 1.000651307 1.060271304 0.708486360 -0.002245986 0.002219667 -0.705717440
1770029724.371770 2.195158351 1.000630636 1.058208248 0.708495159 -0.002258991 0.002218976 -0.705708568
1770029724.382137 2.195019106 1.000606369 1.056185061 0.708514782 -0.002290937 0.002181121 -0.705688882
1770029724.392618 2.194877500 1.000573216 1.054214748 0.708507712 -0.002305872 0.002174598 -0.705695951
1770029724.403158 2.194750905 1.000553634 1.052258826 0.708473462 -0.002314178 0.002244740 -0.705730089
1770029724.413608 2.194603434 1.000522534 1.050221856 0.708521589 -0.002321435 0.002248450 -0.705681736
1770029724.424071 2.194456094 1.000509302 1.048228503 0.708535398 -0.002309824 0.002270316 -0.705667840
1770029724.434496 2.194286937 1.000481292 1.046213842 0.708566253 -0.002276331 0.002271920 -0.705636962
1770029724.445055 2.194116032 1.000455332 1.044262496 0.708569670 -0.002234889 0.002273941 -0.705633657
1770029724.456441 2.193939167 1.000421121 1.042177930 0.708563512 -0.002223355 0.002265627 -0.705639903
1770029724.467480 2.193770448 1.000387212 1.040053528 0.708571676 -0.002250689 0.002273262 -0.705631594
1770029724.477892 2.193592365 1.000367434 1.038053052 0.708604867 -0.002272268 0.002218305 -0.705598369
1770029724.488251 2.193403557 1.000351605 1.036108778 0.708612783 -0.002284671 0.002188141 -0.705590473
1770029724.498804 2.193211759 1.000326826 1.034197903 0.708600644 -0.002255194 0.002202691 -0.705602714
1770029724.509278 2.193027139 1.000291110 1.032231789 0.708598538 -0.002281614 0.002203483 -0.705604742
1770029724.519651 2.192846556 1.000269959 1.030350240 0.708568304 -0.002292585 0.002229406 -0.705634985
1770029724.530040 2.192646409 1.000249351 1.028389253 0.708601130 -0.002333842 0.002201860 -0.705601973
1770029724.540422 2.192440975 1.000225121 1.026448846 0.708623101 -0.002376821 0.002168296 -0.705579867
1770029724.550796 2.192243448 1.000190366 1.024551323 0.708621311 -0.002417652 0.002157527 -0.705581559
1770029724.561260 2.192021939 1.000154178 1.022609317 0.708635169 -0.002444478 0.002121097 -0.705567660
1770029724.571658 2.191803843 1.000134754 1.020752975 0.708610046 -0.002472861 0.002107429 -0.705592833
1770029724.582062 2.191595850 1.000113023 1.018841937 0.708626741 -0.002510958 0.002106840 -0.705575933
1770029724.592506 2.191368638 1.000081135 1.016888061 0.708667012 -0.002515933 0.002088295 -0.705535524
1770029724.602912 2.191124905 1.000057271 1.015015718 0.708676128 -0.002496191 0.002083484 -0.705526452
1770029724.613303 2.190885212 1.000022409 1.013135620 0.708681244 -0.002495079 0.002073350 -0.705521346
1770029724.623765 2.190651120 0.999990358 1.011268183 0.708675963 -0.002484273 0.002088790 -0.705526643
1770029724.634146 2.190412882 0.999976839 1.009409668 0.708678241 -0.002474038 0.002117777 -0.705524305
1770029724.644730 2.190177078 0.999942970 1.007511747 0.708713223 -0.002479366 0.002151050 -0.705489045
1770029724.656029 2.189911171 0.999913506 1.005616192 0.708736721 -0.002455840 0.002152291 -0.705465518
1770029724.666715 2.189608725 0.999894920 1.003617367 0.708722875 -0.002430318 0.002139780 -0.705479554
1770029724.677230 2.189327618 0.999864099 1.001742260 0.708730143 -0.002415549 0.002105448 -0.705472407
1770029724.687822 2.189039527 0.999850520 0.999877017 0.708733295 -0.002411408 0.002061707 -0.705469384
1770029724.698457 2.188764622 0.999836749 0.998029363 0.708760884 -0.002403608 0.002048223 -0.705441731
1770029724.709107 2.188474742 0.999798419 0.996130773 0.708799329 -0.002389024 0.002043292 -0.705403167
1770029724.720094 2.188162178 0.999765507 0.994210021 0.708794054 -0.002339266 0.002055449 -0.705408600
1770029724.730867 2.187885544 0.999744295 0.992415928 0.708766130 -0.002304908 0.002099306 -0.705436640
1770029724.741756 2.187577989 0.999721152 0.990540284 0.708766584 -0.002293971 0.002101542 -0.705436213
1770029724.752310 2.187289342 0.999696579 0.988698622 0.708775055 -0.002312887 0.002120629 -0.705427583
1770029724.762774 2.186984518 0.999664024 0.986861657 0.708818492 -0.002343820 0.002074811 -0.705383972
1770029724.773155 2.186674380 0.999624385 0.985093799 0.708824741 -0.002360058 0.002023591 -0.705377787
1770029724.783540 2.186372759 0.999592063 0.983362972 0.708810310 -0.002373256 0.002010607 -0.705392281
1770029724.794027 2.186065860 0.999571771 0.981616700 0.708811253 -0.002383712 0.002004738 -0.705391314
1770029724.804538 2.185764125 0.999548782 0.979859247 0.708824960 -0.002409565 0.002004619 -0.705377453
1770029724.815131 2.185415094 0.999514874 0.978027518 0.708870723 -0.002426340 0.001951849 -0.705331554
1770029724.825647 2.185079715 0.999482921 0.976268766 0.708886626 -0.002423747 0.001939045 -0.705315615
1770029724.836051 2.184740287 0.999453836 0.974554848 0.708876136 -0.002401232 0.001928324 -0.705326265
1770029724.846511 2.184414124 0.999429048 0.972843015 0.708862060 -0.002393348 0.001950651 -0.705340376
1770029724.856929 2.184076758 0.999413427 0.971144872 0.708878010 -0.002373945 0.001964900 -0.705324373
1770029724.867375 2.183725761 0.999377222 0.969385725 0.708914851 -0.002384938 0.001949188 -0.705287350
1770029724.877778 2.183374593 0.999342905 0.967689157 0.708927863 -0.002386491 0.001939675 -0.705274292
1770029724.888182 2.183050381 0.999298865 0.966042312 0.708915146 -0.002416638 0.001959793 -0.705286917
1770029724.898702 2.182689671 0.999279057 0.964385255 0.708901932 -0.002404816 0.001951661 -0.705300262
1770029724.909162 2.182317039 0.999261065 0.962715057 0.708915669 -0.002421131 0.001910865 -0.705286510
1770029724.919494 2.181915800 0.999248548 0.961032099 0.708949265 -0.002418982 0.001838967 -0.705252938
1770029724.929859 2.181525253 0.999224921 0.959372552 0.708971845 -0.002415925 0.001777701 -0.705230406
1770029724.940347 2.181134686 0.999202687 0.957752911 0.708971729 -0.002395671 0.001725900 -0.705230720
1770029724.950921 2.180761693 0.999178860 0.956165575 0.708946535 -0.002380304 0.001709089 -0.705256140
1770029724.961379 2.180369280 0.999151182 0.954519266 0.708955159 -0.002389026 0.001670777 -0.705247534
1770029724.971862 2.179979776 0.999126514 0.952912725 0.708966042 -0.002383306 0.001661091 -0.705236636
1770029724.982416 2.179582906 0.999096489 0.951285417 0.708990124 -0.002385079 0.001663273 -0.705212414
1770029724.992810 2.179168300 0.999070700 0.949674289 0.709003543 -0.002370127 0.001644392 -0.705199017
1770029725.003334 2.178784289 0.999045406 0.948152166 0.708973592 -0.002346261 0.001661459 -0.705229169
1770029725.013797 2.178376861 0.999012159 0.946568518 0.708986288 -0.002353874 0.001636375 -0.705216439
1770029725.024257 2.177965811 0.998992972 0.945017378 0.708982325 -0.002343841 0.001631781 -0.705220467
1770029725.034660 2.177561648 0.998960643 0.943460985 0.709001772 -0.002354604 0.001657442 -0.705200820
1770029725.045029 2.177136510 0.998934385 0.941919141 0.709020921 -0.002348748 0.001669345 -0.705181558
1770029725.055395 2.176733763 0.998898354 0.940421304 0.709023303 -0.002367196 0.001681599 -0.705179073
1770029725.065869 2.176330993 0.998856296 0.938933673 0.709015913 -0.002385153 0.001715759 -0.705186360
1770029725.076601 2.175905778 0.998831510 0.937403171 0.709012965 -0.002389666 0.001743474 -0.705189240
1770029725.087063 2.175464312 0.998810498 0.935895490 0.709024960 -0.002390201 0.001730339 -0.705177211
1770029725.097533 2.174987827 0.998802399 0.934381761 0.709047646 -0.002370714 0.001702375 -0.705154535
1770029725.107919 2.174509692 0.998785161 0.932914071 0.709069719 -0.002330269 0.001668517 -0.705132554
1770029725.118294 2.174033983 0.998764477 0.931463548 0.709076417 -0.002279721 0.001629213 -0.705126076
1770029725.128680 2.173567537 0.998750935 0.930057328 0.709063025 -0.002232218 0.001618036 -0.705139721
1770029725.139198 2.173106655 0.998734500 0.928637014 0.709053861 -0.002209554 0.001609079 -0.705149028
1770029725.149694 2.172650957 0.998719594 0.927227526 0.709058709 -0.002187085 0.001609862 -0.705144221
1770029725.160216 2.172166813 0.998692312 0.925752629 0.709102793 -0.002182884 0.001600441 -0.705099924
1770029725.170694 2.171689658 0.998660664 0.924345030 0.709109500 -0.002160188 0.001605200 -0.705093237
1770029725.181175 2.171205400 0.998628797 0.922944656 0.709121332 -0.002146700 0.001596335 -0.705081400
1770029725.191665 2.170727085 0.998606850 0.921609456 0.709108162 -0.002127445 0.001593886 -0.705094709
1770029725.202235 2.170255621 0.998589174 0.920286429 0.709086342 -0.002111535 0.001607925 -0.705116668
1770029725.212815 2.169764717 0.998555487 0.918899128 0.709103080 -0.002120934 0.001605990 -0.705099812
1770029725.223335 2.169295447 0.998521162 0.917537851 0.709125205 -0.002154833 0.001624633 -0.705077415
1770029725.234087 2.168793764 0.998491791 0.916173513 0.709144819 -0.002174443 0.001616898 -0.705057645
1770029725.245042 2.168236783 0.998471790 0.914773873 0.709159148 -0.002151845 0.001565998 -0.705043417
1770029725.255626 2.167698131 0.998465390 0.913473901 0.709147949 -0.002117667 0.001537603 -0.705054848
1770029725.266189 2.167152902 0.998464077 0.912203594 0.709132415 -0.002066906 0.001490328 -0.705070723
1770029725.276839 2.166607496 0.998455970 0.910935126 0.709118843 -0.002016584 0.001456496 -0.705084589
1770029725.287338 2.166073763 0.998438435 0.909642074 0.709132594 -0.001999483 0.001443693 -0.705070835
1770029725.297817 2.165537792 0.998413951 0.908365519 0.709153039 -0.001986839 0.001425888 -0.705050343
1770029725.308369 2.165006809 0.998383018 0.907111634 0.709173379 -0.001985531 0.001411610 -0.705029917
1770029725.319197 2.164461460 0.998359484 0.905858673 0.709172278 -0.001978015 0.001406395 -0.705031056
1770029725.329707 2.163915362 0.998344652 0.904651261 0.709163452 -0.001966524 0.001394077 -0.705039990
1770029725.340207 2.163383675 0.998329466 0.903482830 0.709147420 -0.001960705 0.001395840 -0.705056128
1770029725.351243 2.162840157 0.998319108 0.902319862 0.709127267 -0.001956479 0.001396885 -0.705076407
1770029725.362252 2.162255448 0.998286539 0.901040278 0.709150849 -0.001995369 0.001380445 -0.705052612
1770029725.373109 2.161680313 0.998261431 0.899837827 0.709164762 -0.002006485 0.001375535 -0.705038596
1770029725.384045 2.161058748 0.998242771 0.898613255 0.709178922 -0.001984925 0.001324488 -0.705024512
1770029725.394554 2.160461338 0.998233023 0.897471981 0.709192040 -0.001963229 0.001273870 -0.705011470
1770029725.405199 2.159863004 0.998231836 0.896381886 0.709172662 -0.001912274 0.001216587 -0.705031204
1770029725.415686 2.159253949 0.998232599 0.895295230 0.709156360 -0.001858637 0.001144694 -0.705047865
1770029725.426294 2.158654489 0.998232849 0.894221391 0.709142362 -0.001816009 0.001105281 -0.705062119
1770029725.436908 2.158056223 0.998224343 0.893151948 0.709130761 -0.001779642 0.001075456 -0.705073925
1770029725.447527 2.157453089 0.998206417 0.892067768 0.709143838 -0.001755290 0.001058824 -0.705060859
1770029725.458158 2.156850267 0.998178178 0.890995244 0.709166121 -0.001732854 0.001049545 -0.705038515
1770029725.468560 2.156260111 0.998158528 0.889982943 0.709166616 -0.001706782 0.001050753 -0.705038079
1770029725.479254 2.155653612 0.998134014 0.888958723 0.709178837 -0.001685646 0.001037821 -0.705025857
1770029725.490041 2.155047502 0.998111308 0.887953371 0.709168801 -0.001678617 0.001043551 -0.705035960
1770029725.500741 2.154446744 0.998101115 0.886984927 0.709146449 -0.001680145 0.001067241 -0.705058403
1770029725.512012 2.153771125 0.998096527 0.885966814 0.709139856 -0.001629757 0.001024172 -0.705065216
1770029725.522702 2.153105186 0.998105249 0.884992798 0.709129249 -0.001586047 0.000999195 -0.705076021
1770029725.533244 2.152450573 0.998106448 0.884058277 0.709127829 -0.001540215 0.000945172 -0.705077624
1770029725.543674 2.151789967 0.998099139 0.883123493 0.709135677 -0.001494949 0.000890224 -0.705069900
1770029725.554080 2.151163876 0.998084748 0.882230279 0.709145527 -0.001478977 0.000879400 -0.705060041
1770029725.564595 2.150508920 0.998067402 0.881326976 0.709149810 -0.001463346 0.000844992 -0.705055808
1770029725.575014 2.149869151 0.998056634 0.880457410 0.709149254 -0.001446661 0.000835242 -0.705056413
1770029725.585401 2.149229405 0.998046696 0.879602534 0.709155682 -0.001448198 0.000826408 -0.705049955
1770029725.596478 2.148554093 0.998039077 0.878739058 0.709150043 -0.001445214 0.000820878 -0.705055639
1770029725.607194 2.147913590 0.998030283 0.877928655 0.709132805 -0.001460437 0.000834683 -0.705072929
1770029725.617789 2.147263959 0.998010988 0.877109245 0.709132478 -0.001502930 0.000859813 -0.705073139
1770029725.628853 2.146594421 0.998019051 0.876331335 0.709124630 -0.001493649 0.000848062 -0.705081065
1770029725.639993 2.145845224 0.998026530 0.875483627 0.709119883 -0.001470139 0.000816185 -0.705085927
1770029725.650450 2.145139158 0.998035552 0.874715385 0.709116126 -0.001420138 0.000782831 -0.705089846
1770029725.661175 2.144406164 0.998033337 0.873923422 0.709138418 -0.001365827 0.000728506 -0.705067591
1770029725.671648 2.143710579 0.998029043 0.873191593 0.709146408 -0.001339101 0.000693946 -0.705059641
1770029725.682230 2.143020189 0.998030411 0.872490478 0.709133721 -0.001320772 0.000672269 -0.705072456
1770029725.692672 2.142316842 0.998023467 0.871775984 0.709134766 -0.001309991 0.000643776 -0.705071452
1770029725.703011 2.141648580 0.998012638 0.871105414 0.709135499 -0.001328450 0.000641856 -0.705070682
1770029725.713446 2.140949000 0.997999796 0.870433726 0.709147884 -0.001325864 0.000609027 -0.705058260
1770029725.723880 2.140271623 0.997993807 0.869801573 0.709135817 -0.001350158 0.000620030 -0.705070341
1770029725.734435 2.139600175 0.997992979 0.869194978 0.709125182 -0.001375261 0.000641893 -0.705080969
1770029725.745173 2.138850321 0.997991339 0.868550709 0.709123541 -0.001345026 0.000619903 -0.705082697
1770029725.755937 2.138110545 0.997995678 0.867946360 0.709120906 -0.001316569 0.000612179 -0.705085408
1770029725.766700 2.137336814 0.998018121 0.867360414 0.709113502 -0.001235994 0.000558868 -0.705093044
1770029725.777737 2.136560094 0.998041006 0.866788989 0.709092419 -0.001158932 0.000525087 -0.705114404
1770029725.788535 2.135788749 0.998039235 0.866207545 0.709087458 -0.001113466 0.000508729 -0.705119478
1770029725.799372 2.135032468 0.998033530 0.865660300 0.709075049 -0.001109514 0.000499504 -0.705131969
1770029725.810295 2.134272114 0.998043699 0.865137020 0.709073048 -0.001095189 0.000500904 -0.705134003
1770029725.821222 2.133509475 0.998051792 0.864629995 0.709064641 -0.001090256 0.000506970 -0.705142460
1770029725.831935 2.132768872 0.998035525 0.864129274 0.709077293 -0.001111506 0.000546947 -0.705129674
1770029725.842914 2.132003476 0.998033901 0.863647067 0.709090766 -0.001119437 0.000580500 -0.705116086
1770029725.853714 2.131238010 0.998048396 0.863200681 0.709088291 -0.001128109 0.000597329 -0.705118547
1770029725.864460 2.130421254 0.998059523 0.862738251 0.709110075 -0.001118990 0.000570464 -0.705096677
1770029725.875208 2.129613567 0.998079330 0.862313621 0.709117866 -0.001078875 0.000543216 -0.705088926
1770029725.885932 2.128813187 0.998094920 0.861905002 0.709124744 -0.001030332 0.000538012 -0.705082085
1770029725.896704 2.128024248 0.998102191 0.861515439 0.709132719 -0.001019717 0.000552588 -0.705074069
1770029725.907559 2.127240167 0.998105639 0.861148394 0.709135639 -0.001027963 0.000549663 -0.705071122
1770029725.918366 2.126420845 0.998108740 0.860779283 0.709149729 -0.001035665 0.000545913 -0.705056942
1770029725.930516 2.125598238 0.998113206 0.860425832 0.709157357 -0.001077512 0.000556843 -0.705049198
1770029725.941300 2.124770344 0.998107230 0.860074318 0.709168444 -0.001144150 0.000573294 -0.705037929
1770029725.952277 2.123943713 0.998125315 0.859762484 0.709172561 -0.001165486 0.000549201 -0.705033771
1770029725.963133 2.123075927 0.998148563 0.859446649 0.709183959 -0.001155531 0.000465499 -0.705022383
1770029725.973842 2.122213648 0.998167015 0.859155537 0.709196442 -0.001117217 0.000387041 -0.705009935
1770029725.984419 2.121358710 0.998195530 0.858902865 0.709185184 -0.001057395 0.000286323 -0.705021400
1770029725.994777 2.120537595 0.998207015 0.858669619 0.709176242 -0.001015706 0.000211848 -0.705030483
1770029726.005197 2.119748079 0.998209057 0.858472408 0.709161206 -0.000999081 0.000180563 -0.705045640
1770029726.015629 2.118914685 0.998231357 0.858293523 0.709135308 -0.000941436 0.000122699 -0.705071779
1770029726.025998 2.118099177 0.998232928 0.858118869 0.709130512 -0.000910171 0.000096745 -0.705076647
1770029726.036425 2.117318489 0.998240187 0.857991162 0.709107410 -0.000918001 0.000107838 -0.705099870
1770029726.046928 2.116498595 0.998243417 0.857851151 0.709109852 -0.000920838 0.000116464 -0.705097409
1770029726.057392 2.115660296 0.998261106 0.857736437 0.709105478 -0.000902788 0.000094090 -0.705101835
1770029726.067780 2.114808833 0.998284117 0.857631599 0.709111677 -0.000886804 0.000067804 -0.705095624
1770029726.078147 2.113934848 0.998311770 0.857547994 0.709109050 -0.000840697 0.000020508 -0.705098325
1770029726.088498 2.113078169 0.998351382 0.857504554 0.709086748 -0.000816190 -0.000022745 -0.705120782
1770029726.098909 2.112237825 0.998368956 0.857472784 0.709070680 -0.000800026 -0.000034282 -0.705136958
1770029726.109271 2.111403464 0.998395688 0.857479790 0.709035827 -0.000787604 -0.000041168 -0.705172017
1770029726.119716 2.110564977 0.998412493 0.857488321 0.709012377 -0.000794857 -0.000054703 -0.705195586
1770029726.130459 2.109747283 0.998424601 0.857514346 0.708998796 -0.000805958 -0.000024197 -0.705209229
1770029726.141032 2.108865342 0.998430971 0.857550530 0.708993651 -0.000832406 0.000020562 -0.705214371
1770029726.151461 2.108014162 0.998444531 0.857599759 0.708985550 -0.000826855 0.000028495 -0.705222522
1770029726.162066 2.107110178 0.998465461 0.857658997 0.708976710 -0.000788725 0.000007561 -0.705231453
1770029726.172517 2.106225537 0.998490439 0.857734062 0.708974130 -0.000745867 0.000001902 -0.705234093
1770029726.182958 2.105322703 0.998517304 0.857832790 0.708960946 -0.000672021 -0.000010438 -0.705247422
1770029726.193450 2.104438733 0.998525069 0.857935698 0.708960645 -0.000649449 -0.000002351 -0.705247745
1770029726.204119 2.103579751 0.998536219 0.858056814 0.708963863 -0.000670593 0.000019876 -0.705244490
1770029726.214592 2.102670129 0.998542136 0.858194415 0.708970781 -0.000643535 0.000028450 -0.705237560
1770029726.225013 2.101790998 0.998559669 0.858361044 0.708968046 -0.000663442 0.000039835 -0.705240291
1770029726.235520 2.100938427 0.998563495 0.858541204 0.708970885 -0.000703621 0.000079466 -0.705237395
1770029726.246029 2.100018272 0.998583930 0.858747892 0.708964514 -0.000691811 0.000093124 -0.705243809
1770029726.256399 2.099116455 0.998616764 0.858984812 0.708942327 -0.000641365 0.000094461 -0.705266160
1770029726.266792 2.098182726 0.998648866 0.859225175 0.708929618 -0.000615249 0.000057272 -0.705278963
1770029726.277129 2.097247088 0.998704013 0.859501716 0.708901984 -0.000587490 0.000002371 -0.705306765
1770029726.287497 2.096332152 0.998738778 0.859787182 0.708870340 -0.000573198 -0.000027387 -0.705338580
1770029726.298052 2.095425731 0.998773813 0.860098788 0.708830520 -0.000581320 -0.000047884 -0.705378588
1770029726.308573 2.094484946 0.998795462 0.860409298 0.708805743 -0.000545503 -0.000075706 -0.705403512
1770029726.319054 2.093565927 0.998807261 0.860713436 0.708806067 -0.000554848 -0.000072040 -0.705403180
1770029726.329510 2.092656533 0.998807294 0.861038139 0.708805490 -0.000583439 -0.000054932 -0.705403738
1770029726.339898 2.091725500 0.998824291 0.861376628 0.708804202 -0.000570117 -0.000055895 -0.705405043
1770029726.350271 2.090783868 0.998849122 0.861754549 0.708783363 -0.000521548 -0.000053898 -0.705426020
1770029726.360671 2.089809280 0.998887881 0.862148557 0.708762590 -0.000419874 -0.000060251 -0.705446959
1770029726.371234 2.088851896 0.998931000 0.862558709 0.708748989 -0.000324588 -0.000022198 -0.705460676
1770029726.381903 2.087855273 0.998958258 0.862987662 0.708739714 -0.000211059 0.000028121 -0.705470037
1770029726.392499 2.086884197 0.998988684 0.863436398 0.708723735 -0.000109399 0.000099338 -0.705486106
1770029726.403012 2.085929457 0.999009206 0.863874877 0.708723900 -0.000026409 0.000174876 -0.705485934
1770029726.413766 2.084931495 0.999020031 0.864325668 0.708733841 0.000054172 0.000224562 -0.705475931
1770029726.424434 2.083957085 0.999027695 0.864819157 0.708733241 0.000063399 0.000278216 -0.705476514
1770029726.434838 2.083017506 0.999049839 0.865345314 0.708712871 0.000070645 0.000319743 -0.705496959
1770029726.445405 2.082023970 0.999089125 0.865902002 0.708685943 0.000099968 0.000326205 -0.705524002
1770029726.455808 2.081064623 0.999143449 0.866466544 0.708650037 0.000125052 0.000330345 -0.705560061
1770029726.466194 2.080049774 0.999190270 0.867034644 0.708610438 0.000189904 0.000257427 -0.705599848
1770029726.477030 2.079010820 0.999223053 0.867598345 0.708604108 0.000232127 0.000199128 -0.705606210
1770029726.487728 2.077976364 0.999243727 0.868184674 0.708599158 0.000270403 0.000164376 -0.705611177
1770029726.498433 2.076945013 0.999261662 0.868800645 0.708585606 0.000275710 0.000116598 -0.705624794
1770029726.509239 2.075917766 0.999291867 0.869476421 0.708535258 0.000290140 0.000080427 -0.705675349
1770029726.519701 2.074910590 0.999318608 0.870119151 0.708515043 0.000268615 0.000034860 -0.705695657
1770029726.531814 2.073920401 0.999332215 0.870792980 0.708514267 0.000169273 0.000052914 -0.705696465
1770029726.542732 2.072742542 0.999364943 0.871560594 0.708510829 0.000128459 0.000000195 -0.705699928
1770029726.553449 2.071697146 0.999388686 0.872248850 0.708515914 0.000105465 -0.000028378 -0.705694826
1770029726.564062 2.070609718 0.999416643 0.872952562 0.708504076 0.000163176 -0.000104288 -0.705706694
1770029726.575008 2.069502382 0.999454280 0.873716882 0.708472747 0.000213607 -0.000165907 -0.705738120
1770029726.585835 2.068428367 0.999504377 0.874516788 0.708430157 0.000209352 -0.000192945 -0.705780867
1770029726.596530 2.067381589 0.999545826 0.875321566 0.708395288 0.000144834 -0.000205472 -0.705815878
1770029726.607256 2.066336189 0.999578025 0.876112797 0.708368246 0.000077822 -0.000240137 -0.705843017
1770029726.618048 2.065258293 0.999603499 0.876920619 0.708342199 0.000035469 -0.000299670 -0.705869137
1770029726.628824 2.064183982 0.999622896 0.877779212 0.708305842 -0.000022636 -0.000330225 -0.705905606
1770029726.639220 2.063180876 0.999644910 0.878614854 0.708277187 -0.000096272 -0.000327927 -0.705934352
1770029726.649693 2.062132519 0.999679400 0.879472541 0.708261528 -0.000143980 -0.000326964 -0.705950055
1770029726.660338 2.061060817 0.999704358 0.880302103 0.708276482 -0.000186071 -0.000348015 -0.705935032
1770029726.670858 2.059972341 0.999730446 0.881142828 0.708285635 -0.000211507 -0.000393691 -0.705925817
1770029726.681996 2.058824709 0.999761999 0.882079155 0.708257228 -0.000198971 -0.000448406 -0.705954289
1770029726.692572 2.057734053 0.999788140 0.883016674 0.708211761 -0.000177945 -0.000478670 -0.705999888
1770029726.703093 2.056671221 0.999812667 0.883953679 0.708186200 -0.000203253 -0.000470507 -0.706025527
1770029726.713548 2.055580236 0.999847512 0.884872362 0.708182132 -0.000221527 -0.000501121 -0.706029580
1770029726.724061 2.054494109 0.999866679 0.885788219 0.708196358 -0.000262054 -0.000520148 -0.706015283
1770029726.734550 2.053409751 0.999895272 0.886765458 0.708177083 -0.000263342 -0.000511416 -0.706034623
1770029726.745146 2.052322840 0.999930754 0.887807638 0.708116922 -0.000256020 -0.000509167 -0.706094966
1770029726.755747 2.051272952 0.999956895 0.888819068 0.708078827 -0.000288043 -0.000491151 -0.706133168
1770029726.766526 2.050149491 0.999995155 0.889829053 0.708067845 -0.000288452 -0.000510861 -0.706144165
1770029726.777077 2.048996851 1.000020786 0.890840327 0.708082905 -0.000289219 -0.000519935 -0.706129057
1770029726.787580 2.047852205 1.000048672 0.891882502 0.708047782 -0.000225665 -0.000568578 -0.706164261
1770029726.798020 2.046722119 1.000078273 0.892946322 0.707993927 -0.000156926 -0.000626677 -0.706218226
1770029726.808997 2.045635191 1.000113824 0.893977236 0.707949090 -0.000108487 -0.000672660 -0.706263139
1770029726.819571 2.044415173 1.000134624 0.895116400 0.707963564 -0.000123258 -0.000667713 -0.706248632
1770029726.829943 2.043321205 1.000148030 0.896171610 0.707974821 -0.000149611 -0.000626036 -0.706237382
1770029726.840405 2.042205349 1.000173461 0.897305620 0.707933466 -0.000143049 -0.000598443 -0.706278860
1770029726.850995 2.041105961 1.000180837 0.898410607 0.707911629 -0.000137335 -0.000562857 -0.706300779
1770029726.861404 2.039951157 1.000215227 0.899557278 0.707879688 -0.000099265 -0.000557521 -0.706332801
1770029726.871736 2.038856233 1.000238377 0.900648784 0.707900735 -0.000163844 -0.000495986 -0.706311742
1770029726.882197 2.037750661 1.000256867 0.901789036 0.707892070 -0.000211310 -0.000441005 -0.706320450
1770029726.892872 2.036590179 1.000295594 0.903011518 0.707816532 -0.000168977 -0.000450329 -0.706396154
1770029726.903329 2.035428154 1.000324131 0.904219430 0.707766106 -0.000135130 -0.000440239 -0.706446691
1770029726.914310 2.034167916 1.000370666 0.905461345 0.707729102 -0.000063334 -0.000483793 -0.706483744
1770029726.925029 2.032947672 1.000394849 0.906660373 0.707717234 -0.000046136 -0.000525446 -0.706495604
1770029726.935651 2.031756771 1.000412130 0.907903687 0.707667727 -0.000030795 -0.000552328 -0.706545173
1770029726.946309 2.030569530 1.000433526 0.909175028 0.707602184 -0.000012066 -0.000586806 -0.706610787
1770029726.956963 2.029408938 1.000449681 0.910413825 0.707561823 -0.000036789 -0.000605242 -0.706651186
1770029726.967536 2.028225578 1.000466606 0.911632035 0.707563983 -0.000085598 -0.000614366 -0.706649011
1770029726.978359 2.027015012 1.000492277 0.912929600 0.707524345 -0.000116283 -0.000612602 -0.706688696
1770029726.989160 2.025796619 1.000508443 0.914265383 0.707468318 -0.000148115 -0.000604432 -0.706744785
1770029726.999911 2.024610681 1.000532574 0.915553653 0.707422082 -0.000170742 -0.000601101 -0.706791063
1770029727.010281 2.023406040 1.000559633 0.916829550 0.707394788 -0.000189090 -0.000604436 -0.706818373
1770029727.021079 2.022240422 1.000558419 0.918098810 0.707398033 -0.000284491 -0.000523196 -0.706815158
1770029727.031684 2.020998819 1.000591534 0.919480608 0.707324875 -0.000275526 -0.000488815 -0.706888398
1770029727.042190 2.019765698 1.000627049 0.920828598 0.707249639 -0.000236824 -0.000497219 -0.706963680
1770029727.053126 2.018536534 1.000659306 0.922160808 0.707210917 -0.000246159 -0.000478319 -0.707002426
1770029727.063789 2.017248878 1.000689092 0.923528135 0.707164365 -0.000227441 -0.000499901 -0.707048979
1770029727.074442 2.016018819 1.000700424 0.924892322 -0.707103742 0.000260317 0.000494408 0.707109599
1770029727.085254 2.014771616 1.000718305 0.926279465 -0.707042229 0.000289464 0.000472705 0.707171110
1770029727.095845 2.013525118 1.000741963 0.927638372 -0.706990739 0.000290473 0.000457117 0.707222597
1770029727.106479 2.012305103 1.000758851 0.928942582 -0.706964477 0.000289124 0.000414526 0.707248876
1770029727.117016 2.011050231 1.000774085 0.930321154 -0.706903160 0.000271079 0.000389107 0.707310185
1770029727.127663 2.009791749 1.000781988 0.931719527 -0.706824998 0.000253905 0.000355040 0.707388317
1770029727.138155 2.008549366 1.000807612 0.933093086 -0.706757310 0.000254245 0.000323543 0.707455960
1770029727.148715 2.007303443 1.000823451 0.934421977 -0.706726815 0.000270939 0.000301328 0.707486428
1770029727.159314 2.006037192 1.000850679 0.935808930 -0.706655538 0.000267211 0.000287835 0.707557627
1770029727.169756 2.004802009 1.000846420 0.937209057 -0.706580206 0.000308769 0.000246869 0.707632854
1770029727.180251 2.003595701 1.000859499 0.938591356 -0.706497440 0.000360918 0.000181655 0.707715482
1770029727.190678 2.002333142 1.000872085 0.939933263 -0.706451017 0.000389073 0.000177141 0.707761809
1770029727.201180 2.001087024 1.000891250 0.941258829 -0.706401181 0.000419406 0.000175978 0.707811532
1770029727.211663 1.999751731 1.000905598 0.942666150 -0.706307567 0.000363977 0.000218204 0.707904966
1770029727.222029 1.998474952 1.000929065 0.944050518 -0.706201523 0.000316432 0.000237846 0.708010771
1770029727.232499 1.997204438 1.000951545 0.945430177 -0.706097487 0.000264688 0.000248161 0.708114543
1770029727.242954 1.995918015 1.000978604 0.946790619 -0.706019404 0.000252421 0.000253553 0.708192398
1770029727.253744 1.994651841 1.000984944 0.948130753 -0.705946565 0.000242601 0.000229159 0.708265018
1770029727.264453 1.993312381 1.000992717 0.949583200 -0.705827453 0.000187695 0.000202982 0.708383745
1770029727.274878 1.992051810 1.000997656 0.950959565 -0.705721683 0.000188219 0.000161529 0.708489128
1770029727.285341 1.990793669 1.001014803 0.952312000 -0.705629594 0.000225114 0.000135692 0.708580840
1770029727.295810 1.989526331 1.001022064 0.953628072 -0.705562607 0.000305668 0.000119731 0.708647515
1770029727.306286 1.988252678 1.001023039 0.954950652 -0.705470355 0.000377086 0.000148315 0.708739313
1770029727.316718 1.986980105 1.001028618 0.956298126 -0.705350971 0.000412913 0.000178854 0.708858099
1770029727.327293 1.985682558 1.001037397 0.957659096 -0.705228767 0.000414007 0.000176853 0.708979678
1770029727.337972 1.984407841 1.001053970 0.958985861 -0.705126526 0.000377272 0.000088125 0.709081400
1770029727.349185 1.983129351 1.001056893 0.960297754 -0.705041435 0.000275784 -0.000131986 0.709166047
1770029727.360466 1.981708378 1.001054664 0.961716592 -0.704915160 -0.000004972 -0.000377995 0.709291530
1770029727.371072 1.980412534 1.001062811 0.963051038 -0.704754552 -0.000240685 -0.000603233 0.709450915
1770029727.381699 1.979135930 1.001077471 0.964369134 -0.704576349 -0.000423721 -0.000813125 0.709627598
1770029727.393251 1.977815317 1.001082466 0.965659493 -0.704397289 -0.000627724 -0.000943564 0.709805026
1770029727.404707 1.976363093 1.001081504 0.967094913 -0.704181946 -0.000793957 -0.001150103 0.710018192
1770029727.415421 1.975052032 1.001095843 0.968409249 -0.703929954 -0.001020250 -0.001299989 0.710267477
1770029727.426228 1.973762188 1.001087336 0.969713850 -0.703672084 -0.001206367 -0.001457939 0.710522356
1770029727.437067 1.972515250 1.001084271 0.970977359 -0.703403466 -0.001362246 -0.001602277 0.710787690
1770029727.447851 1.971228178 1.001096913 0.972284412 -0.703103894 -0.001516861 -0.001735094 0.711083401
1770029727.458611 1.970000352 1.001105144 0.973484583 -0.702828476 -0.001665508 -0.001843882 0.711355017
1770029727.469970 1.968731140 1.001095624 0.974708761 -0.702535527 -0.001855545 -0.001955739 0.711643566
1770029727.480962 1.967425719 1.001075238 0.976024295 -0.702189658 -0.001979995 -0.002118079 0.711984043
1770029727.491737 1.966252420 1.001072115 0.977246477 -0.701836485 -0.002088709 -0.002256369 0.712331449
1770029727.502635 1.965091778 1.001068312 0.978449202 -0.701481103 -0.002164248 -0.002390990 0.712680757
1770029727.513628 1.963868446 1.001075474 0.979655094 -0.701114301 -0.002279410 -0.002463198 0.713041004
1770029727.524630 1.962609159 1.001069227 0.980818597 -0.700776362 -0.002421163 -0.002480881 0.713372605
1770029727.535340 1.961408997 1.001062131 0.981952160 -0.700419596 -0.002582420 -0.002461859 0.713722397
1770029727.546128 1.960237484 1.001054456 0.983103986 -0.700031870 -0.002726753 -0.002471808 0.714102119
1770029727.556842 1.959098132 1.001049615 0.984247015 -0.699629331 -0.002884526 -0.002477579 0.714495864
1770029727.567636 1.957956499 1.001054088 0.985356649 -0.699236946 -0.003072389 -0.002454040 0.714879173
1770029727.578372 1.956828147 1.001056350 0.986455680 -0.698846275 -0.003237091 -0.002453019 0.715260364
1770029727.589151 1.955718662 1.001055045 0.987507688 -0.698475968 -0.003422300 -0.002397211 0.715621313
1770029727.599881 1.954651409 1.001041079 0.988536632 -0.698106696 -0.003562753 -0.002363333 0.715980979
1770029727.610608 1.953606805 1.001031079 0.989571319 -0.697717797 -0.003724721 -0.002338846 0.716359220
1770029727.621495 1.952585846 1.001016186 0.990611792 -0.697315316 -0.003870104 -0.002317202 0.716750307
1770029727.632934 1.951530553 1.001005882 0.991705998 -0.696877028 -0.004014803 -0.002278080 0.717175780
1770029727.643428 1.950517033 1.001002144 0.992739971 -0.696463104 -0.004172412 -0.002211452 0.717577066
1770029727.654096 1.949576552 1.000998273 0.993722278 -0.696063183 -0.004290044 -0.002171656 0.717964431
1770029727.664796 1.948637287 1.000998815 0.994696592 -0.695663935 -0.004457649 -0.002103832 0.718350467
1770029727.675378 1.947701151 1.000995370 0.995654269 -0.695283462 -0.004630990 -0.002037441 0.718717824
1770029727.685782 1.946853975 1.000988654 0.996578751 -0.694905167 -0.004792750 -0.002013616 0.719082598
1770029727.697614 1.945960125 1.000983605 0.997524171 -0.694521041 -0.005003851 -0.001920943 0.719452428
1770029727.708619 1.944971038 1.000980142 0.998615840 -0.694063248 -0.005226476 -0.001783630 0.719892846
1770029727.719329 1.944094775 1.000981097 0.999595836 -0.693654151 -0.005451881 -0.001620999 0.720285754
1770029727.730456 1.943245922 1.000980767 1.000577147 -0.693240092 -0.005649795 -0.001468441 0.720683078
1770029727.741427 1.942419561 1.000981036 1.001562231 -0.692832006 -0.005863388 -0.001304436 0.721074012
1770029727.752266 1.941632914 1.000976406 1.002512080 -0.692444833 -0.006066546 -0.001141068 0.721444418
1770029727.763017 1.940863986 1.000972406 1.003461344 -0.692063936 -0.006294794 -0.000966255 0.721808112
1770029727.773719 1.940136742 1.000968394 1.004367235 -0.691713768 -0.006492121 -0.000779579 0.722142166
1770029727.784361 1.939445944 1.000956923 1.005291630 -0.691349779 -0.006696068 -0.000602254 0.722488950
1770029727.794904 1.938772311 1.000942350 1.006221451 -0.690988396 -0.006914255 -0.000421089 0.722832659
1770029727.805311 1.938144285 1.000928829 1.007143514 -0.690623130 -0.007129094 -0.000257359 0.723179648
1770029727.815762 1.937520300 1.000920422 1.008111482 -0.690237699 -0.007373642 -0.000099311 0.723545118
1770029727.826142 1.936921547 1.000911788 1.009060071 -0.689863555 -0.007598071 0.000068669 0.723899538
1770029727.836556 1.936341224 1.000907995 1.010016316 -0.689494086 -0.007821669 0.000260272 0.724249031
1770029727.847023 1.935780033 1.000905985 1.010984424 -0.689129490 -0.008054854 0.000443768 0.724593312
1770029727.857399 1.935238083 1.000910279 1.011946653 -0.688764628 -0.008301600 0.000610323 0.724937238
1770029727.867889 1.934706945 1.000921863 1.012924320 -0.688396831 -0.008544010 0.000757476 0.725283551
1770029727.878299 1.934217668 1.000929234 1.013916679 -0.688012599 -0.008767063 0.000866269 0.725645266
1770029727.888633 1.933738149 1.000939535 1.014933793 -0.687610430 -0.008987241 0.000967857 0.726023546
1770029727.899046 1.933285848 1.000950011 1.015988517 -0.687177295 -0.009179970 0.001044703 0.726431003
1770029727.909485 1.932848400 1.000971325 1.017086381 -0.686716522 -0.009389999 0.001107336 0.726863825
1770029727.920221 1.932412962 1.000992745 1.018223082 -0.686253663 -0.009603653 0.001199028 0.727297905
1770029727.931488 1.931993307 1.001019750 1.019418397 -0.685770606 -0.009823463 0.001292482 0.727750304
1770029727.942838 1.931561878 1.001047978 1.020686386 -0.685296900 -0.010091338 0.001446299 0.728192442
1770029727.953739 1.931148430 1.001069243 1.021902638 -0.684880489 -0.010381601 0.001653759 0.728579579
1770029727.964627 1.930756012 1.001095285 1.023139874 -0.684478651 -0.010717653 0.001871169 0.728951718
1770029727.975356 1.930365085 1.001113437 1.024394324 -0.684097054 -0.011088307 0.002126422 0.729303605
1770029727.986061 1.929959116 1.001138449 1.025684441 -0.683711725 -0.011500680 0.002413283 0.729657583
1770029727.997473 1.929570165 1.001166920 1.026979273 -0.683329844 -0.011909471 0.002712611 0.730007623
1770029728.008157 1.929122291 1.001201234 1.028453936 -0.682919149 -0.012399248 0.003084376 0.730382216
1770029728.018705 1.928739822 1.001232097 1.029792030 -0.682561397 -0.012834727 0.003419109 0.730707546
1770029728.029145 1.928349754 1.001269719 1.031193462 -0.682203894 -0.013301199 0.003784052 0.731031193
1770029728.039517 1.927965061 1.001309948 1.032548301 -0.681900636 -0.013789240 0.004156673 0.731303017
1770029728.049875 1.927588692 1.001332805 1.033927700 -0.681608636 -0.014288440 0.004531300 0.731563377
1770029728.060271 1.927198889 1.001363723 1.035374638 -0.681291488 -0.014800787 0.004932407 0.731845965
1770029728.070860 1.926833021 1.001395584 1.036875591 -0.680955850 -0.015287209 0.005322897 0.732145545
1770029728.081334 1.926441993 1.001441221 1.038474756 -0.680597364 -0.015819693 0.005734144 0.732464392
1770029728.091881 1.926044023 1.001472668 1.040060297 -0.680266538 -0.016359672 0.006152845 0.732756399
1770029728.102311 1.925662446 1.001517322 1.041644260 -0.679963275 -0.016911159 0.006540589 0.733021950
1770029728.112800 1.925240481 1.001572709 1.043303261 -0.679652495 -0.017542911 0.006944123 0.733291559
1770029728.123175 1.924832599 1.001602069 1.044928937 -0.679377245 -0.018135410 0.007358078 0.733528135
1770029728.133631 1.924394989 1.001644540 1.046691707 -0.679033407 -0.018735353 0.007796775 0.733826839
1770029728.143999 1.923960467 1.001690254 1.048477221 -0.678683788 -0.019298290 0.008248033 0.734130684
1770029728.154432 1.923554947 1.001729522 1.050260737 -0.678353178 -0.019838819 0.008664050 0.734416995
1770029728.165003 1.923056278 1.001788471 1.052117237 -0.678033563 -0.020477425 0.009141575 0.734688774
1770029728.175478 1.922539148 1.001840515 1.053971149 -0.677755374 -0.021129486 0.009657777 0.734920353
1770029728.185984 1.922003306 1.001887863 1.055893791 -0.677461096 -0.021784391 0.010191610 0.735165311
1770029728.196534 1.921431849 1.001935702 1.057892170 -0.677132060 -0.022439550 0.010749850 0.735440739
1770029728.207104 1.920863311 1.001984493 1.059939839 -0.676791839 -0.023089318 0.011277592 0.735725836
1770029728.217779 1.920278883 1.002046927 1.062003154 -0.676493207 -0.023751823 0.011809180 0.735971015
1770029728.228471 1.919653516 1.002110637 1.064089381 -0.676206878 -0.024414214 0.012391159 0.736202868
1770029728.239372 1.919030303 1.002161645 1.066267620 -0.675916598 -0.025082070 0.012943015 0.736437452
1770029728.249986 1.918367221 1.002214380 1.068514117 -0.675566549 -0.025741868 0.013492418 0.736725965
1770029728.260560 1.917645834 1.002267809 1.070764316 -0.675208606 -0.026435761 0.014056249 0.737018936
1770029728.271257 1.916897856 1.002333004 1.072975570 -0.674929080 -0.027150069 0.014629170 0.737237817
1770029728.281928 1.916092230 1.002392522 1.075243475 -0.674703614 -0.027884276 0.015287881 0.737403404
1770029728.292439 1.915280427 1.002437787 1.077551216 -0.674469374 -0.028595243 0.015944185 0.737576545
1770029728.303007 1.914533807 1.002476954 1.079828664 -0.674206935 -0.029204563 0.016509175 0.737780150
1770029728.313640 1.913731390 1.002537470 1.082287501 -0.673852599 -0.029811673 0.017073606 0.738066685
1770029728.324159 1.912845947 1.002608238 1.084618998 -0.673648160 -0.030496148 0.017701789 0.738210531
1770029728.334746 1.911887510 1.002666753 1.087003000 -0.673448173 -0.031202074 0.018400426 0.738346405
1770029728.345469 1.910887601 1.002718018 1.089534638 -0.673189138 -0.031898362 0.019093938 0.738535240
1770029728.355966 1.909918635 1.002764309 1.092014362 -0.672951013 -0.032525484 0.019748795 0.738707664
1770029728.366907 1.908949562 1.002836999 1.094529876 -0.672714637 -0.033114733 0.020389550 0.738879353
1770029728.377482 1.907863435 1.002913772 1.097098093 -0.672569868 -0.033764402 0.021117292 0.738961296
1770029728.388062 1.906721661 1.002964432 1.099711404 -0.672381953 -0.034384585 0.021893924 0.739081095
1770029728.398443 1.905622734 1.003002915 1.102260021 -0.672187559 -0.034942751 0.022594126 0.739210656
1770029728.408913 1.904557058 1.003049923 1.104799531 -0.672042078 -0.035446397 0.023250560 0.739298593
1770029728.419445 1.903415918 1.003117064 1.107290690 -0.671994417 -0.035967054 0.023977085 0.739293564
1770029728.429933 1.902185022 1.003169060 1.109887048 -0.671923551 -0.036499774 0.024736516 0.739306847
1770029728.440313 1.900943234 1.003200406 1.112489777 -0.671809778 -0.036990471 0.025486866 0.739360363
1770029728.450686 1.899724430 1.003246184 1.115050325 -0.671776544 -0.037414861 0.026221158 0.739343529
1770029728.461163 1.898473021 1.003313198 1.117657560 -0.671731332 -0.037796847 0.026953139 0.739338856
1770029728.471569 1.897169056 1.003378836 1.120247888 -0.671730822 -0.038171062 0.027720586 0.739291717
1770029728.482202 1.895848913 1.003415939 1.122875511 -0.671705899 -0.038515625 0.028455580 0.739268565
1770029728.492796 1.894494230 1.003446734 1.125613852 -0.671708060 -0.038776380 0.029195606 0.739224114
1770029728.503318 1.893174945 1.003482973 1.128196087 -0.671767401 -0.038971208 0.029916656 0.739131110
1770029728.513816 1.891751994 1.003537890 1.130828917 -0.671854709 -0.039218624 0.030683189 0.739007234
1770029728.524340 1.890326384 1.003581771 1.133423632 -0.672007315 -0.039399379 0.031445083 0.738826816
1770029728.534966 1.888928933 1.003602085 1.136086272 -0.672082312 -0.039483912 0.032151333 0.738723682
1770029728.545717 1.887452584 1.003640861 1.138830977 -0.672156063 -0.039536259 0.032871178 0.738622094
1770029728.556362 1.885953684 1.003695467 1.141472798 -0.672342263 -0.039562047 0.033614536 0.738417761
1770029728.566931 1.884461237 1.003733948 1.144110450 -0.672484267 -0.039537823 0.034303277 0.738258055
1770029728.577450 1.883022630 1.003747777 1.146747036 -0.672688425 -0.039404307 0.034931915 0.738049690
1770029728.587910 1.881513336 1.003757316 1.149349159 -0.672937375 -0.039283609 0.035614575 0.737796509
1770029728.598297 1.880018655 1.003783398 1.151935568 -0.673150887 -0.039060233 0.036279570 0.737581164
1770029728.608803 1.878507102 1.003824329 1.154519921 -0.673399652 -0.038778614 0.036945808 0.737335836
1770029728.619263 1.877006997 1.003877849 1.157072087 -0.673735291 -0.038404950 0.037586952 0.737016308
1770029728.629705 1.875459323 1.003898646 1.159622231 -0.673991958 -0.038014378 0.038241037 0.736768193
1770029728.640368 1.873912863 1.003894849 1.162226471 -0.674271761 -0.037543655 0.038880804 0.736502783
1770029728.651326 1.872332427 1.003886087 1.164937770 -0.674646057 -0.036941787 0.039480226 0.736158485
1770029728.661848 1.870784163 1.003910045 1.167442774 -0.675044922 -0.036346747 0.040072402 0.735790371
1770029728.672254 1.869204645 1.004011344 1.169770772 -0.675615317 -0.035668528 0.040707735 0.735264973
1770029728.682628 1.867648923 1.004279285 1.171779845 -0.676242516 -0.034855168 0.041293769 0.734694495
1770029728.693051 1.866111866 1.004747268 1.173458368 -0.676939889 -0.033890542 0.041832892 0.734066637
1770029728.703625 1.864554679 1.005404392 1.174786197 -0.677911931 -0.032875483 0.042330101 0.733186729
1770029728.714252 1.862859823 1.006189723 1.175907709 -0.679193490 -0.031971118 0.042799034 0.732012495
1770029728.724838 1.861189459 1.006965642 1.176914231 -0.680788091 -0.031178826 0.043086864 0.730547040
1770029728.735322 1.859573950 1.007681401 1.177852837 -0.682650837 -0.030514442 0.043159383 0.728830550
1770029728.745948 1.857939686 1.008358297 1.178789336 -0.684633115 -0.029947240 0.043023644 0.727000431
1770029728.756715 1.856297327 1.009001154 1.179747168 -0.686593709 -0.029474475 0.042730576 0.725185791
1770029728.767530 1.854588689 1.009663833 1.180740766 -0.688584642 -0.029081728 0.042252477 0.723339596
1770029728.778742 1.852851806 1.010361396 1.181804925 -0.690538561 -0.028634662 0.041621736 0.721529059
1770029728.789676 1.851209351 1.011029649 1.182899530 -0.692329626 -0.028167116 0.040948056 0.719867737
1770029728.800127 1.849538910 1.011668814 1.183980021 -0.694042385 -0.027753484 0.040313788 0.718268551
1770029728.810496 1.847879040 1.012250296 1.185083424 -0.695555204 -0.027415701 0.039744369 0.716848466
1770029728.821190 1.846218186 1.012827761 1.186181078 -0.697148871 -0.027043778 0.039132322 0.715346593
1770029728.832271 1.844595996 1.013411167 1.187364223 -0.698597306 -0.026622349 0.038463810 0.713984306
1770029728.842817 1.842891660 1.013984910 1.188649955 -0.699928213 -0.026227272 0.037853287 0.712726985
1770029728.853542 1.841235382 1.014514899 1.189876591 -0.701157955 -0.025870989 0.037289368 0.711560058
1770029728.864662 1.839436542 1.015051724 1.191224691 -0.702314806 -0.025558446 0.036726148 0.710458914
1770029728.875453 1.837712544 1.015579534 1.192559127 -0.703522030 -0.025180170 0.036111877 0.709308568
1770029728.886281 1.836062395 1.016089767 1.193897434 -0.704618491 -0.024795843 0.035473348 0.708265198
1770029728.896772 1.834379081 1.016568355 1.195259709 -0.705566529 -0.024499219 0.034930075 0.707358149
1770029728.907161 1.832702766 1.017020569 1.196579797 0.706515845 0.024249761 -0.034428468 -0.706443197
1770029728.917895 1.830982851 1.017472359 1.197939783 0.707440642 0.023996251 -0.033899756 -0.705551362
1770029728.928508 1.829355700 1.017907763 1.199294668 0.708326080 0.023728572 -0.033309895 -0.704699631
1770029728.939024 1.827739700 1.018338324 1.200644344 0.709287758 0.023430533 -0.032705975 -0.703769995
1770029728.949440 1.826061396 1.018749278 1.202025964 0.710128830 0.023199886 -0.032188260 -0.702952861
1770029728.960072 1.824338658 1.019134272 1.203454571 0.710895944 0.023020767 -0.031726826 -0.702203966
1770029728.971090 1.822579556 1.019541207 1.204878250 0.711836288 0.022801567 -0.031169218 -0.701282873
1770029728.981822 1.820902559 1.019919010 1.206287232 0.712658523 0.022572810 -0.030638619 -0.700478103
1770029728.992435 1.819306261 1.020281647 1.207693507 0.713458062 0.022293089 -0.030081653 -0.699696867
1770029729.003176 1.817639127 1.020638000 1.209096034 0.714299668 0.022075895 -0.029560270 -0.698866818
1770029729.013803 1.815925172 1.020976538 1.210535227 0.715019428 0.021930178 -0.029110196 -0.698153910
1770029729.024454 1.814256807 1.021293141 1.211945498 0.715764266 0.021751872 -0.028637109 -0.697415434
1770029729.034931 1.812615184 1.021599947 1.213347765 0.716531120 0.021552919 -0.028155657 -0.696653346
1770029729.045585 1.811029585 1.021913012 1.214748746 0.717284118 0.021315390 -0.027621502 -0.695906748
1770029729.056222 1.809465347 1.022198658 1.216155912 0.717971263 0.021097168 -0.027109099 -0.695224619
1770029729.067203 1.807741866 1.022481560 1.217659141 0.718643820 0.020952624 -0.026643378 -0.694551782
1770029729.078047 1.806011293 1.022746527 1.219139786 0.719327377 0.020827405 -0.026180705 -0.693865199
1770029729.088649 1.804353871 1.022992415 1.220585491 0.719969919 0.020683860 -0.025723226 -0.693219885
1770029729.099142 1.802777094 1.023228547 1.221989198 0.720566469 0.020526992 -0.025274591 -0.692620965
1770029729.109491 1.801269396 1.023465555 1.223401916 0.721163231 0.020315565 -0.024782357 -0.692023632
1770029729.120217 1.799705693 1.023688739 1.224856120 0.721672631 0.020160993 -0.024332450 -0.691512892
1770029729.131383 1.797977937 1.023898550 1.226408280 0.722195270 0.020046547 -0.023887372 -0.690985905
1770029729.141952 1.796329469 1.024083827 1.227877923 0.722723483 0.019937937 -0.023473267 -0.690450759
1770029729.152393 1.794769024 1.024264816 1.229277920 0.723263084 0.019802930 -0.023047184 -0.689903749
1770029729.163056 1.793200027 1.024429068 1.230746252 0.723685347 0.019685012 -0.022656567 -0.689477120
1770029729.174007 1.791654636 1.024610938 1.232287976 0.724101553 0.019484112 -0.022189746 -0.689060901
1770029729.184670 1.790083808 1.024767260 1.233795403 0.724526862 0.019320048 -0.021736243 -0.688632775
1770029729.195161 1.788513298 1.024896841 1.235245488 0.724922680 0.019226696 -0.021347505 -0.688230867
1770029729.205559 1.786993823 1.025008657 1.236651015 0.725308758 0.019152582 -0.020945180 -0.687838413
1770029729.216240 1.785403450 1.025116225 1.238148256 0.725641240 0.019083146 -0.020585684 -0.687500440
1770029729.227026 1.783873515 1.025228270 1.239636082 0.725983351 0.018962602 -0.020183333 -0.687154442
1770029729.237623 1.782375646 1.025333915 1.241144264 0.726288904 0.018801966 -0.019763684 -0.686848099
1770029729.248153 1.780934926 1.025428180 1.242606409 0.726560311 0.018639555 -0.019330171 -0.686577764
1770029729.258621 1.779451438 1.025491572 1.244047149 0.726821946 0.018544562 -0.018964854 -0.686313553
1770029729.269252 1.777918208 1.025547841 1.245497655 0.727089870 0.018475615 -0.018634934 -0.686040605
1770029729.279832 1.776398400 1.025591744 1.246957853 0.727356340 0.018382500 -0.018295587 -0.685769720
1770029729.290359 1.774904650 1.025631426 1.248460303 0.727551014 0.018266175 -0.017969195 -0.685574924
1770029729.300981 1.773449655 1.025668810 1.249939048 0.727723506 0.018136031 -0.017614069 -0.685404499
1770029729.311686 1.772025580 1.025696620 1.251409723 0.727883693 0.017992263 -0.017256461 -0.685247271
1770029729.322461 1.770586798 1.025714342 1.252861538 0.728107560 0.017851211 -0.016868783 -0.685022744
1770029729.333117 1.769111710 1.025711798 1.254316188 0.728291385 0.017744314 -0.016545796 -0.684837962
1770029729.343814 1.767610310 1.025693024 1.255810960 0.728416902 0.017657948 -0.016257510 -0.684713595
1770029729.354437 1.766190922 1.025674808 1.257251976 0.728517279 0.017548720 -0.015973680 -0.684616285
1770029729.365177 1.764723985 1.025644971 1.258741476 0.728579346 0.017460585 -0.015693292 -0.684558971
1770029729.375914 1.763339103 1.025611502 1.260163849 0.728692178 0.017326031 -0.015360649 -0.684449830
1770029729.386477 1.761992405 1.025575080 1.261588482 0.728806629 0.017143268 -0.014998944 -0.684340586
1770029729.397173 1.760618612 1.025525466 1.263017951 0.728870347 0.016993870 -0.014687100 -0.684283212
1770029729.407696 1.759233803 1.025459682 1.264453530 0.728898458 0.016871106 -0.014437961 -0.684261608
1770029729.418427 1.757856441 1.025384312 1.265858490 0.728888942 0.016778139 -0.014224279 -0.684278506
1770029729.429182 1.756415952 1.025290811 1.267313016 0.728903993 0.016673175 -0.013974548 -0.684270185
1770029729.439829 1.755051973 1.025196158 1.268714609 0.728932230 0.016550048 -0.013700859 -0.684248629
1770029729.450333 1.753732192 1.025104065 1.270093108 0.728941856 0.016406643 -0.013410049 -0.684247590
1770029729.460849 1.752447070 1.025003661 1.271478505 0.728895413 0.016258829 -0.013143330 -0.684305765
1770029729.471419 1.751184629 1.024904351 1.272850965 0.728866499 0.016087031 -0.012849114 -0.684346210
1770029729.481976 1.749853619 1.024781986 1.274249170 0.728787523 0.015954446 -0.012625185 -0.684437584
1770029729.492415 1.748517426 1.024638678 1.275598603 0.728720324 0.015862273 -0.012426144 -0.684514915
1770029729.503142 1.747224034 1.024493808 1.276904113 0.728680189 0.015760117 -0.012197656 -0.684564109
1770029729.513870 1.745891922 1.024338371 1.278277178 0.728572423 0.015653531 -0.012003703 -0.684684674
1770029729.525245 1.744619446 1.024185877 1.279624770 0.728469245 0.015506190 -0.011764618 -0.684801950
1770029729.536064 1.743283609 1.024018235 1.281065126 0.728350762 0.015315194 -0.011512277 -0.684936552
1770029729.546697 1.742066484 1.023866568 1.282425283 0.728206801 0.015092468 -0.011273948 -0.685098511
1770029729.557147 1.740846157 1.023693229 1.283709259 0.728063422 0.014948171 -0.011067727 -0.685257405
1770029729.567751 1.739593553 1.023504079 1.284971553 0.727931146 0.014823368 -0.010917924 -0.685403030
1770029729.578393 1.738314168 1.023295583 1.286250654 0.727810980 0.014707064 -0.010745782 -0.685535855
1770029729.588887 1.737097821 1.023094056 1.287498079 0.727666053 0.014571936 -0.010583388 -0.685695097
1770029729.599472 1.735906023 1.022896420 1.288759410 0.727491682 0.014408171 -0.010388190 -0.685886538
1770029729.610040 1.734733205 1.022689609 1.290010875 0.727299479 0.014250619 -0.010210622 -0.686096299
1770029729.620583 1.733587558 1.022489088 1.291266446 0.727098753 0.014047814 -0.010006783 -0.686316200
1770029729.631079 1.732462778 1.022282953 1.292481780 0.726886792 0.013856800 -0.009797793 -0.686547584
1770029729.641564 1.731291839 1.022051541 1.293669569 0.726683722 0.013717621 -0.009639953 -0.686767549
1770029729.652014 1.730117781 1.021809624 1.294824962 0.726508198 0.013592430 -0.009482658 -0.686957905
1770029729.662663 1.728939400 1.021557361 1.295989169 0.726283718 0.013474993 -0.009388751 -0.687198834
1770029729.673390 1.727794581 1.021311442 1.297159371 0.726057726 0.013303443 -0.009247290 -0.687442859
1770029729.683908 1.726671771 1.021063268 1.298334093 0.725818298 0.013105828 -0.009099514 -0.687701414
1770029729.694307 1.725583977 1.020815597 1.299471968 0.725560476 0.012917054 -0.008965916 -0.687978748
1770029729.705101 1.724525667 1.020572486 1.300608088 0.725291170 0.012693725 -0.008807750 -0.688268852
1770029729.715610 1.723438424 1.020310961 1.301741825 0.725000096 0.012497835 -0.008660401 -0.688580905
1770029729.726878 1.722347380 1.020034926 1.302813017 0.724745753 0.012332894 -0.008537818 -0.688853104
1770029729.737743 1.721128086 1.019721058 1.303970753 0.724460709 0.012177139 -0.008443453 -0.689156808
1770029729.748750 1.719970504 1.019429566 1.305073188 0.724178909 0.012020399 -0.008335384 -0.689456988
1770029729.759454 1.718896385 1.019160383 1.306106747 0.723901343 0.011846534 -0.008238966 -0.689752582
1770029729.770011 1.717847121 1.018900365 1.307103824 0.723633181 0.011662572 -0.008106963 -0.690038608
1770029729.780728 1.716801860 1.018639928 1.308079856 0.723360540 0.011484952 -0.008001461 -0.690328618
1770029729.791356 1.715759658 1.018390394 1.309080133 0.723066655 0.011267649 -0.007866091 -0.690641570
1770029729.801933 1.714747558 1.018151064 1.310002117 0.722794562 0.011084250 -0.007729486 -0.690930833
1770029729.812685 1.713638863 1.017879878 1.310921125 0.722517617 0.010979068 -0.007640856 -0.691223098
1770029729.823411 1.712555989 1.017625889 1.311766889 0.722288286 0.010867923 -0.007551781 -0.691465466
1770029729.834203 1.711455622 1.017375790 1.312623420 0.722040938 0.010745192 -0.007475337 -0.691726495
1770029729.844700 1.710409205 1.017148561 1.313432770 0.721808465 0.010603201 -0.007381272 -0.691972274
1770029729.855204 1.709421247 1.016933417 1.314192502 0.721601271 0.010434431 -0.007258624 -0.692192199
1770029729.865833 1.708396948 1.016713973 1.314944730 0.721383160 0.010281269 -0.007168275 -0.692422738
1770029729.876369 1.707409447 1.016508674 1.315665353 0.721184041 0.010087461 -0.007060514 -0.692634082
1770029729.886863 1.706447897 1.016311571 1.316374994 0.720983273 0.009871662 -0.006936386 -0.692847426
1770029729.897240 1.705440605 1.016101226 1.317064960 0.720758544 0.009727021 -0.006856579 -0.693084045
1770029729.907626 1.704415715 1.015883936 1.317725274 0.720525459 0.009620446 -0.006818263 -0.693328221
1770029729.917985 1.703390718 1.015672234 1.318333747 0.720330134 0.009532825 -0.006747185 -0.693533055
1770029729.928606 1.702378831 1.015465135 1.318923907 0.720133637 0.009429246 -0.006677370 -0.693739178
1770029729.939467 1.701377347 1.015268713 1.319508965 0.719941291 0.009297609 -0.006578351 -0.693941509
1770029729.950036 1.700377154 1.015076662 1.320067197 0.719755898 0.009159283 -0.006484326 -0.694136520
1770029729.960685 1.699385003 1.014887727 1.320604573 0.719553046 0.009036513 -0.006397680 -0.694349210
1770029729.971494 1.698464817 1.014726710 1.321095042 0.719381696 0.008864404 -0.006247535 -0.694530321
1770029729.982418 1.697474997 1.014540206 1.321589004 0.719199953 0.008743027 -0.006123578 -0.694721159
1770029729.993250 1.696454741 1.014343947 1.322055207 0.719013544 0.008671169 -0.006046420 -0.694915661
1770029730.004145 1.695417423 1.014142168 1.322499358 0.718842207 0.008582682 -0.005967652 -0.695094674
1770029730.015083 1.694384499 1.013950261 1.322912695 0.718667624 0.008523578 -0.005918949 -0.695276320
1770029730.025767 1.693415458 1.013774517 1.323313387 0.718478485 0.008399821 -0.005843667 -0.695473911
1770029730.036385 1.692484910 1.013604257 1.323668672 0.718308306 0.008272115 -0.005760795 -0.695651898
1770029730.046915 1.691535410 1.013442286 1.324021705 0.718126633 0.008142654 -0.005686796 -0.695841574
1770029730.057587 1.690624829 1.013279598 1.324335997 0.717948164 0.008002132 -0.005602556 -0.696028024
1770029730.068105 1.689727432 1.013128882 1.324645584 0.717765370 0.007843592 -0.005503684 -0.696219119
1770029730.078594 1.688804984 1.012969178 1.324883544 0.717625911 0.007751872 -0.005388662 -0.696364791
1770029730.089043 1.687857523 1.012798596 1.325128068 0.717465430 0.007678185 -0.005332735 -0.696531380
1770029730.099749 1.686901927 1.012630084 1.325326593 0.717330340 0.007624007 -0.005279002 -0.696671508
1770029730.110492 1.685948233 1.012465993 1.325519515 0.717191745 0.007563694 -0.005227662 -0.696815229
1770029730.121057 1.685017623 1.012311333 1.325693472 0.717062371 0.007470495 -0.005145485 -0.696949978
1770029730.131836 1.684131602 1.012163739 1.325825772 0.716957417 0.007368912 -0.005050137 -0.697059723
1770029730.142449 1.683219700 1.012010559 1.325955766 0.716851694 0.007264619 -0.004959548 -0.697170193
1770029730.153020 1.682349785 1.011872713 1.326046785 0.716771227 0.007137913 -0.004844687 -0.697255038
1770029730.163418 1.681511513 1.011742646 1.326108321 0.716707293 0.006994769 -0.004720660 -0.697323056
1770029730.173950 1.680645496 1.011602678 1.326149222 0.716649090 0.006875777 -0.004626886 -0.697384684
1770029730.184600 1.679737485 1.011451483 1.326164259 0.716597383 0.006785351 -0.004554136 -0.697439180
1770029730.195192 1.678818467 1.011296370 1.326150461 0.716565096 0.006709224 -0.004485325 -0.697473535
1770029730.205785 1.677934425 1.011156793 1.326121627 0.716521989 0.006620054 -0.004423068 -0.697519068
1770029730.216228 1.677059058 1.011020565 1.326080300 0.716457654 0.006537422 -0.004369794 -0.697586265
1770029730.226685 1.676222065 1.010892551 1.326008858 0.716401484 0.006421700 -0.004294907 -0.697645490
1770029730.237345 1.675381876 1.010770992 1.325908118 0.716344491 0.006317271 -0.004209914 -0.697705481
1770029730.247855 1.674534277 1.010655058 1.325785908 0.716278640 0.006218878 -0.004120659 -0.697774502
1770029730.258253 1.673740179 1.010550731 1.325650250 0.716196353 0.006102644 -0.004015814 -0.697860599
1770029730.268853 1.672938710 1.010446313 1.325498544 0.716096355 0.006000483 -0.003918594 -0.697964647
1770029730.279421 1.672080250 1.010311859 1.325338314 0.715961961 0.005947769 -0.003863158 -0.698103266
1770029730.289900 1.671209768 1.010181449 1.325153472 0.715808400 0.005910345 -0.003839090 -0.698261171
1770029730.300264 1.670373836 1.010052877 1.324960999 0.715644508 0.005862796 -0.003828539 -0.698429601
1770029730.310653 1.669543585 1.009937390 1.324741696 0.715478404 0.005828375 -0.003818237 -0.698600103
1770029730.321013 1.668743383 1.009821296 1.324519365 0.715292420 0.005763045 -0.003793891 -0.698791205
1770029730.331573 1.667949440 1.009716941 1.324275491 0.715116859 0.005694684 -0.003768086 -0.698971566
1770029730.342357 1.667131413 1.009610915 1.324005183 0.714949532 0.005615061 -0.003747282 -0.699143473
1770029730.353131 1.666338306 1.009516396 1.323723179 0.714780858 0.005515454 -0.003715501 -0.699316881
1770029730.364251 1.665546205 1.009422823 1.323416561 0.714618580 0.005416680 -0.003655564 -0.699483796
1770029730.374981 1.664728279 1.009319778 1.323087094 0.714449356 0.005318580 -0.003616765 -0.699657594
1770029730.385541 1.663908737 1.009206065 1.322743119 0.714278426 0.005289673 -0.003598840 -0.699832407
1770029730.396245 1.663086691 1.009088556 1.322364560 0.714130271 0.005276133 -0.003591179 -0.699983730
1770029730.407166 1.662246355 1.008974265 1.321935355 0.713983845 0.005260457 -0.003567518 -0.700133323
1770029730.417660 1.661471264 1.008873191 1.321511532 0.713841640 0.005234286 -0.003546784 -0.700278613
1770029730.428331 1.660708867 1.008777110 1.321061376 0.713705189 0.005177461 -0.003509906 -0.700418288
1770029730.438927 1.659938033 1.008683950 1.320571663 0.713577248 0.005126303 -0.003469271 -0.700549210
1770029730.449580 1.659190736 1.008597183 1.320065755 0.713473295 0.005086560 -0.003417293 -0.700655626
1770029730.460080 1.658446726 1.008513901 1.319527877 0.713386208 0.005060130 -0.003350278 -0.700744810
1770029730.470613 1.657757983 1.008441416 1.318998467 0.713287475 0.004986298 -0.003282001 -0.700846162
1770029730.481166 1.657025826 1.008356432 1.318427221 0.713186999 0.004933557 -0.003202418 -0.700949149
1770029730.491579 1.656282269 1.008252968 1.317862419 0.713070966 0.004915558 -0.003177794 -0.701067426
1770029730.502055 1.655528778 1.008151790 1.317274087 0.712962411 0.004895925 -0.003163000 -0.701178027
1770029730.512594 1.654767095 1.008047482 1.316646771 0.712869913 0.004894660 -0.003153896 -0.701272118
1770029730.523197 1.654040611 1.007958773 1.315997525 0.712775341 0.004851785 -0.003133927 -0.701368628
1770029730.534803 1.653316256 1.007871866 1.315323968 0.712669867 0.004805176 -0.003087124 -0.701476330
1770029730.545758 1.652563445 1.007784499 1.314603276 0.712558220 0.004765256 -0.003035964 -0.701590236
1770029730.556729 1.651851058 1.007697324 1.313871090 0.712453491 0.004725878 -0.002967196 -0.701697146
1770029730.567346 1.651146311 1.007615792 1.313147706 0.712350965 0.004679881 -0.002932634 -0.701801682
1770029730.577988 1.650466251 1.007544586 1.312400961 0.712251902 0.004639510 -0.002883720 -0.701902690
1770029730.588507 1.649825956 1.007483533 1.311641649 0.712156942 0.004560831 -0.002820816 -0.701999809
1770029730.599454 1.649133788 1.007400483 1.310869728 0.712057807 0.004530075 -0.002794508 -0.702100669
1770029730.610101 1.648400771 1.007303771 1.310042382 0.711957921 0.004547364 -0.002783816 -0.702201887
1770029730.620539 1.647705856 1.007223379 1.309234380 0.711870970 0.004536351 -0.002784694 -0.702290104
1770029730.631023 1.647024374 1.007149188 1.308391898 0.711805587 0.004548519 -0.002758994 -0.702356395
1770029730.641384 1.646360217 1.007078097 1.307554527 0.711719265 0.004529000 -0.002739917 -0.702444069
1770029730.651724 1.645735372 1.007007947 1.306705487 0.711646461 0.004483386 -0.002700172 -0.702518273
1770029730.662104 1.645094039 1.006935830 1.305829461 0.711570834 0.004464869 -0.002675877 -0.702595085
1770029730.672562 1.644481225 1.006869447 1.304948594 0.711496555 0.004414347 -0.002644017 -0.702670745
1770029730.683255 1.643864070 1.006806159 1.304024049 0.711441051 0.004362863 -0.002592873 -0.702727453
1770029730.693942 1.643234478 1.006741350 1.303058903 0.711378333 0.004319476 -0.002554316 -0.702791353
1770029730.704394 1.642660153 1.006695492 1.302112088 0.711305398 0.004240930 -0.002495493 -0.702865860
1770029730.714821 1.642042863 1.006620966 1.301146900 0.711244463 0.004211234 -0.002480749 -0.702927753
1770029730.725259 1.641402976 1.006538134 1.300187478 0.711149847 0.004194764 -0.002494419 -0.703023525
1770029730.735883 1.640770539 1.006458122 1.299198059 0.711073185 0.004203462 -0.002494220 -0.703101014
1770029730.746485 1.640124537 1.006386221 1.298148334 0.711006471 0.004207618 -0.002488086 -0.703168475
1770029730.756954 1.639523333 1.006323852 1.297137449 0.710925193 0.004196795 -0.002471162 -0.703250773
1770029730.767385 1.638930809 1.006260834 1.296072865 0.710862098 0.004196393 -0.002427427 -0.703314706
1770029730.777817 1.638350567 1.006217059 1.295002428 0.710814390 0.004193960 -0.002376781 -0.703363110
1770029730.788372 1.637773137 1.006170837 1.293896030 0.710781684 0.004179936 -0.002334419 -0.703396387
1770029730.798966 1.637203182 1.006115435 1.292765169 0.710750846 0.004149900 -0.002276481 -0.703427915
1770029730.809455 1.636633377 1.006061310 1.291648211 0.710700822 0.004130983 -0.002252445 -0.703478645
1770029730.820007 1.636095894 1.006014078 1.290548592 0.710616499 0.004067020 -0.002243454 -0.703564224
1770029730.830487 1.635585354 1.005976699 1.289408925 0.710554275 0.004001535 -0.002197102 -0.703627588
1770029730.841274 1.635021746 1.005912310 1.288239982 0.710485978 0.003979137 -0.002190211 -0.703696700
1770029730.851979 1.634440506 1.005836850 1.287046305 0.710427683 0.003963785 -0.002197042 -0.703755617
1770029730.862482 1.633859536 1.005765607 1.285830809 0.710388380 0.003979785 -0.002201876 -0.703795185
1770029730.873037 1.633301697 1.005700501 1.284627917 0.710325254 0.003968119 -0.002219264 -0.703858908
1770029730.883785 1.632771218 1.005652567 1.283407848 0.710274610 0.003928817 -0.002219757 -0.703910233
1770029730.894430 1.632226296 1.005601724 1.282118737 0.710220320 0.003898376 -0.002212369 -0.703965202
1770029730.904895 1.631721114 1.005554590 1.280887673 0.710151316 0.003856115 -0.002211818 -0.704035046
1770029730.915275 1.631199157 1.005519390 1.279573182 0.710136037 0.003864843 -0.002171923 -0.704050534
1770029730.925686 1.630694527 1.005479589 1.278281209 0.710115001 0.003842656 -0.002155132 -0.704071925
1770029730.936307 1.630208961 1.005445990 1.276979956 0.710081869 0.003800763 -0.002127166 -0.704105652
1770029730.946803 1.629712511 1.005402552 1.275659519 0.710026079 0.003781824 -0.002110530 -0.704162063
1770029730.957271 1.629254914 1.005371037 1.274360395 0.709973808 0.003732447 -0.002075498 -0.704215132
1770029730.967704 1.628789199 1.005335679 1.273009980 0.709959779 0.003706867 -0.002029084 -0.704229546
1770029730.978611 1.628405261 1.005288467 1.271964968 0.709926054 0.003696667 -0.002023828 -0.704263613
1770029730.989516 1.627759830 1.005213837 1.270208558 0.709870089 0.003707296 -0.002022921 -0.704319970
1770029731.000174 1.627254911 1.005153764 1.268802347 0.709791958 0.003733875 -0.002028856 -0.704398550
1770029731.010717 1.626761680 1.005105424 1.267391293 0.709728506 0.003767259 -0.002041913 -0.704462267
1770029731.021222 1.626295470 1.005060446 1.265986246 0.709663572 0.003773547 -0.002044206 -0.704527640
1770029731.031882 1.625840897 1.005017117 1.264567573 0.709608152 0.003766759 -0.002039210 -0.704583511
1770029731.042735 1.625375481 1.004985612 1.263059938 0.709597428 0.003760855 -0.002024681 -0.704594385
1770029731.053205 1.624932594 1.004955308 1.261575831 0.709592803 0.003709907 -0.002019814 -0.704599327
1770029731.063678 1.624491739 1.004920885 1.260094914 0.709589844 0.003691953 -0.001998732 -0.704602461
1770029731.074195 1.624067854 1.004880049 1.258630579 0.709551478 0.003648721 -0.002004312 -0.704641306
1770029731.084955 1.623647675 1.004847157 1.257120229 0.709519028 0.003620449 -0.001984927 -0.704674181
1770029731.095536 1.623235624 1.004819017 1.255569045 0.709475513 0.003618244 -0.001945428 -0.704718114
1770029731.106316 1.622865287 1.004795737 1.254053946 0.709410875 0.003575815 -0.001897046 -0.704783531
1770029731.116927 1.622454435 1.004754897 1.252513509 0.709369448 0.003596782 -0.001871780 -0.704825188
1770029731.127588 1.622018227 1.004702788 1.250953273 0.709310354 0.003606009 -0.001889205 -0.704884564
1770029731.138052 1.621589453 1.004656448 1.249403156 0.709270104 0.003627734 -0.001912688 -0.704924890
1770029731.148789 1.621161814 1.004611997 1.247783038 0.709239601 0.003653699 -0.001926326 -0.704955409
1770029731.159530 1.620751529 1.004584987 1.246154022 0.709240324 0.003654937 -0.001931708 -0.704954661
1770029731.170312 1.620347448 1.004550581 1.244531655 0.709221290 0.003641326 -0.001945844 -0.704973841
1770029731.181016 1.619964582 1.004514971 1.242942942 0.709173743 0.003651202 -0.001946233 -0.705021619
1770029731.191901 1.619585474 1.004483735 1.241276983 0.709122152 0.003664552 -0.001936958 -0.705073466
1770029731.202554 1.619232196 1.004459610 1.239613107 0.709086258 0.003628654 -0.001925370 -0.705109782
1770029731.213050 1.618894158 1.004430683 1.237973787 0.709093340 0.003610098 -0.001895627 -0.705102835
1770029731.223567 1.618556679 1.004396119 1.236333389 0.709062636 0.003569431 -0.001884412 -0.705133949
1770029731.234048 1.618221236 1.004370478 1.234680915 0.709056897 0.003542027 -0.001863513 -0.705139913
1770029731.244516 1.617887896 1.004341765 1.233018590 0.709056965 0.003546161 -0.001834024 -0.705139902
1770029731.255605 1.617564959 1.004321546 1.231294103 0.709047901 0.003525312 -0.001804342 -0.705149197
1770029731.266258 1.617227300 1.004308819 1.229503112 0.709069936 0.003543068 -0.001746422 -0.705127097
1770029731.276643 1.616902003 1.004284479 1.227822461 0.709043596 0.003546751 -0.001727821 -0.705153610
1770029731.287348 1.616556009 1.004245428 1.226112157 0.708994078 0.003572089 -0.001754441 -0.705203204
1770029731.297882 1.616210486 1.004198680 1.224387109 0.708969016 0.003605091 -0.001767797 -0.705228199
1770029731.308275 1.615896702 1.004162475 1.222666943 0.708961192 0.003623070 -0.001758804 -0.705235995
1770029731.318653 1.615593991 1.004123596 1.220977760 0.708931229 0.003631361 -0.001772976 -0.705266036
1770029731.329004 1.615306542 1.004097791 1.219248576 0.708904004 0.003609542 -0.001785295 -0.705293483
1770029731.339634 1.615015095 1.004071301 1.217522759 0.708881052 0.003614185 -0.001798425 -0.705316495
1770029731.350325 1.614722282 1.004043374 1.215712765 0.708852666 0.003642660 -0.001786232 -0.705344907
1770029731.360907 1.614433023 1.004027315 1.213886421 0.708867581 0.003685379 -0.001747166 -0.705329794
1770029731.371407 1.614151604 1.004005588 1.212130392 0.708841870 0.003685762 -0.001753513 -0.705355615
1770029731.381909 1.613888365 1.003984824 1.210353642 0.708812814 0.003687939 -0.001740862 -0.705384833
1770029731.392385 1.613636696 1.003965990 1.208552654 0.708797864 0.003684156 -0.001726982 -0.705399909
1770029731.402866 1.613402833 1.003944747 1.206776722 0.708770253 0.003644304 -0.001732671 -0.705427846
1770029731.413261 1.613160726 1.003921851 1.204940667 0.708765527 0.003649901 -0.001720507 -0.705432594
1770029731.423635 1.612931865 1.003900962 1.203171645 0.708728215 0.003626398 -0.001736700 -0.705470163
1770029731.434205 1.612696452 1.003877908 1.201380496 0.708699555 0.003628128 -0.001739058 -0.705498939
1770029731.444887 1.612450619 1.003859116 1.199493364 0.708698150 0.003655602 -0.001727597 -0.705500236
1770029731.455647 1.612218976 1.003842439 1.197590432 0.708701411 0.003655947 -0.001714196 -0.705496992
1770029731.466394 1.612000357 1.003827046 1.195685724 0.708726704 0.003647188 -0.001685358 -0.705471698
1770029731.477124 1.611784372 1.003810177 1.193803242 0.708708794 0.003627171 -0.001695326 -0.705489769
1770029731.487726 1.611555250 1.003775528 1.191915817 0.708691186 0.003621009 -0.001727829 -0.705507411
1770029731.498291 1.611346505 1.003740424 1.190058083 0.708672114 0.003609241 -0.001757684 -0.705526554
1770029731.508822 1.611128458 1.003706403 1.188189816 0.708650802 0.003634428 -0.001799322 -0.705547727
1770029731.519349 1.610928855 1.003683070 1.186301063 0.708614447 0.003624615 -0.001849051 -0.705584161
1770029731.530167 1.610721978 1.003668497 1.184386617 0.708610955 0.003662465 -0.001863791 -0.705587434
1770029731.541222 1.610509097 1.003646859 1.182333096 0.708605726 0.003693142 -0.001887644 -0.705592462
1770029731.551677 1.610331415 1.003625299 1.180403657 0.708605720 0.003702958 -0.001892962 -0.705592403
1770029731.562305 1.610143073 1.003604914 1.178430725 0.708632098 0.003741685 -0.001884738 -0.705565729
1770029731.572804 1.609980342 1.003580837 1.176588024 0.708582957 0.003717107 -0.001925320 -0.705615100
1770029731.583512 1.609832004 1.003564492 1.174661153 0.708538856 0.003734485 -0.001917312 -0.705659314
1770029731.594148 1.609678269 1.003540563 1.172729962 0.708510445 0.003753833 -0.001910622 -0.705687755
1770029731.605015 1.609531082 1.003525434 1.170800151 0.708503964 0.003756852 -0.001897826 -0.705694281
1770029731.615452 1.609378585 1.003511039 1.168775713 0.708542742 0.003793852 -0.001861325 -0.705655246
1770029731.626154 1.609230068 1.003485627 1.166790543 0.708562513 0.003782898 -0.001856938 -0.705635463
1770029731.636818 1.609097900 1.003470203 1.164810646 0.708576035 0.003794736 -0.001842123 -0.705621860
1770029731.647265 1.608987058 1.003449412 1.162860929 0.708580973 0.003804283 -0.001809639 -0.705616934
1770029731.657632 1.608882115 1.003426062 1.160957695 0.708580746 0.003809381 -0.001771332 -0.705617232
1770029731.668022 1.608765386 1.003402911 1.159051668 0.708561186 0.003803261 -0.001778087 -0.705636889
1770029731.678366 1.608655303 1.003392138 1.157127970 0.708559738 0.003810813 -0.001759319 -0.705638349
1770029731.688725 1.608543958 1.003383293 1.155179135 0.708558571 0.003837571 -0.001768463 -0.705639353
1770029731.699229 1.608436941 1.003355527 1.153215976 0.708579546 0.003859782 -0.001756181 -0.705618200
1770029731.709929 1.608330083 1.003329148 1.151151081 0.708622960 0.003917588 -0.001722995 -0.705574365
1770029731.720411 1.608247906 1.003306104 1.149225659 0.708587112 0.003917627 -0.001749525 -0.705610300
1770029731.731147 1.608173449 1.003286419 1.147222390 0.708574023 0.003918489 -0.001748343 -0.705623442
1770029731.741854 1.608088805 1.003263312 1.145211869 0.708563267 0.003931935 -0.001758475 -0.705634143
1770029731.752410 1.608005435 1.003243008 1.143232586 0.708571288 0.003955179 -0.001753582 -0.705625971
1770029731.762946 1.607936225 1.003227738 1.141161250 0.708638454 0.004008177 -0.001694733 -0.705558363
1770029731.773723 1.607873727 1.003205610 1.139167583 0.708663685 0.004007959 -0.001677315 -0.705533064
1770029731.784321 1.607809400 1.003187517 1.137153744 0.708660137 0.003991347 -0.001706227 -0.705536653
1770029731.795053 1.607755542 1.003158773 1.135155288 0.708614476 0.004010217 -0.001745265 -0.705582310
1770029731.805720 1.607711656 1.003138349 1.133201055 0.708567336 0.004007151 -0.001797492 -0.705629536
1770029731.816281 1.607675005 1.003117860 1.131162309 0.708565287 0.004028263 -0.001820340 -0.705631415
1770029731.826923 1.607634542 1.003100775 1.129126345 0.708572664 0.004037899 -0.001843713 -0.705623892
1770029731.837715 1.607595078 1.003083977 1.127052241 0.708588774 0.004062712 -0.001875209 -0.705607488
1770029731.848262 1.607573899 1.003064292 1.125012328 0.708603083 0.004053928 -0.001899588 -0.705593104
1770029731.858644 1.607562235 1.003042611 1.123063193 0.708606878 0.004033348 -0.001920720 -0.705589353
1770029731.869240 1.607564914 1.003013994 1.121075340 0.708623655 0.004001540 -0.001922186 -0.705572681
1770029731.879810 1.607566874 1.002994645 1.119043079 0.708625616 0.003970997 -0.001910850 -0.705570915
1770029731.890253 1.607556600 1.002979647 1.117030645 0.708650280 0.003952474 -0.001910274 -0.705546249
1770029731.900630 1.607536528 1.002954811 1.115050927 0.708663935 0.003941495 -0.001958041 -0.705532464
1770029731.911118 1.607532954 1.002922293 1.113054455 0.708695028 0.003961578 -0.001958812 -0.705501117
1770029731.921735 1.607527607 1.002874081 1.111057371 0.708691137 0.003975020 -0.001992483 -0.705504855
1770029731.932291 1.607529172 1.002829047 1.109051635 0.708684826 0.003986581 -0.002002950 -0.705511101
1770029731.942796 1.607529903 1.002790413 1.107033407 0.708671086 0.004029193 -0.002031437 -0.705524578
1770029731.953122 1.607528832 1.002757603 1.105082490 0.708662303 0.004034729 -0.002091605 -0.705533193
1770029731.963726 1.607540466 1.002723227 1.103033513 0.708731190 0.004054795 -0.002101470 -0.705463849
1770029731.974299 1.607556357 1.002678594 1.100969078 0.708752718 0.004061953 -0.002124491 -0.705442111
1770029731.985019 1.607592984 1.002639019 1.098906717 0.708772515 0.004078203 -0.002119048 -0.705422143
1770029731.995700 1.607639273 1.002601679 1.096882796 0.708783337 0.004083192 -0.002102415 -0.705411290
1770029732.006333 1.607690330 1.002577392 1.094944925 0.708773952 0.004052381 -0.002111454 -0.705420871
1770029732.016923 1.607750839 1.002555011 1.092875559 0.708808112 0.004053619 -0.002090979 -0.705386601
1770029732.027474 1.607807406 1.002534112 1.090896096 0.708824789 0.004060076 -0.002094749 -0.705369794
1770029732.038349 1.607864448 1.002501769 1.088819788 0.708836643 0.004102653 -0.002090129 -0.705357649
1770029732.048830 1.607932166 1.002462164 1.086800313 0.708845982 0.004109731 -0.002091255 -0.705348219
1770029732.059652 1.608030729 1.002434968 1.084778650 0.708858029 0.004098449 -0.002076971 -0.705336220
1770029732.070866 1.608130684 1.002413909 1.082745823 0.708847970 0.004105354 -0.002070571 -0.705346308
1770029732.082027 1.608215404 1.002386211 1.080546807 0.708877402 0.004136811 -0.002056690 -0.705316585
1770029732.092551 1.608306362 1.002356744 1.078503859 0.708905484 0.004177728 -0.002041394 -0.705288164
1770029732.103266 1.608404716 1.002327903 1.076523763 0.708922494 0.004176663 -0.002036977 -0.705271086
1770029732.114236 1.608524150 1.002289309 1.074429380 0.708955443 0.004166945 -0.002017540 -0.705238078
1770029732.124794 1.608652106 1.002257391 1.072446426 0.708962217 0.004121974 -0.002011634 -0.705231549
1770029732.135280 1.608775413 1.002229090 1.070446243 0.708978659 0.004095532 -0.002019420 -0.705215152
1770029732.145704 1.608880593 1.002202767 1.068476933 0.709009751 0.004096579 -0.002013305 -0.705183904
1770029732.156264 1.608994819 1.002172655 1.066513067 0.709023305 0.004083302 -0.002018786 -0.705170337
1770029732.166666 1.609109220 1.002124297 1.064536320 0.709054482 0.004114168 -0.002002932 -0.705138854
1770029732.177305 1.609242440 1.002081513 1.062608778 0.709044185 0.004103471 -0.002006402 -0.705149260
1770029732.187942 1.609374171 1.002042280 1.060648375 0.709036443 0.004103659 -0.002038952 -0.705156950
1770029732.198626 1.609512258 1.002008605 1.058665519 0.709041033 0.004122087 -0.002046579 -0.705152206
1770029732.209238 1.609644644 1.001970823 1.056661530 0.709076663 0.004159994 -0.002057500 -0.705116123
1770029732.219831 1.609790138 1.001924494 1.054637476 0.709105979 0.004168916 -0.002068852 -0.705086556
1770029732.230313 1.609938627 1.001878993 1.052686877 0.709122919 0.004171674 -0.002083801 -0.705069458
1770029732.240809 1.610092586 1.001828530 1.050765941 0.709117804 0.004172004 -0.002126160 -0.705074474
1770029732.251341 1.610214011 1.001780152 1.048872191 0.709096820 0.004212933 -0.002187857 -0.705095145
1770029732.261966 1.610373454 1.001741094 1.046896242 0.709134413 0.004263671 -0.002187578 -0.705057033
1770029732.272412 1.610544498 1.001699607 1.044930153 0.709158169 0.004299872 -0.002182202 -0.705032936
1770029732.282912 1.610738384 1.001664295 1.042972299 0.709193525 0.004326124 -0.002139549 -0.704997341
1770029732.293471 1.610946686 1.001623505 1.041080596 0.709205123 0.004317195 -0.002104521 -0.704985834
1770029732.304071 1.611144404 1.001595891 1.039191844 0.709190636 0.004247217 -0.002111585 -0.705000812
1770029732.314576 1.611351724 1.001560235 1.037267043 0.709210149 0.004209210 -0.002121100 -0.704981381
1770029732.325043 1.611540829 1.001526752 1.035381192 0.709237313 0.004182227 -0.002107653 -0.704954254
1770029732.335561 1.611745746 1.001480354 1.033454921 0.709277555 0.004199272 -0.002040276 -0.704913862
1770029732.347181 1.611941687 1.001419341 1.031538741 0.709308457 0.004256744 -0.001957289 -0.704882659
1770029732.359040 1.612193114 1.001349420 1.029235916 0.709311686 0.004256274 -0.001946791 -0.704879441
1770029732.369654 1.612400192 1.001301781 1.027357227 0.709308276 0.004076581 -0.002112347 -0.704883458
1770029732.380757 1.612606694 1.001245354 1.025379898 0.709351135 0.003795091 -0.002399790 -0.704840979
1770029732.391806 1.612823991 1.001186033 1.023373307 0.709386272 0.003822070 -0.002395196 -0.704805485
1770029732.402823 1.613018015 1.001104153 1.021418834 0.709399852 0.004755468 -0.001540065 -0.704788524
1770029732.413573 1.613249234 1.001034920 1.019464621 0.709397451 0.006971896 0.000633346 -0.704773898
1770029732.424222 1.613488564 1.000990410 1.017653861 0.709356154 0.009900643 0.003582531 -0.704771587
1770029732.434970 1.613747665 1.000957885 1.015752754 0.709328461 0.013233959 0.006930222 -0.704719781
1770029732.445784 1.614037559 1.000920255 1.013831391 0.709310716 0.016398419 0.010176421 -0.704631706
1770029732.457087 1.614322633 1.000869448 1.011864708 0.709275952 0.019374174 0.013224719 -0.704540539
1770029732.467878 1.614604700 1.000800374 1.009951513 0.709204394 0.022265521 0.016147114 -0.704466212
1770029732.478859 1.614862916 1.000744138 1.008115027 0.709114596 0.025081728 0.018962446 -0.704391810
1770029732.489851 1.615130475 1.000687077 1.006216895 0.709011290 0.028046116 0.021900413 -0.704298784
1770029732.500615 1.615372256 1.000630534 1.004352532 0.708913729 0.030955316 0.024746326 -0.704180880
1770029732.511515 1.615633671 1.000552515 1.002479687 0.708825236 0.033840408 0.027548894 -0.704033146
1770029732.522093 1.615847683 1.000467688 1.000703866 0.708664679 0.036724335 0.030281195 -0.703938027
1770029732.532836 1.616103416 1.000393644 0.998915854 0.708502990 0.039587267 0.033038439 -0.703821585
1770029732.543535 1.616395625 1.000342108 0.997136183 0.708338848 0.042390967 0.035827727 -0.703687044
1770029732.554032 1.616696975 1.000305266 0.995394542 0.708188994 0.045089456 0.038544780 -0.703526538
1770029732.564525 1.617037581 1.000265012 0.993609709 0.708066854 0.047755366 0.041296622 -0.703317385
1770029732.575068 1.617368868 1.000210898 0.991840644 0.707910971 0.050438108 0.044080037 -0.703118059
1770029732.585627 1.617677543 1.000140788 0.990096024 0.707722522 0.053154595 0.046822744 -0.702930332
1770029732.596049 1.617981031 1.000080506 0.988408430 0.707526606 0.055790699 0.049485696 -0.702740824
1770029732.606502 1.618266950 1.000024718 0.986749191 0.707313389 0.058418829 0.052110967 -0.702552103
1770029732.616894 1.618562243 0.999951555 0.985015370 0.707141353 0.061081024 0.054726010 -0.702299993
1770029732.627381 1.618824238 0.999852854 0.983318405 0.706933648 0.063771726 0.057279374 -0.702066278
1770029732.637814 1.619118441 0.999780667 0.981621127 0.706709955 0.066453245 0.059882337 -0.701825556
1770029732.648636 1.619439201 0.999717080 0.979989653 0.706453908 0.069057815 0.062462573 -0.701606956
1770029732.659340 1.619816306 0.999672979 0.978280470 0.706193027 0.071735764 0.065180827 -0.701353583
1770029732.669917 1.620196400 0.999643576 0.976617401 0.705938905 0.074307010 0.067850733 -0.701088446
1770029732.680651 1.620559548 0.999582796 0.974913092 0.705702118 0.076915228 0.070489422 -0.700785138
1770029732.691321 1.620907176 0.999506028 0.973207879 0.705440540 0.079569834 0.073118222 -0.700482699
1770029732.701951 1.621227498 0.999433062 0.971577633 0.705145971 0.082171730 0.075677771 -0.700206999
1770029732.712706 1.621563245 0.999337983 0.969921225 0.704854082 0.084792498 0.078229651 -0.699907906
1770029732.723325 1.621867624 0.999251192 0.968320970 0.704529870 0.087399784 0.080719336 -0.699630852
1770029732.733918 1.622208872 0.999192775 0.966711457 0.704220512 0.089956199 0.083232406 -0.699323758
1770029732.744667 1.622594284 0.999128107 0.965062807 0.703933744 0.092506968 0.085748381 -0.698975651
1770029732.755448 1.623000232 0.999078388 0.963429723 0.703604540 0.095073500 0.088318012 -0.698642691
1770029732.765931 1.623407980 0.999028105 0.961858522 0.703292127 0.097515077 0.090770420 -0.698306326
1770029732.776379 1.623784828 0.998960703 0.960329333 0.702942942 0.099966030 0.093180691 -0.697993820
1770029732.786813 1.624139674 0.998897157 0.958825401 0.702594033 0.102391777 0.095525109 -0.697676503
1770029732.797291 1.624472965 0.998820725 0.957299019 0.702242327 0.104858685 0.097862814 -0.697340118
1770029732.807862 1.624790558 0.998729285 0.955774814 0.701919380 0.107286827 0.100111963 -0.696976553
1770029732.818508 1.625182234 0.998642642 0.954186057 0.701574607 0.109774614 0.102502619 -0.696588701
1770029732.829017 1.625583360 0.998577374 0.952665618 0.701212706 0.112187353 0.104833710 -0.696221683
1770029732.839432 1.626000645 0.998532937 0.951211287 0.700844834 0.114493802 0.107118626 -0.695868729
1770029732.849895 1.626436643 0.998499127 0.949759973 0.700467916 0.116783879 0.109426446 -0.695508502
1770029732.860250 1.626842779 0.998442688 0.948311616 0.700114287 0.119059505 0.111636173 -0.695127459
1770029732.870712 1.627228729 0.998366205 0.946834331 0.699762335 0.121386044 0.113820697 -0.694725091
1770029732.881231 1.627583600 0.998265832 0.945367417 0.699381819 0.123745018 0.115992443 -0.694332770
1770029732.891623 1.627956199 0.998174609 0.943907649 0.699001381 0.126087746 0.118146590 -0.693931072
1770029732.902054 1.628356755 0.998109820 0.942527151 0.698601473 0.128298701 0.120300457 -0.693558379
1770029732.912559 1.628798945 0.998055365 0.941129129 0.698208954 0.130491686 0.122481931 -0.693162573
1770029732.923211 1.629256245 0.998017464 0.939769971 0.697795680 0.132626614 0.124683131 -0.692780980
1770029732.933785 1.629736611 0.997970531 0.938346810 0.697415394 0.134744668 0.126940942 -0.692345029
1770029732.944849 1.630181295 0.997890114 0.936912814 0.697033867 0.136908280 0.129130737 -0.691899678
1770029732.956045 1.630626671 0.997785263 0.935419753 0.696589274 0.139226911 0.131435188 -0.691450679
1770029732.966903 1.631067769 0.997694324 0.933991363 0.696163946 0.141435710 0.133630707 -0.691009793
1770029732.978297 1.631543952 0.997629131 0.932615608 0.695723181 0.143532176 0.135865888 -0.690585426
1770029732.988925 1.632057103 0.997574111 0.931228469 0.695280523 0.145631304 0.138115608 -0.690145344
1770029732.999376 1.632554604 0.997528359 0.929932976 0.694862019 0.147571026 0.140239978 -0.689726261
1770029733.009748 1.633057788 0.997484058 0.928640731 0.694480427 0.149435940 0.142322592 -0.689282320
1770029733.020301 1.633529931 0.997414706 0.927363077 0.694070916 0.151342218 0.144368341 -0.688853307
1770029733.030800 1.633982442 0.997314774 0.926044702 0.693646946 0.153357848 0.146385315 -0.688408762
1770029733.041261 1.634447018 0.997231703 0.924768558 0.693227761 0.155309657 0.148350510 -0.687972607
1770029733.051859 1.634916309 0.997176815 0.923577582 0.692789141 0.157148552 0.150295031 -0.687574682
1770029733.062439 1.635441449 0.997134603 0.922325531 0.692354780 0.159040788 0.152305309 -0.687134615
1770029733.072885 1.635960812 0.997095047 0.921128934 0.691921828 0.160844139 0.154266477 -0.686713333
1770029733.083600 1.636485556 0.997038734 0.919906258 0.691523947 0.162620754 0.156198940 -0.686258707
1770029733.095740 1.637070293 0.996952814 0.918482900 0.691038751 0.164744928 0.158409995 -0.685733787
1770029733.106572 1.637522659 0.996860045 0.917269002 0.690579536 0.166676119 0.160252273 -0.685301529
1770029733.117137 1.638042852 0.996790946 0.916055164 0.690158196 0.168514848 0.162100852 -0.684841386
1770029733.127867 1.638585642 0.996732975 0.914881351 0.689715557 0.170290404 0.163977776 -0.684401139
1770029733.138585 1.639116600 0.996690123 0.913753084 0.689266807 0.172049706 0.165777879 -0.683979431
1770029733.149317 1.639670780 0.996662805 0.912638784 0.688810267 0.173775836 0.167602140 -0.683558262
1770029733.160032 1.640202636 0.996611259 0.911508936 0.688376777 0.175497277 0.169376601 -0.683117622
1770029733.170726 1.640719923 0.996533551 0.910356689 0.687945614 0.177268699 0.171109399 -0.682662592
1770029733.181375 1.641212345 0.996441214 0.909227377 0.687516514 0.179042601 0.172759735 -0.682216141
1770029733.192076 1.641762378 0.996382678 0.908115201 0.687090338 0.180743876 0.174458434 -0.681764456
1770029733.202943 1.642322014 0.996338431 0.907052141 0.686660798 0.182361911 0.176146933 -0.681332034
1770029733.213732 1.642934246 0.996292721 0.905943156 0.686234762 0.184006068 0.177891618 -0.680865766
1770029733.224440 1.643515846 0.996252581 0.904919144 0.685792888 0.185552425 0.179585074 -0.680446628
1770029733.235243 1.644045758 0.996190119 0.903906645 0.685354100 0.187128536 0.181183434 -0.680033258
1770029733.246025 1.644566803 0.996116789 0.902873445 0.684907242 0.188774077 0.182752709 -0.679608612
1770029733.256681 1.645131079 0.996064067 0.901865602 0.684485801 0.190325767 0.184316024 -0.679178102
1770029733.267079 1.645713177 0.996011741 0.900868913 0.684099517 0.191809693 0.185836746 -0.678735292
1770029733.279287 1.646319686 0.995973641 0.899886577 0.683713990 0.193264184 0.187359161 -0.678292474
1770029733.290552 1.647059225 0.995926970 0.898737609 0.683231728 0.194970860 0.189201713 -0.677778343
1770029733.301120 1.647644393 0.995864972 0.897781304 0.682816693 0.196426826 0.190702533 -0.677355453
1770029733.311824 1.648192005 0.995785865 0.896835755 0.682400630 0.197922822 0.192118182 -0.676939097
1770029733.322463 1.648738508 0.995729644 0.895963123 0.681964699 0.199355622 0.193501379 -0.676563893
1770029733.333176 1.649361225 0.995699712 0.895083560 0.681565106 0.200685493 0.194942137 -0.676159672
1770029733.343851 1.650001113 0.995672977 0.894206101 0.681165784 0.202027083 0.196365009 -0.675750705
1770029733.354487 1.650633018 0.995659993 0.893386996 0.680774091 0.203275593 0.197748349 -0.675367501
1770029733.365326 1.651289249 0.995619195 0.892516473 0.680385896 0.204558475 0.199173812 -0.674952336
1770029733.376442 1.651911010 0.995543769 0.891599325 0.679977359 0.205978811 0.200565161 -0.674519931
1770029733.386880 1.652463228 0.995461111 0.890775226 0.679582918 0.207311070 0.201805404 -0.674139271
1770029733.397326 1.653060504 0.995413059 0.889994774 0.679204097 0.208534856 0.203057519 -0.673767506
1770029733.407746 1.653708021 0.995385122 0.889213237 0.678841835 0.209717242 0.204334711 -0.673379364
1770029733.418133 1.654376840 0.995362757 0.888450936 0.678485765 0.210858235 0.205604761 -0.672995211
1770029733.428485 1.655041122 0.995338844 0.887719998 0.678130185 0.211958390 0.206847653 -0.672627045
1770029733.438844 1.655661552 0.995305832 0.887010826 0.677765679 0.213067587 0.208039346 -0.672276370
1770029733.449248 1.656233335 0.995245626 0.886316741 0.677390937 0.214199455 0.209170136 -0.671943425
1770029733.459733 1.656851834 0.995189956 0.885620030 0.677038217 0.215285143 0.210314037 -0.671594792
1770029733.470265 1.657509329 0.995160425 0.884953235 0.676673963 0.216326778 0.211489311 -0.671258031
1770029733.480687 1.658167276 0.995146849 0.884311417 0.676330008 0.217321555 0.212625801 -0.670924236
1770029733.491135 1.658869929 0.995138485 0.883670348 0.675992132 0.218274870 0.213799614 -0.670582168
1770029733.501545 1.659558518 0.995104606 0.883035082 0.675671605 0.219206920 0.214924961 -0.670241352
1770029733.511945 1.660195159 0.995053521 0.882414464 0.675348988 0.220168085 0.215973369 -0.669914369
1770029733.522506 1.660819944 0.995004533 0.881817896 0.675009900 0.221145593 0.216992443 -0.669604765
1770029733.533164 1.661515217 0.994968497 0.881215942 0.674686134 0.222048493 0.218084691 -0.669277337
1770029733.543885 1.662234367 0.994939837 0.880623161 0.674364749 0.222953299 0.219161520 -0.668948608
1770029733.554473 1.662940989 0.994931921 0.880074716 0.674040365 0.223833384 0.220193650 -0.668642624
1770029733.565502 1.663690590 0.994914688 0.879520258 0.673729722 0.224673068 0.221251672 -0.668324750
1770029733.576428 1.664392847 0.994870410 0.878977930 0.673419330 0.225545760 0.222225491 -0.668020470
1770029733.587015 1.665054722 0.994824228 0.878452442 0.673100264 0.226484326 0.223111531 -0.667729084
1770029733.597692 1.665768047 0.994806151 0.877958241 0.672810637 0.227311375 0.224015169 -0.667437330
1770029733.608200 1.666494417 0.994788476 0.877477294 0.672538386 0.228105420 0.224895138 -0.667144823
1770029733.618707 1.667241525 0.994782751 0.877010503 0.672281623 0.228868263 0.225758686 -0.666850623
1770029733.629532 1.667987411 0.994777451 0.876565025 0.672023297 0.229625218 0.226593226 -0.666567669
1770029733.640225 1.668698876 0.994748389 0.876129097 0.671743913 0.230432032 0.227385118 -0.666301135
1770029733.650882 1.669347367 0.994701178 0.875712058 0.671460124 0.231301679 0.228066402 -0.666052965
1770029733.661422 1.670052263 0.994671296 0.875297353 0.671209793 0.232112388 0.228757178 -0.665786307
1770029733.672060 1.670785419 0.994660317 0.874913484 0.670969960 0.232845191 0.229464153 -0.665528836
1770029733.682500 1.671550105 0.994659598 0.874541078 0.670746485 0.233546947 0.230163172 -0.665266782
1770029733.692929 1.672312447 0.994666381 0.874206487 0.670526330 0.234175272 0.230861014 -0.665025996
1770029733.703602 1.673038878 0.994655015 0.873877982 0.670304594 0.234824222 0.231511262 -0.664794609
1770029733.714203 1.673767827 0.994613376 0.873523628 0.670081624 0.235532543 0.232142312 -0.664548708
1770029733.724693 1.674459387 0.994584129 0.873209300 0.669863189 0.236233254 0.232696833 -0.664326231
1770029733.735393 1.675192757 0.994573554 0.872906310 0.669663453 0.236854801 0.233291060 -0.664097842
1770029733.746475 1.676015236 0.994561356 0.872589499 0.669482930 0.237466688 0.233909661 -0.663843693
1770029733.757180 1.676803959 0.994574160 0.872338022 0.669285190 0.238017845 0.234509489 -0.663634040
1770029733.767833 1.677602219 0.994564408 0.872084869 0.669122904 0.238518700 0.235079010 -0.663416331
1770029733.778399 1.678364041 0.994547682 0.871864224 0.668948637 0.239039733 0.235584052 -0.663225362
1770029733.789019 1.679094384 0.994522866 0.871654549 0.668778495 0.239584105 0.236027437 -0.663042856
1770029733.799679 1.679875501 0.994507240 0.871457490 0.668631364 0.240060445 0.236491077 -0.662853719
1770029733.810189 1.680673837 0.994512776 0.871289384 0.668483539 0.240504660 0.236955458 -0.662675922
1770029733.820592 1.681479176 0.994516826 0.871135544 0.668353723 0.240905827 0.237402933 -0.662500967
1770029733.831037 1.682296737 0.994533211 0.871020374 0.668218687 0.241269566 0.237841148 -0.662347621
1770029733.841654 1.683064013 0.994532545 0.870922165 0.668076395 0.241641946 0.238232252 -0.662214840
1770029733.852157 1.683797251 0.994505238 0.870840421 0.667923045 0.242087858 0.238529209 -0.662099760
1770029733.862876 1.684579847 0.994500883 0.870770371 0.667789345 0.242473621 0.238854030 -0.661976349
1770029733.873784 1.685412023 0.994500053 0.870706791 0.667667596 0.242827848 0.239195386 -0.661846043
1770029733.884337 1.686253259 0.994507771 0.870666895 0.667561529 0.243143698 0.239510743 -0.661723017
1770029733.894849 1.687108646 0.994529360 0.870657346 0.667463808 0.243377517 0.239846745 -0.661613927
1770029733.905377 1.687932472 0.994534842 0.870656745 0.667375273 0.243603913 0.240137490 -0.661514448
1770029733.915937 1.688757627 0.994527776 0.870663626 0.667290274 0.243851055 0.240388021 -0.661418137
1770029733.926350 1.689525100 0.994509801 0.870701534 0.667189849 0.244143534 0.240552042 -0.661351915
1770029733.936914 1.690328860 0.994514771 0.870760598 0.667107245 0.244356111 0.240744701 -0.661286628
1770029733.947496 1.691183630 0.994527252 0.870840631 0.667036672 0.244532112 0.240937674 -0.661222475
1770029733.957980 1.692028086 0.994547847 0.870947414 0.666973545 0.244671966 0.241105527 -0.661173233
1770029733.968741 1.692915887 0.994571603 0.871058492 0.666932625 0.244766093 0.241283313 -0.661114813
1770029733.979298 1.693761190 0.994578985 0.871191331 0.666884510 0.244874285 0.241404273 -0.661079127
1770029733.989816 1.694563714 0.994564966 0.871339552 0.666823159 0.245019444 0.241468749 -0.661063680
1770029734.000496 1.695370133 0.994563027 0.871501738 0.666780228 0.245161663 0.241486334 -0.661047832
1770029734.011202 1.696261460 0.994571539 0.871663280 0.666774261 0.245197946 0.241566319 -0.661011169
1770029734.021808 1.697146062 0.994582039 0.871833593 0.666781032 0.245235587 0.241606010 -0.660975868
1770029734.032772 1.698048809 0.994596878 0.872021795 0.666800068 0.245218821 0.241651423 -0.660946283
1770029734.043903 1.699034025 0.994626456 0.872274018 0.666812319 0.245140912 0.241699769 -0.660945146
1770029734.054655 1.699901953 0.994632921 0.872523681 0.666812384 0.245117044 0.241673211 -0.660963643
1770029734.065220 1.700746937 0.994636979 0.872812792 0.666795839 0.245114306 0.241588093 -0.661012466
1770029734.075991 1.701621996 0.994657123 0.873125364 0.666793366 0.245041647 0.241519535 -0.661066950
1770029734.086495 1.702529088 0.994680730 0.873447090 0.666808296 0.244914719 0.241464828 -0.661118911
1770029734.097047 1.703441616 0.994712713 0.873770439 0.666844944 0.244775420 0.241382692 -0.661163528
1770029734.107763 1.704386951 0.994745855 0.874116042 0.666891397 0.244570049 0.241317432 -0.661216494
1770029734.118162 1.705288094 0.994760832 0.874451090 0.666944268 0.244386325 0.241212105 -0.661269527
1770029734.128809 1.706179951 0.994765282 0.874796611 0.666999158 0.244241449 0.241045301 -0.661328512
1770029734.139357 1.707026947 0.994751548 0.875152787 0.667048786 0.244141628 0.240806914 -0.661402156
1770029734.150427 1.707973823 0.994763818 0.875552935 0.667122297 0.243945985 0.240586607 -0.661480371
1770029734.161050 1.708930160 0.994781929 0.875968024 0.667207696 0.243692880 0.240375196 -0.661564385
1770029734.171690 1.709859131 0.994828177 0.876429143 0.667284263 0.243403397 0.240134493 -0.661681134
1770029734.182117 1.710828215 0.994864954 0.876903402 0.667386764 0.243031025 0.239903070 -0.661798569
1770029734.192517 1.711739695 0.994890379 0.877374424 0.667495994 0.242671826 0.239618301 -0.661923374
1770029734.203119 1.712624488 0.994898576 0.877846639 0.667606920 0.242341951 0.239283160 -0.662053584
1770029734.213807 1.713544059 0.994894398 0.878332723 0.667739174 0.242024046 0.238881982 -0.662181362
1770029734.224308 1.714489516 0.994923606 0.878842738 0.667888841 0.241632568 0.238491925 -0.662313974
1770029734.235028 1.715458850 0.994952671 0.879363599 0.668054404 0.241189325 0.238105015 -0.662447752
1770029734.245614 1.716457174 0.995002587 0.879954814 0.668214304 0.240693015 0.237677738 -0.662620411
1770029734.256464 1.717453412 0.995049979 0.880560627 0.668377301 0.240134564 0.237266226 -0.662806090
1770029734.267107 1.718444611 0.995088470 0.881172597 0.668553241 0.239583135 0.236801539 -0.662994357
1770029734.277751 1.719404084 0.995110885 0.881792994 0.668729283 0.239048302 0.236283969 -0.663194497
1770029734.288195 1.720296023 0.995113024 0.882378774 0.668916259 0.238575033 0.235705095 -0.663382318
1770029734.299642 1.721247910 0.995129283 0.882978162 0.669131243 0.238039565 0.235129157 -0.663562223
1770029734.310528 1.722383026 0.995163873 0.883692658 0.669382360 0.237336353 0.234512085 -0.663779176
1770029734.321331 1.723397834 0.995204893 0.884389053 0.669601261 0.236675753 0.233898812 -0.664010606
1770029734.331936 1.724436938 0.995249524 0.885101409 0.669834182 0.235947808 0.233291849 -0.664248232
1770029734.342490 1.725422241 0.995291555 0.885813362 0.670072089 0.235224603 0.232634787 -0.664495175
1770029734.353224 1.726393385 0.995315909 0.886535996 0.670318890 0.234532876 0.231892494 -0.664750168
1770029734.363966 1.727387785 0.995320312 0.887260997 0.670585931 0.233812180 0.231123414 -0.665002513
1770029734.374766 1.728363327 0.995337095 0.887989956 0.670864369 0.233098425 0.230303450 -0.665256675
1770029734.385597 1.729416423 0.995371502 0.888801510 0.671140317 0.232222118 0.229519238 -0.665555769
1770029734.396286 1.730494351 0.995430079 0.889637008 0.671431495 0.231305794 0.228704756 -0.665861481
1770029734.406659 1.731499962 0.995495550 0.890443811 0.671703830 0.230428205 0.227907873 -0.666164250
1770029734.416998 1.732537124 0.995545587 0.891245019 0.672005145 0.229492282 0.227104691 -0.666457678
1770029734.427360 1.733536687 0.995571751 0.892044352 0.672322994 0.228585304 0.226200833 -0.666756128
1770029734.438103 1.734529513 0.995591933 0.892869525 0.672631629 0.227655240 0.225274313 -0.667076658
1770029734.450935 1.735737961 0.995614959 0.893951487 0.672998086 0.226467410 0.224055565 -0.667521679
1770029734.461712 1.736789521 0.995656986 0.894872383 0.673330345 0.225404913 0.223018810 -0.667893316
1770029734.472309 1.737868143 0.995702034 0.895774589 0.673692379 0.224296742 0.221985462 -0.668245467
1770029734.482789 1.738920142 0.995741268 0.896653619 0.674069446 0.223225466 0.220895933 -0.668584894
1770029734.493614 1.740006837 0.995773538 0.897572381 0.674449957 0.222068408 0.219796080 -0.668948847
1770029734.504559 1.741088073 0.995815376 0.898569710 0.674806307 0.220844864 0.218644885 -0.669371652
1770029734.515369 1.742196910 0.995862950 0.899590350 0.675184332 0.219550018 0.217452558 -0.669804668
1770029734.526078 1.743269138 0.995898291 0.900576480 0.675578415 0.218301495 0.216202141 -0.670220036
1770029734.536571 1.744306002 0.995928507 0.901530791 0.675987708 0.217067219 0.214919775 -0.670620557
1770029734.547251 1.745330615 0.995945307 0.902497919 0.676392997 0.215840598 0.213582821 -0.671034819
1770029734.557730 1.746403154 0.995992124 0.903557796 0.676788029 0.214485325 0.212212538 -0.671505658
1770029734.568279 1.747528397 0.996060507 0.904639182 0.677195386 0.213025008 0.210869927 -0.671982611
1770029734.578922 1.748633769 0.996122766 0.905691929 0.677626325 0.211573095 0.209473907 -0.672443360
1770029734.589324 1.749746785 0.996175912 0.906734665 0.678078371 0.210059478 0.208067542 -0.672898682
1770029734.600297 1.750873124 0.996209605 0.907818727 0.678546655 0.208486615 0.206553443 -0.673382093
1770029734.610761 1.751983054 0.996247061 0.908946424 0.678983027 0.206891809 0.205015117 -0.673904021
1770029734.621121 1.753058753 0.996288814 0.910038495 0.679432776 0.205312653 0.203448220 -0.674408362
1770029734.631487 1.754129253 0.996331402 0.911134454 0.679895750 0.203696304 0.201830717 -0.674917733
1770029734.641861 1.755194799 0.996358125 0.912202148 0.680388107 0.202086743 0.200139937 -0.675408749
1770029734.652404 1.756308656 0.996397521 0.913321838 0.680883548 0.200362365 0.198422706 -0.675929690
1770029734.663055 1.757475645 0.996447910 0.914492578 0.681366345 0.198498308 0.196748646 -0.676482295
1770029734.673657 1.758646863 0.996515337 0.915673508 0.681878339 0.196597233 0.194960233 -0.677039118
1770029734.684072 1.759796418 0.996575576 0.916840946 0.682397611 0.194680124 0.193132364 -0.677593566
1770029734.694432 1.760933712 0.996620051 0.917985771 0.682932660 0.192733774 0.191273044 -0.678138110
1770029734.705080 1.762034293 0.996649796 0.919145980 0.683453923 0.190792737 0.189338583 -0.678704477
1770029734.715569 1.763218801 0.996694145 0.920410066 0.683979597 0.188661553 0.187317382 -0.679331236
1770029734.726056 1.764363020 0.996757007 0.921647227 0.684505901 0.186562653 0.185251052 -0.679947128
1770029734.736578 1.765482162 0.996801740 0.922846775 0.685066133 0.184458775 0.183089397 -0.680542156
1770029734.747046 1.766600975 0.996850067 0.924082291 0.685619846 0.182311254 0.180836842 -0.681165229
1770029734.757537 1.767752421 0.996893984 0.925345293 0.686156687 0.180062521 0.178616986 -0.681808229
1770029734.768103 1.768943809 0.996953810 0.926612632 0.686709900 0.177708348 0.176386678 -0.682449263
1770029734.778715 1.770172010 0.997019120 0.927904097 0.687307466 0.175251880 0.173973904 -0.683101973
1770029734.789318 1.771386729 0.997076857 0.929151610 0.687931194 0.172748706 0.171521764 -0.683731556
1770029734.799870 1.772551129 0.997116131 0.930398392 0.688528379 0.170263602 0.169040198 -0.684371529
1770029734.810616 1.773767778 0.997164941 0.931750043 0.689096518 0.167620060 0.166493600 -0.685076189
1770029734.821317 1.774982446 0.997221612 0.933086523 0.689681426 0.164974144 0.163883005 -0.685759013
1770029734.832050 1.776208151 0.997271403 0.934387389 0.690269924 0.162406602 0.161321195 -0.686386916
1770029734.842774 1.777420017 0.997324049 0.935698512 0.690830150 0.159922782 0.158792590 -0.686995866
1770029734.853306 1.778565680 0.997344527 0.937022190 0.691329696 0.157585853 0.156283485 -0.687608481
1770029734.864080 1.779781462 0.997411002 0.938393792 0.691780170 0.155211254 0.153943043 -0.688223221
1770029734.874828 1.781065991 0.997467080 0.939759034 0.692270715 0.152771482 0.151605564 -0.688794515
1770029734.885432 1.782351237 0.997540818 0.941091976 0.692756346 0.150402634 0.149340325 -0.689322247
1770029734.896095 1.783629867 0.997585358 0.942425186 0.693211139 0.148110119 0.147131218 -0.689836295
1770029734.906852 1.784865090 0.997632900 0.943801213 0.693601006 0.145890939 0.144974158 -0.690373792
1770029734.917739 1.786152047 0.997688870 0.945213238 0.694002859 0.143615854 0.142781246 -0.690903781
1770029734.928398 1.787421269 0.997751192 0.946602660 0.694398537 0.141424051 0.140587569 -0.691408016
1770029734.938861 1.788644426 0.997810790 0.947941168 0.694769908 0.139335687 0.138499344 -0.691880245
1770029734.949249 1.789860693 0.997849211 0.949291070 0.695105368 0.137297971 0.136472123 -0.692353345
1770029734.959630 1.791073469 0.997902352 0.950673647 0.695398167 0.135275843 0.134490752 -0.692844912
1770029734.970835 1.792255695 0.997947061 0.952023405 0.695701200 0.133348597 0.132474498 -0.693302603
1770029734.981411 1.793579052 0.998003801 0.953448397 0.696042636 0.131292988 0.130339636 -0.693756715
1770029734.992034 1.794886128 0.998056622 0.954815922 0.696359261 0.129287445 0.128417468 -0.694173962
1770029735.002521 1.796132108 0.998099298 0.956169365 0.696621762 0.127398985 0.126573152 -0.694598342
1770029735.013209 1.797469114 0.998159571 0.957596705 0.696876667 0.125392123 0.124732599 -0.695040650
1770029735.023786 1.798759143 0.998214648 0.958953896 0.697151786 0.123470860 0.122908129 -0.695433624
1770029735.034326 1.800001543 0.998265633 0.960256346 0.697428521 0.121630443 0.121111173 -0.695795643
1770029735.044850 1.801273521 0.998309957 0.961596291 0.697678464 0.119790833 0.119322447 -0.696173161
1770029735.055626 1.802551641 0.998349097 0.962991921 0.697871874 0.118001048 0.117578151 -0.696581638
1770029735.066352 1.803846004 0.998403031 0.964416241 0.698005875 0.116323273 0.115975658 -0.696998093
1770029735.077120 1.805117285 0.998448371 0.965789952 0.698110409 0.114818052 0.114492446 -0.697388092
1770029735.087725 1.806366406 0.998479084 0.967131772 0.698188327 0.113440885 0.113100786 -0.697762451
1770029735.098152 1.807589765 0.998516633 0.968482456 0.698187314 0.112235162 0.111836439 -0.698162126
1770029735.108724 1.808830986 0.998558843 0.969849784 -0.698128638 -0.111075552 -0.110790805 0.698572848
1770029735.119370 1.810137277 0.998597239 0.971243988 -0.698052837 -0.109981613 -0.109844844 0.698970952
1770029735.130012 1.811430257 0.998645920 0.972624832 -0.697934482 -0.108995652 -0.109031305 0.699370847
1770029735.140704 1.812715065 0.998700594 0.973976896 -0.697799443 -0.108121722 -0.108344148 0.699747938
1770029735.151227 1.813959322 0.998730677 0.975307350 -0.697627292 -0.107394809 -0.107757589 0.700122003
1770029735.162004 1.815257376 0.998755138 0.976731884 -0.697379177 -0.106728503 -0.107294037 0.700542147
1770029735.172690 1.816498189 0.998782292 0.978116355 -0.697104244 -0.106233351 -0.106922030 0.700947806
1770029735.183325 1.817725566 0.998825210 0.979486127 -0.696797778 -0.105804921 -0.106698355 0.701351293
1770029735.193729 1.818954354 0.998862030 0.980807961 -0.696498662 -0.105459582 -0.106587883 0.701717118
1770029735.204179 1.820140964 0.998874272 0.982098358 -0.696185373 -0.105213629 -0.106519015 0.702075294
1770029735.214779 1.821358323 0.998885440 0.983439423 -0.695826417 -0.104945794 -0.106494365 0.702474860
1770029735.225719 1.822609821 0.998905682 0.984836851 -0.695427644 -0.104671058 -0.106514504 0.702907549
1770029735.236447 1.823870561 0.998934648 0.986233613 -0.695021101 -0.104374357 -0.106589579 0.703342253
1770029735.247047 1.825102006 0.998962028 0.987565417 -0.694630200 -0.104093717 -0.106660944 0.703759069
1770029735.257647 1.826290741 0.998977975 0.988847569 -0.694253737 -0.103828079 -0.106742042 0.704157379
1770029735.268074 1.827471296 0.998990841 0.990129125 -0.693865413 -0.103523977 -0.106848444 0.704568652
1770029735.278834 1.828650220 0.998994454 0.991460154 -0.693433984 -0.103240503 -0.106921965 0.705023689
1770029735.289400 1.829829557 0.999002750 0.992814393 -0.692978918 -0.102949217 -0.107007745 0.705500546
1770029735.300051 1.830995198 0.999008312 0.994141570 -0.692531120 -0.102638900 -0.107100263 0.705971272
1770029735.310846 1.832123848 0.999010541 0.995424180 -0.692094917 -0.102349362 -0.107195142 0.706426525
1770029735.321474 1.833282220 0.999011040 0.996702911 -0.691668479 -0.102042511 -0.107333163 0.706867479
1770029735.331964 1.834348135 0.999002640 0.997962079 -0.691225485 -0.101769709 -0.107398355 0.707330085
1770029735.343035 1.835469866 0.998997913 0.999281292 -0.690755547 -0.101417799 -0.107502082 0.707823782
1770029735.354680 1.836605664 0.998989217 1.000601831 -0.690285539 -0.101048730 -0.107660398 0.708310855
1770029735.365850 1.837875027 0.998990066 1.002072838 -0.689756175 -0.100593938 -0.107873083 0.708858715
1770029735.376623 1.839020629 0.998984777 1.003377616 -0.689298744 -0.100187565 -0.108072942 0.709330623
1770029735.387380 1.840110696 0.998965744 1.004636967 -0.688870190 -0.099786857 -0.108308863 0.709767310
1770029735.398265 1.841186779 0.998935569 1.005913900 -0.688428971 -0.099396102 -0.108544968 0.710214021
1770029735.408733 1.842201989 0.998907133 1.007163791 -0.687977947 -0.099026803 -0.108797239 0.710663914
1770029735.419327 1.843225686 0.998887830 1.008451143 -0.687507663 -0.098630577 -0.109070133 0.711132146
1770029735.430084 1.844243944 0.998865252 1.009737099 -0.687042459 -0.098256474 -0.109353018 0.711589939
1770029735.440678 1.845225262 0.998838438 1.011005815 -0.686589561 -0.097884601 -0.109648047 0.712032784
1770029735.451331 1.846187166 0.998809242 1.012234487 -0.686162248 -0.097521832 -0.109929454 0.712450964
1770029735.462404 1.847195027 0.998773188 1.013563675 -0.685695730 -0.097103059 -0.110246039 0.712908250
1770029735.472735 1.848108602 0.998737278 1.014796306 -0.685259894 -0.096728216 -0.110533113 0.713333695
1770029735.483113 1.849030776 0.998698740 1.016066934 -0.684807977 -0.096297307 -0.110823823 0.713780739
1770029735.493633 1.849962903 0.998662926 1.017337012 -0.684370804 -0.095838563 -0.111155021 0.714210146
1770029735.503979 1.850870511 0.998621318 1.018602227 -0.683937245 -0.095397808 -0.111474727 0.714634514
1770029735.514426 1.851784879 0.998579975 1.019867239 -0.683522068 -0.094900976 -0.111816569 0.715044364
1770029735.524884 1.852663745 0.998528912 1.021106736 -0.683138507 -0.094418622 -0.112126830 0.715426082
1770029735.535633 1.853506757 0.998469569 1.022355104 -0.682746768 -0.093942697 -0.112422377 0.715816198
1770029735.546791 1.854430858 0.998402834 1.023751191 -0.682291611 -0.093415246 -0.112758452 0.716266209
1770029735.557550 1.855281340 0.998334977 1.025117085 -0.681825886 -0.092934199 -0.113056700 0.716725107
1770029735.568274 1.856145227 0.998277448 1.026507373 -0.681349311 -0.092417315 -0.113333390 0.717201296
1770029735.578618 1.856940646 0.998219432 1.027826180 -0.680893625 -0.091952266 -0.113579846 0.717654702
1770029735.588996 1.857707025 0.998162086 1.029131856 -0.680445610 -0.091526651 -0.113833608 0.718093695
1770029735.599424 1.858468855 0.998101611 1.030462768 -0.679979199 -0.091116260 -0.114106104 0.718544301
1770029735.610168 1.859228764 0.998040637 1.031859197 -0.679483764 -0.090677087 -0.114378832 0.719025009
1770029735.620562 1.859957637 0.997980534 1.033287699 -0.678963384 -0.090282807 -0.114674862 0.719518876
1770029735.631202 1.860724912 0.997925565 1.034753773 -0.678458195 -0.089822623 -0.115024889 0.719996978
1770029735.641774 1.861500764 0.997876836 1.036237815 -0.677988274 -0.089300189 -0.115411802 0.720442567
1770029735.652468 1.862255318 0.997827338 1.037671238 -0.677576594 -0.088796075 -0.115834449 0.720824248
1770029735.662948 1.863047353 0.997775661 1.039146863 -0.677192621 -0.088221206 -0.116323003 0.721176907
1770029735.674168 1.863837173 0.997712649 1.040657257 -0.676845010 -0.087606606 -0.116819031 0.721497906
1770029735.685019 1.864622689 0.997643854 1.042253257 -0.676466913 -0.086962035 -0.117309277 0.721850852
1770029735.695698 1.865398677 0.997581411 1.043855991 -0.676099184 -0.086279252 -0.117781440 0.722200330
1770029735.706273 1.866154856 0.997527214 1.045407417 -0.675785494 -0.085589880 -0.118242888 0.722500490
1770029735.716676 1.866924889 0.997483648 1.046976419 -0.675502053 -0.084870283 -0.118741928 0.722768543
1770029735.727473 1.867665433 0.997429805 1.048502418 -0.675252243 -0.084197178 -0.119236425 0.722999252
1770029735.738282 1.868463415 0.997367114 1.050187724 -0.674985153 -0.083444832 -0.119772778 0.723247181
1770029735.748912 1.869233892 0.997308790 1.051877400 -0.674682194 -0.082713877 -0.120279314 0.723529708
1770029735.759462 1.869998579 0.997257673 1.053576828 -0.674389853 -0.081985577 -0.120795372 0.723799122
1770029735.770122 1.870760349 0.997201187 1.055267646 -0.674134891 -0.081274500 -0.121316328 0.724029663
1770029735.780723 1.871549069 0.997155235 1.056956967 -0.673909210 -0.080543052 -0.121859465 0.724230256
1770029735.791281 1.872376106 0.997116352 1.058690333 -0.673714204 -0.079771581 -0.122476817 0.724392915
1770029735.801837 1.873195023 0.997063463 1.060404187 -0.673532675 -0.079012862 -0.123083025 0.724542112
1770029735.812525 1.874059743 0.997006901 1.062276246 -0.673280877 -0.078195777 -0.123694837 0.724760559
1770029735.823051 1.874895552 0.996973271 1.064092899 -0.673080867 -0.077408526 -0.124289733 0.724929051
1770029735.833584 1.875731570 0.996935540 1.065937344 -0.672902307 -0.076608811 -0.124858001 0.725082102
1770029735.844175 1.876575408 0.996899659 1.067772873 -0.672752454 -0.075811719 -0.125434769 0.725205376
1770029735.854656 1.877408237 0.996859797 1.069612595 -0.672633701 -0.075025483 -0.126011445 0.725297317
1770029735.865073 1.878275518 0.996814335 1.071580847 -0.672428207 -0.074210080 -0.126582007 0.725472374
1770029735.875582 1.879121701 0.996775743 1.073493195 -0.672265547 -0.073450865 -0.127151694 0.725600752
1770029735.886026 1.879970913 0.996748622 1.075447929 -0.672106640 -0.072703934 -0.127713588 0.725724495
1770029735.896403 1.880886787 0.996729860 1.077409842 -0.671986585 -0.071910295 -0.128313964 0.725808836
1770029735.906775 1.881814725 0.996698243 1.079349961 -0.671898908 -0.071124593 -0.128937953 0.725856841
1770029735.917268 1.882776385 0.996665857 1.081397621 -0.671757619 -0.070316521 -0.129560987 0.725955398
1770029735.927764 1.883760165 0.996637673 1.083468423 -0.671630958 -0.069523416 -0.130202141 0.726034264
1770029735.938143 1.884740359 0.996619884 1.085541913 -0.671544120 -0.068736334 -0.130823974 0.726077750
1770029735.948497 1.885706105 0.996606105 1.087582994 -0.671486108 -0.067978035 -0.131409408 0.726097074
1770029735.958915 1.886671276 0.996592614 1.089670577 -0.671397332 -0.067210139 -0.131952945 0.726152078
1770029735.969438 1.887647985 0.996566970 1.091829729 -0.671299090 -0.066466998 -0.132491616 0.726213221
1770029735.979911 1.888700497 0.996543871 1.094004094 -0.671198324 -0.065704156 -0.133086050 0.726267084
1770029735.990453 1.889797567 0.996530912 1.096159600 -0.671174529 -0.064922663 -0.133706557 0.726245383
1770029736.000898 1.890883068 0.996526070 1.098267099 -0.671200042 -0.064176682 -0.134301579 0.726178314
1770029736.011396 1.892022095 0.996514761 1.100481164 -0.671194781 -0.063387281 -0.134907132 0.726140265
1770029736.021794 1.893131631 0.996494263 1.102680861 -0.671231782 -0.062665699 -0.135484695 0.726061157
1770029736.032303 1.894206995 0.996486327 1.104909163 -0.671207884 -0.062023142 -0.136034062 0.726035702
1770029736.042711 1.895356642 0.996491461 1.107145508 -0.671227132 -0.061351973 -0.136598988 0.725968863
1770029736.053053 1.896532758 0.996498396 1.109314464 -0.671340503 -0.060696020 -0.137200291 0.725805760
1770029736.063535 1.897782682 0.996499118 1.111621520 -0.671395837 -0.060012593 -0.137835535 0.725691039
1770029736.074093 1.899012515 0.996493054 1.113888521 -0.671494872 -0.059388991 -0.138436348 0.725536328
1770029736.084574 1.900243395 0.996497242 1.116232503 -0.671524418 -0.058786334 -0.138995845 0.725451086
1770029736.095050 1.901435928 0.996514519 1.118537562 -0.671589409 -0.058267173 -0.139496958 0.725336612
1770029736.105754 1.902690094 0.996526713 1.120787278 -0.671780238 -0.057746017 -0.140035147 0.725097832
1770029736.116191 1.904023814 0.996530021 1.123114843 -0.671928210 -0.057193967 -0.140609258 0.724893349
1770029736.126652 1.905350675 0.996521989 1.125444717 -0.672043285 -0.056693445 -0.141152690 0.724720356
1770029736.137213 1.906667692 0.996530599 1.127749272 -0.672191556 -0.056266227 -0.141714556 0.724506458
1770029736.147777 1.907990786 0.996559574 1.130077195 -0.672405728 -0.055892055 -0.142233495 0.724234940
1770029736.158157 1.909262687 0.996580549 1.132342635 -0.672616699 -0.055584600 -0.142688674 0.723973115
1770029736.168635 1.910629890 0.996593906 1.134688615 -0.672774510 -0.055248213 -0.143212346 0.723748795
1770029736.179033 1.912034096 0.996606964 1.137057496 -0.672962687 -0.054947821 -0.143729295 0.723494194
1770029736.189357 1.913425091 0.996621199 1.139372465 -0.673178446 -0.054711079 -0.144231081 0.723211499
1770029736.199726 1.914784090 0.996652712 1.141641221 -0.673417641 -0.054559568 -0.144670526 0.722912424
1770029736.210036 1.916089191 0.996692098 1.143872625 -0.673679328 -0.054478496 -0.145038851 0.722600850
1770029736.220381 1.917494260 0.996730277 1.146118638 -0.673980509 -0.054366237 -0.145470635 0.722241566
1770029736.230814 1.918922750 0.996716787 1.148494714 -0.674213599 -0.054284912 -0.145890727 0.721945335
1770029736.241305 1.920382353 0.996664881 1.150944403 -0.674484947 -0.054242987 -0.146321593 0.721607751
1770029736.251739 1.921805596 0.996655961 1.153287658 -0.674878936 -0.054296248 -0.146686657 0.721161122
1770029736.262130 1.923159314 0.996746695 1.155433000 -0.675262355 -0.054453464 -0.146942710 0.720738102
1770029736.272602 1.924592612 0.996973960 1.157317344 -0.675720653 -0.054668379 -0.147190147 0.720241646
1770029736.283189 1.926095699 0.997396179 1.158897210 -0.676357912 -0.054942469 -0.147381836 0.719583140
1770029736.293639 1.927605128 0.997967211 1.160175842 -0.677183230 -0.055204651 -0.147440774 0.718774330
1770029736.304089 1.929041701 0.998618069 1.161198934 -0.678300357 -0.055445250 -0.147272465 0.717736213
1770029736.314617 1.930482189 0.999307613 1.162118213 -0.679721341 -0.055579548 -0.146851369 0.716466669
1770029736.325085 1.931961055 0.999992026 1.162934277 -0.681391265 -0.055582269 -0.146214558 0.715008992
1770029736.335651 1.933463073 1.000653016 1.163733001 -0.683149179 -0.055486457 -0.145417970 0.713499871
1770029736.346188 1.935017679 1.001320246 1.164509879 -0.685058595 -0.055319802 -0.144466404 0.711873513
1770029736.356637 1.936499513 1.001976410 1.165246869 -0.686973554 -0.055132655 -0.143354663 0.710265561
1770029736.367076 1.937960253 1.002630514 1.166056078 -0.688803067 -0.054875350 -0.142067680 0.708770629
1770029736.377472 1.939388299 1.003279158 1.166844577 -0.690670770 -0.054607334 -0.140610600 0.707262742
1770029736.387935 1.940897420 1.003920444 1.167707784 -0.692454722 -0.054240158 -0.139078171 0.705848231
1770029736.398835 1.942438881 1.004557855 1.168611512 -0.694201634 -0.053797874 -0.137383876 0.704496665
1770029736.409498 1.944005324 1.005202397 1.169541509 -0.695963905 -0.053269567 -0.135462790 0.703168848
1770029736.419867 1.945470625 1.005797067 1.170478231 -0.697512831 -0.052726521 -0.133486138 0.702052146
1770029736.430215 1.946863050 1.006395125 1.171428817 -0.699024978 -0.052197788 -0.131336602 0.700992273
1770029736.440595 1.948289753 1.006977803 1.172418484 0.700458553 0.051624288 0.129175548 -0.700004590
1770029736.450933 1.949769812 1.007552151 1.173482401 0.701752388 0.051021846 0.127088308 -0.699134407
1770029736.461348 1.951255891 1.008111096 1.174560922 0.703014528 0.050388034 0.125012961 -0.698286030
1770029736.471775 1.952728454 1.008657136 1.175641711 0.704229840 0.049767245 0.122933986 -0.697474580
1770029736.482190 1.954181305 1.009192541 1.176751860 0.705373802 0.049160158 0.120865379 -0.696722784
1770029736.492673 1.955624337 1.009731842 1.177872699 0.706556334 0.048578922 0.118776092 -0.695924188
1770029736.503253 1.957051704 1.010265643 1.179011861 0.707659061 0.048011236 0.116726308 -0.695189574
1770029736.513770 1.958578426 1.010783771 1.180253957 0.708624977 0.047376339 0.114828650 -0.694564976
1770029736.524243 1.960101777 1.011287545 1.181435576 0.709668333 0.046759292 0.112929538 -0.693852538
1770029736.534906 1.961626257 1.011777009 1.182630257 0.710639811 0.046142469 0.111071228 -0.693199188
1770029736.545539 1.963203523 1.012269408 1.183893538 0.711623081 0.045502111 0.109166932 -0.692535002
1770029736.556105 1.964668621 1.012744189 1.185065657 0.712635785 0.044940255 0.107315879 -0.691819278
1770029736.567901 1.966153896 1.013211891 1.186314625 0.713516784 0.044346990 0.105532473 -0.691223582
1770029736.578721 1.967861073 1.013740927 1.187784108 0.714526424 0.043675725 0.103448501 -0.690538071
1770029736.589432 1.969431285 1.014188291 1.189039168 0.715481806 0.043036709 0.101661354 -0.689854040
1770029736.600529 1.970907007 1.014595227 1.190223364 0.716332199 0.042430387 0.100028278 -0.689247551
1770029736.611112 1.972618806 1.015055019 1.191636012 0.717301674 0.041743617 0.098159542 -0.688549550
1770029736.621801 1.974149380 1.015471520 1.192891478 0.718222337 0.041152732 0.096457674 -0.687865572
1770029736.632653 1.975668388 1.015884307 1.194210393 0.719047017 0.040556558 0.094765845 -0.687274318
1770029736.643400 1.977234877 1.016293220 1.195570088 0.719893819 0.039948615 0.093036972 -0.686659391
1770029736.654091 1.978715009 1.016688608 1.196847161 0.720770319 0.039396925 0.091320739 -0.686001861
1770029736.664550 1.980249806 1.017051778 1.198161294 0.721522170 0.038771229 0.089745518 -0.685454806
1770029736.675333 1.981801542 1.017414193 1.199478997 0.722325005 0.038160124 0.088133958 -0.684852391
1770029736.685782 1.983310831 1.017767979 1.200788707 0.723099622 0.037591016 0.086587995 -0.684263379
1770029736.696229 1.984834756 1.018110400 1.202144546 0.723768519 0.036988643 0.085086354 -0.683777217
1770029736.706628 1.986270451 1.018434727 1.203445024 0.724432255 0.036450160 0.083590940 -0.683287530
1770029736.716970 1.987738134 1.018756797 1.204763603 0.725114395 0.035908605 0.082117195 -0.682771157
1770029736.727338 1.989185210 1.019063389 1.206069610 0.725767073 0.035360664 0.080642493 -0.682281883
1770029736.737764 1.990599663 1.019364711 1.207404542 0.726376009 0.034835301 0.079171405 -0.681833032
1770029736.748297 1.992072372 1.019668475 1.208782300 0.726987596 0.034282676 0.077718413 -0.681376241
1770029736.758937 1.993571694 1.019951572 1.210170968 0.727530333 0.033694902 0.076327874 -0.680983350
1770029736.769545 1.995073619 1.020218835 1.211550472 0.728055459 0.033115591 0.074985801 -0.680599542
1770029736.780167 1.996578386 1.020476294 1.212929823 0.728617270 0.032546786 0.073624425 -0.680174261
1770029736.790758 1.998070569 1.020727210 1.214301609 0.729160329 0.031990776 0.072286761 -0.679762038
1770029736.801464 1.999561672 1.020979494 1.215734087 0.729652532 0.031439931 0.070943411 -0.679401020
1770029736.812085 2.001030367 1.021217268 1.217204902 0.730056316 0.030895354 0.069657436 -0.679125242
1770029736.822784 2.002465578 1.021455736 1.218611528 0.730526729 0.030382825 0.068307231 -0.678779569
1770029736.833523 2.003859309 1.021674175 1.220013510 0.730946724 0.029897188 0.067019951 -0.678477245
1770029736.844082 2.005311225 1.021884105 1.221450473 0.731365901 0.029378764 0.065725374 -0.678174744
1770029736.854522 2.006730786 1.022080255 1.222829858 0.731787475 0.028876949 0.064501411 -0.677858968
1770029736.865161 2.008201250 1.022259686 1.224273319 0.732126557 0.028327941 0.063359053 -0.677623688
1770029736.876256 2.009719007 1.022441008 1.225795177 0.732441221 0.027768053 0.062141654 -0.677419521
1770029736.887011 2.011173079 1.022615032 1.227272175 0.732757797 0.027265879 0.060947750 -0.677205991
1770029736.897777 2.012615284 1.022776214 1.228709311 0.733112404 0.026772960 0.059769403 -0.676946845
1770029736.908756 2.014062218 1.022922574 1.230168875 0.733408991 0.026274821 0.058633934 -0.676744374
1770029736.919658 2.015524935 1.023068945 1.231687063 0.733672806 0.025779641 0.057484940 -0.676576017
1770029736.931235 2.016957865 1.023208848 1.233201014 0.733906415 0.025293258 0.056355125 -0.676436047
1770029736.942680 2.018491595 1.023356960 1.234835376 0.734162535 0.024812394 0.055123922 -0.676277362
1770029736.953499 2.019917044 1.023468253 1.236321475 0.734393110 0.024333455 0.054021309 -0.676133376
1770029736.964213 2.021371329 1.023556853 1.237810215 0.734575390 0.023831138 0.053018705 -0.676032611
1770029736.974821 2.022760263 1.023645986 1.239236064 0.734799399 0.023375410 0.052004383 -0.675883849
1770029736.985447 2.024142163 1.023729131 1.240717646 0.734950028 0.022929439 0.051032453 -0.675809430
1770029736.996108 2.025501046 1.023803086 1.242180101 0.735052256 0.022474868 0.050073004 -0.675785288
1770029737.006809 2.026849986 1.023866707 1.243626232 0.735184619 0.022057194 0.049103603 -0.675726197
1770029737.017476 2.028223839 1.023916173 1.245078078 0.735309910 0.021620944 0.048185778 -0.675670040
1770029737.028401 2.029613174 1.023970253 1.246568503 0.735445569 0.021212466 0.047195772 -0.675605215
1770029737.039023 2.030935647 1.024003647 1.248024232 0.735527921 0.020811628 0.046270856 -0.675592008
1770029737.049634 2.032224840 1.024045035 1.249485562 0.735574918 0.020441287 0.045362330 -0.675613760
1770029737.060066 2.033518595 1.024067339 1.250908481 0.735613019 0.020048652 0.044491673 -0.675641938
1770029737.071795 2.034974521 1.024068009 1.252455986 0.735654014 0.019587046 0.043599177 -0.675669024
1770029737.082430 2.036359008 1.024054732 1.253922698 0.735701533 0.019168771 0.042733828 -0.675684566
1770029737.092772 2.037653353 1.024041022 1.255324524 0.735714600 0.018775523 0.041931798 -0.675731626
1770029737.103261 2.038928593 1.024029452 1.256736678 0.735736358 0.018425721 0.041122410 -0.675767306
1770029737.113906 2.040233465 1.024004021 1.258201291 0.735687512 0.018063230 0.040364490 -0.675875959
1770029737.124449 2.041502262 1.023974687 1.259614214 0.735647528 0.017715084 0.039601200 -0.675973842
1770029737.135208 2.042776647 1.023930161 1.261041332 0.735612427 0.017404785 0.038837326 -0.676064414
1770029737.145783 2.044045083 1.023879940 1.262446122 0.735572384 0.017077110 0.038085046 -0.676159131
1770029737.156406 2.045279468 1.023830760 1.263815939 0.735554372 0.016772742 0.037331695 -0.676228353
1770029737.167098 2.046523391 1.023768877 1.265244172 0.735469037 0.016480760 0.036630478 -0.676366682
1770029737.177666 2.047749212 1.023705165 1.266661414 0.735364640 0.016190206 0.035904307 -0.676526130
1770029737.188147 2.049001644 1.023614538 1.268044609 0.735237890 0.015852219 0.035250659 -0.676706246
1770029737.198872 2.050261835 1.023513341 1.269393084 0.735137736 0.015517679 0.034635157 -0.676854576
1770029737.209711 2.051556998 1.023401015 1.270796033 0.735024914 0.015169333 0.033988757 -0.677017749
1770029737.220430 2.052810106 1.023291285 1.272182253 0.734885237 0.014834545 0.033343121 -0.677208876
1770029737.231266 2.054045191 1.023176062 1.273568184 0.734757979 0.014555223 0.032698116 -0.677384449
1770029737.242168 2.055281831 1.023053583 1.274993475 0.734554829 0.014268767 0.032090126 -0.677639897
1770029737.253056 2.056497161 1.022929822 1.276381723 0.734358090 0.013999160 0.031475657 -0.677887530
1770029737.263702 2.057691036 1.022791804 1.277728733 0.734157048 0.013736714 0.030921625 -0.678136111
1770029737.275046 2.058956601 1.022641419 1.279144489 0.733973327 0.013460220 0.030280012 -0.678369442
1770029737.285478 2.060102400 1.022495631 1.280429114 0.733808247 0.013223548 0.029700787 -0.678578262
1770029737.295844 2.061219116 1.022348799 1.281704411 0.733625902 0.013017812 0.029144292 -0.678803493
1770029737.306228 2.062338052 1.022191897 1.282970747 0.733412813 0.012788343 0.028611277 -0.679060747
1770029737.316590 2.063509596 1.022015098 1.284281594 0.733138164 0.012520253 0.028154513 -0.679381335
1770029737.326880 2.064645328 1.021838172 1.285515650 0.732905662 0.012272184 0.027683615 -0.679656017
1770029737.337528 2.065778079 1.021649933 1.286741691 0.732684906 0.012027650 0.027216176 -0.679917233
1770029737.348766 2.066963845 1.021449829 1.288029313 0.732457906 0.011800206 0.026720279 -0.680185414
1770029737.359595 2.068161914 1.021239404 1.289336738 0.732192212 0.011566352 0.026243416 -0.680493988
1770029737.370189 2.069283015 1.021033269 1.290563924 0.731919714 0.011350008 0.025807789 -0.680807364
1770029737.380650 2.070395681 1.020824605 1.291798240 0.731638717 0.011162240 0.025375968 -0.681128660
1770029737.391025 2.071463342 1.020619003 1.293009980 0.731340721 0.010991936 0.024964333 -0.681466587
1770029737.401404 2.072512090 1.020416285 1.294188520 0.731047387 0.010829301 0.024532971 -0.681799514
1770029737.411856 2.073586200 1.020189786 1.295362303 0.730746981 0.010662320 0.024147270 -0.682137870
1770029737.422331 2.074621470 1.019969297 1.296492956 0.730466629 0.010521847 0.023744178 -0.682454400
1770029737.432819 2.075654305 1.019746403 1.297632880 0.730177427 0.010401624 0.023341934 -0.682779529
1770029737.443415 2.076725155 1.019500031 1.298768433 0.729864656 0.010249600 0.023012220 -0.683127343
1770029737.454074 2.077812134 1.019242327 1.299892098 0.729554120 0.010064381 0.022671139 -0.683473125
1770029737.464705 2.078919269 1.018972484 1.301045727 0.729192287 0.009871489 0.022392448 -0.683871144
1770029737.475210 2.079980026 1.018714627 1.302175278 0.728840036 0.009725764 0.022084616 -0.684258636
1770029737.485776 2.081015940 1.018455580 1.303273510 0.728486347 0.009575692 0.021756720 -0.684647788
1770029737.496333 2.082046657 1.018194479 1.304324311 0.728158541 0.009433057 0.021441893 -0.685008322
1770029737.507085 2.083068160 1.017935837 1.305348568 0.727847089 0.009286207 0.021114964 -0.685351398
1770029737.518202 2.084140853 1.017664374 1.306407097 0.727490747 0.009112124 0.020811781 -0.685741243
1770029737.529020 2.085220613 1.017398104 1.307455286 0.727137810 0.008960244 0.020495024 -0.686127010
1770029737.539912 2.086238467 1.017149637 1.308441962 0.726800203 0.008825285 0.020179421 -0.686495718
1770029737.551098 2.087297809 1.016900352 1.309440732 0.726451172 0.008693043 0.019864837 -0.686875909
1770029737.562217 2.088337220 1.016655154 1.310419296 0.726101971 0.008562833 0.019569747 -0.687255142
1770029737.574154 2.089437312 1.016407022 1.311441215 0.725740335 0.008462197 0.019224666 -0.687647998
1770029737.584895 2.090480316 1.016169192 1.312324701 0.725417401 0.008314232 0.018947862 -0.687998144
1770029737.595436 2.091518932 1.015931469 1.313157305 0.725140515 0.008173361 0.018682159 -0.688298923
1770029737.606187 2.092516954 1.015711011 1.313932000 0.724878226 0.008030599 0.018414552 -0.688584033
1770029737.616870 2.093551841 1.015487700 1.314726769 0.724593578 0.007881140 0.018162231 -0.688891986
1770029737.627582 2.094549557 1.015279304 1.315481642 0.724337062 0.007766686 0.017880163 -0.689170370
1770029737.638215 2.095537043 1.015071937 1.316206615 0.724078191 0.007655015 0.017622283 -0.689450237
1770029737.648791 2.096538318 1.014866239 1.316912226 0.723830408 0.007521428 0.017359774 -0.689718498
1770029737.659415 2.097516360 1.014663474 1.317597953 0.723569905 0.007407665 0.017115551 -0.689999114
1770029737.670172 2.098483484 1.014473748 1.318261035 0.723315590 0.007313956 0.016860306 -0.690272984
1770029737.681154 2.099467121 1.014278899 1.318930692 0.723049763 0.007236118 0.016617301 -0.690558140
1770029737.692832 2.100517827 1.014072061 1.319606296 0.722761380 0.007131504 0.016349523 -0.690867442
1770029737.703878 2.101522549 1.013880470 1.320210975 0.722519498 0.007052873 0.016094525 -0.691127194
1770029737.714713 2.102493019 1.013700170 1.320773895 0.722283954 0.006952867 0.015833712 -0.691380388
1770029737.725515 2.103451353 1.013528388 1.321290233 0.722076444 0.006863184 0.015581424 -0.691603734
1770029737.736799 2.104461697 1.013342669 1.321807064 0.721857829 0.006716493 0.015332899 -0.691838902
1770029737.748106 2.105534027 1.013141573 1.322329880 0.721609807 0.006563733 0.015090195 -0.692104392
1770029737.759168 2.106499835 1.012963931 1.322787625 0.721377438 0.006433658 0.014889280 -0.692352158
1770029737.770575 2.107522278 1.012788547 1.323248643 0.721149240 0.006324974 0.014651060 -0.692595924
1770029737.781383 2.108493145 1.012615391 1.323674837 0.720917469 0.006226899 0.014438699 -0.692842517
1770029737.792156 2.109452504 1.012441408 1.324078950 0.720687091 0.006128747 0.014231667 -0.693087307
1770029737.802662 2.110359772 1.012289487 1.324429271 0.720482477 0.006036230 0.014010171 -0.693305329
1770029737.813159 2.111286572 1.012125795 1.324782170 0.720253460 0.005924826 0.013819509 -0.693548030
1770029737.823648 2.112170563 1.011977103 1.325095348 0.720051400 0.005847115 0.013606729 -0.693762675
1770029737.834194 2.113058126 1.011832358 1.325397722 0.719842188 0.005757004 0.013394825 -0.693984625
1770029737.844899 2.113957813 1.011681174 1.325679706 0.719622266 0.005671443 0.013201014 -0.694217086
1770029737.855815 2.114864792 1.011536046 1.325937857 0.719409289 0.005592962 0.013012097 -0.694441991
1770029737.866341 2.115793366 1.011386448 1.326142828 0.719224537 0.005494859 0.012831037 -0.694637486
1770029737.877034 2.116639081 1.011261513 1.326345219 0.719038794 0.005456909 0.012626904 -0.694833790
1770029737.888044 2.117568824 1.011112581 1.326510735 0.718857920 0.005364451 0.012430639 -0.695025174
1770029737.898862 2.118509026 1.010955832 1.326670480 0.718669131 0.005255105 0.012258121 -0.695224282
1770029737.909634 2.119407586 1.010817379 1.326796916 0.718491598 0.005158789 0.012085376 -0.695411500
1770029737.920557 2.120339576 1.010664618 1.326899743 0.718308757 0.005038672 0.011925889 -0.695603993
1770029737.931399 2.121247221 1.010529770 1.326988395 0.718127057 0.004945412 0.011742838 -0.695795357
1770029737.942199 2.122129815 1.010404194 1.327050823 0.717947216 0.004855774 0.011572500 -0.695984406
1770029737.952874 2.123006554 1.010272690 1.327081827 0.717783580 0.004772072 0.011398785 -0.696156612
1770029737.963633 2.123887685 1.010139639 1.327098940 0.717608231 0.004669183 0.011244676 -0.696340565
1770029737.974506 2.124753938 1.010014574 1.327101926 0.717425689 0.004586270 0.011074938 -0.696531903
1770029737.985167 2.125612459 1.009891981 1.327070172 0.717273461 0.004511640 0.010901040 -0.696691894
1770029737.995756 2.126454262 1.009779964 1.327008787 0.717131998 0.004443581 0.010731435 -0.696840576
1770029738.006991 2.127281892 1.009669267 1.326936507 0.716990516 0.004409070 0.010553163 -0.696989089
1770029738.018893 2.128250396 1.009536312 1.326820691 0.716834387 0.004334830 0.010381983 -0.697152699
1770029738.029688 2.129078608 1.009422042 1.326693969 0.716704184 0.004290889 0.010205858 -0.697289424
1770029738.040394 2.129904752 1.009309248 1.326543127 0.716583817 0.004246246 0.010034724 -0.697415878
1770029738.051221 2.130712802 1.009207996 1.326371141 0.716467034 0.004227744 0.009838671 -0.697538756
1770029738.062062 2.131545259 1.009089108 1.326177311 0.716364186 0.004166373 0.009672772 -0.697647069
1770029738.073035 2.132424136 1.008955577 1.325955806 0.716266395 0.004095237 0.009522089 -0.697749962
1770029738.083715 2.133242161 1.008834415 1.325718436 0.716185649 0.004041634 0.009358156 -0.697835372
1770029738.094601 2.134074187 1.008713473 1.325451867 0.716119658 0.003986750 0.009192846 -0.697905605
1770029738.106024 2.134912832 1.008600378 1.325158912 0.716056226 0.003962853 0.009000886 -0.697973324
1770029738.116958 2.135743277 1.008489483 1.324855091 0.715999982 0.003935097 0.008825493 -0.698033417
1770029738.127750 2.136546722 1.008388728 1.324531447 0.715961247 0.003930556 0.008649861 -0.698075371
1770029738.138529 2.137328041 1.008293603 1.324194108 0.715918147 0.003934616 0.008478946 -0.698121646
1770029738.149235 2.138120414 1.008196872 1.323834028 0.715870458 0.003923581 0.008298588 -0.698172777
1770029738.159988 2.138884961 1.008107077 1.323452003 0.715823636 0.003912436 0.008125932 -0.698222876
1770029738.170890 2.139674101 1.008006726 1.323028874 0.715766742 0.003886941 0.007968567 -0.698283155
1770029738.181538 2.140428295 1.007918955 1.322590122 0.715703405 0.003878246 0.007793432 -0.698350097
1770029738.192125 2.141171598 1.007835505 1.322139368 0.715621648 0.003849917 0.007652082 -0.698435595
1770029738.202845 2.141921928 1.007760747 1.321652708 0.715533953 0.003814280 0.007498918 -0.698527294
1770029738.213582 2.142697582 1.007670561 1.321150584 0.715427391 0.003736980 0.007383997 -0.698638075
1770029738.224293 2.143450155 1.007588362 1.320636262 0.715294982 0.003669248 0.007267347 -0.698775222
1770029738.235343 2.144196986 1.007505997 1.320102463 0.715146252 0.003615673 0.007159350 -0.698928830
1770029738.246237 2.144957155 1.007425392 1.319535527 0.714978809 0.003551032 0.007058140 -0.699101477
1770029738.257273 2.145704500 1.007334534 1.318993635 0.714795733 0.003464980 0.006986287 -0.699289815
1770029738.268404 2.146527242 1.007221486 1.318380735 0.714613160 0.003323983 0.006946770 -0.699477465
1770029738.278990 2.147287449 1.007124436 1.317775458 0.714441904 0.003215262 0.006901934 -0.699653336
1770029738.289613 2.148028920 1.007029221 1.317175468 0.714253021 0.003114783 0.006862297 -0.699847004
1770029738.300832 2.148763556 1.006943831 1.316546045 0.714069195 0.003029765 0.006805159 -0.700035495
1770029738.311879 2.149523567 1.006845333 1.315847194 0.713905695 0.002932560 0.006739154 -0.700203287
1770029738.322597 2.150227610 1.006765530 1.315188091 0.713726122 0.002866331 0.006676322 -0.700387202
1770029738.333243 2.150943195 1.006689606 1.314485123 0.713573832 0.002796297 0.006614369 -0.700543230
1770029738.343744 2.151626016 1.006615181 1.313762970 0.713446407 0.002751574 0.006560242 -0.700673688
1770029738.354191 2.152302498 1.006541658 1.313051757 0.713314672 0.002725578 0.006518139 -0.700808293
1770029738.364737 2.152986802 1.006470956 1.312275894 0.713216058 0.002675008 0.006450457 -0.700909474
1770029738.375293 2.153665084 1.006404219 1.311497451 0.713111004 0.002636406 0.006376273 -0.701017181
1770029738.385757 2.154327120 1.006342380 1.310689641 0.713030747 0.002578890 0.006273097 -0.701099958
1770029738.396179 2.154983065 1.006281185 1.309882864 0.712944011 0.002496073 0.006157423 -0.701189485
1770029738.406669 2.155615291 1.006211673 1.309086494 0.712841853 0.002421451 0.006047541 -0.701294557
1770029738.417155 2.156273041 1.006144027 1.308223450 0.712746342 0.002330958 0.005930851 -0.701392931
1770029738.427789 2.156925074 1.006072788 1.307367462 0.712643701 0.002240400 0.005841862 -0.701498260
1770029738.438474 2.157572351 1.006004278 1.306476528 0.712526738 0.002169938 0.005756466 -0.701617988
1770029738.449348 2.158232704 1.005933290 1.305556192 0.712414889 0.002104620 0.005692714 -0.701732278
1770029738.460074 2.158863156 1.005881888 1.304611704 0.712310136 0.002066566 0.005614391 -0.701839354
1770029738.470831 2.159500753 1.005807983 1.303684819 0.712180716 0.002010567 0.005570048 -0.701971196
1770029738.481722 2.160164703 1.005730382 1.302711242 0.712061314 0.001941565 0.005537095 -0.702092769
1770029738.492478 2.160832807 1.005653710 1.301712294 0.711941401 0.001869104 0.005522460 -0.702214675
1770029738.503041 2.161456177 1.005588254 1.300742196 0.711832394 0.001829556 0.005506380 -0.702325405
1770029738.513826 2.162094021 1.005521220 1.299694450 0.711751481 0.001764439 0.005473835 -0.702407826
1770029738.524411 2.162718135 1.005453860 1.298672601 0.711640829 0.001726151 0.005449660 -0.702520215
1770029738.534775 2.163311717 1.005406998 1.297640937 0.711565648 0.001682477 0.005400150 -0.702596852
1770029738.545148 2.163904640 1.005351692 1.296572035 0.711512116 0.001638675 0.005341556 -0.702651614
1770029738.555535 2.164465496 1.005303545 1.295522465 0.711455250 0.001626960 0.005283796 -0.702709657
1770029738.565913 2.165054110 1.005246853 1.294431598 0.711395845 0.001570926 0.005231131 -0.702770318
1770029738.576388 2.165623522 1.005190578 1.293352048 0.711308083 0.001538864 0.005172899 -0.702859648
1770029738.586880 2.166177236 1.005138457 1.292270518 0.711211015 0.001494814 0.005107383 -0.702958442
1770029738.597316 2.166748535 1.005078158 1.291141456 0.711126863 0.001431891 0.005044324 -0.703044159
1770029738.607760 2.167282776 1.005025929 1.290023618 0.711053417 0.001387562 0.004969766 -0.703119061
1770029738.618193 2.167845922 1.004962829 1.288856968 0.710976133 0.001315107 0.004896410 -0.703197862
1770029738.628661 2.168393758 1.004905783 1.287685198 0.710910095 0.001264726 0.004815306 -0.703265277
1770029738.639033 2.168926585 1.004855506 1.286502288 0.710843405 0.001219331 0.004739764 -0.703333279
1770029738.649754 2.169475457 1.004802243 1.285281603 0.710790585 0.001165316 0.004675807 -0.703387179
1770029738.660512 2.170016768 1.004752707 1.284020431 0.710751473 0.001122851 0.004589279 -0.703427339
1770029738.671442 2.170565548 1.004704263 1.282724018 0.710690483 0.001078754 0.004516625 -0.703489498
1770029738.682530 2.171126309 1.004657462 1.281372280 0.710665458 0.001017191 0.004442758 -0.703515340
1770029738.693468 2.171665365 1.004614667 1.280017049 0.710629022 0.000972436 0.004362587 -0.703552710
1770029738.704328 2.172186367 1.004565164 1.278737698 0.710549200 0.000932329 0.004323628 -0.703633620
1770029738.715519 2.172738786 1.004519010 1.277321533 0.710482020 0.000894108 0.004272307 -0.703701817
1770029738.726475 2.173246666 1.004478021 1.275960636 0.710402485 0.000873610 0.004227172 -0.703782407
1770029738.737222 2.173764207 1.004419909 1.274608360 0.710344986 0.000820951 0.004183242 -0.703840768
1770029738.748273 2.174300570 1.004352342 1.273180249 0.710285280 0.000763966 0.004137050 -0.703901358
1770029738.759103 2.174821688 1.004291032 1.271778073 0.710217240 0.000688904 0.004097792 -0.703970316
1770029738.769958 2.175337477 1.004231283 1.270355383 0.710157765 0.000645426 0.004075367 -0.704030484
1770029738.780459 2.175821073 1.004185110 1.268936113 0.710120434 0.000612653 0.004026537 -0.704068449
1770029738.790897 2.176299956 1.004137622 1.267539550 0.710048435 0.000562625 0.004016294 -0.704141160
1770029738.801243 2.176766170 1.004094738 1.266117327 0.710019386 0.000524991 0.003963083 -0.704170782
1770029738.811610 2.177220405 1.004064176 1.264688851 0.710000412 0.000472538 0.003898449 -0.704190311
1770029738.821985 2.177672227 1.004022790 1.263263668 0.709952644 0.000430484 0.003858508 -0.704238717
1770029738.832361 2.178109105 1.003982687 1.261838111 0.709900693 0.000407523 0.003813254 -0.704291346
1770029738.842745 2.178537280 1.003945784 1.260386688 0.709847868 0.000372790 0.003753952 -0.704344925
1770029738.853223 2.178963005 1.003903691 1.258927490 0.709805951 0.000340754 0.003695380 -0.704387493
1770029738.864064 2.179414226 1.003853129 1.257364092 0.709790624 0.000293879 0.003621386 -0.704403342
1770029738.874960 2.179843155 1.003803322 1.255826186 0.709743817 0.000261254 0.003566760 -0.704450797
1770029738.885507 2.180270213 1.003761390 1.254298047 0.709683573 0.000220864 0.003527270 -0.704511700
1770029738.896072 2.180698984 1.003718297 1.252757133 0.709637190 0.000170573 0.003499416 -0.704558573
1770029738.906549 2.181103183 1.003676362 1.251214895 0.709583773 0.000149782 0.003463587 -0.704612553
1770029738.917049 2.181518484 1.003646938 1.249603520 0.709587249 0.000099088 0.003408233 -0.704609332
1770029738.927780 2.181932454 1.003610894 1.248006632 0.709570678 0.000088744 0.003370071 -0.704626205
1770029738.938326 2.182330476 1.003582620 1.246408599 0.709537045 0.000095805 0.003353982 -0.704660147
1770029738.949034 2.182720670 1.003543043 1.244769311 0.709500594 0.000105792 0.003333932 -0.704696943
1770029738.959589 2.183098443 1.003502487 1.243178183 0.709490977 0.000103012 0.003302847 -0.704706772
1770029738.970228 2.183501056 1.003455027 1.241503076 0.709466188 0.000068717 0.003286673 -0.704731808
1770029738.980988 2.183875371 1.003410092 1.239874429 0.709395541 0.000039979 0.003280550 -0.704802954
1770029738.991817 2.184262379 1.003370067 1.238188473 0.709314287 -0.000008270 0.003299845 -0.704884638
1770029739.002601 2.184642138 1.003327308 1.236502390 0.709257898 -0.000046890 0.003292521 -0.704941410
1770029739.013517 2.185022040 1.003285324 1.234732391 0.709253548 -0.000102433 0.003233929 -0.704946052
1770029739.024049 2.185375739 1.003257726 1.233029272 0.709236663 -0.000132699 0.003180640 -0.704963277
1770029739.034727 2.185733107 1.003223727 1.231343882 0.709221111 -0.000164523 0.003138598 -0.704979105
1770029739.045328 2.186086230 1.003188703 1.229599748 0.709200449 -0.000192195 0.003091606 -0.705000091
1770029739.055924 2.186399989 1.003156763 1.227916044 0.709162559 -0.000199907 0.003052385 -0.705038373
1770029739.066446 2.186732072 1.003124349 1.226139740 0.709157406 -0.000248456 0.003001246 -0.705043761
1770029739.076886 2.187066961 1.003072886 1.224454727 0.709096304 -0.000297206 0.003011700 -0.705105151
1770029739.087413 2.187404343 1.003026101 1.222715579 0.709035324 -0.000344807 0.003024831 -0.705166393
1770029739.098341 2.187731991 1.002990008 1.220898842 0.708993215 -0.000379749 0.003012489 -0.705208765
1770029739.109443 2.188047493 1.002954283 1.219083022 0.708974820 -0.000404313 0.002983467 -0.705227368
1770029739.120211 2.188379977 1.002920119 1.217220119 0.708976805 -0.000460972 0.002941470 -0.705225513
1770029739.131031 2.188690873 1.002894401 1.215402780 0.708957235 -0.000492933 0.002910623 -0.705245293
1770029739.141723 2.188991915 1.002870821 1.213559139 0.708914307 -0.000538155 0.002886429 -0.705288512
1770029739.152283 2.189278350 1.002830763 1.211754652 0.708871133 -0.000566657 0.002876278 -0.705331924
1770029739.162753 2.189572899 1.002790021 1.209930976 0.708868086 -0.000620227 0.002859497 -0.705335009
1770029739.173384 2.189844055 1.002748246 1.208167944 0.708820249 -0.000640752 0.002863137 -0.705383050
1770029739.184071 2.190112413 1.002714125 1.206315006 0.708789842 -0.000649433 0.002838277 -0.705413695
1770029739.194763 2.190369042 1.002686408 1.204478001 0.708772158 -0.000666678 0.002817504 -0.705431531
1770029739.205144 2.190624878 1.002662209 1.202594842 0.708767203 -0.000681807 0.002778620 -0.705436649
1770029739.215798 2.190889191 1.002633628 1.200666159 0.708803334 -0.000726175 0.002721397 -0.705400525
1770029739.226415 2.191141382 1.002606116 1.198830821 0.708772594 -0.000737067 0.002720877 -0.705431403
1770029739.237114 2.191387674 1.002580463 1.196959223 0.708733964 -0.000757677 0.002719370 -0.705470198
1770029739.247713 2.191629842 1.002542714 1.195050878 0.708699458 -0.000778490 0.002731040 -0.705504793
1770029739.258195 2.191861263 1.002498879 1.193216452 0.708660184 -0.000794992 0.002737779 -0.705544198
1770029739.268735 2.192086682 1.002459965 1.191341826 0.708643556 -0.000828827 0.002713493 -0.705560954
1770029739.279391 2.192308752 1.002426256 1.189414708 0.708625489 -0.000843240 0.002688807 -0.705579177
1770029739.289988 2.192524606 1.002408778 1.187469512 0.708634568 -0.000861228 0.002648685 -0.705570190
1770029739.300664 2.192736349 1.002383123 1.185522131 0.708654022 -0.000889082 0.002614088 -0.705550744
1770029739.311260 2.192946515 1.002353468 1.183555760 0.708679726 -0.000918895 0.002583570 -0.705525001
1770029739.322072 2.193160080 1.002320560 1.181612825 0.708644206 -0.000947489 0.002600527 -0.705560578
1770029739.333042 2.193371387 1.002281500 1.179628894 0.708602716 -0.000983755 0.002599043 -0.705602203
1770029739.343691 2.193562612 1.002242855 1.177683003 0.708564118 -0.001002970 0.002599737 -0.705640933
1770029739.354218 2.193738810 1.002211003 1.175759425 0.708526333 -0.001006104 0.002596208 -0.705678881
1770029739.364862 2.193918296 1.002183008 1.173768419 0.708549751 -0.001040002 0.002555023 -0.705655469
1770029739.375764 2.194096883 1.002157905 1.171756803 0.708562582 -0.001057783 0.002529264 -0.705642652
1770029739.386667 2.194272110 1.002132537 1.169665938 0.708563195 -0.001088442 0.002503883 -0.705642079
1770029739.397340 2.194437405 1.002099410 1.167625630 0.708578662 -0.001113579 0.002482976 -0.705626583
1770029739.408285 2.194592640 1.002059476 1.165636989 0.708576138 -0.001117441 0.002473444 -0.705629145
1770029739.419538 2.194747548 1.002020261 1.163598336 0.708545805 -0.001128110 0.002476235 -0.705659576
1770029739.430424 2.194896506 1.001995733 1.161519537 0.708505901 -0.001160296 0.002455358 -0.705699662
1770029739.441331 2.195044026 1.001974595 1.159458213 0.708468263 -0.001236467 0.002440500 -0.705737370
1770029739.451963 2.195177541 1.001951659 1.157429536 0.708466415 -0.001277466 0.002428832 -0.705739193
1770029739.463287 2.195307866 1.001925836 1.155317588 0.708493384 -0.001320861 0.002394603 -0.705712155
1770029739.473818 2.195432304 1.001897361 1.153240259 0.708468061 -0.001369607 0.002392567 -0.705737491
1770029739.484571 2.195546584 1.001863504 1.151258897 0.708443190 -0.001402558 0.002396088 -0.705762381
1770029739.495862 2.195669221 1.001827845 1.149156752 0.708412211 -0.001440678 0.002415272 -0.705793334
1770029739.507072 2.195774189 1.001797831 1.147069627 0.708391120 -0.001452211 0.002401641 -0.705814526
1770029739.518323 2.195878903 1.001778161 1.144855294 0.708430193 -0.001478455 0.002357166 -0.705775403
1770029739.529402 2.195972292 1.001757681 1.142715464 0.708441452 -0.001481329 0.002334906 -0.705764170
1770029739.540349 2.196061518 1.001736255 1.140564008 0.708429417 -0.001499814 0.002322106 -0.705776253
1770029739.551358 2.196134587 1.001700931 1.138523733 0.708405667 -0.001496106 0.002339638 -0.705800042
1770029739.562856 2.196216294 1.001664226 1.136282247 0.708394698 -0.001531124 0.002349509 -0.705810943
1770029739.573618 2.196287009 1.001637109 1.134249018 0.708328812 -0.001569431 0.002388544 -0.705876849
1770029739.584354 2.196357319 1.001622323 1.132137412 0.708340791 -0.001617967 0.002386705 -0.705864725
1770029739.594912 2.196416419 1.001600072 1.130050274 0.708358668 -0.001638632 0.002393407 -0.705846714
1770029739.605487 2.196465493 1.001577729 1.128006970 0.708358349 -0.001645232 0.002390127 -0.705847030
1770029739.616136 2.196509009 1.001537925 1.125921019 0.708386996 -0.001671620 0.002364321 -0.705818305
1770029739.626837 2.196549667 1.001499224 1.123863786 0.708383213 -0.001667252 0.002356608 -0.705822138
1770029739.637514 2.196590121 1.001473568 1.121833969 0.708358502 -0.001699234 0.002346345 -0.705846896
1770029739.648386 2.196630365 1.001458390 1.119751508 0.708347288 -0.001755910 0.002326112 -0.705858077
1770029739.659239 2.196665771 1.001440653 1.117663145 0.708339009 -0.001806657 0.002335859 -0.705866226
1770029739.670011 2.196688547 1.001405760 1.115513343 0.708354942 -0.001849295 0.002334458 -0.705850131
1770029739.680525 2.196704797 1.001368816 1.113460688 0.708343708 -0.001855235 0.002353563 -0.705861325
1770029739.691494 2.196720385 1.001336065 1.111425179 0.708317403 -0.001859362 0.002386543 -0.705887600
1770029739.702200 2.196725018 1.001304986 1.109315949 0.708293776 -0.001846382 0.002414829 -0.705911246
1770029739.712780 2.196724335 1.001282747 1.107213761 0.708334386 -0.001861152 0.002386149 -0.705870554
1770029739.723472 2.196712411 1.001255515 1.105102128 0.708378386 -0.001860293 0.002344174 -0.705826541
1770029739.734271 2.196698681 1.001226630 1.102984604 0.708410588 -0.001869757 0.002282337 -0.705794399
1770029739.744896 2.196684248 1.001183212 1.100881732 0.708423491 -0.001895341 0.002251219 -0.705781480
1770029739.755557 2.196673464 1.001148762 1.098873406 0.708400638 -0.001900501 0.002265135 -0.705804359
1770029739.766163 2.196659034 1.001114709 1.096798365 0.708412006 -0.001942594 0.002252529 -0.705792875
1770029739.776814 2.196645676 1.001092251 1.094735289 0.708409569 -0.001977644 0.002248056 -0.705795237
1770029739.787390 2.196621351 1.001063593 1.092655236 0.708423084 -0.002013862 0.002243283 -0.705781585
1770029739.798047 2.196586487 1.001028233 1.090582138 0.708442987 -0.002050567 0.002212389 -0.705761599
1770029739.808744 2.196548481 1.000986848 1.088540791 0.708428094 -0.002062451 0.002233378 -0.705776447
1770029739.819269 2.196504515 1.000948090 1.086472423 0.708432030 -0.002072500 0.002266205 -0.705772363
1770029739.829699 2.196449255 1.000921470 1.084437202 0.708427925 -0.002088925 0.002274885 -0.705776407
1770029739.840153 2.196389182 1.000908019 1.082389856 0.708449978 -0.002119787 0.002263925 -0.705754213
1770029739.850727 2.196312650 1.000888337 1.080310208 0.708463999 -0.002119208 0.002274625 -0.705740106
1770029739.861290 2.196231620 1.000855818 1.078259659 0.708484278 -0.002143815 0.002252781 -0.705719744
1770029739.871832 2.196147992 1.000819943 1.076234358 0.708462339 -0.002145651 0.002265989 -0.705741720
1770029739.882525 2.196067733 1.000791176 1.074223640 0.708451022 -0.002147038 0.002293675 -0.705752987
1770029739.893237 2.195976551 1.000769871 1.072110901 0.708472822 -0.002186811 0.002270372 -0.705731056
1770029739.903829 2.195876844 1.000757970 1.070052256 0.708473467 -0.002190376 0.002277559 -0.705730374
1770029739.914404 2.195762937 1.000736302 1.067992168 0.708511750 -0.002210583 0.002244236 -0.705691984
1770029739.924955 2.195644333 1.000708669 1.065988773 0.708478755 -0.002218832 0.002255000 -0.705725049
1770029739.935607 2.195532006 1.000685074 1.064008066 0.708450170 -0.002226943 0.002282264 -0.705753632
1770029739.946571 2.195408666 1.000667170 1.061971106 0.708445387 -0.002245770 0.002285046 -0.705758364
1770029739.957182 2.195279827 1.000653406 1.059861935 0.708460919 -0.002271080 0.002272105 -0.705742734
1770029739.967789 2.195137365 1.000625574 1.057771141 0.708506867 -0.002307511 0.002223175 -0.705696643
1770029739.978284 2.194995882 1.000598660 1.055769906 0.708514559 -0.002300467 0.002206513 -0.705688996
1770029739.988767 2.194851752 1.000567831 1.053790175 0.708499024 -0.002303757 0.002213907 -0.705704559
1770029739.999216 2.194720339 1.000544713 1.051813993 0.708484658 -0.002314645 0.002252559 -0.705718824
1770029740.009719 2.194575733 1.000522018 1.049799857 0.708518107 -0.002319199 0.002258949 -0.705685207
1770029740.020280 2.194420351 1.000497800 1.047781765 0.708542578 -0.002302765 0.002267448 -0.705660663
1770029740.030830 2.194247698 1.000473760 1.045779169 0.708567236 -0.002250875 0.002271831 -0.705636056
1770029740.041614 2.194069019 1.000442828 1.043787105 0.708563333 -0.002212249 0.002260351 -0.705640135
1770029740.052712 2.193905324 1.000412919 1.041755988 0.708539852 -0.002203340 0.002292446 -0.705663637
1770029740.063360 2.193730443 1.000379902 1.039643193 0.708585438 -0.002220088 0.002275228 -0.705617866
1770029740.073965 2.193552973 1.000363799 1.037647754 0.708596525 -0.002229139 0.002270700 -0.705606718
1770029740.084929 2.193353784 1.000344417 1.035626082 0.708609337 -0.002247379 0.002222815 -0.705593945
1770029740.095519 2.193156354 1.000318616 1.033632810 0.708588063 -0.002263608 0.002221174 -0.705615263
1770029740.106165 2.192985859 1.000288866 1.031741590 0.708557122 -0.002284958 0.002253172 -0.705646163
1770029740.116682 2.192785627 1.000263378 1.029744970 0.708577105 -0.002297751 0.002257440 -0.705626041
1770029740.127621 2.192583187 1.000245007 1.027777729 0.708599899 -0.002324151 0.002250201 -0.705603088
1770029740.138334 2.192364632 1.000216021 1.025725217 0.708617931 -0.002359581 0.002225726 -0.705584939
1770029740.148837 2.192159823 1.000175031 1.023774715 0.708620245 -0.002391158 0.002229275 -0.705582498
1770029740.159297 2.191940633 1.000148934 1.021879951 0.708615512 -0.002405454 0.002207756 -0.705587270
1770029740.170008 2.191728162 1.000125896 1.019991912 0.708607533 -0.002439864 0.002215766 -0.705595140
1770029740.180619 2.191501983 1.000099905 1.017975411 0.708644520 -0.002442068 0.002197137 -0.705558044
1770029740.191274 2.191256762 1.000067391 1.015983272 0.708679247 -0.002457553 0.002160685 -0.705523222
1770029740.201822 2.191011922 1.000042636 1.014097880 0.708674196 -0.002448200 0.002145995 -0.705528372
1770029740.212260 2.190771800 1.000004380 1.012200712 0.708690426 -0.002447576 0.002124434 -0.705512137
1770029740.222741 2.190534819 0.999981770 1.010370534 0.708673175 -0.002430325 0.002133852 -0.705529497
1770029740.233151 2.190300201 0.999961908 1.008465964 0.708693786 -0.002461988 0.002141551 -0.705508660
1770029740.243575 2.190047179 0.999925721 1.006571660 0.708729627 -0.002485911 0.002116660 -0.705472647
1770029740.254009 2.189777230 0.999907678 1.004746741 0.708727458 -0.002474709 0.002089973 -0.705474945
1770029740.264635 2.189493636 0.999880216 1.002880268 0.708734692 -0.002464253 0.002056249 -0.705467813
1770029740.275334 2.189205498 0.999859881 1.001010402 0.708725860 -0.002422420 0.002044514 -0.705476865
1770029740.286332 2.188918101 0.999847486 0.999103441 0.708745035 -0.002398232 0.002029534 -0.705457727
1770029740.297138 2.188620672 0.999817886 0.997092209 0.708781539 -0.002395582 0.002028054 -0.705421065
1770029740.307578 2.188333882 0.999787647 0.995287619 0.708798018 -0.002374156 0.002021281 -0.705404599
1770029740.318228 2.188047051 0.999759477 0.993491671 0.708778075 -0.002360378 0.002024354 -0.705424674
1770029740.328778 2.187765331 0.999733085 0.991662461 0.708767955 -0.002361212 0.002039874 -0.705434795
1770029740.339176 2.187470822 0.999712332 0.989867877 0.708779987 -0.002366950 0.002041817 -0.705422680
1770029740.349626 2.187184478 0.999680985 0.988046636 0.708798755 -0.002384155 0.002063507 -0.705403702
1770029740.360051 2.186879840 0.999649359 0.986245758 0.708835690 -0.002393242 0.002031723 -0.705366649
1770029740.370788 2.186570326 0.999608281 0.984450183 0.708818164 -0.002385880 0.002044964 -0.705384247
1770029740.381420 2.186254880 0.999581737 0.982669131 0.708811138 -0.002377656 0.002041959 -0.705391344
1770029740.392132 2.185941850 0.999557992 0.980863539 0.708814781 -0.002396811 0.002045898 -0.705387607
1770029740.402806 2.185624943 0.999535205 0.979106253 0.708836753 -0.002407479 0.002022034 -0.705365560
1770029740.415949 2.185262825 0.999497441 0.977193638 0.708883069 -0.002453490 0.001961071 -0.705319027
1770029740.426975 2.184838854 0.999464916 0.975033148 0.708870755 -0.002445096 0.001931772 -0.705331512
1770029740.437585 2.184504450 0.999434846 0.973302063 0.708858347 -0.002453741 0.001910861 -0.705344010
1770029740.448313 2.184154630 0.999416158 0.971533783 0.708867486 -0.002466460 0.001888347 -0.705334841
1770029740.458986 2.183805236 0.999388173 0.969774708 0.708901425 -0.002471631 0.001871894 -0.705300756
1770029740.469815 2.183444238 0.999352556 0.968012046 0.708915394 -0.002457734 0.001884634 -0.705286730
1770029740.480385 2.183105822 0.999303875 0.966286061 0.708918305 -0.002474305 0.001925280 -0.705283636
1770029740.490750 2.182751361 0.999281384 0.964652438 0.708905013 -0.002448096 0.001930898 -0.705297073
1770029740.501129 2.182385048 0.999264186 0.963011525 0.708899285 -0.002416475 0.001924629 -0.705302956
1770029740.511513 2.181981377 0.999252802 0.961310103 0.708948532 -0.002389545 0.001874305 -0.705253682
1770029740.521855 2.181596810 0.999234086 0.959672447 0.708957213 -0.002345169 0.001861227 -0.705245139
1770029740.532401 2.181198041 0.999209316 0.958013616 0.708971812 -0.002305500 0.001826108 -0.705230686
1770029740.542866 2.180823351 0.999181387 0.956430822 0.708953981 -0.002292432 0.001803247 -0.705248712
1770029740.553231 2.180446183 0.999159742 0.954836164 0.708937764 -0.002292050 0.001786446 -0.705265058
1770029740.563919 2.180060574 0.999129348 0.953222214 0.708963170 -0.002305796 0.001762168 -0.705239535
1770029740.574754 2.179644623 0.999099480 0.951538647 0.708985607 -0.002320184 0.001741548 -0.705216983
1770029740.585447 2.179219975 0.999073298 0.949875257 0.708998267 -0.002333372 0.001697241 -0.705204320
1770029740.595905 2.178827397 0.999045287 0.948330250 0.708988149 -0.002338034 0.001670260 -0.705214541
1770029740.606501 2.178438036 0.999023746 0.946801672 0.708973130 -0.002351044 0.001659028 -0.705229623
1770029740.617059 2.178012178 0.998993629 0.945183261 0.708992252 -0.002353059 0.001632802 -0.705210454
1770029740.627522 2.177600422 0.998962534 0.943614324 0.709006234 -0.002365136 0.001648612 -0.705196319
1770029740.637995 2.177175424 0.998937037 0.942059102 0.709023316 -0.002372044 0.001659305 -0.705179096
1770029740.648382 2.176760612 0.998899516 0.940528772 0.709034304 -0.002388006 0.001664878 -0.705167981
1770029740.658793 2.176373219 0.998863168 0.939076010 0.709014661 -0.002402610 0.001724587 -0.705187538
1770029740.669660 2.175950345 0.998830501 0.937540909 0.709026839 -0.002400976 0.001768172 -0.705175192
1770029740.680157 2.175498034 0.998812005 0.936005549 0.709031838 -0.002374218 0.001787047 -0.705170208
1770029740.690963 2.175019339 0.998800814 0.934475727 0.709053026 -0.002362699 0.001753836 -0.705149025
1770029740.701520 2.174529168 0.998788963 0.932973017 0.709065492 -0.002326329 0.001716343 -0.705136703
1770029740.712160 2.174044395 0.998763802 0.931482261 0.709086258 -0.002287214 0.001664842 -0.705116072
1770029740.722742 2.173562996 0.998748612 0.930044943 0.709066995 -0.002237903 0.001637998 -0.705135664
1770029740.733281 2.173095042 0.998732373 0.928604263 0.709058307 -0.002212892 0.001621885 -0.705144517
1770029740.743692 2.172635612 0.998714288 0.927183031 0.709069087 -0.002199650 0.001604764 -0.705133758
1770029740.754301 2.172165147 0.998694423 0.925741350 0.709087836 -0.002191353 0.001612502 -0.705114912
1770029740.765350 2.171666891 0.998656457 0.924269331 0.709119301 -0.002179594 0.001598169 -0.705083337
1770029740.776261 2.171174647 0.998627651 0.922861431 0.709122817 -0.002149095 0.001600701 -0.705079888
1770029740.786782 2.170665907 0.998603435 0.921434368 0.709103836 -0.002118838 0.001611411 -0.705099045
1770029740.797241 2.170181502 0.998582739 0.920085382 0.709091804 -0.002102228 0.001613613 -0.705111190
1770029740.807620 2.169723446 0.998555585 0.918772085 0.709088107 -0.002112282 0.001632159 -0.705114835
1770029740.818034 2.169249454 0.998513345 0.917401544 0.709123935 -0.002156565 0.001634439 -0.705078664
1770029740.828511 2.168748373 0.998488499 0.916058763 0.709138481 -0.002169014 0.001624318 -0.705064019
1770029740.838909 2.168224129 0.998472462 0.914744575 0.709148697 -0.002148022 0.001572333 -0.705053926
1770029740.849305 2.167695290 0.998463972 0.913472262 0.709141839 -0.002125249 0.001530643 -0.705060985
1770029740.859887 2.167162698 0.998463699 0.912217831 0.709128445 -0.002084458 0.001488385 -0.705074668
1770029740.871410 2.166613095 0.998455003 0.910944401 0.709116626 -0.002034024 0.001451612 -0.705086779
1770029740.882518 2.166019592 0.998435843 0.909510689 0.709138028 -0.002027822 0.001432071 -0.705065312
1770029740.893160 2.165458866 0.998407711 0.908177335 0.709159767 -0.002024376 0.001404085 -0.705043513
1770029740.903677 2.164938727 0.998382500 0.906940968 0.709167691 -0.002035967 0.001396764 -0.705035524
1770029740.914196 2.164394980 0.998354656 0.905696721 0.709185641 -0.002042936 0.001363450 -0.705017514
1770029740.924657 2.163856195 0.998343501 0.904519761 0.709165116 -0.002021242 0.001353194 -0.705038242
1770029740.935182 2.163321293 0.998329104 0.903348616 0.709149720 -0.002014121 0.001350920 -0.705053752
1770029740.945546 2.162782087 0.998316661 0.902197136 0.709139036 -0.002006792 0.001346578 -0.705064527
1770029740.955990 2.162258663 0.998290579 0.901039668 0.709142732 -0.002031244 0.001364185 -0.705060706
1770029740.966369 2.161692784 0.998260763 0.899864140 0.709172815 -0.002046417 0.001325917 -0.705030476
1770029740.976744 2.161113056 0.998246477 0.898726070 0.709183282 -0.002014045 0.001280420 -0.705020125
1770029740.987100 2.160526714 0.998234517 0.897602098 0.709192108 -0.001977344 0.001239883 -0.705011424
1770029740.997488 2.159928612 0.998234586 0.896514745 0.709179918 -0.001915528 0.001187926 -0.705023945
1770029741.007988 2.159343586 0.998237062 0.895464617 0.709158513 -0.001858164 0.001135864 -0.705045715
1770029741.018373 2.158742667 0.998234650 0.894389410 0.709148249 -0.001805976 0.001093143 -0.705056242
1770029741.028749 2.158159239 0.998228768 0.893347518 0.709136006 -0.001758001 0.001083292 -0.705068692
1770029741.039136 2.157572396 0.998212367 0.892293308 0.709141259 -0.001715131 0.001075309 -0.705063527
1770029741.049511 2.156985642 0.998187613 0.891246302 0.709153641 -0.001676688 0.001090327 -0.705051143
1770029741.059892 2.156396211 0.998164252 0.890221094 0.709167665 -0.001644705 0.001095649 -0.705037103
1770029741.070434 2.155796863 0.998143956 0.889213904 0.709169713 -0.001615737 0.001081117 -0.705035133
1770029741.080937 2.155192846 0.998118155 0.888202652 0.709167873 -0.001619071 0.001070691 -0.705036992
1770029741.091431 2.154611033 0.998098470 0.887245599 0.709150375 -0.001637570 0.001083515 -0.705054530
1770029741.101943 2.153997322 0.998097198 0.886302156 0.709129243 -0.001622292 0.001057091 -0.705075859
1770029741.112567 2.153359755 0.998097653 0.885358982 0.709130924 -0.001588983 0.001009085 -0.705074315
1770029741.123161 2.152691530 0.998105718 0.884404196 0.709116105 -0.001545852 0.000971430 -0.705089367
1770029741.133860 2.152029839 0.998104630 0.883471357 0.709117240 -0.001494582 0.000911146 -0.705088417
1770029741.144500 2.151361493 0.998090965 0.882523194 0.709131453 -0.001468921 0.000869871 -0.705074229
1770029741.154989 2.150730725 0.998075582 0.881635084 0.709133018 -0.001476111 0.000853897 -0.705072659
1770029741.165572 2.150069117 0.998057629 0.880731443 0.709143324 -0.001471344 0.000811782 -0.705062353
1770029741.176050 2.149427824 0.998048729 0.879867742 0.709147659 -0.001485983 0.000801031 -0.705057975
1770029741.186520 2.148788038 0.998038751 0.879028433 0.709151199 -0.001489922 0.000794098 -0.705054414
1770029741.197053 2.148134357 0.998031065 0.878205287 0.709136642 -0.001491508 0.000790768 -0.705069056
1770029741.207771 2.147522746 0.998011561 0.877418079 0.709126224 -0.001531379 0.000828214 -0.705079405
1770029741.218434 2.146837213 0.998013195 0.876610191 0.709118629 -0.001522114 0.000818050 -0.705087076
1770029741.228898 2.146147341 0.998022288 0.875823356 0.709116725 -0.001495678 0.000789646 -0.705089079
1770029741.239373 2.145451083 0.998030202 0.875057212 0.709113101 -0.001459616 0.000749189 -0.705092844
1770029741.249765 2.144740381 0.998037014 0.874292421 0.709126792 -0.001405251 0.000695809 -0.705079239
1770029741.260252 2.144046802 0.998032084 0.873549147 0.709141667 -0.001376318 0.000661316 -0.705064369
1770029741.270867 2.143354219 0.998031446 0.872830815 0.709140013 -0.001346318 0.000657334 -0.705066094
1770029741.281419 2.142653636 0.998028983 0.872119667 0.709134013 -0.001329883 0.000639322 -0.705072177
1770029741.291941 2.141953482 0.998020351 0.871414990 0.709137441 -0.001318737 0.000625937 -0.705068761
1770029741.302379 2.141271858 0.998006449 0.870739074 0.709146258 -0.001316165 0.000632543 -0.705059893
1770029741.312791 2.140572668 0.997999977 0.870088623 0.709143983 -0.001295882 0.000631557 -0.705062219
1770029741.323241 2.139917319 0.997993163 0.869475729 0.709126278 -0.001331009 0.000679735 -0.705079916
1770029741.333617 2.139217705 0.997993189 0.868865181 0.709122800 -0.001304565 0.000686274 -0.705083458
1770029741.344244 2.138495427 0.997988134 0.868252669 0.709126620 -0.001273139 0.000664545 -0.705079693
1770029741.354807 2.137743004 0.998003127 0.867662684 0.709117266 -0.001217704 0.000652596 -0.705089210
1770029741.365304 2.136974969 0.998028434 0.867090417 0.709107579 -0.001136724 0.000601377 -0.705099133
1770029741.375869 2.136242080 0.998045042 0.866550246 0.709091434 -0.001086600 0.000583645 -0.705115464
1770029741.386327 2.135507258 0.998036045 0.866000601 0.709089413 -0.001074393 0.000553532 -0.705117538
1770029741.397256 2.134768748 0.998038015 0.865477501 0.709083421 -0.001078721 0.000532369 -0.705123574
1770029741.407948 2.134009742 0.998049907 0.864963486 0.709071130 -0.001085535 0.000538742 -0.705135919
1770029741.418432 2.133268052 0.998048124 0.864465884 0.709074970 -0.001096938 0.000527284 -0.705132049
1770029741.428860 2.132551552 0.998029479 0.863984397 0.709092916 -0.001143546 0.000576304 -0.705113889
1770029741.439250 2.131816106 0.998037909 0.863533833 0.709102651 -0.001165602 0.000582932 -0.705104058
1770029741.449620 2.131069456 0.998049722 0.863099472 0.709109470 -0.001178429 0.000588357 -0.705097174
1770029741.459953 2.130308903 0.998061915 0.862674997 0.709125314 -0.001170439 0.000583206 -0.705081257
1770029741.470333 2.129511300 0.998081949 0.862256842 0.709133170 -0.001138710 0.000528117 -0.705073451
1770029741.480806 2.128740533 0.998095559 0.861863475 0.709141455 -0.001131926 0.000500912 -0.705065149
1770029741.491444 2.127960940 0.998104021 0.861481766 0.709144240 -0.001135268 0.000493188 -0.705062349
1770029741.502174 2.127178637 0.998107922 0.861122028 0.709141946 -0.001118810 0.000508893 -0.705064671
1770029741.512865 2.126375907 0.998111547 0.860760668 0.709154239 -0.001100505 0.000524312 -0.705052323
1770029741.523230 2.125609607 0.998114454 0.860431880 0.709157195 -0.001121901 0.000525120 -0.705049316
1770029741.533674 2.124865689 0.998105764 0.860112769 0.709167778 -0.001173299 0.000554643 -0.705038565
1770029741.544244 2.124063624 0.998122963 0.859807760 0.709170909 -0.001171858 0.000527511 -0.705035439
1770029741.554737 2.123261051 0.998145440 0.859517502 0.709171867 -0.001173145 0.000479805 -0.705034508
1770029741.565258 2.122405101 0.998162790 0.859215400 0.709189852 -0.001130142 0.000391128 -0.705016541
1770029741.575773 2.121556761 0.998188086 0.858955887 0.709183138 -0.001049935 0.000283020 -0.705023471
1770029741.586446 2.120707141 0.998206908 0.858714264 0.709169680 -0.001000049 0.000204363 -0.705037108
1770029741.596962 2.119886461 0.998207425 0.858495905 0.709160956 -0.000974174 0.000152199 -0.705045932
1770029741.607376 2.119082204 0.998227803 0.858326913 0.709130865 -0.000936471 0.000117290 -0.705076255
1770029741.617978 2.118258915 0.998229584 0.858141551 0.709126669 -0.000907461 0.000071556 -0.705080520
1770029741.628661 2.117426176 0.998239668 0.857999916 0.709105808 -0.000901268 0.000072008 -0.705101507
1770029741.639120 2.116621197 0.998242860 0.857864517 0.709103683 -0.000918557 0.000083395 -0.705103621
1770029741.649489 2.115788403 0.998255066 0.857746144 0.709099541 -0.000911477 0.000059321 -0.705107798
1770029741.659897 2.114952588 0.998280053 0.857644126 0.709104382 -0.000891902 0.000041960 -0.705102956
1770029741.670321 2.114076966 0.998303734 0.857549026 0.709107927 -0.000842654 -0.000002775 -0.705099453
1770029741.680837 2.113203889 0.998344627 0.857502290 0.709088453 -0.000810852 -0.000042526 -0.705119072
1770029741.691517 2.112350546 0.998364751 0.857463049 0.709076090 -0.000788133 -0.000049732 -0.705131530
1770029741.702174 2.111502090 0.998389693 0.857470000 0.709039418 -0.000768975 -0.000029660 -0.705168427
1770029741.712835 2.110620407 0.998408756 0.857475486 0.709017106 -0.000752745 -0.000033789 -0.705190879
1770029741.723198 2.109779006 0.998422181 0.857500537 0.708999060 -0.000750233 -0.000007698 -0.705209026
1770029741.733681 2.108961162 0.998426309 0.857530813 0.708996340 -0.000781569 0.000039635 -0.705211725
1770029741.744144 2.108089361 0.998443264 0.857582894 0.708983760 -0.000756993 0.000040068 -0.705224400
1770029741.754623 2.107230960 0.998460089 0.857646064 0.708970090 -0.000746515 0.000035299 -0.705238154
1770029741.764998 2.106322966 0.998484721 0.857715247 0.708966715 -0.000696124 0.000001670 -0.705241599
1770029741.775387 2.105427574 0.998515284 0.857815504 0.708949970 -0.000635440 -0.000027905 -0.705258488
1770029741.786053 2.104554982 0.998521994 0.857915143 0.708948832 -0.000620125 -0.000036244 -0.705259646
1770029741.796729 2.103655837 0.998537403 0.858041240 0.708948477 -0.000634443 -0.000033603 -0.705259990
1770029741.807304 2.102769599 0.998538783 0.858179943 0.708960747 -0.000635247 0.000006365 -0.705247656
1770029741.817825 2.101877163 0.998560266 0.858348560 0.708955007 -0.000637091 0.000012871 -0.705253424
1770029741.828325 2.101012937 0.998562320 0.858527071 0.708964587 -0.000685464 0.000060908 -0.705243746
1770029741.838782 2.100122913 0.998584349 0.858729837 0.708954441 -0.000677794 0.000075469 -0.705253951
1770029741.849482 2.099187946 0.998613520 0.858966522 0.708933654 -0.000621648 0.000070854 -0.705274899
1770029741.859996 2.098245743 0.998646550 0.859216340 0.708907508 -0.000584481 0.000026797 -0.705301214
1770029741.870715 2.097272408 0.998699112 0.859496290 0.708872079 -0.000547803 -0.000050514 -0.705336850
1770029741.881379 2.096339575 0.998733993 0.859786002 0.708834060 -0.000518284 -0.000089179 -0.705375077
1770029741.891964 2.095400160 0.998772093 0.860108389 0.708792336 -0.000514848 -0.000105310 -0.705417003
1770029741.902396 2.094480866 0.998788823 0.860415868 0.708778327 -0.000501363 -0.000099774 -0.705431089
1770029741.913166 2.093592245 0.998807184 0.860709341 0.708772209 -0.000488120 -0.000114668 -0.705437243
1770029741.923705 2.092624113 0.998807281 0.861057394 0.708773309 -0.000530523 -0.000091212 -0.705436111
1770029741.934219 2.091681265 0.998824636 0.861405385 0.708769467 -0.000515649 -0.000092674 -0.705439982
1770029741.944841 2.090718291 0.998854682 0.861793519 0.708741731 -0.000450377 -0.000103946 -0.705467891
1770029741.955439 2.089750009 0.998887917 0.862195427 0.708725794 -0.000376888 -0.000081832 -0.705483947
1770029741.966037 2.088730572 0.998936253 0.862623673 0.708705204 -0.000244491 -0.000069456 -0.705504691
1770029741.976533 2.087762590 0.998961855 0.863043490 0.708696854 -0.000140581 -0.000015900 -0.705513110
1770029741.987170 2.086807645 0.998987783 0.863480655 0.708687690 -0.000046188 0.000059421 -0.705522326
1770029741.997834 2.085821182 0.999012344 0.863929797 0.708687241 0.000044493 0.000120058 -0.705522769
1770029742.008427 2.084842381 0.999016932 0.864383007 0.708699610 0.000095505 0.000183996 -0.705510326
1770029742.018914 2.083891127 0.999022175 0.864860248 0.708700405 0.000104611 0.000228685 -0.705509513
1770029742.029266 2.082944912 0.999051610 0.865392698 0.708680007 0.000106976 0.000265669 -0.705529989
1770029742.039929 2.081958573 0.999091655 0.865944056 0.708663830 0.000124410 0.000290731 -0.705546225
1770029742.050426 2.080968317 0.999145729 0.866518737 0.708637382 0.000142188 0.000301874 -0.705572781
1770029742.060864 2.079948240 0.999197087 0.867091811 0.708606729 0.000188264 0.000247303 -0.705603576
1770029742.071242 2.078940472 0.999225271 0.867636665 0.708610104 0.000215318 0.000204213 -0.705600193
1770029742.081629 2.077939725 0.999244249 0.868200784 0.708610679 0.000239589 0.000170403 -0.705599616
1770029742.092204 2.076944903 0.999264975 0.868795663 0.708597917 0.000247184 0.000126255 -0.705612439
1770029742.102799 2.075929928 0.999291492 0.869462657 0.708557720 0.000241616 0.000101748 -0.705652810
1770029742.113346 2.074920333 0.999323078 0.870115415 0.708531981 0.000222397 0.000055891 -0.705678665
1770029742.123809 2.073966572 0.999333230 0.870767057 0.708535675 0.000109906 0.000083257 -0.705674980
1770029742.134148 2.072965364 0.999364401 0.871427152 0.708527651 0.000065262 0.000036976 -0.705683046
1770029742.145387 2.071911790 0.999386653 0.872101351 0.708530824 0.000059382 -0.000020616 -0.705679861
1770029742.156331 2.070782647 0.999409330 0.872838078 0.708533896 0.000076016 -0.000067948 -0.705676773
1770029742.166843 2.069687017 0.999447129 0.873592205 0.708490524 0.000154996 -0.000147354 -0.705720293
1770029742.177232 2.068647200 0.999493578 0.874357121 0.708449344 0.000163694 -0.000180546 -0.705761622
1770029742.187616 2.067640752 0.999532723 0.875123281 0.708418584 0.000115184 -0.000187068 -0.705792506
1770029742.198078 2.066618481 0.999570536 0.875894916 0.708389885 0.000063778 -0.000217013 -0.705821308
1770029742.208536 2.065587325 0.999594733 0.876678443 0.708362380 0.000020577 -0.000251982 -0.705848904
1770029742.218882 2.064553982 0.999615434 0.877481700 0.708334337 -0.000025441 -0.000291505 -0.705877030
1770029742.229303 2.063549990 0.999632351 0.878319279 0.708293058 -0.000083171 -0.000297078 -0.705918443
1770029742.239749 2.062506239 0.999668346 0.879172272 0.708271401 -0.000127277 -0.000303930 -0.705940163
1770029742.250120 2.061461103 0.999696532 0.879997708 0.708279418 -0.000179785 -0.000318132 -0.705932102
1770029742.260471 2.060392977 0.999730974 0.880826271 0.708284086 -0.000214781 -0.000373006 -0.705927382
1770029742.270870 2.059315966 0.999744201 0.881667272 0.708284162 -0.000226257 -0.000430519 -0.705927269
1770029742.281238 2.058239951 0.999772652 0.882576531 0.708234251 -0.000194039 -0.000486573 -0.705977316
1770029742.291612 2.057179016 0.999809971 0.883500672 0.708190041 -0.000178061 -0.000507704 -0.706021654
1770029742.302194 2.056125681 0.999832983 0.884415957 0.708176348 -0.000196094 -0.000496267 -0.706035393
1770029742.312961 2.055008050 0.999857746 0.885345389 0.708189265 -0.000228050 -0.000518645 -0.706022410
1770029742.323550 2.053905181 0.999882719 0.886298440 0.708186678 -0.000243546 -0.000538669 -0.706024985
1770029742.334060 2.052832862 0.999914771 0.887311262 0.708145239 -0.000257747 -0.000525241 -0.706066553
1770029742.344499 2.051772035 0.999941671 0.888332309 0.708100925 -0.000286766 -0.000512738 -0.706110993
1770029742.354844 2.050717301 0.999973317 0.889329818 0.708079497 -0.000322176 -0.000487678 -0.706132484
1770029742.365256 2.049612535 1.000008154 0.890306362 0.708083264 -0.000312010 -0.000488782 -0.706128710
1770029742.375828 2.048487608 1.000031917 0.891291986 0.708094795 -0.000284307 -0.000495448 -0.706117154
1770029742.386374 2.047327151 1.000067642 0.892376869 0.708041133 -0.000208285 -0.000541630 -0.706170955
1770029742.396782 2.046184588 1.000094900 0.893450625 0.707992754 -0.000134323 -0.000592439 -0.706219435
1770029742.407266 2.045104409 1.000120513 0.894495205 0.707975186 -0.000139999 -0.000584784 -0.706237053
1770029742.417670 2.043985376 1.000145944 0.895555584 0.707976864 -0.000143463 -0.000578444 -0.706235375
1770029742.428124 2.042868367 1.000154105 0.896633502 0.707981113 -0.000167601 -0.000561472 -0.706231124
1770029742.438710 2.041759125 1.000176463 0.897754591 0.707939692 -0.000166383 -0.000565712 -0.706272642
1770029742.449170 2.040613879 1.000200095 0.898908651 0.707901922 -0.000160246 -0.000572483 -0.706310495
1770029742.459631 2.039503915 1.000217455 0.900009742 0.707900485 -0.000191784 -0.000552515 -0.706311943
1770029742.470243 2.038403004 1.000241668 0.901120366 0.707908580 -0.000248353 -0.000504849 -0.706303848
1770029742.480818 2.037227295 1.000274756 0.902342577 0.707860280 -0.000244821 -0.000486183 -0.706352269
1770029742.491425 2.036059318 1.000311082 0.903557453 0.707791416 -0.000191902 -0.000496882 -0.706421282
1770029742.501980 2.034891774 1.000345609 0.904758223 0.707745063 -0.000158544 -0.000501522 -0.706467726
1770029742.512587 2.033672694 1.000383172 0.905959457 0.707716499 -0.000111300 -0.000545001 -0.706496318
1770029742.523188 2.032467134 1.000405087 0.907156164 0.707699515 -0.000087579 -0.000578835 -0.706513308
1770029742.533696 2.031286106 1.000426975 0.908406207 0.707634742 -0.000048536 -0.000600912 -0.706578169
1770029742.544156 2.030119310 1.000444111 0.909653077 0.707581197 -0.000024225 -0.000606345 -0.706631786
1770029742.554671 2.029001213 1.000457954 0.910846520 0.707571670 -0.000080020 -0.000573439 -0.706641350
1770029742.565395 2.027799302 1.000477455 0.912088384 0.707553553 -0.000082099 -0.000574986 -0.706659488
1770029742.575912 2.026603513 1.000499937 0.913375916 0.707515641 -0.000099856 -0.000548563 -0.706697465
1770029742.586461 2.025410056 1.000525022 0.914693397 0.707452438 -0.000104693 -0.000529968 -0.706760749
1770029742.597382 2.024201258 1.000541734 0.915982549 0.707415424 -0.000106601 -0.000529242 -0.706797797
1770029742.608291 2.022978431 1.000557101 0.917299315 0.707407073 -0.000184652 -0.000493047 -0.706806166
1770029742.618855 2.021789959 1.000568355 0.918602151 0.707372330 -0.000222001 -0.000448793 -0.706840955
1770029742.629574 2.020543284 1.000599735 0.919978479 0.707301212 -0.000219700 -0.000439619 -0.706912126
1770029742.640054 2.019290659 1.000645086 0.921338122 0.707228788 -0.000171363 -0.000450708 -0.706984589
1770029742.650691 2.018075518 1.000671973 0.922636593 0.707201410 -0.000185117 -0.000443353 -0.707011977
1770029742.661280 2.016827754 1.000691785 0.923993308 0.707143482 -0.000185105 -0.000458749 -0.707069906
1770029742.671774 2.015602986 1.000705199 0.925349086 -0.707077136 0.000214219 0.000478179 0.707136231
1770029742.682389 2.014360370 1.000724662 0.926718223 -0.707017137 0.000238307 0.000480049 0.707196211
1770029742.693039 2.013120250 1.000746820 0.928056478 -0.706980658 0.000266196 0.000485186 0.707232666
1770029742.703716 2.011921336 1.000759592 0.929346421 -0.706948850 0.000286185 0.000473750 0.707264460
1770029742.714150 2.010628228 1.000778355 0.930781527 -0.706862233 0.000251104 0.000458876 0.707351051
1770029742.724631 2.009411963 1.000789648 0.932134187 -0.706798179 0.000281624 0.000436943 0.707415058
1770029742.734990 2.008162222 1.000812304 0.933496120 -0.706739857 0.000285432 0.000417675 0.707473334
1770029742.745358 2.006926380 1.000837172 0.934820689 -0.706698781 0.000282322 0.000388090 0.707514384
1770029742.755722 2.005726958 1.000837652 0.936157052 -0.706642770 0.000314344 0.000329859 0.707570342
1770029742.766096 2.004489777 1.000852404 0.937561191 -0.706539460 0.000303822 0.000296057 0.707673521
1770029742.777152 2.003289756 1.000859117 0.938915486 -0.706478344 0.000374245 0.000222801 0.707734526
1770029742.787808 2.001938692 1.000879257 0.940351358 -0.706433187 0.000419314 0.000211511 0.707779579
1770029742.798815 2.000649953 1.000895662 0.941709779 -0.706374692 0.000439517 0.000227002 0.707837940
1770029742.809876 1.999239822 1.000909306 0.943240932 -0.706260971 0.000400150 0.000230928 0.707951430
1770029742.820300 1.997934542 1.000939495 0.944647540 -0.706151276 0.000333427 0.000254687 0.708060872
1770029742.830918 1.996647850 1.000962412 0.946024188 -0.706063718 0.000304827 0.000252731 0.708148197
1770029742.841847 1.995325994 1.000987025 0.947427459 -0.705984450 0.000312313 0.000260434 0.708227217
1770029742.852388 1.994018014 1.000987062 0.948821966 -0.705896606 0.000313827 0.000259234 0.708314772
1770029742.862880 1.992746960 1.000999310 0.950215668 -0.705765799 0.000277890 0.000258471 0.708445123
1770029742.873506 1.991501947 1.001005082 0.951573049 -0.705673329 0.000299879 0.000201245 0.708537241
1770029742.884176 1.990199913 1.001019348 0.952931305 -0.705596167 0.000311842 0.000159901 0.708614089
1770029742.894586 1.988923204 1.001023247 0.954249775 -0.705519931 0.000338139 0.000139944 0.708689984
1770029742.905144 1.987659835 1.001019564 0.955588013 -0.705414888 0.000399451 0.000154780 0.708794506
1770029742.915605 1.986333081 1.001034780 0.956976029 -0.705277778 0.000383785 0.000202292 0.708930932
1770029742.925994 1.985084663 1.001042974 0.958282957 -0.705172688 0.000390771 0.000173972 0.709035470
1770029742.936352 1.983852365 1.001059395 0.959563531 -0.705083260 0.000333089 0.000020254 0.709124450
1770029742.946735 1.982582184 1.001062534 0.960830610 -0.704993166 0.000171877 -0.000170325 0.709214056
1770029742.957095 1.981338415 1.001048399 0.962096664 -0.704876618 -0.000036086 -0.000403638 0.709329817
1770029742.967495 1.980064218 1.001064524 0.963411151 -0.704706424 -0.000277098 -0.000617490 0.709498695
1770029742.978067 1.978791426 1.001079991 0.964707962 -0.704525325 -0.000474279 -0.000811571 0.709678225
1770029742.988546 1.977516468 1.001083340 0.965951036 -0.704355528 -0.000656287 -0.000941766 0.709846442
1770029742.999031 1.976245452 1.001088215 0.967203773 -0.704156107 -0.000807290 -0.001083499 0.710043908
1770029743.009479 1.974989432 1.001094819 0.968467471 -0.703919461 -0.000988967 -0.001221019 0.710278061
1770029743.019857 1.973760514 1.001084918 0.969713324 -0.703672728 -0.001166068 -0.001359447 0.710521980
1770029743.030247 1.972537191 1.001082744 0.970951142 -0.703406583 -0.001347664 -0.001526140 0.710784801
1770029743.040833 1.971326200 1.001097323 0.972183472 -0.703122534 -0.001521268 -0.001681927 0.711065087
1770029743.051394 1.970092462 1.001105353 0.973388147 -0.702852238 -0.001677175 -0.001822369 0.711331566
1770029743.061800 1.968861037 1.001099337 0.974577220 -0.702562827 -0.001874463 -0.001946138 0.711616592
1770029743.072486 1.967697746 1.001076054 0.975742583 -0.702270388 -0.001971219 -0.002105158 0.711904477
1770029743.083280 1.966501392 1.001070662 0.976984733 -0.701912710 -0.002083783 -0.002236594 0.712256417
1770029743.093994 1.965303637 1.001072902 0.978217698 -0.701548247 -0.002191073 -0.002351818 0.712614710
1770029743.104519 1.964163854 1.001069742 0.979376171 -0.701202751 -0.002263303 -0.002460061 0.712954086
1770029743.115016 1.962979707 1.001075195 0.980475485 -0.700877242 -0.002441181 -0.002507298 0.713273331
1770029743.125421 1.961813504 1.001066086 0.981567737 -0.700543538 -0.002597470 -0.002511481 0.713600516
1770029743.136252 1.960657007 1.001057226 0.982689287 -0.700177892 -0.002734928 -0.002514260 0.713958765
1770029743.146956 1.959483940 1.001053334 0.983848733 -0.699773135 -0.002889593 -0.002504202 0.714354911
1770029743.157458 1.958375617 1.001050865 0.984944048 -0.699388748 -0.003021887 -0.002509174 0.714730685
1770029743.168126 1.957267979 1.001058007 0.986033118 -0.698994737 -0.003208979 -0.002502860 0.715115232
1770029743.178651 1.956155341 1.001058258 0.987100060 -0.698615845 -0.003375685 -0.002473785 0.715484721
1770029743.189265 1.955089517 1.001049365 0.988114755 -0.698258111 -0.003524659 -0.002432766 0.715833269
1770029743.199688 1.954070465 1.001035662 0.989111646 -0.697892652 -0.003673488 -0.002413987 0.716188889
1770029743.210200 1.953078126 1.001023396 0.990116468 -0.697506960 -0.003818685 -0.002409105 0.716563782
1770029743.220793 1.952070102 1.001011159 0.991153890 -0.697097784 -0.003973461 -0.002368562 0.716961144
1770029743.231699 1.951069205 1.001006524 0.992175356 -0.696688302 -0.004113482 -0.002310650 0.717358453
1770029743.242236 1.950081230 1.001004192 0.993193096 -0.696277999 -0.004241193 -0.002215636 0.717756262
1770029743.252761 1.949142974 1.000998795 0.994174605 -0.695879592 -0.004347327 -0.002143161 0.718142118
1770029743.263159 1.948235926 1.000996601 0.995117680 -0.695494763 -0.004489484 -0.002048000 0.718514221
1770029743.273645 1.947337321 1.000995109 0.996043828 -0.695125021 -0.004654589 -0.001970477 0.718871099
1770029743.284115 1.946489018 1.000987742 0.996969428 -0.694744572 -0.004812842 -0.001924860 0.719237868
1770029743.294599 1.945589499 1.000984252 0.997918677 -0.694358287 -0.005042154 -0.001802255 0.719609545
1770029743.305005 1.944762306 1.000978443 0.998850656 -0.693969251 -0.005212782 -0.001682491 0.719983802
1770029743.315403 1.943912825 1.000983272 0.999805656 -0.693564587 -0.005451388 -0.001533238 0.720372192
1770029743.325846 1.943101604 1.000983550 1.000743647 -0.693174751 -0.005671517 -0.001412796 0.720745866
1770029743.336233 1.942323965 1.000982804 1.001674036 -0.692789214 -0.005895488 -0.001278040 0.721114911
1770029743.346625 1.941563082 1.000979397 1.002592312 -0.692416827 -0.006124226 -0.001118490 0.721470845
1770029743.357005 1.940857870 1.000972635 1.003479537 -0.692061920 -0.006316834 -0.000980549 0.721809833
1770029743.369094 1.940062862 1.000968047 1.004463607 -0.691678448 -0.006580393 -0.000793664 0.722175182
1770029743.379880 1.939341473 1.000955412 1.005429784 -0.691298541 -0.006811858 -0.000629783 0.722536871
1770029743.390485 1.938664513 1.000942902 1.006371073 -0.690933090 -0.007046434 -0.000455984 0.722884226
1770029743.401151 1.938019253 1.000927227 1.007330586 -0.690551552 -0.007259052 -0.000281319 0.723246694
1770029743.411606 1.937409900 1.000916615 1.008288792 -0.690166937 -0.007477881 -0.000123100 0.723611543
1770029743.422513 1.936790462 1.000910219 1.009259668 -0.689789377 -0.007720380 0.000063089 0.723968927
1770029743.433314 1.936186526 1.000905473 1.010273457 -0.689397044 -0.007958831 0.000241738 0.724339917
1770029743.443793 1.935623917 1.000904294 1.011253165 -0.689029801 -0.008196172 0.000425821 0.724686536
1770029743.454324 1.935084329 1.000907139 1.012224647 -0.688663562 -0.008423526 0.000597447 0.725031852
1770029743.465069 1.934557065 1.000920091 1.013228850 -0.688277044 -0.008654327 0.000745831 0.725395932
1770029743.475626 1.934057092 1.000927482 1.014248723 -0.687880503 -0.008877482 0.000859113 0.725769155
1770029743.486214 1.933571815 1.000938569 1.015303968 -0.687456302 -0.009090109 0.000959405 0.726168219
1770029743.496680 1.933123964 1.000952324 1.016388843 -0.687007418 -0.009292120 0.001019941 0.726590273
1770029743.507163 1.932698680 1.000968663 1.017487250 -0.686550370 -0.009482660 0.001080693 0.727019602
1770029743.517661 1.932265977 1.000997037 1.018638143 -0.686072219 -0.009695110 0.001172722 0.727467896
1770029743.528021 1.931876636 1.001024254 1.019775591 -0.685617859 -0.009880126 0.001281462 0.727893462
1770029743.538410 1.931485292 1.001048541 1.020918114 -0.685197690 -0.010104961 0.001460275 0.728285578
1770029743.549325 1.931081301 1.001070853 1.022117575 -0.684781936 -0.010380730 0.001672704 0.728672178
1770029743.561065 1.930713579 1.001090810 1.023311114 -0.684394849 -0.010673174 0.001898391 0.729030980
1770029743.571974 1.930273403 1.001117706 1.024713200 -0.683970612 -0.011081391 0.002215139 0.729422030
1770029743.582959 1.929864704 1.001142448 1.026019071 -0.683581350 -0.011468104 0.002544783 0.729779792
1770029743.593588 1.929455084 1.001171261 1.027375816 -0.683197837 -0.011911458 0.002884526 0.730130476
1770029743.604224 1.929051921 1.001200491 1.028700748 -0.682848456 -0.012369849 0.003226423 0.730448193
1770029743.614779 1.928654393 1.001236775 1.030118208 -0.682460184 -0.012861514 0.003547302 0.730800996
1770029743.625252 1.928268939 1.001274811 1.031468182 -0.682139484 -0.013350740 0.003901683 0.731089775
1770029743.635669 1.927883791 1.001311272 1.032848690 -0.681836936 -0.013853385 0.004278678 0.731360492
1770029743.646126 1.927489479 1.001335205 1.034263845 -0.681538703 -0.014369192 0.004682486 0.731625995
1770029743.656522 1.927118928 1.001359488 1.035684670 -0.681246915 -0.014879765 0.005065146 0.731884948
1770029743.666855 1.926737596 1.001403366 1.037247138 -0.680861487 -0.015393907 0.005427309 0.732230297
1770029743.677231 1.926357444 1.001444971 1.038794197 -0.680521847 -0.015916907 0.005810439 0.732531847
1770029743.687603 1.925970947 1.001475864 1.040360614 -0.680196020 -0.016440911 0.006213426 0.732819530
1770029743.698269 1.925579414 1.001529094 1.041956336 -0.679880582 -0.016975820 0.006624892 0.733096397
1770029743.708810 1.925165373 1.001572393 1.043596040 -0.679593726 -0.017562842 0.007071308 0.733344333
1770029743.719339 1.924740928 1.001610313 1.045311633 -0.679287812 -0.018172481 0.007508823 0.733608510
1770029743.729738 1.924299574 1.001654649 1.047091688 -0.678929952 -0.018790699 0.007922257 0.733919797
1770029743.740104 1.923879772 1.001698563 1.048872409 -0.678593130 -0.019373562 0.008338662 0.734211478
1770029743.750472 1.923447783 1.001743295 1.050688144 -0.678250536 -0.019938602 0.008766317 0.734507872
1770029743.760921 1.922952122 1.001799959 1.052493506 -0.677960268 -0.020563964 0.009266161 0.734752432
1770029743.771363 1.922430723 1.001852206 1.054358183 -0.677692778 -0.021212752 0.009805159 0.734973725
1770029743.781789 1.921892543 1.001895443 1.056276748 -0.677394291 -0.021873244 0.010329764 0.735222301
1770029743.792302 1.921325185 1.001943335 1.058271864 -0.677079447 -0.022550217 0.010867489 0.735484064
1770029743.802807 1.920766367 1.001994061 1.060297239 -0.676757237 -0.023199131 0.011375712 0.735752700
1770029743.813253 1.920169301 1.002059625 1.062352737 -0.676448539 -0.023892445 0.011886395 0.736006277
1770029743.823730 1.919563963 1.002118625 1.064363577 -0.676207233 -0.024571141 0.012428320 0.736196695
1770029743.834153 1.918965102 1.002164033 1.066486863 -0.675913145 -0.025212551 0.012952371 0.736436001
1770029743.844602 1.918303819 1.002217490 1.068691956 -0.675564089 -0.025862800 0.013497976 0.736723884
1770029743.854995 1.917614673 1.002268360 1.070854886 -0.675254913 -0.026507198 0.014062914 0.736973816
1770029743.865340 1.916860471 1.002335186 1.073071403 -0.674951543 -0.027215007 0.014640200 0.737214638
1770029743.875764 1.916088399 1.002390391 1.075238152 -0.674745616 -0.027908388 0.015280625 0.737364210
1770029743.886290 1.915300812 1.002433693 1.077488105 -0.674515361 -0.028601191 0.015915640 0.737534875
1770029743.896805 1.914527296 1.002480225 1.079830416 -0.674228716 -0.029235438 0.016498570 0.737759259
1770029743.907562 1.913748027 1.002534742 1.082240638 -0.673934231 -0.029831512 0.017051838 0.737991848
1770029743.918047 1.912851248 1.002608894 1.084597688 -0.673713149 -0.030542013 0.017664890 0.738150208
1770029743.928768 1.911879349 1.002669854 1.087030411 -0.673504796 -0.031255656 0.018362884 0.738293423
1770029743.939379 1.910899630 1.002719471 1.089512779 -0.673255256 -0.031917385 0.019057002 0.738475099
1770029743.950024 1.909915134 1.002773375 1.092023450 -0.673000316 -0.032527351 0.019734899 0.738663035
1770029743.960610 1.908978865 1.002839401 1.094465355 -0.672786866 -0.033075931 0.020369869 0.738815867
1770029743.971295 1.907919740 1.002915339 1.096970486 -0.672665178 -0.033710698 0.021070450 0.738878327
1770029743.981817 1.906797936 1.002964723 1.099549975 -0.672447146 -0.034327856 0.021794058 0.739027370
1770029743.992371 1.905706740 1.003004090 1.102076155 -0.672242267 -0.034869894 0.022485380 0.739167662
1770029744.002986 1.904628291 1.003052867 1.104648749 -0.672117402 -0.035352307 0.023156426 0.739237575
1770029744.013558 1.903458971 1.003123488 1.107217098 -0.672026696 -0.035862974 0.023898976 0.739271808
1770029744.024220 1.902274010 1.003173824 1.109716628 -0.672003455 -0.036359364 0.024637757 0.739244435
1770029744.034824 1.900998674 1.003209570 1.112403034 -0.671870860 -0.036849543 0.025401205 0.739314843
1770029744.045297 1.899762293 1.003258059 1.114997762 -0.671819304 -0.037290838 0.026124148 0.739314375
1770029744.057083 1.898533499 1.003324879 1.117570332 -0.671851340 -0.037653114 0.026827195 0.739241720
1770029744.067836 1.897052048 1.003395022 1.120518529 -0.671799222 -0.038081996 0.027676642 0.739235802
1770029744.078279 1.895735748 1.003430472 1.123134649 -0.671791379 -0.038388742 0.028407578 0.739199335
1770029744.089074 1.894468037 1.003455684 1.125699315 -0.671827084 -0.038612561 0.029093306 0.739128554
1770029744.100331 1.892995214 1.003502863 1.128566485 -0.671892149 -0.038835632 0.029865769 0.739026907
1770029744.111404 1.891554799 1.003556625 1.131232526 -0.672035590 -0.039045998 0.030632568 0.738853992
1770029744.122426 1.890074828 1.003600777 1.133922594 -0.672175939 -0.039213282 0.031408026 0.738684886
1770029744.133521 1.888613118 1.003625590 1.136734670 -0.672256341 -0.039239804 0.032120150 0.738579681
1770029744.144265 1.887126253 1.003668657 1.139466295 -0.672366352 -0.039278100 0.032825897 0.738446464
1770029744.154640 1.885706465 1.003722565 1.141952359 -0.672601710 -0.039240612 0.033526370 0.738202612
1770029744.165015 1.884265421 1.003753300 1.144523781 -0.672733503 -0.039145519 0.034208621 0.738056253
1770029744.175359 1.882877339 1.003768163 1.147054415 -0.672971689 -0.038963649 0.034826342 0.737819806
1770029744.185778 1.881417632 1.003780760 1.149578739 -0.673232829 -0.038773281 0.035488354 0.737560010
1770029744.196150 1.879950366 1.003801931 1.152137922 -0.673435596 -0.038504289 0.036121890 0.737358208
1770029744.206633 1.878512583 1.003859027 1.154564014 -0.673762069 -0.038159241 0.036731495 0.737047722
1770029744.217212 1.877021835 1.003921105 1.157096217 -0.674015918 -0.037755028 0.037338136 0.736805920
1770029744.227826 1.875459250 1.003951559 1.159662886 -0.674301707 -0.037313427 0.037953505 0.736535435
1770029744.238243 1.873955040 1.003921970 1.162259721 -0.674574109 -0.036814245 0.038539955 0.736280622
1770029744.248661 1.872503489 1.003860494 1.164842785 -0.674894445 -0.036263152 0.039041803 0.735987914
1770029744.259113 1.871053373 1.003818373 1.167328979 -0.675325734 -0.035627936 0.039551395 0.735596010
1770029744.269490 1.869514222 1.003874086 1.169680425 -0.675821459 -0.034962511 0.040119576 0.735141754
1770029744.279926 1.868005371 1.004140559 1.171644065 -0.676388355 -0.034114777 0.040630871 0.734631954
1770029744.290434 1.866485935 1.004624344 1.173301250 -0.676982022 -0.033085540 0.041137128 0.734103825
1770029744.301105 1.864977803 1.005313572 1.174584803 -0.677884724 -0.032037926 0.041523732 0.733295065
1770029744.311859 1.863364373 1.006100569 1.175628455 -0.679174502 -0.031146088 0.041830825 0.732121642
1770029744.322599 1.861720147 1.006859892 1.176597969 -0.680800471 -0.030447044 0.041935512 0.730633362
1770029744.333229 1.860104878 1.007554810 1.177518693 -0.682698334 -0.029900241 0.041798472 0.728890834
1770029744.343774 1.858563294 1.008201187 1.178423030 -0.684640665 -0.029407297 0.041451700 0.727106682
1770029744.354247 1.857017562 1.008827114 1.179330504 -0.686539245 -0.028982899 0.040987844 0.725357741
1770029744.364859 1.855424588 1.009452011 1.180262297 -0.688362357 -0.028657088 0.040462237 0.723670397
1770029744.375463 1.853794208 1.010100077 1.181218754 -0.690187371 -0.028302460 0.039838783 0.721978694
1770029744.386057 1.852282109 1.010728880 1.182211149 -0.691880666 -0.027891181 0.039170680 0.720408831
1770029744.396758 1.850705890 1.011344482 1.183240050 -0.693546961 -0.027516055 0.038548221 0.718852916
1770029744.407595 1.849076468 1.011935735 1.184298709 -0.695130233 -0.027169005 0.037962764 0.717366457
1770029744.418157 1.847407069 1.012501819 1.185403275 -0.696650032 -0.026853443 0.037432549 0.715930465
1770029744.428633 1.845829194 1.013045957 1.186473362 -0.698063738 -0.026519944 0.036862011 0.714594222
1770029744.439025 1.844336572 1.013576336 1.187607727 -0.699299759 -0.026116692 0.036269424 0.713429950
1770029744.449383 1.842769409 1.014095101 1.188790393 -0.700485637 -0.025767809 0.035729513 0.712305619
1770029744.459800 1.841167368 1.014582662 1.189959488 -0.701565660 -0.025478694 0.035239316 0.711276775
1770029744.470230 1.839530166 1.015060570 1.191183821 -0.702589070 -0.025210466 0.034738672 0.710300116
1770029744.480601 1.837976811 1.015528866 1.192370343 -0.703644027 -0.024910115 0.034204090 0.709291654
1770029744.491184 1.836477960 1.015997274 1.193599798 -0.704607631 -0.024543007 0.033623235 0.708375046
1770029744.501716 1.834914160 1.016442157 1.194869831 -0.705479661 -0.024246840 0.033127689 0.707540172
1770029744.512371 1.833240602 1.016882374 1.196189412 -0.706363123 -0.024004701 0.032683585 0.706687127
1770029744.523111 1.831618018 1.017308732 1.197460998 0.707221393 0.023754157 -0.032205975 -0.705858637
1770029744.533794 1.830006807 1.017720686 1.198768111 0.708077333 0.023496942 -0.031705920 -0.705031290
1770029744.544266 1.828512292 1.018122047 1.200020326 0.708955614 0.023195878 -0.031161118 -0.704182414
1770029744.554832 1.826979910 1.018508953 1.201273309 0.709787580 0.022941911 -0.030653875 -0.703374438
1770029744.565419 1.825328194 1.018882703 1.202631025 0.710534011 0.022760944 -0.030240705 -0.702644191
1770029744.575847 1.823735407 1.019240510 1.203900173 0.711337190 0.022568391 -0.029805720 -0.701855889
1770029744.586472 1.822158268 1.019590447 1.205178866 0.712137586 0.022354040 -0.029354041 -0.701069680
1770029744.596916 1.820634050 1.019923822 1.206451908 0.712907118 0.022126193 -0.028887318 -0.700313783
1770029744.607335 1.819190004 1.020257153 1.207698660 0.713681839 0.021864903 -0.028361668 -0.699553982
1770029744.617755 1.817646697 1.020576099 1.208988970 0.714417246 0.021698366 -0.027917208 -0.698826022
1770029744.628111 1.816098437 1.020873426 1.210264347 0.715107862 0.021556481 -0.027497327 -0.698140359
1770029744.638480 1.814579596 1.021153246 1.211536096 0.715763231 0.021405650 -0.027074043 -0.697489635
1770029744.648847 1.813076556 1.021429536 1.212792661 0.716452287 0.021243281 -0.026642077 -0.696803447
1770029744.659621 1.811613852 1.021700157 1.214034489 0.717151481 0.021056878 -0.026186102 -0.696106780
1770029744.670283 1.810123665 1.021979733 1.215362316 0.717815385 0.020849081 -0.025669400 -0.695447677
1770029744.681295 1.808552594 1.022237687 1.216737904 0.718434634 0.020704223 -0.025214976 -0.694828912
1770029744.691949 1.807014329 1.022473172 1.218033590 0.719046529 0.020585342 -0.024817683 -0.694213523
1770029744.702569 1.805494182 1.022699090 1.219318272 0.719637615 0.020464598 -0.024415976 -0.693618601
1770029744.713140 1.803979838 1.022905563 1.220629752 0.720168241 0.020348427 -0.024038909 -0.693084250
1770029744.724022 1.802544269 1.023119938 1.221899533 0.720725772 0.020182083 -0.023598073 -0.692524495
1770029744.734810 1.801116241 1.023337088 1.223224046 0.721274444 0.019980909 -0.023116015 -0.691975137
1770029744.745411 1.799644323 1.023530074 1.224559548 0.721752706 0.019849688 -0.022689743 -0.691494177
1770029744.756035 1.798183639 1.023700951 1.225855077 0.722171812 0.019746657 -0.022313194 -0.691071678
1770029744.766657 1.796692528 1.023855403 1.227154778 0.722589108 0.019678825 -0.021973224 -0.690648176
1770029744.777316 1.795254570 1.024005124 1.228411706 0.723060375 0.019562470 -0.021601015 -0.690169835
1770029744.787951 1.793824204 1.024152167 1.229704486 0.723482970 0.019424361 -0.021229535 -0.689742265
1770029744.798854 1.792419491 1.024296413 1.231022092 0.723860452 0.019283344 -0.020829335 -0.689362268
1770029744.809487 1.791075679 1.024438498 1.232338975 0.724197168 0.019116269 -0.020405369 -0.689025871
1770029744.820174 1.789652368 1.024558614 1.233635012 0.724546588 0.019009636 -0.020047414 -0.688671893
1770029744.830810 1.788248215 1.024652619 1.234887466 0.724876360 0.018939249 -0.019722165 -0.688336113
1770029744.841417 1.786825669 1.024738919 1.236161312 0.725198906 0.018861622 -0.019394108 -0.688007743
1770029744.852036 1.785470572 1.024828044 1.237408068 0.725490406 0.018762989 -0.019057150 -0.687712474
1770029744.862756 1.784121191 1.024907308 1.238682996 0.725763040 0.018644020 -0.018734565 -0.687436853
1770029744.873495 1.782783968 1.024997257 1.239983051 0.726043524 0.018473641 -0.018358127 -0.687155372
1770029744.883852 1.781537067 1.025069003 1.241212011 0.726271215 0.018317311 -0.018001008 -0.686928353
1770029744.894242 1.780241711 1.025116171 1.242424058 0.726477738 0.018222541 -0.017692186 -0.686720483
1770029744.904672 1.778950215 1.025154590 1.243610146 0.726693371 0.018137486 -0.017397084 -0.686502088
1770029744.915361 1.777639401 1.025176774 1.244795571 0.726884689 0.018095271 -0.017139402 -0.686307111
1770029744.926000 1.776304358 1.025201995 1.246026766 0.727118272 0.017999682 -0.016817888 -0.686070105
1770029744.936373 1.775033788 1.025226829 1.247253483 0.727289707 0.017878777 -0.016523100 -0.685898694
1770029744.946735 1.773799198 1.025243723 1.248462302 0.727406831 0.017763441 -0.016230287 -0.685784470
1770029744.957355 1.772635349 1.025257787 1.249616141 0.727528827 0.017614025 -0.015912401 -0.685666353
1770029744.967895 1.771409345 1.025259213 1.250810450 0.727650003 0.017482950 -0.015622770 -0.685547773
1770029744.978288 1.770177210 1.025246479 1.251960128 0.727786927 0.017384573 -0.015348923 -0.685411100
1770029744.988772 1.768932279 1.025216451 1.253103940 0.727912456 0.017303784 -0.015105363 -0.685285242
1770029744.999242 1.767698538 1.025184378 1.254248745 0.728016456 0.017214475 -0.014870829 -0.685182137
1770029745.009660 1.766534526 1.025153328 1.255373729 0.728072150 0.017109325 -0.014624397 -0.685130895
1770029745.020339 1.765345875 1.025119765 1.256556665 0.728076761 0.016993963 -0.014397937 -0.685133662
1770029745.031109 1.764167651 1.025077703 1.257701989 0.728118178 0.016854255 -0.014136253 -0.685098548
1770029745.041861 1.763035572 1.025033671 1.258820566 0.728168777 0.016694871 -0.013845724 -0.685054603
1770029745.052517 1.761897814 1.024981194 1.259923068 0.728237099 0.016547340 -0.013557320 -0.684991322
1770029745.063015 1.760727805 1.024907900 1.261015764 0.728258305 0.016469710 -0.013337851 -0.684974957
1770029745.073431 1.759570037 1.024824162 1.262078558 0.728265348 0.016410510 -0.013129533 -0.684972914
1770029745.083925 1.758429470 1.024738415 1.263140533 0.728262234 0.016339553 -0.012909075 -0.684982112
1770029745.094371 1.757327708 1.024657753 1.264201397 0.728231779 0.016250426 -0.012688346 -0.685020733
1770029745.104811 1.756256164 1.024576648 1.265250682 0.728197173 0.016120232 -0.012457899 -0.685064827
1770029745.115314 1.755168273 1.024479832 1.266287108 0.728137918 0.016010954 -0.012269983 -0.685133760
1770029745.125795 1.754123259 1.024384456 1.267279656 0.728128139 0.015876176 -0.012032915 -0.685151494
1770029745.136278 1.753115563 1.024289001 1.268259601 0.728128001 0.015706568 -0.011780213 -0.685159941
1770029745.146785 1.752054742 1.024174473 1.269243134 0.728096409 0.015592242 -0.011582622 -0.685199492
1770029745.157306 1.751005961 1.024053234 1.270197319 0.728064080 0.015486124 -0.011409100 -0.685239161
1770029745.168006 1.749925279 1.023917153 1.271169382 0.727992057 0.015426303 -0.011249059 -0.685319672
1770029745.178632 1.748867234 1.023785867 1.272139034 0.727912277 0.015321079 -0.011077414 -0.685409565
1770029745.189131 1.747867969 1.023657663 1.273089663 0.727810522 0.015192050 -0.010897873 -0.685523364
1770029745.199592 1.746869172 1.023523198 1.274022488 0.727695195 0.015054663 -0.010732498 -0.685651423
1770029745.210170 1.745886952 1.023382594 1.274923905 0.727581007 0.014924299 -0.010556946 -0.685778167
1770029745.220866 1.744936483 1.023243582 1.275802929 0.727480498 0.014769285 -0.010380196 -0.685890840
1770029745.231561 1.743990996 1.023101888 1.276686893 0.727373282 0.014601605 -0.010167962 -0.686011308
1770029745.242232 1.742996137 1.022937328 1.277557140 0.727251154 0.014508683 -0.009996096 -0.686145273
1770029745.253068 1.742000177 1.022767266 1.278416377 0.727118179 0.014416174 -0.009848938 -0.686290264
1770029745.263566 1.741017203 1.022590187 1.279256125 0.726966723 0.014340882 -0.009732249 -0.686453935
1770029745.274300 1.740067464 1.022421392 1.280088506 0.726809180 0.014227527 -0.009586547 -0.686625146
1770029745.285083 1.739151923 1.022254214 1.280915751 0.726631454 0.014080431 -0.009432929 -0.686818383
1770029745.295689 1.738253511 1.022084118 1.281715811 0.726451281 0.013939040 -0.009303833 -0.687013593
1770029745.306189 1.737386825 1.021918201 1.282488195 0.726261640 0.013787426 -0.009168274 -0.687218946
1770029745.316921 1.736494436 1.021738727 1.283266317 0.726071971 0.013642538 -0.009016651 -0.687424231
1770029745.327776 1.735679093 1.021567392 1.283978372 0.725918179 0.013461253 -0.008840335 -0.687592496
1770029745.338416 1.734775929 1.021369562 1.284708482 0.725742679 0.013352041 -0.008698543 -0.687781667
1770029745.348911 1.733880177 1.021169386 1.285412845 0.725568013 0.013249247 -0.008585430 -0.687969336
1770029745.359562 1.733017552 1.020967984 1.286079849 0.725396479 0.013167357 -0.008468343 -0.688153222
1770029745.370332 1.732158295 1.020766700 1.286755241 0.725205057 0.013053275 -0.008372795 -0.688358288
1770029745.380949 1.731320682 1.020564630 1.287423192 0.725006982 0.012914310 -0.008246424 -0.688571052
1770029745.391729 1.730516756 1.020364550 1.288056664 0.724813811 0.012764070 -0.008129822 -0.688778574
1770029745.402980 1.729755122 1.020171499 1.288646325 0.724624795 0.012617235 -0.008020367 -0.688981412
1770029745.414008 1.729196984 1.020026205 1.289072245 0.724486542 0.012501824 -0.007949336 -0.689129714
1770029745.425101 1.728475830 1.019839319 1.289637615 0.724286225 0.012336625 -0.007840738 -0.689344468
1770029745.435800 1.727324028 1.019526366 1.290514859 0.723963265 0.012071840 -0.007648704 -0.689690480
1770029745.446326 1.726528149 1.019304991 1.291067656 0.723742320 0.011948706 -0.007579929 -0.689925233
1770029745.456796 1.725758901 1.019086117 1.291588524 0.723526154 0.011840176 -0.007502514 -0.690154640
1770029745.467356 1.724991544 1.018863779 1.292072810 0.723312916 0.011742621 -0.007444312 -0.690380415
1770029745.477921 1.724242833 1.018648987 1.292556555 0.723088533 0.011591571 -0.007372722 -0.690618746
1770029745.488406 1.723532048 1.018443456 1.292995989 0.722880931 0.011439795 -0.007291122 -0.690839439
1770029745.498889 1.722822875 1.018239882 1.293429691 0.722659177 0.011293729 -0.007218499 -0.691074569
1770029745.509488 1.722142817 1.018046633 1.293822177 0.722454588 0.011153621 -0.007133706 -0.691291599
1770029745.520038 1.721451222 1.017852351 1.294208350 0.722242306 0.011006561 -0.007039244 -0.691516707
1770029745.530555 1.720788402 1.017668651 1.294573637 0.722039492 0.010826614 -0.006931974 -0.691732393
1770029745.541168 1.720126385 1.017483810 1.294900499 0.721851348 0.010675313 -0.006831131 -0.691932081
1770029745.551685 1.719415939 1.017286161 1.295215560 0.721650285 0.010554204 -0.006773448 -0.692144202
1770029745.562159 1.718703502 1.017094318 1.295498678 0.721457481 0.010470053 -0.006721695 -0.692346950
1770029745.572616 1.718012441 1.016908538 1.295755413 0.721265674 0.010378041 -0.006674338 -0.692548610
1770029745.583185 1.717347113 1.016733354 1.295995682 0.721069613 0.010273364 -0.006623082 -0.692754795
1770029745.593903 1.716689722 1.016559645 1.296216634 0.720878757 0.010162403 -0.006547320 -0.692955754
1770029745.604496 1.716043489 1.016390554 1.296407331 0.720706142 0.010056791 -0.006444650 -0.693137781
1770029745.615328 1.715385908 1.016218793 1.296577646 0.720538438 0.009974719 -0.006334802 -0.693314311
1770029745.626453 1.714790654 1.016065557 1.296713364 0.720396709 0.009864836 -0.006228633 -0.693464109
1770029745.637065 1.714129202 1.015891309 1.296840410 0.720252441 0.009739075 -0.006110842 -0.693616774
1770029745.647650 1.713546262 1.015744322 1.296928371 0.720139688 0.009587298 -0.005997359 -0.693736943
1770029745.658114 1.712954372 1.015586688 1.296997900 0.720035828 0.009445220 -0.005910962 -0.693847429
1770029745.668721 1.712325769 1.015423280 1.297041465 0.719946170 0.009345190 -0.005862874 -0.693942221
1770029745.679292 1.711696797 1.015256487 1.297060798 0.719871665 0.009235293 -0.005806249 -0.694021457
1770029745.689804 1.711077262 1.015095262 1.297057324 0.719802091 0.009133603 -0.005759084 -0.694095353
1770029745.700301 1.710484348 1.014943728 1.297029392 0.719744649 0.009023267 -0.005691001 -0.694156923
1770029745.710790 1.709920246 1.014793278 1.296981143 0.719696668 0.008902539 -0.005602768 -0.694208945
1770029745.721257 1.709368466 1.014647878 1.296909932 0.719650065 0.008778592 -0.005510847 -0.694259570
1770029745.731670 1.708829100 1.014512285 1.296817905 0.719602836 0.008657637 -0.005416345 -0.694310786
1770029745.742159 1.708294630 1.014379386 1.296713718 0.719538492 0.008541726 -0.005331772 -0.694379557
1770029745.752630 1.707759943 1.014254280 1.296591195 0.719464469 0.008423147 -0.005233376 -0.694458451
1770029745.763032 1.707239527 1.014135787 1.296457322 0.719377160 0.008323835 -0.005134878 -0.694550825
1770029745.773735 1.706763205 1.014032006 1.296312329 0.719275745 0.008178605 -0.005017486 -0.694658433
1770029745.784730 1.706213468 1.013907169 1.296148647 0.719146909 0.008093284 -0.004942802 -0.694793344
1770029745.795331 1.705639202 1.013772193 1.295974777 0.718983919 0.008044377 -0.004914554 -0.694962776
1770029745.806095 1.705099090 1.013643640 1.295788978 0.718806292 0.007983956 -0.004901770 -0.695147282
1770029745.816752 1.704555866 1.013514198 1.295572582 0.718619736 0.007941654 -0.004890429 -0.695340700
1770029745.827324 1.704043936 1.013393049 1.295341572 0.718423380 0.007876586 -0.004864926 -0.695544491
1770029745.837922 1.703553614 1.013274013 1.295091071 0.718233814 0.007814249 -0.004824124 -0.695741226
1770029745.848394 1.703065086 1.013153135 1.294821559 0.718027393 0.007757598 -0.004783890 -0.695955168
1770029745.858924 1.702603539 1.013038670 1.294542547 0.717826746 0.007693021 -0.004742546 -0.696163119
1770029745.869282 1.702140013 1.012922744 1.294234039 0.717652668 0.007628212 -0.004703797 -0.696343546
1770029745.879749 1.701696193 1.012813709 1.293906649 0.717486733 0.007553156 -0.004662990 -0.696515610
1770029745.890118 1.701256983 1.012705739 1.293560813 0.717320970 0.007474749 -0.004613336 -0.696687499
1770029745.901098 1.700842402 1.012605431 1.293197114 0.717168495 0.007386402 -0.004551019 -0.696845808
1770029745.911750 1.700419674 1.012499582 1.292798666 0.717018070 0.007294950 -0.004478940 -0.697002015
1770029745.922394 1.699953279 1.012382027 1.292374637 0.716883495 0.007260965 -0.004437407 -0.697141049
1770029745.933041 1.699488634 1.012263062 1.291946259 0.716748214 0.007224443 -0.004416946 -0.697280644
1770029745.943604 1.699041252 1.012146624 1.291494404 0.716628043 0.007179440 -0.004403951 -0.697404695
1770029745.954361 1.698621123 1.012039092 1.291032779 0.716510701 0.007115039 -0.004393708 -0.697525976
1770029745.965002 1.698197787 1.011937491 1.290533699 0.716394210 0.007057739 -0.004370606 -0.697646345
1770029745.975769 1.697795718 1.011831275 1.290019673 0.716281837 0.006991232 -0.004342650 -0.697762563
1770029745.986197 1.697418212 1.011735085 1.289489659 0.716184370 0.006924774 -0.004289090 -0.697863596
1770029745.996698 1.697044952 1.011645903 1.288964565 0.716056404 0.006858370 -0.004247882 -0.697995805
1770029746.007204 1.696693728 1.011555270 1.288422705 0.715936335 0.006789588 -0.004188611 -0.698119991
1770029746.017643 1.696328633 1.011459218 1.287860788 0.715827254 0.006738902 -0.004145856 -0.698232584
1770029746.028030 1.695974650 1.011369512 1.287287397 0.715708495 0.006692490 -0.004101711 -0.698355022
1770029746.039118 1.695650084 1.011284826 1.286706682 0.715598544 0.006637728 -0.004036485 -0.698468590
1770029746.049658 1.695312611 1.011202137 1.286049399 0.715489407 0.006557213 -0.003963351 -0.698581565
1770029746.060220 1.694979381 1.011112380 1.285412431 0.715389912 0.006517462 -0.003899910 -0.698684182
1770029746.070815 1.694617940 1.011017482 1.284754303 0.715295810 0.006499209 -0.003877448 -0.698780816
1770029746.081305 1.694268385 1.010920855 1.284093934 0.715197083 0.006485319 -0.003852754 -0.698882128
1770029746.091824 1.693920550 1.010828264 1.283434703 0.715075445 0.006476895 -0.003844119 -0.699006710
1770029746.102688 1.693605284 1.010745235 1.282762739 0.714960155 0.006447453 -0.003822852 -0.699125020
1770029746.113406 1.693280091 1.010656188 1.282025738 0.714845184 0.006413394 -0.003795835 -0.699243036
1770029746.124039 1.692973790 1.010569145 1.281305932 0.714734239 0.006383020 -0.003777386 -0.699356816
1770029746.134511 1.692691504 1.010495236 1.280575110 0.714627210 0.006347843 -0.003743908 -0.699466682
1770029746.145048 1.692412129 1.010425155 1.279821067 0.714515202 0.006315171 -0.003707537 -0.699581589
1770029746.155656 1.692142163 1.010354599 1.279073493 0.714411779 0.006271545 -0.003686671 -0.699687706
1770029746.166147 1.691877251 1.010279093 1.278288423 0.714310592 0.006232627 -0.003646904 -0.699791564
1770029746.176629 1.691616964 1.010207059 1.277510638 0.714218728 0.006197482 -0.003617347 -0.699885787
1770029746.187126 1.691371772 1.010141022 1.276714811 0.714139931 0.006143452 -0.003571953 -0.699966898
1770029746.197798 1.691144696 1.010072821 1.275894379 0.714070478 0.006077347 -0.003533117 -0.700038525
1770029746.208596 1.690914512 1.010002876 1.275057505 0.713984624 0.006012558 -0.003487548 -0.700126877
1770029746.219296 1.690703738 1.009941966 1.274190881 0.713927567 0.005939889 -0.003425385 -0.700185985
1770029746.229795 1.690460500 1.009860288 1.273324963 0.713860353 0.005920128 -0.003398369 -0.700254811
1770029746.240479 1.690209190 1.009782891 1.272457655 0.713792809 0.005911486 -0.003386261 -0.700323792
1770029746.251086 1.689973210 1.009708875 1.271572456 0.713702893 0.005893053 -0.003377076 -0.700415625
1770029746.261688 1.689745598 1.009635194 1.270699138 0.713586557 0.005896343 -0.003370229 -0.700534154
1770029746.272223 1.689545597 1.009571535 1.269821270 0.713473770 0.005882177 -0.003351028 -0.700649235
1770029746.282740 1.689347503 1.009501641 1.268911230 0.713377806 0.005866000 -0.003312391 -0.700747261
1770029746.293168 1.689165485 1.009440653 1.267999282 0.713293888 0.005835164 -0.003289266 -0.700833048
1770029746.303643 1.689005421 1.009386018 1.267069702 0.713227133 0.005783238 -0.003250361 -0.700901595
1770029746.314109 1.688842059 1.009328139 1.266128948 0.713173185 0.005761310 -0.003200241 -0.700956899
1770029746.324614 1.688688773 1.009271226 1.265178149 0.713107000 0.005730709 -0.003158702 -0.701024670
1770029746.335230 1.688535131 1.009214900 1.264204655 0.713061747 0.005692793 -0.003125383 -0.701071159
1770029746.345850 1.688383141 1.009161499 1.263200056 0.713004555 0.005644960 -0.003117641 -0.701129745
1770029746.356449 1.688234089 1.009102180 1.262221074 0.712926710 0.005608020 -0.003105025 -0.701209252
1770029746.367021 1.688094412 1.009049833 1.261180672 0.712881823 0.005603995 -0.003052178 -0.701255150
1770029746.377589 1.687962130 1.008996506 1.260184325 0.712812945 0.005597885 -0.003019563 -0.701325354
1770029746.388217 1.687845392 1.008946115 1.259172816 0.712729115 0.005572870 -0.002978791 -0.701410920
1770029746.400668 1.687743064 1.008899995 1.258232384 0.712655958 0.005536267 -0.002954172 -0.701485644
1770029746.411989 1.687610828 1.008837491 1.256844215 0.712570567 0.005479595 -0.002910093 -0.701573013
1770029746.422675 1.687480591 1.008779748 1.255778611 0.712523643 0.005456595 -0.002921860 -0.701620800
1770029746.433321 1.687354797 1.008719329 1.254695235 0.712484308 0.005432224 -0.002925111 -0.701660919
1770029746.443921 1.687247428 1.008673926 1.253582160 0.712447414 0.005399057 -0.002927030 -0.701698628
1770029746.454442 1.687156922 1.008625250 1.252533832 0.712389148 0.005349580 -0.002948405 -0.701758071
1770029746.465094 1.687081332 1.008578503 1.251423249 0.712342381 0.005319858 -0.002925120 -0.701805867
1770029746.475822 1.687001334 1.008526958 1.250309047 0.712268830 0.005295890 -0.002916180 -0.701880733
1770029746.486423 1.686938356 1.008479186 1.249184546 0.712222678 0.005290490 -0.002879672 -0.701927757
1770029746.497024 1.686880976 1.008435532 1.248048453 0.712192519 0.005278443 -0.002849115 -0.701958572
1770029746.507676 1.686835895 1.008390532 1.246947883 0.712141250 0.005238007 -0.002836745 -0.702010938
1770029746.518317 1.686792108 1.008349942 1.245808238 0.712089185 0.005211756 -0.002824571 -0.702063994
1770029746.528869 1.686759625 1.008305476 1.244679634 0.712026764 0.005182590 -0.002818568 -0.702127541
1770029746.540378 1.686750888 1.008270791 1.243515574 0.711973271 0.005134148 -0.002780240 -0.702182293
1770029746.551254 1.686726548 1.008218386 1.242270927 0.711902320 0.005098048 -0.002769220 -0.702254532
1770029746.561953 1.686722896 1.008185761 1.241084212 0.711849048 0.005071957 -0.002738543 -0.702308841
1770029746.572366 1.686699994 1.008142365 1.239941746 0.711767015 0.005063528 -0.002742840 -0.702392023
1770029746.582723 1.686697495 1.008110239 1.238775717 0.711733311 0.005041954 -0.002708777 -0.702426463
1770029746.593135 1.686689312 1.008071728 1.237605873 0.711695177 0.005027108 -0.002693691 -0.702465264
1770029746.603594 1.686693044 1.008036637 1.236431272 0.711661425 0.005007857 -0.002684203 -0.702499632
1770029746.614054 1.686713284 1.008009548 1.235221129 0.711647867 0.004979445 -0.002644498 -0.702513719
1770029746.624534 1.686720905 1.007973814 1.234066147 0.711574687 0.004945646 -0.002662895 -0.702588012
1770029746.634972 1.686758041 1.007951243 1.232868157 0.711522177 0.004926006 -0.002637156 -0.702641425
1770029746.645345 1.686775301 1.007913451 1.231679184 0.711476620 0.004928434 -0.002633264 -0.702687552
1770029746.655731 1.686784967 1.007872057 1.230489104 0.711445503 0.004924227 -0.002636969 -0.702719072
1770029746.666118 1.686804951 1.007832422 1.229252195 0.711450643 0.004924884 -0.002628423 -0.702713896
1770029746.677513 1.686830399 1.007796852 1.228047591 0.711435755 0.004916506 -0.002637779 -0.702728992
1770029746.688807 1.686899314 1.007764430 1.226642031 0.711413542 0.004888343 -0.002614838 -0.702751762
1770029746.699684 1.686957715 1.007730142 1.225336738 0.711396716 0.004883723 -0.002601379 -0.702768878
1770029746.710359 1.687026060 1.007701510 1.224088366 0.711384520 0.004871514 -0.002582808 -0.702781375
1770029746.721043 1.687113871 1.007678767 1.222807682 0.711364599 0.004845316 -0.002550762 -0.702801839
1770029746.732135 1.687186623 1.007645166 1.221571253 0.711297499 0.004818424 -0.002558676 -0.702869905
1770029746.742919 1.687274925 1.007615346 1.220280169 0.711206038 0.004804532 -0.002565233 -0.702962522
1770029746.753528 1.687374153 1.007582983 1.219041446 0.711130139 0.004790539 -0.002556240 -0.703039431
1770029746.764114 1.687473317 1.007560320 1.217762579 0.711099318 0.004789495 -0.002527182 -0.703070718
1770029746.774839 1.687582741 1.007534300 1.216466163 0.711060780 0.004777040 -0.002504717 -0.703109859
1770029746.785551 1.687701020 1.007516302 1.215188815 0.711021253 0.004757514 -0.002494079 -0.703150000
1770029746.796499 1.687818068 1.007498435 1.213865434 0.710978495 0.004752580 -0.002478304 -0.703193324
1770029746.807098 1.687935589 1.007472290 1.212580596 0.710931330 0.004742691 -0.002479693 -0.703241070
1770029746.817927 1.688080294 1.007456118 1.211246744 0.710919902 0.004734029 -0.002450094 -0.703252784
1770029746.828550 1.688198574 1.007438858 1.209957879 0.710887844 0.004726694 -0.002448573 -0.703285245
1770029746.839287 1.688322367 1.007424195 1.208675568 0.710852987 0.004717249 -0.002446117 -0.703320549
1770029746.850081 1.688464766 1.007403499 1.207347695 0.710822958 0.004715096 -0.002441504 -0.703350929
1770029746.860710 1.688610970 1.007381137 1.206041837 0.710801903 0.004711684 -0.002429810 -0.703372270
1770029746.871228 1.688761693 1.007356947 1.204740227 0.710798029 0.004691449 -0.002431371 -0.703376315
1770029746.882091 1.688914429 1.007336668 1.203431697 0.710782028 0.004676970 -0.002441221 -0.703392547
1770029746.893008 1.689089496 1.007319815 1.202089875 0.710738714 0.004663546 -0.002440798 -0.703436404
1770029746.903825 1.689259147 1.007296237 1.200756086 0.710685626 0.004667849 -0.002444114 -0.703489998
1770029746.914590 1.689433095 1.007275131 1.199422102 0.710695819 0.004685503 -0.002396917 -0.703479746
1770029746.925013 1.689621155 1.007251944 1.198125229 0.710657119 0.004680965 -0.002383144 -0.703518919
1770029746.935668 1.689805807 1.007240341 1.196852255 0.710612571 0.004672237 -0.002372646 -0.703564009
1770029746.946220 1.689998724 1.007230173 1.195558426 0.710569672 0.004669338 -0.002350755 -0.703607428
1770029746.956936 1.690187417 1.007207348 1.194267277 0.710512388 0.004673264 -0.002365670 -0.703665198
1770029746.967397 1.690406193 1.007199497 1.192944195 0.710503199 0.004670724 -0.002323700 -0.703674633
1770029746.978467 1.690626126 1.007189755 1.191639069 0.710470812 0.004650410 -0.002314883 -0.703707496
1770029746.989833 1.690845674 1.007174917 1.190201772 0.710437863 0.004646283 -0.002342758 -0.703740695
1770029747.000570 1.691052215 1.007162663 1.188852210 0.710437117 0.004638723 -0.002349232 -0.703741477
1770029747.011447 1.691255112 1.007150237 1.187483814 0.710462993 0.004645659 -0.002349005 -0.703715309
1770029747.022231 1.691493014 1.007132805 1.186114739 0.710487458 0.004627445 -0.002334878 -0.703690775
1770029747.032940 1.691733616 1.007124334 1.184773259 0.710511007 0.004601709 -0.002315502 -0.703667231
1770029747.043555 1.691960767 1.007117251 1.183468035 0.710501720 0.004592494 -0.002324666 -0.703676638
1770029747.054636 1.692196187 1.007104473 1.182194693 0.710451863 0.004576698 -0.002360744 -0.703726958
1770029747.065250 1.692467181 1.007100733 1.180829008 0.710428985 0.004575927 -0.002342246 -0.703750121
1770029747.075961 1.692730141 1.007088980 1.179518299 0.710393154 0.004561187 -0.002339732 -0.703786394
1770029747.086605 1.693001098 1.007081096 1.178224400 0.710357356 0.004546461 -0.002334247 -0.703822639
1770029747.097366 1.693267090 1.007073488 1.176917810 0.710328488 0.004556746 -0.002315954 -0.703851768
1770029747.108051 1.693536047 1.007067344 1.175606627 0.710295274 0.004556461 -0.002314443 -0.703885293
1770029747.118812 1.693819407 1.007064569 1.174278160 0.710299299 0.004550214 -0.002295632 -0.703881334
1770029747.129890 1.694101048 1.007053635 1.172918754 0.710288367 0.004559758 -0.002285277 -0.703892337
1770029747.140415 1.694379720 1.007048021 1.171619133 0.710266405 0.004566488 -0.002283647 -0.703914460
1770029747.151288 1.694666301 1.007046113 1.170300742 0.710231491 0.004573811 -0.002293491 -0.703949608
1770029747.161755 1.694939152 1.007045874 1.169008538 0.710213325 0.004599738 -0.002287505 -0.703967786
1770029747.172242 1.695218713 1.007040149 1.167742017 0.710199552 0.004608458 -0.002292156 -0.703981608
1770029747.182752 1.695522782 1.007036796 1.166441257 0.710195934 0.004605864 -0.002289682 -0.703985283
1770029747.193141 1.695822273 1.007034229 1.165175848 0.710197945 0.004594696 -0.002287669 -0.703983334
1770029747.203476 1.696130823 1.007034083 1.163916382 0.710202930 0.004570921 -0.002289020 -0.703978456
1770029747.213942 1.696450151 1.007036046 1.162640960 0.710228669 0.004550936 -0.002271371 -0.703952674
1770029747.224339 1.696759253 1.007030466 1.161386003 0.710223453 0.004546025 -0.002257994 -0.703958011
1770029747.234708 1.697074084 1.007025384 1.160142700 0.710218574 0.004542752 -0.002240047 -0.703963012
1770029747.245079 1.697400362 1.007020146 1.158900435 0.710208607 0.004525040 -0.002241910 -0.703973176
1770029747.255445 1.697720692 1.007018981 1.157682020 0.710195546 0.004501139 -0.002236448 -0.703986523
1770029747.265838 1.698050464 1.007021473 1.156427097 0.710209678 0.004490945 -0.002214799 -0.703972400
1770029747.276786 1.698370035 1.007023794 1.155232604 0.710174248 0.004504235 -0.002219405 -0.704008042
1770029747.287470 1.698730669 1.007025750 1.153902968 0.710152131 0.004538163 -0.002186754 -0.704030236
1770029747.297999 1.699074512 1.007023589 1.152641984 0.710138477 0.004564550 -0.002171154 -0.704043887
1770029747.308365 1.699399382 1.007025734 1.151418415 0.710125545 0.004593656 -0.002181274 -0.704056710
1770029747.318813 1.699734999 1.007026313 1.150165951 0.710125652 0.004631532 -0.002173812 -0.704056377
1770029747.329340 1.700079810 1.007031462 1.148926462 0.710115385 0.004646732 -0.002186340 -0.704066593
1770029747.339836 1.700430059 1.007033762 1.147697310 0.710106079 0.004651076 -0.002202647 -0.704075899
1770029747.350396 1.700792600 1.007032585 1.146456818 0.710101866 0.004648633 -0.002213488 -0.704080130
1770029747.360876 1.701152086 1.007032234 1.145224901 0.710117726 0.004644461 -0.002216374 -0.704064153
1770029747.371247 1.701517206 1.007030211 1.144016922 0.710131239 0.004620251 -0.002222223 -0.704050664
1770029747.381730 1.701875651 1.007032165 1.142829897 0.710123410 0.004610386 -0.002231995 -0.704058595
1770029747.392280 1.702235419 1.007029728 1.141651610 0.710064694 0.004627516 -0.002269863 -0.704117578
1770029747.402643 1.702593685 1.007025361 1.140501872 0.709998745 0.004660216 -0.002310253 -0.704183731
1770029747.412983 1.702959620 1.007023044 1.139324033 0.709966542 0.004705506 -0.002311638 -0.704215893
1770029747.423401 1.703316645 1.007019172 1.138171757 0.709929915 0.004731866 -0.002342570 -0.704252538
1770029747.433940 1.703690364 1.007019576 1.136977321 0.709929330 0.004750374 -0.002354787 -0.704252963
1770029747.444459 1.704070773 1.007020433 1.135791387 0.709918297 0.004773359 -0.002365240 -0.704263894
1770029747.455201 1.704451240 1.007026101 1.134639161 0.709900065 0.004785374 -0.002389660 -0.704282108
1770029747.465870 1.704869409 1.007040470 1.133375726 0.709917392 0.004807708 -0.002383679 -0.704264511
1770029747.476390 1.705258617 1.007048064 1.132209041 0.709913065 0.004829991 -0.002389725 -0.704268699
1770029747.486785 1.705663962 1.007052168 1.131033401 0.709916634 0.004850759 -0.002391372 -0.704264953
1770029747.497326 1.706074722 1.007058535 1.129867061 0.709932649 0.004850568 -0.002391128 -0.704248812
1770029747.507972 1.706479785 1.007067133 1.128734107 0.709930496 0.004840942 -0.002401208 -0.704251014
1770029747.518524 1.706907211 1.007078543 1.127582660 0.709932537 0.004828481 -0.002401540 -0.704249041
1770029747.529150 1.707328406 1.007091344 1.126462010 0.709930341 0.004819050 -0.002406152 -0.704251303
1770029747.539741 1.707760103 1.007103437 1.125348017 0.709918538 0.004815713 -0.002394515 -0.704263264
1770029747.550316 1.708211999 1.007111667 1.124211040 0.709909314 0.004800916 -0.002384322 -0.704272697
1770029747.560796 1.708637355 1.007125435 1.123114626 0.709902010 0.004794670 -0.002397643 -0.704280057
1770029747.571412 1.709083662 1.007141042 1.122001922 0.709904519 0.004781716 -0.002385350 -0.704277658
1770029747.581897 1.709519968 1.007153037 1.120902687 0.709899329 0.004769721 -0.002401898 -0.704282914
1770029747.592427 1.709965790 1.007167317 1.119791556 0.709893828 0.004769715 -0.002408330 -0.704288437
1770029747.603171 1.710406921 1.007180870 1.118715684 0.709887627 0.004761711 -0.002406870 -0.704294746
1770029747.614231 1.710882921 1.007197145 1.117548075 0.709918161 0.004754111 -0.002393008 -0.704264068
1770029747.624968 1.711352242 1.007213836 1.116413407 0.709957825 0.004730801 -0.002380731 -0.704224281
1770029747.635791 1.711817253 1.007233331 1.115278723 0.709999006 0.004708575 -0.002371750 -0.704182942
1770029747.646314 1.712279040 1.007246990 1.114187544 0.710028276 0.004690535 -0.002358430 -0.704153594
1770029747.656724 1.712728234 1.007262417 1.113154072 0.710029557 0.004680384 -0.002360235 -0.704152364
1770029747.667180 1.713186879 1.007282281 1.112121217 0.710029028 0.004689168 -0.002351078 -0.704152869
1770029747.677615 1.713639503 1.007292187 1.111097497 0.710004003 0.004703878 -0.002385444 -0.704177889
1770029747.688121 1.714074293 1.007303710 1.110082668 0.709988010 0.004727221 -0.002427110 -0.704193714
1770029747.698476 1.714527245 1.007310963 1.109056439 0.709978072 0.004748923 -0.002453146 -0.704203499
1770029747.708903 1.714992278 1.007326549 1.108078628 0.709963845 0.004742134 -0.002450131 -0.704217898
1770029747.719344 1.715485185 1.007344246 1.107065123 0.709970942 0.004734304 -0.002410006 -0.704210935
1770029747.729777 1.715953692 1.007355505 1.106074217 0.709970838 0.004735192 -0.002412356 -0.704211025
1770029747.740442 1.716423714 1.007374641 1.105078540 0.709971829 0.004743789 -0.002396753 -0.704210022
1770029747.751159 1.716921898 1.007390327 1.104057707 0.709977942 0.004739194 -0.002390382 -0.704203911
1770029747.761630 1.717410926 1.007412360 1.103062826 0.709987301 0.004740324 -0.002381374 -0.704194498
1770029747.772209 1.717877754 1.007427294 1.102105018 0.709979207 0.004757868 -0.002390536 -0.704202509
1770029747.782804 1.718358362 1.007437642 1.101107126 0.709990131 0.004791540 -0.002383360 -0.704191291
1770029747.793320 1.718844577 1.007459576 1.100120360 0.709999617 0.004818107 -0.002375367 -0.704181573
1770029747.803984 1.719332799 1.007481410 1.099160516 0.710013559 0.004833147 -0.002361753 -0.704167458
1770029747.814620 1.719828729 1.007500459 1.098192228 0.710030552 0.004845376 -0.002339436 -0.704150314
1770029747.825021 1.720310261 1.007517785 1.097267352 0.710031546 0.004849748 -0.002344447 -0.704149265
1770029747.835971 1.720809154 1.007536632 1.096340294 0.710025980 0.004849496 -0.002360390 -0.704154826
1770029747.846661 1.721323069 1.007556518 1.095389758 0.710029304 0.004841076 -0.002369108 -0.704151503
1770029747.857410 1.721824554 1.007570859 1.094468128 0.710025507 0.004833510 -0.002399206 -0.704155281
1770029747.868022 1.722339372 1.007588068 1.093534840 0.710048305 0.004840412 -0.002381978 -0.704132304
1770029747.878829 1.722838692 1.007604384 1.092640274 0.710039711 0.004861342 -0.002394317 -0.704140783
1770029747.889556 1.723346886 1.007623233 1.091756811 0.710018106 0.004877333 -0.002400172 -0.704162439
1770029747.900259 1.723853862 1.007638645 1.090870408 0.710004669 0.004907079 -0.002411809 -0.704175740
1770029747.911713 1.724380612 1.007660645 1.089953077 0.709998319 0.004921375 -0.002428432 -0.704181987
1770029747.922192 1.724915097 1.007676575 1.089050079 0.710016587 0.004917194 -0.002411677 -0.704163654
1770029747.932703 1.725416321 1.007698288 1.088205482 0.710018672 0.004916227 -0.002416574 -0.704161542
1770029747.943121 1.725923348 1.007714837 1.087348277 0.710034116 0.004926811 -0.002415156 -0.704145899
1770029747.953472 1.726425724 1.007738880 1.086530847 0.710040200 0.004938302 -0.002391223 -0.704139765
1770029747.963931 1.726937217 1.007751743 1.085689025 0.710065628 0.004982065 -0.002347515 -0.704113962
1770029747.974529 1.727444303 1.007773207 1.084846589 0.710088957 0.005018270 -0.002309160 -0.704090305
1770029747.985277 1.727974287 1.007794740 1.084004078 0.710110455 0.005028441 -0.002293551 -0.704068602
1770029747.995928 1.728481566 1.007818165 1.083192595 0.710115539 0.005028045 -0.002320714 -0.704063388
1770029748.006527 1.728989831 1.007835321 1.082413139 0.710102556 0.005012494 -0.002376745 -0.704076406
1770029748.017182 1.729509014 1.007855580 1.081617063 0.710105186 0.005004508 -0.002404236 -0.704073718
1770029748.027781 1.730007955 1.007868891 1.080836740 0.710100784 0.005014483 -0.002457097 -0.704077904
1770029748.038445 1.730538876 1.007890748 1.080073906 0.710111111 0.004981645 -0.002465837 -0.704067690
1770029748.049053 1.731082658 1.007914338 1.079294649 0.710121941 0.004958896 -0.002481480 -0.704056873
1770029748.059550 1.731625794 1.007941952 1.078552187 0.710138978 0.004938262 -0.002446583 -0.704039956
1770029748.070394 1.732190255 1.007968788 1.077769834 0.710170396 0.004909542 -0.002425159 -0.704008540
1770029748.081156 1.732721024 1.007984805 1.077035206 0.710190788 0.004892680 -0.002416457 -0.703988115
1770029748.092159 1.733266405 1.008012829 1.076290986 0.710196320 0.004891751 -0.002407983 -0.703982570
1770029748.102722 1.733806660 1.008027315 1.075550667 0.710200083 0.004903660 -0.002416932 -0.703978661
1770029748.113303 1.734336726 1.008053102 1.074848344 0.710197448 0.004922699 -0.002399913 -0.703981245
1770029748.123756 1.734842233 1.008066814 1.074154195 0.710190710 0.004964017 -0.002413584 -0.703987705
1770029748.134358 1.735362713 1.008090019 1.073473553 0.710181154 0.004988907 -0.002424298 -0.703997132
1770029748.144946 1.735892104 1.008110838 1.072775249 0.710179544 0.005026530 -0.002419223 -0.703998506
1770029748.155426 1.736415524 1.008130355 1.072108047 0.710184331 0.005040769 -0.002416566 -0.703993585
1770029748.166105 1.736942629 1.008155126 1.071433106 0.710204605 0.005048406 -0.002403344 -0.703973122
1770029748.176635 1.737484032 1.008169144 1.070749367 0.710224640 0.005059678 -0.002382711 -0.703952899
1770029748.187085 1.738001158 1.008191066 1.070112177 0.710238238 0.005054986 -0.002384921 -0.703939206
1770029748.197490 1.738536663 1.008213541 1.069458212 0.710266281 0.005042357 -0.002381171 -0.703911014
1770029748.208120 1.739058876 1.008234600 1.068833597 0.710265504 0.005058710 -0.002389000 -0.703911653
1770029748.218648 1.739584857 1.008260874 1.068200726 0.710285899 0.005062798 -0.002384510 -0.703891059
1770029748.229159 1.740117079 1.008280994 1.067592255 0.710286260 0.005076356 -0.002392214 -0.703890571
1770029748.239663 1.740640405 1.008303997 1.066995002 0.710281003 0.005094809 -0.002406681 -0.703895694
1770029748.250125 1.741159360 1.008323443 1.066396127 0.710274543 0.005126579 -0.002432563 -0.703901893
1770029748.260530 1.741667317 1.008343112 1.065824684 0.710258177 0.005153565 -0.002481905 -0.703918037
1770029748.271019 1.742210490 1.008367980 1.065249831 0.710262215 0.005141742 -0.002491594 -0.703914015
1770029748.281375 1.742754684 1.008396573 1.064682718 0.710274044 0.005122040 -0.002488445 -0.703902234
1770029748.291745 1.743308068 1.008424524 1.064132816 0.710279699 0.005096135 -0.002470870 -0.703896777
1770029748.302019 1.743847967 1.008448479 1.063598510 0.710287342 0.005071031 -0.002457228 -0.703889294
1770029748.312381 1.744392775 1.008474594 1.063045287 0.710319216 0.005030260 -0.002447303 -0.703857456
1770029748.322767 1.744920727 1.008496401 1.062517970 0.710328577 0.005015142 -0.002455122 -0.703848090
1770029748.333292 1.745457844 1.008524734 1.061995555 0.710338884 0.004997025 -0.002449365 -0.703837837
1770029748.343888 1.746001119 1.008550952 1.061467697 0.710359680 0.004969680 -0.002444275 -0.703817059
1770029748.354391 1.746536868 1.008569155 1.060944850 0.710380703 0.004954124 -0.002449816 -0.703795931
1770029748.366612 1.747118710 1.008597269 1.060409862 0.710400416 0.004928444 -0.002433703 -0.703776269
1770029748.378387 1.747690595 1.008623791 1.059871171 0.710413912 0.004910490 -0.002465799 -0.703762659
1770029748.388895 1.748296968 1.008645042 1.059313888 0.710427496 0.004917446 -0.002470657 -0.703748881
1770029748.399276 1.748812573 1.008672761 1.058858640 0.710423009 0.004909796 -0.002499929 -0.703753361
1770029748.409729 1.749329708 1.008689148 1.058383383 0.710431981 0.004940710 -0.002507024 -0.703744062
1770029748.420089 1.749852273 1.008707822 1.057920126 0.710444742 0.004948490 -0.002509923 -0.703731114
1770029748.431761 1.750361552 1.008734502 1.057479709 0.710448339 0.004954412 -0.002525229 -0.703727387
1770029748.442385 1.750956231 1.008752475 1.056963555 0.710465049 0.004975587 -0.002524737 -0.703710369
1770029748.452979 1.751460039 1.008764397 1.056525343 0.710465165 0.005001279 -0.002567358 -0.703709916
1770029748.463402 1.751982211 1.008793317 1.056095742 0.710479015 0.005010463 -0.002555838 -0.703695909
1770029748.473854 1.752536249 1.008818386 1.055669685 0.710487788 0.005008537 -0.002532300 -0.703687150
1770029748.484301 1.753076801 1.008841905 1.055259197 0.710500251 0.004992394 -0.002515118 -0.703674742
1770029748.494842 1.753617291 1.008875794 1.054869223 0.710503620 0.004968237 -0.002500147 -0.703671565
1770029748.505436 1.754146934 1.008899774 1.054478588 0.710507565 0.004969831 -0.002489805 -0.703667607
1770029748.516082 1.754702263 1.008919461 1.054068287 0.710524811 0.004965777 -0.002464631 -0.703650311
1770029748.526918 1.755228870 1.008944340 1.053685639 0.710527003 0.004978073 -0.002450993 -0.703648058
1770029748.537533 1.755765981 1.008970918 1.053305907 0.710523064 0.005011369 -0.002417178 -0.703651916
1770029748.548065 1.756300899 1.008994722 1.052935079 0.710522732 0.005039960 -0.002377126 -0.703652184
1770029748.558531 1.756808946 1.009013925 1.052585581 0.710517922 0.005079676 -0.002349062 -0.703656849
1770029748.569074 1.757335055 1.009038386 1.052227842 0.710523613 0.005098878 -0.002319622 -0.703651062
1770029748.579525 1.757856694 1.009064167 1.051886265 0.710519133 0.005105135 -0.002325611 -0.703655520
1770029748.590282 1.758378900 1.009087010 1.051536399 0.710528737 0.005104195 -0.002344206 -0.703645768
1770029748.601177 1.758908139 1.009111297 1.051196900 0.710535990 0.005104660 -0.002357229 -0.703638396
1770029748.611686 1.759420038 1.009130705 1.050868692 0.710549086 0.005106432 -0.002371516 -0.703625110
1770029748.622453 1.759921162 1.009147456 1.050551537 0.710560333 0.005111054 -0.002403549 -0.703613611
1770029748.633374 1.760450051 1.009171462 1.050226548 0.710570724 0.005109690 -0.002443401 -0.703602990
1770029748.644240 1.760996838 1.009198004 1.049910968 0.710577056 0.005089928 -0.002475847 -0.703596624
1770029748.654834 1.761532371 1.009224094 1.049622782 0.710578364 0.005047638 -0.002507495 -0.703595497
1770029748.665269 1.762083546 1.009259914 1.049334921 0.710587148 0.004975691 -0.002535458 -0.703587037
1770029748.675695 1.762615239 1.009289023 1.049060412 0.710605982 0.004884355 -0.002570222 -0.703568530
1770029748.686486 1.763146079 1.009311795 1.048779260 0.710629841 0.004794673 -0.002626489 -0.703544840
1770029748.697301 1.763656844 1.009330108 1.048509838 0.710646286 0.004721742 -0.002700304 -0.703528443
1770029748.708429 1.764206135 1.009360071 1.048248969 0.710640902 0.004659047 -0.002767142 -0.703534039
1770029748.718866 1.764734572 1.009385983 1.047997656 0.710646657 0.004609828 -0.002798827 -0.703528425
1770029748.729893 1.765228241 1.009403663 1.047758748 0.710653138 0.004592783 -0.002831823 -0.703521858
1770029748.740561 1.765764854 1.009422694 1.047507301 0.710659552 0.004597259 -0.002852125 -0.703515267
1770029748.751182 1.766276327 1.009448364 1.047285564 0.710649492 0.004610990 -0.002875328 -0.703525245
1770029748.761869 1.766766625 1.009474452 1.047071812 0.710648496 0.004626502 -0.002888238 -0.703526097
1770029748.772598 1.767283812 1.009496813 1.046840967 0.710663892 0.004628970 -0.002901737 -0.703510473
1770029748.783446 1.767795293 1.009513138 1.046609121 0.710683304 0.004658131 -0.002902237 -0.703490668
1770029748.794142 1.768266022 1.009531989 1.046408816 0.710671025 0.004719051 -0.002941495 -0.703502504
1770029748.804914 1.768758764 1.009562844 1.046223257 0.710654667 0.004750071 -0.002970932 -0.703518695
1770029748.815700 1.769308785 1.009594043 1.046017687 0.710665385 0.004763013 -0.002927762 -0.703507962
1770029748.826288 1.769829414 1.009617420 1.045817590 0.710677735 0.004783526 -0.002899411 -0.703495464
1770029748.836770 1.770346360 1.009644764 1.045633581 0.710690244 0.004797921 -0.002867194 -0.703482862
1770029748.847252 1.770850604 1.009673666 1.045471664 0.710689466 0.004806519 -0.002853687 -0.703483644
1770029748.857703 1.771324448 1.009696844 1.045314808 0.710684323 0.004848366 -0.002841591 -0.703488601
1770029748.868218 1.771825175 1.009725222 1.045146330 0.710704891 0.004856562 -0.002809180 -0.703467896
1770029748.878943 1.772330253 1.009747793 1.044979293 0.710722326 0.004871694 -0.002785302 -0.703450271
1770029748.889820 1.772825102 1.009771600 1.044822077 0.710735320 0.004889035 -0.002786598 -0.703437017
1770029748.900728 1.773318814 1.009801167 1.044679068 0.710737432 0.004897304 -0.002802244 -0.703434764
1770029748.911410 1.773808816 1.009828982 1.044535681 0.710744853 0.004925635 -0.002786402 -0.703427130
1770029748.922247 1.774284851 1.009856070 1.044392814 0.710759974 0.004962332 -0.002778726 -0.703411625
1770029748.932974 1.774774498 1.009883703 1.044248186 0.710781877 0.004987618 -0.002755483 -0.703389405
1770029748.943698 1.775253782 1.009906512 1.044113464 0.710803480 0.005016934 -0.002735612 -0.703367443
1770029748.954169 1.775696337 1.009924635 1.043996023 0.710805527 0.005073219 -0.002752653 -0.703364904
1770029748.964824 1.776179359 1.009953731 1.043879835 0.710817076 0.005061480 -0.002753248 -0.703353315
1770029748.975428 1.776675480 1.009983167 1.043766595 0.710838515 0.005027406 -0.002741299 -0.703331938
1770029748.986131 1.777180780 1.010015158 1.043653405 0.710864776 0.004997991 -0.002718183 -0.703305695
1770029748.996614 1.777689714 1.010048484 1.043552263 0.710894883 0.004949055 -0.002668929 -0.703275799
1770029749.007071 1.778164786 1.010075211 1.043469657 0.710909146 0.004928241 -0.002650497 -0.703261597
1770029749.017640 1.778640671 1.010097268 1.043390673 0.710920268 0.004926027 -0.002629820 -0.703250447
1770029749.028188 1.779112277 1.010121179 1.043319617 0.710926078 0.004918932 -0.002623813 -0.703244646
1770029749.038681 1.779585423 1.010145037 1.043253291 0.710924476 0.004928643 -0.002615506 -0.703246228
1770029749.049351 1.780040080 1.010166734 1.043189629 0.710924797 0.004946877 -0.002611080 -0.703245792
1770029749.060282 1.780511708 1.010191343 1.043132234 0.710922981 0.004963581 -0.002609531 -0.703247515
1770029749.070941 1.780982618 1.010214904 1.043083890 0.710911775 0.005001786 -0.002598352 -0.703258614
1770029749.081456 1.781427367 1.010235922 1.043040676 0.710900747 0.005049243 -0.002602027 -0.703269409
1770029749.092085 1.781879070 1.010257690 1.043007391 0.710881971 0.005088070 -0.002609629 -0.703288081
1770029749.102662 1.782320268 1.010275735 1.042975076 0.710862872 0.005125953 -0.002643585 -0.703306984
1770029749.113504 1.782738299 1.010290715 1.042949825 0.710841347 0.005173356 -0.002696432 -0.703328191
1770029749.124219 1.783192341 1.010311501 1.042930688 0.710821012 0.005193210 -0.002723641 -0.703348492
1770029749.134770 1.783668281 1.010336725 1.042917664 0.710808893 0.005188370 -0.002716700 -0.703360802
1770029749.145554 1.784133665 1.010363500 1.042908067 0.710794564 0.005196946 -0.002702058 -0.703375276
1770029749.156047 1.784605566 1.010392584 1.042895027 0.710797150 0.005181175 -0.002670148 -0.703372900
1770029749.166650 1.785066011 1.010418833 1.042881031 0.710812682 0.005163154 -0.002634181 -0.703357473
1770029749.177524 1.785499498 1.010442005 1.042869892 0.710823964 0.005174219 -0.002621540 -0.703346036
1770029749.188199 1.785952938 1.010467010 1.042865760 0.710829438 0.005177727 -0.002608669 -0.703340526
1770029749.198776 1.786406699 1.010490595 1.042863393 0.710838074 0.005169501 -0.002598237 -0.703331897
1770029749.209385 1.786836257 1.010508852 1.042861480 0.710851955 0.005162594 -0.002597810 -0.703317920
1770029749.219934 1.787266089 1.010528221 1.042869537 0.710859543 0.005154791 -0.002598480 -0.703310305
1770029749.230716 1.787693568 1.010550794 1.042882020 0.710868431 0.005139382 -0.002607588 -0.703301402
1770029749.241673 1.788113616 1.010572939 1.042899150 0.710875851 0.005130784 -0.002618816 -0.703293922
1770029749.252232 1.788553563 1.010599016 1.042922581 0.710881246 0.005125003 -0.002622289 -0.703288498
1770029749.262787 1.788967307 1.010623448 1.042950473 0.710883122 0.005119840 -0.002633033 -0.703286599
1770029749.273339 1.789346714 1.010640426 1.042989821 0.710868404 0.005152502 -0.002683461 -0.703301047
1770029749.283935 1.789773811 1.010663902 1.043025600 0.710869967 0.005140627 -0.002686858 -0.703299542
1770029749.294387 1.790222547 1.010687943 1.043064061 0.710875670 0.005121673 -0.002651684 -0.703294049
1770029749.304850 1.790647350 1.010708753 1.043102025 0.710876962 0.005118187 -0.002632007 -0.703292842
1770029749.315299 1.791093105 1.010733966 1.043145421 0.710885646 0.005075723 -0.002610935 -0.703284451
1770029749.325954 1.791511828 1.010757247 1.043191274 0.710893000 0.005065469 -0.002600322 -0.703277130
1770029749.336844 1.791904174 1.010779277 1.043233492 0.710903303 0.005072336 -0.002591570 -0.703266698
1770029749.347324 1.792334073 1.010809750 1.043288048 0.710907662 0.005076358 -0.002574666 -0.703262325
1770029749.357748 1.792732512 1.010839825 1.043347172 0.710904184 0.005075271 -0.002572681 -0.703265855
1770029749.368266 1.793122407 1.010866104 1.043405239 0.710906619 0.005070544 -0.002578779 -0.703263407
1770029749.379070 1.793514850 1.010890249 1.043472895 0.710900094 0.005088002 -0.002582534 -0.703269862
1770029749.389657 1.793908148 1.010913428 1.043546987 0.710884837 0.005114089 -0.002596827 -0.703285043
1770029749.400148 1.794289038 1.010928478 1.043617519 0.710868733 0.005139591 -0.002636128 -0.703300988
1770029749.411133 1.794662646 1.010943264 1.043690904 0.710849519 0.005160282 -0.002678847 -0.703320095
1770029749.421744 1.795060591 1.010960156 1.043776455 0.710830817 0.005195272 -0.002699361 -0.703338661
1770029749.432171 1.795404339 1.010974942 1.043855778 0.710803113 0.005275267 -0.002727862 -0.703365954
1770029749.442663 1.795787943 1.011000589 1.043936448 0.710789993 0.005291139 -0.002739113 -0.703379049
1770029749.453086 1.796187828 1.011028289 1.044017219 0.710787861 0.005282728 -0.002729088 -0.703381306
1770029749.463514 1.796573765 1.011055509 1.044104775 0.710784215 0.005278376 -0.002709962 -0.703385096
1770029749.474253 1.796979135 1.011092987 1.044196243 0.710791741 0.005242997 -0.002680664 -0.703377869
1770029749.484922 1.797381281 1.011125650 1.044297595 0.710789513 0.005225825 -0.002668160 -0.703380295
1770029749.495446 1.797743866 1.011153595 1.044388437 0.710792163 0.005216775 -0.002683365 -0.703377626
1770029749.506323 1.798118271 1.011183279 1.044482297 0.710798674 0.005205013 -0.002698312 -0.703371077
1770029749.516945 1.798491236 1.011210105 1.044586360 0.710796942 0.005193099 -0.002703669 -0.703372894
1770029749.527786 1.798858238 1.011232347 1.044695510 0.710792538 0.005205640 -0.002705685 -0.703377244
1770029749.538610 1.799231087 1.011254841 1.044798064 0.710794464 0.005216069 -0.002705986 -0.703375220
1770029749.549344 1.799594916 1.011275289 1.044901236 0.710794458 0.005236577 -0.002712954 -0.703375047
1770029749.559959 1.799932499 1.011292754 1.044999683 0.710793071 0.005274170 -0.002714326 -0.703376162
1770029749.570540 1.800294239 1.011313692 1.045099283 0.710801049 0.005275304 -0.002716875 -0.703368082
1770029749.581063 1.800644040 1.011331177 1.045206699 0.710800205 0.005280481 -0.002738592 -0.703368811
1770029749.592110 1.800961955 1.011343125 1.045318903 0.710796334 0.005304359 -0.002779772 -0.703372382
1770029749.602847 1.801317792 1.011364420 1.045433282 0.710797811 0.005317929 -0.002797562 -0.703370717
1770029749.613640 1.801676817 1.011389692 1.045551116 0.710797486 0.005310949 -0.002786147 -0.703371143
1770029749.624545 1.802061518 1.011420960 1.045671312 0.710799408 0.005303571 -0.002759974 -0.703369360
1770029749.635447 1.802446710 1.011455385 1.045801778 0.710802312 0.005279460 -0.002732595 -0.703366713
1770029749.646173 1.802806172 1.011483125 1.045931559 0.710812281 0.005249518 -0.002735050 -0.703356854
1770029749.656784 1.803139811 1.011506890 1.046056938 0.710817171 0.005239541 -0.002747674 -0.703351936
1770029749.667487 1.803476405 1.011535979 1.046184748 0.710819605 0.005228026 -0.002750621 -0.703349551
1770029749.678178 1.803815714 1.011565632 1.046317926 0.710817718 0.005243427 -0.002741167 -0.703351380
1770029749.688776 1.804144398 1.011594502 1.046448760 0.710821952 0.005252811 -0.002731837 -0.703347068
1770029749.699305 1.804466710 1.011621008 1.046578000 0.710828734 0.005270205 -0.002713170 -0.703340156
1770029749.709942 1.804786695 1.011646998 1.046708955 0.710829378 0.005287751 -0.002703614 -0.703339410
1770029749.720378 1.805111441 1.011675328 1.046838189 0.710833159 0.005287419 -0.002699957 -0.703335605
1770029749.731035 1.805415859 1.011700726 1.046968491 0.710831203 0.005308282 -0.002709732 -0.703337387
1770029749.741662 1.805737494 1.011727704 1.047104030 0.710830680 0.005309835 -0.002724293 -0.703337848
1770029749.752181 1.806047721 1.011753262 1.047239532 0.710827490 0.005313339 -0.002741512 -0.703340978
1770029749.762771 1.806332188 1.011771793 1.047383954 0.710814981 0.005344178 -0.002782455 -0.703353226
1770029749.773539 1.806638942 1.011794636 1.047523436 0.710809218 0.005368116 -0.002799615 -0.703358800
1770029749.784084 1.806949486 1.011822108 1.047657773 0.710811091 0.005377704 -0.002797449 -0.703356842
1770029749.794719 1.807284317 1.011852683 1.047799926 0.710801674 0.005375184 -0.002781748 -0.703366440
1770029749.806253 1.807627726 1.011884285 1.047944411 0.710802199 0.005367796 -0.002768528 -0.703366018
1770029749.816981 1.807955120 1.011911711 1.048091765 0.710809360 0.005360234 -0.002752479 -0.703358903
1770029749.827384 1.808252646 1.011934479 1.048234135 0.710808501 0.005372542 -0.002748591 -0.703359692
1770029749.838044 1.808537252 1.011956311 1.048376950 0.710806519 0.005386188 -0.002756920 -0.703361558
1770029749.848765 1.808843698 1.011983578 1.048537581 0.710794832 0.005397220 -0.002755430 -0.703373290
1770029749.859253 1.809127876 1.012007927 1.048685949 0.710788765 0.005415418 -0.002764574 -0.703379245
1770029749.869902 1.809415288 1.012031949 1.048835431 0.710787532 0.005419608 -0.002774827 -0.703380419
1770029749.880711 1.809708082 1.012060621 1.048982917 0.710783766 0.005421324 -0.002784210 -0.703384173
1770029749.891316 1.809991695 1.012087215 1.049133929 0.710780983 0.005432739 -0.002799143 -0.703386838
1770029749.901961 1.810264514 1.012112867 1.049278660 0.710781930 0.005445357 -0.002813933 -0.703385725
1770029749.912653 1.810544074 1.012141507 1.049431822 0.710778257 0.005456368 -0.002829795 -0.703389287
1770029749.923218 1.810813148 1.012169380 1.049576857 0.710775895 0.005469702 -0.002837376 -0.703391540
1770029749.934151 1.811096434 1.012199180 1.049733869 0.710773368 0.005492757 -0.002837870 -0.703393912
1770029749.944767 1.811343973 1.012222698 1.049888197 0.710764197 0.005540999 -0.002862909 -0.703402699
1770029749.955445 1.811608424 1.012251749 1.050036842 0.710761098 0.005562344 -0.002875021 -0.703405613
1770029749.966303 1.811899633 1.012282296 1.050192800 0.710757493 0.005566677 -0.002860722 -0.703409279
1770029749.976818 1.812189446 1.012313779 1.050349119 0.710746660 0.005554341 -0.002864843 -0.703420307
1770029749.987394 1.812473257 1.012345781 1.050497386 0.710746649 0.005540532 -0.002867111 -0.703420417
1770029749.997925 1.812751502 1.012375380 1.050649990 0.710741229 0.005554455 -0.002854064 -0.703425837
1770029750.008350 1.813010789 1.012402301 1.050798253 0.710735675 0.005573120 -0.002860760 -0.703431274
1770029750.018775 1.813262536 1.012427519 1.050943306 0.710733640 0.005601171 -0.002862576 -0.703433100
1770029750.029238 1.813515277 1.012454187 1.051094564 0.710725850 0.005618785 -0.002876612 -0.703440772
1770029750.039636 1.813757796 1.012478928 1.051240302 0.710719742 0.005631882 -0.002901904 -0.703446735
1770029750.050189 1.814006459 1.012506161 1.051381862 0.710718386 0.005643921 -0.002912603 -0.703447964
1770029750.060901 1.814255747 1.012532891 1.051532519 0.710717240 0.005671920 -0.002918562 -0.703448873
1770029750.071585 1.814503943 1.012557656 1.051682797 0.710715664 0.005695677 -0.002921771 -0.703450260
1770029750.082038 1.814740760 1.012584583 1.051828023 0.710717075 0.005725998 -0.002925387 -0.703448573
1770029750.092806 1.814985504 1.012613805 1.051975239 0.710714854 0.005767476 -0.002908565 -0.703450547
1770029750.103592 1.815220833 1.012643670 1.052126057 0.710706348 0.005810273 -0.002910048 -0.703458783
1770029750.114295 1.815469155 1.012678005 1.052276128 0.710707472 0.005804150 -0.002935454 -0.703457592
1770029750.124884 1.815691303 1.012708257 1.052422478 0.710702027 0.005817603 -0.002965783 -0.703462855
1770029750.135670 1.815923528 1.012740815 1.052576618 0.710697979 0.005838330 -0.002978866 -0.703466718
1770029750.146416 1.816137826 1.012771397 1.052730342 0.710687653 0.005878890 -0.002997859 -0.703476731
1770029750.156942 1.816378328 1.012807130 1.052879385 0.710688148 0.005877128 -0.003008706 -0.703476199
1770029750.167399 1.816627272 1.012843951 1.053034075 0.710680482 0.005851693 -0.003026158 -0.703484081
1770029750.178073 1.816878739 1.012883097 1.053181603 0.710677721 0.005827658 -0.003025331 -0.703487073
1770029750.188756 1.817128355 1.012920786 1.053337288 0.710673189 0.005797360 -0.003040922 -0.703491835
1770029750.199170 1.817360438 1.012954640 1.053487696 0.710670435 0.005779834 -0.003061974 -0.703494670
1770029750.209635 1.817571901 1.012984564 1.053632812 0.710668150 0.005787186 -0.003083688 -0.703496823
1770029750.220218 1.817788040 1.013017209 1.053777571 0.710665867 0.005802654 -0.003092350 -0.703498964
1770029750.230783 1.818007557 1.013051789 1.053927121 0.710661600 0.005837325 -0.003084531 -0.703503022
1770029750.241170 1.818223314 1.013087839 1.054069582 0.710659285 0.005865591 -0.003072632 -0.703505178
1770029750.252085 1.818427477 1.013123333 1.054209696 0.710663254 0.005902727 -0.003082360 -0.703500815
1770029750.262667 1.818637559 1.013159131 1.054353186 0.710662511 0.005925306 -0.003085549 -0.703501362
1770029750.273142 1.818837281 1.013191504 1.054495635 0.710660570 0.005946835 -0.003102485 -0.703503066
1770029750.283732 1.819043404 1.013223029 1.054637898 0.710655974 0.005968598 -0.003105918 -0.703507510
1770029750.294463 1.819241468 1.013258238 1.054779511 0.710654454 0.006000594 -0.003120275 -0.703508709
1770029750.305318 1.819448500 1.013295486 1.054923442 0.710653360 0.006024787 -0.003131016 -0.703509560
1770029750.315898 1.819643827 1.013332244 1.055063616 0.710648682 0.006036885 -0.003152089 -0.703514088
1770029750.326534 1.819852460 1.013370756 1.055202170 0.710646739 0.006048934 -0.003152302 -0.703515946
1770029750.337062 1.820047780 1.013409236 1.055336948 0.710646396 0.006049911 -0.003182013 -0.703516150
1770029750.347804 1.820249212 1.013445814 1.055479495 0.710640235 0.006065848 -0.003189913 -0.703522200
1770029750.358403 1.820422179 1.013478937 1.055620133 0.710632673 0.006100239 -0.003222271 -0.703529394
1770029750.369142 1.820619506 1.013519123 1.055760718 0.710627878 0.006107004 -0.003242146 -0.703534087
1770029750.380071 1.820826631 1.013560964 1.055897270 0.710623806 0.006101118 -0.003254770 -0.703538193
1770029750.390640 1.821035165 1.013603863 1.056030761 0.710623241 0.006095090 -0.003271381 -0.703538739
1770029750.401038 1.821244775 1.013647988 1.056162212 0.710618946 0.006077579 -0.003281716 -0.703543181
1770029750.411705 1.821430132 1.013687727 1.056288337 0.710616273 0.006086078 -0.003293213 -0.703545754
1770029750.422257 1.821634219 1.013730910 1.056419782 0.710613297 0.006091693 -0.003294416 -0.703548705
1770029750.432769 1.821811893 1.013770573 1.056551723 0.710607246 0.006112575 -0.003311358 -0.703554557
1770029750.443383 1.821993028 1.013812285 1.056685096 0.710600000 0.006138866 -0.003318320 -0.703561613
1770029750.453923 1.822162643 1.013850585 1.056815865 0.710592485 0.006180661 -0.003322059 -0.703568819
1770029750.464441 1.822340854 1.013892667 1.056950637 0.710581564 0.006217540 -0.003314056 -0.703579562
1770029750.475030 1.822519204 1.013934376 1.057080670 0.710573461 0.006248149 -0.003312498 -0.703587482
1770029750.485715 1.822687753 1.013973064 1.057207187 0.710566411 0.006271935 -0.003327999 -0.703594317
1770029750.496298 1.822865123 1.014012580 1.057338243 0.710556340 0.006283365 -0.003346490 -0.703604298
1770029750.506810 1.823022840 1.014048234 1.057456763 0.710553649 0.006315818 -0.003369101 -0.703606617
1770029750.517482 1.823199095 1.014087060 1.057576397 0.710548351 0.006331720 -0.003375104 -0.703611796
1770029750.528183 1.823369650 1.014124907 1.057698125 0.710543379 0.006352735 -0.003393305 -0.703616539
1770029750.538758 1.823533978 1.014161410 1.057814529 0.710540018 0.006379052 -0.003406006 -0.703619634
1770029750.549391 1.823705598 1.014199039 1.057926981 0.710537475 0.006399734 -0.003411145 -0.703621990
1770029750.560207 1.823860559 1.014236965 1.058043461 0.710536799 0.006428435 -0.003447492 -0.703622233
1770029750.570668 1.824029488 1.014277308 1.058151841 0.710535529 0.006447439 -0.003446944 -0.703623345
1770029750.581161 1.824194970 1.014315866 1.058257830 0.710535625 0.006458891 -0.003464738 -0.703623055
1770029750.591615 1.824349857 1.014355021 1.058364746 0.710535806 0.006457914 -0.003510345 -0.703622656
1770029750.602008 1.824508894 1.014394045 1.058468870 0.710535594 0.006459099 -0.003541644 -0.703622701
1770029750.612686 1.824644377 1.014431198 1.058574650 0.710535229 0.006483538 -0.003586395 -0.703622619
1770029750.623326 1.824795922 1.014471074 1.058682055 0.710534290 0.006502199 -0.003610082 -0.703623273
1770029750.634179 1.824969513 1.014516524 1.058790298 0.710531962 0.006512959 -0.003614247 -0.703625504
1770029750.644854 1.825132544 1.014560130 1.058891167 0.710531076 0.006532590 -0.003610591 -0.703626235
1770029750.655416 1.825314548 1.014606547 1.058996062 0.710529562 0.006544068 -0.003588158 -0.703627772
1770029750.665779 1.825473889 1.014652291 1.059100716 0.710525483 0.006561016 -0.003588924 -0.703631729
1770029750.676256 1.825625386 1.014698286 1.059202835 0.710522838 0.006589967 -0.003585717 -0.703634146
1770029750.686809 1.825782024 1.014743716 1.059306044 0.710518180 0.006608018 -0.003582748 -0.703638695
1770029750.697425 1.825925702 1.014790750 1.059409091 0.710514444 0.006633352 -0.003596623 -0.703642159
1770029750.708176 1.826073365 1.014836548 1.059511588 0.710510309 0.006655008 -0.003607041 -0.703646077
1770029750.718946 1.826221908 1.014884903 1.059618513 0.710502207 0.006673897 -0.003616184 -0.703654032
1770029750.729528 1.826351969 1.014931785 1.059716716 0.710500114 0.006702337 -0.003637378 -0.703655765
1770029750.740097 1.826495488 1.014977455 1.059812660 0.710500175 0.006714970 -0.003656155 -0.703655486
1770029750.750833 1.826636769 1.015022880 1.059905543 0.710498795 0.006742492 -0.003662120 -0.703656585
1770029750.761520 1.826767989 1.015066536 1.059997989 0.710498302 0.006778809 -0.003671108 -0.703656687
1770029750.772020 1.826912167 1.015110377 1.060086282 0.710501586 0.006803579 -0.003671931 -0.703653128
1770029750.782520 1.827043583 1.015151341 1.060167258 0.710507180 0.006823817 -0.003697560 -0.703647149
1770029750.793118 1.827174790 1.015193344 1.060246173 0.710514400 0.006853610 -0.003710044 -0.703639503
1770029750.803668 1.827312915 1.015236964 1.060322355 0.710523514 0.006876743 -0.003716022 -0.703630043
1770029750.814779 1.827441149 1.015278563 1.060399169 0.710527425 0.006897377 -0.003729399 -0.703625821
1770029750.825563 1.827580950 1.015324776 1.060482548 0.710538243 0.006915201 -0.003761285 -0.703614552
1770029750.836327 1.827717604 1.015366725 1.060562633 0.710542867 0.006936191 -0.003767357 -0.703609643
1770029750.847047 1.827848132 1.015410842 1.060639685 0.710548220 0.006957021 -0.003784615 -0.703603939
1770029750.857656 1.827969825 1.015453673 1.060713766 0.710555589 0.006978061 -0.003807199 -0.703596167
1770029750.868213 1.828108277 1.015499222 1.060789660 0.710563931 0.006975418 -0.003829586 -0.703587647
1770029750.878814 1.828243414 1.015545657 1.060864318 0.710569332 0.006984403 -0.003842363 -0.703582035
1770029750.889354 1.828365752 1.015592658 1.060937230 0.710578072 0.007005490 -0.003853290 -0.703572937
1770029750.899761 1.828499684 1.015640136 1.061011572 0.710585278 0.007008125 -0.003864658 -0.703565571
1770029750.910269 1.828621848 1.015689841 1.061084724 0.710589983 0.007017995 -0.003887310 -0.703560596
1770029750.920783 1.828732734 1.015740065 1.061159281 0.710593237 0.007066851 -0.003885404 -0.703556831
1770029750.931279 1.828851158 1.015791370 1.061230917 0.710599612 0.007089682 -0.003894655 -0.703550111
1770029750.941771 1.828986834 1.015844385 1.061301502 0.710605534 0.007104565 -0.003885285 -0.703544032
1770029750.952301 1.829120203 1.015897888 1.061370188 0.710614273 0.007104974 -0.003897893 -0.703535131
1770029750.962912 1.829254336 1.015950158 1.061439408 0.710624602 0.007111061 -0.003888579 -0.703524688
1770029750.973417 1.829388580 1.015998837 1.061505524 0.710635116 0.007121305 -0.003880007 -0.703514012
1770029750.983914 1.829512496 1.016046721 1.061569302 0.710643726 0.007125729 -0.003896110 -0.703505180
1770029750.994891 1.829633458 1.016095569 1.061633054 0.710656650 0.007134917 -0.003915490 -0.703491925
1770029751.005471 1.829754415 1.016141830 1.061695241 0.710669172 0.007148940 -0.003928452 -0.703479060
1770029751.016014 1.829874971 1.016187427 1.061756420 0.710677799 0.007165824 -0.003933422 -0.703470146
1770029751.026662 1.829988734 1.016233858 1.061812861 0.710692576 0.007181299 -0.003951593 -0.703454956
1770029751.037289 1.830104460 1.016279092 1.061868520 0.710709534 0.007201532 -0.003956866 -0.703437587
1770029751.048458 1.830223432 1.016325519 1.061925231 0.710723162 0.007224132 -0.003963018 -0.703423552
1770029751.058979 1.830337355 1.016372535 1.061979623 0.710736669 0.007258370 -0.003956716 -0.703409587
1770029751.069539 1.830446388 1.016418912 1.062031204 0.710752858 0.007297242 -0.003950946 -0.703392860
1770029751.080176 1.830560484 1.016463974 1.062079710 0.710770448 0.007326161 -0.003945573 -0.703374815
1770029751.090819 1.830676695 1.016511048 1.062128325 0.710787271 0.007346470 -0.003954077 -0.703357555
1770029751.101394 1.830786984 1.016559035 1.062177867 0.710803034 0.007362297 -0.003971643 -0.703341360
1770029751.111857 1.830889586 1.016604723 1.062225015 0.710822239 0.007380228 -0.003989341 -0.703321663
1770029751.122214 1.831002087 1.016654601 1.062271389 0.710839825 0.007382293 -0.004008430 -0.703303759
1770029751.132668 1.831114965 1.016704823 1.062317594 0.710855202 0.007381947 -0.004029742 -0.703288099
1770029751.143148 1.831220343 1.016756391 1.062366386 0.710871944 0.007379256 -0.004065363 -0.703270999
1770029751.153797 1.831320600 1.016805337 1.062415681 0.710885220 0.007398259 -0.004079739 -0.703257297
1770029751.164280 1.831431939 1.016856879 1.062464412 0.710896502 0.007411249 -0.004082501 -0.703245739
1770029751.174653 1.831545106 1.016908357 1.062511370 0.710908415 0.007425798 -0.004083931 -0.703233535
1770029751.185163 1.831646027 1.016956502 1.062559323 0.710919195 0.007446174 -0.004096272 -0.703222350
1770029751.195619 1.831746940 1.017003440 1.062604433 0.710932409 0.007464626 -0.004112965 -0.703208697
1770029751.206002 1.831855329 1.017051527 1.062646780 0.710945819 0.007490379 -0.004106250 -0.703194906
1770029751.216505 1.831970277 1.017100761 1.062690194 0.710957413 0.007510450 -0.004092808 -0.703183047
1770029751.226978 1.832073595 1.017146789 1.062728531 0.710973912 0.007543129 -0.004090194 -0.703166031
1770029751.237359 1.832173994 1.017191363 1.062766267 0.710990124 0.007562870 -0.004103618 -0.703149349
1770029751.247755 1.832280506 1.017239422 1.062802356 0.711008155 0.007579742 -0.004112366 -0.703130884
1770029751.258212 1.832391159 1.017286652 1.062839218 0.711024777 0.007593655 -0.004112604 -0.703113923
1770029751.268601 1.832495446 1.017335413 1.062878145 0.711039323 0.007601817 -0.004125304 -0.703099051
1770029751.279135 1.832594289 1.017381991 1.062912838 0.711057919 0.007617407 -0.004144585 -0.703079962
1770029751.289827 1.832708510 1.017431349 1.062948749 0.711075123 0.007629382 -0.004144714 -0.703062432
1770029751.300547 1.832818852 1.017481095 1.062986173 0.711092135 0.007640483 -0.004154209 -0.703045049
1770029751.311046 1.832910645 1.017526763 1.063021978 0.711107498 0.007665276 -0.004171062 -0.703029141
1770029751.321558 1.832998212 1.017571540 1.063056614 0.711123629 0.007696683 -0.004183817 -0.703012405
1770029751.332327 1.833104455 1.017619802 1.063092410 0.711140245 0.007709105 -0.004190946 -0.702995418
1770029751.342909 1.833224752 1.017671069 1.063130007 0.711156448 0.007717514 -0.004186931 -0.702978958
1770029751.353449 1.833333228 1.017721304 1.063166369 0.711173401 0.007716526 -0.004208558 -0.702961690
1770029751.363993 1.833435197 1.017769867 1.063201443 0.711188065 0.007726437 -0.004217987 -0.702946689
1770029751.374626 1.833536972 1.017817823 1.063237027 0.711200740 0.007739107 -0.004219704 -0.702933715
1770029751.385205 1.833651329 1.017869413 1.063278798 0.711209847 0.007736076 -0.004227482 -0.702924487
1770029751.395743 1.833762720 1.017922380 1.063319249 0.711221880 0.007752536 -0.004227194 -0.702912133
1770029751.406216 1.833867644 1.017977625 1.063356451 0.711242434 0.007769488 -0.004259375 -0.702890954
1770029751.416846 1.833967474 1.018028958 1.063388425 0.711266398 0.007806425 -0.004281507 -0.702866160
1770029751.427403 1.834062492 1.018075439 1.063418657 0.711283566 0.007848202 -0.004271619 -0.702848382
1770029751.437840 1.834127865 1.018105869 1.063439249 0.711293393 0.007852266 -0.004277056 -0.702838358
1770029751.448601 1.834157747 1.018118986 1.063453538 0.711289927 0.007840915 -0.004269127 -0.702842040
1770029751.459212 1.834166040 1.018122968 1.063461268 0.711278995 0.007847477 -0.004239223 -0.702853212
1770029751.469795 1.834169014 1.018124644 1.063463649 0.711269334 0.007874765 -0.004195803 -0.702862944
1770029751.480287 1.834163666 1.018124447 1.063460884 0.711269303 0.007890157 -0.004186778 -0.702862857
1770029751.490738 1.834147027 1.018124166 1.063451333 0.711275719 0.007905395 -0.004199493 -0.702856117
1770029751.501166 1.834132051 1.018124592 1.063442306 0.711281992 0.007918743 -0.004210864 -0.702849550
1770029751.511610 1.834129598 1.018124516 1.063440700 0.711281748 0.007921362 -0.004212394 -0.702849758
1770029751.521995 1.834130288 1.018126129 1.063443451 0.711276062 0.007923077 -0.004211020 -0.702855502
1770029751.532330 1.834129713 1.018125106 1.063444660 0.711270609 0.007927277 -0.004210187 -0.702860977
1770029751.542701 1.834127422 1.018126044 1.063442296 0.711270213 0.007931688 -0.004210049 -0.702861329
1770029751.553128 1.834124484 1.018126725 1.063436307 0.711274041 0.007935587 -0.004210363 -0.702857410
1770029751.563553 1.834122324 1.018127465 1.063432041 0.711275952 0.007938603 -0.004210993 -0.702855438
1770029751.574182 1.834121414 1.018127582 1.063432230 0.711270518 0.007943165 -0.004211282 -0.702860883
1770029751.584608 1.834121246 1.018126972 1.063431944 0.711265546 0.007947617 -0.004209975 -0.702865872
1770029751.594979 1.834121713 1.018128133 1.063430973 0.711263359 0.007952447 -0.004204384 -0.702868065
1770029751.605494 1.834121565 1.018128133 1.063429742 0.711261085 0.007958389 -0.004198301 -0.702870335
1770029751.615949 1.834120630 1.018128481 1.063427395 0.711259798 0.007965406 -0.004191948 -0.702871595
1770029751.626379 1.834119239 1.018128986 1.063425128 0.711256513 0.007972872 -0.004187968 -0.702874859
1770029751.638495 1.834118512 1.018129403 1.063423613 0.711253311 0.007978122 -0.004185450 -0.702878054
1770029751.649227 1.834117999 1.018129620 1.063423473 0.711246174 0.007984524 -0.004184010 -0.702885212
1770029751.662011 1.834117930 1.018129902 1.063422423 0.711239777 0.007991092 -0.004181371 -0.702891626
1770029751.672692 1.834116808 1.018130187 1.063421376 0.711233080 0.007998719 -0.004179361 -0.702898328
1770029751.683310 1.834115634 1.018130472 1.063420521 0.711227965 0.008004921 -0.004177735 -0.702903443
1770029751.694068 1.834113829 1.018130436 1.063421154 0.711219695 0.008012119 -0.004178051 -0.702911726
1770029751.704785 1.834112326 1.018130414 1.063421701 0.711211060 0.008019155 -0.004178703 -0.702920379
1770029751.715306 1.834111041 1.018130383 1.063422396 0.711201824 0.008025190 -0.004181084 -0.702929641
1770029751.725858 1.834110273 1.018130297 1.063422862 0.711193556 0.008030815 -0.004182648 -0.702937933
1770029751.736424 1.834109554 1.018130222 1.063424059 0.711184585 0.008035788 -0.004184944 -0.702946938
1770029751.746888 1.834108713 1.018129043 1.063424928 0.711176144 0.008041069 -0.004186924 -0.702955406
1770029751.757389 1.834107325 1.018129786 1.063425421 0.711168828 0.008046346 -0.004188943 -0.702962735
1770029751.767887 1.834105450 1.018129765 1.063426235 0.711159423 0.008052629 -0.004192147 -0.702972159
1770029751.778365 1.834104086 1.018128730 1.063427116 0.711151549 0.008057092 -0.004195704 -0.702980052
1770029751.788907 1.834102897 1.018129566 1.063428470 0.711141889 0.008061966 -0.004199649 -0.702989745
1770029751.799407 1.834101735 1.018129239 1.063429188 0.711134611 0.008066636 -0.004202211 -0.702997038
1770029751.810086 1.834100680 1.018128310 1.063430143 0.711126586 0.008070294 -0.004206238 -0.703005090
1770029751.820505 1.834100012 1.018129257 1.063431818 0.711116906 0.008074215 -0.004210185 -0.703014813
1770029751.831001 1.834099006 1.018129004 1.063433344 0.711107557 0.008078663 -0.004213891 -0.703024196
1770029751.841369 1.834098399 1.018128832 1.063434247 0.711098372 0.008082385 -0.004218238 -0.703033418
1770029751.851750 1.834097072 1.018128638 1.063436020 0.711087837 0.008086347 -0.004224221 -0.703043992
1770029751.862280 1.834095213 1.018127423 1.063436936 0.711079774 0.008089946 -0.004229711 -0.703052073
1770029751.872759 1.834093850 1.018127891 1.063437768 0.711072307 0.008093155 -0.004234075 -0.703059562
1770029751.883185 1.834092751 1.018127434 1.063438276 0.711067219 0.008094006 -0.004238676 -0.703064670
1770029751.893645 1.834092106 1.018126234 1.063439125 0.711059493 0.008096141 -0.004243534 -0.703072431
1770029751.904220 1.834091233 1.018126963 1.063439646 0.711052745 0.008096834 -0.004249402 -0.703079212
1770029751.914993 1.834089830 1.018126545 1.063440362 0.711046805 0.008097731 -0.004255086 -0.703085174
1770029751.925846 1.834088333 1.018126231 1.063441310 0.711040134 0.008099133 -0.004261064 -0.703091868
1770029751.936470 1.834087411 1.018126007 1.063442300 0.711033586 0.008097458 -0.004269090 -0.703098460
1770029751.947428 1.834087317 1.018125906 1.063443207 0.711026870 0.008096169 -0.004275642 -0.703105227
1770029751.958058 1.834086604 1.018125750 1.063444223 0.711020944 0.008092082 -0.004285127 -0.703111210
1770029751.968737 1.834085727 1.018125437 1.063444600 0.711016287 0.008085073 -0.004297010 -0.703115927
1770029751.979434 1.834084769 1.018125016 1.063444902 0.711012259 0.008080411 -0.004306343 -0.703119997
1770029751.989947 1.834083757 1.018124648 1.063445127 0.711009793 0.008073457 -0.004316749 -0.703122506
1770029752.000588 1.834083168 1.018124356 1.063445450 0.711006263 0.008067077 -0.004326881 -0.703126087
1770029752.011306 1.834082514 1.018123947 1.063445488 0.711003226 0.008063007 -0.004334567 -0.703129157
1770029752.021792 1.834081588 1.018123533 1.063445316 0.711000458 0.008061127 -0.004340409 -0.703131942
1770029752.032269 1.834081145 1.018123303 1.063445819 0.710996171 0.008059717 -0.004345942 -0.703136259
1770029752.042750 1.834079544 1.018122957 1.063446615 0.710990487 0.008054865 -0.004357531 -0.703141991
1770029752.053170 1.834078248 1.018121744 1.063446805 0.710987515 0.008049720 -0.004367002 -0.703144995
1770029752.063652 1.834076969 1.018121443 1.063447415 0.710984171 0.008046504 -0.004374502 -0.703148367
1770029752.074097 1.834076579 1.018122247 1.063447824 0.710981478 0.008042842 -0.004380684 -0.703151093
1770029752.084666 1.834076266 1.018122060 1.063448046 0.710979929 0.008035780 -0.004389318 -0.703152687
1770029752.095325 1.834075193 1.018121762 1.063448447 0.710977295 0.008029244 -0.004399427 -0.703155362
1770029752.106154 1.834074059 1.018121328 1.063448759 0.710975088 0.008025217 -0.004406817 -0.703157593
1770029752.116801 1.834073213 1.018120113 1.063449003 0.710973095 0.008021964 -0.004412838 -0.703159607
1770029752.127535 1.834072536 1.018120890 1.063449230 0.710970959 0.008020397 -0.004417155 -0.703161758
1770029752.137974 1.834072453 1.018120799 1.063449476 0.710969219 0.008017660 -0.004421340 -0.703163521
