1770114746.758364 0.000000000 0.000000000 0.000000000 -0.000000000 -0.000000000 -0.000000000 1.000000000
1770114746.791710 0.002290457 -0.000572399 0.000218054 -0.000388644 -0.000767034 -0.000086778 0.999999642
1770114746.825032 -0.016759878 0.004962153 0.002993074 0.000152255 0.002066515 -0.000596133 0.999997675
1770114746.858367 -0.004133977 0.004601161 -0.004628422 0.001062257 0.000058780 0.000283030 0.999999404
1770114746.891727 -0.000215690 0.003426038 -0.004185989 0.000788896 -0.000326506 0.000919446 0.999999285
1770114746.925048 -0.004685592 0.005377748 -0.002124774 0.000891883 0.000363353 0.000428337 0.999999523
1770114746.958380 -0.007519536 0.006106445 -0.002691270 0.000770852 0.000670261 0.000297988 0.999999464
1770114746.991710 -0.004071485 0.006941093 -0.003253385 0.000979020 0.000191641 0.000401193 0.999999404
1770114747.025035 -0.005587748 0.001502991 -0.003249449 0.000472042 0.000148776 0.000462225 0.999999821
1770114747.058371 -0.009818103 0.007484707 0.007783053 0.001074957 0.000491161 0.001425820 0.999998331
1770114747.058371 -0.009818103 0.007484707 0.007783053 0.001074957 0.000491161 0.001425820 0.999998331
1770114747.058371 -0.009818103 0.007484707 0.007783053 0.001074957 0.000491161 0.001425820 0.999998331
1770114747.058371 -0.009818103 0.007484707 0.007783053 0.001074957 0.000491161 0.001425820 0.999998331
1770114747.058371 -0.009818103 0.007484707 0.007783053 0.001074957 0.000491161 0.001425820 0.999998331
1770114747.058371 -0.009818103 0.007484707 0.007783053 0.001074957 0.000491161 0.001425820 0.999998331
1770114747.058371 -0.009818103 0.007484707 0.007783053 0.001074957 0.000491161 0.001425820 0.999998331
1770114747.058371 -0.009818103 0.007484707 0.007783053 0.001074957 0.000491161 0.001425820 0.999998331
1770114747.058371 -0.009818103 0.007484707 0.007783053 0.001074957 0.000491161 0.001425820 0.999998331
1770114747.058371 -0.009818103 0.007484707 0.007783053 0.001074957 0.000491161 0.001425820 0.999998331
1770114747.058371 -0.009818103 0.007484707 0.007783053 0.001074957 0.000491161 0.001425820 0.999998331
1770114747.058371 -0.009818103 0.007484707 0.007783053 0.001074957 0.000491161 0.001425820 0.999998331
1770114747.058371 -0.009818103 0.007484707 0.007783053 0.001074957 0.000491161 0.001425820 0.999998331
1770114747.058371 -0.009818103 0.007484707 0.007783053 0.001074957 0.000491161 0.001425820 0.999998331
1770114747.625031 -0.001556099 0.001773542 -0.006035621 0.000591387 0.000876318 -0.000367551 0.999999404
1770114747.625031 -0.001556099 0.001773542 -0.006035621 0.000591387 0.000876318 -0.000367551 0.999999404
1770114747.625031 -0.001556099 0.001773542 -0.006035621 0.000591387 0.000876318 -0.000367551 0.999999404
1770114747.625031 -0.001556099 0.001773542 -0.006035621 0.000591387 0.000876318 -0.000367551 0.999999404
1770114747.858373 -0.007246367 -0.009636916 0.006211040 -0.003178323 0.000937726 -0.002011535 0.999992549
1770114747.958381 -0.008277483 0.006812977 -0.004925850 0.001123295 0.001082705 -0.000080416 0.999998808
1770114747.991709 -0.008412415 0.006670909 -0.004756238 0.001055669 0.001173478 -0.000301062 0.999998748
1770114748.025065 -0.003801932 0.013303868 -0.005734321 0.003226557 0.000139982 -0.000203551 0.999994814
1770114748.125035 -0.002154284 0.013096386 -0.005957575 0.003378977 -0.000068605 -0.000275169 0.999994278
1770114748.158367 0.000061396 0.013348025 -0.006252153 0.003505241 -0.000516022 -0.000281682 0.999993742
1770114748.191705 0.001238386 0.013053147 -0.007439113 0.003554273 -0.000841405 -0.000407846 0.999993265
1770114748.258366 0.000423578 0.014646927 -0.007447336 0.004029699 -0.000665285 -0.000360408 0.999991596
1770114748.291712 0.001535335 0.014575702 -0.007829824 0.003926645 -0.000925381 -0.000302553 0.999991894
1770114748.325031 0.004068011 0.014582659 -0.008528565 0.004017812 -0.001510393 -0.000146471 0.999990821
1770114748.425037 0.006281925 0.016729170 -0.009058173 0.004596137 -0.001851857 -0.000038652 0.999987721
1770114748.458376 0.006741745 0.016017962 -0.009029860 0.004555088 -0.001925215 0.000028502 0.999987841
1770114748.491696 0.005385565 0.016223973 -0.009385721 0.004641913 -0.001706403 -0.000140842 0.999987781
1770114748.525038 0.005318134 0.016294278 -0.008300822 0.004577203 -0.001756962 -0.000081605 0.999987960
1770114748.558375 0.006987748 0.016487144 -0.008749055 0.004549132 -0.002088330 -0.000094630 0.999987543
1770114748.591695 0.008811203 0.017162647 -0.008423463 0.004828550 -0.002486125 0.000175169 0.999985278
1770114748.691705 0.004668273 0.017778890 -0.007794516 0.004822898 -0.001768119 0.000183711 0.999986887
1770114748.758367 0.003867087 0.018304141 -0.007827112 0.004957756 -0.001590827 0.000294671 0.999986410
1770114748.791713 0.007052267 0.019216098 -0.009432439 0.005197908 -0.002230464 0.000451621 0.999983966
1770114748.825049 0.005190583 0.019174505 -0.008564267 0.005194511 -0.001816243 0.000270067 0.999984860
1770114748.858381 0.005989385 0.016895926 -0.008525048 0.004589673 -0.001964520 0.000242638 0.999987543
1770114748.891716 0.004191674 0.017269803 -0.007968868 0.004688964 -0.001576568 0.000213209 0.999987781
1770114748.991718 0.004887979 0.018588163 -0.008050024 0.004956991 -0.001838940 0.000226367 0.999985993
1770114749.058385 0.005389981 0.017936384 -0.008202182 0.004925080 -0.001951320 0.000380645 0.999985933
1770114749.091714 0.004135996 0.017636389 -0.008009988 0.004911608 -0.001570723 0.000611203 0.999986529
1770114749.125062 0.004856197 0.017345523 -0.008889410 0.004873564 -0.001849584 0.000185766 0.999986410
1770114749.158379 0.004571640 0.019268885 -0.007318567 0.005143196 -0.001726758 0.000275605 0.999985278
1770114749.191712 0.005336354 0.017347615 -0.007044450 0.004774380 -0.001959580 0.000067659 0.999986708
1770114749.325061 0.006675248 0.017323904 -0.007963418 0.004769087 -0.002140381 0.000221136 0.999986351
1770114749.358385 0.007167015 0.018983131 -0.008913835 0.005177529 -0.002190446 0.000171749 0.999984205
1770114749.425045 0.003437325 0.018702852 -0.007308684 0.005019248 -0.001565777 0.000308141 0.999986172
1770114749.458388 0.004519138 0.017377386 -0.007519793 0.004808386 -0.001727955 0.000174744 0.999987006
1770114749.491715 0.003870690 0.017893206 -0.006671156 0.004844803 -0.001542118 0.000247490 0.999987066
1770114749.625044 0.004944527 0.019531934 -0.008024100 0.005285839 -0.001763944 0.000298381 0.999984503
1770114749.658379 0.004710894 0.019122688 -0.008042816 0.005187148 -0.001669630 0.000209027 0.999985158
1770114749.691716 0.005099378 0.018106353 -0.006660537 0.005039749 -0.001776261 0.000206643 0.999985695
1770114749.725065 0.006054720 0.020029951 -0.006501296 0.005522742 -0.001897144 0.000507166 0.999982893
1770114749.758384 0.003471989 0.019742191 -0.006852936 0.005329772 -0.001475016 0.000214866 0.999984682
1770114749.791714 0.004037960 0.019137247 -0.006359049 0.005224086 -0.001586618 0.000336911 0.999985099
1770114749.925048 0.006341417 0.019184113 -0.008015607 0.005199392 -0.002106133 0.000170845 0.999984264
1770114749.958391 0.005235419 0.018731069 -0.008656250 0.005196371 -0.001840353 0.000254862 0.999984801
1770114749.991713 0.006521697 0.018783979 -0.008612601 0.005201423 -0.002127527 0.000079483 0.999984205
1770114750.025051 0.006280185 0.018898122 -0.008577966 0.005350754 -0.001960705 0.000370312 0.999983728
1770114750.058394 0.009187926 0.018309250 -0.008696634 0.005050324 -0.002520756 0.000302202 0.999984086
1770114750.091734 0.007024139 0.020029755 -0.007671291 0.005406554 -0.002149590 0.000385185 0.999983072
1770114750.225073 0.011005445 0.020569164 -0.008307503 0.005768179 -0.002773341 0.000282120 0.999979556
1770114750.258389 0.013772932 0.022355080 -0.006527813 0.005894935 -0.002895393 0.000028022 0.999978483
1770114750.291729 0.015801523 0.022670057 -0.006058396 0.005884300 -0.003295164 -0.000116351 0.999977291
1770114750.325058 0.000355405 0.007865435 0.001744264 0.000851561 0.000601724 -0.000645572 0.999999285
1770114750.358401 0.002223305 0.008541552 0.003732336 0.000662989 0.000606193 -0.001011143 0.999999166
1770114750.391720 0.002720289 0.010498744 0.005862061 0.000784101 0.000861191 -0.001184551 0.999998689
1770114750.525054 0.015633738 0.023409126 0.024063900 0.003157822 0.000368269 -0.001856667 0.999993265
1770114750.558394 0.025432393 0.028345490 0.031190176 0.003599536 -0.000374909 -0.003097337 0.999988735
1770114750.591762 0.028569655 0.031525470 0.036220782 0.003796335 -0.000361483 -0.003569914 0.999986351
1770114750.625067 0.028862596 0.036160324 0.045647915 0.003334465 -0.000923217 -0.002615581 0.999990642
1770114750.658407 0.029560227 0.035359576 0.045865521 0.003228586 -0.000604982 -0.002990620 0.999990165
1770114750.691757 0.032925066 0.036891993 0.047074772 0.003330869 -0.001030812 -0.003085778 0.999989212
1770114750.825076 0.032145314 0.037251111 0.043698601 0.003905503 -0.001333743 -0.002195822 0.999989152
1770114750.858388 0.027959157 0.036792211 0.043936633 0.003774296 -0.000595649 -0.002415749 0.999989867
1770114750.891746 0.025874248 0.037354071 0.044886433 0.004072781 -0.000324552 -0.002045579 0.999989569
1770114750.925058 0.019016534 0.034743894 0.046595205 0.003555480 0.000912541 -0.002040037 0.999991238
1770114750.958403 0.014128831 0.015366303 0.024127396 0.001884418 0.000061281 0.000077213 0.999998212
1770114750.991752 0.021418288 0.015701694 0.023200801 0.002314032 -0.001232154 0.001152241 0.999995947
1770114751.125049 0.002476352 -0.001131195 0.003804858 -0.000593373 -0.000134488 0.002474206 0.999996781
1770114751.158377 0.000352777 0.006203845 0.003653684 0.000180420 0.000240012 0.000109966 0.999999940
1770114751.191711 -0.000992129 0.004718674 -0.000903128 0.000140709 -0.000035983 0.000212387 1.000000000
1770114751.225053 -0.006501551 -0.000826161 -0.004577444 -0.000906470 0.000495665 0.000173676 0.999999464
1770114751.258385 -0.002220507 0.002398112 -0.002930548 -0.000818821 -0.000513959 -0.000188018 0.999999583
1770114751.291727 -0.003363583 -0.000054774 -0.008053678 -0.000774649 -0.000947805 0.000689530 0.999999046
1770114751.391714 -0.002372013 0.001664862 -0.003832995 -0.001369554 -0.000841036 -0.000878482 0.999998391
1770114751.458376 0.003980764 0.005735953 0.005061477 -0.000365803 -0.001005136 -0.000812759 0.999999166
1770114751.491749 0.002857944 0.004889825 0.004359270 -0.000486903 -0.000925027 -0.001105765 0.999998868
1770114751.525048 0.002413228 0.004613904 0.002939509 -0.000518252 -0.001207625 -0.001437016 0.999998152
1770114751.558376 0.003471773 0.007829677 0.005229274 0.000041918 -0.001302070 -0.001702247 0.999997735
1770114751.591716 -0.004776195 0.009886603 -0.002768335 0.000760603 -0.000506562 -0.002689071 0.999996006
1770114751.658385 -0.010607462 0.008152608 -0.007892042 -0.000037573 -0.000239358 -0.003778242 0.999992907
1770114751.725061 -0.002813194 0.009918652 -0.004804210 0.001268868 -0.001244485 -0.002755442 0.999994695
1770114751.758389 -0.003355909 0.010574574 -0.001236814 0.001500095 -0.000827859 -0.002983101 0.999994099
1770114751.791725 -0.002219146 0.009602246 -0.002648537 0.001390419 -0.001261501 -0.003005347 0.999993801
1770114751.825057 -0.001681635 0.009295096 -0.003295240 0.001461156 -0.001467504 -0.002963847 0.999993503
1770114751.858385 -0.003226407 0.007274852 -0.005107384 0.001204567 -0.001397420 -0.002872930 0.999994218
1770114751.891733 -0.003839057 0.008678692 -0.001219767 0.001360112 -0.000755932 -0.003224719 0.999993622
1770114752.025047 0.005688334 0.007807782 0.003586371 0.002835140 -0.001623134 -0.001859330 0.999992967
1770114752.058384 0.011535214 0.011665239 0.009234528 0.003715251 -0.002283531 -0.001663825 0.999989152
1770114752.091716 0.009127723 0.009602332 0.006795970 0.003836123 -0.001985108 -0.001478482 0.999989569
1770114752.125043 0.009184452 0.006600524 0.003155578 0.003874321 -0.002350309 -0.001236465 0.999988973
1770114752.158387 0.006199944 0.005151916 0.002350824 0.003683613 -0.002034592 -0.001817964 0.999989510
1770114752.191716 0.010351743 0.006339495 0.004313048 0.004218029 -0.002585967 -0.001681890 0.999986351
1770114752.325046 0.010365629 0.003121667 0.004513587 0.003222328 -0.001623444 -0.002186508 0.999991119
1770114752.358398 0.009742168 0.001948532 0.003029895 0.002903343 -0.001472528 -0.002135406 0.999992490
1770114752.391711 0.010407659 0.001335908 0.001605752 0.003064682 -0.001619583 -0.001826055 0.999992371
1770114752.425060 0.011137599 0.003022169 0.002426357 0.003412649 -0.001474534 -0.001962190 0.999991238
1770114752.458402 -0.001358299 0.003874833 -0.001124497 0.001821714 -0.000085195 -0.005013042 0.999985814
1770114752.491711 0.011739816 0.002268802 0.003174926 0.002832145 -0.001255375 -0.002579759 0.999991953
1770114752.625072 0.021864070 0.003079879 0.010315309 0.003497318 -0.001624751 -0.002102943 0.999990404
1770114752.658401 0.024669152 0.006675786 0.018896576 0.003698371 -0.000879682 -0.002718879 0.999989092
1770114752.691731 0.023407161 0.003198434 0.016099596 0.003055336 -0.000829985 -0.002795935 0.999991119
1770114752.725060 0.022411373 0.002023145 0.016034476 0.002825594 -0.000561470 -0.003475967 0.999989808
1770114752.758406 0.021662222 -0.000721939 0.012664320 0.002635908 -0.000623073 -0.002866149 0.999992251
1770114752.791731 0.023244968 -0.001072943 0.013100136 0.002465165 -0.000692474 -0.003351839 0.999991179
1770114752.925052 0.030290008 -0.000909702 0.015320337 0.004055083 -0.000652562 -0.002704085 0.999987900
1770114753.025088 0.031775158 -0.000281638 0.016228897 0.004622230 0.000147528 -0.002492585 0.999986231
1770114753.058389 0.040454671 0.005004492 0.022060502 0.006788375 -0.000601986 -0.002049536 0.999974668
1770114753.091714 0.039964061 0.005554930 0.026512789 0.006822552 -0.000055123 -0.002581624 0.999973416
1770114753.125044 0.037775032 0.006171803 0.025318170 0.007067110 0.000418576 -0.002972699 0.999970555
1770114753.225044 0.045524109 0.010832552 0.036152478 0.007873789 0.001454646 -0.003206496 0.999962866
1770114753.258380 0.048780035 0.011902311 0.037420657 0.008026957 0.001361557 -0.003908101 0.999959230
1770114753.291720 0.042772569 -0.009617491 0.007715760 0.006472843 0.000622976 -0.000393749 0.999978781
1770114753.325062 0.043742687 -0.007783886 0.008585104 0.006975222 0.000732439 -0.000425001 0.999975324
1770114753.358407 0.043377336 -0.005743156 0.011363161 0.007170713 0.001432973 -0.001433823 0.999972284
1770114753.391722 0.045934029 -0.004588115 0.010335144 0.007729327 0.001667005 -0.001270389 0.999967933
1770114753.491714 0.029312067 -0.006081550 -0.003362683 0.007190127 0.004120504 -0.003744428 0.999958634
1770114753.525044 0.027587499 -0.007077258 -0.004053167 0.006977719 0.004660618 -0.004357569 0.999955356
1770114753.558379 0.025232881 -0.006143721 -0.003109140 0.007207983 0.005463326 -0.004488944 0.999949038
1770114753.591713 0.027853876 -0.005931618 -0.005438812 0.007480702 0.005581222 -0.004361128 0.999946952
1770114753.625050 0.029921439 -0.007863197 -0.003705532 0.007193103 0.006268298 -0.005058856 0.999941707
1770114753.658387 0.030147318 -0.006044264 -0.001749842 0.007581238 0.006577115 -0.005106974 0.999936581
1770114753.758407 0.034268003 -0.004329674 0.001142513 0.007762219 0.007948057 -0.006311899 0.999918401
1770114753.791715 0.034662444 -0.008231173 -0.002505629 0.007498986 0.007846521 -0.005642392 0.999925196
1770114753.858397 0.038270589 -0.004670815 0.006245378 0.008896451 0.008861278 -0.005507842 0.999906063
1770114753.891728 0.051135860 -0.021632614 -0.010594121 0.008797089 0.007704822 -0.002757232 0.999927819
1770114753.925066 0.050454032 -0.021810424 -0.010676592 0.008546558 0.008478522 -0.003337577 0.999921978
1770114753.958376 0.051614482 -0.022329038 -0.009240419 0.008460651 0.008957892 -0.003238902 0.999918878
1770114754.058375 0.057737537 -0.021143775 -0.009607743 0.009295692 0.009934120 -0.003572583 0.999901056
1770114754.091725 0.060731523 -0.018867042 -0.006845187 0.009831747 0.010603795 -0.004104428 0.999887049
1770114754.125045 0.058302242 -0.022227494 -0.010559617 0.009151476 0.011427109 -0.004578148 0.999882340
1770114754.158382 0.059800632 -0.022700012 -0.011787152 0.009191468 0.011780256 -0.004539755 0.999878109
1770114754.191710 0.064225055 -0.018448770 -0.006339805 0.010092744 0.011986641 -0.004234847 0.999868333
1770114754.225047 0.065232478 -0.019711884 -0.008375938 0.009655380 0.011917144 -0.004731172 0.999871194
1770114754.325065 0.073893078 -0.030848246 -0.015503275 0.010113575 0.012178238 -0.001221578 0.999873996
1770114754.391718 0.074170046 -0.029383171 -0.015197873 0.010528416 0.013549818 -0.001898401 0.999851048
1770114754.425046 0.073648214 -0.030429171 -0.015770741 0.010140759 0.014451375 -0.002437903 0.999841273
1770114754.458380 0.078495696 -0.028721472 -0.016836550 0.010638922 0.014160873 -0.002273270 0.999840617
1770114754.491734 0.078396209 -0.030538272 -0.018560601 0.010428945 0.014729358 -0.002334125 0.999834418
1770114754.525054 0.080690749 -0.027437169 -0.013541491 0.010965814 0.015562279 -0.002396495 0.999815881
1770114754.625050 0.089963123 -0.024864830 -0.008541722 0.011506005 0.016760213 -0.002123917 0.999791145
1770114754.691719 0.101510324 -0.023473587 -0.013930779 0.011824104 0.017769650 -0.001069007 0.999771595
1770114754.725055 0.103277378 -0.023836121 -0.011669732 0.011721818 0.018383855 -0.001224945 0.999761581
1770114754.758395 0.105916969 -0.023160061 -0.012969395 0.011848816 0.018589268 -0.001563120 0.999755800
1770114754.791720 0.109068654 -0.022248693 -0.011239264 0.011697238 0.018958567 -0.001475322 0.999750793
1770114754.825051 0.108804122 -0.021695551 -0.009794858 0.011439772 0.020123323 -0.001825504 0.999730408
1770114754.891724 0.112803511 -0.019132687 -0.008901556 0.011624841 0.021018894 -0.001777022 0.999709964
1770114755.025044 0.122839041 -0.017384384 -0.006893579 0.010503506 0.022698279 -0.002154182 0.999684870
1770114755.058381 0.124166802 -0.013468091 -0.004708101 0.010961610 0.023674928 -0.001925072 0.999657750
1770114755.091720 0.122071318 -0.013903177 -0.002935724 0.010319065 0.025052607 -0.002224874 0.999630392
1770114755.125042 0.125102073 -0.011003405 -0.000721133 0.010872795 0.024879985 -0.001925600 0.999629498
1770114755.158380 0.125404283 -0.013227772 0.000907092 0.009926918 0.026247971 -0.002424263 0.999603212
1770114755.225044 0.135070562 -0.008926686 0.001446016 0.011146093 0.026660016 -0.002193105 0.999580026
1770114755.358375 0.149256140 -0.006524602 -0.030858383 0.011573857 0.027857464 -0.000142534 0.999544919
1770114755.391709 0.149662063 -0.006614764 -0.030137606 0.011384107 0.028868772 -0.000361496 0.999518335
1770114755.425043 0.153944179 -0.003433703 -0.029051237 0.011660533 0.029232850 -0.000306644 0.999504626
1770114755.458374 0.152628750 -0.004403261 -0.028073786 0.010940764 0.030430030 -0.000605018 0.999476850
1770114755.491711 0.154743165 -0.001210436 -0.029165793 0.010927293 0.030743651 -0.001201261 0.999466896
1770114755.525044 0.154001191 -0.001402610 -0.030154506 0.010360257 0.031896088 -0.001773431 0.999436021
1770114755.625041 0.161989897 0.004108256 -0.024495691 0.009992534 0.033620585 -0.002099287 0.999382555
1770114755.658389 0.165214613 0.008125041 -0.022529976 0.010386697 0.034358803 -0.002404006 0.999352694
1770114755.691723 0.185058951 0.019499419 -0.017774969 0.011630137 0.033193972 -0.000023381 0.999381304
1770114755.725048 0.188069671 0.022644101 -0.015765537 0.011429473 0.033678152 -0.000486730 0.999367297
1770114755.758465 0.190283135 0.023012787 -0.014813512 0.010741781 0.034794834 -0.000778438 0.999336481
1770114755.791706 0.197263598 0.027740832 -0.011210391 0.011306867 0.034701336 -0.000237883 0.999333739
1770114755.858374 0.201001033 0.033775683 -0.008432955 0.011346549 0.036168966 -0.001467604 0.999280214
1770114755.958395 0.220262438 0.036604285 -0.014515019 0.010764529 0.036719415 0.000467749 0.999267578
1770114755.991725 0.222048402 0.038671806 -0.013592598 0.010722565 0.037680481 0.000346973 0.999232233
1770114756.025053 0.226068392 0.040522017 -0.010825853 0.010509556 0.038269188 0.000066996 0.999212205
1770114756.058373 0.226596475 0.044949178 -0.009810451 0.010345339 0.039427973 -0.000676276 0.999168634
1770114756.091708 0.228621498 0.047712214 -0.009535917 0.010057537 0.039841890 -0.000774188 0.999155104
1770114756.125042 0.233298227 0.054183885 -0.008145006 0.010495078 0.040168811 -0.000971081 0.999137402
1770114756.258374 0.257616520 0.058695111 -0.003434735 0.007937662 0.040082432 0.001299439 0.999164045
1770114756.291713 0.260707051 0.063017689 -0.003081917 0.007910035 0.040448803 0.000830936 0.999150038
1770114756.325044 0.261876881 0.063602157 -0.001246397 0.006623549 0.041370396 0.000441440 0.999121904
1770114756.358374 0.264093459 0.069517560 0.002408452 0.006497796 0.042305879 -0.000368168 0.999083519
1770114756.391730 0.267099738 0.073026136 0.003350535 0.006515451 0.042694382 -0.000746919 0.999066651
1770114756.425028 0.271736711 0.081773989 -0.005479581 0.007905213 0.043193009 -0.000021846 0.999035478
1770114756.591712 0.289898634 0.101519160 -0.008086736 0.005880167 0.044465911 -0.000121346 0.998993635
1770114756.625048 0.293795228 0.106673710 -0.008194360 0.006012595 0.044650204 0.000072722 0.998984635
1770114756.658376 0.295548767 0.110317133 -0.007859783 0.005373724 0.044986364 -0.000300226 0.998973131
1770114756.691698 0.295079529 0.112743042 -0.007381832 0.004655747 0.045642804 -0.001364819 0.998946071
1770114756.725045 0.308522850 0.119749196 -0.004838596 0.005290856 0.044670720 0.000363978 0.998987734
1770114756.825023 0.314491123 0.131938145 -0.002130770 0.004304241 0.046109363 -0.000887169 0.998926759
1770114756.858367 0.318230689 0.137435019 -0.005205021 0.004330126 0.045838054 -0.000350792 0.998939455
1770114756.891701 0.327100039 0.142762452 0.004349629 0.003533951 0.045014344 0.001241916 0.998979330
1770114756.925028 0.327177554 0.145685270 0.003066700 0.002994428 0.045737263 0.001126517 0.998948395
1770114756.958368 0.331112027 0.149825543 0.003990107 0.002561086 0.045817040 0.000799135 0.998946309
1770114756.991735 0.332667232 0.155296087 0.002924539 0.002579766 0.046145819 0.000913154 0.998930991
1770114757.158360 0.347953260 0.178712368 0.003658714 0.000777751 0.046323303 -0.002030287 0.998924196
1770114757.191695 0.350185782 0.183656722 0.004187363 0.000682875 0.046276063 -0.002230667 0.998926044
1770114757.225032 0.350800693 0.186561599 0.003671258 0.000122685 0.046816651 -0.002658463 0.998900056
1770114757.258370 0.351877689 0.190003291 0.003041782 -0.000666509 0.047296401 -0.002958343 0.998876333
1770114757.291693 0.353922248 0.193401709 0.001571747 -0.000894877 0.047159839 -0.003039934 0.998882413
1770114757.325030 0.357297271 0.199211374 0.003555849 -0.000957788 0.046969227 -0.003358191 0.998890221
1770114757.425027 0.366890520 0.211391941 0.005124216 -0.000777214 0.046459071 0.000258957 0.998919845
1770114757.491691 0.369408220 0.219638035 0.004654657 -0.001328335 0.046601281 -0.000092865 0.998912752
1770114757.525024 0.369809955 0.224724516 0.004440732 -0.001033511 0.046846543 -0.000595400 0.998901427
1770114757.625032 0.374332756 0.249495119 0.004907534 -0.000352773 0.047541302 -0.002825235 0.998865247
1770114757.725031 0.375880212 0.259169459 0.004923087 -0.001434797 0.048079137 -0.003942410 0.998834789
1770114757.791699 0.376749218 0.263773978 0.004834321 -0.002507262 0.048314262 -0.004405030 0.998819351
1770114757.825042 0.377564490 0.264335245 -0.002996901 -0.002188538 0.046614733 -0.003106899 0.998905718
1770114757.858383 0.378169090 0.265610397 -0.003825679 -0.002792245 0.046557873 -0.003352369 0.998906076
1770114757.891710 0.378000498 0.268948942 -0.003757004 -0.003070822 0.046781354 -0.003525298 0.998894215
1770114757.925045 0.378680527 0.273811251 -0.003879508 -0.002983590 0.046935808 -0.003661859 0.998886764
1770114757.991704 0.379016131 0.280615479 -0.004678722 -0.003198501 0.046914287 -0.004048225 0.998885572
1770114758.025038 0.382212967 0.278162181 -0.007674393 -0.004450978 0.045876604 -0.003262007 0.998931885
1770114758.058365 0.382388502 0.279474199 -0.007528111 -0.004947994 0.045660272 -0.003233162 0.998939574
1770114758.125032 0.381057262 0.285309494 -0.010555847 -0.004762738 0.045368399 -0.003516749 0.998952806
1770114758.158374 0.379577130 0.289273918 -0.013092389 -0.004700127 0.045568563 -0.003916870 0.998942494
1770114758.191715 0.370038062 0.288751215 -0.012729061 -0.006315358 0.047166903 -0.005348881 0.998852730
1770114758.291706 0.366473496 0.293703824 -0.016088761 -0.006854878 0.047206789 -0.005676226 0.998845518
1770114758.325026 0.365491450 0.295574129 -0.017017119 -0.006782402 0.047093134 -0.005428228 0.998852789
1770114758.358373 0.367703885 0.300783515 -0.014369200 -0.006039239 0.046434823 -0.005527212 0.998887777
1770114758.425025 0.368260294 0.304705799 -0.015198388 -0.005573306 0.045402996 -0.005449162 0.998938382
1770114758.458356 0.363447726 0.305046111 -0.017338870 -0.005807158 0.045774192 -0.005459652 0.998920083
1770114758.491710 0.359095722 0.305343121 -0.016006270 -0.005226758 0.045638975 -0.005881799 0.998926997
1770114758.591691 0.353390932 0.305135638 -0.018472027 -0.004644032 0.043332286 -0.005541184 0.999034584
1770114758.625032 0.352051795 0.303960562 -0.019163748 -0.004543061 0.042577740 -0.005334415 0.999068618
1770114758.658362 0.363140345 0.316206098 -0.017037543 -0.002942270 0.041039083 -0.004697309 0.999142230
1770114758.691694 0.362714916 0.315780252 -0.016549492 -0.003391584 0.041025251 -0.004568728 0.999141991
1770114758.758414 0.356740832 0.315859437 -0.017526412 -0.003453135 0.042175781 -0.004866942 0.999092400
1770114758.791702 0.356283039 0.314436257 -0.018307336 -0.003485008 0.042047583 -0.004699897 0.999098480
1770114758.925040 0.346356869 0.308532685 -0.020621194 -0.003505888 0.041846048 -0.004984768 0.999105513
1770114758.958364 0.342178136 0.307513148 -0.019098246 -0.003546187 0.041972302 -0.005234061 0.999098837
1770114758.991702 0.339216352 0.304866254 -0.021483731 -0.003348895 0.042153224 -0.005202628 0.999092042
1770114759.025032 0.343469322 0.303031802 -0.019257069 -0.003080022 0.041037884 -0.003433873 0.999146938
1770114759.058362 0.342780828 0.302712768 -0.017372422 -0.002634560 0.040657584 -0.003082989 0.999164939
1770114759.091700 0.340728849 0.302041382 -0.015607961 -0.001847221 0.040237904 -0.002923659 0.999184191
1770114759.191776 0.327355444 0.288124353 -0.019884167 -0.002506520 0.040312905 -0.003102034 0.999179184
1770114759.225029 0.322404265 0.284242421 -0.018414058 -0.002189104 0.040249072 -0.002984258 0.999182880
1770114759.258358 0.321744114 0.285632342 -0.013527845 -0.001932677 0.039442498 -0.003097952 0.999215186
1770114759.291695 0.320469677 0.283776313 -0.012646972 -0.001227178 0.038727954 -0.002845519 0.999245048
1770114759.325028 0.320224434 0.281523049 -0.014366094 -0.000433607 0.037809532 -0.001929915 0.999283075
1770114759.358358 0.314679861 0.273009330 -0.016603144 -0.001170880 0.037891801 -0.002181232 0.999278843
1770114759.425032 0.304157674 0.262913257 -0.019652458 -0.000580646 0.037990738 -0.001603004 0.999276698
1770114759.491704 0.281180352 0.245123118 -0.011519144 -0.000771982 0.039213803 -0.002332964 0.999227822
1770114759.525038 0.280440956 0.243735373 -0.009763594 0.000576422 0.038298417 -0.001738912 0.999264717
1770114759.558368 0.276326656 0.237846568 -0.013218276 0.000906707 0.037965607 -0.000871001 0.999278307
1770114759.591692 0.273293853 0.232457593 -0.011461631 0.001438383 0.037833922 -0.000435799 0.999282956
1770114759.658361 0.256522566 0.209739700 -0.043171030 0.000901455 0.037551414 -0.001277666 0.999293506
1770114759.691693 0.252973109 0.204389110 -0.044936370 0.001551159 0.036833923 -0.000709260 0.999319971
1770114759.825046 0.219444066 0.171276495 -0.038561538 0.004153001 0.037568256 0.002188912 0.999283016
1770114759.858387 0.216225341 0.167820305 -0.037089165 0.005343182 0.037346251 0.002344880 0.999285400
1770114759.891716 0.210073203 0.159939051 -0.039834563 0.005676046 0.037063941 0.002600197 0.999293447
1770114759.925030 0.206445545 0.153721303 -0.044580139 0.006744544 0.036406826 0.003345783 0.999308705
1770114759.991687 0.208355263 0.153758317 -0.029867087 0.009839525 0.034653779 0.000455285 0.999350846
1770114760.025039 0.204386190 0.149114683 -0.030950245 0.010962453 0.034387425 0.000401315 0.999348402
1770114760.125023 0.194473416 0.142922193 -0.022942297 0.015427860 0.032640349 -0.001530809 0.999346912
1770114760.158359 0.191525877 0.140224114 -0.022772223 0.017729975 0.032022290 -0.001928555 0.999328077
1770114760.191691 0.186700925 0.132157698 -0.025199756 0.019350259 0.031326700 -0.002144008 0.999319613
1770114760.225093 0.176415250 0.124722712 -0.025546707 0.021439891 0.031376123 -0.002324878 0.999274969
1770114760.291688 0.155636102 0.103849344 -0.032365113 0.025575701 0.030207789 -0.003990747 0.999208450
1770114760.325031 0.151200518 0.099448390 -0.035256013 0.028407525 0.028810155 -0.004001944 0.999173224
1770114760.425028 0.142227545 0.080987960 -0.045007445 0.036711346 0.023972524 -0.003446777 0.999032438
1770114760.458359 0.138975352 0.078480758 -0.035452768 0.040278941 0.022306575 -0.005428276 0.998924732
1770114760.525033 0.131522357 0.066645816 -0.043556891 0.045884460 0.018718351 -0.005622009 0.998755574
1770114760.591711 0.117398761 0.046325885 -0.037263088 0.052213505 0.017146517 -0.006131866 0.998469889
1770114760.625030 0.119480088 0.039257608 -0.038022339 0.056011613 0.014504032 -0.005452651 0.998309970
1770114760.725024 0.093456842 0.017415961 -0.072407193 0.064099573 0.005401700 -0.009062869 0.997887731
1770114760.758355 0.090583786 0.014824703 -0.074733302 0.067391649 0.001639476 -0.008621230 0.997688055
1770114760.791693 0.092767477 0.007538452 -0.078206837 0.070066750 -0.003172624 -0.008204088 0.997503519
1770114760.825023 0.085551463 -0.001339365 -0.084541872 0.072249055 -0.006790942 -0.008242492 0.997329414
1770114760.858365 0.082852103 -0.018056130 -0.088533767 0.073988952 -0.011460549 -0.007625022 0.997164071
1770114760.891694 0.071321152 -0.034431718 -0.084287666 0.075518981 -0.015104446 -0.008539373 0.996993363
1770114761.025037 0.022626625 -0.082826592 -0.083149053 0.083192296 -0.030128278 -0.007129023 0.996052504
1770114761.058374 0.022283750 -0.091485284 -0.089173920 0.085188143 -0.035214998 -0.004745955 0.995731115
1770114761.091701 0.015967278 -0.105708905 -0.089950599 0.085034870 -0.039289217 -0.004513008 0.995592833
1770114761.125018 0.002959324 -0.122186333 -0.089281864 0.085006088 -0.042461567 -0.005261336 0.995461345
1770114761.158370 -0.007149556 -0.138789192 -0.089189596 0.084542505 -0.045480318 -0.004432851 0.995371580
1770114761.191691 -0.016117679 -0.153880969 -0.086156592 0.083824717 -0.048077278 -0.002551168 0.995316803
1770114761.325029 -0.060317814 -0.199754402 -0.067489818 0.079179488 -0.048477180 0.001698758 0.995679557
1770114761.358361 -0.062667862 -0.208851099 -0.066223711 0.077567957 -0.047394864 0.003902905 0.995852292
1770114761.391700 -0.068981186 -0.209559694 -0.062664263 0.073632404 -0.044103425 0.004579425 0.996299267
1770114761.425028 -0.073366299 -0.211709514 -0.058355082 0.060775567 -0.040982708 0.003812586 0.997302532
1770114761.458356 -0.064640597 -0.226499870 -0.058162421 0.047151949 -0.040306408 0.003699961 0.998067319
1770114761.491695 -0.072945923 -0.230537832 -0.056491341 0.035169031 -0.037610285 0.003822342 0.998666108
1770114761.591692 -0.094882123 -0.244351596 -0.047138683 0.009979353 -0.031142769 0.005683031 0.999449015
1770114761.625029 -0.103322625 -0.249660835 -0.043770310 0.003568020 -0.029252896 0.004288532 0.999556541
1770114761.658355 -0.107106216 -0.256301641 -0.040237777 -0.002341089 -0.028187960 0.003365213 0.999594271
1770114761.691691 -0.125940382 -0.246510565 -0.046933651 -0.007036912 -0.025781455 0.004801626 0.999631286
1770114761.758356 -0.146916091 -0.261241168 -0.038637828 -0.017639695 -0.022022238 0.003784460 0.999594688
1770114761.791696 -0.153979465 -0.270417184 -0.037747700 -0.021848854 -0.020669559 0.004452855 0.999537647
1770114761.891694 -0.185569540 -0.282780021 -0.031696785 -0.030399226 -0.016972937 0.002700216 0.999390125
1770114761.925025 -0.191565618 -0.288147807 -0.032381438 -0.031932518 -0.016289622 0.002739391 0.999353588
1770114761.958354 -0.198099807 -0.295142144 -0.031316631 -0.033673946 -0.015443436 0.002365688 0.999310791
1770114761.991696 -0.207103819 -0.304303795 -0.031097772 -0.034778785 -0.014094924 0.003312667 0.999290168
1770114762.025023 -0.215219259 -0.314956963 -0.032959267 -0.035736628 -0.013338468 0.002929168 0.999267995
1770114762.058366 -0.205800325 -0.341014713 -0.029041523 -0.037209805 -0.013721590 0.002413658 0.999210358
1770114762.191711 -0.240812585 -0.380593121 -0.026979683 -0.035494007 -0.009508142 0.001891438 0.999322891
1770114762.225030 -0.245350406 -0.393410653 -0.025523722 -0.033932235 -0.009209351 0.002757943 0.999377966
1770114762.258363 -0.247853369 -0.402106971 -0.034035895 -0.030520542 -0.009938437 0.001764430 0.999483228
1770114762.291688 -0.251189888 -0.408716738 -0.034910802 -0.027286449 -0.009504846 0.003267771 0.999577105
1770114762.325021 -0.258082569 -0.419986278 -0.034946274 -0.024978561 -0.008926700 0.003600729 0.999641716
1770114762.358355 -0.265689492 -0.434094757 -0.039552432 -0.022835003 -0.007816078 0.004485826 0.999698639
1770114762.491700 -0.293687791 -0.479176939 -0.050543476 -0.012046052 -0.005365085 0.002066800 0.999910951
1770114762.525030 -0.296539158 -0.486750931 -0.049955837 -0.009426151 -0.005157487 0.003252557 0.999937057
1770114762.558392 -0.300985754 -0.492549121 -0.053588048 -0.007023908 -0.004611227 0.004106965 0.999956250
1770114762.591688 -0.305190384 -0.502930522 -0.055615161 -0.005048238 -0.004633676 0.003901224 0.999969006
1770114762.625021 -0.314744800 -0.512265563 -0.054245420 -0.002813126 -0.003806944 0.002671863 0.999985218
1770114762.658360 -0.309729367 -0.528416812 -0.071382672 -0.001774082 -0.004467414 0.004621238 0.999977827
1770114762.825023 -0.343984663 -0.557301044 -0.075572282 0.007082304 -0.002592587 0.006380324 0.999951184
1770114762.858358 -0.346008152 -0.562590361 -0.077263460 0.008587180 -0.002770358 0.006491358 0.999938250
1770114762.891687 -0.351876557 -0.567682207 -0.078434594 0.009921769 -0.002063597 0.006592565 0.999926925
1770114762.925021 -0.357126296 -0.575594246 -0.083927639 0.010962319 -0.002374133 0.006763376 0.999914289
1770114762.958354 -0.366070002 -0.580273211 -0.082534760 0.012427174 -0.001951773 0.006670557 0.999898672
1770114763.125034 -0.392952412 -0.594405711 -0.092244029 0.018183153 -0.001596750 0.007245320 0.999807179
1770114763.158368 -0.399562746 -0.607759953 -0.106653675 0.018045552 -0.001534979 0.008139384 0.999802887
1770114763.191692 -0.395587415 -0.612694085 -0.106871203 0.018250551 -0.001876131 0.008092036 0.999799013
1770114763.225031 -0.400077134 -0.592004776 -0.096359976 0.020436242 -0.002071452 0.007076521 0.999763966
1770114763.258393 -0.409121543 -0.604403794 -0.097537652 0.019717917 -0.001148642 0.007727494 0.999775052
1770114763.291705 -0.409321904 -0.602825701 -0.097621821 0.019909393 -0.001295703 0.007673592 0.999771535
1770114763.425030 -0.452928245 -0.597921610 -0.106391884 0.022520578 0.000057259 0.007519390 0.999718130
1770114763.458364 -0.464560032 -0.595866919 -0.097792231 0.023329180 0.000854082 0.006109103 0.999708831
1770114763.491717 -0.468105584 -0.598685443 -0.102748178 0.024063028 0.000671512 0.006681159 0.999687910
1770114763.525033 -0.459737450 -0.596479475 -0.104367919 0.025274014 -0.000690410 0.007668620 0.999650896
1770114763.558402 -0.453555644 -0.591797173 -0.097749665 0.026421068 -0.001450155 0.006866797 0.999626279
1770114763.591691 -0.475117356 -0.602894604 -0.104347207 0.025724968 -0.000488590 0.007256497 0.999642670
1770114763.691714 -0.472084403 -0.602675915 -0.117179416 0.026674161 -0.002034833 0.007896594 0.999610960
1770114763.725060 -0.480560839 -0.597776592 -0.106469743 0.027156664 -0.001634620 0.007608311 0.999600887
1770114763.758378 -0.473574996 -0.600653708 -0.114395477 0.027381105 -0.002762275 0.007956868 0.999589622
1770114763.791734 -0.479522169 -0.604523718 -0.129177660 0.027210131 -0.003143863 0.007887628 0.999593675
1770114763.825086 -0.466880471 -0.602301419 -0.113078907 0.027479429 -0.003965599 0.006828683 0.999591172
1770114763.858432 -0.486897916 -0.602643549 -0.129789636 0.027193414 -0.003074319 0.007609406 0.999596536
1770114763.958353 -0.519973218 -0.574868023 -0.102727294 0.028876577 -0.002135484 0.006462581 0.999559820
1770114763.991695 -0.517293513 -0.572367907 -0.108551055 0.029138530 -0.003634028 0.006724741 0.999546230
1770114764.025034 -0.520219564 -0.569089890 -0.108804062 0.029378945 -0.003859325 0.006854402 0.999537408
1770114764.058365 -0.523692191 -0.567622185 -0.108771905 0.029337576 -0.003830631 0.006626919 0.999540329
1770114764.091709 -0.524607182 -0.563602209 -0.111222237 0.029483337 -0.004198568 0.006836697 0.999533057
1770114764.125026 -0.549485981 -0.540067554 -0.086727805 0.030205229 -0.001857099 0.006250388 0.999522507
1770114764.225052 -0.558343291 -0.524040878 -0.088597298 0.030270595 -0.002488864 0.006037798 0.999520421
1770114764.258374 -0.564496219 -0.517144322 -0.086356953 0.029895429 -0.002238446 0.005802954 0.999533713
1770114764.291723 -0.560634255 -0.520980656 -0.091507226 0.029276537 -0.002868786 0.006278010 0.999547601
1770114764.325038 -0.550647974 -0.522843480 -0.081616759 0.028513148 -0.003832734 0.005571701 0.999570549
1770114764.358370 -0.573001087 -0.496249527 -0.088259391 0.029820183 -0.002962959 0.006233298 0.999531507
1770114764.391699 -0.572636187 -0.492417365 -0.087943457 0.029413966 -0.003149803 0.005952646 0.999544680
1770114764.525047 -0.590261936 -0.458727717 -0.086914897 0.028771872 -0.003446340 0.005679147 0.999563932
1770114764.591706 -0.594053626 -0.446981698 -0.090449564 0.028106213 -0.003812135 0.005625613 0.999581873
1770114764.625110 -0.597784817 -0.436619759 -0.090326130 0.027849643 -0.003767482 0.005460135 0.999590158
1770114764.691706 -0.603775620 -0.415724069 -0.084831677 0.027835421 -0.003636336 0.005382276 0.999591410
1770114764.725031 -0.601479292 -0.415383965 -0.095678955 0.026372442 -0.004584883 0.004874123 0.999629855
1770114764.891696 -0.618997753 -0.365697235 -0.098133482 0.025154041 -0.004758127 0.004510981 0.999662161
1770114764.925031 -0.615426719 -0.360267371 -0.098604277 0.024288099 -0.004927983 0.004567783 0.999682426
1770114764.958361 -0.607763052 -0.352363616 -0.096120000 0.023961702 -0.006300171 0.005681655 0.999676883
1770114764.991691 -0.624206901 -0.325666398 -0.100063637 0.024952188 -0.005187858 0.003641899 0.999668539
1770114765.025025 -0.627275646 -0.315253735 -0.099904723 0.024668342 -0.005166247 0.003486579 0.999676287
1770114765.058360 -0.630937755 -0.303606242 -0.101139203 0.024498258 -0.005157043 0.002951918 0.999682248
1770114765.158369 -0.632290959 -0.285593599 -0.090662546 0.021795297 -0.005533067 0.002998727 0.999742687
1770114765.191691 -0.641114712 -0.277957022 -0.102661327 0.021083424 -0.005272299 0.002446400 0.999760866
1770114765.225033 -0.647879481 -0.265304387 -0.104262084 0.020758258 -0.004753235 0.002289455 0.999770641
1770114765.291692 -0.648695648 -0.240889639 -0.097268395 0.020296702 -0.005194723 0.002780758 0.999776661
1770114765.325033 -0.637247205 -0.229682863 -0.089356765 0.019781679 -0.006132356 0.003616645 0.999778986
1770114765.358373 -0.639065623 -0.217669159 -0.090558417 0.019625489 -0.006246441 0.003296295 0.999782503
1770114765.425036 -0.641736686 -0.192620337 -0.092628770 0.018965757 -0.006497905 0.003094027 0.999794245
1770114765.491723 -0.643225968 -0.172139004 -0.090865500 0.017712839 -0.006469127 0.002537589 0.999818981
1770114765.525057 -0.645150065 -0.154643267 -0.086731784 0.018025292 -0.006018240 0.002292147 0.999816775
1770114765.591713 -0.646234870 -0.131475776 -0.088459775 0.016902301 -0.006005999 0.002554668 0.999835849
1770114765.625040 -0.645777106 -0.127736226 -0.068034492 0.015992511 -0.006437742 0.003906407 0.999843776
1770114765.658356 -0.646055579 -0.119228989 -0.067015111 0.015321248 -0.006321431 0.004320401 0.999853373
1770114765.725030 -0.646717250 -0.101078033 -0.066532873 0.014063642 -0.006515040 0.004841356 0.999868214
1770114765.825031 -0.649241865 -0.057413705 -0.066306025 0.013130019 -0.005857807 0.003286823 0.999891222
1770114765.858363 -0.650879741 -0.046335522 -0.069163375 0.012580544 -0.005676812 0.002676957 0.999901235
1770114765.891691 -0.647778273 -0.036626499 -0.063136823 0.012019929 -0.006326254 0.004248419 0.999898732
1770114765.925075 -0.648696184 -0.025364220 -0.066281371 0.011846540 -0.006347187 0.003574520 0.999903321
1770114765.991701 -0.662818134 -0.008274418 -0.045324542 0.010396050 -0.004994672 0.004540613 0.999923229
1770114766.025038 -0.664047837 0.000935444 -0.044468407 0.010085894 -0.004901176 0.005240649 0.999923468
1770114766.058358 -0.668785453 0.014137693 -0.040639173 0.009511596 -0.004484131 -0.003382486 0.999939024
1770114766.125026 -0.649074376 0.030637164 -0.096628428 0.005045415 -0.006078362 -0.029821774 0.999523997
1770114766.158356 -0.655321240 0.049125247 -0.063284665 0.007345328 -0.005630223 -0.036206484 0.999301553
1770114766.191712 -0.653030515 0.059153516 -0.097755156 0.004614761 -0.006374915 -0.050888743 0.998673320
1770114766.258356 -0.656973124 0.084141135 -0.097689182 0.003507378 -0.006599242 -0.071841337 0.997388065
1770114766.291702 -0.660909832 0.097289830 -0.096324377 0.002732381 -0.006831751 -0.081922032 0.996611595
1770114766.325032 -0.660353541 0.107547544 -0.098530784 0.002144074 -0.007254268 -0.091624312 0.995764911
1770114766.358358 -0.663901150 0.119311564 -0.099713355 0.001308030 -0.006312104 -0.102253258 0.994737506
1770114766.425107 -0.668680668 0.134921074 -0.092326224 -0.000459510 -0.004645629 -0.120980360 0.992643952
1770114766.491735 -0.669609010 0.153166577 -0.091876999 -0.002114729 -0.003980249 -0.138909236 0.990294874
1770114766.525053 -0.668018997 0.165555894 -0.094481431 -0.002361495 -0.004162067 -0.147930607 0.988986194
1770114766.558372 -0.669764459 0.174190566 -0.095548481 -0.002984807 -0.003770637 -0.156405389 0.987681270
1770114766.591721 -0.669202030 0.186975896 -0.093300298 -0.003414113 -0.003947215 -0.166043952 0.986104608
1770114766.625056 -0.673013687 0.189158723 -0.107064232 -0.005346577 -0.003222974 -0.175667599 0.984429777
1770114766.691708 -0.677733600 0.207594693 -0.106465168 -0.007390005 -0.002557616 -0.193276882 0.981113136
1770114766.791691 -0.667255878 0.236870900 -0.109537318 -0.008612441 -0.002968484 -0.217921466 0.975923777
1770114766.825025 -0.666603327 0.243572250 -0.106486149 -0.010073848 -0.002477024 -0.225513995 0.974184752
1770114766.891696 -0.666252017 0.262731701 -0.112701029 -0.010260646 -0.002587768 -0.239700496 0.970789254
1770114766.925025 -0.667602360 0.270780057 -0.114536211 -0.011071825 -0.002177194 -0.247325242 0.968866825
1770114766.958363 -0.669519067 0.284421325 -0.111620091 -0.011079983 -0.001774848 -0.255196482 0.966824114
1770114767.025034 -0.673934460 0.317669928 -0.098394826 -0.011528753 -0.000223257 -0.269582421 0.962908268
1770114767.058358 -0.675955355 0.325521588 -0.098272577 -0.012184575 0.000074327 -0.276070297 0.961060286
1770114767.125024 -0.678383529 0.342001736 -0.091863103 -0.013149886 0.000608565 -0.288868904 0.957278192
1770114767.191691 -0.658934832 0.364945054 -0.100922711 -0.012184883 -0.001352844 -0.300211132 0.953794003
1770114767.225026 -0.672686815 0.360437959 -0.098022580 -0.014697714 0.001223954 -0.307061911 0.951575279
1770114767.258394 -0.661211133 0.367060691 -0.096355714 -0.014631875 0.000861000 -0.313284397 0.949546278
1770114767.325020 -0.656748414 0.391048551 -0.108671941 -0.014952924 -0.000494699 -0.321864367 0.946667612
1770114767.358359 -0.678495467 0.398986101 -0.092506185 -0.017106056 0.002918342 -0.331047326 0.943454564
1770114767.425035 -0.674129725 0.408361316 -0.096578121 -0.018106829 0.002748285 -0.340804189 0.939955950
1770114767.491694 -0.654505610 0.428917706 -0.077934653 -0.017221084 0.002817261 -0.349989355 0.936591148
1770114767.558368 -0.655079603 0.434697747 -0.094643168 -0.018285071 0.003316479 -0.356135249 0.934249580
1770114767.625047 -0.644506812 0.444848925 -0.081804641 -0.019902408 0.003129549 -0.366746366 0.930102885
1770114767.658381 -0.631524146 0.452238500 -0.093183562 -0.018848632 0.002105477 -0.367181152 0.929956079
1770114767.691699 -0.639267325 0.452273816 -0.084087521 -0.020427838 0.003574341 -0.373077691 0.927568316
1770114767.791693 -0.618934572 0.468696117 -0.101930521 -0.019947508 0.002754597 -0.380553871 0.924539566
1770114767.825028 -0.616168618 0.474173486 -0.097473271 -0.020293580 0.003192138 -0.383965045 0.923119128
1770114767.858357 -0.612355947 0.472741663 -0.095208675 -0.021086331 0.004310456 -0.385544062 0.922438383
1770114767.891691 -0.609587491 0.478030920 -0.101242952 -0.020948479 0.004452755 -0.388214022 0.921320379
1770114767.958369 -0.599227846 0.477879435 -0.103487670 -0.021194994 0.006538063 -0.391668379 0.919839144
1770114767.991714 -0.596015096 0.479232192 -0.102051646 -0.022130234 0.007070441 -0.393606871 0.918985307
1770114768.091698 -0.577643692 0.491856426 -0.120182894 -0.022004165 0.005978617 -0.396470100 0.917764425
1770114768.125032 -0.580273747 0.484421879 -0.104314581 -0.023067622 0.006266164 -0.398618281 0.916805387
1770114768.158384 -0.574932337 0.481496274 -0.104993626 -0.023498470 0.005829393 -0.398585230 0.916811705
1770114768.191714 -0.563924730 0.500337601 -0.122877479 -0.021844355 0.005998619 -0.399718821 0.916357934
1770114768.258364 -0.552490830 0.503646374 -0.122527152 -0.021653727 0.006389528 -0.400181860 0.916157663
1770114768.291723 -0.544672489 0.498126686 -0.120522462 -0.021894218 0.006080108 -0.399029642 0.916656494
1770114768.391724 -0.526400864 0.495891124 -0.121430285 -0.022625685 0.006725315 -0.398923099 0.916680634
1770114768.425057 -0.515851736 0.494902730 -0.120325163 -0.021819424 0.005704597 -0.397169471 0.917468131
1770114768.458382 -0.520019948 0.493042678 -0.118414439 -0.022618102 0.007605772 -0.397653580 0.917225301
1770114768.491719 -0.502569675 0.486090660 -0.131874382 -0.021829991 0.005594694 -0.394594908 0.918578863
1770114768.558382 -0.505979776 0.489047855 -0.119006149 -0.023060989 0.009481926 -0.395995378 0.917913973
1770114768.591714 -0.495522946 0.485432804 -0.116277739 -0.022378447 0.008658248 -0.393450737 0.919032514
1770114768.691754 -0.477995813 0.474498004 -0.119365029 -0.022594307 0.009461511 -0.389177263 0.920837164
1770114768.725038 -0.476971567 0.466160178 -0.100123711 -0.023458160 0.011241448 -0.388592005 0.921042681
1770114768.758386 -0.452748239 0.467523843 -0.116303079 -0.021293297 0.008264353 -0.382925183 0.923497021
1770114768.791712 -0.448952973 0.461358190 -0.122182116 -0.021597385 0.008935293 -0.381084889 0.924244642
1770114768.858386 -0.451359212 0.447896451 -0.100120969 -0.023409488 0.012895217 -0.379327476 0.924876451
1770114768.891711 -0.436353415 0.443155229 -0.100116111 -0.022170601 0.012569543 -0.375286430 0.926558495
1770114768.991723 -0.426011354 0.426571518 -0.100138851 -0.022313725 0.014867801 -0.367965996 0.929452598
1770114769.025027 -0.416675746 0.419083595 -0.098494492 -0.022326453 0.014978069 -0.365373135 0.930472851
1770114769.058361 -0.405148268 0.417013168 -0.094729386 -0.021133536 0.014599413 -0.361117750 0.932166398
1770114769.091687 -0.401751518 0.410018653 -0.100881793 -0.020664133 0.015635863 -0.357021093 0.933736801
1770114769.158357 -0.392947406 0.394091547 -0.103203654 -0.020941310 0.017182842 -0.350122035 0.936312377
1770114769.191700 -0.374792755 0.392469496 -0.089671373 -0.019107429 0.016295681 -0.343564391 0.938793302
1770114769.291706 -0.363417804 0.364160895 -0.097949795 -0.019666588 0.019658523 -0.329744995 0.943660438
1770114769.325042 -0.355410606 0.357981741 -0.090107329 -0.018969662 0.020502057 -0.323968202 0.945655584
1770114769.358378 -0.338092655 0.340758204 -0.092983462 -0.019244164 0.018383937 -0.313034683 0.949368775
1770114769.391702 -0.321952224 0.341901809 -0.076319568 -0.017137608 0.019515831 -0.309863925 0.950426161
1770114769.425031 -0.322849035 0.329861253 -0.090413414 -0.017927911 0.021375116 -0.303200036 0.952518523
1770114769.458363 -0.302307457 0.328177720 -0.075425006 -0.014745656 0.020218190 -0.293714166 0.955565751
1770114769.558364 -0.274049431 0.294147372 -0.088778757 -0.012358741 0.021024372 -0.268372566 0.963006437
1770114769.591704 -0.263999999 0.285630822 -0.086631380 -0.011144161 0.021161133 -0.258078009 0.965828001
1770114769.625024 -0.252903372 0.269814014 -0.079485960 -0.011189967 0.021519199 -0.246004164 0.968965292
1770114769.658355 -0.242169753 0.270322382 -0.079307370 -0.008002511 0.021857545 -0.233877882 0.971987367
1770114769.691700 -0.233964145 0.253218621 -0.076287463 -0.008141955 0.022330096 -0.224738389 0.974129200
1770114769.725026 -0.232719496 0.239064246 -0.077700682 -0.009109179 0.023677370 -0.215732262 0.976122975
1770114769.825024 -0.190485001 0.200778410 -0.092270747 -0.005854258 0.022794615 -0.185638726 0.982336223
1770114769.858374 -0.178822279 0.197785676 -0.086350881 -0.003528597 0.022700138 -0.177385837 0.983873308
1770114769.891696 -0.167700484 0.189545736 -0.085761510 -0.002035699 0.022944810 -0.168078035 0.985504568
1770114769.925032 -0.162024096 0.180502802 -0.079855926 -0.000819288 0.024683777 -0.163062155 0.986306667
1770114769.991696 -0.148861572 0.162850678 -0.069275759 0.003769295 0.026978020 -0.154428616 0.987628341
1770114770.025021 -0.140062913 0.151070744 -0.080870517 0.006279112 0.027460560 -0.150898248 0.988147914
1770114770.125021 -0.113674037 0.129093468 -0.056225725 0.017829733 0.031794522 -0.148321599 0.988267124
1770114770.158355 -0.103435285 0.123811424 -0.050418023 0.022433197 0.033518046 -0.148166791 0.988139629
1770114770.191705 -0.100667216 0.110233143 -0.058151104 0.025344184 0.035942193 -0.146442175 0.988241136
1770114770.225028 -0.084941581 0.100697219 -0.052739646 0.029871512 0.037562545 -0.146549121 0.988038599
1770114770.258390 -0.085037485 0.092831530 -0.055264648 0.034629777 0.041279268 -0.146108106 0.987800181
1770114770.291688 -0.069085136 0.086503685 -0.048735816 0.038499903 0.043162972 -0.146338150 0.987542331
1770114770.391694 -0.041512933 0.055798184 -0.063759632 0.049345113 0.052988146 -0.143758744 0.986960351
1770114770.458363 -0.037763797 0.045364670 -0.036543228 0.058339544 0.060493089 -0.143300250 0.986104608
1770114770.491693 -0.023693439 0.031836677 -0.060564030 0.061690759 0.062804013 -0.142921910 0.985810995
1770114770.525055 -0.025041550 0.003484987 -0.065109931 0.063041799 0.067942135 -0.142478675 0.985448837
1770114770.558359 -0.017649578 0.000580877 -0.064728327 0.067091547 0.072189569 -0.141877294 0.984966159
1770114770.591699 -0.013600077 -0.008984477 -0.061599709 0.069056816 0.077642396 -0.141234562 0.984507859
1770114770.691714 0.022869756 -0.035238203 -0.044494841 0.075274654 0.093134835 -0.140386283 0.982828259
1770114770.758369 0.035619505 -0.051441595 -0.044365283 0.078237221 0.104857109 -0.140349180 0.981420457
1770114770.791689 0.046769910 -0.070296399 -0.044039864 0.077882908 0.109844282 -0.140012667 0.980951071
1770114770.825032 0.053994432 -0.076320179 -0.034189701 0.077996157 0.115537554 -0.139011398 0.980430305
1770114770.858359 0.072873943 -0.096362330 -0.037039105 0.077736072 0.119306266 -0.138378784 0.980089068
1770114770.891697 0.089696579 -0.104526706 -0.030323232 0.078040533 0.123405963 -0.136430651 0.979830325
1770114770.991689 0.110904716 -0.133733168 -0.017241703 0.075171679 0.136908770 -0.138949335 0.977905154
1770114771.025024 0.118476652 -0.147330731 -0.013336661 0.072958961 0.140171260 -0.140077874 0.977449358
1770114771.091692 0.135048226 -0.156802073 -0.027835868 0.069748990 0.142724559 -0.141995907 0.977037370
1770114771.125031 0.147042960 -0.163262159 -0.025498992 0.069043770 0.142467767 -0.140307486 0.977368832
1770114771.191700 0.165423751 -0.181305423 -0.017860865 0.063593306 0.139190614 -0.134998351 0.978957295
1770114771.291688 0.213382348 -0.176088795 -0.014928744 0.030903764 0.121586770 -0.115048781 0.985406220
1770114771.325042 0.212589711 -0.191253558 0.000152510 0.020586964 0.117363006 -0.108177833 0.986964881
1770114771.391695 0.233124435 -0.193217635 -0.007489797 0.008135119 0.107207119 -0.092731327 0.989869356
1770114771.425031 0.252976328 -0.200405866 -0.009190037 0.000939407 0.101467140 -0.087292723 0.991001308
1770114771.458366 0.264010161 -0.208443716 -0.010306487 -0.005168106 0.097880647 -0.083276257 0.991694450
1770114771.491706 0.252975762 -0.200233251 -0.020275524 -0.008505197 0.096188076 -0.079668693 0.992133319
1770114771.625036 0.292321801 -0.211017728 -0.011419232 -0.022279026 0.083297379 -0.057779610 0.994598806
1770114771.658359 0.298216254 -0.213092282 -0.003625142 -0.025044998 0.081071235 -0.053024363 0.994981706
1770114771.691697 0.310701102 -0.218195602 0.000623218 -0.027080188 0.078312412 -0.048610993 0.995374739
1770114771.725024 0.316851228 -0.225407839 0.009510232 -0.029014023 0.077063814 -0.043445379 0.995656550
1770114771.791696 0.337659925 -0.245388895 0.009315258 -0.033501554 0.073041782 -0.037048250 0.996077299
1770114771.958385 0.364962310 -0.269166559 0.010708990 -0.031380843 0.066503391 -0.023035908 0.997026563
1770114771.991717 0.368514478 -0.280279607 0.006707353 -0.030683637 0.065754376 -0.020662069 0.997149944
1770114772.025046 0.379787654 -0.289506227 0.007978797 -0.029307092 0.064135320 -0.017985642 0.997348666
1770114772.058359 0.392083734 -0.293558419 -0.006045903 -0.026908264 0.060835663 -0.015430848 0.997665763
1770114772.091700 0.394740611 -0.296624810 -0.007608911 -0.024024485 0.060152937 -0.014392924 0.997796297
1770114772.125020 0.399060339 -0.303421944 -0.008808691 -0.021470979 0.059488662 -0.012499978 0.997919798
1770114772.258356 0.398958981 -0.317505211 -0.027455345 -0.009750231 0.058567788 -0.013344789 0.998146594
1770114772.291697 0.405664116 -0.321517855 -0.026087515 -0.006133814 0.057673506 -0.011748689 0.998247504
1770114772.325021 0.406797349 -0.325919807 -0.024569772 -0.003060568 0.058380522 -0.011536148 0.998223066
1770114772.358361 0.407302290 -0.323440433 -0.026632505 0.000200634 0.058128551 -0.011871176 0.998238504
1770114772.391694 0.411650121 -0.333130747 -0.032221377 0.001767779 0.057521425 -0.011407907 0.998277545
1770114772.425020 0.413882226 -0.342641354 -0.042220376 0.003520445 0.056726765 -0.011290117 0.998319745
1770114772.525039 0.414865971 -0.346544594 -0.048816673 0.011075434 0.057233315 -0.011339398 0.998235047
1770114772.558367 0.420657665 -0.352320284 -0.048790641 0.012776324 0.056791749 -0.010114459 0.998253047
1770114772.591703 0.426689804 -0.353478760 -0.047112051 0.015325492 0.056284484 -0.009578058 0.998251259
1770114772.658365 0.440947026 -0.364249825 -0.046184897 0.018271606 0.055273090 -0.007855777 0.998273253
1770114772.691726 0.448514819 -0.371655762 -0.045452416 0.019365348 0.054910913 -0.007099910 0.998278260
1770114772.825061 0.446800768 -0.374582440 -0.058512818 0.025921822 0.055849679 -0.007190525 0.998076737
1770114772.858366 0.461052835 -0.374273449 -0.053515155 0.027675888 0.055327021 -0.006867866 0.998061061
1770114772.891721 0.463661999 -0.375857919 -0.054324247 0.028790122 0.055375736 -0.006916513 0.998026550
1770114772.958379 0.475049973 -0.384171873 -0.056560732 0.031187782 0.055404071 -0.005488166 0.997961700
1770114772.991721 0.480644315 -0.383845180 -0.051724061 0.032367092 0.055356026 -0.005114843 0.997928858
1770114773.025061 0.485277295 -0.386368096 -0.052107468 0.033286069 0.055274036 -0.004401544 0.997906566
1770114773.091713 0.479521722 -0.390136212 -0.068494782 0.034717999 0.055886280 -0.004130673 0.997824848
1770114773.158381 0.477932483 -0.391583681 -0.079096019 0.036171731 0.056640323 -0.003683320 0.997732460
1770114773.191732 0.485262245 -0.397578508 -0.079380751 0.036572248 0.056354739 -0.002630457 0.997737288
1770114773.225059 0.481197089 -0.395028770 -0.081895530 0.037393745 0.056977920 -0.003128027 0.997670054
1770114773.258382 0.482148528 -0.379303604 -0.080670387 0.039930996 0.057722468 -0.003326771 0.997528255
1770114773.291719 0.483590543 -0.381424457 -0.084265105 0.040493242 0.058331098 -0.002992525 0.997471273
1770114773.358371 0.492521107 -0.382179171 -0.086162932 0.041202113 0.058510292 -0.002390734 0.997433305
1770114773.458382 0.505744457 -0.375106722 -0.078997977 0.041959703 0.058173828 -0.002694800 0.997420669
1770114773.491716 0.510781169 -0.376495153 -0.084477097 0.041426394 0.057518605 -0.002398270 0.997481763
1770114773.525044 0.514166713 -0.377084583 -0.082795769 0.040707491 0.057307072 -0.001605259 0.997525096
1770114773.558379 0.520422280 -0.370255411 -0.082625106 0.040922031 0.056986816 -0.001889277 0.997534156
1770114773.591725 0.520033777 -0.367205620 -0.078513019 0.041233454 0.057869781 -0.002786102 0.997468352
1770114773.625045 0.524578869 -0.370229304 -0.085559770 0.041698232 0.057607841 -0.001238185 0.997467339
1770114773.758370 0.530534506 -0.376277357 -0.091392696 0.041346740 0.058595628 0.001525262 0.997424006
1770114773.791697 0.529660881 -0.373694211 -0.091487117 0.042227682 0.059643541 0.001453580 0.997325182
1770114773.825044 0.531989694 -0.371788979 -0.089999855 0.041988201 0.060068216 0.001336554 0.997309983
1770114773.858370 0.499379188 -0.343002200 -0.098047458 0.044870578 0.063167371 -0.001663343 0.996992409
1770114773.891719 0.542704880 -0.368893772 -0.098094456 0.041660458 0.060090091 0.001233586 0.997322500
1770114773.925041 0.547301173 -0.358990103 -0.091268100 0.042248163 0.060103413 0.000595349 0.997297525
1770114774.091698 0.555044532 -0.333994180 -0.093858756 0.043491490 0.060892943 0.003746731 0.997189283
1770114774.125050 0.551452637 -0.339493811 -0.088749230 0.041682776 0.061524633 0.002830395 0.997230828
1770114774.158372 0.557905495 -0.328893840 -0.093519568 0.042973112 0.061810415 0.003454580 0.997156441
1770114774.191695 0.560174823 -0.330637544 -0.095118433 0.042200126 0.061975379 0.004881429 0.997173250
1770114774.225049 0.560115814 -0.330287069 -0.097833201 0.041560799 0.062095396 0.005317375 0.997190416
1770114774.258363 0.561754704 -0.323702455 -0.095441058 0.041310191 0.062328998 0.004754226 0.997189045
1770114774.358373 0.564653039 -0.314326733 -0.100540690 0.040425479 0.062859140 0.005992463 0.997185349
1770114774.391704 0.565957725 -0.316539258 -0.098068029 0.039425299 0.063048095 0.006348705 0.997211277
1770114774.425037 0.570476592 -0.312945604 -0.095641956 0.038744606 0.062997133 0.006771096 0.997238398
1770114774.458372 0.572353423 -0.302840024 -0.094272561 0.038733277 0.063261002 0.006222628 0.997225702
1770114774.491704 0.581883669 -0.287444860 -0.093998827 0.038558457 0.063265219 0.003776683 0.997244477
1770114774.525027 0.563325703 -0.296853423 -0.094294250 0.037760489 0.064762317 0.006672983 0.997163773
1770114774.625042 0.585393548 -0.265299708 -0.095256157 0.036814775 0.064682364 0.002549199 0.997223318
1770114774.658365 0.584666371 -0.254060239 -0.097410381 0.036783755 0.064957626 0.001368917 0.997208893
1770114774.691723 0.596082747 -0.249882385 -0.090657808 0.036011003 0.064046666 0.003004302 0.997292459
1770114774.725035 0.595746517 -0.247894034 -0.091766559 0.035102431 0.064284280 0.003580981 0.997307718
1770114774.791700 0.604528666 -0.243424013 -0.085853569 0.032690257 0.064083315 0.006192820 0.997389793
1770114774.825034 0.604307473 -0.233817324 -0.087569639 0.033342276 0.064353280 0.004503306 0.997359931
1770114774.891695 0.606903076 -0.223625124 -0.089607567 0.031077808 0.064595804 0.004469295 0.997417510
1770114774.925028 0.609477937 -0.219225630 -0.087855496 0.030396992 0.064368799 0.005615310 0.997447371
1770114774.958375 0.608342290 -0.208922580 -0.090196513 0.029906241 0.064817749 0.004427688 0.997439086
1770114774.991704 0.612460017 -0.199601829 -0.086971037 0.029197726 0.064766690 0.004586520 0.997462690
1770114775.058368 0.613647938 -0.187058270 -0.089051440 0.027792202 0.064854525 0.005200792 0.997494102
1770114775.091703 0.614405632 -0.180573002 -0.088950150 0.027487880 0.065025792 0.005077807 0.997492015
1770114775.158369 0.618277967 -0.168900147 -0.075854562 0.026195286 0.065517962 0.004525589 0.997497261
1770114775.225066 0.602371097 -0.163649946 -0.094077274 0.023569206 0.066531569 0.005268518 0.997492015
1770114775.258362 0.619093299 -0.144794986 -0.077585056 0.024267213 0.065737016 0.002977056 0.997537434
1770114775.291697 0.619596541 -0.131103903 -0.079061449 0.023999108 0.065856233 0.003256562 0.997535169
1770114775.391694 0.617759705 -0.099946797 -0.079695821 0.022591628 0.066629939 0.001782086 0.997520447
1770114775.425037 0.620774329 -0.099010386 -0.078365296 0.021333143 0.066442691 0.003205484 0.997557104
1770114775.458366 0.621976316 -0.092663623 -0.079135679 0.020932892 0.066576317 0.006385376 0.997541308
1770114775.525028 0.606220961 -0.089749366 -0.084735043 0.017669095 0.067924343 0.003368606 0.997528374
1770114775.558372 0.622732759 -0.074695833 -0.079716586 0.018320704 0.066596642 0.006322746 0.997591734
1770114775.591702 0.621873260 -0.065864533 -0.079597048 0.018111667 0.066699259 0.005746562 0.997592270
1770114775.691707 0.621828675 -0.049347021 -0.079021670 0.015604225 0.066891462 0.006804451 0.997615099
1770114775.758400 0.618758500 -0.033726636 -0.080303147 0.013301643 0.067014791 0.006295341 0.997643471
1770114775.791713 0.618846834 -0.028292190 -0.079438776 0.012277900 0.066956878 0.006209143 0.997660995
1770114775.825047 0.617227614 -0.020906974 -0.079369582 0.011335794 0.067070149 0.005175503 0.997670472
1770114775.858361 0.609534681 -0.016520448 -0.084147125 0.011099017 0.067208022 0.006853040 0.997653723
1770114775.925029 0.613809407 0.007548850 -0.082863986 0.009835278 0.066870943 0.004484972 0.997703075
1770114775.991735 0.611365497 0.021385539 -0.081762485 0.008058681 0.067070641 0.004398427 0.997705996
1770114776.058370 0.610747159 0.031963866 -0.081562229 0.006638268 0.066583581 0.006138326 0.997739911
1770114776.091702 0.610372186 0.037619732 -0.080409564 0.005257481 0.066592976 0.006725330 0.997743785
1770114776.125035 0.607420564 0.043195903 -0.079619974 0.004038525 0.066901281 0.005387809 0.997736871
1770114776.158383 0.605528951 0.052613020 -0.082856290 0.003946531 0.066530026 0.005009958 0.997764111
1770114776.225030 0.601690948 0.067969427 -0.080837712 0.002860713 0.066505887 0.003743603 0.997774959
1770114776.291697 0.623769701 0.082039408 -0.063360803 0.002341009 0.064972483 0.006159817 0.997865319
1770114776.391692 0.618772626 0.101870045 -0.064564422 0.000187922 0.065073207 0.004725051 0.997869313
1770114776.425043 0.617250204 0.109383404 -0.065956660 -0.000588308 0.064893134 0.004937951 0.997879922
1770114776.458368 0.618014276 0.118113868 -0.062228087 -0.001234334 0.064798415 0.005275858 0.997883737
1770114776.525048 0.605032444 0.130632982 -0.067069456 -0.002662077 0.066687785 0.004256241 0.997761250
1770114776.591714 0.601179302 0.143705219 -0.068636961 -0.004098233 0.067464732 0.004329177 0.997703910
1770114776.625061 0.602158129 0.144193813 -0.070602335 -0.005157872 0.066034570 0.005809476 0.997787118
1770114776.658383 0.595635891 0.157658637 -0.066686481 -0.005369456 0.066866212 0.002923527 0.997743249
1770114776.691716 0.597823024 0.169036686 -0.064645015 -0.004978954 0.065297857 0.004062526 0.997845113
1770114776.725047 0.594658732 0.174212158 -0.066062354 -0.005701334 0.065030657 0.004084356 0.997858644
1770114776.791699 0.590477169 0.190388262 -0.064749986 -0.006012097 0.064382277 0.004147115 0.997898579
1770114776.858360 0.578579187 0.204968035 -0.073443495 -0.007096771 0.064057603 0.002149964 0.997918665
1770114776.891693 0.578581631 0.212537557 -0.072627611 -0.007428992 0.063516259 0.002772579 0.997949362
1770114776.925034 0.574720323 0.214716613 -0.070999220 -0.007958607 0.063665114 0.004019675 0.997931540
1770114776.958382 0.573210180 0.231605917 -0.071994372 -0.007696958 0.063416056 0.003645489 0.997950852
1770114777.025045 0.564271688 0.242748111 -0.073279843 -0.007991203 0.063153520 0.003267589 0.997966468
1770114777.058384 0.561900139 0.247296453 -0.073498487 -0.008666521 0.062791966 0.004475424 0.997978985
1770114777.158362 0.553869128 0.263820380 -0.071812429 -0.009715887 0.062128719 0.004533269 0.998010576
1770114777.191695 0.550729632 0.270263553 -0.071095333 -0.009837948 0.061416335 0.004763310 0.998052418
1770114777.225030 0.547251582 0.276059359 -0.071160473 -0.010116689 0.061091691 0.004952368 0.998068571
1770114777.258361 0.547227979 0.287986577 -0.072711170 -0.009244403 0.060644936 0.005565949 0.998101115
1770114777.291695 0.539123058 0.288046569 -0.072010785 -0.010283372 0.060631264 0.004134553 0.998098671
1770114777.391695 0.524384081 0.301716655 -0.077074490 -0.011083296 0.060382929 0.003896234 0.998106182
1770114777.458365 0.526208520 0.310570598 -0.080740944 -0.011976855 0.059018664 0.003933468 0.998177290
1770114777.525054 0.518454611 0.319404155 -0.080126628 -0.012309833 0.058193140 0.004486578 0.998219430
1770114777.591716 0.509423792 0.328734547 -0.079629995 -0.012227563 0.057551757 0.004330908 0.998258293
1770114777.625052 0.502493024 0.327792645 -0.082040735 -0.013313812 0.057649598 0.003397355 0.998242319
1770114777.691702 0.494729131 0.337492138 -0.081280842 -0.011793947 0.055924311 0.003989678 0.998357415
1770114777.758378 0.480281860 0.340479285 -0.085726358 -0.011830362 0.055653408 0.002745026 0.998376310
1770114777.825054 0.476332188 0.340798229 -0.087657899 -0.013468978 0.055585362 0.003625280 0.998356521
1770114777.858377 0.467485398 0.340294212 -0.087565094 -0.013692127 0.055736080 0.003000691 0.998347163
1770114777.891703 0.468339741 0.344974279 -0.087419726 -0.014161218 0.055481695 0.003999765 0.998351276
1770114777.925026 0.463842243 0.347629517 -0.087199822 -0.014169922 0.055235069 0.004116727 0.998364329
1770114777.991705 0.449671417 0.347488731 -0.083238795 -0.014240515 0.054871947 0.003172364 0.998386860
1770114778.058366 0.441259921 0.347364515 -0.080992475 -0.014422686 0.054194022 0.003956725 0.998418391
1770114778.158374 0.420497000 0.343734026 -0.085372530 -0.014967045 0.054646678 0.002338987 0.998390853
1770114778.191692 0.424044073 0.348228455 -0.082381472 -0.014287746 0.053413991 0.003752101 0.998463213
1770114778.225039 0.415916860 0.348824441 -0.078489326 -0.014340363 0.053451087 0.003200331 0.998462379
1770114778.258369 0.405531824 0.344278455 -0.080625519 -0.014415803 0.054271284 0.001854709 0.998420477
1770114778.291703 0.400530398 0.340889722 -0.083835952 -0.014919858 0.053882509 0.001501367 0.998434722
1770114778.325027 0.393532038 0.339392096 -0.085884646 -0.014579420 0.053759217 0.001141326 0.998446882
1770114778.425033 0.393565655 0.345048189 -0.062660180 -0.013093105 0.052517384 0.002016031 0.998532176
1770114778.458364 0.372242272 0.332946122 -0.076045953 -0.013944787 0.052436300 0.001889763 0.998525202
1770114778.491699 0.365826190 0.330949396 -0.075083680 -0.013829848 0.052363481 0.001845369 0.998530686
1770114778.525029 0.360094756 0.327183902 -0.078096509 -0.014265519 0.051779717 0.001756912 0.998555124
1770114778.558362 0.353253424 0.322376221 -0.079343729 -0.014255496 0.051633678 0.001951908 0.998562455
1770114778.591695 0.370758772 0.331725091 -0.069462828 -0.012144391 0.050505649 0.003573633 0.998643577
1770114778.725034 0.348194540 0.323725253 -0.072251894 -0.010525819 0.048987228 0.003240698 0.998738706
1770114778.758361 0.344094545 0.320361167 -0.071123481 -0.010036723 0.048323952 0.003457394 0.998775363
1770114778.791711 0.340546846 0.310414106 -0.071214981 -0.010363527 0.047761623 0.005076960 0.998792171
1770114778.825033 0.328495830 0.297169566 -0.074713215 -0.010993544 0.047989722 0.003085763 0.998782575
1770114778.858363 0.324819148 0.294092953 -0.072844252 -0.010360742 0.047342855 0.003283296 0.998819649
1770114778.891694 0.315382123 0.295936465 -0.063809693 -0.009943383 0.047343146 0.005183116 0.998815775
1770114779.058361 0.281948894 0.258146554 -0.095073529 -0.009416543 0.045568757 0.004513366 0.998906672
1770114779.125051 0.284658790 0.246153876 -0.078239441 -0.008445120 0.044381462 0.004502002 0.998968840
1770114779.158375 0.266161978 0.243462160 -0.085993037 -0.007536775 0.044529084 0.006158803 0.998960674
1770114779.191698 0.273457736 0.237558529 -0.080793679 -0.006435008 0.042896647 0.005691082 0.999042630
1770114779.225038 0.262247533 0.234246209 -0.095040068 -0.005856635 0.043108061 0.006279017 0.999033511
1770114779.358435 0.236509755 0.198725015 -0.091257870 -0.005577161 0.042123053 0.005423072 0.999082148
1770114779.391719 0.228815302 0.193883583 -0.088275932 -0.003623224 0.041457307 0.009160648 0.999091744
1770114779.425051 0.230711013 0.186955392 -0.097696915 -0.003676499 0.040473700 0.007423681 0.999146283
1770114779.458380 0.222506180 0.184698835 -0.095375106 -0.001170211 0.039178662 0.011682999 0.999163270
1770114779.491731 0.219312191 0.177522629 -0.096484050 -0.000394516 0.038351525 0.012916719 0.999180794
1770114779.525056 0.219319612 0.167351708 -0.093242511 -0.001743191 0.039188962 0.006006476 0.999212265
1770114779.658386 0.191128463 0.140753746 -0.097122446 0.002235432 0.037889160 0.008462965 0.999243617
1770114779.691699 0.196291015 0.131476611 -0.102994986 0.002804748 0.036466267 0.007247217 0.999304712
1770114779.725040 0.184861943 0.133054286 -0.093970306 0.005362294 0.036834504 0.008976972 0.999266684
1770114779.758388 0.189647600 0.130665779 -0.105410188 0.007924748 0.034797695 0.012308528 0.999287188
1770114779.791694 0.183485150 0.112809643 -0.120760791 0.006768608 0.033927608 0.011388913 0.999336541
1770114779.825028 0.173704565 0.100588530 -0.109648623 0.007555992 0.033748239 0.009774233 0.999354064
1770114779.958383 0.138309315 0.076989442 -0.098800726 0.013903522 0.035031989 0.004052486 0.999281228
1770114779.991695 0.126984209 0.064574070 -0.111583501 0.016209815 0.034485158 0.003427126 0.999267876
1770114780.025026 0.143031999 0.067166388 -0.131922051 0.021103246 0.031283610 0.004824928 0.999276161
1770114780.058360 0.130738303 0.057772357 -0.128309667 0.024030417 0.031620529 0.002842448 0.999207020
1770114780.091698 0.128609344 0.064641424 -0.085395843 0.026533216 0.032117777 -0.001812192 0.999130189
1770114780.125026 0.111878172 0.046791974 -0.110356160 0.029049011 0.030931287 -0.001592970 0.999098003
1770114780.258364 0.121528611 0.064403623 -0.070801571 0.046747707 0.024190841 -0.005311528 0.998599648
1770114780.291691 0.118734986 0.060601901 -0.073386602 0.050370794 0.022329850 -0.005893965 0.998463571
1770114780.325036 0.111598954 0.049044378 -0.080301620 0.053504728 0.020309035 -0.005074999 0.998348176
1770114780.358359 0.109850124 0.050002422 -0.079139382 0.056510527 0.018536981 -0.006144634 0.998211026
1770114780.391652 0.098695040 0.029910404 -0.084319584 0.059511252 0.017045319 -0.008070953 0.998049498
1770114780.425000 0.103686616 0.017587082 -0.082536675 0.062468387 0.014769564 -0.004914949 0.997925580
1770114780.524998 0.098967001 0.002155810 -0.095677055 0.073006809 0.007058607 -0.008268555 0.997272193
1770114780.558329 0.093555816 -0.003835417 -0.095962562 0.076206155 0.003969789 -0.008466051 0.997048259
1770114780.591652 0.096083231 -0.014346355 -0.099660218 0.079618894 -0.000989505 -0.008043300 0.996792436
1770114780.624993 0.096617490 -0.022268739 -0.116912186 0.082319841 -0.005913193 -0.007434312 0.996560693
1770114780.658340 0.084931388 -0.030328896 -0.097900927 0.084712230 -0.008106961 -0.005798203 0.996355653
1770114780.691663 0.075768702 -0.048024412 -0.100412712 0.085150532 -0.011976561 -0.006753423 0.996273279
1770114780.824998 0.054373331 -0.085588694 -0.088641196 0.097359903 -0.031926639 -0.011160503 0.994674444
1770114780.858336 0.050719719 -0.096132331 -0.090191387 0.099311762 -0.037619799 -0.010176907 0.994292974
1770114780.891653 0.039101865 -0.108419865 -0.089349471 0.100885198 -0.041550763 -0.009136244 0.993988156
1770114780.924990 0.000243408 -0.123358950 -0.061653178 0.100980684 -0.045410495 -0.008465257 0.993815422
1770114780.958328 0.020950606 -0.137852609 -0.094534643 0.102428988 -0.050739430 -0.007201878 0.993419349
1770114780.991659 0.007496179 -0.146705195 -0.104543597 0.101310156 -0.054984435 -0.004769605 0.993322849
1770114781.124998 -0.032251485 -0.198610872 -0.091581970 0.096609816 -0.064074919 0.002158599 0.993255436
1770114781.158318 -0.032867115 -0.202805057 -0.092013389 0.097050287 -0.065403238 0.007819678 0.993097484
1770114781.191654 -0.036123794 -0.213004202 -0.073736005 0.094105057 -0.064304180 0.010190988 0.993431151
1770114781.224989 -0.049781818 -0.226718381 -0.086814895 0.092791580 -0.062184256 0.014485669 0.993636310
1770114781.258322 -0.045627393 -0.218352184 -0.090967126 0.089605443 -0.060895421 0.011466457 0.994047880
1770114781.291688 -0.049739052 -0.234901652 -0.081110425 0.073956572 -0.058375649 0.010673385 0.995494246
1770114781.458320 -0.119699702 -0.274183869 -0.062713735 0.023729634 -0.042160995 0.010113337 0.998777807
1770114781.491668 -0.097799845 -0.273780227 -0.013156650 0.015940014 -0.041065671 0.010580636 0.998973310
1770114781.524987 -0.105514340 -0.272264749 -0.019488689 0.012692017 -0.040589456 0.008159347 0.999062002
1770114781.558327 -0.122932903 -0.284978658 -0.004013526 0.006235091 -0.036764942 0.006071255 0.999286115
1770114781.591666 -0.131323457 -0.295528710 -0.000752329 0.000625340 -0.035170767 0.005873181 0.999363899
1770114781.624987 -0.158913195 -0.308903903 -0.042358935 -0.001393755 -0.034360129 0.007699175 0.999378920
1770114781.758332 -0.179728687 -0.333624244 -0.051181473 -0.015631588 -0.029036568 0.007288235 0.999429584
1770114781.791665 -0.187896445 -0.341100276 -0.049342934 -0.017227575 -0.027385857 0.006679289 0.999454200
1770114781.824993 -0.217540488 -0.353313684 -0.035191286 -0.018990362 -0.024609616 0.003602300 0.999510288
1770114781.858323 -0.225111261 -0.365002245 -0.036904320 -0.019963797 -0.023189643 0.004198272 0.999522984
1770114781.891655 -0.232484624 -0.373016536 -0.034605443 -0.019944089 -0.022317238 0.003685109 0.999545217
1770114781.924992 -0.236109152 -0.384476066 -0.039121311 -0.020187205 -0.021264235 0.004540856 0.999559760
1770114782.024990 -0.256157160 -0.419411659 -0.049885817 -0.017619267 -0.018552905 0.006129557 0.999653816
1770114782.058322 -0.262367666 -0.428322613 -0.050117102 -0.016097099 -0.017386073 0.006432891 0.999698579
1770114782.091677 -0.269869268 -0.438359052 -0.051650632 -0.014201703 -0.016043086 0.006426926 0.999749780
1770114782.125009 -0.275174409 -0.448507518 -0.055504397 -0.011922127 -0.015002657 0.007295032 0.999789774
1770114782.158323 -0.282166630 -0.458933264 -0.057430618 -0.009517435 -0.013896479 0.007368936 0.999831021
1770114782.191681 -0.290885538 -0.457875490 -0.038437996 -0.005326850 -0.013341778 0.005283261 0.999882877
1770114782.291658 -0.298956841 -0.498622239 -0.070012622 -0.000874190 -0.011264355 0.008084182 0.999903500
1770114782.325002 -0.305622399 -0.507771373 -0.072274663 0.000795050 -0.010438256 0.007969751 0.999913454
1770114782.358322 -0.322898120 -0.510274291 -0.057990372 0.003107596 -0.009457116 0.005498020 0.999935389
1770114782.391656 -0.325934052 -0.506235778 -0.052076317 0.006153196 -0.008734131 0.006412320 0.999922395
1770114782.424988 -0.333612412 -0.522013545 -0.061184917 0.007090357 -0.008343581 0.005556638 0.999924660
1770114782.458330 -0.336419016 -0.531165838 -0.068239279 0.008654923 -0.008040870 0.005882411 0.999912918
1770114782.591667 -0.363481760 -0.557665467 -0.074384473 0.013638384 -0.005688916 0.005995716 0.999872863
1770114782.624996 -0.367844582 -0.559716821 -0.071557693 0.015282879 -0.005626929 0.005741957 0.999850929
1770114782.658323 -0.350683570 -0.572731018 -0.086874440 0.016031861 -0.006275255 0.008593597 0.999814868
1770114782.724988 -0.394435853 -0.576661110 -0.078656301 0.018014623 -0.004013513 0.005403435 0.999815106
1770114782.758319 -0.399490356 -0.581959665 -0.082809828 0.018830452 -0.003778136 0.005631360 0.999799728
1770114782.891654 -0.419801176 -0.593432069 -0.087590568 0.021842102 -0.002795109 0.005623075 0.999741733
1770114782.924985 -0.425469220 -0.591270030 -0.081136443 0.022879085 -0.002686949 0.005563963 0.999719203
1770114782.958322 -0.430103183 -0.600449920 -0.090929776 0.022696765 -0.002586596 0.005867763 0.999721885
1770114782.991654 -0.438079804 -0.595354319 -0.084436700 0.023013683 -0.001888257 0.005768899 0.999716759
1770114783.024989 -0.438387543 -0.595360935 -0.084100381 0.022799028 -0.001936544 0.005690362 0.999722004
1770114783.058316 -0.447879046 -0.595882475 -0.083252124 0.022788255 -0.001586615 0.005782295 0.999722362
1770114783.191652 -0.464654177 -0.603434503 -0.096117578 0.025740465 -0.001809212 0.005901054 0.999649644
1770114783.224997 -0.469800979 -0.600884318 -0.098819800 0.026695935 -0.001700960 0.005574290 0.999626637
1770114783.258319 -0.455766767 -0.595368624 -0.085251912 0.027427232 -0.002681786 0.005594530 0.999604523
1770114783.291654 -0.477091104 -0.599133849 -0.097919606 0.027338207 -0.001873014 0.005554270 0.999609053
1770114783.324991 -0.465461403 -0.592415690 -0.082267687 0.028257519 -0.002799249 0.005275870 0.999582887
1770114783.358321 -0.465714157 -0.591069698 -0.079843752 0.028581195 -0.002956795 0.004890906 0.999575138
1770114783.491653 -0.506392777 -0.590416670 -0.100094773 0.029607290 -0.001794632 0.005430558 0.999545336
1770114783.524992 -0.525172472 -0.589641273 -0.104451813 0.029477242 -0.000755297 0.005046154 0.999552488
1770114783.558323 -0.512844980 -0.586848736 -0.103196114 0.029998267 -0.002167270 0.005675764 0.999531507
1770114783.591655 -0.514971256 -0.590234578 -0.111121036 0.029004253 -0.002147108 0.005924036 0.999559462
1770114783.625001 -0.518338740 -0.590828657 -0.114092618 0.028681610 -0.002237616 0.006381199 0.999565721
1770114783.658331 -0.519113898 -0.588342667 -0.115072653 0.028559595 -0.002259069 0.006228405 0.999570131
1770114783.758383 -0.531904876 -0.579524100 -0.119959705 0.028387269 -0.002761543 0.005285352 0.999579251
1770114783.791654 -0.532449245 -0.583450079 -0.126789153 0.027942006 -0.002821642 0.005323719 0.999591410
1770114783.825042 -0.535052776 -0.574220598 -0.116410665 0.028845813 -0.003196149 0.004867250 0.999566972
1770114783.858320 -0.518302262 -0.577501118 -0.106915586 0.028005885 -0.004772405 0.006010841 0.999578297
1770114783.891683 -0.537975073 -0.570847094 -0.116774835 0.028429082 -0.004088392 0.004773508 0.999576151
1770114783.925066 -0.531262994 -0.579416215 -0.119564623 0.026838163 -0.004513269 0.005319254 0.999615490
1770114784.058354 -0.571472824 -0.513394892 -0.104465820 0.029350219 -0.003157431 0.005085402 0.999551296
1770114784.091676 -0.546591341 -0.533893883 -0.118598633 0.027148921 -0.005069345 0.005542126 0.999603212
1770114784.125020 -0.566974878 -0.526779234 -0.126931027 0.026503153 -0.004035233 0.005101346 0.999627650
1770114784.158346 -0.583890319 -0.496335775 -0.111514501 0.028369887 -0.002987766 0.004848621 0.999581277
1770114784.191659 -0.585896730 -0.491934448 -0.112148285 0.027846944 -0.003276850 0.004738392 0.999595582
1770114784.224998 -0.590514362 -0.481948256 -0.112253025 0.027739815 -0.003245180 0.004166809 0.999601245
1770114784.358335 -0.602512956 -0.448429823 -0.109014817 0.026904346 -0.003458524 0.004340695 0.999622643
1770114784.425002 -0.634103954 -0.437318772 -0.131643280 0.025748551 -0.002149644 0.003460324 0.999660194
1770114784.458338 -0.637980461 -0.426409513 -0.133935183 0.025925556 -0.002398815 0.003484138 0.999654949
1770114784.491676 -0.641806006 -0.416560024 -0.116619334 0.025621857 -0.002939877 0.002516808 0.999664247
1770114784.524991 -0.643970609 -0.407628119 -0.129696548 0.025292667 -0.002337624 0.003273722 0.999671996
1770114784.691691 -0.663080096 -0.347543806 -0.109742485 0.024539540 -0.002589643 0.002480739 0.999692440
1770114784.725008 -0.659210324 -0.344769001 -0.109616429 0.023393920 -0.003093492 0.002230902 0.999719083
1770114784.758327 -0.669712543 -0.320890248 -0.099664964 0.024278222 -0.002467682 0.002072598 0.999700069
1770114784.791652 -0.672579408 -0.313683331 -0.099228203 0.023767579 -0.002483167 0.001565443 0.999713242
1770114784.825015 -0.673254788 -0.304873645 -0.106591523 0.022944324 -0.002962133 0.001494010 0.999731302
1770114784.858337 -0.675991714 -0.291366577 -0.106996253 0.023045244 -0.002967603 0.001567210 0.999728858
1770114784.958355 -0.672315180 -0.277409881 -0.117071174 0.020138200 -0.003751294 0.001275469 0.999789357
1770114784.991660 -0.674531579 -0.264320761 -0.112038307 0.019700730 -0.003866081 0.000791289 0.999798179
1770114785.025014 -0.673559964 -0.250953704 -0.106858112 0.019632678 -0.004149824 0.001334047 0.999797821
1770114785.058339 -0.677126944 -0.243755341 -0.108670011 0.018659765 -0.004021568 0.001303224 0.999816954
1770114785.091668 -0.676743507 -0.233557224 -0.110647455 0.018296460 -0.004334109 0.001653038 0.999821842
1770114785.125007 -0.678111136 -0.223749503 -0.109771051 0.017955672 -0.004304828 0.001820406 0.999827921
1770114785.225009 -0.679941833 -0.185627028 -0.108628713 0.016843183 -0.004254917 0.000832448 0.999848783
1770114785.291690 -0.683456600 -0.163563862 -0.105833873 0.015891705 -0.003942037 0.000331071 0.999865949
1770114785.325004 -0.680027008 -0.156020701 -0.106162094 0.014887484 -0.004543488 0.000902284 0.999878466
1770114785.358336 -0.681644261 -0.145492554 -0.107429974 0.014414327 -0.004620661 0.001412962 0.999884486
1770114785.391671 -0.683564723 -0.135215968 -0.105536453 0.013463793 -0.004604956 0.000737567 0.999898493
1770114785.425009 -0.684761763 -0.121063083 -0.106513567 0.013626837 -0.004638077 0.000417152 0.999896348
1770114785.558325 -0.686681569 -0.079172507 -0.097750708 0.010932075 -0.004349815 -0.000487037 0.999930680
1770114785.591658 -0.686083794 -0.066223599 -0.108951129 0.010796563 -0.004493322 0.000073647 0.999931633
1770114785.625004 -0.684454381 -0.059968844 -0.108995914 0.009840278 -0.004607917 0.000469520 0.999940872
1770114785.658328 -0.684638143 -0.046177704 -0.109533332 0.009252946 -0.004148425 0.000360970 0.999948502
1770114785.691652 -0.688663900 -0.038441408 -0.093673907 0.008319161 -0.003991686 -0.000881625 0.999957085
1770114785.724992 -0.688604772 -0.024118930 -0.093847916 0.007968277 -0.004128206 -0.001463790 0.999958694
1770114785.824997 -0.690741122 0.008637751 -0.092877053 0.006495909 -0.004261370 -0.010116217 0.999918699
1770114785.858320 -0.694148123 0.019051341 -0.095496684 0.006126965 -0.004152316 -0.021002704 0.999752104
1770114785.891650 -0.692954302 0.030681174 -0.095428370 0.004889863 -0.004631067 -0.031018451 0.999496162
1770114785.924986 -0.698931217 0.039721046 -0.086261965 0.004301688 -0.004758153 -0.041316446 0.999125600
1770114785.958326 -0.700861275 0.052903198 -0.086388879 0.004125338 -0.005026807 -0.051209304 0.998666763
1770114785.991657 -0.702760458 0.064075902 -0.083683327 0.003308735 -0.004427962 -0.061684940 0.998080432
1770114786.091658 -0.706294298 0.099604182 -0.086964600 0.000674969 -0.002374067 -0.093507521 0.995615482
1770114786.191649 -0.711529195 0.132501557 -0.079647794 -0.001699419 -0.001467213 -0.122339353 0.992485821
1770114786.224991 -0.713291883 0.146661550 -0.080945186 -0.002062776 -0.001275870 -0.132743388 0.991147518
1770114786.258318 -0.713473141 0.156381950 -0.083992340 -0.002871493 -0.001061021 -0.141946107 0.989869654
1770114786.291652 -0.715752482 0.160731420 -0.086616687 -0.004350899 -0.001064193 -0.151284337 0.988480151
1770114786.324991 -0.716345847 0.177348673 -0.079722054 -0.003805532 -0.000286537 -0.160165250 0.987082899
1770114786.391649 -0.718044817 0.199286759 -0.074537531 -0.005248663 0.000293798 -0.177398697 0.984125078
1770114786.458324 -0.673986912 0.207250074 -0.105250970 -0.007353883 -0.002584964 -0.195444643 0.980683804
1770114786.491659 -0.717286348 0.224381894 -0.088925220 -0.007783872 0.000596830 -0.204464227 0.978842974
1770114786.524984 -0.679597080 0.233856171 -0.112850897 -0.008888166 -0.001495835 -0.212723881 0.977070808
1770114786.558367 -0.717854798 0.241146654 -0.093572877 -0.009463162 0.000813818 -0.220873296 0.975256324
1770114786.591650 -0.716933191 0.251160026 -0.094592825 -0.009976016 0.001205377 -0.228652582 0.973456264
1770114786.658323 -0.678390384 0.270543009 -0.112598673 -0.011090582 -0.000640315 -0.244170472 0.969668746
1770114786.724987 -0.682235479 0.301538497 -0.091080502 -0.010343399 -0.000037858 -0.257044107 0.966344357
1770114786.758336 -0.678115547 0.295923978 -0.115522586 -0.012859371 -0.000112077 -0.266624421 0.963714719
1770114786.824992 -0.677303433 0.311944455 -0.114536449 -0.014080202 0.000565095 -0.280093729 0.959869325
1770114786.858371 -0.674213648 0.322113752 -0.118272386 -0.014362799 0.000250129 -0.286977917 0.957829535
1770114786.891650 -0.667484820 0.329380453 -0.118974015 -0.014919770 -0.000127950 -0.292567372 0.956128538
1770114786.958338 -0.668695927 0.358491719 -0.102652900 -0.014433446 0.000765746 -0.303916991 0.952588856
1770114787.024995 -0.668537021 0.371518880 -0.101446852 -0.015554143 0.001575328 -0.315173864 0.948905230
1770114787.058333 -0.667430520 0.374882162 -0.103598163 -0.016672689 0.001704693 -0.321306884 0.946826816
1770114787.125060 -0.663039446 0.389416784 -0.116906554 -0.017968277 0.001638908 -0.332784414 0.942830324
1770114787.158329 -0.659303129 0.389541090 -0.106932335 -0.018577307 0.001759598 -0.336166233 0.941617787
1770114787.191649 -0.659227610 0.396083832 -0.107212111 -0.019204970 0.002363268 -0.341058522 0.939842939
1770114787.258315 -0.645316839 0.412246704 -0.104943588 -0.018194545 0.001264429 -0.348864675 0.936995625
1770114787.291656 -0.645484805 0.418096781 -0.103844166 -0.018992001 0.001489731 -0.353766382 0.935139835
1770114787.324996 -0.649862409 0.430344462 -0.119983166 -0.019463273 0.002660735 -0.359614104 0.932894289
1770114787.391650 -0.636794508 0.443666995 -0.112498328 -0.019407166 0.002434740 -0.366486877 0.930217624
1770114787.424981 -0.642263114 0.446301311 -0.120719723 -0.020914797 0.003257141 -0.370975852 0.928401291
1770114787.458323 -0.640514672 0.450779140 -0.119605854 -0.021437179 0.003686636 -0.373725742 0.927284241
1770114787.558326 -0.619178832 0.462462574 -0.124389954 -0.021392606 0.003201510 -0.381051272 0.924300909
1770114787.591657 -0.618683457 0.468230754 -0.109078966 -0.021368841 0.004163493 -0.384623080 0.922816932
1770114787.624985 -0.614841700 0.466228247 -0.121467598 -0.022256736 0.004695595 -0.386585444 0.921973109
1770114787.758324 -0.607600868 0.464622259 -0.140250891 -0.024976522 0.007721273 -0.395352960 0.918157220
1770114787.791656 -0.604073048 0.465781182 -0.140326396 -0.025694886 0.007546761 -0.396747231 0.917537212
1770114787.858322 -0.598190010 0.469412267 -0.141856238 -0.026039841 0.007407140 -0.399483800 0.916340411
1770114787.924962 -0.587061346 0.471881717 -0.141224921 -0.025984026 0.007260444 -0.400973976 0.915692091
1770114787.958290 -0.579690218 0.474242568 -0.142077029 -0.025920728 0.006934978 -0.400877386 0.915738761
1770114787.991621 -0.571969032 0.470155001 -0.142819360 -0.026416712 0.006752062 -0.401280284 0.915549457
1770114788.024964 -0.568257451 0.471424490 -0.143480659 -0.026458941 0.006995974 -0.401269108 0.915551305
1770114788.058298 -0.574500442 0.471707672 -0.149120629 -0.026840936 0.008851493 -0.402922153 0.914797783
1770114788.158290 -0.532674193 0.485261351 -0.126279801 -0.023293806 0.006325108 -0.399801970 0.916283727
1770114788.191623 -0.555929303 0.464388251 -0.161585182 -0.027623074 0.009321380 -0.402181506 0.915095747
1770114788.224957 -0.550829053 0.464189202 -0.163349092 -0.027444953 0.009659546 -0.401185691 0.915534556
1770114788.291652 -0.509951830 0.478226572 -0.135048077 -0.022795804 0.006700573 -0.396792173 0.917600930
1770114788.324969 -0.507881105 0.476332188 -0.130822018 -0.023398880 0.008191967 -0.396296263 0.917787910
1770114788.358302 -0.502042234 0.474913388 -0.099557281 -0.024571899 0.010056408 -0.397085607 0.917397499
1770114788.491626 -0.475684166 0.464148670 -0.110756136 -0.024272302 0.011778405 -0.390835494 0.920065045
1770114788.524959 -0.471943796 0.456272990 -0.103848636 -0.024626700 0.011787988 -0.389286846 0.920711935
1770114788.558303 -0.465637088 0.450971484 -0.104826875 -0.024731208 0.012154466 -0.387126297 0.921614885
1770114788.591638 -0.453046918 0.448689580 -0.097749196 -0.023865497 0.011941666 -0.383275658 0.923248410
1770114788.658311 -0.443862379 0.438436389 -0.112645417 -0.023054568 0.013252803 -0.377791554 0.925508738
1770114788.791639 -0.415661752 0.416005969 -0.104342051 -0.022128521 0.014995879 -0.365381241 0.930474162
1770114788.824966 -0.408717573 0.406358421 -0.109403953 -0.022242460 0.015278673 -0.362260312 0.931686282
1770114788.858303 -0.400137126 0.403110653 -0.105571494 -0.021563299 0.015439516 -0.358248204 0.933249712
1770114788.891640 -0.392795861 0.395286858 -0.106448680 -0.021269061 0.015838899 -0.354482532 0.934686542
1770114788.924971 -0.375027508 0.383771181 -0.105453759 -0.020886632 0.014766921 -0.346651644 0.937645137
1770114788.958292 -0.381401777 0.378728241 -0.111854590 -0.021359177 0.016852371 -0.345227957 0.938124478
1770114789.091629 -0.349203259 0.342919886 -0.109276019 -0.020022783 0.018740248 -0.322593510 0.946140230
1770114789.124960 -0.339855224 0.332058936 -0.119908787 -0.019386373 0.018453080 -0.317079097 0.948021412
1770114789.158330 -0.321889997 0.318166286 -0.115173854 -0.019260533 0.018054063 -0.308113635 0.950983226
1770114789.191632 -0.323013842 0.316195935 -0.101468928 -0.018405067 0.020164035 -0.302040279 0.952904224
1770114789.224956 -0.312063783 0.307881922 -0.106721595 -0.017576886 0.020080604 -0.294755429 0.955200016
1770114789.258293 -0.302534699 0.299112439 -0.102526858 -0.016681904 0.020654829 -0.285601616 0.957980573
1770114789.358289 -0.262147665 0.262400687 -0.119319648 -0.013371660 0.019694025 -0.255129337 0.966613889
1770114789.391626 -0.254075527 0.252820134 -0.115885884 -0.012740019 0.020587776 -0.243794620 0.969524682
1770114789.424976 -0.244867921 0.250594914 -0.097638719 -0.011076332 0.021013694 -0.232063442 0.972410619
1770114789.458299 -0.234035581 0.239471287 -0.094905034 -0.009747608 0.021469221 -0.221415043 0.974894583
1770114789.491641 -0.227308929 0.224227980 -0.113232546 -0.008710279 0.022517944 -0.211435705 0.977093697
1770114789.524969 -0.215787843 0.220619842 -0.106576510 -0.006802537 0.022970321 -0.202596337 0.978969336
1770114789.624965 -0.188917562 0.181162745 -0.100360759 -0.004407223 0.023937780 -0.177921489 0.983743608
1770114789.691620 -0.166799948 0.171467930 -0.089248143 -0.000737870 0.024891173 -0.162588894 0.986379683
1770114789.724967 -0.165469676 0.159842029 -0.072363056 0.001228843 0.026924089 -0.157540664 0.987144649
1770114789.758291 -0.151564166 0.153455824 -0.082474366 0.004656493 0.026718240 -0.153938338 0.987708151
1770114789.791625 -0.137612447 0.128814742 -0.076266080 0.005591225 0.026496796 -0.148565456 0.988531709
1770114789.824997 -0.130939081 0.123797826 -0.077297524 0.009850162 0.027763147 -0.148384437 0.988490939
1770114789.891621 -0.117536560 0.113050207 -0.070460394 0.017417684 0.031383459 -0.147596210 0.988396227
1770114789.991635 -0.085694507 0.085280925 -0.072664551 0.030404886 0.038172297 -0.145539865 0.988148093
1770114790.024959 -0.087632261 0.081500567 -0.066515334 0.034535274 0.041672114 -0.146301135 0.987758458
1770114790.058295 -0.077641815 0.069044165 -0.066228174 0.037889581 0.044041526 -0.145065546 0.987714946
1770114790.091640 -0.083731279 0.049647972 -0.070366062 0.041244265 0.048419937 -0.145109341 0.987369061
1770114790.124954 -0.077011123 0.043572538 -0.068532959 0.045118224 0.051975504 -0.145201817 0.987005234
1770114790.158300 -0.058474954 0.027972601 -0.083648980 0.047882266 0.054796968 -0.144449770 0.986832738
1770114790.291630 -0.035304558 0.010284740 -0.073644407 0.064380229 0.069498822 -0.144137189 0.985012472
1770114790.324956 -0.027266813 -0.012913374 -0.076303713 0.065905474 0.073848762 -0.141779646 0.984937310
1770114790.358292 -0.020792536 -0.017519495 -0.073302008 0.068865515 0.079483867 -0.141171873 0.984383225
1770114790.391625 -0.015849393 -0.037615813 -0.037354343 0.071191080 0.084570989 -0.137752518 0.984278321
1770114790.424956 -0.001520534 -0.027572267 -0.056407772 0.073235795 0.090576582 -0.140483394 0.983207464
1770114790.458326 0.007934174 -0.036846209 -0.057566583 0.075174049 0.095660217 -0.138801247 0.982818484
1770114790.558293 0.034721166 -0.088350043 -0.068288207 0.076955616 0.110566527 -0.136291057 0.981467128
1770114790.591622 0.043338258 -0.100079872 -0.073221713 0.077276275 0.115878917 -0.136162102 0.980846822
1770114790.624963 0.059631165 -0.099897459 -0.052130569 0.078082085 0.121354714 -0.137680367 0.979908347
1770114790.658293 0.066838950 -0.109000117 -0.051592842 0.077704534 0.126374692 -0.137346193 0.979350567
1770114790.724956 0.091036439 -0.140722200 -0.047278814 0.075048082 0.134628296 -0.137773126 0.978397548
1770114790.758289 0.097785838 -0.144593522 -0.040977478 0.074304655 0.138522416 -0.137907639 0.977891624
1770114790.824961 0.116921894 -0.167936683 -0.039479461 0.070450731 0.143463746 -0.139659077 0.977215528
1770114790.858296 0.126195714 -0.175387144 -0.036777601 0.068688340 0.144356251 -0.139531314 0.977227807
1770114790.891625 0.136326447 -0.180801556 -0.035003092 0.067415021 0.144019783 -0.138324946 0.977537632
1770114790.924959 0.149000272 -0.193974614 -0.031434938 0.065339938 0.142607018 -0.135774329 0.978242993
1770114790.958333 0.159617469 -0.174412400 -0.033014067 0.060652345 0.140288964 -0.135464907 0.978922665
1770114790.991636 0.165521100 -0.175586149 -0.031123469 0.049317412 0.136481166 -0.130834326 0.980725765
1770114791.124959 0.214671910 -0.197314888 -0.022587754 0.009259176 0.112799332 -0.101240098 0.988403320
1770114791.158294 0.228459835 -0.202339306 -0.016882280 0.003377667 0.107257411 -0.095046468 0.989671946
1770114791.191644 0.237106532 -0.201309726 -0.014735034 -0.000784312 0.103494175 -0.088918567 0.990647197
1770114791.224957 0.232022092 -0.209936947 -0.001035674 -0.004425043 0.102029495 -0.081394739 0.991436064
1770114791.258297 0.254580230 -0.210215479 -0.004057913 -0.010812911 0.096419074 -0.078432843 0.992186844
1770114791.291646 0.265664190 -0.216793671 -0.006021728 -0.015417023 0.092864774 -0.072785750 0.992895126
1770114791.424957 0.316591650 -0.242409527 -0.011818376 -0.028648965 0.078951120 -0.050714973 0.995175362
1770114791.491630 0.318975240 -0.253791958 -0.008315582 -0.033826381 0.075789608 -0.044287816 0.995565355
1770114791.524953 0.327690542 -0.259933352 -0.005650286 -0.035255518 0.073838629 -0.039763030 0.995853364
1770114791.558296 0.333465636 -0.261232942 -0.002810403 -0.035242531 0.072564498 -0.036260221 0.996081114
1770114791.591623 0.336999267 -0.267995685 -0.002204023 -0.036620717 0.071160443 -0.034009159 0.996212125
1770114791.724976 0.374168754 -0.298723847 -0.000811137 -0.034525968 0.064461224 -0.019835481 0.997125506
1770114791.758304 0.390476286 -0.309960157 -0.005458220 -0.032827292 0.061920099 -0.016674025 0.997401834
1770114791.791627 0.389598310 -0.274469107 0.000493520 -0.028460344 0.061534714 -0.019192448 0.997514486
1770114791.824957 0.392827332 -0.277899593 0.000948833 -0.026266670 0.060672391 -0.017926794 0.997651041
1770114791.858296 0.404327124 -0.317674041 -0.004495068 -0.026807707 0.059763778 -0.013047632 0.997767270
1770114791.891620 0.405041993 -0.318260282 -0.005582022 -0.023724666 0.059284512 -0.013186747 0.997872055
1770114792.024959 0.385424584 -0.292527258 -0.024592482 -0.008389336 0.059763584 -0.017759295 0.998019338
1770114792.058292 0.382356286 -0.301328748 -0.029723097 -0.005325527 0.060195353 -0.016773397 0.998031497
1770114792.091624 0.396692812 -0.298472494 -0.043776631 -0.002074188 0.058808651 -0.018584708 0.998094141
1770114792.124953 0.402562350 -0.301572174 -0.044020616 0.001462599 0.058127433 -0.017315445 0.998157978
1770114792.158288 0.398079991 -0.307794392 -0.026731512 0.003495580 0.058617417 -0.016512521 0.998137832
1770114792.191628 0.406504393 -0.319043458 -0.026744956 0.005323131 0.058089130 -0.014643629 0.998189867
1770114792.358288 0.420278341 -0.323276877 -0.063297138 0.016870996 0.056911524 -0.016801812 0.998095274
1770114792.391626 0.426831007 -0.324997634 -0.063172795 0.018847995 0.056660768 -0.016658127 0.998076618
1770114792.424964 0.430440515 -0.336582541 -0.068820007 0.019766968 0.056392740 -0.015849642 0.998087168
1770114792.458288 0.444934905 -0.339481741 -0.063364886 0.021519573 0.055520371 -0.015415152 0.998106599
1770114792.491623 0.444137752 -0.373437256 -0.071692646 0.022136725 0.055704866 -0.008352648 0.998166919
1770114792.524955 0.445875198 -0.375052810 -0.073562130 0.023764806 0.055798616 -0.007855248 0.998128295
1770114792.658308 0.449407607 -0.383656412 -0.083042331 0.029113855 0.056584187 -0.006902482 0.997949362
1770114792.691646 0.452093899 -0.382586300 -0.086218767 0.030838462 0.056411520 -0.006741106 0.997908473
1770114792.724963 0.458703905 -0.384919077 -0.087265223 0.031517468 0.056135692 -0.006327889 0.997905552
1770114792.758370 0.463619679 -0.387980998 -0.082318887 0.032330964 0.056294423 -0.005266815 0.997876763
1770114792.791643 0.456557542 -0.386961728 -0.089855969 0.033695366 0.057376910 -0.005422986 0.997769117
1770114792.824961 0.461700946 -0.387073845 -0.090464793 0.034837328 0.057265632 -0.005476866 0.997735977
1770114792.958316 0.474140972 -0.392199308 -0.100540116 0.037810497 0.057558447 -0.004033116 0.997617781
1770114792.991663 0.473256767 -0.391955703 -0.103886470 0.038592905 0.057845995 -0.003701479 0.997572482
1770114793.024977 0.478374779 -0.395331860 -0.102141194 0.038765308 0.058048286 -0.002781745 0.997556984
1770114793.058297 0.476989120 -0.394087881 -0.106756911 0.039484758 0.058424696 -0.002853715 0.997506618
1770114793.091654 0.509498715 -0.418730497 -0.093373559 0.038563348 0.056890856 -0.000539312 0.997635186
1770114793.124956 0.480001986 -0.392554164 -0.107696727 0.040370267 0.058633208 -0.001949121 0.997461140
1770114793.258323 0.518396437 -0.415254980 -0.098658636 0.038823318 0.057577774 -0.000033941 0.997585893
1770114793.291621 0.523230255 -0.416460097 -0.099738650 0.038132872 0.057058573 0.000809818 0.997642040
1770114793.358289 0.536307037 -0.408255368 -0.090289839 0.038936317 0.056616087 0.000207184 0.997636497
1770114793.391625 0.536825597 -0.408624738 -0.095878251 0.039400395 0.057208490 0.000795712 0.997584164
1770114793.424957 0.534608603 -0.410906553 -0.096188694 0.039637994 0.058323149 0.001235805 0.997509778
1770114793.558289 0.543412983 -0.404506207 -0.100495517 0.040266432 0.059183788 0.002504712 0.997431517
1770114793.591624 0.541706085 -0.407020032 -0.110295586 0.039692562 0.059410091 0.002599023 0.997440875
1770114793.624952 0.548483014 -0.403170854 -0.102620259 0.040104605 0.059539650 0.002581477 0.997416675
1770114793.658290 0.557485521 -0.397056997 -0.101740018 0.040497538 0.059449144 0.002699318 0.997405887
1770114793.691627 0.566013932 -0.394011319 -0.094790511 0.040563747 0.059504855 0.003098553 0.997398674
1770114793.724973 0.559707165 -0.391701579 -0.103648260 0.040524337 0.060271055 0.003117898 0.997354269
1770114793.791619 0.550734043 -0.362164915 -0.104330346 0.041539211 0.061162066 0.002083083 0.997260928
1770114793.824951 0.566501498 -0.384610295 -0.103267081 0.039775696 0.060997643 0.003145452 0.997340143
1770114793.858294 0.570032477 -0.382179350 -0.103070572 0.039373208 0.060826842 0.003579267 0.997365057
1770114793.891626 0.568216860 -0.374602884 -0.095637091 0.039613720 0.061403014 0.003553612 0.997320354
1770114793.924953 0.551654458 -0.350820512 -0.106651135 0.040314965 0.062796861 0.001783638 0.997210145
1770114793.958287 0.557036757 -0.349485517 -0.107180245 0.039884634 0.062647030 0.003116392 0.997233689
1770114794.058305 0.567784667 -0.333743542 -0.100094281 0.039230652 0.063058957 0.002629822 0.997235060
1770114794.091621 0.569689691 -0.333586693 -0.101578042 0.038526867 0.063221730 0.003498378 0.997249484
1770114794.124951 0.573305309 -0.328854203 -0.103557006 0.038215190 0.063142896 0.003587065 0.997266173
1770114794.158293 0.572293341 -0.329213828 -0.105426535 0.037498780 0.063473418 0.004089910 0.997270405
1770114794.224955 0.574544907 -0.312201142 -0.106168024 0.036857709 0.063809320 0.002904471 0.997277081
1770114794.258287 0.605409861 -0.290334791 -0.079190932 0.038832616 0.062105235 0.004037328 0.997305691
1770114794.391621 0.579318702 -0.292179674 -0.102388471 0.034471162 0.064818300 0.003501313 0.997295380
1770114794.458319 0.616102517 -0.257757485 -0.077767760 0.035782583 0.063233845 0.003939389 0.997349262
1770114794.491628 0.618588388 -0.248918846 -0.080480747 0.035435479 0.063350298 0.004032355 0.997353971
1770114794.558308 0.630579710 -0.239554495 -0.072381683 0.033984575 0.062978789 0.004911260 0.997424006
1770114794.591634 0.629074156 -0.236392766 -0.076669872 0.033272836 0.063002281 0.005349476 0.997444212
1770114794.691621 0.634158194 -0.234233305 -0.086956531 0.029716486 0.063234873 0.006374767 0.997535825
1770114794.724957 0.632889032 -0.228538990 -0.086792067 0.028720610 0.063612536 0.005664190 0.997545302
1770114794.758292 0.624747217 -0.206918553 -0.081006393 0.029691895 0.064046793 0.004342200 0.997495651
1770114794.791621 0.635208607 -0.219862476 -0.090099536 0.027299589 0.063824579 0.006634326 0.997565687
1770114794.824958 0.635328174 -0.216792852 -0.091721207 0.026031498 0.064008020 0.006733675 0.997587144
1770114794.858292 0.636685133 -0.212096289 -0.090884596 0.025571562 0.063938610 0.007126971 0.997600675
1770114794.958290 0.638879359 -0.178359360 -0.089829631 0.024380332 0.064346150 0.005697306 0.997613549
1770114794.991619 0.643570185 -0.181744605 -0.070120670 0.022999112 0.064042434 0.005684562 0.997665942
1770114795.024953 0.639900625 -0.165686488 -0.088962525 0.022582736 0.064692169 0.005121353 0.997636616
1770114795.058290 0.639043331 -0.155997336 -0.088000506 0.022241084 0.064982221 0.004323524 0.997629225
1770114795.091618 0.638454914 -0.148265675 -0.087508783 0.021454543 0.065234527 0.004237026 0.997630358
1770114795.124955 0.630888581 -0.143797770 -0.097324409 0.020251462 0.065792955 0.004893500 0.997615814
1770114795.224961 0.648130774 -0.134544179 -0.067172803 0.017879039 0.064761855 0.006860436 0.997717083
1770114795.291621 0.654035509 -0.099315032 -0.090169556 0.017575039 0.064582862 0.005032871 0.997744918
1770114795.324956 0.653722882 -0.093415886 -0.088759057 0.016203074 0.064760476 0.005347522 0.997754991
1770114795.358302 0.643561184 -0.107745074 -0.072110847 0.013946051 0.065119863 0.005581778 0.997764409
1770114795.391629 0.641252875 -0.098331325 -0.074522227 0.013534050 0.065644264 0.004896377 0.997739315
1770114795.424955 0.635244727 -0.088154368 -0.080560431 0.013315490 0.065898396 0.005374794 0.997723043
1770114795.558294 0.620761454 -0.025617650 -0.083641022 0.012816695 0.066321597 0.004371244 0.997706413
1770114795.624952 0.619340658 -0.013326885 -0.083984882 0.010973291 0.066492893 0.004059544 0.997718334
1770114795.658290 0.645174444 -0.007584088 -0.092351004 0.009755891 0.065523930 0.002387746 0.997800469
1770114795.691627 0.644720435 0.001399182 -0.092667550 0.009413758 0.065399744 0.002251028 0.997812271
1770114795.724954 0.640172303 -0.000762040 -0.096456185 0.008000139 0.065260433 0.004168220 0.997827530
1770114795.858298 0.663543344 0.009843709 -0.064909354 0.004231185 0.063388012 0.004544637 0.997969627
1770114795.891635 0.663419604 0.016793516 -0.063485205 0.003401955 0.062984258 0.004432873 0.997998893
1770114795.924949 0.661103606 0.023820397 -0.065604106 0.002756917 0.063024975 0.003369132 0.998002470
1770114795.958342 0.658189297 0.031885237 -0.067287289 0.001890734 0.063472897 0.002737286 0.997978032
1770114795.991641 0.656801105 0.038695116 -0.065891273 0.001395003 0.063665189 0.002409150 0.997967482
1770114796.024975 0.609877527 0.065994561 -0.081716903 0.001968120 0.066121325 0.004311991 0.997800350
1770114796.158300 0.621538401 0.086251132 -0.068528078 -0.000719009 0.064452842 0.006580809 0.997898817
1770114796.191638 0.622921765 0.091375649 -0.068463340 -0.001712929 0.063841611 0.007621645 0.997929454
1770114796.224973 0.618668735 0.099068679 -0.069805868 -0.002320834 0.064551905 0.007246116 0.997885406
1770114796.258316 0.615954340 0.106231101 -0.070830539 -0.003263014 0.065007046 0.006788847 0.997856379
1770114796.291648 0.613786817 0.115432985 -0.072835021 -0.003684846 0.065516792 0.006161125 0.997825682
1770114796.458290 0.597151339 0.168933645 -0.088547602 -0.005173897 0.065277450 0.004576305 0.997843266
1770114796.491625 0.595139623 0.175497353 -0.089493304 -0.005468631 0.064859241 0.004655955 0.997868657
1770114796.524962 0.591911554 0.181292713 -0.091761157 -0.006322202 0.064474128 0.003686725 0.997892559
1770114796.558296 0.588924885 0.189233243 -0.089880921 -0.006922948 0.064577185 0.002302223 0.997886062
1770114796.591644 0.586146295 0.198101193 -0.090413131 -0.006682125 0.063878819 0.002508436 0.997932136
1770114796.624952 0.586722672 0.207947910 -0.086693265 -0.006821156 0.063468330 0.001964245 0.997958660
1770114796.758308 0.577263951 0.225648344 -0.091224365 -0.009114144 0.062659994 0.004700396 0.997982264
1770114796.791633 0.575116575 0.232662067 -0.091654807 -0.009467973 0.062132105 0.005230320 0.998009324
1770114796.824987 0.570991874 0.236323208 -0.094075814 -0.010277675 0.061942469 0.004258214 0.998017728
1770114796.858300 0.567668617 0.242363766 -0.096376367 -0.010096919 0.062022306 0.004339554 0.998014271
1770114796.891633 0.562964976 0.249998465 -0.098186381 -0.010259820 0.062217575 0.003790175 0.998002708
1770114796.924960 0.560213625 0.259848833 -0.092951678 -0.009551019 0.061392102 0.004668907 0.998057187
1770114796.991633 0.555612862 0.268455923 -0.098177783 -0.010531058 0.060487274 0.004725463 0.998102307
1770114797.091620 0.536268651 0.293679148 -0.081282444 -0.010619190 0.060499392 0.002776253 0.998107910
1770114797.124948 0.533396006 0.297299862 -0.081906632 -0.011274422 0.059832431 0.003148256 0.998139858
1770114797.158281 0.530364931 0.301962823 -0.080386817 -0.011365086 0.059653394 0.003462542 0.998148501
1770114797.191618 0.526789129 0.305462688 -0.080641121 -0.011658235 0.059544127 0.003101305 0.998152792
1770114797.224962 0.521809757 0.311645627 -0.080686331 -0.011330370 0.059336241 0.002789441 0.998169899
1770114797.291617 0.512443542 0.316787630 -0.086587667 -0.012492359 0.059225500 0.002493563 0.998163402
1770114797.324957 0.507795513 0.322090238 -0.087944403 -0.012513435 0.059219435 0.002005141 0.998164535
1770114797.424960 0.505857885 0.316741347 -0.083399780 -0.013643955 0.056175575 0.003070283 0.998322964
1770114797.458327 0.506541252 0.316535711 -0.094343632 -0.013404261 0.055014219 0.003531580 0.998389363
1770114797.524948 0.496074647 0.326906681 -0.077241726 -0.013089553 0.054180168 0.002532501 0.998442173
1770114797.591615 0.490143627 0.324363440 -0.094351545 -0.014211457 0.053841792 0.002769398 0.998444557
1770114797.624952 0.485635132 0.329571158 -0.090620898 -0.013913490 0.054183740 0.002785705 0.998430192
1770114797.691621 0.473451704 0.334772229 -0.089236535 -0.014205514 0.054279592 0.002929253 0.998420417
1770114797.758331 0.463932097 0.336563438 -0.081333697 -0.014390780 0.053604681 0.004111911 0.998450100
1770114797.791632 0.461073130 0.336456180 -0.087446339 -0.014442700 0.053412642 0.003208254 0.998462975
1770114797.824962 0.456305683 0.336848408 -0.087599106 -0.014308337 0.053147417 0.003323001 0.998478651
1770114797.858285 0.449165493 0.336867511 -0.089423768 -0.014517423 0.053527232 0.002795269 0.998456955
1770114797.924962 0.437075764 0.334015012 -0.097522140 -0.015412465 0.053000320 0.003729312 0.998468637
1770114797.958289 0.440589279 0.340361953 -0.079644732 -0.013948268 0.052420799 0.004206775 0.998518884
1770114798.058306 0.422850639 0.336521208 -0.078515932 -0.014174271 0.051730450 0.003380608 0.998554826
1770114798.091635 0.417238057 0.334357709 -0.079681732 -0.014134538 0.051720701 0.003097872 0.998556793
1770114798.124959 0.411401540 0.332259178 -0.078260772 -0.014142129 0.051371664 0.003218773 0.998574317
1770114798.158301 0.408183724 0.332708716 -0.074758723 -0.014057351 0.051183306 0.003628979 0.998583734
1770114798.191621 0.404988408 0.330977917 -0.079061136 -0.013648110 0.050388422 0.003770697 0.998629332
1770114798.224993 0.397777259 0.327627718 -0.085583530 -0.013644608 0.050223526 0.004036338 0.998636663
1770114798.324948 0.375723243 0.316876382 -0.079675056 -0.013887549 0.050069578 0.003851322 0.998641729
1770114798.391632 0.374459714 0.313050985 -0.089335419 -0.012449420 0.048281848 0.004960716 0.998743892
1770114798.424964 0.369979292 0.309594750 -0.090578817 -0.012279361 0.047898307 0.005661757 0.998760760
1770114798.458290 0.357047737 0.294003576 -0.086158767 -0.013804733 0.048316471 0.004418963 0.998726904
1770114798.524966 0.346620291 0.285521150 -0.086189657 -0.013440760 0.047622260 0.005077560 0.998762131
1770114798.624953 0.326410323 0.267364174 -0.085504815 -0.012998663 0.046594340 0.004528242 0.998819113
1770114798.691629 0.315005034 0.271427393 -0.079956472 -0.011634868 0.046659734 0.004262006 0.998834014
1770114798.724949 0.312591136 0.269902617 -0.078468874 -0.010274407 0.045831945 0.005031363 0.998883665
1770114798.791634 0.299878716 0.242139518 -0.084122986 -0.011010782 0.044465821 0.006123281 0.998931527
1770114798.824961 0.294978231 0.235606506 -0.085195579 -0.010523604 0.043899573 0.006445426 0.998959780
1770114798.924955 0.281286985 0.237833992 -0.074768178 -0.007029037 0.043654360 0.007134352 0.998996496
1770114798.958291 0.266524762 0.220653638 -0.077357225 -0.009014275 0.044475213 0.003192893 0.998964727
1770114798.991642 0.266074836 0.220525116 -0.074252397 -0.006697926 0.042961232 0.004192747 0.999045551
1770114799.058311 0.263034999 0.213243753 -0.073140010 -0.004980161 0.042056706 0.007640721 0.999073625
1770114799.091646 0.255846292 0.193495721 -0.091456391 -0.006306051 0.041351799 0.005313021 0.999110639
1770114799.124987 0.252824903 0.189327270 -0.091937199 -0.005060024 0.040454216 0.005411688 0.999153972
1770114799.191616 0.242796019 0.187334195 -0.080837324 -0.002063808 0.039477702 0.010267666 0.999165595
1770114799.258300 0.233472139 0.167601094 -0.071017928 -0.002392261 0.040055823 0.004332918 0.999185205
1770114799.291631 0.228159592 0.161517590 -0.070866235 -0.001719624 0.039895911 0.004263156 0.999193311
1770114799.358291 0.218387127 0.151492938 -0.067985490 -0.000033405 0.038506106 0.005864850 0.999241173
1770114799.391630 0.214583009 0.145812660 -0.068052076 0.001096372 0.037803136 0.005583802 0.999269009
1770114799.458285 0.189475417 0.123518370 -0.068128221 0.002551599 0.039148133 0.004513614 0.999220014
1770114799.491620 0.185991883 0.118887268 -0.067092791 0.003874201 0.038434472 0.005180946 0.999240220
1770114799.524989 0.177679256 0.108733490 -0.069906838 0.004137727 0.038501464 0.005613256 0.999234200
1770114799.558296 0.170601204 0.102084957 -0.074821144 0.006052738 0.037938863 0.005937108 0.999244094
1770114799.624980 0.161010623 0.090425149 -0.071780622 0.008358318 0.037314165 0.004495619 0.999258518
1770114799.658305 0.157035142 0.086171702 -0.075480498 0.010214708 0.036361355 0.003638800 0.999279916
1770114799.724967 0.145841584 0.066908255 -0.082733303 0.013744532 0.035178840 0.001596412 0.999285221
1770114799.791621 0.137517691 0.061614282 -0.084361129 0.019411325 0.033619355 -0.000021834 0.999246180
1770114799.824950 0.132036567 0.051812794 -0.087866768 0.023299728 0.033135343 -0.000667314 0.999179065
1770114799.858281 0.126974329 0.049415134 -0.090430595 0.026339076 0.031959139 -0.000234113 0.999142051
1770114799.924948 0.115133144 0.026066970 -0.105905406 0.034136027 0.028564246 -0.000307391 0.999008894
1770114799.958292 0.112096876 0.034721497 -0.099218912 0.036288470 0.027410584 -0.004631171 0.998954713
1770114799.991613 0.107031591 0.032342575 -0.103745587 0.040955678 0.025981067 -0.003774913 0.998815954
1770114800.058325 0.116316758 0.052461114 -0.044597648 0.050134990 0.022887630 -0.007953646 0.998448491
1770114800.091617 0.115137376 0.050362978 -0.046237901 0.054350391 0.020401441 -0.007473333 0.998285532
1770114800.124952 0.109391227 0.042787433 -0.047406316 0.056026757 0.018696563 -0.010358208 0.998200476
1770114800.224947 0.091782540 0.019845027 -0.058767192 0.067972571 0.013954146 -0.009566566 0.997543752
1770114800.258279 0.089932613 0.013804656 -0.061125081 0.072006069 0.011599271 -0.009235682 0.997294009
1770114800.291612 0.086092412 0.007127878 -0.050605662 0.073441543 0.009312494 -0.014128778 0.997155964
1770114800.358279 0.066486724 -0.016349478 -0.057008065 0.079793461 0.002020976 -0.010256190 0.996756613
1770114800.391616 0.063117899 -0.021751450 -0.058885094 0.083027244 -0.002091062 -0.009290514 0.996501863
1770114800.424953 0.057195816 -0.030368930 -0.058461003 0.085866995 -0.006095259 -0.010131035 0.996236503
1770114800.591625 0.038933616 -0.087014370 -0.059996277 0.096896157 -0.031966425 -0.010250382 0.994728267
1770114800.624949 0.032946914 -0.096979737 -0.060967211 0.099125490 -0.037289392 -0.009134004 0.994334102
1770114800.658283 0.031174609 -0.109794945 -0.069766387 0.100684874 -0.042956602 -0.007198338 0.993964612
1770114800.691625 0.018129742 -0.131821766 -0.070332021 0.100096039 -0.047585316 -0.007677651 0.993809581
1770114800.724946 0.008788409 -0.148449406 -0.074910976 0.099937893 -0.051619221 -0.005638450 0.993637800
1770114800.758304 -0.006804278 -0.164490968 -0.074655361 0.099605590 -0.054185256 -0.005582008 0.993534863
1770114800.858280 -0.050526518 -0.196805626 -0.071157061 0.099194571 -0.062264353 0.000579831 0.993117929
1770114800.891627 -0.054431748 -0.204286873 -0.068392977 0.098049022 -0.063870430 0.004109719 0.993121386
1770114800.924945 -0.068940245 -0.214687988 -0.055849385 0.096533284 -0.062981561 0.008707969 0.993296921
1770114800.958302 -0.062688313 -0.227782607 -0.071115136 0.093803644 -0.063581102 0.011119679 0.993496239
1770114800.991645 -0.080674581 -0.246067151 -0.066360041 0.091644801 -0.060122695 0.013217968 0.993887246
1770114801.058294 -0.080901183 -0.249530047 -0.075153880 0.072299853 -0.054156687 0.013572695 0.995819032
1770114801.124953 -0.090704396 -0.249612823 -0.074321464 0.049180508 -0.049786098 0.014193285 0.997447371
1770114801.224956 -0.118665867 -0.268865228 -0.066751383 0.023427576 -0.042494465 0.013122301 0.998735785
1770114801.258287 -0.126333907 -0.273194939 -0.061428227 0.017498078 -0.040571440 0.012483643 0.998945415
1770114801.291623 -0.140002325 -0.278840125 -0.058021691 0.012050269 -0.037687954 0.011932835 0.999145687
1770114801.324946 -0.146816805 -0.283722132 -0.048126303 0.007201128 -0.035692975 0.011262183 0.999273419
1770114801.358297 -0.155444369 -0.294907659 -0.042791858 0.001692948 -0.034159373 0.011702713 0.999346495
1770114801.391617 -0.161437675 -0.297108620 -0.036619708 -0.001826562 -0.032611817 0.011360533 0.999401867
1770114801.491616 -0.205520332 -0.331665665 -0.046058688 -0.014220358 -0.027529761 0.009121572 0.999478221
1770114801.524966 -0.205807552 -0.335260272 -0.041913483 -0.015419057 -0.027510677 0.009081002 0.999461353
1770114801.558279 -0.217205167 -0.345266700 -0.040949691 -0.017624015 -0.025760490 0.007307974 0.999486089
1770114801.591655 -0.226349369 -0.356674582 -0.042503640 -0.019153608 -0.024401741 0.006701491 0.999496341
1770114801.624948 -0.236110508 -0.367134899 -0.037682522 -0.019560132 -0.022621874 0.007208904 0.999526739
1770114801.658280 -0.242277384 -0.378514826 -0.044024002 -0.020397026 -0.021671372 0.006280378 0.999537349
1770114801.758283 -0.263760269 -0.408729613 -0.060167130 -0.017701663 -0.018494984 0.007659400 0.999642909
1770114801.858282 -0.281658411 -0.434915185 -0.044126440 -0.013441430 -0.015151556 0.005004597 0.999782383
1770114801.891647 -0.287072957 -0.450821072 -0.066787399 -0.010817783 -0.014426115 0.007852488 0.999806643
1770114801.924952 -0.296110719 -0.455123097 -0.051490594 -0.008497861 -0.013349890 0.005064884 0.999862015
1770114801.958282 -0.296301007 -0.465835094 -0.059824198 -0.005379389 -0.012188195 0.008259132 0.999877155
1770114801.991612 -0.299608052 -0.478807449 -0.071395859 -0.003288422 -0.012049570 0.008905707 0.999882400
1770114802.091613 -0.323245764 -0.507810235 -0.080991797 0.001906338 -0.009329825 0.008048179 0.999922276
1770114802.124965 -0.318134606 -0.511867106 -0.075238615 0.003884233 -0.009183011 0.009089824 0.999908984
1770114802.191614 -0.355757773 -0.538540423 -0.068462878 0.005956432 -0.006354237 0.005322871 0.999947906
1770114802.224942 -0.338022441 -0.539487243 -0.078362234 0.008100606 -0.007010282 0.009650501 0.999896109
1770114802.258279 -0.364491820 -0.550669253 -0.071042866 0.009286880 -0.005334578 0.005870619 0.999925494
1770114802.291620 -0.375343740 -0.560250580 -0.076295711 0.010188033 -0.004757287 0.005858779 0.999919653
1770114802.391615 -0.390770614 -0.575302362 -0.080647796 0.014199767 -0.003671482 0.005481452 0.999877453
1770114802.424943 -0.395505130 -0.580413461 -0.075272858 0.015222657 -0.003095553 0.005847691 0.999862254
1770114802.491614 -0.409395754 -0.586428463 -0.082170464 0.017474517 -0.002501688 0.005296955 0.999830186
1770114802.524950 -0.411526948 -0.592826068 -0.085340343 0.018309951 -0.002384261 0.005756643 0.999812961
1770114802.591643 -0.419243813 -0.607452452 -0.092780918 0.019075271 -0.002524037 0.006405098 0.999794364
1770114802.691611 -0.439134419 -0.615690827 -0.101474762 0.020596730 -0.001598970 0.006051482 0.999768317
1770114802.724945 -0.438461185 -0.618093550 -0.095742024 0.020696241 -0.001745563 0.006206339 0.999765038
1770114802.791610 -0.451695710 -0.624660313 -0.101827167 0.020115115 -0.000978922 0.006307086 0.999777317
1770114802.824952 -0.463393301 -0.618713021 -0.103662170 0.021003429 -0.000588645 0.006395461 0.999758780
1770114802.858287 -0.457436681 -0.630182743 -0.101467967 0.020479890 -0.001056383 0.005861262 0.999772549
1770114802.891638 -0.473440617 -0.620257437 -0.100737564 0.022645082 -0.000427320 0.005899869 0.999726117
1770114802.991654 -0.492137074 -0.617582142 -0.101123467 0.025368212 -0.000235581 0.005860174 0.999660969
1770114803.024959 -0.495126188 -0.617173612 -0.101114243 0.025635574 -0.000111258 0.006388033 0.999650955
1770114803.058283 -0.496894360 -0.614011645 -0.099202953 0.026252139 -0.000576641 0.005972931 0.999637365
1770114803.091631 -0.508687496 -0.618220329 -0.107847810 0.026088856 -0.000104046 0.005373820 0.999645233
1770114803.124959 -0.500449896 -0.610625088 -0.098705158 0.027000356 -0.000856164 0.005854564 0.999617994
1770114803.158295 -0.499636114 -0.611364067 -0.099168293 0.027354704 -0.001377132 0.006464938 0.999603927
1770114803.224955 -0.528213501 -0.612670243 -0.108257137 0.027102038 -0.000128409 0.004488496 0.999622643
1770114803.258289 -0.519829154 -0.605444074 -0.104056425 0.028263245 -0.000874636 0.005343903 0.999585867
1770114803.324960 -0.527534187 -0.602187693 -0.106980816 0.028658142 -0.001253286 0.005637783 0.999572635
1770114803.358289 -0.502370238 -0.615023434 -0.095213592 0.027383806 -0.003262193 0.005830665 0.999602675
1770114803.391611 -0.539457202 -0.600671887 -0.111369148 0.028014837 -0.001100207 0.004418025 0.999597132
1770114803.424950 -0.539829850 -0.598575294 -0.113780871 0.028141208 -0.001277655 0.005005305 0.999590635
1770114803.491615 -0.554853857 -0.582111835 -0.111153267 0.028865717 -0.001161961 0.004355073 0.999573171
1770114803.524953 -0.554609597 -0.587991834 -0.118663222 0.028059335 -0.001510786 0.004204974 0.999596298
1770114803.624955 -0.563449800 -0.580297589 -0.121552929 0.027541326 -0.002188250 0.003260329 0.999612987
1770114803.658294 -0.565171480 -0.579543352 -0.125259459 0.027188178 -0.002466298 0.003394164 0.999621630
1770114803.691628 -0.582643628 -0.549159467 -0.114606552 0.029059395 -0.001488425 0.005039678 0.999563873
1770114803.724944 -0.587092280 -0.526607037 -0.078442700 0.030616112 -0.001337492 0.005205906 0.999516785
1770114803.824912 -0.607177436 -0.513801157 -0.088684246 0.028751815 -0.000844912 0.003493609 0.999580145
1770114803.858245 -0.608904421 -0.508599937 -0.089508206 0.028343333 -0.000960438 0.002968297 0.999593377
1770114803.924921 -0.618115842 -0.516682446 -0.121387601 0.026507009 -0.001366162 0.004996688 0.999635220
1770114803.958251 -0.651970088 -0.485302567 -0.113664642 0.027514802 0.000495205 0.002915657 0.999617100
1770114803.991581 -0.656334400 -0.479304790 -0.113457911 0.027035743 0.000567744 0.002567279 0.999631107
1770114804.024914 -0.629842758 -0.497890234 -0.131362483 0.025357144 -0.001792941 0.004227818 0.999667943
1770114804.091578 -0.625386178 -0.459097862 -0.103471100 0.026660079 -0.001977660 0.004730791 0.999631405
1770114804.124913 -0.638944566 -0.467928112 -0.120809384 0.025129540 -0.001639402 0.004621348 0.999672174
1770114804.191585 -0.643962801 -0.453091741 -0.124590546 0.024513422 -0.002431076 0.004347452 0.999687135
1770114804.224935 -0.637133300 -0.423977613 -0.101976976 0.025732107 -0.002552636 0.003419097 0.999659836
1770114804.258256 -0.646973729 -0.406068623 -0.091078699 0.026497327 -0.002183355 0.003726300 0.999639571
1770114804.291579 -0.642166257 -0.402904332 -0.093663245 0.025097063 -0.002201120 0.003315715 0.999677181
1770114804.391577 -0.659423590 -0.368170083 -0.087815158 0.025021868 -0.002004678 0.003286169 0.999679565
1770114804.424909 -0.659992456 -0.361292809 -0.093164995 0.024415566 -0.002200690 0.003617501 0.999692976
1770114804.458242 -0.661859334 -0.348835409 -0.086732879 0.024555542 -0.002342355 0.003485895 0.999689698
1770114804.558244 -0.667192519 -0.316429347 -0.089023829 0.023082394 -0.003041673 0.003092747 0.999724209
1770114804.591577 -0.671572208 -0.313931674 -0.094990537 0.022208622 -0.002747572 0.002288226 0.999747038
1770114804.758255 -0.676097453 -0.260115325 -0.088555098 0.020011779 -0.003309664 0.002634425 0.999790788
1770114804.791578 -0.677172065 -0.253565520 -0.092242472 0.019511783 -0.003203271 0.003241807 0.999799311
1770114804.824917 -0.677909851 -0.246017903 -0.092432030 0.018729076 -0.003529603 0.003540850 0.999812126
1770114804.891577 -0.677123725 -0.218032643 -0.091876268 0.018557465 -0.004461127 0.004382541 0.999808311
1770114804.924911 -0.682264447 -0.204749554 -0.080404073 0.017906401 -0.003854088 0.002613361 0.999828875
1770114804.958245 -0.681976974 -0.197221547 -0.081131473 0.017176118 -0.003839211 0.002835948 0.999841094
1770114805.024911 -0.651092768 -0.179558590 -0.084834680 0.015522876 -0.005739627 0.001819739 0.999861419
1770114805.058243 -0.684509754 -0.159410149 -0.072491720 0.015944337 -0.003804293 0.001692787 0.999864221
1770114805.091577 -0.649855375 -0.162757695 -0.083784096 0.014158230 -0.006186784 0.002502210 0.999877572
1770114805.158260 -0.684783578 -0.128007397 -0.072547704 0.013973438 -0.004282425 0.001342549 0.999892294
1770114805.191577 -0.653636456 -0.126849815 -0.086810991 0.012908122 -0.006325722 0.002150623 0.999894440
1770114805.224926 -0.652338088 -0.114804439 -0.086261913 0.012572587 -0.006371851 0.001972185 0.999898791
1770114805.291576 -0.685954034 -0.081779964 -0.072456703 0.012253337 -0.004008689 0.000861248 0.999916553
1770114805.324923 -0.687814713 -0.070907325 -0.072262011 0.011748233 -0.003825902 0.000871354 0.999923348
1770114805.358276 -0.685670733 -0.060304940 -0.071587324 0.011046931 -0.004449900 0.000821974 0.999928772
1770114805.424915 -0.686998129 -0.032837164 -0.099317916 0.009849489 -0.004147483 0.000503938 0.999942780
1770114805.458273 -0.686944544 -0.025443356 -0.098241657 0.008802535 -0.004060325 0.000663285 0.999952853
1770114805.524936 -0.687740386 -0.007339835 -0.096849091 0.007504734 -0.004162563 0.001072372 0.999962628
1770114805.558263 -0.685967386 0.005104652 -0.096779898 0.007279908 -0.004465034 0.000054163 0.999963582
1770114805.591609 -0.689703941 0.019177847 -0.098250128 0.006827820 -0.004667775 -0.010214439 0.999913692
1770114805.691576 -0.664586127 0.046058398 -0.080362096 0.004643114 -0.006993150 -0.042486083 0.999061823
1770114805.724915 -0.696550488 0.061563738 -0.103906833 0.003278339 -0.005641342 -0.051827345 0.998634815
1770114805.758252 -0.667977750 0.068508677 -0.079047807 0.003145217 -0.006194143 -0.062650949 0.998011351
1770114805.791584 -0.669130206 0.080183230 -0.080056451 0.002493128 -0.005845959 -0.073680438 0.997261643
1770114805.824916 -0.671575308 0.089898787 -0.079782583 0.001119898 -0.004916207 -0.084668539 0.996396422
1770114805.924927 -0.676505506 0.121447876 -0.078315809 -0.001298682 -0.003931751 -0.113712750 0.993505061
1770114805.991582 -0.680868208 0.149122804 -0.077807494 -0.001806425 -0.003401386 -0.131986201 0.991244078
1770114806.124938 -0.677022040 0.190290689 -0.076155990 -0.004178935 -0.002955513 -0.168714985 0.985651612
1770114806.158247 -0.682344735 0.203995854 -0.092724241 -0.005017427 -0.002156164 -0.177988663 0.984017372
1770114806.224937 -0.683295310 0.219840109 -0.092085056 -0.006715957 -0.001751191 -0.195232108 0.980732560
1770114806.291577 -0.684760988 0.244508460 -0.088584110 -0.007679814 -0.001249380 -0.214037925 0.976794362
1770114806.358253 -0.688819289 0.257559240 -0.083453238 -0.009088389 -0.000600247 -0.228553340 0.973488808
1770114806.391590 -0.680177093 0.272242367 -0.087413363 -0.008868811 -0.001130900 -0.235986665 0.971715212
1770114806.424923 -0.679462075 0.282985270 -0.089897670 -0.009590129 -0.000765169 -0.243776903 0.969783664
1770114806.458260 -0.681796789 0.291212231 -0.093471125 -0.010783421 -0.000231274 -0.251799375 0.967719376
1770114806.524912 -0.681130469 0.309571683 -0.101798214 -0.012181831 -0.000317630 -0.266921669 0.963641167
1770114806.558246 -0.680705130 0.319235593 -0.098516189 -0.012080227 0.000145854 -0.273875445 0.961689353
1770114806.658285 -0.683795869 0.343770593 -0.073223613 -0.014174727 0.001802930 -0.294542611 0.955531538
1770114806.691578 -0.683024228 0.349674642 -0.072018370 -0.014756838 0.001814692 -0.300599605 0.953634560
1770114806.724916 -0.676512599 0.358398229 -0.097081110 -0.015174868 0.000988672 -0.304811209 0.952291429
1770114806.758256 -0.671782315 0.366531640 -0.101008102 -0.015081826 0.000435117 -0.310267657 0.950529516
1770114806.824912 -0.675177634 0.383779466 -0.095125169 -0.016112154 0.002086085 -0.324068069 0.945894301
1770114806.858258 -0.674670756 0.386065423 -0.076305926 -0.017273335 0.002587059 -0.328660011 0.944286823
1770114806.958244 -0.666886449 0.410631359 -0.106428631 -0.018597722 0.003415549 -0.345112711 0.938370764
1770114806.991575 -0.665970206 0.415416181 -0.093410157 -0.018654946 0.003281548 -0.348762989 0.937019587
1770114807.024919 -0.663730145 0.419890821 -0.095194280 -0.019119522 0.003564346 -0.353823066 0.935110152
1770114807.058247 -0.658804834 0.426805109 -0.093927152 -0.019323263 0.003019123 -0.357094765 0.933863461
1770114807.091577 -0.654597282 0.436585844 -0.110477261 -0.019625001 0.003671244 -0.361936808 0.931988835
1770114807.124919 -0.655511975 0.440181732 -0.112781495 -0.020616330 0.004025065 -0.367133886 0.929930925
1770114807.258250 -0.642901123 0.452826917 -0.117513381 -0.021535613 0.003984724 -0.377729744 0.925656855
1770114807.291585 -0.642348230 0.453909308 -0.118165359 -0.022550069 0.004641715 -0.380904645 0.924327731
1770114807.324924 -0.636772513 0.466752410 -0.113336958 -0.022719812 0.005480973 -0.386364430 0.922050059
1770114807.358266 -0.623736322 0.468046874 -0.108507074 -0.022840049 0.005338546 -0.387921304 0.921394050
1770114807.391605 -0.634172499 0.460212797 -0.125078261 -0.023869587 0.005256671 -0.387922764 0.921367824
1770114807.424940 -0.630098581 0.464564830 -0.130384013 -0.023625806 0.006031791 -0.390126467 0.920438409
1770114807.591585 -0.591047347 0.484485865 -0.109261736 -0.023422766 0.006895874 -0.398148000 0.916996181
1770114807.624924 -0.602828860 0.474694163 -0.134665534 -0.024938226 0.007177573 -0.398850083 0.916648984
1770114807.658269 -0.586431324 0.486154258 -0.110017717 -0.024308631 0.007651576 -0.400662899 0.915871084
1770114807.691590 -0.581489623 0.486883134 -0.110015139 -0.024700401 0.007719977 -0.401572764 0.915461421
1770114807.724937 -0.573536634 0.487344265 -0.109430633 -0.024557844 0.007650422 -0.401905507 0.915319860
1770114807.758276 -0.570441842 0.490295410 -0.105196685 -0.024542987 0.008116205 -0.402983069 0.914842367
1770114807.858256 -0.558185399 0.482640982 -0.119428016 -0.024824226 0.007406434 -0.400488317 0.915935576
1770114807.891575 -0.546363711 0.484628111 -0.114176899 -0.024953129 0.007784286 -0.401634037 0.915427148
1770114807.924920 -0.547495365 0.481579244 -0.126481965 -0.024790740 0.007433486 -0.400099218 0.916106343
1770114807.958251 -0.542522609 0.480754018 -0.125065103 -0.024797596 0.008093910 -0.399369925 0.916418731
1770114807.991575 -0.534322679 0.480338186 -0.122948855 -0.024677798 0.008016574 -0.398449868 0.916823030
1770114808.024910 -0.528791845 0.479870588 -0.124618508 -0.024604127 0.008484977 -0.397736698 0.917130411
1770114808.124913 -0.519038320 0.471392334 -0.132897943 -0.024954369 0.010292547 -0.395353705 0.918132246
1770114808.158249 -0.504775882 0.467503011 -0.124959327 -0.024752704 0.009640304 -0.392723799 0.919272780
1770114808.224910 -0.505988240 0.457389355 -0.135488138 -0.025906341 0.011945010 -0.391553789 0.919712961
1770114808.258248 -0.494448036 0.452609837 -0.135343567 -0.025586933 0.011669339 -0.388659745 0.920952141
1770114808.291596 -0.490823984 0.450490981 -0.131111830 -0.025539968 0.012256214 -0.387154877 0.921579480
1770114808.324917 -0.468973607 0.450966626 -0.114997067 -0.023961002 0.011766433 -0.383309811 0.923234046
1770114808.424908 -0.455534756 0.432744652 -0.135069370 -0.024247888 0.013197893 -0.375586629 0.926376045
1770114808.458242 -0.437992930 0.428293973 -0.115993299 -0.023271393 0.012251364 -0.372704238 0.927577496
1770114808.524927 -0.430519640 0.414941311 -0.108991310 -0.024252899 0.014992394 -0.369238555 0.928897202
1770114808.558240 -0.418184400 0.412715644 -0.108615696 -0.021963643 0.014045892 -0.362539083 0.931603909
1770114808.591580 -0.409724236 0.406998605 -0.102844074 -0.021633390 0.013794063 -0.358311117 0.933249712
1770114808.624908 -0.393756717 0.398007393 -0.108688608 -0.021169683 0.013501449 -0.353182763 0.935217381
1770114808.724933 -0.392554641 0.370606482 -0.111957423 -0.022601508 0.018006139 -0.343953967 0.938541770
1770114808.824922 -0.360647202 0.347252786 -0.109182641 -0.021477591 0.018454293 -0.329183996 0.943841159
1770114808.858242 -0.354659230 0.342139214 -0.102582678 -0.019814046 0.019531287 -0.321919888 0.946358025
1770114808.891575 -0.345574081 0.335261613 -0.100879937 -0.018934593 0.019558553 -0.314784557 0.948772728
1770114808.924922 -0.335417658 0.327296942 -0.095507085 -0.018197313 0.020005357 -0.308207542 0.950934708
1770114809.024934 -0.310418516 0.296362787 -0.085740149 -0.015119242 0.020907497 -0.281796932 0.959127069
1770114809.058273 -0.298318982 0.289628416 -0.080853514 -0.013806899 0.021003839 -0.272857696 0.961726010
1770114809.091606 -0.292694926 0.281840801 -0.084905699 -0.012489193 0.021697100 -0.263136923 0.964433610
1770114809.124908 -0.278774261 0.268946528 -0.085811399 -0.011480166 0.021604091 -0.251720339 0.967490733
1770114809.158254 -0.264565855 0.258769810 -0.072912164 -0.011521071 0.021701630 -0.241739631 0.970030069
1770114809.191578 -0.253571630 0.251977563 -0.068400107 -0.009799369 0.022289077 -0.229640052 0.972971082
1770114809.224938 -0.243610516 0.244049340 -0.066935845 -0.008604815 0.022500308 -0.218186423 0.975609839
1770114809.291587 -0.224473476 0.214999959 -0.070324987 -0.007763582 0.023226062 -0.200079724 0.979473531
1770114809.358290 -0.200084254 0.206098795 -0.058060884 -0.003949746 0.023717625 -0.182080925 0.982989490
1770114809.391593 -0.194349945 0.191606730 -0.069381997 -0.003041564 0.023990076 -0.174235523 0.984407067
1770114809.424915 -0.185101673 0.172338769 -0.083870701 -0.002148107 0.024495617 -0.165953755 0.985826910
1770114809.458241 -0.176481396 0.174289867 -0.065518059 -0.000156217 0.025121931 -0.159062281 0.986948848
1770114809.491638 -0.164708763 0.163491413 -0.072149746 0.002707943 0.025803177 -0.154656917 0.987627566
1770114809.558263 -0.150492460 0.126126736 -0.075832300 0.006879470 0.027213529 -0.148031950 0.988584161
1770114809.624918 -0.135193363 0.110350356 -0.066961557 0.014240517 0.030490279 -0.146713495 0.988606453
1770114809.658273 -0.125606239 0.098877646 -0.068582386 0.017543197 0.031957235 -0.146436542 0.988548160
1770114809.691586 -0.116069920 0.089256600 -0.082068890 0.021537354 0.034295667 -0.145455629 0.988535643
1770114809.724920 -0.109233215 0.082083277 -0.080015935 0.025514904 0.036806148 -0.145226687 0.988384366
1770114809.791581 -0.090786941 0.064098172 -0.070667431 0.034576740 0.041951932 -0.143699840 0.988126934
1770114809.824923 -0.081793748 0.058200423 -0.075963423 0.037973661 0.045223374 -0.143155128 0.987937033
1770114809.924909 -0.059235562 0.037436843 -0.055379584 0.050869592 0.055504955 -0.142695412 0.986898959
1770114809.958271 -0.054193471 0.018482186 -0.076625071 0.052073799 0.058577847 -0.142907590 0.986627817
1770114809.991593 -0.050062764 0.017498134 -0.060435243 0.058877163 0.062507451 -0.142979056 0.985993564
1770114810.024927 -0.044838827 0.007986523 -0.057328239 0.062392663 0.066192813 -0.142135382 0.985658765
1770114810.091603 -0.025012037 -0.025251826 -0.077600010 0.064819515 0.074182361 -0.141852021 0.984973907
1770114810.124909 -0.010792046 -0.022726307 -0.041740295 0.069833338 0.079364978 -0.138409436 0.984716892
1770114810.258292 0.000617884 -0.059663650 -0.064921707 0.075105518 0.102794409 -0.136782378 0.982386410
1770114810.291593 0.006570898 -0.065389343 -0.062688634 0.076845847 0.109044194 -0.136074468 0.981676042
1770114810.324919 0.017121598 -0.080212630 -0.068422124 0.076652840 0.113506973 -0.136060432 0.981187105
1770114810.391586 0.048211716 -0.107232228 -0.059905831 0.076613739 0.122832417 -0.135412037 0.980156183
1770114810.424912 0.060881197 -0.118666485 -0.044258490 0.076787531 0.127985850 -0.135250553 0.979505301
1770114810.524915 0.094553083 -0.154771537 -0.036332719 0.073174223 0.139547169 -0.135673493 0.978143573
1770114810.558239 0.102225557 -0.169731990 -0.038779315 0.070785724 0.141822413 -0.136063352 0.977937996
1770114810.591578 0.110207684 -0.149618909 -0.012368407 0.071690060 0.144469827 -0.139005661 0.977070332
1770114810.624917 0.115536749 -0.154115424 -0.011573615 0.070523486 0.145865619 -0.138183191 0.977064550
1770114810.658240 0.127848566 -0.166055620 -0.008286801 0.068945803 0.145088062 -0.135897592 0.977613330
1770114810.691575 0.140246421 -0.177251786 -0.011572600 0.066306956 0.142902851 -0.133291543 0.978476167
1770114810.858247 0.168254763 -0.215732425 -0.057612486 0.012848309 0.118312113 -0.112501159 0.986499190
1770114810.891573 0.173856452 -0.215589955 -0.050944924 0.006622153 0.114546135 -0.105367966 0.987791955
1770114810.924908 0.178496748 -0.213802516 -0.042278707 0.001971064 0.111972518 -0.098828427 0.988782704
1770114810.958238 0.195703521 -0.208752185 -0.038839549 -0.000846804 0.106957428 -0.091176167 0.990073919
1770114810.991600 0.206097901 -0.222766608 -0.039420977 -0.007938828 0.102555551 -0.085468441 0.991016924
1770114811.024915 0.223183781 -0.208041131 -0.038125418 -0.007896427 0.097888984 -0.078010172 0.992103755
1770114811.191573 0.259693682 -0.276097119 -0.036528230 -0.034823652 0.083403416 -0.061440658 0.994010210
1770114811.224914 0.262658924 -0.277758300 -0.028733462 -0.036752611 0.082762241 -0.057317816 0.994240582
1770114811.258250 0.272195071 -0.279068053 -0.025992481 -0.036999363 0.080257528 -0.052410554 0.994707525
1770114811.291574 0.284165978 -0.281490892 -0.024458900 -0.037350245 0.077741243 -0.048264135 0.995103955
1770114811.324909 0.293527573 -0.290625811 -0.023361195 -0.038853716 0.075556353 -0.044532277 0.995388627
1770114811.458270 0.333785355 -0.328519851 -0.031840403 -0.039154973 0.066378012 -0.029333871 0.996594429
1770114811.491594 0.348747522 -0.337238967 -0.026324095 -0.037886225 0.064613208 -0.025386862 0.996867716
1770114811.524967 0.351043105 -0.348511934 -0.023472594 -0.037098210 0.064452328 -0.022650292 0.996973753
1770114811.558285 0.341966301 -0.354602635 -0.055645175 -0.034231052 0.064217933 -0.022089304 0.997103989
1770114811.591598 0.347245008 -0.359853715 -0.054962765 -0.031900890 0.063277401 -0.020375852 0.997277915
1770114811.624940 0.356110752 -0.367002100 -0.054548789 -0.029780770 0.062126126 -0.018579880 0.997450948
1770114811.791593 0.384896815 -0.411735386 -0.057146620 -0.016549958 0.057438143 -0.010940008 0.998151958
1770114811.824927 0.392787844 -0.435887277 -0.053895976 -0.014714482 0.057897415 -0.007912069 0.998182833
1770114811.858258 0.356768757 -0.449953109 -0.093902893 -0.011764654 0.060466852 -0.011097384 0.998039186
1770114811.891591 0.360672891 -0.455161512 -0.093758285 -0.008813106 0.059952445 -0.009955163 0.998112679
1770114811.924924 0.364673913 -0.456637114 -0.094620168 -0.006142172 0.059496000 -0.009522563 0.998164237
1770114811.958264 0.369383931 -0.463354498 -0.094300933 -0.003671734 0.059457775 -0.007813750 0.998193502
1770114812.091599 0.381204903 -0.480832338 -0.103340276 0.004579368 0.058258120 -0.005666650 0.998275042
1770114812.124926 0.379910916 -0.478445023 -0.109318018 0.007080961 0.058485959 -0.005879093 0.998245835
1770114812.158260 0.402944386 -0.496577829 -0.095062017 0.007245112 0.057729501 -0.007637288 0.998276770
1770114812.191594 0.404433817 -0.499824792 -0.096097499 0.008928241 0.057951197 -0.007167448 0.998253822
1770114812.224931 0.409271985 -0.499833941 -0.097527035 0.011058627 0.057493314 -0.006936878 0.998260558
1770114812.258265 0.412029207 -0.502920926 -0.098472998 0.012900885 0.057392538 -0.006523380 0.998247027
1770114812.358268 0.417051405 -0.500558376 -0.103080221 0.017504293 0.057785679 -0.007149938 0.998149991
1770114812.391591 0.421757400 -0.498277426 -0.103612944 0.020017250 0.057919364 -0.007009311 0.998095930
1770114812.424927 0.449415147 -0.508882105 -0.108086392 0.021412203 0.056245871 -0.003331393 0.998181820
1770114812.458269 0.452639550 -0.508090436 -0.108289115 0.022849666 0.056136083 -0.003222158 0.998156428
1770114812.491598 0.456283718 -0.511759460 -0.108910702 0.023508914 0.056305174 -0.002318042 0.998134196
1770114812.524933 0.463605374 -0.512958229 -0.106034718 0.024385896 0.055892322 -0.002032832 0.998136938
1770114812.624929 0.467271417 -0.516270995 -0.119044095 0.027292715 0.056115873 -0.001612620 0.998049915
1770114812.658258 0.467918754 -0.512605131 -0.122545131 0.028623845 0.056453992 -0.001620849 0.997993529
1770114812.691594 0.495532930 -0.520253241 -0.077819757 0.028512867 0.055516534 -0.000630801 0.998050392
1770114812.724923 0.499634624 -0.520772755 -0.078133106 0.029429708 0.055574875 -0.000254130 0.998020649
1770114812.758260 0.501398623 -0.518201709 -0.075548202 0.029996922 0.055845696 -0.000635661 0.997988522
1770114812.791597 0.505987883 -0.518446207 -0.077788390 0.030755632 0.055615954 0.000003989 0.997978508
1770114812.891598 0.515006900 -0.520575762 -0.081375115 0.031811897 0.055734929 0.001530490 0.997937620
1770114812.924937 0.524039090 -0.520352721 -0.079991758 0.032005016 0.055293776 0.001960143 0.997955143
1770114812.991593 0.525625646 -0.514737546 -0.079694122 0.032434259 0.055588618 0.002035194 0.997924745
1770114813.024945 0.530609965 -0.503678679 -0.109733254 0.031831659 0.056180239 -0.000264385 0.997913063
1770114813.058271 0.532300174 -0.501758158 -0.110168509 0.031414844 0.056028251 -0.000428456 0.997934818
1770114813.091596 0.533737481 -0.501591265 -0.111722521 0.031369265 0.055934537 -0.000198801 0.997941554
1770114813.191592 0.542540848 -0.494658172 -0.109744161 0.033279274 0.057305343 -0.000468125 0.997801840
1770114813.224930 0.551860332 -0.489424556 -0.108213522 0.034413788 0.056797452 -0.000207336 0.997792482
1770114813.258256 0.554818571 -0.484999210 -0.103579275 0.034803238 0.057120558 -0.000353897 0.997760415
1770114813.324933 0.566065252 -0.480233490 -0.106662281 0.034520738 0.056758180 0.000873595 0.997790635
1770114813.358262 0.573338151 -0.477770269 -0.103018545 0.034432024 0.056726888 0.000841710 0.997795522
1770114813.391598 0.579739749 -0.481668234 -0.095373482 0.035128504 0.056711189 0.003268997 0.997767091
1770114813.458262 0.579350114 -0.477614671 -0.096891508 0.034760673 0.058014207 0.002419294 0.997707486
1770114813.524922 0.583899498 -0.473477542 -0.097486213 0.034691647 0.058374394 0.003365519 0.997686088
1770114813.558256 0.581957877 -0.473155499 -0.104381420 0.034427576 0.058688927 0.003798835 0.997675300
1770114813.591599 0.582329810 -0.471238345 -0.101672851 0.034063987 0.059166275 0.004107294 0.997658372
1770114813.658268 0.581526101 -0.466837585 -0.109488688 0.033305179 0.059733629 0.004043428 0.997650385
1770114813.691598 0.581556082 -0.467050999 -0.108620502 0.032603063 0.060162030 0.004837682 0.997644365
1770114813.724922 0.584673047 -0.462960213 -0.106142208 0.032506224 0.060251523 0.004928999 0.997641683
1770114813.824924 0.624631941 -0.411817878 -0.105856068 0.033855252 0.058923546 0.005975069 0.997670352
1770114813.858260 0.625689149 -0.407933831 -0.105707936 0.033277232 0.059163567 0.005878295 0.997676194
1770114813.891590 0.625958681 -0.403816760 -0.104987748 0.032801349 0.059632678 0.005449781 0.997666478
1770114813.958263 0.628849804 -0.389293551 -0.103346758 0.032449014 0.059938684 0.004780858 0.997663081
1770114813.991590 0.628781319 -0.386760533 -0.103795655 0.031832203 0.060198836 0.005156214 0.997665405
1770114814.024926 0.633898437 -0.375041157 -0.102132536 0.032249238 0.060103625 0.004897906 0.997659028
1770114814.091595 0.636618912 -0.369892150 -0.106198318 0.030928439 0.060554098 0.005896625 0.997668207
1770114814.158262 0.636416972 -0.360501647 -0.106355682 0.030147502 0.061143510 0.005760532 0.997657001
1770114814.191599 0.636039913 -0.356984913 -0.110217519 0.029357413 0.061331812 0.006566814 0.997663975
1770114814.258282 0.633043826 -0.316905558 -0.098550469 0.029650871 0.062236901 0.005511587 0.997605681
1770114814.291598 0.634356916 -0.311918199 -0.098517217 0.028955443 0.062582768 0.005970784 0.997601867
1770114814.324924 0.635612965 -0.305146188 -0.099788398 0.028287519 0.062442932 0.005464232 0.997632623
1770114814.391600 0.633189023 -0.296857446 -0.100047879 0.026729202 0.063224807 0.005423964 0.997626543
1770114814.458265 0.637251198 -0.284878522 -0.100614272 0.025679937 0.063083142 0.005924436 0.997660279
1770114814.491595 0.636758745 -0.281332880 -0.101085655 0.024487451 0.063296348 0.006151179 0.997675359
1770114814.558258 0.638191879 -0.266786754 -0.100603953 0.023493495 0.063734464 0.005728067 0.997673869
1770114814.591593 0.638504982 -0.254043370 -0.104729809 0.023180015 0.063889951 0.005888429 0.997670352
1770114814.624926 0.638363004 -0.248289555 -0.101882108 0.022629621 0.064097770 0.005440846 0.997672200
1770114814.691593 0.652661204 -0.247471854 -0.080372334 0.020015130 0.063672751 0.006898218 0.997746289
1770114814.858263 0.648627758 -0.200104341 -0.084263608 0.017013300 0.065138496 0.004949453 0.997718990
1770114814.891604 0.649529397 -0.188736901 -0.084252946 0.016422078 0.065448545 0.004881715 0.997708917
1770114814.958258 0.649359465 -0.168767393 -0.087474540 0.015348882 0.065709978 0.004357178 0.997711241
1770114814.991597 0.650215149 -0.160060838 -0.089141361 0.014959808 0.065501131 0.004767453 0.997729003
1770114815.091594 0.662622690 -0.122224584 -0.089127950 0.014065793 0.064224981 0.006489748 0.997815251
1770114815.124941 0.662584543 -0.119267739 -0.088161610 0.012445319 0.064401902 0.006699613 0.997824013
1770114815.158255 0.648089647 -0.123735890 -0.089445807 0.010695068 0.066074304 0.004298148 0.997748137
1770114815.191598 0.636242986 -0.151172414 -0.099696957 0.007473765 0.066178709 0.006961776 0.997755527
1770114815.258258 0.664143980 -0.090045512 -0.084328599 0.010033966 0.063940577 0.007595951 0.997874379
1770114815.291599 0.662267387 -0.082373731 -0.086289413 0.009207181 0.064032137 0.007215779 0.997879326
1770114815.391597 0.672508299 -0.038043592 -0.072513476 0.009530036 0.063385494 0.009138316 0.997901797
1770114815.424943 0.672679782 -0.032818701 -0.073172636 0.008173237 0.063074127 0.009270844 0.997932315
1770114815.458270 0.670484424 -0.025510680 -0.074192934 0.007222454 0.063183375 0.008423457 0.997940302
1770114815.491616 0.668714702 -0.018293744 -0.073644340 0.006163610 0.063180946 0.007664211 0.997953713
1770114815.524943 0.667146087 -0.008796330 -0.075290948 0.005840655 0.063324496 0.007775237 0.997945607
1770114815.591613 0.662976682 0.014473411 -0.076404765 0.005538584 0.063626572 0.007240793 0.997932196
1770114815.658268 0.656119823 0.027430870 -0.077096827 0.003585686 0.064204797 0.005442253 0.997915506
1770114815.758260 0.654145837 0.065094143 -0.078378499 0.002919222 0.063831501 0.006277293 0.997936726
1770114815.791605 0.655394912 0.070946969 -0.076953232 0.001518994 0.063333228 0.007184451 0.997965455
1770114815.824946 0.653482318 0.078618489 -0.077009983 0.000818065 0.063344985 0.007016500 0.997966766
1770114815.858253 0.648537755 0.083567336 -0.079857379 -0.000541747 0.063861959 0.005493444 0.997943521
1770114815.891588 0.649665594 0.091859758 -0.078654967 -0.000613522 0.063208587 0.006440630 0.997979403
1770114815.924930 0.646681786 0.098057441 -0.078212991 -0.001419557 0.063632853 0.006046325 0.997954130
1770114816.024925 0.633532166 0.145171076 -0.082237072 -0.001169431 0.064504951 0.005381793 0.997902215
1770114816.091607 0.633501291 0.157553241 -0.083263822 -0.003255652 0.064292058 0.005965574 0.997908056
1770114816.124924 0.632774353 0.172687471 -0.081429087 -0.002312456 0.063737378 0.006055559 0.997945666
1770114816.158264 0.629784226 0.177078635 -0.082982168 -0.002725201 0.063928612 0.007375261 0.997923553
1770114816.191590 0.627313375 0.186886236 -0.080768287 -0.002867638 0.063290641 0.006448356 0.997970223
1770114816.224941 0.622019172 0.171009287 -0.071306460 -0.005519499 0.063982815 0.005136599 0.997922540
1770114816.291591 0.618324816 0.187812135 -0.071325704 -0.005818703 0.063169152 0.005285343 0.997971892
1770114816.391597 0.612201989 0.209174424 -0.067978390 -0.007050121 0.061743960 0.005393530 0.998052537
1770114816.424931 0.604683697 0.217871964 -0.071142733 -0.007424716 0.062508576 0.004428879 0.998006999
1770114816.458257 0.603326082 0.224396512 -0.074682832 -0.008148786 0.062276088 0.004488257 0.998015642
1770114816.491614 0.596717000 0.230472222 -0.082047090 -0.008993084 0.062542699 0.003330873 0.997996211
1770114816.524923 0.603163540 0.234234586 -0.081529908 -0.008825285 0.061490525 0.003687473 0.998061836
1770114816.558257 0.602093041 0.241131723 -0.081707813 -0.009154464 0.060723461 0.004465285 0.998102725
1770114816.691609 0.590037107 0.278918803 -0.075239949 -0.008483483 0.059666649 0.004947255 0.998170078
1770114816.724926 0.585790575 0.288437814 -0.080336854 -0.008181236 0.059160545 0.005468902 0.998199999
1770114816.758260 0.584402323 0.293651164 -0.076563992 -0.008537143 0.058566473 0.005402619 0.998232424
1770114816.791592 0.583178461 0.301279217 -0.075154096 -0.008436581 0.057947241 0.005678364 0.998267889
1770114816.824927 0.573982000 0.290462226 -0.091553733 -0.011112802 0.058603175 0.003913809 0.998211801
1770114816.858253 0.570772588 0.294720113 -0.092254706 -0.011539618 0.057903215 0.003871328 0.998248041
1770114816.991624 0.552969098 0.313544184 -0.095133722 -0.012049855 0.057335347 0.002624922 0.998278797
1770114817.024957 0.548338175 0.316044867 -0.094271220 -0.012843528 0.057141598 0.002371975 0.998280704
1770114817.058264 0.541661024 0.320093542 -0.101380855 -0.012955184 0.057513051 0.002075649 0.998258531
1770114817.091588 0.537276685 0.322293073 -0.101869971 -0.013228533 0.057231843 0.001920897 0.998271406
1770114817.124927 0.534256160 0.326265216 -0.102651611 -0.013332228 0.056225918 0.002357945 0.998326302
1770114817.158279 0.528560758 0.326587379 -0.107422628 -0.013676861 0.055916440 0.002211182 0.998339355
1770114817.291598 0.516869426 0.331414193 -0.099181764 -0.012769390 0.053460851 0.002638587 0.998484850
1770114817.324939 0.513080895 0.334852666 -0.097182296 -0.012668813 0.053306252 0.003038542 0.998493314
1770114817.391614 0.504236579 0.338677049 -0.094403341 -0.013546690 0.053335886 0.002720532 0.998481095
1770114817.424930 0.499330789 0.341644585 -0.096975297 -0.013409127 0.053140350 0.003164161 0.998492062
1770114817.458281 0.492797881 0.342094660 -0.100043952 -0.013683173 0.053492740 0.002575958 0.998471200
1770114817.624954 0.468136311 0.344905138 -0.107085250 -0.013902244 0.052318402 0.002818416 0.998529732
1770114817.658268 0.464382976 0.345349789 -0.104941562 -0.014400207 0.052148644 0.002728543 0.998531878
1770114817.691604 0.458518475 0.342839360 -0.108657420 -0.014708211 0.052011982 0.003171155 0.998533189
1770114817.724933 0.454850912 0.344282538 -0.112611778 -0.014404193 0.051757943 0.003306115 0.998550355
1770114817.758294 0.448960781 0.343213975 -0.114590816 -0.014443072 0.051787391 0.003494503 0.998547614
1770114817.791605 0.444566548 0.339073360 -0.109161966 -0.014635311 0.051535189 0.003071150 0.998559296
1770114817.924981 0.425767660 0.336222559 -0.103022836 -0.014692257 0.050141145 0.003236284 0.998628855
1770114817.958266 0.422106177 0.334659517 -0.101698533 -0.014404028 0.049542606 0.003769368 0.998661101
1770114817.991604 0.418226838 0.333577067 -0.100024313 -0.013841958 0.048875406 0.003712783 0.998702049
1770114818.024939 0.410690516 0.330021679 -0.101166643 -0.014131193 0.049182616 0.003798737 0.998682618
1770114818.058259 0.405061752 0.327843785 -0.099274077 -0.013867149 0.048915993 0.003797587 0.998699427
1770114818.091602 0.398183823 0.324546307 -0.098840892 -0.013870001 0.049000435 0.003553588 0.998696148
1770114818.224929 0.376423329 0.309281886 -0.098162897 -0.013242356 0.047448035 0.004526936 0.998775721
1770114818.258260 0.368666053 0.304564059 -0.094610170 -0.012818493 0.047298398 0.004008264 0.998790562
1770114818.291598 0.365692049 0.302624464 -0.095622912 -0.012353745 0.046797641 0.004843285 0.998816252
1770114818.324948 0.359586090 0.301687777 -0.089966804 -0.011669399 0.046279974 0.003991985 0.998852372
1770114818.524944 0.330051929 0.277479559 -0.087679327 -0.009213734 0.043686487 0.005583980 0.998987257
1770114818.558256 0.321526676 0.268035501 -0.087369017 -0.009360602 0.043846305 0.005264051 0.998980582
1770114818.591588 0.315582305 0.262747854 -0.082096308 -0.008804185 0.043413073 0.005779681 0.999001741
1770114818.624925 0.309647471 0.253019124 -0.086063959 -0.008859693 0.043011129 0.005895055 0.999018013
1770114818.658256 0.305974662 0.237889662 -0.094107375 -0.009238055 0.042675409 0.004019011 0.999038219
1770114818.691590 0.303615779 0.236498266 -0.090060659 -0.008081379 0.041879930 0.004331933 0.999080658
1770114818.824904 0.282871693 0.208065122 -0.096828319 -0.005709734 0.039785281 0.007014379 0.999167383
1770114818.858237 0.268561006 0.210691184 -0.061614759 -0.004326276 0.040906642 0.005324238 0.999139428
1770114818.891583 0.267993271 0.210168570 -0.060108103 -0.002128260 0.039550442 0.006725734 0.999192715
1770114818.924932 0.268460631 0.181427300 -0.104088396 -0.004700767 0.037771836 0.009342670 0.999231696
1770114818.958243 0.253968269 0.195345610 -0.063939847 -0.001310822 0.039346013 0.006760778 0.999201953
1770114818.991572 0.245011821 0.186251685 -0.062320322 -0.001202404 0.039588712 0.005616348 0.999199629
1770114819.058241 0.227494627 0.164821833 -0.055756543 -0.001385735 0.040066794 0.004285016 0.999186873
1770114819.091593 0.222842664 0.158757448 -0.057345346 -0.000424636 0.039360113 0.004758976 0.999213696
1770114819.124907 0.221707433 0.149267912 -0.065972097 0.000548213 0.037517942 0.007043829 0.999270976
1770114819.158237 0.210174143 0.146223783 -0.059549730 0.001259666 0.039009318 0.004627443 0.999227345
1770114819.191579 0.200377941 0.139346346 -0.055775128 0.002157770 0.039441425 0.003413744 0.999213755
1770114819.224903 0.192510188 0.109783337 -0.064528257 0.001344457 0.038800221 0.005469103 0.999231160
1770114819.291592 0.181830809 0.106328748 -0.064640813 0.004169371 0.037678696 0.005240393 0.999267519
1770114819.358234 0.171311304 0.090520598 -0.058440767 0.006577904 0.037562255 0.003333027 0.999267101
1770114819.391585 0.167082265 0.076860398 -0.068013966 0.008461922 0.035556491 0.006818074 0.999308586
1770114819.424924 0.164473504 0.073025145 -0.072988912 0.010951505 0.034423757 0.007060110 0.999322414
1770114819.458244 0.155946821 0.072179027 -0.067819789 0.012301837 0.035471208 0.003044115 0.999290407
1770114819.491596 0.148166344 0.074135579 -0.039417543 0.014696581 0.035892379 -0.000505822 0.999247491
1770114819.558264 0.135993525 0.059109215 -0.047261525 0.020506475 0.034749389 -0.001600979 0.999184430
1770114819.624929 0.116664045 0.042775791 -0.060764525 0.027030338 0.033371959 -0.003613103 0.999070883
1770114819.658243 0.113429852 0.039034497 -0.064281628 0.030982634 0.031757019 -0.003424101 0.999009430
1770114819.691587 0.116203412 0.039085906 -0.062193569 0.035229973 0.029400349 -0.002942424 0.998942375
1770114819.724964 0.110279165 0.016598981 -0.072111964 0.037401266 0.027082382 -0.002990594 0.998928905
1770114819.758270 0.098534353 0.021568637 -0.068964489 0.041370261 0.027019901 -0.004064888 0.998770237
1770114819.824939 0.094157554 0.015164301 -0.075451493 0.049417268 0.022932077 -0.002880775 0.998510838
1770114819.958257 0.071016900 -0.013043742 -0.052476048 0.062793106 0.017026557 -0.005324726 0.997867107
1770114820.024926 0.065421164 -0.022678038 -0.055512927 0.070432313 0.012858691 -0.005635040 0.997417808
1770114820.058274 0.063672319 -0.025210975 -0.056952897 0.073713414 0.009567656 -0.006473661 0.997212589
1770114820.091578 0.062789455 -0.029961603 -0.039889693 0.077074520 0.005575927 -0.006749359 0.996986926
1770114820.124910 0.050943062 -0.048689570 -0.052794717 0.078412823 0.002793623 -0.006828772 0.996893704
1770114820.258242 0.029907724 -0.060077682 -0.077970877 0.090734579 -0.016498789 -0.007605871 0.995709419
1770114820.291569 0.030086366 -0.068133958 -0.082564540 0.093672536 -0.022194892 -0.006448784 0.995334804
1770114820.324902 0.018283356 -0.080154300 -0.082813412 0.095800601 -0.026244154 -0.006409043 0.995033920
1770114820.358259 0.016647659 -0.086534165 -0.086854622 0.098112680 -0.032103211 -0.009459355 0.994612396
1770114820.391574 0.012402893 -0.092461668 -0.080800474 0.100773714 -0.037847556 -0.008863811 0.994149804
1770114820.424903 -0.000964492 -0.120397143 -0.070117526 0.100605972 -0.042286620 -0.006705876 0.994004726
1770114820.558243 -0.039327662 -0.177603021 -0.085877024 0.100175604 -0.057816774 -0.004197342 0.993279636
1770114820.591610 -0.016453993 -0.147225037 -0.041652385 0.103798419 -0.062659211 -0.001309052 0.992621839
1770114820.624937 -0.027774183 -0.175185069 -0.055880208 0.101243131 -0.064823903 0.002770864 0.992743731
1770114820.658245 -0.068071969 -0.209681869 -0.066562593 0.097207695 -0.062766083 0.003240205 0.993277729
1770114820.724917 -0.071030155 -0.248980373 -0.084933899 0.091243707 -0.062099282 0.014522788 0.993784368
1770114820.858234 -0.104811780 -0.254529238 -0.059613641 0.057510231 -0.050236378 0.013157182 0.996993363
1770114820.891579 -0.114040524 -0.262181848 -0.050326429 0.044791367 -0.047438987 0.013251293 0.997781396
1770114820.924900 -0.126864672 -0.266621858 -0.042348221 0.034679424 -0.044641294 0.012249501 0.998325825
1770114820.958256 -0.131545320 -0.271355927 -0.065548912 0.027215205 -0.042353448 0.013250493 0.998644054
1770114820.991571 -0.138792872 -0.276862204 -0.061974097 0.020725863 -0.040601693 0.013250012 0.998872578
1770114821.024901 -0.150804415 -0.281914860 -0.057875112 0.014795965 -0.037837688 0.012637452 0.999094486
1770114821.158235 -0.185592264 -0.305327594 -0.044629063 -0.004179968 -0.030964056 0.009889600 0.999462843
1770114821.191572 -0.188361660 -0.308753192 -0.037224058 -0.007347874 -0.030406088 0.009753326 0.999463022
1770114821.224903 -0.194655105 -0.324031055 -0.049199946 -0.011334038 -0.028976761 0.010275275 0.999463022
1770114821.258253 -0.209822923 -0.326805711 -0.033811625 -0.013662735 -0.027161542 0.007813931 0.999507189
1770114821.291574 -0.217524871 -0.335295796 -0.029939672 -0.015476145 -0.025860917 0.007737647 0.999515831
1770114821.324914 -0.226358607 -0.345434934 -0.027820624 -0.017638408 -0.024375916 0.007187363 0.999521434
1770114821.424948 -0.248676494 -0.375576735 -0.038309049 -0.019909119 -0.020963095 0.005318688 0.999567866
1770114821.458246 -0.254943162 -0.382553369 -0.038726263 -0.019364886 -0.019911356 0.004449513 0.999604344
1770114821.491582 -0.265484899 -0.393306732 -0.036994424 -0.018256929 -0.018980268 0.005993804 0.999635279
1770114821.524914 -0.267860562 -0.401279747 -0.038049482 -0.016934503 -0.018347709 0.005420271 0.999673545
1770114821.558284 -0.268788904 -0.406136930 -0.042825777 -0.015965626 -0.016889688 0.004758365 0.999718606
1770114821.591588 -0.285114676 -0.433115065 -0.046408094 -0.014840837 -0.015539271 0.005044848 0.999756396
1770114821.691599 -0.305683106 -0.467945427 -0.052656624 -0.008430094 -0.012257706 0.005363914 0.999874949
1770114821.758258 -0.315773517 -0.487409055 -0.061895821 -0.003985718 -0.010649573 0.005675628 0.999919236
1770114821.791572 -0.319317549 -0.497691125 -0.062768497 -0.002121519 -0.009941963 0.006017750 0.999930263
1770114821.824906 -0.326153487 -0.507240474 -0.065402053 -0.000630932 -0.008859104 0.005813476 0.999943733
1770114821.858232 -0.327033967 -0.512265682 -0.073616631 0.001732149 -0.009261020 0.006153825 0.999936700
1770114821.891584 -0.334479213 -0.516237855 -0.071718402 0.003859511 -0.008263032 0.006330050 0.999938428
1770114821.991591 -0.355768770 -0.549660087 -0.075516380 0.007368214 -0.005892213 0.006332055 0.999935448
1770114822.058241 -0.364455044 -0.559699118 -0.074314870 0.010374188 -0.005364200 0.006759045 0.999908984
1770114822.091610 -0.375709713 -0.567805588 -0.079838477 0.011433860 -0.004775270 0.006514749 0.999902010
1770114822.124917 -0.377846301 -0.572670162 -0.075188838 0.012556450 -0.004256163 0.006540419 0.999890745
1770114822.158251 -0.382544398 -0.575774014 -0.079631627 0.014059151 -0.004121110 0.006864245 0.999869168
1770114822.191565 -0.397162080 -0.583415687 -0.082370088 0.015035641 -0.003171056 0.006096617 0.999863386
1770114822.291575 -0.414139181 -0.593841016 -0.082009397 0.018177245 -0.002371192 0.005820789 0.999815047
1770114822.358246 -0.424640477 -0.604019582 -0.087700024 0.019633086 -0.002067345 0.006446589 0.999784350
1770114822.391576 -0.428097367 -0.606085658 -0.089454807 0.020194814 -0.001852460 0.006225907 0.999774933
1770114822.424906 -0.432522774 -0.610928118 -0.094728276 0.020715967 -0.001723171 0.006439221 0.999763191
1770114822.458268 -0.445604354 -0.609515905 -0.088315517 0.021190390 -0.001190775 0.005853140 0.999757648
1770114822.491568 -0.441965252 -0.613224506 -0.092484482 0.021352088 -0.001416187 0.006697212 0.999748647
1770114822.558232 -0.463844836 -0.610694051 -0.085370891 0.021457028 0.000137883 0.005878102 0.999752522
1770114822.624918 -0.474425286 -0.617755115 -0.092320107 0.022190949 0.000108456 0.006277530 0.999734044
1770114822.658236 -0.476087421 -0.610605836 -0.081166923 0.023653779 0.000462667 0.005590003 0.999704540
1770114822.724909 -0.489836991 -0.612024605 -0.086312033 0.025617760 0.000034922 0.005939640 0.999654174
1770114822.758238 -0.492523104 -0.612305403 -0.086627170 0.026196539 0.000192265 0.006116941 0.999638081
1770114822.791569 -0.492451161 -0.609875500 -0.086062521 0.026531769 -0.000240666 0.006010740 0.999629915
1770114822.858233 -0.505983412 -0.613515854 -0.092135854 0.026818231 -0.000042884 0.006252758 0.999620795
1770114822.924911 -0.517382979 -0.611770868 -0.093261793 0.027537413 -0.000097559 0.006198527 0.999601603
1770114822.958236 -0.508898795 -0.610067964 -0.087217279 0.028066855 -0.000852511 0.006522835 0.999584436
1770114822.991567 -0.510890186 -0.607634425 -0.085860766 0.028462315 -0.001239264 0.006525225 0.999572873
1770114823.058232 -0.539365470 -0.600112140 -0.093467668 0.028759645 0.000042111 0.005918942 0.999568880
1770114823.091567 -0.541925609 -0.601248205 -0.094821841 0.028597489 -0.000223200 0.005494464 0.999575913
1770114823.124901 -0.551931679 -0.595115542 -0.095461398 0.028926767 0.000106132 0.005675749 0.999565423
1770114823.224900 -0.561263084 -0.581243455 -0.092522547 0.028986471 -0.000216838 0.005045493 0.999567032
1770114823.258234 -0.558131993 -0.583081663 -0.094677508 0.029131349 -0.000937704 0.005582935 0.999559641
1770114823.291565 -0.572698116 -0.575731218 -0.098263077 0.029038982 -0.000184947 0.004820079 0.999566674
1770114823.324914 -0.564771414 -0.579569519 -0.097995982 0.028691746 -0.000879416 0.005529518 0.999572694
1770114823.391575 -0.580964386 -0.557587802 -0.093476653 0.029320506 -0.000768726 0.004698896 0.999558806
1770114823.424907 -0.583360612 -0.553671658 -0.094854005 0.029052338 -0.000805898 0.004740754 0.999566376
1770114823.524915 -0.602805793 -0.534644544 -0.095301673 0.028567147 -0.000627067 0.004482321 0.999581635
1770114823.558258 -0.599698961 -0.541444242 -0.102667585 0.027537318 -0.001329204 0.003080447 0.999615192
1770114823.591573 -0.600289941 -0.536215186 -0.102889627 0.027427090 -0.001534252 0.003165430 0.999617696
1770114823.624925 -0.610634029 -0.514387906 -0.097811773 0.028282296 -0.000922954 0.004466560 0.999589562
1770114823.691582 -0.618273020 -0.501527488 -0.095607221 0.027964966 -0.001068236 0.004583269 0.999597907
1770114823.724911 -0.624202371 -0.489696860 -0.094441861 0.027892670 -0.001273427 0.004496730 0.999599993
1770114823.824915 -0.631004155 -0.464532822 -0.090050220 0.027181195 -0.001416126 0.004203497 0.999620676
1770114823.858244 -0.640038490 -0.458157182 -0.097070985 0.027057089 -0.000990341 0.003946433 0.999625623
1770114823.891569 -0.641871810 -0.451807231 -0.098577209 0.026422646 -0.001267564 0.003821777 0.999642789
1770114823.924907 -0.639253855 -0.441204071 -0.097137682 0.026162148 -0.001881603 0.004305765 0.999646723
1770114823.958239 -0.630346894 -0.442500174 -0.090239033 0.025289696 -0.002982214 0.004342841 0.999666333
1770114823.991574 -0.649184108 -0.419171840 -0.099292673 0.026052395 -0.002089124 0.003667553 0.999651730
1770114824.124911 -0.656395018 -0.382071704 -0.084923476 0.024562573 -0.001985751 0.003371251 0.999690652
1770114824.158231 -0.667329073 -0.361777991 -0.088297971 0.025210954 -0.001967137 0.004197548 0.999671400
1770114824.191567 -0.642592788 -0.360041767 -0.079831429 0.024603786 -0.003892786 0.005020844 0.999677122
1770114824.224899 -0.667320549 -0.350384295 -0.084412403 0.023835283 -0.002029737 0.003027254 0.999709308
1770114824.258231 -0.670801640 -0.340331018 -0.086223193 0.023203328 -0.002205827 0.002876895 0.999724269
1770114824.291566 -0.666605473 -0.331083864 -0.090093657 0.022945138 -0.003005245 0.002659307 0.999728680
1770114824.424910 -0.676389098 -0.288257003 -0.088516332 0.021322634 -0.003218312 0.002641279 0.999763966
1770114824.458251 -0.676740408 -0.282296032 -0.090345107 0.020321047 -0.003392498 0.002354261 0.999785006
1770114824.491588 -0.679844022 -0.274147034 -0.099953733 0.019692535 -0.003423020 0.002578533 0.999796927
1770114824.524908 -0.683561444 -0.258788198 -0.099727668 0.019570326 -0.003362169 0.002715485 0.999799192
1770114824.558255 -0.679237604 -0.245215714 -0.092773363 0.019249253 -0.003484241 0.001854724 0.999806941
1770114824.591567 -0.685311139 -0.237904146 -0.091721334 0.018372128 -0.003428166 0.003022158 0.999820769
1770114824.724915 -0.691607714 -0.188694432 -0.096309923 0.017180454 -0.003443914 0.000753157 0.999846220
1770114824.758244 -0.691965461 -0.179611176 -0.093880087 0.016222451 -0.003471513 0.000639650 0.999862194
1770114824.791574 -0.693383276 -0.168355405 -0.095472880 0.015808644 -0.003312642 0.000331256 0.999869525
1770114824.824911 -0.693244219 -0.151573598 -0.091518007 0.015863486 -0.003446001 0.000901796 0.999867857
1770114824.858233 -0.694249392 -0.143904701 -0.096758194 0.015051650 -0.003577491 0.000610889 0.999880135
1770114824.891572 -0.691221118 -0.132026032 -0.089032456 0.014307557 -0.003623834 0.001722620 0.999889612
1770114824.991567 -0.691170692 -0.103389755 -0.088139981 0.012542159 -0.003701247 0.003039356 0.999909878
1770114825.024900 -0.692732096 -0.085714936 -0.088049009 0.012606239 -0.003401162 0.002086103 0.999912620
1770114825.058257 -0.692508936 -0.076809622 -0.086671218 0.011717546 -0.003528265 0.001992825 0.999923170
1770114825.091568 -0.693939984 -0.064585142 -0.087712914 0.011035274 -0.003477630 0.001342192 0.999932230
1770114825.124906 -0.692727387 -0.053262711 -0.087791704 0.010667469 -0.003766631 0.001475751 0.999934971
1770114825.158233 -0.692713320 -0.042043224 -0.086204000 0.010013252 -0.003559246 0.001610689 0.999942303
1770114825.291597 -0.693215549 0.003820291 -0.083182007 0.007938035 -0.003389834 0.000765066 0.999962509
1770114825.324899 -0.695155919 0.016307196 -0.078254230 0.007843349 -0.003447544 -0.002577871 0.999960005
1770114825.358232 -0.690571725 0.028070945 -0.101931177 0.006554804 -0.004583685 -0.011812323 0.999898255
1770114825.391583 -0.691525042 0.037067011 -0.101638295 0.005751079 -0.004860304 -0.021737929 0.999735415
1770114825.424908 -0.694389641 0.039938074 -0.102333412 0.004685152 -0.005450283 -0.031455267 0.999479353
1770114825.458234 -0.700190127 0.057626370 -0.097183131 0.003970881 -0.004761063 -0.042818211 0.999063730
1770114825.624908 -0.711215973 0.119630940 -0.089916617 0.000799288 -0.001893405 -0.094974048 0.995477676
1770114825.691577 -0.686058760 0.136198685 -0.096889198 -0.000160475 -0.003804890 -0.113083050 0.993578255
1770114825.724908 -0.716323316 0.151201114 -0.084102668 -0.001295838 -0.001114921 -0.124602921 0.992205262
1770114825.758252 -0.714685142 0.161350131 -0.083245285 -0.002049660 -0.001134482 -0.133194700 0.991087139
1770114825.791567 -0.709779859 0.169679970 -0.102702476 -0.003171961 -0.001822677 -0.141662642 0.989908278
1770114825.924904 -0.699287295 0.204888985 -0.110795185 -0.005332879 -0.001402569 -0.180444971 0.983569622
1770114825.991572 -0.691327810 0.227659225 -0.097163491 -0.006530209 -0.001753513 -0.194584280 0.980862558
1770114826.024909 -0.692582488 0.239712536 -0.096657798 -0.006872884 -0.001270227 -0.202985033 0.979156971
1770114826.058242 -0.686452448 0.254023790 -0.101485565 -0.006840677 -0.002181536 -0.210353017 0.977599144
1770114826.091570 -0.700609267 0.256087542 -0.110572174 -0.008552798 -0.000501513 -0.222433507 0.974910319
1770114826.191593 -0.699764550 0.281749070 -0.100716457 -0.010792647 0.000820089 -0.247880414 0.968730211
1770114826.224905 -0.700945675 0.294908315 -0.109307587 -0.010482366 0.000476943 -0.253223151 0.967351019
1770114826.258240 -0.701397359 0.302813053 -0.108380698 -0.011047150 0.000897653 -0.260647118 0.965370536
1770114826.291586 -0.700889111 0.311447203 -0.106621437 -0.011338374 0.000761918 -0.267481923 0.963495851
1770114826.324929 -0.693183064 0.318622857 -0.114469215 -0.012047684 -0.000149843 -0.273339689 0.961842179
1770114826.358238 -0.699016690 0.325667024 -0.102389321 -0.013814015 0.001996462 -0.283126116 0.958981097
1770114826.458240 -0.680741906 0.348296762 -0.104173265 -0.014652327 0.001557041 -0.303512931 0.952713430
1770114826.491589 -0.692803502 0.353713930 -0.101260707 -0.016275968 0.002479432 -0.308152169 0.951194644
1770114826.524910 -0.691621184 0.359721541 -0.100729316 -0.016561948 0.002496878 -0.313712418 0.949370384
1770114826.558243 -0.681259513 0.368870765 -0.107839473 -0.017086057 0.001494877 -0.318996131 0.947600842
1770114826.591571 -0.676334620 0.376392901 -0.103219770 -0.016615471 0.002447787 -0.326188445 0.945155561
1770114826.624910 -0.672446132 0.382719964 -0.104476236 -0.017099470 0.002239976 -0.330847710 0.943526566
1770114826.758237 -0.669186890 0.414173365 -0.106849253 -0.019137733 0.003419289 -0.350314677 0.936430275
1770114826.791565 -0.669246674 0.419828475 -0.105895199 -0.019475162 0.003972239 -0.354580402 0.934814274
1770114826.824912 -0.666452348 0.425494283 -0.106855780 -0.019686729 0.003743761 -0.358390838 0.933356524
1770114826.858240 -0.664306343 0.430432379 -0.104816206 -0.020353472 0.003889401 -0.362041503 0.931931615
1770114826.891613 -0.664686739 0.435842216 -0.104993418 -0.020818675 0.004460363 -0.366916239 0.930010378
1770114826.924900 -0.665397108 0.440482020 -0.101711109 -0.021527369 0.004987658 -0.370345145 0.928631365
1770114827.024982 -0.644940138 0.458248973 -0.096852899 -0.021201219 0.004464564 -0.378778040 0.925233960
1770114827.058245 -0.650614262 0.459414542 -0.098546803 -0.021893054 0.005649379 -0.382299185 0.923761964
1770114827.091574 -0.640378833 0.462947428 -0.101776332 -0.021718953 0.005061281 -0.383237541 0.923380554
1770114827.124909 -0.640061796 0.464788049 -0.095883429 -0.023150709 0.005712913 -0.386899114 0.921813726
1770114827.158267 -0.637159467 0.466708064 -0.098906115 -0.023033196 0.006181445 -0.389687836 0.920638204
1770114827.191595 -0.635552049 0.468786448 -0.098220147 -0.023372684 0.007160416 -0.391539127 0.919836700
1770114827.324897 -0.629869103 0.480968654 -0.089378454 -0.023654271 0.009142492 -0.396433234 0.917713284
1770114827.358295 -0.628844082 0.483363986 -0.087759376 -0.024059901 0.009202494 -0.397470117 0.917253554
1770114827.391576 -0.629966259 0.484616548 -0.090067960 -0.024126222 0.009481381 -0.398741245 0.916697085
1770114827.424912 -0.630560756 0.487841278 -0.081090033 -0.024188351 0.010343689 -0.399278432 0.916452289
1770114827.458241 -0.634943247 0.486838430 -0.084872745 -0.025199579 0.011262665 -0.400736988 0.915777326
1770114827.491567 -0.637518764 0.488354623 -0.083045535 -0.025253063 0.011999331 -0.401307166 0.915516734
1770114827.624898 -0.638851106 0.488905907 -0.069041237 -0.025692131 0.013639688 -0.400801063 0.915703237
1770114827.658230 -0.639125824 0.490511805 -0.067405112 -0.025731001 0.014264064 -0.399967760 0.916056991
1770114827.691567 -0.638087153 0.491327375 -0.064891234 -0.025425479 0.014624461 -0.399318963 0.916342795
1770114827.724903 -0.638699412 0.491328239 -0.063964009 -0.024823166 0.015186425 -0.398026019 0.916912496
1770114827.758229 -0.637960076 0.489462286 -0.059198573 -0.025480136 0.015991244 -0.397559077 0.917083323
1770114827.791571 -0.632478118 0.492080837 -0.062304188 -0.024865231 0.016097298 -0.396232605 0.917672276
1770114827.891561 -0.646523058 0.476049453 -0.073700525 -0.026727829 0.018233873 -0.391989797 0.919400454
1770114827.958226 -0.652105153 0.472627074 -0.070348531 -0.026748039 0.020738140 -0.388644487 0.920765996
1770114827.991570 -0.655776203 0.470254600 -0.064552881 -0.027628558 0.022188883 -0.387628943 0.921134174
1770114828.024902 -0.656392872 0.471900582 -0.061978832 -0.026977966 0.023215588 -0.385123491 0.922178507
1770114828.058233 -0.651671529 0.465686858 -0.067914493 -0.026652392 0.022197146 -0.382038623 0.923495233
1770114828.091569 -0.651723504 0.465019286 -0.065730006 -0.026271647 0.023046937 -0.379461765 0.924547195
1770114828.191571 -0.665094674 0.453333318 -0.052630108 -0.026048206 0.026434826 -0.369879782 0.928338110
1770114828.224906 -0.665310144 0.449826062 -0.051768787 -0.025792366 0.027427256 -0.366787434 0.929542661
1770114828.258233 -0.663816154 0.445213586 -0.050435312 -0.025614152 0.027684236 -0.363988161 0.930639684
1770114828.291574 -0.650954664 0.441217601 -0.044410437 -0.024771040 0.027392725 -0.360756606 0.931928515
1770114828.324892 -0.669441879 0.428985238 -0.045172967 -0.026631342 0.031311698 -0.359034270 0.932418764
1770114828.358230 -0.664594531 0.422562003 -0.047413506 -0.026244247 0.031425476 -0.355408311 0.933814049
1770114828.458229 -0.644649148 0.393058419 -0.058659028 -0.026420785 0.032544028 -0.342983782 0.938405514
1770114828.558238 -0.620156169 0.358351320 -0.074666813 -0.026725329 0.033767141 -0.328402311 0.943555772
1770114828.591573 -0.603436410 0.349071652 -0.077080384 -0.025637940 0.033186629 -0.322288990 0.945711970
1770114828.624900 -0.594931006 0.342653453 -0.072965525 -0.024954302 0.034208246 -0.316231012 0.947736800
1770114828.758240 -0.539200187 0.309211016 -0.080948651 -0.021084934 0.034107547 -0.287801027 0.956850410
1770114828.858230 -0.486714393 0.276130438 -0.105825737 -0.017555563 0.032914616 -0.259181917 0.965107858
1770114828.891563 -0.463293195 0.268042386 -0.104393557 -0.015541839 0.032140691 -0.248099461 0.968076527
1770114828.924898 -0.446622550 0.255121112 -0.108290002 -0.014589909 0.032104209 -0.235423893 0.971252799
1770114828.958227 -0.430077046 0.245781049 -0.105326273 -0.013322263 0.032700587 -0.224738821 0.973779082
1770114828.991562 -0.411435634 0.245866358 -0.094353631 -0.011135051 0.032177176 -0.213987604 0.976242781
1770114829.024900 -0.385201663 0.247710958 -0.070839211 -0.008676097 0.032396652 -0.205889642 0.978000343
1770114829.091563 -0.367677033 0.219721615 -0.080064222 -0.007128227 0.033336092 -0.185396746 0.982072294
1770114829.191559 -0.328364730 0.216480777 -0.056146827 -0.000250305 0.034053810 -0.161255494 0.986324966
1770114829.224896 -0.326229185 0.207233578 -0.063288577 0.001143978 0.034896486 -0.155253366 0.987257481
1770114829.258230 -0.315429598 0.203176394 -0.060768493 0.003782954 0.035043340 -0.150841683 0.987929404
1770114829.291563 -0.308081299 0.194103703 -0.060549989 0.006891819 0.035752233 -0.146801606 0.988495648
1770114829.324894 -0.297742337 0.186756656 -0.063577056 0.010397531 0.036086693 -0.145399660 0.988660097
1770114829.358238 -0.274772227 0.192453891 -0.018887291 0.014579721 0.037312165 -0.143671781 0.988814294
1770114829.458243 -0.286365002 0.166481465 -0.070988268 0.026619539 0.045103718 -0.141715452 0.988520980
1770114829.491574 -0.283982545 0.143393427 -0.068338200 0.028919950 0.047668643 -0.140768066 0.988471389
1770114829.524899 -0.282332927 0.147566140 -0.080850720 0.033780176 0.051102992 -0.140446737 0.988191366
1770114829.558255 -0.281188130 0.112737961 -0.079999149 0.035563685 0.053656142 -0.139012724 0.988196194
1770114829.591576 -0.279209435 0.132188514 -0.088883728 0.041728437 0.057512373 -0.138902083 0.987753630
1770114829.624907 -0.276323169 0.100464784 -0.081282914 0.043376248 0.060248982 -0.137497082 0.987716138
1770114829.724916 -0.286151499 0.079620928 -0.091013387 0.053945277 0.073354408 -0.137689114 0.986281276
1770114829.824902 -0.288057595 0.058583140 -0.097967468 0.065724686 0.085980937 -0.135714561 0.984819353
1770114829.858241 -0.285991549 0.053851124 -0.096213378 0.068683952 0.091472715 -0.135706782 0.984123468
1770114829.891584 -0.279133677 0.040178239 -0.094335511 0.070072666 0.096692726 -0.134343073 0.983713567
1770114829.924900 -0.279872686 0.037042260 -0.091353677 0.072369374 0.103504039 -0.134392783 0.982846975
1770114829.958239 -0.272877306 0.025943110 -0.095481820 0.073328353 0.107974656 -0.133964777 0.982353210
1770114829.991573 -0.264533877 0.015162775 -0.092806838 0.075372778 0.113911502 -0.132362485 0.981745064
1770114830.091589 -0.253559828 0.015080945 -0.088389054 0.080234408 0.131577924 -0.132927895 0.979070902
1770114830.158227 -0.255648404 -0.011162209 -0.095645547 0.078029007 0.144070402 -0.133302331 0.977438331
1770114830.191567 -0.250050396 -0.018598542 -0.092986785 0.078087352 0.149055302 -0.133497238 0.976659298
1770114830.258227 -0.225037545 -0.039308555 -0.094829261 0.076728277 0.156182811 -0.132916242 0.975732028
1770114830.291567 -0.231651038 -0.038135894 -0.093545184 0.075778544 0.161764622 -0.133998141 0.974748313
1770114830.324892 -0.223151267 -0.056520797 -0.095937133 0.072708100 0.163977131 -0.133721650 0.974650502
1770114830.391561 -0.174605697 -0.081408449 -0.090510517 0.069282971 0.162276119 -0.133382350 0.975230992
1770114830.458227 -0.163002566 -0.104033783 -0.095422626 0.064212173 0.159963042 -0.127469063 0.976749897
1770114830.491560 -0.162647620 -0.099331059 -0.094927996 0.056844018 0.157314718 -0.124201775 0.978056669
1770114830.524895 -0.151301116 -0.113744088 -0.095733494 0.042789493 0.151562572 -0.115573861 0.980734766
1770114830.558229 -0.141703039 -0.107361339 -0.099573232 0.033420250 0.144332007 -0.106064312 0.983260810
1770114830.591563 -0.132721752 -0.094127707 -0.087597661 0.027745357 0.140321776 -0.100068875 0.984645188
1770114830.624892 -0.113877721 -0.096021749 -0.094496846 0.019053200 0.132913202 -0.092921272 0.986578286
1770114830.724899 -0.084266216 -0.105603874 -0.096264914 0.002952314 0.119947217 -0.074544802 0.989973247
1770114830.758227 -0.079929411 -0.101371966 -0.086690120 -0.002221839 0.116836771 -0.070421040 0.990648866
1770114830.791558 -0.073618449 -0.101664945 -0.079511002 -0.006171823 0.114345990 -0.064516924 0.991324663
1770114830.824902 -0.053391054 -0.105505660 -0.082981817 -0.008087600 0.109570026 -0.054513350 0.992450178
1770114830.858231 -0.048232984 -0.099091358 -0.077138014 -0.012588838 0.107042953 -0.054809704 0.992662728
1770114830.891583 -0.038705103 -0.113115229 -0.076567665 -0.016569778 0.103855394 -0.049026586 0.993245125
1770114831.024910 -0.006455663 -0.123891979 -0.062474404 -0.024079060 0.095137410 -0.031395398 0.994677544
1770114831.058235 -0.002607488 -0.124100432 -0.059406530 -0.024259081 0.094308801 -0.028158637 0.994849026
1770114831.091559 0.001411410 -0.126594573 -0.055185031 -0.024322022 0.093371414 -0.024803888 0.995025158
1770114831.124907 0.001992845 -0.128599003 -0.057004508 -0.024971440 0.092542648 -0.022790983 0.995134652
1770114831.158226 0.006406362 -0.129877329 -0.053040672 -0.024187176 0.091616854 -0.020165233 0.995296359
1770114831.191558 0.016042588 -0.131678194 -0.051422600 -0.022849809 0.089728989 -0.016779838 0.995562732
1770114831.324897 0.031047370 -0.152622849 -0.056434002 -0.017963246 0.086280867 -0.010699112 0.996051431
1770114831.358223 0.034974515 -0.155276105 -0.054342978 -0.015174737 0.086100042 -0.009038183 0.996129990
1770114831.391562 0.044363935 -0.160802066 -0.057714719 -0.013302362 0.084574215 -0.008951705 0.996288180
1770114831.424905 0.047399156 -0.161388874 -0.056763358 -0.009315859 0.084277026 -0.007626021 0.996369720
1770114831.458241 0.050830476 -0.172442064 -0.059208401 -0.007813913 0.083617039 -0.007457557 0.996439457
1770114831.624895 0.089227721 -0.181460485 -0.069218777 0.008138919 0.079233296 -0.010510853 0.996767461
1770114831.658224 0.097573236 -0.182631776 -0.067866556 0.011977002 0.078183241 -0.009346640 0.996823251
1770114831.691566 0.095628820 -0.187769026 -0.067213938 0.014203477 0.079158619 -0.008529924 0.996724367
1770114831.724896 0.102400675 -0.193436742 -0.069188721 0.016611872 0.078517467 -0.006943171 0.996750176
1770114831.758228 0.128350332 -0.223711193 -0.083325982 0.014270470 0.073390253 -0.005491144 0.997186124
1770114831.791567 0.115160435 -0.212550744 -0.078648232 0.019467609 0.077549927 -0.007194737 0.996772408
1770114831.924899 0.130476311 -0.232631013 -0.097966455 0.026814556 0.076249979 -0.004290636 0.996718884
1770114831.958284 0.134252816 -0.236103535 -0.093775302 0.027992543 0.076489083 -0.003491794 0.996671379
1770114831.991568 0.148369715 -0.242196083 -0.093778290 0.029261941 0.074739024 -0.002308914 0.996771038
1770114832.024891 0.154955700 -0.257393390 -0.107440725 0.029184394 0.073073849 -0.000917745 0.996899009
1770114832.058228 0.143708646 -0.249134302 -0.106819659 0.031282380 0.074646570 -0.004140297 0.996710718
1770114832.091571 0.134408697 -0.241596594 -0.108927488 0.034649674 0.077229053 -0.003323969 0.996405542
1770114832.191567 0.143009737 -0.241269991 -0.106957078 0.039365608 0.077767052 -0.003614268 0.996187508
1770114832.224912 0.150483102 -0.243940830 -0.110406622 0.040295701 0.076676667 -0.003131293 0.996236503
1770114832.258235 0.147025824 -0.245219246 -0.108802810 0.041108269 0.078234009 -0.002740109 0.996083379
1770114832.291563 0.153433442 -0.242193267 -0.107957982 0.043000404 0.078087293 -0.002784002 0.996014893
1770114832.324903 0.160324395 -0.245733261 -0.100128017 0.043369081 0.078191638 -0.001801064 0.995992959
1770114832.358224 0.172797292 -0.247214302 -0.114078753 0.044154167 0.075520560 -0.003748246 0.996159136
1770114832.491588 0.173640966 -0.255838037 -0.126080081 0.046829436 0.077576831 -0.000955051 0.995885491
1770114832.524893 0.173818424 -0.251980007 -0.126337066 0.048278555 0.078116827 -0.000786242 0.995774269
1770114832.558225 0.172933981 -0.251408964 -0.126195535 0.048788458 0.079168878 -0.001184546 0.995665908
1770114832.591576 0.175043464 -0.255285382 -0.127393663 0.048476242 0.078987464 -0.001364877 0.995695353
1770114832.624916 0.180888996 -0.254444569 -0.130145371 0.048861429 0.078291707 -0.001833076 0.995730758
1770114832.658228 0.175873131 -0.250308067 -0.137994140 0.049853500 0.078874245 -0.001820803 0.995635569
1770114832.791567 0.180386931 -0.249764651 -0.145366162 0.048833940 0.078737713 -0.000908285 0.995698214
1770114832.824900 0.181233600 -0.247361138 -0.149136946 0.048608910 0.078305222 -0.001409822 0.995742679
1770114832.858240 0.184032723 -0.245890737 -0.143159419 0.048418980 0.078519225 -0.001536909 0.995734930
1770114832.891578 0.183460802 -0.245263264 -0.141452104 0.049011450 0.079545096 -0.000720177 0.995625436
1770114832.958251 0.183088943 -0.243921548 -0.151217818 0.049686842 0.080720261 -0.001385309 0.995496690
1770114833.091569 0.226057276 -0.226747811 -0.130044878 0.051836543 0.080213107 0.003742299 0.995421946
1770114833.124891 0.224316597 -0.223894536 -0.127273902 0.051883109 0.081061691 0.003054237 0.995353162
1770114833.158253 0.244615600 -0.260523736 -0.144100487 0.045238189 0.077972159 0.001210712 0.995927930
1770114833.191566 0.250394732 -0.258680731 -0.152409300 0.045010619 0.077838391 -0.000057462 0.995949447
1770114833.224900 0.258886933 -0.256131530 -0.152340472 0.045215644 0.077585436 0.000332147 0.995959878
1770114833.258228 0.253902376 -0.251982361 -0.158804789 0.046043660 0.078481473 0.001912102 0.995849907
1770114833.391563 0.247550502 -0.205988973 -0.130844042 0.050958905 0.082104594 0.005182715 0.995306551
1770114833.424890 0.250015050 -0.202089936 -0.133231640 0.051075794 0.081921257 0.005674247 0.995312989
1770114833.458228 0.245012835 -0.236599013 -0.161896735 0.044195373 0.081655160 0.001482917 0.995679200
1770114833.491560 0.231142730 -0.196004421 -0.131834432 0.050266795 0.085198961 0.005120059 0.995081961
1770114833.524893 0.256943226 -0.202101529 -0.131830975 0.047877554 0.082537845 0.006683115 0.995414793
1770114833.558229 0.255030870 -0.194827840 -0.131635889 0.048016232 0.083184555 0.005461960 0.995361745
1770114833.724898 0.261698127 -0.185655802 -0.138007790 0.045059610 0.083661206 0.008347347 0.995440006
1770114833.758231 0.265278518 -0.171276480 -0.133237973 0.045723565 0.084350139 0.007604753 0.995357513
1770114833.791574 0.266371667 -0.167209893 -0.132035151 0.045242153 0.084559098 0.006933623 0.995366693
1770114833.891574 0.262229145 -0.133603022 -0.115691349 0.046534538 0.086485125 0.005795109 0.995148897
1770114834.024930 0.279834181 -0.137740597 -0.140229329 0.039818462 0.084969327 0.006241439 0.995568097
1770114834.058234 0.284866929 -0.132522628 -0.140510097 0.039367761 0.084639914 0.006878108 0.995609879
1770114834.091566 0.295252621 -0.108576916 -0.126775220 0.040944371 0.084904917 0.007468698 0.995519459
1770114834.124920 0.287820637 -0.129793480 -0.139954060 0.036840141 0.084760137 0.007725136 0.995690167
1770114834.158228 0.286674291 -0.124624535 -0.139314517 0.036254905 0.085157402 0.007215650 0.995681524
1770114834.191571 0.283761024 -0.105546169 -0.126442507 0.038125198 0.086538665 0.008714133 0.995480597
1770114834.324891 0.297370791 -0.062767453 -0.132806376 0.036535349 0.085950524 0.006927638 0.995605171
1770114834.358227 0.296294868 -0.070811912 -0.136085376 0.033571374 0.085719436 0.006714679 0.995730996
1770114834.391563 0.295140147 -0.067126609 -0.137314171 0.032773755 0.085958079 0.006595319 0.995737791
1770114834.424891 0.295606613 -0.057313696 -0.133934617 0.033499040 0.086370677 0.008402771 0.995664299
1770114834.458229 0.298765868 -0.048801512 -0.139188185 0.032398999 0.085817017 0.007590623 0.995755136
1770114834.491581 0.299104512 -0.043073453 -0.142280504 0.031853054 0.085716575 0.007414069 0.995782673
1770114834.558248 0.307688922 -0.027867859 -0.126104370 0.030945158 0.086490639 0.010214137 0.995719612
1770114834.591567 0.308989823 -0.025504135 -0.126385808 0.028876280 0.086576357 0.010664508 0.995769620
1770114834.624890 0.302833587 -0.031596415 -0.143138155 0.026425311 0.085661143 0.010086525 0.995922804
1770114834.658225 0.294015676 -0.015796470 -0.136785373 0.027298288 0.087704390 0.009505267 0.995727122
1770114834.691572 0.292746723 -0.003022053 -0.136359870 0.027323056 0.087782599 0.008554623 0.995728135
1770114834.724906 0.305948198 0.008904757 -0.129753292 0.026082588 0.087204114 0.008424740 0.995813370
1770114834.791584 0.318973124 0.035914622 -0.115817025 0.026814295 0.087072715 0.009077006 0.995799661
1770114834.858224 0.319151163 0.048317395 -0.114977472 0.024389079 0.087132551 0.007664594 0.995868683
1770114834.891587 0.320502400 0.055927731 -0.114361621 0.024024922 0.086999111 0.007604922 0.995889664
1770114834.924907 0.322651327 0.062144022 -0.113118649 0.023180578 0.086795293 0.008556284 0.995919704
1770114834.958278 0.319905341 0.072077304 -0.115042433 0.022813756 0.087141179 0.006961966 0.995910406
1770114834.991570 0.331753433 0.087638214 -0.100697726 0.023256578 0.086511940 0.007977301 0.995947361
1770114835.091569 0.328826427 0.100367695 -0.098527819 0.018767199 0.086784147 0.006047143 0.996032000
1770114835.158232 0.330436409 0.113788977 -0.099209532 0.017191427 0.086192593 0.007422115 0.996102512
1770114835.191578 0.334204853 0.119674310 -0.099817224 0.017525239 0.085587718 0.008996624 0.996135890
1770114835.258226 0.330363810 0.136082798 -0.098916069 0.015997851 0.085633084 0.007602618 0.996169269
1770114835.291553 0.329886436 0.143830851 -0.099868976 0.015606515 0.085485138 0.007599218 0.996188223
1770114835.324880 0.328522325 0.151427373 -0.098285660 0.015314749 0.085833222 0.007320518 0.996164918
1770114835.391544 0.327142596 0.161189079 -0.095488399 0.013029348 0.085839838 0.009410263 0.996179283
1770114835.458215 0.326910317 0.169678867 -0.095329940 0.009947163 0.085141227 0.008956417 0.996279001
1770114835.491555 0.326011986 0.179575667 -0.097415954 0.009662218 0.085296661 0.008616887 0.996271491
1770114835.591553 0.316875398 0.213023782 -0.099359460 0.009909428 0.086185224 0.007689421 0.996200204
1770114835.624926 0.317065805 0.216380596 -0.098581374 0.008146412 0.085859634 0.008239809 0.996239901
1770114835.691553 0.311713606 0.232778817 -0.099033631 0.007011992 0.085963391 0.005675066 0.996257484
1770114835.758238 0.309603184 0.250236213 -0.104173653 0.006146037 0.086456038 0.005452554 0.996221781
1770114835.791570 0.307332456 0.251165986 -0.103651166 0.003310824 0.087114818 0.005610379 0.996177018
1770114835.824904 0.292911798 0.251336068 -0.103128523 0.001540552 0.089355879 0.003237395 0.995993376
1770114835.858241 0.291756600 0.256801248 -0.102081381 0.000163098 0.089431532 0.004068445 0.995984674
1770114835.891560 0.299175769 0.277961582 -0.106142357 0.002688198 0.087466933 0.003770485 0.996156693
1770114835.958212 0.297341496 0.283542335 -0.105659842 -0.001061669 0.085598320 0.004087690 0.996320784
1770114836.091549 0.279855162 0.324056596 -0.109599538 0.000336557 0.085379571 0.001682918 0.996347070
1770114836.124878 0.278304756 0.327881128 -0.107750252 -0.001445429 0.084587656 0.002192534 0.996412635
1770114836.158217 0.274918616 0.330837339 -0.109689191 -0.002784610 0.084604658 0.001750922 0.996409178
1770114836.191543 0.273956954 0.334757447 -0.113493629 -0.003494184 0.084212877 0.000806653 0.996441424
1770114836.224882 0.272639424 0.351815611 -0.116917387 -0.001125942 0.084081948 0.002453578 0.996455193
1770114836.258218 0.270246506 0.357678413 -0.116527274 -0.001797477 0.083920307 0.003299234 0.996465385
1770114836.358213 0.260579824 0.378470451 -0.115490638 -0.002506068 0.083166443 0.002250483 0.996530056
1770114836.391550 0.258721441 0.381344497 -0.115761138 -0.004066597 0.082332477 0.002691599 0.996592999
1770114836.424877 0.255530030 0.381771684 -0.119036540 -0.005413814 0.081722684 0.002936692 0.996636152
1770114836.458220 0.251958609 0.381123304 -0.114191115 -0.008024422 0.081397757 0.002650158 0.996645927
1770114836.491543 0.249497056 0.387709618 -0.111953728 -0.007483790 0.080770679 0.002298235 0.996702015
1770114836.524879 0.243509591 0.407497317 -0.121120229 -0.003939666 0.081487112 0.001635894 0.996665299
1770114836.624879 0.234446838 0.421010554 -0.120774239 -0.005269711 0.080216698 0.002629010 0.996760070
1770114836.691551 0.230150819 0.427961886 -0.118810810 -0.006625028 0.079060592 0.003938345 0.996840060
1770114836.724876 0.226165518 0.436603159 -0.120390914 -0.005462114 0.079177290 0.003346758 0.996840000
1770114836.758213 0.223345488 0.439965636 -0.120782420 -0.005531208 0.078371607 0.003942783 0.996901095
1770114836.791554 0.217992291 0.443661720 -0.121238597 -0.005568812 0.078849569 0.003417879 0.996865153
1770114836.824890 0.212096527 0.447778881 -0.121866621 -0.006043529 0.078947470 0.002605131 0.996857047
1770114836.924881 0.195508078 0.455735862 -0.124070257 -0.006310289 0.077740453 0.000787120 0.996953428
1770114836.958250 0.193450764 0.458811611 -0.124642208 -0.006148871 0.076850548 0.001918280 0.997021854
1770114836.991553 0.191230491 0.461264610 -0.124114163 -0.006128269 0.075397857 0.002219079 0.997132242
1770114837.124889 0.171717346 0.467624158 -0.127809182 -0.007436235 0.075128950 0.001082261 0.997145534
1770114837.158221 0.168300480 0.469892055 -0.126807138 -0.007665657 0.074813232 0.001263418 0.997167349
1770114837.224891 0.156796902 0.473517627 -0.126067385 -0.007707505 0.075346388 0.001076409 0.997127056
1770114837.258219 0.158030659 0.474960059 -0.123415999 -0.007943577 0.073199257 0.001596934 0.997284472
1770114837.291557 0.151923105 0.476063132 -0.124810696 -0.007858914 0.073131762 0.001442869 0.997290313
1770114837.358221 0.137459591 0.474838376 -0.126092806 -0.008171419 0.074500613 0.000932711 0.997187078
1770114837.391558 0.133454025 0.474851668 -0.125969246 -0.008485948 0.074465118 0.000916521 0.997187078
1770114837.424886 0.128329381 0.474125326 -0.128493026 -0.008621094 0.074042685 0.001363858 0.997216940
1770114837.491566 0.117793284 0.472744137 -0.127747193 -0.008689650 0.074083291 0.001169851 0.997213542
1770114837.524890 0.113729820 0.471684784 -0.128470063 -0.008879137 0.073474430 0.001351058 0.997256696
1770114837.558227 0.109189801 0.470988840 -0.127002612 -0.008637944 0.073013969 0.001460930 0.997292459
1770114837.658210 0.089538507 0.467582196 -0.119462401 -0.008356652 0.072921894 0.000280074 0.997302592
1770114837.691545 0.083512738 0.465930402 -0.117325641 -0.008314105 0.072757989 0.000352924 0.997314930
1770114837.724882 0.092676304 0.471152991 -0.139771372 -0.006273343 0.069980279 0.002057196 0.997526526
1770114837.758212 0.071121998 0.458073586 -0.118220195 -0.008401141 0.071954764 0.000272424 0.997372508
1770114837.858212 0.075019576 0.465928763 -0.141177282 -0.004119035 0.068441495 0.003938385 0.997638881
1770114837.891550 0.070754893 0.459937990 -0.144101486 -0.004710908 0.067683443 0.003610471 0.997689188
1770114837.991542 0.034849916 0.435453534 -0.118049152 -0.007250064 0.069938131 0.001349789 0.997524083
1770114838.024876 0.030727496 0.432749391 -0.119252518 -0.005885330 0.068985745 0.002554926 0.997597039
1770114838.058213 0.026760599 0.426358849 -0.120353371 -0.006094234 0.068251766 0.003056900 0.997644842
1770114838.091558 0.017992083 0.422008157 -0.122019663 -0.005545537 0.068347044 0.003228934 0.997641027
1770114838.191555 -0.008367556 0.403955549 -0.110804096 -0.005767126 0.068879522 0.000644536 0.997608125
1770114838.291562 -0.020191640 0.391367584 -0.110385098 -0.003649532 0.066763803 0.001996495 0.997760177
1770114838.324902 -0.025173478 0.386043936 -0.110657290 -0.002831943 0.066195257 0.003187495 0.997797608
1770114838.358252 -0.032235339 0.380000442 -0.115208477 -0.002205951 0.065787174 0.003021758 0.997826755
1770114838.391554 -0.043099135 0.368124396 -0.102623761 -0.003686140 0.066882946 0.001125117 0.997753382
1770114838.424894 -0.045206092 0.366738290 -0.100846089 -0.001723406 0.065877378 0.001814915 0.997824609
1770114838.458221 -0.045425240 0.365825415 -0.095860511 -0.000229020 0.065103658 0.002621774 0.997875094
1770114838.591548 -0.074846812 0.331841290 -0.104780346 0.000347445 0.063598730 0.003228809 0.997970283
1770114838.624893 -0.077283733 0.330489427 -0.103777759 0.002630411 0.062532470 0.003621478 0.998032928
1770114838.658230 -0.088415250 0.316182286 -0.104135089 0.001178654 0.063464351 0.003443810 0.997977495
1770114838.691553 -0.087777369 0.314745903 -0.101381257 0.003584194 0.060647637 0.003610885 0.998146296
1770114838.724881 -0.103000119 0.306684911 -0.101791702 0.003796389 0.062765010 0.003226280 0.998015940
1770114838.758230 -0.104155995 0.303990185 -0.101163670 0.005474743 0.061398227 0.003527282 0.998092175
1770114838.924883 -0.144043386 0.258256167 -0.096133612 0.008136392 0.061108563 0.004960265 0.998085678
1770114838.958216 -0.147140950 0.252879977 -0.095059156 0.009382700 0.060351018 0.005178946 0.998119771
1770114838.991545 -0.152303115 0.247451812 -0.095746174 0.010668714 0.060037382 0.003868602 0.998131692
1770114839.024881 -0.158929884 0.236437708 -0.099549398 0.011094171 0.059320021 0.004347712 0.998167932
1770114839.058213 -0.165894032 0.229333565 -0.098520495 0.011981279 0.059170317 0.004544707 0.998165727
1770114839.091551 -0.174415827 0.216731116 -0.103518493 0.012786547 0.058840897 0.005011158 0.998172939
1770114839.224877 -0.199872762 0.182873055 -0.114411391 0.018068941 0.057530515 0.004066669 0.998171926
1770114839.258216 -0.200955391 0.178731367 -0.114401914 0.021451689 0.055828128 0.004255104 0.998200893
1770114839.291552 -0.212748811 0.167805001 -0.119637363 0.023422843 0.056163236 0.002522471 0.998143613
1770114839.324909 -0.215909898 0.161205605 -0.121787094 0.026887806 0.055085745 0.002908187 0.998115301
1770114839.358210 -0.217311233 0.157167077 -0.124610104 0.030886531 0.053585060 0.003477758 0.998079479
1770114839.391549 -0.226182535 0.147077054 -0.129585862 0.033759180 0.053069733 0.003112301 0.998015165
1770114839.491547 -0.237903282 0.131299138 -0.142367274 0.045159224 0.047734004 0.002979027 0.997834265
1770114839.524881 -0.236825764 0.126967072 -0.143425256 0.048603930 0.045089886 0.003496230 0.997793734
1770114839.558225 -0.238408506 0.124264657 -0.151777312 0.053172011 0.042751703 0.004161343 0.997661173
1770114839.591550 -0.250487566 0.115298584 -0.153709576 0.055262826 0.042656943 0.003246883 0.997554958
1770114839.624883 -0.254332632 0.110317603 -0.156094193 0.058404118 0.041062035 0.003361283 0.997442544
1770114839.658210 -0.253199905 0.111500777 -0.158799276 0.063389249 0.037662242 0.002966313 0.997273564
1770114839.758211 -0.276263624 0.068001404 -0.154330388 0.070481807 0.035061713 0.000581283 0.996896505
1770114839.791563 -0.278581649 0.063344076 -0.157471567 0.074096702 0.032260761 0.000128412 0.996729136
1770114839.824877 -0.284294695 0.052622069 -0.156500041 0.076223478 0.030090772 0.000011397 0.996636629
1770114839.891564 -0.290805638 0.026727000 -0.156633899 0.081839584 0.021071600 0.000508957 0.996422648
1770114839.924884 -0.290797114 0.024745975 -0.159322843 0.085831247 0.016199920 0.000964888 0.996177554
1770114839.958258 -0.298670411 0.008889920 -0.166296482 0.086785279 0.012426663 0.001281359 0.996148705
1770114840.058219 -0.310984910 -0.034014065 -0.182761654 0.092717744 -0.002331931 0.001128831 0.995689094
1770114840.091564 -0.309387594 -0.032280259 -0.183345303 0.097712733 -0.008503501 0.001478506 0.995177329
1770114840.124889 -0.323829055 -0.065140843 -0.186144203 0.096491821 -0.012343760 0.002871652 0.995253146
1770114840.158228 -0.338632315 -0.076638840 -0.179294258 0.098177865 -0.016741889 -0.000761663 0.995027781
1770114840.191547 -0.342320383 -0.092943817 -0.181244418 0.099968955 -0.022450630 0.000634736 0.994737029
1770114840.224877 -0.354223460 -0.087447032 -0.166022986 0.103237055 -0.026435278 -0.000635462 0.994305253
1770114840.324880 -0.382176846 -0.150373295 -0.178506136 0.100424998 -0.037697937 0.004331741 0.994220793
1770114840.358211 -0.384512305 -0.152227998 -0.175074384 0.101297192 -0.040986922 0.005321924 0.993997335
1770114840.391544 -0.408859760 -0.174296036 -0.152326748 0.099147707 -0.041064467 0.005783638 0.994208217
1770114840.424897 -0.407805085 -0.187406987 -0.166084453 0.097127646 -0.042342983 0.011761749 0.994301260
1770114840.458217 -0.412157953 -0.190397844 -0.160602242 0.096256852 -0.042027663 0.015415073 0.994349360
1770114840.491546 -0.423554212 -0.205644503 -0.151366413 0.093588978 -0.040200431 0.016658928 0.994659483
1770114840.591543 -0.445292711 -0.222410351 -0.147989362 0.069544509 -0.030760985 0.017014207 0.996959329
1770114840.658246 -0.459579438 -0.232448474 -0.148259237 0.044970125 -0.025608577 0.015908837 0.998533368
1770114840.691550 -0.464625835 -0.233291164 -0.138576642 0.037109930 -0.023690129 0.015970264 0.998902738
1770114840.724888 -0.476478755 -0.239657640 -0.123729683 0.029112834 -0.020840384 0.013162955 0.999272168
1770114840.758220 -0.484686762 -0.247325405 -0.128443852 0.022911914 -0.019035466 0.015240138 0.999440074
1770114840.791543 -0.491209894 -0.250834376 -0.112266935 0.016965445 -0.016852580 0.013050464 0.999628901
1770114840.891552 -0.520872891 -0.274316400 -0.112605810 0.001828562 -0.011427285 0.012682003 0.999852657
1770114840.924873 -0.525579870 -0.276843190 -0.106564872 -0.001945047 -0.010497112 0.011490704 0.999876976
1770114840.991551 -0.542509675 -0.286113113 -0.095707871 -0.008764613 -0.007801258 0.008043017 0.999898851
1770114841.058237 -0.560730577 -0.310821712 -0.096886970 -0.014265154 -0.004822253 0.009398880 0.999842465
1770114841.091561 -0.563727617 -0.315942079 -0.094530478 -0.015549488 -0.004218368 0.008885247 0.999830782
1770114841.191573 -0.583675146 -0.334796697 -0.084694952 -0.017779399 -0.000502352 0.005834818 0.999824762
1770114841.224984 -0.588574529 -0.355761081 -0.089249849 -0.018666882 0.000197036 0.008346521 0.999790907
1770114841.258245 -0.604037523 -0.360882580 -0.090584308 -0.018046269 0.001983131 0.006912752 0.999811292
1770114841.324874 -0.614052296 -0.379020929 -0.085714437 -0.016937945 0.003259940 0.004808288 0.999839723
1770114841.358209 -0.627150834 -0.384451091 -0.082392298 -0.015619533 0.005666789 0.004146229 0.999853373
1770114841.391546 -0.630218327 -0.395189911 -0.088316508 -0.014029621 0.006065392 0.005841201 0.999866128
1770114841.524882 -0.647942841 -0.432744324 -0.104387075 -0.006557766 0.009197612 0.006633928 0.999914229
1770114841.558206 -0.648103535 -0.434193760 -0.105238594 -0.003567688 0.009561725 0.006375627 0.999927640
1770114841.591542 -0.654411316 -0.440907717 -0.102981389 -0.001866589 0.010634844 0.006463906 0.999920845
1770114841.624887 -0.656204462 -0.445180148 -0.104195565 0.000318757 0.011318696 0.006949150 0.999911845
1770114841.658212 -0.665588140 -0.456801027 -0.104901269 0.001309193 0.012434325 0.006114147 0.999903142
1770114841.691547 -0.669612110 -0.468180180 -0.116130270 0.002651971 0.012446354 0.006501575 0.999897897
1770114841.791541 -0.687608540 -0.484474272 -0.119484559 0.006696140 0.014632536 0.006920549 0.999846578
1770114841.824875 -0.688432395 -0.484414458 -0.117648438 0.008431173 0.014751371 0.006957701 0.999831498
1770114841.858210 -0.692188501 -0.504002631 -0.143534750 0.008501283 0.014903876 0.007110472 0.999827504
1770114841.891561 -0.694113910 -0.493637979 -0.128776744 0.010899598 0.015745850 0.007643807 0.999787390
1770114841.924889 -0.698045850 -0.498886526 -0.134877518 0.011527725 0.016111402 0.008066540 0.999771237
1770114841.958215 -0.697184145 -0.504057348 -0.134818956 0.012397603 0.016077219 0.009621987 0.999747634
1770114842.091542 -0.720986605 -0.521389961 -0.147949338 0.015532011 0.017753761 0.008200794 0.999688089
1770114842.124883 -0.709992349 -0.513070941 -0.157855406 0.017068503 0.017282974 0.009447774 0.999660313
1770114842.158209 -0.724623382 -0.527460933 -0.164690688 0.016708400 0.017430929 0.009222134 0.999665976
1770114842.191615 -0.726491570 -0.528109610 -0.162726343 0.016865881 0.017548542 0.009442274 0.999659181
1770114842.224875 -0.731242001 -0.523825407 -0.150234222 0.017295277 0.018416580 0.008219931 0.999647021
1770114842.258249 -0.735818326 -0.525830150 -0.145742133 0.016862141 0.019309284 0.007877274 0.999640346
1770114842.424892 -0.757574320 -0.523039162 -0.143142149 0.020952079 0.020338645 0.008118428 0.999540627
1770114842.458210 -0.760200381 -0.522017241 -0.138612524 0.021606468 0.020316878 0.007162455 0.999534428
1770114842.491547 -0.773428023 -0.523850977 -0.141908646 0.021525383 0.021191029 0.006831157 0.999520361
1770114842.524887 -0.755728841 -0.519814551 -0.142678201 0.022104654 0.019930467 0.007555188 0.999528468
1770114842.558214 -0.758705258 -0.520945072 -0.145524040 0.021971667 0.020101964 0.007133037 0.999531090
1770114842.591541 -0.761310875 -0.518094063 -0.147437960 0.022530857 0.019864334 0.006658305 0.999526620
1770114842.724883 -0.770719230 -0.515809476 -0.155621186 0.023450902 0.020528520 0.006181214 0.999495089
1770114842.758206 -0.771930575 -0.514485896 -0.162951931 0.023548912 0.020416224 0.006432069 0.999493539
1770114842.791570 -0.773908377 -0.513006747 -0.168521032 0.023774277 0.020305345 0.006353563 0.999490976
1770114842.824888 -0.774248540 -0.512682974 -0.168052658 0.023717955 0.020390768 0.006142157 0.999491870
1770114842.858211 -0.778229237 -0.507475555 -0.173485100 0.023679428 0.020617876 0.005526695 0.999491751
1770114843.024889 -0.798473835 -0.463435918 -0.140064925 0.026209051 0.022069355 0.007130523 0.999387443
1770114843.058208 -0.795801461 -0.485998213 -0.181506425 0.023698004 0.021682769 0.006433110 0.999463320
1770114843.091566 -0.798079073 -0.483872384 -0.183657438 0.023593822 0.021832811 0.006837443 0.999459803
1770114843.124872 -0.800395072 -0.453178167 -0.140383825 0.025273712 0.022034930 0.006093379 0.999419153
1770114843.158214 -0.801526010 -0.450805813 -0.139720097 0.024881942 0.022087481 0.005636213 0.999430537
1770114843.191562 -0.803573251 -0.448354691 -0.140389666 0.024728481 0.022349708 0.005163745 0.999431074
1770114843.291545 -0.807121158 -0.422650009 -0.147058234 0.025263121 0.022517862 0.006550015 0.999405742
1770114843.324879 -0.804201245 -0.452015698 -0.146912009 0.022559334 0.022444298 0.005978726 0.999475658
1770114843.358201 -0.804263651 -0.448781401 -0.146727756 0.022356711 0.022172965 0.005404562 0.999489605
1770114843.391547 -0.810343206 -0.447430760 -0.156320706 0.021839879 0.022096841 0.006137258 0.999498487
1770114843.424880 -0.805374324 -0.413769782 -0.152200967 0.023559963 0.021904400 0.005882055 0.999465108
1770114843.458267 -0.812475264 -0.396447331 -0.149253428 0.024061929 0.022651087 0.005416987 0.999439180
1770114843.558206 -0.813620985 -0.392744899 -0.147424012 0.022650458 0.023408003 0.005475446 0.999454439
1770114843.591538 -0.811616063 -0.393737137 -0.149164110 0.021664152 0.022975381 0.005458775 0.999486446
1770114843.624866 -0.816075087 -0.369911611 -0.154496804 0.022805834 0.023120372 0.004227588 0.999463618
1770114843.658202 -0.816048205 -0.379276127 -0.151552781 0.021446774 0.022974933 0.005015140 0.999493480
1770114843.724870 -0.815223753 -0.369784325 -0.149045974 0.020822044 0.023117980 0.004945214 0.999503672
1770114843.858213 -0.810694337 -0.306061924 -0.130799308 0.022195034 0.023563188 0.004738638 0.999464691
1770114843.891554 -0.813838363 -0.309449941 -0.132269964 0.021026317 0.024250170 0.004169724 0.999476135
1770114843.924872 -0.813249350 -0.303857177 -0.133671880 0.020960256 0.024317456 0.004158590 0.999475956
1770114843.958234 -0.809136569 -0.310210019 -0.143169582 0.019707752 0.023122979 0.005580490 0.999522805
1770114843.991544 -0.808296740 -0.271841913 -0.126864985 0.021112192 0.023666441 0.004071633 0.999488711
1770114844.024878 -0.805995703 -0.267803729 -0.132025033 0.020609248 0.023411144 0.004701431 0.999502420
1770114844.158226 -0.800865233 -0.242093027 -0.134618908 0.019186713 0.023571433 0.005681212 0.999521852
1770114844.191545 -0.800150990 -0.233307004 -0.134077847 0.018690949 0.023639459 0.004297452 0.999536574
1770114844.224870 -0.793890715 -0.243467018 -0.133025184 0.016886322 0.023129024 0.007057352 0.999565005
1770114844.258205 -0.799647331 -0.218957782 -0.137182847 0.018366592 0.024092166 0.004106941 0.999532640
1770114844.291531 -0.795479894 -0.207873523 -0.138377830 0.018113190 0.023936721 0.004471649 0.999539435
1770114844.324868 -0.793725133 -0.204822928 -0.136997744 0.017562618 0.024104953 0.004759400 0.999543846
1770114844.458201 -0.785230458 -0.176348090 -0.137421757 0.016113209 0.023987170 0.004126369 0.999573886
1770114844.524868 -0.782854557 -0.163011953 -0.135326043 0.015205493 0.024224788 0.005077837 0.999578059
1770114844.558203 -0.781844258 -0.152728245 -0.136032462 0.015283260 0.024187027 0.004263171 0.999581575
1770114844.591538 -0.778362632 -0.151216045 -0.140427962 0.014303412 0.024155196 0.004467836 0.999595940
1770114844.624873 -0.775781810 -0.146190301 -0.142394155 0.013850763 0.024364565 0.005195571 0.999593735
1770114844.758214 -0.765831113 -0.118154958 -0.142538935 0.012900328 0.024297860 0.003564107 0.999615192
1770114844.791533 -0.762170434 -0.116368711 -0.142820165 0.012143116 0.024403576 0.005050256 0.999615729
1770114844.824886 -0.760202467 -0.113772251 -0.145606399 0.011275590 0.024624340 0.005384483 0.999618709
1770114844.858211 -0.757459998 -0.101047568 -0.141448498 0.011729694 0.024866011 0.004017326 0.999613881
1770114844.891549 -0.755219102 -0.119718477 -0.153631300 0.010007759 0.024355134 0.006814729 0.999630094
1770114844.924880 -0.752453506 -0.086420380 -0.140279353 0.011895150 0.024901403 0.003160534 0.999614179
1770114845.024889 -0.745348990 -0.074106291 -0.143766642 0.009711935 0.025055377 0.003693607 0.999632120
1770114845.058216 -0.738860250 -0.056364890 -0.140151292 0.010449635 0.025095591 0.003405510 0.999624729
1770114845.091582 -0.737556636 -0.050569389 -0.137627512 0.009769238 0.025307618 0.003049770 0.999627411
1770114845.124878 -0.735973775 -0.068035640 -0.144851387 0.007997409 0.025003066 0.004703302 0.999644399
1770114845.158223 -0.733628213 -0.051697887 -0.143396720 0.008897387 0.025508385 0.004244864 0.999626040
1770114845.191568 -0.729968846 -0.044881489 -0.142004699 0.008471935 0.025858345 0.003549696 0.999623418
1770114845.258234 -0.724798977 -0.038431063 -0.145622909 0.007500465 0.025899747 0.004781825 0.999625027
1770114845.324896 -0.722306669 -0.033781294 -0.145147532 0.006650317 0.026185295 0.004543606 0.999624670
1770114845.358204 -0.718539476 -0.029429825 -0.147287652 0.006536701 0.026379049 0.004899774 0.999618709
1770114845.391547 -0.711958468 -0.020489585 -0.144543484 0.006672644 0.026143190 0.003730949 0.999628961
1770114845.424881 -0.713393331 -0.024551265 -0.145827532 0.005475905 0.026906157 0.004533790 0.999612689
1770114845.458208 -0.712270021 -0.022628061 -0.146042958 0.005008908 0.026977409 0.004354219 0.999614060
1770114845.558198 -0.684615016 0.009679243 -0.128263399 0.005583384 0.026348680 0.002380861 0.999634385
1770114845.591578 -0.694887459 0.001442255 -0.149830759 0.004307420 0.027524078 0.002798235 0.999607921
1770114845.624892 -0.680322707 0.016098673 -0.130132407 0.005063354 0.026564101 0.001545204 0.999633133
1770114845.691598 -0.680897117 0.008507358 -0.143865511 0.003648870 0.026442697 0.002121451 0.999641418
1770114845.724908 -0.682222545 0.015965020 -0.148823395 0.003862684 0.027556084 0.002697141 0.999609172
1770114845.758219 -0.679669976 0.017901242 -0.147531897 0.003446779 0.027835481 0.002739076 0.999602854
1770114845.858199 -0.670453906 0.026640479 -0.147666261 0.002740290 0.027933707 0.003239778 0.999600768
1770114845.924867 -0.664885938 0.031177768 -0.143287495 0.002010912 0.028655116 0.003458274 0.999581397
1770114845.958200 -0.663111389 0.031286262 -0.151342139 0.002030883 0.028682467 0.002621130 0.999583125
1770114845.991531 -0.661950648 0.032316174 -0.150066063 0.001592689 0.028893210 0.002735549 0.999577522
1770114846.024864 -0.659658015 0.033649806 -0.151088804 0.001486652 0.029187545 0.002030289 0.999570847
1770114846.058200 -0.652005315 0.040899944 -0.147527531 0.001607700 0.028769847 0.003105068 0.999579966
1770114846.124866 -0.646262228 0.042401526 -0.148391232 0.001126522 0.029184975 0.002728086 0.999569714
1770114846.224869 -0.639901578 0.045715008 -0.154209465 0.000400112 0.029771488 0.002433602 0.999553740
1770114846.258196 -0.636670411 0.046784587 -0.153413519 0.000128000 0.029615626 0.002517848 0.999558210
1770114846.291549 -0.633391857 0.048055455 -0.153187484 0.000029458 0.029774252 0.002219093 0.999554217
1770114846.324899 -0.629603028 0.050596330 -0.152492687 0.000011968 0.030220909 0.002976059 0.999538779
1770114846.424867 -0.618226349 0.051931977 -0.149734318 -0.000814984 0.030100815 0.003521257 0.999540329
1770114846.524872 -0.610822976 0.055576842 -0.152030259 -0.000642258 0.030467248 0.003260587 0.999530256
1770114846.558257 -0.608717918 0.056153961 -0.152585670 -0.000608426 0.031242345 0.003032142 0.999507070
1770114846.591538 -0.606657207 0.055334475 -0.154152960 -0.000817697 0.031624861 0.003142777 0.999494553
1770114846.624878 -0.602285087 0.055741206 -0.153435931 -0.000696744 0.031559523 0.003059899 0.999496996
1770114846.658199 -0.594919860 0.056275111 -0.148402035 -0.000735720 0.030947607 0.002919307 0.999516487
1770114846.691537 -0.591732144 0.059537660 -0.145520568 -0.000492541 0.031155216 0.002767854 0.999510646
1770114846.758206 -0.583430409 0.059331704 -0.141710475 -0.000855431 0.030956363 0.003284568 0.999514997
1770114846.858255 -0.577147722 0.058064755 -0.144349426 -0.001367602 0.031638980 0.002874385 0.999494314
1770114846.891532 -0.574220538 0.053564101 -0.147701159 -0.001922716 0.031732865 0.003097959 0.999489784
1770114846.924866 -0.574502587 0.053857561 -0.158404723 -0.001681512 0.031462286 0.003086824 0.999498785
1770114846.958201 -0.573294401 0.053300019 -0.159210995 -0.001728149 0.031898942 0.003096566 0.999484897
1770114846.991534 -0.567961097 0.052641388 -0.154131725 -0.001791656 0.031932108 0.002518327 0.999485314
1770114847.058196 -0.564918876 0.055071253 -0.159049958 -0.001639399 0.032156661 0.003291809 0.999476135
1770114847.124875 -0.558775961 0.054380532 -0.157858998 -0.001421824 0.032297220 0.003136377 0.999472439
1770114847.191536 -0.553867221 0.056559760 -0.155080408 -0.001030635 0.032256737 0.002410363 0.999476194
1770114847.224872 -0.547114134 0.056090046 -0.152214393 -0.001278008 0.031769112 0.003612098 0.999487936
1770114847.258223 -0.545411289 0.055609297 -0.152829334 -0.001230497 0.032005325 0.003097299 0.999482214
1770114847.291531 -0.546596944 0.046146337 -0.162544623 -0.001903717 0.032457028 0.003645291 0.999464691
1770114847.358208 -0.545045495 0.046587359 -0.162822559 -0.001814032 0.032815114 0.003545255 0.999453545
1770114847.391544 -0.543091178 0.045035072 -0.162220076 -0.002074667 0.032825820 0.003727602 0.999452055
1770114847.491538 -0.538807034 0.044244364 -0.162144870 -0.001901470 0.033007726 0.003814608 0.999446094
1770114847.524874 -0.537193775 0.045271914 -0.160637572 -0.001464207 0.032965001 0.003890423 0.999447942
1770114847.558203 -0.533105314 0.046121646 -0.158746183 -0.001153704 0.032972898 0.003888497 0.999448061
1770114847.591541 -0.532994032 0.046871591 -0.159793839 -0.000976254 0.033111300 0.003635386 0.999444604
1770114847.658202 -0.529941976 0.043356135 -0.161611199 -0.001380767 0.032903269 0.003710728 0.999450743
1770114847.691546 -0.523644030 0.041406665 -0.159563273 -0.001221019 0.033017930 0.003831074 0.999446690
1770114847.791541 -0.519163132 0.043511450 -0.155847475 -0.000699577 0.032994162 0.003746018 0.999448299
1770114847.824877 -0.519558132 0.042996194 -0.155175060 -0.000406591 0.033100251 0.003706255 0.999445140
1770114847.858226 -0.517234445 0.042260557 -0.154196799 -0.000392830 0.032979369 0.003604998 0.999449432
1770114847.891536 -0.516412377 0.043280389 -0.153562933 -0.000251224 0.033077423 0.003333953 0.999447286
1770114847.958204 -0.512073040 0.042745210 -0.153485730 0.000066846 0.032906275 0.003473661 0.999452472
1770114847.991580 -0.508503199 0.043138131 -0.149998009 0.000173653 0.032699820 0.003469553 0.999459207
1770114848.058209 -0.505111098 0.040825427 -0.149766535 0.000096922 0.033152647 0.003395319 0.999444604
1770114848.158205 -0.498024225 0.031473275 -0.147938639 -0.001091866 0.032152995 0.004093741 0.999473989
1770114848.191530 -0.498912334 0.034446690 -0.140451148 -0.000453797 0.032454923 0.004284524 0.999463975
1770114848.224878 -0.498665214 0.035028830 -0.141560927 -0.000292071 0.032585349 0.003823688 0.999461591
1770114848.258198 -0.494584560 0.028215483 -0.152366489 -0.001375912 0.032016467 0.004754681 0.999475062
1770114848.291528 -0.492157191 0.029612143 -0.150981739 -0.000819611 0.031769153 0.004421853 0.999485195
1770114848.324878 -0.493026942 0.029026328 -0.147959560 -0.000931703 0.031885989 0.004456939 0.999481201
1770114848.424885 -0.488498181 0.026365796 -0.149935052 -0.000517809 0.031497691 0.004351898 0.999494255
1770114848.491537 -0.487643033 0.026700672 -0.148108795 -0.000397876 0.032042541 0.004624918 0.999475777
1770114848.524863 -0.485513806 0.025049511 -0.146923244 -0.000680723 0.031653218 0.004839521 0.999487042
1770114848.558204 -0.485775620 0.025990501 -0.150722608 -0.000484720 0.031369302 0.004384058 0.999498188
1770114848.591535 -0.488990426 0.026800424 -0.151752174 -0.000459180 0.031586628 0.003944435 0.999493122
1770114848.624885 -0.486612588 0.026072418 -0.149167940 -0.000469720 0.031341251 0.004033603 0.999500513
1770114848.691634 -0.482002467 0.024626147 -0.142369539 -0.000254282 0.031429052 0.004701921 0.999494910
1770114848.758198 -0.483141601 0.028674055 -0.141314238 0.000201668 0.031227462 0.003409223 0.999506474
1770114848.791544 -0.483463377 0.027190665 -0.141916975 -0.000061731 0.031199217 0.003431063 0.999507308
1770114848.824901 -0.477821231 0.022957418 -0.139185488 -0.000247375 0.030830335 0.004544389 0.999514282
1770114848.858212 -0.478702754 0.023267267 -0.141076595 -0.000098844 0.030843304 0.004483624 0.999514222
1770114848.891560 -0.475433022 0.024230620 -0.138832003 0.000127314 0.030513389 0.004758697 0.999523044
1770114848.991529 -0.474053383 0.022057731 -0.138496011 -0.000410581 0.030734366 0.004369614 0.999517977
1770114849.024873 -0.473563612 0.023223121 -0.138964429 -0.000157387 0.030410206 0.004180648 0.999528766
1770114849.058195 -0.472931743 0.021852477 -0.138795257 -0.000309195 0.030266570 0.004483276 0.999531746
1770114849.124867 -0.471837848 0.020101959 -0.138999447 -0.000570420 0.030088427 0.004674294 0.999536157
1770114849.158199 -0.469838381 0.021267753 -0.136674494 -0.000407716 0.029782617 0.004845593 0.999544621
1770114849.191535 -0.470831573 0.021540213 -0.136573359 -0.000509429 0.029846674 0.004404890 0.999544680
1770114849.291529 -0.471506000 0.018957503 -0.136874914 -0.000816484 0.030020513 0.004207183 0.999540091
1770114849.391536 -0.467584610 0.019609092 -0.135437891 -0.000528119 0.029354671 0.004472655 0.999558926
1770114849.424863 -0.464951903 0.018690590 -0.134984821 -0.000536527 0.028890163 0.004602290 0.999571860
1770114849.491537 -0.464474380 0.018539310 -0.136200815 -0.000636862 0.028504167 0.004285552 0.999584317
1770114849.524861 -0.462597728 0.018969381 -0.135532901 -0.000358004 0.028242432 0.004515811 0.999590874
1770114849.624871 -0.461402923 0.018193943 -0.134223998 -0.000622807 0.027958250 0.004934865 0.999596775
1770114849.658198 -0.461270988 0.016666420 -0.135366991 -0.000766678 0.028039470 0.004678464 0.999595642
1770114849.691534 -0.459281355 0.013010480 -0.136256292 -0.001522675 0.027685985 0.005008717 0.999602973
1770114849.724870 -0.459449530 0.013379582 -0.135351986 -0.001606530 0.027711483 0.004705646 0.999603629
1770114849.758197 -0.458950549 0.014220252 -0.136601850 -0.001109009 0.027744884 0.004188900 0.999605656
1770114849.824870 -0.459323227 0.009779781 -0.144400537 -0.001363419 0.027466260 0.004233254 0.999612808
1770114849.891530 -0.458283007 0.010395549 -0.143596694 -0.001069517 0.027479755 0.004337813 0.999612391
1770114849.924866 -0.457823962 0.008902784 -0.144491896 -0.001413469 0.027281590 0.004348622 0.999617338
1770114849.958196 -0.458821326 0.010390797 -0.144765273 -0.001226655 0.027436346 0.003973952 0.999614954
1770114849.991530 -0.458776116 0.009987451 -0.144395217 -0.001242898 0.027402220 0.003796614 0.999616563
1770114850.024871 -0.458379090 0.010056445 -0.145075232 -0.001310159 0.027370812 0.004063654 0.999616265
1770114850.091529 -0.458540261 0.008764874 -0.144666478 -0.001439429 0.027413419 0.004313300 0.999613822
1770114850.191534 -0.458002806 0.009252706 -0.144960046 -0.001246880 0.027342435 0.004271150 0.999616265
1770114850.224864 -0.457448244 0.008791381 -0.144935906 -0.001381447 0.027288286 0.004033419 0.999618530
1770114850.258200 -0.458943129 0.009833802 -0.145266533 -0.001123331 0.027429828 0.003925791 0.999615431
1770114850.291537 -0.458648443 0.009433654 -0.144938409 -0.001314744 0.027383603 0.004179068 0.999615431
1770114850.324878 -0.459066778 0.011828330 -0.143290058 -0.001133364 0.027282093 0.004218083 0.999618292
1770114850.358193 -0.459398896 0.011255899 -0.143536314 -0.001152747 0.027439000 0.004382906 0.999613225
1770114850.458195 -0.459042758 0.012591805 -0.143471882 -0.001019941 0.027378613 0.004108521 0.999616206
1770114850.524855 -0.457777441 0.011482731 -0.142030776 -0.001182381 0.027202500 0.004333853 0.999619842
1770114850.558188 -0.457553476 0.011929589 -0.143278584 -0.001181176 0.027136732 0.004293341 0.999621809
1770114850.591526 -0.458269209 0.012412310 -0.142423972 -0.001066168 0.027354268 0.004212132 0.999616385
1770114850.624852 -0.458780915 0.012049275 -0.142911345 -0.001191285 0.027305638 0.004078903 0.999618113
1770114850.658214 -0.458444923 0.012252009 -0.142238915 -0.001166414 0.027413538 0.004125369 0.999615014
1770114850.824858 -0.458711535 0.013129591 -0.141429052 -0.000950330 0.027293118 0.004221606 0.999618113
1770114850.858186 -0.458732098 0.012093124 -0.143211052 -0.001059290 0.027390538 0.004238111 0.999615312
1770114850.891521 -0.457823783 0.013035320 -0.142010927 -0.001029526 0.027220275 0.004206779 0.999620080
1770114850.924850 -0.458709389 0.012204215 -0.142759621 -0.001119625 0.027341463 0.004304088 0.999616325
1770114850.958195 -0.459050059 0.011891772 -0.141612768 -0.001209013 0.027403684 0.004386296 0.999614120
1770114850.991517 -0.458531260 0.012707289 -0.141618326 -0.001096511 0.027362602 0.004448631 0.999615133
1770114851.158196 -0.460101336 0.012861510 -0.141917348 -0.001133362 0.027565412 0.004367605 0.999609828
1770114851.191525 -0.460419625 0.012011284 -0.141467243 -0.001201007 0.027662145 0.003956122 0.999608755
1770114851.224856 -0.457818627 0.010776638 -0.143050745 -0.001421860 0.027159417 0.004372892 0.999620557
1770114851.258189 -0.458430409 0.012021652 -0.142245308 -0.001201632 0.027288541 0.004294655 0.999617696
1770114851.291522 -0.458434731 0.012341476 -0.142321765 -0.001192649 0.027338317 0.004491043 0.999615490
1770114851.391526 -0.458599031 0.012041042 -0.142222703 -0.001305138 0.027329087 0.004306073 0.999616385
1770114851.424875 -0.458219141 0.010569083 -0.141822383 -0.001404874 0.027309593 0.004233137 0.999617100
1770114851.458185 -0.458838671 0.011623202 -0.141395301 -0.001325769 0.027402312 0.004431137 0.999613822
1770114851.491573 -0.458715826 0.011206971 -0.142191082 -0.001341105 0.027300376 0.004118925 0.999617934
1770114851.524859 -0.458589971 0.010789089 -0.140841767 -0.001367021 0.027316157 0.004280389 0.999616742
1770114851.558206 -0.458682120 0.011627469 -0.140905246 -0.001141957 0.027308421 0.004254103 0.999617338
