1770029053573583104.000000 0.000000000 0.000000000 0.000000000 -0.000000000 -0.000000000 -0.000000000 1.000000000
1770029053606918144.000000 0.002168213 0.003487217 0.010394012 0.000238185 -0.001181242 -0.000087032 0.999999285
1770029053640251648.000000 0.000316429 0.008460606 0.020834804 0.000642295 -0.001547045 -0.000651119 0.999998391
1770029053673586688.000000 0.003525310 0.010016871 0.026762977 0.000729837 -0.002835393 -0.000345797 0.999995649
1770029053706921216.000000 0.032770608 0.009953178 0.026135493 0.000874473 -0.007785982 0.001933791 0.999967456
1770029053740259072.000000 0.004082485 0.008405763 0.031191386 0.000214607 -0.003138763 -0.000385144 0.999994993
1770029053773588736.000000 0.033129629 0.010389973 0.031647623 0.000608016 -0.008263476 0.001558987 0.999964476
1770029053806947584.000000 0.005798208 0.009642036 0.035120323 0.000107054 -0.003648014 -0.000188548 0.999993324
1770029053840275200.000000 0.005984209 0.006418490 0.020751098 0.000129987 -0.000170021 -0.001590375 0.999998748
1770029053873599232.000000 -0.003263661 0.001679562 0.022364099 -0.000774204 0.002823411 -0.001274779 0.999994934
1770029053873599232.000000 -0.003263661 0.001679562 0.022364099 -0.000774204 0.002823411 -0.001274779 0.999994934
1770029053873599232.000000 -0.003263661 0.001679562 0.022364099 -0.000774204 0.002823411 -0.001274779 0.999994934
1770029053973600768.000000 -0.000038167 0.006174228 -0.006029159 0.000950153 0.000652663 0.000486679 0.999999225
1770029054006933760.000000 0.001808038 0.006790181 -0.007546672 0.001151612 0.000219639 0.000382602 0.999999285
1770029054040296704.000000 0.002407470 0.008938501 -0.007494436 0.001629173 0.000176579 0.000483760 0.999998569
1770029054073602304.000000 0.003299129 0.008784198 -0.007575917 0.001800213 0.000130245 0.000636757 0.999998212
1770029054106924288.000000 0.006439165 0.009206762 -0.009457690 0.001984742 -0.000740182 0.000610208 0.999997616
1770029054140259328.000000 0.003133057 0.009016874 -0.008238482 0.001767856 0.000100388 0.000435614 0.999998331
1770029054173590784.000000 0.004244904 0.009241330 -0.009254406 0.001909225 -0.000218124 0.000401532 0.999998152
1770029054240252928.000000 0.003457342 0.009494579 -0.008642135 0.001898734 0.000038413 0.000267509 0.999998212
1770029054273592576.000000 0.004209873 0.007650922 -0.008274265 0.001273593 -0.000183202 0.000149090 0.999999166
1770029054306925056.000000 0.006547697 0.010901932 -0.009135560 0.002268691 -0.000621046 0.000620925 0.999997139
1770029054406914816.000000 0.005868921 0.009466394 -0.008766463 0.001992400 -0.000474713 0.000458176 0.999997795
1770029054440330752.000000 0.005028379 0.008276635 -0.009098840 0.001751468 -0.000315597 0.000482382 0.999998331
1770029054473601024.000000 0.006678004 0.008443110 -0.010393525 0.001743623 -0.000743828 0.000474020 0.999998093
1770029054540251648.000000 0.006722273 0.010726380 -0.009747358 0.002408306 -0.000685254 0.000705656 0.999996662
1770029054573597952.000000 0.004315191 0.008762714 -0.008908245 0.001818005 -0.000086959 0.000553705 0.999998212
1770029054606947584.000000 0.006796991 0.011583207 -0.009297254 0.002646350 -0.000754455 0.000606813 0.999996066
1770029054706948352.000000 0.007360373 0.009514467 -0.009807907 0.002106999 -0.000758634 0.000662964 0.999997258
1770029054773582848.000000 0.010598114 0.012455608 -0.012073234 0.002882022 -0.001531937 0.000625703 0.999994516
1770029054806928896.000000 0.010972472 0.012482383 -0.012296440 0.002737174 -0.001702060 0.000663378 0.999994576
1770029054873580800.000000 0.009623088 0.012683149 -0.011664658 0.002894129 -0.001361908 0.000600092 0.999994695
1770029054906928896.000000 0.010332645 0.015364357 -0.011546271 0.003655985 -0.001479363 0.001080630 0.999991655
1770029054940250880.000000 0.011984210 0.009831248 -0.013284113 0.002080110 -0.001738377 0.000740100 0.999996066
1770029055006943744.000000 0.009569766 0.012546445 -0.011559250 0.002859656 -0.001418669 0.000860552 0.999994516
1770029055073605888.000000 0.008689197 0.014339088 -0.011244867 0.003401422 -0.001126537 0.001023483 0.999993086
1770029055106937856.000000 0.008880533 0.015637990 -0.011137248 0.003655355 -0.001247419 0.000823566 0.999992192
1770029055173610752.000000 0.007879115 0.016574256 -0.010524437 0.003861273 -0.001020118 0.000929691 0.999991655
1770029055206935040.000000 0.009400451 0.016436229 -0.011806604 0.003860811 -0.001341688 0.001019416 0.999991119
1770029055240272128.000000 0.007461174 0.014300507 -0.011049201 0.003187230 -0.000968153 0.000784586 0.999994218
1770029055306937088.000000 0.009529170 0.013979734 -0.010150750 0.003010178 -0.001364856 0.000869500 0.999994218
1770029055340270080.000000 0.010485956 0.011568615 -0.011358734 0.002378621 -0.001564179 0.000641272 0.999995768
1770029055406938112.000000 0.011934556 0.015041651 -0.013663545 0.003463042 -0.001898694 0.000925486 0.999991775
1770029055473600512.000000 0.006326543 0.015928330 -0.011202642 0.003844417 -0.000686375 0.000999091 0.999991953
1770029055506937856.000000 0.010915421 0.013715047 -0.012768374 0.003212962 -0.001681428 0.000792516 0.999993145
1770029055540286976.000000 0.010777153 0.016392658 -0.012290780 0.003825505 -0.001527225 0.000921356 0.999991119
1770029055606941952.000000 0.010892260 0.014863268 -0.012479833 0.003388911 -0.001530072 0.001003331 0.999992609
1770029055673628160.000000 0.011185208 0.014750416 -0.012617841 0.003386837 -0.001727631 0.000891529 0.999992430
1770029055706985472.000000 0.008516897 0.015794696 -0.010457487 0.003640050 -0.001035884 0.000969002 0.999992371
1770029055740279040.000000 0.010417238 0.011181616 -0.013099729 0.002732475 -0.001418979 0.000998020 0.999994814
1770029055773602816.000000 0.007527396 0.013967973 -0.008738119 0.003013104 -0.000740560 0.000731736 0.999994934
1770029055873603072.000000 0.011383866 0.014239954 -0.012306077 0.003145098 -0.001714162 0.000852105 0.999993265
1770029055906935296.000000 0.011177419 0.021727253 -0.011047294 0.005142906 -0.001598273 0.001176309 0.999984801
1770029056006940672.000000 0.012066567 0.013926700 -0.012025944 0.003171405 -0.001828624 0.000741495 0.999993086
1770029056040321280.000000 0.012490225 0.015576750 -0.012532615 0.003699418 -0.002006600 0.000910195 0.999990702
1770029056106937600.000000 0.012303613 0.014102870 -0.012875335 0.003220864 -0.001921716 0.000659725 0.999992788
1770029056206950656.000000 0.006577305 0.015397126 -0.009329250 0.003461007 -0.000724671 0.000575737 0.999993563
1770029056240281856.000000 0.009932871 0.013536335 -0.010444621 0.002834269 -0.001372747 0.000912001 0.999994636
1770029056306932736.000000 0.010055540 0.004969186 -0.009177277 0.000215305 -0.001375979 0.000657192 0.999998868
1770029056340271360.000000 0.012381425 0.013823904 -0.009274504 0.002699680 -0.001823013 0.001612587 0.999993384
1770029056373600000.000000 0.011938564 0.013054071 -0.011418917 0.002171992 -0.001806114 0.000846370 0.999995708
1770029056406933248.000000 0.012970814 0.017180743 -0.010836294 0.003058025 -0.001943999 0.001019367 0.999992967
1770029056506945536.000000 0.018842002 0.011259220 -0.012354244 0.001396557 -0.003039505 0.000701691 0.999994159
1770029056540268032.000000 0.018369455 0.009515338 -0.013571231 0.000831537 -0.003079244 0.000259935 0.999994934
1770029056573600256.000000 0.012775219 0.008943155 -0.009201081 0.000465664 -0.002073146 0.000497105 0.999997675
1770029056606940928.000000 0.017574556 0.007587674 -0.010024618 0.000417902 -0.002960428 0.000501033 0.999995470
1770029056640268800.000000 0.016286109 0.004027540 -0.011822815 0.000021684 -0.002885137 0.000157051 0.999995887
1770029056673601280.000000 0.013857246 -0.002588247 -0.010132806 -0.001710705 -0.002608166 -0.000233396 0.999995112
1770029056806958848.000000 0.015558851 0.010452129 -0.007881219 0.002546125 -0.003091855 0.000624815 0.999991834
1770029056840270848.000000 0.015615664 0.011418615 -0.005435492 0.002695663 -0.002888883 0.000392064 0.999992192
1770029056873601280.000000 0.015655452 0.006532904 -0.007600322 0.001691228 -0.003040413 0.000185931 0.999993920
1770029056906935040.000000 0.026900016 0.006457372 -0.013621498 0.002142764 -0.005008341 0.000865277 0.999984801
1770029056940285440.000000 0.028414823 0.011160159 -0.012721377 0.003660165 -0.005333921 0.000861005 0.999978781
1770029056973598976.000000 0.027485862 0.008367689 -0.012752836 0.002963966 -0.005217916 0.000282900 0.999981999
1770029057106942208.000000 0.031409603 0.007666823 -0.011475594 0.003801878 -0.006109199 0.000265838 0.999974132
1770029057140268288.000000 0.029944912 0.013413452 -0.006171360 0.005732339 -0.005363224 0.001073333 0.999968648
1770029057173609216.000000 0.037628241 0.004252137 -0.010516579 0.003999557 -0.006769324 0.000996847 0.999968588
1770029057206942464.000000 0.037118372 -0.000227688 -0.010372674 0.003412116 -0.006778087 0.001015844 0.999970734
1770029057240268288.000000 0.039295357 -0.009036231 -0.013477477 0.001100516 -0.007461744 0.000545751 0.999971449
1770029057273606400.000000 0.037751481 -0.010321519 -0.013383792 0.000953959 -0.007150357 0.000048070 0.999974012
1770029057373613312.000000 0.036723841 -0.006073350 -0.009805372 0.001127398 -0.006201365 -0.000179335 0.999980152
1770029057406938624.000000 0.042243026 -0.006523348 -0.010514793 0.000638787 -0.006599376 -0.000112844 0.999978065
1770029057440271616.000000 0.042286519 -0.007280960 -0.009864327 0.000725045 -0.006524364 0.000774513 0.999978244
1770029057473612032.000000 0.046930097 -0.004806139 -0.013700369 0.001615568 -0.007537763 0.000559325 0.999970138
1770029057506977024.000000 0.047755025 -0.004059376 -0.009013982 0.002140319 -0.007253403 0.001295666 0.999970555
1770029057540278272.000000 0.050795075 -0.005888126 -0.010905189 0.001799349 -0.008026872 0.000886949 0.999965847
1770029057640283136.000000 0.061493564 -0.002020590 -0.016956881 0.003781517 -0.009756073 0.001748323 0.999943793
1770029057706978304.000000 0.063476354 -0.020864308 -0.016744466 -0.000576198 -0.009580881 0.000698126 0.999953687
1770029057740286720.000000 0.064176321 -0.016569648 -0.017721923 0.000920461 -0.009901276 0.000684100 0.999950349
1770029057773624064.000000 0.061045986 -0.035167094 -0.014441657 -0.003956670 -0.009261659 -0.000885723 0.999948919
1770029057806945024.000000 0.057939481 -0.020862777 -0.015671069 0.000236207 -0.008193316 0.000279059 0.999966383
1770029057840296704.000000 0.061019555 -0.015285096 -0.013242764 0.001719599 -0.008289221 0.000468956 0.999964058
1770029057973611776.000000 0.045296740 -0.014883713 0.005860470 0.002623444 -0.002501842 -0.002591833 0.999990106
1770029058006939136.000000 0.046196662 -0.016084889 0.005000892 0.002583116 -0.002303939 -0.002646043 0.999990582
1770029058040279808.000000 0.048457220 -0.017615199 0.005216371 0.002206276 -0.002408644 -0.002698679 0.999991059
1770029058073619968.000000 0.051117539 -0.018725542 0.004150954 0.002003313 -0.002435617 -0.002518742 0.999991894
1770029058106941952.000000 0.052081283 -0.018758202 0.004855929 0.002145795 -0.001994191 -0.002591475 0.999992371
1770029058140269312.000000 0.056208402 -0.019691257 0.003529625 0.002223364 -0.002651169 -0.002362112 0.999991238
1770029058240290304.000000 0.063520238 -0.018800030 0.005308181 0.002978184 -0.002889006 -0.002099499 0.999989212
1770029058273602560.000000 0.063204631 -0.021548256 0.007653869 0.002150453 -0.002144613 -0.002564876 0.999992192
1770029058307043072.000000 0.065713741 -0.020136144 0.010482347 0.002547856 -0.002047408 -0.002492703 0.999991596
1770029058340283648.000000 0.067531444 -0.020410445 0.012231037 0.002624172 -0.001636593 -0.002247020 0.999992728
1770029058373603584.000000 0.072440326 -0.021071514 0.011765771 0.002648979 -0.001942960 -0.002063099 0.999992490
1770029058406937344.000000 0.072519593 -0.017510898 0.014083621 0.003938713 -0.001197305 -0.001720164 0.999990046
1770029058540271360.000000 0.090745144 -0.019374875 0.009653104 0.004106738 -0.003215745 -0.001337333 0.999985516
1770029058573598464.000000 0.095598228 -0.022144005 0.008845951 0.003440467 -0.003662226 -0.001576968 0.999986172
1770029058606932992.000000 0.099622287 -0.018438565 0.012022737 0.004379708 -0.003539542 -0.001122002 0.999983609
1770029058706946816.000000 0.104006767 -0.017954536 0.018353412 0.004112353 -0.000037970 -0.001535182 0.999990404
1770029058740301568.000000 0.107053757 -0.017422993 0.017505651 0.004286511 -0.000344804 -0.001939587 0.999988914
1770029058906948864.000000 0.109915771 -0.015240745 0.019261494 0.003768990 0.002024321 -0.001794276 0.999989271
1770029058940278528.000000 0.113459535 -0.013905169 0.016597925 0.003632167 0.001653015 -0.001893652 0.999990284
1770029058973617152.000000 0.111600555 -0.016274991 0.017058924 0.002596663 0.002747595 -0.002217602 0.999990463
1770029059006947840.000000 0.108475819 -0.013262457 0.017339690 0.003313908 0.003911262 -0.002374469 0.999984026
1770029059040266752.000000 0.111014791 -0.016376846 0.014874019 0.002670034 0.003693134 -0.002750690 0.999985874
1770029059073603072.000000 0.112517588 -0.014351633 0.015415005 0.004061500 0.004070768 -0.001937908 0.999981582
1770029059173613312.000000 0.140189156 -0.002781445 0.023274140 0.006363856 0.003886093 -0.002067511 0.999970138
1770029059206936064.000000 0.139548123 -0.001679129 0.022475677 0.006526541 0.004750806 -0.002279252 0.999964893
1770029059240267008.000000 0.140937597 -0.001814285 0.022734223 0.006073203 0.005033876 -0.002776729 0.999965072
1770029059273608704.000000 0.145624235 0.002897603 0.024342790 0.006699728 0.005020183 -0.002964029 0.999960601
1770029059306937088.000000 0.146965981 0.006723840 0.025726495 0.007026786 0.005570968 -0.003280105 0.999954462
1770029059406974976.000000 0.150707081 0.008122583 0.024278859 0.006790657 0.006817780 -0.002900815 0.999949574
1770029059440273152.000000 0.157023862 0.014262133 0.025052780 0.007360584 0.006632371 -0.003431135 0.999945045
1770029059506931712.000000 0.162753254 0.022027673 0.030182621 0.008024015 0.007768705 -0.004727910 0.999926507
1770029059540271616.000000 0.169209659 0.023399772 0.026652446 0.008976771 0.007281738 -0.003585638 0.999926805
1770029059573604608.000000 0.168165535 0.026749831 0.029538007 0.008813001 0.008332686 -0.005172899 0.999913096
1770029059606939904.000000 0.175846532 0.020579288 0.010146682 0.007589548 0.009340932 -0.001809876 0.999925971
1770029059640277504.000000 0.176737979 0.020578522 0.009863327 0.007259500 0.010174553 -0.002238815 0.999919415
1770029059673597696.000000 0.177226931 0.023005532 0.011047735 0.007192314 0.011069846 -0.002846843 0.999908864
1770029059740266752.000000 0.184679955 0.031407390 0.012480795 0.007977982 0.011368354 -0.003080123 0.999898851
1770029059806934016.000000 0.191514790 0.038006861 0.017126618 0.008088812 0.012267689 -0.003703262 0.999885201
1770029059840271616.000000 0.193789467 0.042013910 0.017092211 0.008329890 0.012733992 -0.004403267 0.999874592
1770029059906933248.000000 0.199427426 0.049018152 0.017607851 0.008820099 0.013640023 -0.004905085 0.999856114
1770029059940272896.000000 0.201415360 0.051715571 0.020085763 0.008590749 0.014649733 -0.005194513 0.999842286
1770029059973609472.000000 0.204538599 0.056991525 0.021697480 0.009322800 0.014960092 -0.005422997 0.999829948
1770029060006939136.000000 0.208102539 0.060415529 0.021474196 0.009500678 0.015026955 -0.005533007 0.999826670
1770029060106944512.000000 0.221901283 0.064255036 0.020578317 0.007156070 0.016769236 -0.002390473 0.999830961
1770029060140274176.000000 0.221765071 0.067017637 0.020540377 0.006728080 0.017550882 -0.002995935 0.999818861
1770029060173604096.000000 0.223512381 0.069996648 0.020067913 0.006656521 0.018052617 -0.003404279 0.999809146
1770029060206930688.000000 0.225489154 0.073767193 0.021430422 0.006696579 0.018876033 -0.003938047 0.999791622
1770029060273614336.000000 0.231174782 0.085598364 0.024596876 0.007447817 0.019898281 -0.004855737 0.999762475
1770029060306930176.000000 0.233134508 0.089086927 0.025102831 0.007297799 0.020188531 -0.005124280 0.999756455
1770029060406931456.000000 0.241922453 0.100406274 0.025120448 0.006977779 0.021338070 -0.005408891 0.999733388
1770029060440264192.000000 0.247446105 0.101385407 0.018486554 0.005285515 0.021661351 -0.001985131 0.999749422
1770029060473599232.000000 0.249982983 0.105600461 0.018807055 0.005343858 0.021888034 -0.002327174 0.999743462
1770029060506930944.000000 0.253100216 0.109199271 0.019034512 0.005199305 0.022352183 -0.002689227 0.999733031
1770029060573606912.000000 0.253828317 0.117767036 0.021176750 0.004765510 0.024345426 -0.003827692 0.999684930
1770029060606929920.000000 0.253742427 0.122046329 0.023962153 0.004015505 0.025303554 -0.005184471 0.999658346
1770029060673598208.000000 0.259794384 0.130101666 0.026050000 0.003391526 0.025955452 -0.006125432 0.999638617
1770029060773599744.000000 0.270476252 0.141319305 0.018649099 0.002425591 0.026397999 -0.002750400 0.999644876
1770029060840271360.000000 0.274005771 0.148217216 0.020489708 0.001486071 0.027575467 -0.003555100 0.999612272
1770029060873608704.000000 0.275035053 0.152865857 0.021018883 0.001334541 0.028531663 -0.004611794 0.999581337
1770029060940266240.000000 0.281098574 0.161467984 0.023613941 0.000912597 0.029456276 -0.005784052 0.999548972
1770029060973615872.000000 0.281162381 0.166216478 0.024377061 0.000937072 0.030803854 -0.006455631 0.999504209
1770029061073615616.000000 0.296590209 0.182345867 0.024923142 0.000440511 0.031555366 -0.003192696 0.999496818
1770029061106979584.000000 0.296871334 0.185756639 0.025671566 -0.000241356 0.031778347 -0.003759957 0.999487877
1770029061140296704.000000 0.297720671 0.189383581 0.025315488 -0.000755772 0.031409413 -0.004421485 0.999496520
1770029061173619200.000000 0.299356639 0.194532633 0.025399301 -0.001182209 0.031140499 -0.004837975 0.999502659
1770029061206952448.000000 0.301558375 0.198371291 0.026569674 -0.001555368 0.031257417 -0.004933898 0.999498010
1770029061273622528.000000 0.305810541 0.209208161 0.026689719 -0.001531364 0.031522088 -0.005746917 0.999485433
1770029061340271872.000000 0.317678779 0.213470042 0.031192189 -0.002604420 0.030981351 -0.003048314 0.999511898
1770029061440273152.000000 0.320335686 0.224155486 0.030780463 -0.003548856 0.030962637 -0.003661134 0.999507546
1770029061473596160.000000 0.322437555 0.228175521 0.031915713 -0.003728477 0.030660663 -0.004387693 0.999513328
1770029061506942720.000000 0.323756158 0.232424974 0.033562340 -0.004054335 0.030673722 -0.004471895 0.999511242
1770029061540282880.000000 0.324916989 0.237311363 0.032002252 -0.003967750 0.030621404 -0.004511043 0.999513030
1770029061573612544.000000 0.329240710 0.243008703 0.032662466 -0.003909437 0.030048134 -0.003669932 0.999534070
1770029061606983936.000000 0.329293936 0.243746042 0.032408148 -0.004628549 0.030194437 -0.003809264 0.999526083
1770029061706968064.000000 0.331265479 0.253279746 0.032106929 -0.005188458 0.029950699 -0.005068958 0.999525130
1770029061740295936.000000 0.331796587 0.256952286 0.032352716 -0.005323720 0.030025655 -0.005563386 0.999519467
1770029061773613568.000000 0.333224148 0.260708034 0.033195406 -0.005049450 0.029859927 -0.005261604 0.999527514
1770029061806944000.000000 0.334035724 0.263294935 0.032751486 -0.005159345 0.029654842 -0.006099803 0.999528348
1770029061840281344.000000 0.336048722 0.267048389 0.030804573 -0.004935591 0.029406196 -0.004475075 0.999545336
1770029061873595904.000000 0.335234851 0.269270778 0.031197345 -0.005329180 0.029607944 -0.005154577 0.999534130
1770029062006931712.000000 0.335697383 0.278092027 0.031071607 -0.004936629 0.028661735 -0.005929462 0.999559462
1770029062040264960.000000 0.334870517 0.279630840 0.031425502 -0.005316309 0.028818974 -0.006712646 0.999548018
1770029062073596160.000000 0.334641248 0.281674266 0.031380057 -0.005177275 0.028714567 -0.006703001 0.999551773
1770029062106932480.000000 0.335839301 0.283283383 0.030790597 -0.004987920 0.028136753 -0.006697675 0.999569237
1770029062140265984.000000 0.332121342 0.281551510 0.031036407 -0.005569374 0.028562238 -0.007144626 0.999550998
1770029062173603072.000000 0.332773298 0.283459514 0.029646715 -0.005280835 0.028016560 -0.007030611 0.999568820
1770029062340268800.000000 0.330772460 0.289727092 0.027626833 -0.003266840 0.023361113 -0.006174964 0.999702692
1770029062373605632.000000 0.329350591 0.289721817 0.026419861 -0.003087970 0.022581220 -0.006070956 0.999721885
1770029062406936576.000000 0.327453196 0.289612085 0.026245512 -0.003086883 0.022641003 -0.006314914 0.999718964
1770029062440273408.000000 0.327692181 0.288578272 0.028119609 -0.003066125 0.022845717 -0.006123739 0.999715626
1770029062473601280.000000 0.326626688 0.286794275 0.028099110 -0.003438810 0.023306558 -0.006063485 0.999704123
1770029062506950656.000000 0.324613005 0.286494195 0.027716530 -0.003159313 0.023590446 -0.006530329 0.999695420
1770029062640305152.000000 0.315823972 0.280058891 0.023213634 -0.001601291 0.022937024 -0.005728172 0.999719262
1770029062673625856.000000 0.313749969 0.278404117 0.021642590 -0.000987726 0.022448555 -0.005857730 0.999730408
1770029062706955776.000000 0.309807777 0.274802387 0.020419545 -0.001006549 0.022720860 -0.005450757 0.999726534
1770029062740295424.000000 0.304612905 0.268692076 0.019854696 -0.000457170 0.023155663 -0.005297761 0.999717772
1770029062773665280.000000 0.305592716 0.269275486 0.021229511 0.000009609 0.022442721 -0.004796157 0.999736667
1770029062807011328.000000 0.298999965 0.261503905 0.020917455 -0.000054625 0.023171762 -0.006683735 0.999709249
1770029062973629184.000000 0.279321671 0.240993604 0.017691180 0.001900303 0.022662818 -0.005671436 0.999725342
1770029063006960896.000000 0.274696261 0.236526683 0.015838813 0.003229687 0.022118652 -0.005489877 0.999735057
1770029063040318720.000000 0.271616787 0.231178939 0.015874039 0.003603065 0.021764560 -0.005225088 0.999742985
1770029063073636096.000000 0.266491413 0.227843493 0.015066719 0.004626974 0.021807658 -0.005310501 0.999737442
1770029063106978304.000000 0.260818779 0.224572718 0.016016878 0.005605836 0.022044268 -0.005175801 0.999727905
1770029063140323584.000000 0.259751767 0.223516420 0.018550102 0.006833639 0.020860011 -0.004965570 0.999746799
1770029063206963200.000000 0.251351625 0.214923382 0.016325010 0.008956622 0.020317996 -0.004370760 0.999743938
1770029063240300800.000000 0.246049419 0.207949683 0.016459053 0.009394561 0.019995542 -0.004676730 0.999745071
1770029063273621248.000000 0.241516575 0.203522503 0.015739081 0.010732340 0.019691622 -0.003794434 0.999741316
1770029063306953984.000000 0.237036541 0.196435243 0.013639990 0.011326279 0.019385332 -0.004083597 0.999739647
1770029063340300800.000000 0.230468899 0.192855462 0.018479034 0.013111423 0.018911522 -0.004964143 0.999722898
1770029063373632000.000000 0.226339951 0.189576402 0.016619319 0.014712214 0.018481461 -0.005186964 0.999707580
1770029063473623040.000000 0.213701114 0.170136765 0.013906611 0.019712560 0.016209876 -0.005016928 0.999661744
1770029063506968064.000000 0.206844330 0.164696619 0.009271629 0.021720283 0.015330152 -0.006142241 0.999627709
1770029063573646592.000000 0.200080082 0.152620047 0.005825324 0.026201259 0.013378045 -0.006258735 0.999547601
1770029063606966528.000000 0.196123481 0.146983802 0.003293774 0.028193315 0.012290290 -0.006652524 0.999504864
1770029063640304640.000000 0.193924323 0.139238477 0.000504543 0.030950334 0.010920051 -0.006839669 0.999437869
1770029063673624320.000000 0.188961312 0.130501375 0.001482732 0.033909589 0.010207499 -0.007505997 0.999344647
1770029063773643264.000000 0.181196004 0.109107986 -0.003526321 0.043063819 0.005645546 -0.007509681 0.999028146
1770029063840305664.000000 0.174031451 0.087607764 -0.006102872 0.047392424 0.000647002 -0.007247238 0.998849928
1770029063873643008.000000 0.169981554 0.079938732 -0.012262112 0.050269518 -0.002736527 -0.008370866 0.998696864
1770029063906990592.000000 0.166921526 0.069788992 -0.016297437 0.052202076 -0.006064232 -0.008306488 0.998583615
1770029063940325376.000000 0.162152380 0.056350607 -0.018394493 0.054396130 -0.009488544 -0.007492082 0.998446286
1770029063973660160.000000 0.154915646 0.044103302 -0.023354460 0.055930942 -0.013154279 -0.009213588 0.998305559
1770029064106961664.000000 0.135308251 -0.010459644 -0.041721649 0.062640391 -0.028887874 -0.010874082 0.997558713
1770029064140296704.000000 0.127758205 -0.020025805 -0.042177528 0.064181149 -0.032309201 -0.011309962 0.997350991
1770029064173628160.000000 0.122460388 -0.039646249 -0.052350380 0.064340584 -0.036339998 -0.009101993 0.997224569
1770029064206964480.000000 0.105433911 -0.046301074 -0.038560234 0.067459509 -0.039902318 -0.013343736 0.996834517
1770029064240285696.000000 0.103017054 -0.059103854 -0.042954274 0.068092234 -0.043936361 -0.011500666 0.996644795
1770029064273627392.000000 0.087972887 -0.071048200 -0.037311830 0.068735793 -0.045820147 -0.013593809 0.996489406
1770029064373630464.000000 0.066767588 -0.112151600 -0.044279870 0.067491032 -0.051350281 -0.011277967 0.996333838
1770029064406961152.000000 0.061335910 -0.120337047 -0.045099661 0.067384407 -0.051687706 -0.009698309 0.996340215
1770029064440288768.000000 0.053555172 -0.139400646 -0.046063997 0.064932592 -0.050868247 -0.007269891 0.996565819
1770029064473631488.000000 0.051271502 -0.156574130 -0.049679965 0.063028298 -0.049609773 -0.003007993 0.996773481
1770029064506958848.000000 0.044323999 -0.161110118 -0.037684318 0.061821911 -0.047261752 -0.004358436 0.996958077
1770029064540285952.000000 0.041383289 -0.162685528 -0.032928444 0.053264435 -0.044875745 -0.002816005 0.997567654
1770029064673621248.000000 0.007279782 -0.169793308 -0.003725743 0.006140477 -0.034893528 -0.000309416 0.999372125
1770029064706955264.000000 0.002998713 -0.171399310 0.001555434 -0.001335675 -0.033951722 -0.000484576 0.999422491
1770029064740286208.000000 -0.004538968 -0.174924225 0.008669090 -0.008101573 -0.032528948 -0.001775127 0.999436438
1770029064773626368.000000 -0.016695647 -0.181766450 0.016595630 -0.014726457 -0.030672517 -0.004855303 0.999409199
1770029064806960384.000000 -0.024337320 -0.185731292 0.018327186 -0.020726666 -0.029314082 -0.005792846 0.999338567
1770029064840286464.000000 -0.040561777 -0.202877551 -0.001993321 -0.026007071 -0.025624147 -0.006966249 0.999309003
1770029064973642496.000000 -0.084370323 -0.225479782 0.000156074 -0.043706130 -0.019118229 -0.012459714 0.998783827
1770029065006957312.000000 -0.089742705 -0.227145806 0.005355161 -0.046117615 -0.018745985 -0.013403930 0.998670161
1770029065040288512.000000 -0.098508954 -0.231811360 0.009867722 -0.048456356 -0.017737422 -0.015258295 0.998551250
1770029065073632512.000000 -0.113221966 -0.239556670 0.012166026 -0.050751280 -0.015458221 -0.016842391 0.998449683
1770029065106974976.000000 -0.117356949 -0.254634380 0.004794973 -0.053864338 -0.015408647 -0.014350099 0.998326302
1770029065140288000.000000 -0.125744149 -0.259080887 0.007887644 -0.054697860 -0.014627073 -0.015855465 0.998269916
1770029065273628160.000000 -0.149975568 -0.301062763 0.010470016 -0.058978941 -0.012841495 -0.012928570 0.998092949
1770029065306952192.000000 -0.157624736 -0.305740416 0.012956125 -0.058042210 -0.012334308 -0.014240421 0.998136401
1770029065340285440.000000 -0.166345358 -0.312549800 0.014276605 -0.057225809 -0.011506414 -0.015246759 0.998178542
1770029065373623296.000000 -0.175715879 -0.319369555 0.016647337 -0.055663295 -0.010558710 -0.016415989 0.998258889
1770029065406968320.000000 -0.179861397 -0.333626807 0.030645877 -0.055533230 -0.010154554 -0.013029992 0.998320222
1770029065440296192.000000 -0.185621753 -0.339215726 0.032118879 -0.053729989 -0.009923377 -0.013444796 0.998415709
1770029065540290304.000000 -0.207160920 -0.369231611 0.025792647 -0.047859129 -0.008098860 -0.012434378 0.998743951
1770029065573628416.000000 -0.212800100 -0.374307573 0.025846478 -0.044878252 -0.007838383 -0.012795097 0.998879790
1770029065606967040.000000 -0.216359958 -0.381517261 0.025054688 -0.042018183 -0.007773878 -0.012824992 0.999004304
1770029065640301824.000000 -0.226392686 -0.388755262 0.021099461 -0.039709549 -0.006385282 -0.013251227 0.999103069
1770029065673654272.000000 -0.230979443 -0.399837643 0.020900201 -0.037667427 -0.006436141 -0.013155467 0.999183059
1770029065706973184.000000 -0.237386540 -0.408032447 0.019864514 -0.034595989 -0.005716911 -0.012610954 0.999305546
1770029065807037184.000000 -0.255593389 -0.429852515 0.008346984 -0.026429579 -0.004327944 -0.010983570 0.999580979
1770029065840296192.000000 -0.261082679 -0.432264209 0.009134549 -0.023984721 -0.004060933 -0.011127371 0.999642134
1770029065906979072.000000 -0.269338727 -0.438592970 0.010092409 -0.019781981 -0.003819943 -0.010384565 0.999743104
1770029065940293376.000000 -0.277726889 -0.444377065 0.008923468 -0.017993236 -0.003246638 -0.010883455 0.999773681
1770029065973622016.000000 -0.282265395 -0.448125005 0.005680307 -0.016139654 -0.002812877 -0.010348535 0.999812305
1770029066006953984.000000 -0.287354439 -0.450172544 0.007103961 -0.014145250 -0.002723835 -0.010315531 0.999843061
1770029066106954240.000000 -0.298712701 -0.455714256 0.005948310 -0.010368108 -0.002277087 -0.009283293 0.999900579
1770029066140293632.000000 -0.303408861 -0.455291212 0.007951275 -0.009912028 -0.001905842 -0.009134552 0.999907374
1770029066173623296.000000 -0.313926667 -0.453084707 0.002013662 -0.009396047 -0.000561469 -0.009388186 0.999911666
1770029066206954752.000000 -0.317931801 -0.450608462 0.005682894 -0.008188281 -0.000796166 -0.009549604 0.999920547
1770029066240293376.000000 -0.324159235 -0.450341225 0.002682021 -0.006336138 -0.000148087 -0.009780766 0.999932170
1770029066306968576.000000 -0.330250025 -0.452975690 0.000272622 -0.003729243 -0.000673533 -0.009587985 0.999946833
1770029066440291328.000000 -0.344853044 -0.442667037 0.001763088 0.001370465 -0.000920013 -0.009083669 0.999957383
1770029066473624832.000000 -0.348495513 -0.439838111 0.000777704 0.002523873 -0.000711151 -0.008751041 0.999958277
1770029066506969856.000000 -0.353851944 -0.436583161 -0.000029844 0.003487573 -0.000734137 -0.008840295 0.999954581
1770029066540300800.000000 -0.364075959 -0.433444589 -0.011210998 0.004307635 -0.000197054 -0.009456019 0.999945998
1770029066573635584.000000 -0.366294116 -0.431092411 -0.015164548 0.005017884 -0.000156901 -0.008907475 0.999947786
1770029066606970624.000000 -0.370609999 -0.424843431 -0.014466421 0.005863312 -0.000170074 -0.009053193 0.999941885
1770029066773661952.000000 -0.385901421 -0.398083210 -0.013883436 0.008610127 -0.000469657 -0.008051471 0.999930441
1770029066806958080.000000 -0.392607003 -0.387173384 -0.015749130 0.009229836 -0.000203572 -0.009258917 0.999914587
1770029066840285696.000000 -0.393453747 -0.381687433 -0.016153028 0.009396646 -0.000434262 -0.008580018 0.999918997
1770029066873683712.000000 -0.395421386 -0.373483270 -0.016567292 0.009794837 -0.000449866 -0.008078015 0.999919355
1770029066906973952.000000 -0.398848653 -0.368659824 -0.019475611 0.010086675 -0.000432819 -0.008236439 0.999915183
1770029067040297984.000000 -0.410903096 -0.328106642 -0.020167539 0.011096639 -0.000739412 -0.008642743 0.999900818
1770029067073625088.000000 -0.411881059 -0.321241349 -0.020641139 0.011309493 -0.000651926 -0.008455405 0.999900103
1770029067106979328.000000 -0.417607009 -0.311307341 -0.023044584 0.011675135 -0.000182224 -0.009257052 0.999889016
1770029067140287744.000000 -0.415810525 -0.304662228 -0.023688911 0.011328553 -0.000815992 -0.007824956 0.999904931
1770029067173629952.000000 -0.417368770 -0.292805910 -0.023829250 0.011944199 -0.001031343 -0.007913290 0.999896824
1770029067206955776.000000 -0.421049803 -0.281276107 -0.023130747 0.012091311 -0.000879159 -0.009153295 0.999884665
1770029067340285696.000000 -0.426254183 -0.241075963 -0.012269104 0.011188754 -0.001535881 -0.008531979 0.999899805
1770029067373664768.000000 -0.425709248 -0.235423088 -0.014177973 0.010524612 -0.001573539 -0.008120955 0.999910474
1770029067406964480.000000 -0.425850570 -0.226160243 -0.014075250 0.010269277 -0.001725492 -0.007825294 0.999915183
1770029067440317184.000000 -0.426692873 -0.212159127 -0.014868898 0.010819143 -0.001472358 -0.007273430 0.999913990
1770029067473673216.000000 -0.423741519 -0.204155266 -0.013161023 0.009781288 -0.002054725 -0.006029515 0.999931872
1770029067506983936.000000 -0.424212307 -0.194589794 -0.009925322 0.009352542 -0.002575330 -0.004400952 0.999943316
1770029067640290048.000000 -0.432575971 -0.133273214 -0.004482171 0.010679552 -0.002370258 -0.008873752 0.999900818
1770029067673622272.000000 -0.432776064 -0.126438722 -0.005103746 0.010119440 -0.002490970 -0.008419357 0.999910295
1770029067706991616.000000 -0.431742996 -0.117030844 -0.003230327 0.009433732 -0.002582476 -0.007826341 0.999921620
1770029067740286208.000000 -0.430015594 -0.108400255 -0.003330657 0.008663790 -0.002819469 -0.006903823 0.999934733
1770029067773625856.000000 -0.427897632 -0.100297399 -0.002206391 0.007385790 -0.003417349 -0.005267591 0.999953091
1770029067806959104.000000 -0.435287505 -0.082008749 -0.003355512 0.008053195 -0.002452527 -0.009953635 0.999915063
1770029067906981632.000000 -0.435294032 -0.052028671 -0.001564758 0.006404687 -0.002529035 -0.008319751 0.999941707
1770029067940290816.000000 -0.433017910 -0.047198411 -0.002560484 0.004803759 -0.002920517 -0.006961239 0.999960005
1770029067973637632.000000 -0.430696636 -0.019123742 0.002023943 0.006712237 -0.003524759 -0.008126801 0.999938250
1770029068006959360.000000 -0.429424942 -0.006211573 0.001714192 0.006768210 -0.003616643 -0.007344867 0.999943674
1770029068040305408.000000 -0.427601516 0.004425189 0.000534559 0.006451233 -0.003944445 -0.006337771 0.999951363
1770029068073628160.000000 -0.426384300 0.012217459 0.001209820 0.005376216 -0.003872830 -0.005964465 0.999960303
1770029068206961408.000000 -0.425028205 0.062848240 0.003854428 0.003915515 -0.003869197 -0.007329572 0.999957979
1770029068240291840.000000 -0.422304779 0.073223405 0.003133924 0.003996579 -0.003948416 -0.006804788 0.999961138
1770029068273620480.000000 -0.422692716 0.079750940 0.002210837 0.002902648 -0.003753829 -0.007123400 0.999963462
1770029068306959360.000000 -0.420473874 0.092834607 0.003499466 0.002734806 -0.003836270 -0.006320942 0.999968946
1770029068340288512.000000 -0.418657452 0.104793377 0.000828941 0.001740080 -0.004128307 -0.006600537 0.999968171
1770029068373617408.000000 -0.416869849 0.122240335 0.009341366 0.002309340 -0.004467671 -0.011483660 0.999921441
1770029068506963712.000000 -0.429781824 0.168070734 0.014236243 -0.003320176 -0.002734511 -0.062345956 0.998045385
1770029068573635840.000000 -0.432513118 0.188677862 0.014881755 -0.005916771 -0.001943781 -0.084694721 0.996387482
1770029068606967296.000000 -0.434528053 0.198163837 0.013537335 -0.007260745 -0.001629481 -0.096691698 0.995286584
1770029068640305408.000000 -0.438494027 0.217284486 0.012528357 -0.007265887 -0.000962011 -0.109410219 0.993969679
1770029068673653248.000000 -0.439588100 0.221496105 0.007640704 -0.009687700 -0.000771658 -0.119044662 0.992841363
1770029068806959616.000000 -0.444890559 0.267828971 0.006743054 -0.012714161 0.000097062 -0.164608717 0.986276984
1770029068840297472.000000 -0.446917146 0.276754528 0.005230040 -0.014105229 0.000279091 -0.174932435 0.984479427
1770029068873637888.000000 -0.447075516 0.287261963 0.007336669 -0.014908438 0.000093179 -0.184272259 0.982762218
1770029068906987264.000000 -0.447675973 0.299281657 0.005929401 -0.015811827 -0.000045705 -0.194130212 0.980848312
1770029068940304896.000000 -0.447071195 0.308217734 0.008475133 -0.016964486 -0.000055163 -0.203049198 0.979021609
1770029068973626112.000000 -0.448480368 0.320887506 0.003524768 -0.017071368 0.000012439 -0.213543579 0.976784408
1770029069073646336.000000 -0.446928859 0.346038193 0.000298278 -0.019828474 0.001378529 -0.238002568 0.971061170
1770029069140310784.000000 -0.446595818 0.353476405 0.000940917 -0.022289399 0.002481269 -0.253559202 0.967059910
1770029069173648640.000000 -0.446091205 0.358224630 0.001175612 -0.023663970 0.003185612 -0.260683507 0.965129077
1770029069206987264.000000 -0.443378031 0.363121897 0.001240489 -0.024755323 0.003077628 -0.267739356 0.963168442
1770029069240320512.000000 -0.442713141 0.368252635 0.003054662 -0.025851185 0.003590688 -0.274240226 0.961306989
1770029069273635328.000000 -0.441383958 0.379106700 0.000855762 -0.025863325 0.004160793 -0.279933304 0.959662020
1770029069340306176.000000 -0.435084581 0.393700242 -0.001113331 -0.026658650 0.004666464 -0.292038351 0.956023693
1770029069440293120.000000 -0.428173095 0.408357471 -0.004679423 -0.028527679 0.006686810 -0.307079107 0.951232910
1770029069473623040.000000 -0.428449035 0.414600939 -0.006089075 -0.029052805 0.007947567 -0.311677933 0.949710369
1770029069506956288.000000 -0.421804458 0.413630247 -0.011299962 -0.030632118 0.007881809 -0.315352321 0.948447406
1770029069540290304.000000 -0.419582605 0.422508568 -0.006971073 -0.029737072 0.008550902 -0.320920467 0.946600616
1770029069573620992.000000 -0.416208565 0.422843307 -0.007733109 -0.030860506 0.008412397 -0.324385554 0.945384026
1770029069606956288.000000 -0.414157867 0.424846560 -0.009205060 -0.031454135 0.008810776 -0.327888757 0.944151461
1770029069706955520.000000 -0.400958657 0.433451384 -0.011511139 -0.033052046 0.008857721 -0.335031152 0.941585541
1770029069740285440.000000 -0.401438236 0.443023801 -0.009663929 -0.031593006 0.010593857 -0.340539396 0.939639628
1770029069773618688.000000 -0.398323894 0.445916057 -0.011022151 -0.031524256 0.010783507 -0.342758685 0.938832521
1770029069806962944.000000 -0.394599080 0.447244883 -0.012779586 -0.031702127 0.011106308 -0.344453156 0.938202381
1770029069840285184.000000 -0.390740097 0.446922630 -0.013208100 -0.032184839 0.010818509 -0.345568359 0.937779129
1770029069873636608.000000 -0.386335909 0.444974244 -0.015566202 -0.032827877 0.010673548 -0.346760809 0.937318206
1770029069973620480.000000 -0.368383884 0.445243984 -0.013323922 -0.032627977 0.010266371 -0.348657370 0.936625898
1770029070073620992.000000 -0.353040934 0.438959599 -0.015535453 -0.032835502 0.010633899 -0.348402739 0.936709344
1770029070106960896.000000 -0.347049266 0.435895413 -0.016006680 -0.032902259 0.010940597 -0.347461522 0.937053025
1770029070140285952.000000 -0.339744568 0.433540374 -0.021820702 -0.032282885 0.011194880 -0.347252339 0.937149048
1770029070173621504.000000 -0.339631259 0.431548744 -0.019928727 -0.031926498 0.012467500 -0.346772134 0.937322974
1770029070206956288.000000 -0.332839370 0.427565366 -0.022624645 -0.031509008 0.012594751 -0.345482886 0.937811434
1770029070273623808.000000 -0.320278734 0.419374645 -0.025583010 -0.031091304 0.013111208 -0.340898097 0.939494550
1770029070406955776.000000 -0.288403928 0.394655317 -0.014137036 -0.030595776 0.013392868 -0.326127887 0.944735527
1770029070440301056.000000 -0.281816989 0.389150709 -0.015097635 -0.030015394 0.013379160 -0.321834564 0.946225464
1770029070473626368.000000 -0.271700412 0.379785568 -0.007158293 -0.029844048 0.013453647 -0.316714734 0.947955728
1770029070506964224.000000 -0.264756203 0.371550381 -0.006058281 -0.029627047 0.013643635 -0.310794145 0.949917436
1770029070606948352.000000 -0.232570499 0.350692302 -0.014213727 -0.026331853 0.013677676 -0.289772063 0.956635654
1770029070673630464.000000 -0.221890092 0.333456099 -0.012217904 -0.024490863 0.014541930 -0.273903042 0.961335480
1770029070706998528.000000 -0.214434385 0.327536136 -0.015959404 -0.022498678 0.015387608 -0.265374392 0.963760078
1770029070740283904.000000 -0.203696042 0.315445065 -0.013776245 -0.021641674 0.015216872 -0.254413635 0.966733575
1770029070773620992.000000 -0.191794008 0.305276781 -0.013557882 -0.020472122 0.014756967 -0.242930695 0.969715357
1770029070806961664.000000 -0.179750413 0.289104968 -0.007145338 -0.019990012 0.014671370 -0.230018422 0.972870350
1770029070906981888.000000 -0.151768297 0.263980806 -0.011601409 -0.014855022 0.015171086 -0.201628789 0.979231894
1770029070940338176.000000 -0.143553317 0.253364831 -0.010891662 -0.013664140 0.015535068 -0.192364037 0.981105566
1770029070973620224.000000 -0.131678119 0.243044868 -0.008830094 -0.012144238 0.015300680 -0.183272526 0.982868075
1770029071006930688.000000 -0.121459305 0.234073192 -0.010049438 -0.010685323 0.015478451 -0.175521314 0.984295964
1770029071040312832.000000 -0.112206638 0.227677703 -0.004393383 -0.008602570 0.015882250 -0.167836905 0.985649288
1770029071073598208.000000 -0.102269232 0.215536445 -0.008701819 -0.007070662 0.016642295 -0.162180200 0.986595452
1770029071173601536.000000 -0.077483758 0.184227318 -0.011959516 0.001262104 0.019107221 -0.155735597 0.987613201
1770029071240283904.000000 -0.058907550 0.165790945 -0.005771166 0.008179383 0.021154888 -0.153432757 0.987898767
1770029071273604864.000000 -0.053891748 0.157006964 -0.007730076 0.012261937 0.023179572 -0.153659225 0.987775922
1770029071340267264.000000 -0.035758168 0.143975437 -0.000865085 0.020683417 0.027574310 -0.153072566 0.987613618
1770029071373611008.000000 -0.030234657 0.131330326 -0.016164446 0.024107918 0.030506467 -0.151937202 0.987625062
1770029071440270336.000000 -0.016176129 0.116888061 -0.014405744 0.031983800 0.036581274 -0.151054129 0.987330496
1770029071506930432.000000 0.000838551 0.096021451 -0.006658175 0.038671233 0.042333439 -0.149291918 0.987129331
1770029071540274944.000000 0.005656899 0.087993257 -0.013806079 0.042630877 0.045430504 -0.149104372 0.986856997
1770029071573598720.000000 0.019389397 0.074602373 0.002215328 0.045136463 0.047576293 -0.144628689 0.987310410
1770029071606938368.000000 0.018085787 0.071217753 -0.006724114 0.051397894 0.051911093 -0.148537531 0.986204863
1770029071640264960.000000 0.021827256 0.063884780 -0.006162629 0.055088405 0.056194112 -0.148130581 0.985832036
1770029071706935552.000000 0.033566371 0.040629249 -0.014952574 0.060055204 0.065836750 -0.146327361 0.985214293
1770029071773604352.000000 0.045709997 0.022854177 -0.013675402 0.064339899 0.076689519 -0.144529477 0.984423876
1770029071806937344.000000 0.055321496 0.015087008 -0.011074981 0.066534296 0.082440622 -0.143825576 0.983916104
1770029071840275456.000000 0.067106925 0.008673823 -0.005392643 0.068226092 0.087508194 -0.140756562 0.983806491
1770029071873605632.000000 0.068215802 -0.010516754 -0.010218400 0.068547159 0.094422862 -0.142413199 0.982905984
1770029071940262656.000000 0.081379674 -0.029182553 -0.005049443 0.070087120 0.105861567 -0.140617967 0.981889844
1770029071973599232.000000 0.080403276 -0.034525372 -0.000607618 0.070827067 0.113198563 -0.140670165 0.981010437
1770029072073601280.000000 0.121953368 -0.076945893 0.000604506 0.068944275 0.126599982 -0.137649730 0.979934514
1770029072240274432.000000 0.175974339 -0.132793024 -0.001519369 0.059973691 0.138295278 -0.137296483 0.978992999
1770029072273609216.000000 0.172226414 -0.135321021 -0.002137884 0.053351555 0.138727307 -0.135663554 0.979542673
1770029072373606400.000000 0.221233130 -0.133485973 0.004725214 0.015549577 0.123807304 -0.122453898 0.984598935
1770029072406944256.000000 0.228510439 -0.131885543 0.009134582 0.005350244 0.117621377 -0.115569741 0.986296296
1770029072440280320.000000 0.234585360 -0.143537626 0.011853512 -0.003619590 0.111394510 -0.106506631 0.988045812
1770029072473595904.000000 0.251673371 -0.136953145 0.022337368 -0.008060995 0.105379246 -0.100931019 0.989264011
1770029072506937856.000000 0.266933262 -0.157413214 0.021853296 -0.018507957 0.098077916 -0.098854192 0.990083873
1770029072540273408.000000 0.271159023 -0.154405743 0.026791891 -0.022743518 0.094656214 -0.092551783 0.990937531
1770029072673601536.000000 0.311891466 -0.179150701 0.045500435 -0.043873597 0.077481098 -0.068381488 0.993677914
1770029072706930688.000000 0.319264501 -0.180307776 0.048043191 -0.046566453 0.074268304 -0.063059211 0.994152606
1770029072740260608.000000 0.327942133 -0.184807226 0.051110201 -0.049998373 0.071155809 -0.059332039 0.994442940
1770029072773607680.000000 0.333724797 -0.189269543 0.058523104 -0.052721065 0.068939954 -0.054024041 0.994760931
1770029072806946560.000000 0.344312876 -0.193700865 0.059717905 -0.054513037 0.065761693 -0.049044162 0.995137393
1770029072840263936.000000 0.358120620 -0.200577363 0.062712386 -0.056520835 0.062320877 -0.042621948 0.995542526
1770029072973610752.000000 0.396003455 -0.217477798 0.071349405 -0.058561139 0.052974325 -0.027152093 0.996507466
1770029073006937856.000000 0.400579274 -0.220507026 0.074105650 -0.058451131 0.051548719 -0.024828648 0.996649265
1770029073040273920.000000 0.404256403 -0.225130931 0.073801264 -0.058321405 0.049973357 -0.024037877 0.996756494
1770029073073607680.000000 0.411933094 -0.224124968 0.078912839 -0.056179218 0.049140304 -0.020116527 0.997007787
1770029073106929408.000000 0.414334595 -0.222690061 0.080128469 -0.053656131 0.048494916 -0.017742494 0.997223377
1770029073140267776.000000 0.426244557 -0.239633158 0.073001772 -0.053761542 0.045656692 -0.013974641 0.997411609
1770029073273593856.000000 0.444367617 -0.242340386 0.071667127 -0.044412274 0.041580025 -0.011633788 0.998079896
1770029073306934528.000000 0.453115195 -0.248612434 0.071707584 -0.042689729 0.040032919 -0.011323934 0.998221815
1770029073340280064.000000 0.466387004 -0.261549890 0.071018048 -0.041095302 0.037778884 -0.009441833 0.998396158
1770029073373594112.000000 0.469077766 -0.267083943 0.068112597 -0.038650367 0.036952384 -0.008796510 0.998530626
1770029073406929920.000000 0.463902473 -0.270266116 0.063651152 -0.034889407 0.038168781 -0.008030334 0.998629749
1770029073573606144.000000 0.466723055 -0.283606082 0.048376527 -0.019829746 0.037400406 -0.008988916 0.999063134
1770029073606938112.000000 0.474862546 -0.285033196 0.044795923 -0.016407426 0.036796499 -0.007729753 0.999158263
1770029073640272384.000000 0.475595385 -0.288886428 0.043990865 -0.014035251 0.037152104 -0.007363582 0.999183953
1770029073673607168.000000 0.482262880 -0.288872898 0.044838186 -0.011505128 0.036315855 -0.006164960 0.999255180
1770029073706953472.000000 0.481740862 -0.288190931 0.045192908 -0.008643840 0.036968198 -0.005720528 0.999262691
1770029073740272640.000000 0.484754920 -0.292843372 0.046856847 -0.007185274 0.037116654 -0.005746103 0.999268651
1770029073873604608.000000 0.518289089 -0.315465897 0.036409996 -0.002577610 0.033618435 -0.003148348 0.999426484
1770029073906931968.000000 0.528966784 -0.319497526 0.033781357 -0.001796019 0.032055505 -0.002704049 0.999480844
1770029073940282368.000000 0.533952892 -0.322235048 0.032264970 -0.001109685 0.031406984 -0.002788309 0.999502182
1770029073973608448.000000 0.542780578 -0.329230368 0.034868285 -0.001381770 0.030649362 -0.002299444 0.999526680
1770029074006928128.000000 0.547220170 -0.329124480 0.033959240 -0.000426146 0.030248307 -0.002330086 0.999539673
1770029074040262656.000000 0.549428582 -0.334275633 0.028102838 -0.000670643 0.029257348 -0.002594876 0.999568343
1770029074173594624.000000 0.563146532 -0.314336568 0.032283213 0.003524452 0.028862618 0.000056213 0.999577224
1770029074206939904.000000 0.560015738 -0.301007688 0.032277271 0.006894678 0.030385561 0.000120144 0.999514461
1770029074240294144.000000 0.562080920 -0.300397277 0.032052204 0.008036585 0.030725792 0.000078710 0.999495625
1770029074273600512.000000 0.564072430 -0.295268238 0.033549957 0.009675590 0.031014018 -0.000811803 0.999471784
1770029074306959616.000000 0.568210244 -0.295142800 0.034012314 0.010326909 0.031119276 -0.000390533 0.999462247
1770029074340272384.000000 0.568897426 -0.290907741 0.035705317 0.010973450 0.032100324 -0.000598214 0.999424219
1770029074473608448.000000 0.579045415 -0.264628887 0.026097223 0.015368186 0.031955235 -0.000143559 0.999371111
1770029074506927616.000000 0.579404533 -0.262635231 0.027037658 0.015231366 0.032320052 -0.000555647 0.999361396
1770029074540268288.000000 0.580723584 -0.256849527 0.026376219 0.016188096 0.032638628 -0.000387366 0.999336064
1770029074573606400.000000 0.584427536 -0.250492096 0.026086893 0.016739901 0.032547202 -0.000799157 0.999329686
1770029074606934272.000000 0.585806251 -0.246934861 0.025562208 0.016661644 0.033055358 -0.000880519 0.999314249
1770029074640269312.000000 0.590750158 -0.235312268 0.027450921 0.018042708 0.032613777 -0.000923282 0.999304771
1770029074773599744.000000 0.596112967 -0.210326985 0.020819122 0.018793857 0.033172406 -0.000113318 0.999272943
1770029074806930176.000000 0.595396817 -0.205753252 0.019613067 0.018542401 0.033490937 -0.000474848 0.999266922
1770029074840268288.000000 0.596769631 -0.199773788 0.018195190 0.018661331 0.033507403 -0.000639130 0.999264061
1770029074873598208.000000 0.595672190 -0.197526813 0.019147674 0.017339349 0.034338132 -0.000994308 0.999259412
1770029074906928128.000000 0.595398843 -0.191426113 0.018908855 0.017351091 0.034600571 -0.002111337 0.999248445
1770029074940269312.000000 0.593383551 -0.185419843 0.019519795 0.017054752 0.035255056 -0.002708819 0.999229133
1770029075073600000.000000 0.602392495 -0.144361690 0.020237830 0.018727787 0.035142258 -0.000360493 0.999206841
1770029075173624576.000000 0.607369959 -0.127726555 0.018666832 0.017539773 0.034695093 -0.000623887 0.999243855
1770029075206938624.000000 0.606228471 -0.127085075 0.018589176 0.016351698 0.035058640 0.000182966 0.999251485
1770029075240278016.000000 0.605570972 -0.128754005 0.015137813 0.014930466 0.035351224 0.002171369 0.999261081
1770029075373597184.000000 0.610555708 -0.106111534 0.016365362 0.012937388 0.035724349 0.004401435 0.999268293
1770029075406938880.000000 0.608457685 -0.059089802 0.019856958 0.016303459 0.036719192 -0.000726725 0.999192357
1770029075440268544.000000 0.607420921 -0.051372644 0.020111680 0.015886329 0.037007146 -0.001581136 0.999187469
1770029075473601536.000000 0.607347310 -0.047186799 0.020039978 0.014260721 0.037027583 -0.002055091 0.999210477
1770029075506928384.000000 0.607407153 -0.038533803 0.019206131 0.014347321 0.037078302 -0.002211447 0.999206901
1770029075540262400.000000 0.606008053 -0.028137006 0.018269975 0.013710470 0.037336163 -0.003364030 0.999203026
1770029075673611008.000000 0.614839733 0.023962073 0.030153278 0.014483717 0.037500564 -0.002118569 0.999189377
1770029075706927872.000000 0.613430560 0.029745381 0.029696502 0.013441727 0.038112149 -0.002237348 0.999180615
1770029075740258816.000000 0.614088416 0.039016485 0.030052496 0.013317541 0.038014200 -0.002393374 0.999185622
1770029075773595392.000000 0.614372969 0.047982197 0.031194476 0.012665353 0.037745304 -0.003119846 0.999202311
1770029075806926336.000000 0.614993989 0.052426483 0.031183047 0.012031703 0.038120817 -0.002053446 0.999198616
1770029075840262912.000000 0.615329564 0.057793338 0.030648222 0.011238214 0.037981357 -0.000853031 0.999214888
1770029075906928384.000000 0.620054901 0.082425274 0.036350023 0.010639699 0.037133507 -0.002114712 0.999251485
1770029075973594112.000000 0.619934142 0.098260708 0.036776286 0.009422420 0.037069064 -0.001757491 0.999266744
1770029076006954752.000000 0.620731592 0.107925810 0.036699697 0.009589444 0.036808826 -0.001573612 0.999275148
1770029076040263680.000000 0.621070743 0.117846698 0.038880456 0.008544526 0.036850672 -0.003615501 0.999277711
1770029076073600768.000000 0.623398542 0.126397535 0.039283160 0.008285133 0.036391422 -0.002410130 0.999300361
1770029076106929152.000000 0.622331142 0.131663814 0.038506299 0.008088245 0.036269259 -0.002508464 0.999306202
1770029076173593600.000000 0.610511184 0.159994066 0.039963897 0.007687920 0.037508100 -0.002747545 0.999262989
1770029076240286464.000000 0.609079540 0.175086200 0.039287891 0.006703231 0.037543479 -0.002427588 0.999269605
1770029076273614336.000000 0.607777357 0.189695239 0.039050642 0.007118915 0.037522316 -0.003028164 0.999265909
1770029076306943744.000000 0.607012451 0.193510905 0.042343091 0.006274668 0.037058081 -0.003101115 0.999288619
1770029076340283392.000000 0.599619746 0.186709553 0.034421705 0.004195206 0.036762897 -0.001284918 0.999314427
1770029076373606912.000000 0.607523263 0.212358952 0.044080086 0.005750367 0.036402065 -0.004987153 0.999308288
1770029076440291328.000000 0.602836967 0.224377543 0.041413236 0.004479385 0.036535442 -0.004990967 0.999309838
1770029076540273152.000000 0.593532622 0.251884878 0.042417362 0.003187033 0.036394585 -0.005054974 0.999319613
1770029076573604096.000000 0.592063248 0.259707451 0.040257648 0.003411351 0.036321923 -0.005001395 0.999321818
1770029076606941952.000000 0.589412153 0.265456140 0.039620899 0.002773639 0.036185287 -0.005687700 0.999325037
1770029076640281856.000000 0.587112308 0.272522628 0.039165899 0.001845192 0.036309998 -0.006430763 0.999318182
1770029076673597696.000000 0.585192978 0.275694579 0.037967697 0.001379917 0.035991419 -0.005598884 0.999335468
1770029076706940928.000000 0.578174293 0.293483019 0.039363679 0.001885246 0.036319580 -0.006631047 0.999316514
1770029076806933760.000000 0.572088838 0.318584710 0.036273360 0.002138699 0.035627402 -0.007009271 0.999338269
1770029076873599488.000000 0.560377181 0.331854343 0.035384387 0.001140393 0.035998348 -0.007558590 0.999322653
1770029076906939136.000000 0.558825195 0.338520676 0.035846811 0.001072878 0.035791747 -0.007051293 0.999333918
1770029076940262144.000000 0.558766127 0.344016612 0.033668198 0.000986067 0.034898277 -0.007847100 0.999359608
1770029076973610752.000000 0.553804576 0.349050283 0.034085028 0.000303364 0.035075545 -0.008610780 0.999347568
1770029077006987520.000000 0.546279311 0.356590241 0.036199935 0.000301773 0.035221651 -0.008041481 0.999347150
1770029077106949120.000000 0.535264313 0.369421780 0.034488674 -0.000839709 0.034642857 -0.009724582 0.999352098
1770029077173634048.000000 0.528820336 0.377491117 0.032310639 -0.000971689 0.034390632 -0.009491322 0.999362946
1770029077206953728.000000 0.524323881 0.368468106 0.032149948 -0.004219477 0.034117773 -0.010243868 0.999356449
1770029077273618944.000000 0.518886447 0.391212195 0.033893421 -0.001367271 0.033894997 -0.011534665 0.999357879
1770029077406927104.000000 0.500176847 0.402011424 0.032835513 -0.001436988 0.033225063 -0.010141796 0.999395430
1770029077473601536.000000 0.497891814 0.406127661 0.034190256 -0.002094730 0.031635657 -0.009079860 0.999456108
1770029077506935040.000000 0.487608284 0.405908495 0.030921122 -0.002048021 0.032507539 -0.010108152 0.999418259
1770029077540282624.000000 0.485341996 0.406436503 0.032861426 -0.002482985 0.031987552 -0.009669380 0.999438465
1770029077573619712.000000 0.478850186 0.406210482 0.029071739 -0.002816540 0.031690411 -0.010543497 0.999438167
1770029077606938112.000000 0.475825608 0.407170057 0.027074372 -0.002426802 0.031264476 -0.010173527 0.999456465
1770029077706935296.000000 0.461965233 0.405827910 0.029800370 -0.002654433 0.030832037 -0.010324053 0.999467731
1770029077740263168.000000 0.453665376 0.409295559 0.022950018 -0.002075257 0.030528389 -0.011577947 0.999464750
1770029077773591552.000000 0.452436596 0.408478558 0.023211740 -0.001912720 0.029905077 -0.011056310 0.999489844
1770029077806929920.000000 0.451966703 0.402080148 0.019479143 -0.001957197 0.028804932 -0.008710064 0.999545217
1770029077840263680.000000 0.444766790 0.398722440 0.016078021 -0.002170781 0.028841224 -0.008535678 0.999545217
1770029077906930432.000000 0.442943394 0.422964960 0.023343556 0.002474944 0.028113883 -0.007988217 0.999569774
1770029078040276992.000000 0.418215930 0.392421216 0.021160854 0.000146284 0.027150327 -0.009142017 0.999589622
1770029078073590528.000000 0.416262776 0.391693652 0.019644680 0.000871006 0.025902011 -0.008689278 0.999626398
1770029078106925312.000000 0.410980940 0.386843681 0.018045926 0.000936043 0.025573425 -0.007922899 0.999641180
1770029078140261632.000000 0.399171531 0.379984111 0.026543126 0.000100195 0.026623530 -0.009145163 0.999603689
1770029078173596160.000000 0.404396117 0.385077566 0.018952170 0.002880784 0.024673525 -0.006513853 0.999670208
1770029078206932736.000000 0.397145182 0.370413303 0.012049209 0.001569072 0.024501013 -0.005533451 0.999683321
1770029078306928384.000000 0.368999541 0.354039580 0.023581563 0.001679452 0.026004700 -0.008353434 0.999625564
1770029078373595904.000000 0.364982903 0.337610036 0.022595571 0.000982532 0.024068957 -0.004937218 0.999697685
1770029078406939904.000000 0.353358656 0.339893192 0.020963866 0.002563462 0.024678964 -0.007811449 0.999661624
1770029078440257792.000000 0.345906466 0.332607746 0.022285737 0.003343262 0.024758857 -0.006468441 0.999666989
1770029078506931200.000000 0.334970623 0.317213148 0.023998650 0.003649503 0.024059443 -0.007309032 0.999677122
1770029078606933504.000000 0.318729013 0.294284791 0.021007357 0.005139811 0.023613064 -0.006219256 0.999688625
1770029078673620224.000000 0.309911579 0.286118567 0.023814391 0.007073358 0.022672387 -0.006119092 0.999699175
1770029078706935296.000000 0.300510198 0.272527248 0.018655922 0.007073211 0.023005581 -0.005629598 0.999694467
1770029078740260608.000000 0.298550069 0.278500527 0.029527893 0.009560386 0.023030428 -0.006503093 0.999667883
1770029078773603840.000000 0.291770935 0.284330994 0.037604377 0.012137788 0.022957418 -0.006956408 0.999638617
1770029078806929664.000000 0.277230829 0.249405950 0.018217895 0.009624832 0.022841303 -0.004347601 0.999683321
1770029078873592832.000000 0.263115972 0.233523980 0.020066103 0.011392924 0.022420093 -0.004485019 0.999673724
1770029078973615104.000000 0.245689973 0.207528383 0.015864348 0.015837498 0.020972524 -0.006111137 0.999635994
1770029079006978304.000000 0.236409396 0.206152499 0.015241663 0.018126244 0.021575047 -0.005868828 0.999585688
1770029079040308992.000000 0.239351273 0.194653124 0.011094228 0.020408908 0.019789027 -0.006935289 0.999571800
1770029079073645056.000000 0.227117687 0.182948232 0.003498728 0.023001799 0.019686198 -0.006250751 0.999522030
1770029079106989824.000000 0.218862355 0.176489130 0.003395228 0.026253214 0.019305253 -0.007730638 0.999439001
1770029079140308736.000000 0.211547822 0.166842386 0.000514506 0.029078865 0.018838782 -0.007584090 0.999370813
1770029079273652992.000000 0.185473800 0.137830317 0.000428813 0.041813146 0.015112918 -0.008827281 0.998972118
1770029079307002880.000000 0.180372179 0.131818503 0.000385219 0.044970285 0.013526325 -0.009383099 0.998852670
1770029079340321280.000000 0.177856445 0.127349570 -0.009883510 0.048018672 0.011555675 -0.010020811 0.998729408
1770029079373666304.000000 0.171390891 0.117343836 -0.005890311 0.050738633 0.010292224 -0.009719550 0.998611689
1770029079406987520.000000 0.173574075 0.112491570 -0.013109639 0.053681538 0.008069138 -0.010208177 0.998473346
1770029079440310016.000000 0.168780893 0.110725924 -0.014262259 0.058120802 0.006438856 -0.012172968 0.998214602
1770029079573658880.000000 0.154733151 0.074806765 -0.013969255 0.071114473 -0.001089729 -0.012616297 0.997387826
1770029079606977792.000000 0.152728230 0.067995206 -0.016480284 0.073823981 -0.004987140 -0.013099484 0.997172832
1770029079640331776.000000 0.149859026 0.059040610 -0.022080150 0.076226205 -0.008902400 -0.012698645 0.996969938
1770029079673658880.000000 0.146565184 0.044024382 -0.025231406 0.078264363 -0.012801423 -0.012527153 0.996771812
1770029079706982144.000000 0.138255805 0.030654931 -0.020866461 0.080874488 -0.016896388 -0.014274301 0.996478856
1770029079740317696.000000 0.137562633 0.020157203 -0.027095938 0.083096504 -0.021508001 -0.013523623 0.996217668
1770029079840325888.000000 0.116501056 -0.019654382 -0.029549994 0.091171741 -0.036540270 -0.015035409 0.995051026
1770029079873641216.000000 0.112801477 -0.024083372 -0.023639049 0.094040252 -0.041955650 -0.015794523 0.994558513
1770029079906972672.000000 0.103306301 -0.031296439 -0.010839285 0.097262219 -0.047363747 -0.016937474 0.993986845
1770029079940316672.000000 0.094215438 -0.063721053 -0.033504438 0.097018875 -0.052889556 -0.015860200 0.993749797
1770029079973643008.000000 0.090801910 -0.070164606 -0.016931076 0.098842442 -0.058434132 -0.015238789 0.993269086
1770029080006977536.000000 0.078617483 -0.077669881 0.004107686 0.101280384 -0.063594155 -0.016852634 0.992680252
1770029080106974720.000000 0.047568385 -0.133883581 -0.025197446 0.099672318 -0.075743377 -0.013805913 0.992037237
1770029080173662464.000000 0.029161066 -0.163090065 -0.025382098 0.097295754 -0.080557808 -0.010535018 0.991934001
1770029080206976000.000000 0.032372683 -0.163673401 -0.026905127 0.095551051 -0.082196109 -0.005965791 0.992007196
1770029080240309248.000000 0.009980590 -0.182785004 -0.008922197 0.094479412 -0.081740454 -0.005912519 0.992147803
1770029080273645056.000000 0.010952820 -0.179123566 -0.013309920 0.085360736 -0.080600567 -0.002305121 0.993081987
1770029080306972672.000000 0.004171249 -0.188881710 -0.011884645 0.069431618 -0.077864133 0.001521265 0.994542241
1770029080406973696.000000 -0.022940518 -0.203258425 -0.006892841 0.030898251 -0.066424467 0.002564803 0.997309625
1770029080473656320.000000 -0.046748426 -0.210225269 0.012498292 0.014039462 -0.059874326 -0.001848800 0.998105526
1770029080506992896.000000 -0.062054340 -0.215270504 0.017377844 0.007512822 -0.055959601 -0.004327278 0.998395443
1770029080540332032.000000 -0.058039282 -0.223550156 0.021481963 0.001080878 -0.054584134 -0.000554391 0.998508513
1770029080573669376.000000 -0.063636698 -0.223483995 0.027021741 -0.004497211 -0.052862320 -0.001595055 0.998590469
1770029080606983936.000000 -0.074608378 -0.224348977 0.034876317 -0.009643383 -0.050289065 -0.003457878 0.998682261
1770029080706984192.000000 -0.106552087 -0.257982939 0.036517181 -0.024796642 -0.042713910 -0.006107833 0.998760879
1770029080740318720.000000 -0.116140239 -0.259893328 0.041290514 -0.026931070 -0.040773764 -0.007463137 0.998777509
1770029080773648384.000000 -0.125157401 -0.262592763 0.048489060 -0.029449187 -0.039377697 -0.009398817 0.998746157
1770029080806983680.000000 -0.141086057 -0.274680048 0.048185207 -0.032320105 -0.036442727 -0.010675849 0.998755932
1770029080840344576.000000 -0.146852851 -0.293559611 0.044658761 -0.035774257 -0.035024460 -0.007870531 0.998714924
1770029080873645568.000000 -0.154237092 -0.304536313 0.042596199 -0.037503023 -0.033530332 -0.007860334 0.998702943
1770029080973649152.000000 -0.181922719 -0.340963304 0.035499681 -0.040133033 -0.029064350 -0.007920128 0.998740137
1770029081040323840.000000 -0.201021463 -0.357809484 0.029557310 -0.038890921 -0.025657877 -0.009631283 0.998867571
1770029081073656320.000000 -0.210426480 -0.365331650 0.032312199 -0.038265966 -0.024250459 -0.009562423 0.998927534
1770029081106994688.000000 -0.218369812 -0.374092728 0.030153112 -0.037184499 -0.022772051 -0.009900845 0.998999894
1770029081140330752.000000 -0.207051560 -0.366892755 0.026831144 -0.034103766 -0.022983802 -0.008166935 0.999120593
1770029081173657088.000000 -0.213029206 -0.375609219 0.027607840 -0.032480408 -0.021779634 -0.008703619 0.999197185
1770029081273641216.000000 -0.232290953 -0.409249008 0.021728162 -0.027609907 -0.018407581 -0.009579009 0.999403358
1770029081306976000.000000 -0.234756976 -0.413474500 0.021061899 -0.024919596 -0.017988753 -0.009221464 0.999485135
1770029081373647360.000000 -0.242580280 -0.427859783 0.018195257 -0.020307835 -0.016471837 -0.009013328 0.999617457
1770029081406999296.000000 -0.252572268 -0.431963295 0.015594252 -0.017896341 -0.015152236 -0.009313196 0.999681652
1770029081473647872.000000 -0.266179860 -0.450127333 0.003214672 -0.014834590 -0.013310418 -0.009075773 0.999760211
1770029081573657856.000000 -0.279637307 -0.462762058 0.000157900 -0.010388392 -0.011238931 -0.008563255 0.999846220
1770029081606988288.000000 -0.284052759 -0.464397550 -0.002645894 -0.008667567 -0.010511079 -0.008641045 0.999869883
1770029081673650688.000000 -0.294315219 -0.470504135 -0.005471202 -0.006564948 -0.009523868 -0.008257615 0.999899030
1770029081706984704.000000 -0.301109761 -0.470272899 -0.005388731 -0.005652907 -0.008471712 -0.008932372 0.999908268
1770029081740311808.000000 -0.302514762 -0.464978486 0.006164527 -0.004785574 -0.008205173 -0.007489707 0.999926865
1770029081773645568.000000 -0.309475780 -0.474570721 -0.007641508 -0.005373881 -0.007296744 -0.007823620 0.999928355
1770029081906985216.000000 -0.326664627 -0.467251360 -0.010790903 -0.000293241 -0.005947109 -0.006973476 0.999957979
1770029081940306432.000000 -0.329450309 -0.462317795 -0.007011131 0.001188091 -0.005649080 -0.006976771 0.999959052
1770029081973649152.000000 -0.332595617 -0.464139611 -0.010415978 0.001995511 -0.005726672 -0.007020690 0.999956965
1770029082006971392.000000 -0.341054142 -0.455163628 -0.001973534 0.003250575 -0.004925069 -0.008300623 0.999948204
1770029082040305920.000000 -0.340835541 -0.454199761 0.005576958 0.004068861 -0.005274518 -0.007115205 0.999952555
1770029082073651712.000000 -0.346551836 -0.451395899 -0.009019621 0.004713904 -0.004720948 -0.008119699 0.999944866
1770029082173641472.000000 -0.362702638 -0.436302006 -0.008809628 0.007150465 -0.003930237 -0.008474819 0.999930859
1770029082206984960.000000 -0.362577230 -0.433518410 -0.007896883 0.007971726 -0.004412209 -0.008375200 0.999923408
1770029082240313088.000000 -0.368282378 -0.427443832 -0.008547598 0.008362954 -0.003400651 -0.007405452 0.999931872
1770029082273640448.000000 -0.373630762 -0.421281457 -0.008999482 0.008930668 -0.003109830 -0.007798776 0.999924958
1770029082306981120.000000 -0.376756430 -0.415592730 -0.009613120 0.009256267 -0.003219910 -0.007896976 0.999920845
1770029082340314880.000000 -0.379827082 -0.409865409 -0.010807819 0.009759354 -0.003111348 -0.007919772 0.999916196
1770029082440304384.000000 -0.388820320 -0.388648570 -0.014158664 0.010666340 -0.003039268 -0.008284113 0.999904215
1770029082473643008.000000 -0.387268543 -0.385394186 -0.007458033 0.010185977 -0.003440426 -0.007952069 0.999910653
1770029082506971136.000000 -0.391672492 -0.376567215 -0.011931714 0.010620957 -0.003005494 -0.007975850 0.999907255
1770029082540311040.000000 -0.397750556 -0.366966099 -0.014181498 0.011073201 -0.002642437 -0.008774174 0.999896765
1770029082573649920.000000 -0.403154284 -0.355774015 -0.014325181 0.011632826 -0.002469645 -0.008920073 0.999889553
1770029082606979072.000000 -0.403903872 -0.347799182 -0.012959355 0.011702799 -0.002431784 -0.008420337 0.999893129
1770029082740307456.000000 -0.414913446 -0.308272362 -0.011110391 0.012223760 -0.002335631 -0.008290559 0.999888241
1770029082840321024.000000 -0.418949336 -0.281159848 -0.015554386 0.011454886 -0.002389850 -0.006575386 0.999909997
1770029082906981376.000000 -0.419839561 -0.262373656 -0.002336184 0.011083541 -0.003109974 -0.005875096 0.999916553
1770029082940307200.000000 -0.423268169 -0.247778371 -0.002092653 0.011416000 -0.002792075 -0.006461417 0.999910116
1770029083073638912.000000 -0.427137703 -0.195992932 0.003202911 0.011426199 -0.002960945 -0.008215277 0.999896586
1770029083106985472.000000 -0.426536351 -0.188363031 0.004162994 0.010715185 -0.003050106 -0.007821556 0.999907434
1770029083140314880.000000 -0.426894814 -0.178072080 0.004238774 0.010599054 -0.003313234 -0.007332532 0.999911547
1770029083173636608.000000 -0.427256316 -0.167704716 0.004663024 0.010266256 -0.003547145 -0.006802458 0.999917924
1770029083206985216.000000 -0.427792698 -0.150480688 0.005578570 0.010772306 -0.003613618 -0.006953128 0.999911308
1770029083240315392.000000 -0.428271115 -0.141032666 0.004032251 0.010102515 -0.003767453 -0.006945857 0.999917746
1770029083373654272.000000 -0.429316968 -0.090542801 0.008382749 0.008785035 -0.003727618 -0.007971103 0.999922693
1770029083407034368.000000 -0.431856066 -0.074185386 0.006267544 0.009187868 -0.003468276 -0.008508096 0.999915600
1770029083440311040.000000 -0.432042122 -0.065392286 0.003165957 0.008457377 -0.003261571 -0.008843191 0.999919832
1770029083473649152.000000 -0.430379957 -0.052791797 0.003234671 0.008268801 -0.003618336 -0.008371982 0.999924242
1770029083507005440.000000 -0.431694329 -0.039018832 0.003087581 0.008254305 -0.003584305 -0.008898166 0.999919951
1770029083540348416.000000 -0.429914385 -0.027021492 0.006903286 0.008058670 -0.003773604 -0.008497027 0.999924302
1770029083673644544.000000 -0.432106674 0.013699347 -0.007051596 0.005142886 -0.003580399 -0.009119618 0.999938786
1770029083706979328.000000 -0.431617796 0.025114767 -0.006381067 0.004613749 -0.003535715 -0.009320272 0.999939740
1770029083740309504.000000 -0.426917255 0.042474937 0.005452588 0.004825341 -0.004360325 -0.008425235 0.999943376
1770029083773641216.000000 -0.425536126 0.052208018 0.007063119 0.004307057 -0.004615974 -0.007716644 0.999950349
1770029083806979840.000000 -0.425644606 0.060873311 0.007486566 0.003766130 -0.004226903 -0.007579219 0.999955297
1770029083840323328.000000 -0.421891063 0.068641715 0.008695259 0.002604501 -0.004611901 -0.005632154 0.999970138
1770029083940308224.000000 -0.417026222 0.100623257 0.008754868 0.001026775 -0.004867516 -0.004139683 0.999979079
1770029083973660416.000000 -0.419828296 0.118420474 0.011577332 0.001080016 -0.003913104 -0.013144622 0.999905407
1770029084006987776.000000 -0.425729483 0.130091086 0.010241602 -0.000147706 -0.003035751 -0.027895279 0.999606252
1770029084040331008.000000 -0.426624447 0.146156073 0.017388247 -0.001021339 -0.003082235 -0.041401949 0.999137342
1770029084073651200.000000 -0.426406950 0.158698842 0.019332314 -0.001804116 -0.003364634 -0.053928535 0.998537481
1770029084106980096.000000 -0.429908216 0.169366226 0.017239869 -0.003265220 -0.002716482 -0.065497592 0.997843683
1770029084240334080.000000 -0.438708663 0.217449799 0.010314355 -0.007399000 -0.001391322 -0.114232957 0.993425488
1770029084273655808.000000 -0.438810080 0.225608945 0.011628434 -0.008607966 -0.001597373 -0.124860533 0.992135704
1770029084307000064.000000 -0.439972281 0.234427169 0.011976911 -0.010238913 -0.001333869 -0.135535136 0.990718782
1770029084340331008.000000 -0.442701012 0.249467790 0.011543147 -0.010421759 -0.001354970 -0.147329122 0.989031732
1770029084373670144.000000 -0.443630666 0.255828142 0.009289004 -0.012249526 -0.001344051 -0.157234073 0.987484515
1770029084407052032.000000 -0.444903523 0.269180298 0.010233123 -0.012845773 -0.001242621 -0.167687714 0.985755682
1770029084540304384.000000 -0.447037667 0.308863491 0.004615509 -0.016962094 -0.000471437 -0.207160205 0.978159845
1770029084640316928.000000 -0.445212036 0.338679880 0.003929210 -0.019195983 0.001803854 -0.233604908 0.972140431
1770029084673649664.000000 -0.444049835 0.348616481 0.004254465 -0.019356765 0.002308261 -0.242197722 0.970031083
1770029084706987520.000000 -0.445304394 0.346632421 0.002165833 -0.021976577 0.002460637 -0.249152437 0.968211770
1770029084840319232.000000 -0.440705389 0.373395741 0.001367452 -0.025869571 0.003574281 -0.276622087 0.960623860
1770029084873639168.000000 -0.438131839 0.380150765 0.000966686 -0.026327688 0.003949029 -0.283029139 0.958741784
1770029084906992640.000000 -0.436965168 0.389711738 -0.002034263 -0.026639026 0.004547157 -0.288461030 0.957110226
1770029084940315136.000000 -0.433960587 0.395917207 -0.001933491 -0.027332865 0.004624510 -0.294528604 0.955240548
1770029084973639936.000000 -0.432578683 0.400397003 -0.001139654 -0.028059894 0.005319012 -0.300362289 0.953397512
1770029085006972672.000000 -0.429113507 0.405892968 -0.002462372 -0.028422346 0.005557352 -0.305664837 0.951698720
1770029085106973696.000000 -0.421703637 0.422693074 -0.005433385 -0.029518316 0.008401364 -0.319939107 0.946940958
1770029085140320512.000000 -0.415853381 0.423251957 -0.004092371 -0.030354520 0.008378125 -0.323227584 0.945797205
1770029085173650432.000000 -0.413372993 0.427092403 -0.006255626 -0.029873105 0.009220101 -0.326645762 0.944629669
1770029085207004160.000000 -0.410086751 0.431370974 -0.008835329 -0.029915992 0.009111481 -0.329916716 0.943491936
1770029085240321024.000000 -0.408791900 0.437960744 -0.008217277 -0.029995982 0.009733102 -0.334271342 0.941949129
1770029085273639936.000000 -0.405491650 0.438861430 -0.009840184 -0.030759655 0.009434940 -0.336547464 0.941116691
1770029085373658624.000000 -0.394729316 0.445991665 -0.011936569 -0.031586450 0.010343709 -0.342964977 0.938760042
1770029085440325888.000000 -0.385350376 0.447363555 -0.014550602 -0.031839330 0.010267069 -0.346364290 0.937503397
1770029085473647360.000000 -0.380923420 0.446415365 -0.017069897 -0.032174375 0.010386832 -0.347929686 0.936910808
1770029085506978816.000000 -0.376653582 0.444337308 -0.019117417 -0.032626931 0.010487934 -0.347889185 0.936909139
1770029085540347392.000000 -0.371274620 0.445101440 -0.018672431 -0.032535132 0.010577841 -0.349419296 0.936341703
1770029085573664256.000000 -0.368073225 0.444821656 -0.020412389 -0.032587074 0.011103727 -0.349364042 0.936354458
1770029085673660928.000000 -0.354466319 0.440514117 -0.015768735 -0.032396086 0.011833535 -0.349230826 0.936401844
1770029085740310016.000000 -0.343308538 0.436488241 -0.015944680 -0.031555641 0.012449680 -0.347736150 0.936978638
1770029085773652480.000000 -0.336688399 0.433142900 -0.014622291 -0.031506617 0.012576843 -0.346005350 0.937619090
1770029085806972928.000000 -0.329394907 0.428914756 -0.016024970 -0.030994723 0.012784790 -0.344233066 0.938285470
1770029085840336896.000000 -0.321451843 0.424604088 -0.016858136 -0.031242078 0.012641815 -0.341537803 0.939263642
1770029085873640960.000000 -0.317367077 0.420624584 -0.019251999 -0.031134347 0.013346811 -0.339712441 0.939919114
1770029085973656832.000000 -0.294806838 0.398481250 -0.012538010 -0.031008221 0.013651133 -0.329482853 0.943553507
1770029086040313600.000000 -0.280252755 0.388835073 -0.013902100 -0.029102286 0.014256473 -0.320755690 0.946607471
1770029086073640704.000000 -0.269188643 0.378380984 -0.015194016 -0.028870152 0.013405274 -0.315860063 0.948271751
1770029086140331776.000000 -0.253653377 0.367464036 -0.009410373 -0.027195731 0.014062247 -0.303061366 0.952479124
1770029086173664768.000000 -0.246709406 0.357354671 -0.010116449 -0.026347065 0.014725906 -0.297061235 0.954381287
1770029086273646848.000000 -0.218211919 0.333174944 -0.012430753 -0.023117663 0.014590636 -0.272198051 0.961852908
1770029086340323328.000000 -0.199471131 0.309898645 -0.013973614 -0.021356156 0.014784485 -0.251202732 0.967585981
1770029086373641216.000000 -0.187583297 0.301147819 -0.013920211 -0.019944958 0.014657542 -0.239597023 0.970556915
1770029086406969856.000000 -0.176591128 0.289935321 -0.011903425 -0.018552626 0.014441895 -0.228864938 0.973174274
1770029086440312064.000000 -0.166211456 0.279602081 -0.013818216 -0.017197924 0.015011870 -0.217804059 0.975725532
1770029086473640704.000000 -0.156468138 0.269796908 -0.011653291 -0.015863774 0.015110532 -0.208311304 0.977817237
1770029086540314624.000000 -0.135694087 0.249992996 -0.009965919 -0.012898555 0.015220136 -0.190149426 0.981552422
1770029086606987264.000000 -0.114654288 0.235502422 -0.002883776 -0.009472915 0.015421798 -0.172713190 0.984805942
1770029086640314624.000000 -0.100225911 0.223582640 0.009073773 -0.008393984 0.015413547 -0.165602937 0.986036360
1770029086673648896.000000 -0.099534757 0.216540575 -0.008729031 -0.005477446 0.016596401 -0.161017552 0.986796856
1770029086706993152.000000 -0.087423570 0.204036161 -0.003590483 -0.002892056 0.017042603 -0.158583060 0.987194359
1770029086740311808.000000 -0.085924067 0.199499607 -0.010949837 0.000621719 0.018422054 -0.155900493 0.987600803
1770029086840331776.000000 -0.054765500 0.166340485 -0.003921145 0.010518166 0.022241820 -0.153691366 0.987812579
1770029086873658880.000000 -0.047859591 0.161029726 0.000079485 0.014713583 0.024135841 -0.153689906 0.987714767
1770029086907000320.000000 -0.042607605 0.148006231 -0.002605216 0.018136246 0.026675396 -0.153200194 0.987668574
1770029086973668096.000000 -0.026879067 0.127247781 -0.016252130 0.025067089 0.031317528 -0.151499271 0.987643063
1770029087006999296.000000 -0.021270983 0.121160381 -0.019231917 0.029295903 0.034082364 -0.151432112 0.987445414
1770029087040315136.000000 -0.012372850 0.111108243 -0.013611635 0.032777004 0.037283309 -0.150692150 0.987333596
1770029087140314880.000000 0.005937095 0.084678702 -0.012974926 0.043799415 0.046849564 -0.148810536 0.986783743
1770029087173653248.000000 0.011384146 0.076096445 -0.008055066 0.048212327 0.050094638 -0.148978174 0.986393273
1770029087206983936.000000 0.018027041 0.071788624 0.000227992 0.052668493 0.053731360 -0.149102300 0.985955119
1770029087240317184.000000 0.024227336 0.063608490 0.002026977 0.056145567 0.058202572 -0.149233550 0.985489488
1770029087273652480.000000 0.026674986 0.051776454 -0.004976987 0.058487531 0.063658714 -0.147237360 0.985316157
1770029087307001344.000000 0.033149134 0.038122181 -0.005921836 0.060215700 0.068429068 -0.145678088 0.985124052
1770029087406982400.000000 0.058138423 0.007848347 -0.013231029 0.066028103 0.084166110 -0.143493533 0.983852625
1770029087473647872.000000 0.069060512 -0.011166966 0.000244271 0.068804353 0.096831195 -0.141253814 0.982821047
1770029087506973440.000000 0.076112822 -0.024175458 -0.006722320 0.069758676 0.102349274 -0.140463412 0.982307673
1770029087540317184.000000 0.090246797 -0.036918160 -0.004816580 0.069943979 0.107122444 -0.139845997 0.981873631
1770029087573665024.000000 0.099806763 -0.046444368 -0.002266354 0.070089921 0.112734340 -0.139180094 0.981329441
1770029087606990848.000000 0.106938384 -0.058098804 -0.000577474 0.070041083 0.118521176 -0.138167366 0.980794013
1770029087706972416.000000 0.141868681 -0.094000459 -0.001913671 0.067666776 0.131087631 -0.135751486 0.979698300
1770029087740303616.000000 0.154348299 -0.106288306 -0.003587308 0.066384956 0.133917794 -0.135396510 0.979452372
1770029087773658624.000000 0.154368699 -0.116839074 -0.003693759 0.063978672 0.137158364 -0.134364426 0.979306161
1770029087806970112.000000 0.163040265 -0.131507039 -0.003489690 0.061130017 0.138747692 -0.135054439 0.979169369
1770029087873643520.000000 0.188411355 -0.138007060 0.000085090 0.047836799 0.136855453 -0.135824025 0.980068445
1770029087906991872.000000 0.197424993 -0.140593559 0.001894952 0.033635695 0.133495525 -0.131463021 0.981715441
1770029088040314624.000000 0.249497294 -0.157453343 0.024891723 -0.009564959 0.109273650 -0.107367851 0.988149822
1770029088073652992.000000 0.258602113 -0.156955898 0.021154666 -0.015741074 0.102912538 -0.102093145 0.989311993
1770029088106980352.000000 0.267051876 -0.155451968 0.027168019 -0.020522812 0.098118864 -0.095564030 0.990363121
1770029088140303104.000000 0.280159771 -0.160306066 0.040821180 -0.026329665 0.093977295 -0.088287719 0.991302371
1770029088206969856.000000 0.294758797 -0.162991107 0.040348090 -0.036051195 0.085313700 -0.077838413 0.992654562
1770029088240360960.000000 0.302749842 -0.170514360 0.042455271 -0.041096911 0.081370540 -0.071875632 0.993239105
1770029088340309504.000000 0.337536037 -0.194334090 0.055043828 -0.053749923 0.069801010 -0.056253720 0.994522214
1770029088373647360.000000 0.347936273 -0.196892425 0.058101717 -0.055302761 0.066054694 -0.050422832 0.995005488
1770029088406984448.000000 0.355685055 -0.197715595 0.063665271 -0.056845654 0.063711405 -0.046078328 0.995282054
1770029088440311552.000000 0.362376928 -0.201879248 0.058699753 -0.057276070 0.061256051 -0.040085860 0.995670795
1770029088506979584.000000 0.378115654 -0.208877787 0.069578543 -0.059847351 0.056730062 -0.034230720 0.996006191
1770029088540305664.000000 0.383945227 -0.207547650 0.073153593 -0.058836225 0.055039559 -0.030971734 0.996267915
1770029088606981888.000000 0.397990108 -0.215607300 0.075801261 -0.058473259 0.051487684 -0.025084708 0.996644735
1770029088640307200.000000 0.404360563 -0.226247683 0.072615720 -0.058482222 0.049651299 -0.021371579 0.996823907
1770029088673643008.000000 0.413353473 -0.227171004 0.073337853 -0.056820642 0.047700670 -0.019533608 0.997052908
1770029088706976000.000000 0.416588455 -0.225829780 0.076542117 -0.054898482 0.047248255 -0.017516712 0.997219622
1770029088740301056.000000 0.418050528 -0.227350488 0.075597942 -0.052826807 0.046838567 -0.016700830 0.997364879
1770029088773657600.000000 0.419131249 -0.235154033 0.073338874 -0.051402904 0.046155617 -0.014665375 0.997503102
1770029088840306432.000000 0.426993638 -0.236695364 0.075126618 -0.046672314 0.044348333 -0.013585288 0.997832894
1770029088940308480.000000 0.458140075 -0.253930300 0.069612443 -0.039165962 0.039690055 -0.009142776 0.998402357
1770029088973639168.000000 0.460085124 -0.256705672 0.068845443 -0.035829280 0.039604452 -0.008654526 0.998535395
1770029089006977792.000000 0.468177795 -0.260552913 0.070066325 -0.032341938 0.038802262 -0.007682854 0.998693824
1770029089040307712.000000 0.469352126 -0.261344284 0.068054788 -0.028182605 0.038875993 -0.006873136 0.998822927
1770029089073640704.000000 0.465058923 -0.261926323 0.065518022 -0.024740189 0.039579663 -0.007439478 0.998882473
1770029089140312064.000000 0.461104393 -0.273517609 0.051345456 -0.020162959 0.039113317 -0.007952170 0.998999655
1770029089206979840.000000 0.482184500 -0.281895727 0.049519554 -0.015488823 0.036783099 -0.007125491 0.999177873
1770029089306986496.000000 0.496257395 -0.291370451 0.050170511 -0.009179850 0.035995554 -0.005293754 0.999295831
1770029089340314880.000000 0.502374709 -0.293108672 0.048900548 -0.006873327 0.035315573 -0.004664977 0.999341726
1770029089373654528.000000 0.514907300 -0.307597369 0.043727726 -0.007052290 0.033588912 -0.004325566 0.999401569
1770029089440320256.000000 0.530679882 -0.311780512 0.038601704 -0.003950958 0.032019418 -0.003497191 0.999473333
1770029089506987264.000000 0.542231917 -0.315335095 0.036878873 -0.001062024 0.031271640 -0.002218480 0.999507964
1770029089540301312.000000 0.549419582 -0.314645082 0.037580386 0.000526195 0.030627638 -0.001575420 0.999529541
1770029089573641728.000000 0.551889539 -0.313569933 0.037093945 0.002211054 0.030753260 -0.000861315 0.999524236
1770029089606969344.000000 0.556336045 -0.312882394 0.038466405 0.002812425 0.030401507 -0.001188839 0.999533117
1770029089673632768.000000 0.564894617 -0.308851629 0.036398225 0.004331609 0.029147804 -0.000611815 0.999565542
1770029089706967040.000000 0.569045603 -0.307503045 0.034172192 0.004333104 0.028318247 -0.000587936 0.999589384
1770029089806973184.000000 0.579605401 -0.297521710 0.035091270 0.007325723 0.027988328 0.000234380 0.999581456
1770029089840303360.000000 0.584289670 -0.293361336 0.035755504 0.009098693 0.028379295 -0.000054006 0.999555826
1770029089873643008.000000 0.586405098 -0.288605094 0.036791231 0.010459223 0.028714558 -0.000414121 0.999532878
1770029089906966784.000000 0.569776177 -0.286009043 0.029493419 0.011626523 0.031143922 0.000352001 0.999447227
1770029089940305408.000000 0.568527579 -0.282722861 0.029912345 0.012213725 0.031718474 -0.000411242 0.999422133
1770029090006972928.000000 0.570191562 -0.273858368 0.028897924 0.013785438 0.032228388 -0.000994637 0.999385059
1770029090073649408.000000 0.576501906 -0.261270225 0.030176803 0.015727323 0.032618206 -0.001017721 0.999343634
1770029090140302848.000000 0.579201877 -0.248930171 0.028883995 0.017098738 0.033010915 -0.001173766 0.999308109
1770029090173636352.000000 0.583783388 -0.240504041 0.026950924 0.018092690 0.032675024 -0.000993180 0.999301791
1770029090206983680.000000 0.583509147 -0.232875034 0.028790699 0.018636104 0.033029821 -0.001682318 0.999279261
1770029090240312320.000000 0.585537076 -0.225943580 0.026759744 0.019233350 0.033219256 -0.001413737 0.999262035
1770029090306975744.000000 0.588743508 -0.205810294 0.028181780 0.020594168 0.033945039 -0.001997113 0.999209523
1770029090373646592.000000 0.595585287 -0.190344438 0.028641431 0.020817179 0.033708967 -0.003222160 0.999209762
1770029090406983680.000000 0.593083739 -0.187869057 0.029335346 0.020565152 0.034205526 -0.002735679 0.999199450
1770029090440303872.000000 0.594510019 -0.179520234 0.030024622 0.020921290 0.034465972 -0.002891536 0.999182701
1770029090473649152.000000 0.595405579 -0.177971184 0.026663532 0.019765375 0.034329567 -0.002227059 0.999212682
1770029090540303872.000000 0.598812938 -0.159145549 0.028160410 0.020731641 0.034507565 -0.001764925 0.999187887
1770029090573654528.000000 0.604052246 -0.162569985 0.027170498 0.019018097 0.034381758 -0.000092988 0.999227822
1770029090673645824.000000 0.607274055 -0.143609017 0.027668430 0.017885111 0.034932770 -0.001764053 0.999228060
1770029090706982400.000000 0.606536090 -0.136753082 0.027622351 0.017949553 0.035381194 -0.001364467 0.999211848
1770029090773637632.000000 0.609035850 -0.111056864 0.024365958 0.018948289 0.035434630 -0.001433057 0.999191344
1770029090806969600.000000 0.609837830 -0.107390419 0.025493406 0.018012075 0.035377424 -0.000858094 0.999211371
1770029090840299008.000000 0.609496474 -0.090485513 0.024183143 0.018969273 0.035711430 -0.001524537 0.999181032
1770029090907026176.000000 0.608584940 -0.097314678 0.019934120 0.015686231 0.036022749 0.001606618 0.999226570
1770029091007010048.000000 0.614139557 -0.071348943 0.026344003 0.014994582 0.036140934 0.002261460 0.999231637
1770029091040321024.000000 0.617993712 -0.041373178 0.026300399 0.016476786 0.035907596 -0.000571525 0.999219120
1770029091073654272.000000 0.615481436 -0.033735491 0.026308851 0.015911296 0.036602996 -0.001335956 0.999202371
1770029091106981376.000000 0.614275813 -0.026110711 0.027115531 0.015402862 0.036988817 -0.002239062 0.999194503
1770029091173651968.000000 0.616026163 -0.010278819 0.027584741 0.014435924 0.036597088 -0.001819059 0.999224186
1770029091306971136.000000 0.616579592 0.019362932 0.026531391 0.012029812 0.037082139 -0.000670563 0.999239624
1770029091340302336.000000 0.617216766 0.025576934 0.027656155 0.011314896 0.037092946 -0.000951749 0.999247313
1770029091373642240.000000 0.623912096 0.036664121 0.034528144 0.011008689 0.036374398 -0.000210660 0.999277592
1770029091406994176.000000 0.621400952 0.035738308 0.033523079 0.009588744 0.036702234 0.000487930 0.999280095
1770029091473654272.000000 0.619172513 0.077001296 0.034897082 0.011367931 0.036839861 -0.001272869 0.999255717
1770029091506974464.000000 0.617872834 0.084988341 0.035153877 0.010692908 0.037193324 -0.002058967 0.999248803
1770029091540306432.000000 0.627151668 0.084006697 0.042535447 0.009223587 0.036390897 -0.002295699 0.999292433
1770029091606974208.000000 0.615870655 0.108123563 0.036569260 0.008854349 0.037380494 -0.002166127 0.999259531
1770029091640298752.000000 0.615549147 0.113418788 0.034937341 0.007857341 0.037140347 -0.002398323 0.999276340
1770029091673641472.000000 0.614639997 0.122090727 0.033210699 0.007000138 0.037176240 -0.002852681 0.999280155
1770029091773638144.000000 0.610988855 0.152174771 0.033391960 0.006236037 0.037372179 -0.003486354 0.999275923
1770029091806982656.000000 0.607134879 0.163995385 0.032359362 0.006115913 0.037455264 -0.003806497 0.999272406
1770029091840305920.000000 0.608022094 0.173319161 0.032792266 0.005927966 0.037189946 -0.003537813 0.999284387
1770029091906967552.000000 0.606829703 0.196175069 0.040675797 0.006013855 0.036820587 -0.003441592 0.999297917
1770029091940310784.000000 0.599467039 0.203059986 0.029600659 0.004953973 0.037436016 -0.004713198 0.999275625
1770029091973652480.000000 0.603881538 0.208899394 0.039394107 0.004395901 0.036457278 -0.004316569 0.999316275
1770029092040315648.000000 0.600127220 0.222146243 0.038745977 0.003449575 0.036412537 -0.004324128 0.999321580
1770029092106985216.000000 0.598737597 0.237298384 0.041232530 0.002467706 0.035909239 -0.004499043 0.999341905
1770029092140300032.000000 0.590881169 0.256964862 0.039083656 0.003481587 0.036530666 -0.005075546 0.999313653
1770029092206984448.000000 0.584052622 0.268941164 0.037688687 0.001757385 0.037225205 -0.006330101 0.999285340
1770029092240313856.000000 0.589941502 0.265363067 0.038917035 -0.000104036 0.035869945 -0.007092626 0.999331355
1770029092306982656.000000 0.575322390 0.298892438 0.039080139 0.002488255 0.036613278 -0.005853907 0.999309301
1770029092340305664.000000 0.573082268 0.301695168 0.034337498 0.000914124 0.036344331 -0.006416657 0.999318302
1770029092406983424.000000 0.566561520 0.313911557 0.029481817 0.000148700 0.035834175 -0.007990310 0.999325812
1770029092440298240.000000 0.560750961 0.327984750 0.031236494 0.001694680 0.036286511 -0.006801367 0.999316871
1770029092473635072.000000 0.555758834 0.334202468 0.033185937 0.001237740 0.036575500 -0.007436885 0.999302506
1770029092506965504.000000 0.556355000 0.338590443 0.034836397 0.000716337 0.036082424 -0.007641462 0.999319375
1770029092573634304.000000 0.551804125 0.346535355 0.033393543 -0.000272760 0.035111982 -0.007999868 0.999351382
1770029092606966784.000000 0.550359726 0.349990159 0.030160416 -0.000914655 0.034473490 -0.008873787 0.999365866
1770029092673644288.000000 0.538543642 0.359584391 0.029901560 -0.001802547 0.034801483 -0.009950572 0.999343157
1770029092740300800.000000 0.534454703 0.369628549 0.028046308 -0.001748589 0.033929590 -0.010059536 0.999372065
1770029092773639424.000000 0.527092755 0.381620467 0.033756979 -0.000247095 0.034286045 -0.009320195 0.999368608
1770029092806966528.000000 0.525008857 0.384363294 0.033849232 -0.000540735 0.033594538 -0.008798772 0.999396741
1770029092873636608.000000 0.516533434 0.391081274 0.029171288 -0.000798563 0.033778463 -0.010004246 0.999379039
1770029092906971392.000000 0.511987925 0.393157601 0.027987314 -0.001116170 0.033423021 -0.010058766 0.999390066
1770029092940297984.000000 0.506445289 0.395030022 0.028853294 -0.001646466 0.033532973 -0.010787749 0.999378085
1770029093040330240.000000 0.496730894 0.402566254 0.023676720 -0.002023323 0.032679912 -0.010564908 0.999408007
1770029093106979072.000000 0.489935815 0.405315161 0.029698431 -0.002168651 0.031716067 -0.010181236 0.999442756
1770029093173641472.000000 0.483962744 0.407280505 0.023233363 -0.001997460 0.030636981 -0.010332350 0.999475181
1770029093240316416.000000 0.475468189 0.407285392 0.027037214 -0.002315365 0.030358816 -0.010107613 0.999485314
1770029093273655552.000000 0.473694444 0.405411541 0.023449302 -0.002320799 0.029591916 -0.009680339 0.999512553
1770029093340375552.000000 0.464579016 0.405789196 0.023488121 -0.002224169 0.029100074 -0.009917608 0.999524891
1770029093407001344.000000 0.456845880 0.405471355 0.018761059 -0.001503609 0.028390463 -0.009591403 0.999549806
1770029093440305408.000000 0.451149672 0.404342502 0.014449561 -0.001094774 0.028211657 -0.009334228 0.999557853
1770029093473638144.000000 0.449551523 0.401312143 0.013677200 -0.001383978 0.027292740 -0.009099252 0.999585152
1770029093540299776.000000 0.440242618 0.396568328 0.014282520 -0.000962820 0.026593212 -0.008970253 0.999605596
1770029093573681920.000000 0.436108053 0.395680785 0.010347430 -0.000263322 0.026156750 -0.008734053 0.999619663
1770029093640299008.000000 0.426569045 0.391447604 0.008224675 0.000203132 0.025215330 -0.009214494 0.999639571
1770029093706966528.000000 0.415210128 0.381665915 0.010251445 0.000466577 0.024874412 -0.008407389 0.999655128
1770029093740297984.000000 0.405575842 0.381247073 0.013992285 0.001597737 0.025694979 -0.007668092 0.999639153
1770029093773647104.000000 0.390224904 0.372690678 0.025828661 0.000636904 0.026753370 -0.009111664 0.999600351
1770029093840309504.000000 0.380691737 0.363099128 0.024092553 0.001199416 0.025935324 -0.008237528 0.999628961
1770029093873634048.000000 0.379168302 0.359422565 0.023470614 0.001383175 0.025091341 -0.007923576 0.999652803
1770029093940303360.000000 0.375046879 0.356015295 0.026126040 0.002667730 0.023884863 -0.008554959 0.999674618
1770029094006965760.000000 0.355994731 0.336040407 0.023333834 0.002861628 0.024499411 -0.007188743 0.999669909
1770029094040322816.000000 0.363141567 0.344486594 0.026075926 0.005172467 0.022577861 -0.007150684 0.999706149
1770029094073634304.000000 0.354969054 0.339695692 0.025590412 0.005728818 0.022660840 -0.007131163 0.999701440
1770029094140304896.000000 0.342140019 0.322421610 0.026182864 0.006794578 0.022391470 -0.005170648 0.999712825
1770029094173638912.000000 0.320080489 0.301970929 0.025910806 0.005569916 0.024238300 -0.006042965 0.999672413
1770029094306980864.000000 0.286856413 0.265421689 0.029511079 0.007430665 0.024924994 -0.004263543 0.999652624
1770029094340314368.000000 0.290584743 0.256898969 0.017238703 0.007536414 0.022766503 -0.005339880 0.999698162
1770029094373646336.000000 0.287284881 0.252721876 0.017713798 0.008997245 0.022142872 -0.005108503 0.999701381
1770029094440298752.000000 0.275438309 0.238693744 0.012653916 0.011047067 0.021538354 -0.004451412 0.999697149
1770029094473632000.000000 0.267788351 0.230956808 0.011103072 0.011925371 0.021597188 -0.004391767 0.999685943
1770029094506974208.000000 0.261886239 0.223109528 0.009194382 0.012986260 0.021159600 -0.004428024 0.999681950
1770029094573631232.000000 0.249594182 0.209097385 0.007191961 0.016571531 0.020251276 -0.005913377 0.999640167
1770029094606969088.000000 0.242852136 0.201919913 0.005253264 0.019131774 0.020192210 -0.006933320 0.999589026
1770029094673632256.000000 0.223928109 0.186024249 0.009420908 0.024808211 0.020136962 -0.008211280 0.999455750
1770029094706965760.000000 0.218521938 0.178372785 0.011665118 0.027545298 0.019281087 -0.008652250 0.999397159
1770029094740307200.000000 0.212207541 0.165582150 0.007777344 0.030231331 0.018334961 -0.008656850 0.999337256
1770029094806977024.000000 0.202653348 0.153910816 0.000177372 0.036832541 0.016390145 -0.009349310 0.999143302
1770029094840326912.000000 0.197722897 0.145659402 -0.003163432 0.039815776 0.014810976 -0.009017442 0.999056578
1770029094873638656.000000 0.192558944 0.139307186 -0.008360594 0.043031678 0.013165454 -0.008981786 0.998946607
1770029094973636096.000000 0.175015122 0.112873301 -0.008234708 0.051201615 0.009316871 -0.011076006 0.998583496
1770029095006951680.000000 0.170193776 0.107199237 -0.004194562 0.054388884 0.007870110 -0.011015221 0.998428106
1770029095040295680.000000 0.168239236 0.103984192 -0.005537722 0.058696434 0.006361666 -0.010886585 0.998196304
1770029095106960896.000000 0.161037400 0.089748546 -0.006399603 0.065996267 0.003594455 -0.012515371 0.997734904
1770029095140289792.000000 0.160620898 0.085925132 -0.007057305 0.069790959 0.000277567 -0.012847155 0.997478902
1770029095173622016.000000 0.155110806 0.074581288 -0.013122663 0.071810827 -0.002667226 -0.012227952 0.997339785
1770029095240293632.000000 0.147565231 0.052737225 -0.016369721 0.076769575 -0.010057103 -0.013327520 0.996909082
1770029095306947328.000000 0.138744608 0.028634476 -0.017946843 0.082220167 -0.018423364 -0.014264122 0.996341765
1770029095340283136.000000 0.136327133 0.019706191 -0.025974676 0.084622152 -0.023393122 -0.014045118 0.996039510
1770029095373620480.000000 0.131566077 0.007435722 -0.030363644 0.087024525 -0.028123735 -0.014433886 0.995704472
1770029095440289024.000000 0.116533630 -0.026335238 -0.032843806 0.091721468 -0.038460363 -0.015407371 0.994922459
1770029095473626368.000000 0.111711569 -0.032814771 -0.024017552 0.094353110 -0.043987755 -0.016317330 0.994432688
1770029095506944768.000000 0.104349852 -0.057483871 -0.044408135 0.095005222 -0.049566723 -0.015440444 0.994122088
1770029095606947840.000000 0.069866695 -0.099659123 -0.029085491 0.099523276 -0.064772338 -0.016267819 0.992791533
1770029095640279808.000000 0.066947699 -0.107635155 -0.021416420 0.101047359 -0.069918379 -0.015684232 0.992297828
1770029095673633280.000000 0.054744210 -0.126675844 -0.022667121 0.100213058 -0.073546365 -0.014924937 0.992131829
1770029095740288768.000000 0.036766149 -0.153151333 -0.014869238 0.098445147 -0.079537757 -0.011213419 0.991895497
1770029095773630976.000000 0.032848798 -0.157902598 -0.011968144 0.097575136 -0.081531890 -0.008423052 0.991847157
1770029095906950144.000000 -0.002890349 -0.191873893 -0.007234250 0.064171225 -0.076314293 -0.002193085 0.995014310
1770029095940286720.000000 -0.005442966 -0.184603408 -0.003165128 0.051306352 -0.072627246 -0.000752839 0.996038377
1770029095973613056.000000 -0.010714230 -0.204927906 -0.010304856 0.036236607 -0.069000475 0.001785547 0.996956766
1770029096040281600.000000 -0.034191735 -0.208503902 0.020909704 0.019768370 -0.062277917 -0.000286826 0.997862995
1770029096073613824.000000 -0.038654000 -0.211447641 0.027611775 0.012797432 -0.059899747 -0.001048067 0.998121858
1770029096106943488.000000 -0.050033689 -0.214823619 0.036606822 0.006153889 -0.056947514 -0.002513358 0.998355091
1770029096206945536.000000 -0.078615449 -0.240471438 0.036010273 -0.012840221 -0.048724733 -0.002426364 0.998726785
1770029096273616640.000000 -0.098809898 -0.256204516 0.036349744 -0.022352632 -0.043959491 -0.004609451 0.998772621
1770029096306944000.000000 -0.104940318 -0.263446033 0.040517867 -0.026144279 -0.042247724 -0.004241502 0.998756051
1770029096340291072.000000 -0.114864767 -0.274126410 0.037546724 -0.029538043 -0.039954338 -0.004683817 0.998753905
1770029096373618176.000000 -0.121619292 -0.286839008 0.034741096 -0.032993235 -0.038093921 -0.004340472 0.998719931
1770029096506965760.000000 -0.154150590 -0.319747388 0.040115591 -0.038835548 -0.031714644 -0.006880788 0.998718560
1770029096540292608.000000 -0.159935638 -0.334135801 0.037851177 -0.040421758 -0.030818842 -0.006886768 0.998683572
1770029096606965760.000000 -0.177675173 -0.348226607 0.032401796 -0.039277177 -0.027548121 -0.008607646 0.998811483
1770029096640317440.000000 -0.184660703 -0.356077820 0.037517648 -0.038654983 -0.026485395 -0.008325429 0.998866916
1770029096673630208.000000 -0.189803496 -0.367624193 0.032420833 -0.038185697 -0.025284808 -0.008796734 0.998912036
1770029096706958592.000000 -0.199115083 -0.372351944 0.026441647 -0.036896944 -0.023610665 -0.009326329 0.998996615
1770029096740288512.000000 -0.206126899 -0.378978103 0.027275275 -0.035211708 -0.022381682 -0.010346188 0.999075711
1770029096773611008.000000 -0.214725628 -0.384847105 0.032484978 -0.032723803 -0.021053294 -0.011115136 0.999180853
1770029096806945280.000000 -0.220826954 -0.390510231 0.025342746 -0.030568425 -0.019800844 -0.011927514 0.999265373
1770029096873616384.000000 -0.231314391 -0.407469660 0.022244938 -0.026682351 -0.017675187 -0.010542102 0.999432147
1770029096973622784.000000 -0.247974411 -0.434470087 0.016551888 -0.020047119 -0.015318666 -0.009941303 0.999632299
1770029097006947328.000000 -0.251157612 -0.438734472 0.017961867 -0.018080065 -0.014525005 -0.008786365 0.999692440
1770029097040282880.000000 -0.261381000 -0.442932189 0.014704068 -0.016209887 -0.013646061 -0.009138696 0.999733746
1770029097073612032.000000 -0.260651112 -0.443720758 0.020714566 -0.014248561 -0.013238166 -0.008128521 0.999777794
1770029097106943488.000000 -0.266699970 -0.446711183 0.024570616 -0.012173642 -0.012480333 -0.007406891 0.999820590
1770029097173638400.000000 -0.279994160 -0.455119699 0.014838797 -0.009697291 -0.011090017 -0.008510349 0.999855280
1770029097240286464.000000 -0.292298257 -0.464613885 0.004478700 -0.007412909 -0.009907224 -0.008193031 0.999889910
1770029097273615872.000000 -0.297249734 -0.467125773 0.002188879 -0.006480580 -0.009127000 -0.008180502 0.999903917
1770029097340305664.000000 -0.303832591 -0.465356410 0.011861426 -0.004770213 -0.008123747 -0.007448382 0.999927878
1770029097373633280.000000 -0.309718877 -0.470539361 0.005633353 -0.005481580 -0.007248499 -0.008516018 0.999922454
1770029097406964736.000000 -0.312807381 -0.464880735 0.011623474 -0.004031406 -0.006821728 -0.007313491 0.999941885
1770029097473625344.000000 -0.323338985 -0.465668827 0.006014836 -0.001466258 -0.006089102 -0.007576759 0.999951720
1770029097540294144.000000 -0.334507495 -0.463340342 0.001866139 0.001056965 -0.005502442 -0.007816068 0.999953806
1770029097573645312.000000 -0.339734465 -0.456798047 0.005056760 0.002581822 -0.005049350 -0.007612234 0.999954939
1770029097606965760.000000 -0.343683124 -0.461267322 0.006072148 0.002842715 -0.004877473 -0.007826203 0.999953449
1770029097640311040.000000 -0.347509265 -0.457472235 0.003904882 0.004027069 -0.004888108 -0.007535005 0.999951601
1770029097706980608.000000 -0.357333302 -0.445293278 -0.000989723 0.005653391 -0.003812270 -0.008047116 0.999944389
1770029097740286720.000000 -0.363066286 -0.439174086 -0.001936967 0.006705815 -0.003731416 -0.008208991 0.999936879
1770029097840311040.000000 -0.374488771 -0.424386054 -0.003613254 0.008655088 -0.003125778 -0.008478511 0.999921739
1770029097873630208.000000 -0.376108408 -0.420265526 -0.005568388 0.009206517 -0.003425009 -0.008031898 0.999919534
1770029097906973696.000000 -0.377751410 -0.415600091 -0.007024101 0.009420156 -0.003405387 -0.008361660 0.999914944
1770029097940290560.000000 -0.381026715 -0.409528434 -0.006674679 0.009732761 -0.003146562 -0.008144339 0.999914527
1770029097973621760.000000 -0.385850579 -0.398145318 -0.004543248 0.010292757 -0.002616977 -0.008073161 0.999911070
1770029098040277504.000000 -0.390914917 -0.383738220 -0.005814729 0.011039537 -0.002727487 -0.008289677 0.999900997
1770029098106957312.000000 -0.402362287 -0.367096424 -0.004556729 0.011092060 -0.002018041 -0.008737515 0.999898314
1770029098173612032.000000 -0.401221037 -0.353374720 -0.008683373 0.011363520 -0.002578037 -0.007659212 0.999902785
1770029098206962432.000000 -0.403195441 -0.343675673 -0.011380788 0.011817662 -0.002577920 -0.007166603 0.999901175
1770029098240306432.000000 -0.409071386 -0.332960606 -0.002918134 0.011673032 -0.002292305 -0.007684209 0.999899805
1770029098273613824.000000 -0.413843334 -0.324187368 -0.003985370 0.011623483 -0.002237988 -0.008145538 0.999896765
1770029098340294912.000000 -0.417539299 -0.303841740 -0.000493289 0.011804191 -0.002248831 -0.007998018 0.999895811
1770029098406961664.000000 -0.421678394 -0.284113407 0.001824750 0.011595809 -0.002312614 -0.008524152 0.999893844
1770029098440304384.000000 -0.425847530 -0.271085948 0.002840274 0.011969807 -0.002300774 -0.008978509 0.999885440
1770029098473618688.000000 -0.424619555 -0.260422587 0.005073640 0.011835337 -0.002495203 -0.008519333 0.999890625
1770029098506960128.000000 -0.422342658 -0.251073301 0.001438708 0.011673010 -0.002760037 -0.007833977 0.999897420
1770029098573613312.000000 -0.426541179 -0.237522781 0.000163740 0.010278765 -0.002558355 -0.006968460 0.999919653
1770029098606944000.000000 -0.429232031 -0.224202216 -0.005918521 0.010801779 -0.002475210 -0.007196014 0.999912739
1770029098706945280.000000 -0.428763270 -0.181335285 0.007443506 0.011225196 -0.003218340 -0.008031202 0.999899626
1770029098740276480.000000 -0.430596918 -0.168652415 0.003212973 0.011095133 -0.003316035 -0.008584258 0.999896109
1770029098806955008.000000 -0.433336139 -0.145783901 0.002041379 0.010277469 -0.002870375 -0.009613367 0.999896884
1770029098873613824.000000 -0.434155434 -0.122204982 0.005950408 0.009455237 -0.002936684 -0.009400071 0.999906838
1770029098906952192.000000 -0.433996052 -0.110638641 0.004858685 0.009288531 -0.002980395 -0.009193172 0.999910176
1770029099006942976.000000 -0.432171911 -0.085628629 0.004278077 0.007196544 -0.003323762 -0.007558822 0.999940097
1770029099040278272.000000 -0.433948159 -0.066628069 0.005827660 0.007488870 -0.003189369 -0.008299324 0.999932408
1770029099073616640.000000 -0.431682110 -0.056575831 0.005081112 0.007055375 -0.003611978 -0.006898678 0.999944806
1770029099106951680.000000 -0.435344547 -0.039854836 0.003972735 0.007130567 -0.003290985 -0.008943783 0.999929190
1770029099140294656.000000 -0.433097452 -0.032406170 0.001606045 0.006230055 -0.003407511 -0.008079055 0.999942183
1770029099206944000.000000 -0.433823317 -0.005946022 0.001705837 0.005892936 -0.003159083 -0.008434260 0.999942124
1770029099340277248.000000 -0.429897875 0.041615840 -0.000672163 0.004366868 -0.003747645 -0.008642687 0.999946117
1770029099373611520.000000 -0.430477738 0.052488886 0.001799021 0.003814486 -0.003474480 -0.008630164 0.999949515
1770029099406949120.000000 -0.429128349 0.064639457 0.003175018 0.003671430 -0.003710313 -0.008666968 0.999948859
1770029099440278528.000000 -0.427595407 0.074822694 0.006513829 0.002830041 -0.003181933 -0.008271383 0.999956787
1770029099473615872.000000 -0.427799314 0.086106807 0.005901568 0.002335924 -0.002987764 -0.008772926 0.999954402
1770029099606965504.000000 -0.426704675 0.135674641 0.013649137 -0.000570357 -0.002577762 -0.033822987 0.999424398
1770029099640275712.000000 -0.425753057 0.142599404 0.014358243 -0.002713897 -0.003048092 -0.045287762 0.998965681
1770029099673623040.000000 -0.429966629 0.151450962 0.016445579 -0.003775702 -0.002656301 -0.056422643 0.998396397
1770029099706959360.000000 -0.430152565 0.172619909 0.013902685 -0.004240124 -0.002607903 -0.069788300 0.997549415
1770029099740279808.000000 -0.431975752 0.182299450 0.010528876 -0.005383355 -0.002480834 -0.081233270 0.996677518
1770029099773630976.000000 -0.435737759 0.191446245 0.013589782 -0.006642010 -0.001919882 -0.093744613 0.995572269
1770029099906947840.000000 -0.441464305 0.235861346 0.016199231 -0.010983976 -0.001022799 -0.140507892 0.990018070
1770029099940279808.000000 -0.446361542 0.246147394 0.012517694 -0.012320844 -0.000839717 -0.151587024 0.988366783
1770029099973612288.000000 -0.444271833 0.256996781 0.012898456 -0.012837912 -0.001016489 -0.161709681 0.986754417
1770029100006948608.000000 -0.448950052 0.271683425 0.008793613 -0.013271112 -0.000640379 -0.173192441 0.984798431
1770029100040292864.000000 -0.448990047 0.279403239 0.008950489 -0.015028428 -0.001074711 -0.182574436 0.983076632
1770029100073614592.000000 -0.448629618 0.289635599 0.008721688 -0.016228799 -0.001109440 -0.191821024 0.981295109
1770029100206948864.000000 -0.445990562 0.325626105 0.005555856 -0.019784117 0.001332313 -0.228210226 0.973410010
1770029100240274688.000000 -0.447651029 0.335114241 0.004781763 -0.020428978 0.002433846 -0.237257689 0.971228957
1770029100273612288.000000 -0.444624364 0.338592529 0.004283530 -0.022017026 0.001966130 -0.243252233 0.969711185
1770029100306942208.000000 -0.444524169 0.349843204 0.002320536 -0.022504231 0.002465830 -0.251437038 0.967608929
1770029100340280320.000000 -0.442658693 0.354040504 -0.000791620 -0.023490321 0.002494226 -0.258657396 0.965680242
1770029100373609984.000000 -0.443316549 0.360197902 -0.001516608 -0.024511810 0.003292731 -0.265448689 0.963807762
1770029100506946304.000000 -0.436625719 0.391670376 -0.000029145 -0.026870700 0.004642060 -0.291503519 0.956180990
1770029100540284672.000000 -0.434255213 0.396984279 -0.001092776 -0.027593531 0.004992728 -0.296500206 0.954621077
1770029100573635840.000000 -0.432394028 0.403480679 0.000109713 -0.028066328 0.005527806 -0.302118361 0.952841163
1770029100606972160.000000 -0.430403292 0.408582091 -0.002503140 -0.028514385 0.006153261 -0.308263063 0.950853825
1770029100640311552.000000 -0.426920891 0.415755004 -0.005249526 -0.028489899 0.006897849 -0.312399566 0.949498415
1770029100673671936.000000 -0.423115432 0.421268970 -0.004296204 -0.028828014 0.007651417 -0.317156225 0.947904229
1770029100806958592.000000 -0.409613192 0.435630143 -0.007454104 -0.029911896 0.009520714 -0.331593007 0.942900181
1770029100840287744.000000 -0.405260891 0.437761426 -0.007645002 -0.030287156 0.009395058 -0.334889650 0.941723645
1770029100873621760.000000 -0.400992692 0.441345602 -0.010452018 -0.030521216 0.009336532 -0.337330908 0.940844953
1770029100906961664.000000 -0.397244513 0.443285733 -0.010211570 -0.031160079 0.009576430 -0.340003997 0.939858794
1770029100940287488.000000 -0.395182818 0.446774900 -0.010616928 -0.031557657 0.009613174 -0.342524409 0.938929617
1770029100973627648.000000 -0.390907526 0.448264927 -0.009131527 -0.031713959 0.009752908 -0.344383210 0.938242674
1770029101073640960.000000 -0.378494143 0.447597593 -0.015743986 -0.032131799 0.010582134 -0.348372102 0.936745763
1770029101106963712.000000 -0.375687510 0.445483744 -0.017004136 -0.032595269 0.010956569 -0.349006891 0.936489046
1770029101140278784.000000 -0.370032549 0.442203671 -0.018190531 -0.033010375 0.010563972 -0.349754512 0.936200023
1770029101173616640.000000 -0.367232054 0.445667565 -0.014076045 -0.032507978 0.011179742 -0.350504756 0.935929894
1770029101206947584.000000 -0.361836433 0.444606721 -0.016103163 -0.032037854 0.011247551 -0.349940479 0.936156392
1770029101240273920.000000 -0.357269794 0.442267597 -0.016459424 -0.032290518 0.011872726 -0.349435657 0.936328590
1770029101373634048.000000 -0.333982289 0.427972943 -0.018888317 -0.032308366 0.012442688 -0.344866395 0.938013136
1770029101406976768.000000 -0.325323075 0.423505217 -0.022932602 -0.031567778 0.012227394 -0.343393117 0.938581526
1770029101440280576.000000 -0.316795051 0.419593990 -0.019982114 -0.031263661 0.012079296 -0.341076434 0.939437926
1770029101473612032.000000 -0.313996643 0.413787305 -0.017090725 -0.031921964 0.013260568 -0.338794053 0.940225422
1770029101506973184.000000 -0.301770866 0.410662830 -0.009809513 -0.031024439 0.012605344 -0.334615827 0.941759467
1770029101540283648.000000 -0.296598226 0.404201418 -0.011029900 -0.030848179 0.013228863 -0.331835717 0.942739844
1770029101673630976.000000 -0.266160250 0.376181126 -0.015818853 -0.028970217 0.013280051 -0.312904775 0.949249744
1770029101706961920.000000 -0.257426351 0.370142788 -0.018689685 -0.027664626 0.013544235 -0.307255656 0.951128364
1770029101740290048.000000 -0.249902993 0.360494614 -0.018470570 -0.027600519 0.013652785 -0.300386995 0.953320324
1770029101773634048.000000 -0.243015766 0.352197289 -0.018894941 -0.026911678 0.014283248 -0.293801248 0.955380857
1770029101806954240.000000 -0.230985835 0.347596616 -0.016261499 -0.025079206 0.014256621 -0.285699844 0.957884908
1770029101840305920.000000 -0.222847074 0.335588604 -0.010300295 -0.024953781 0.014038751 -0.277739733 0.960229635
1770029102006959360.000000 -0.170949355 0.285979390 -0.007048629 -0.018391546 0.014610919 -0.224035710 0.974297881
1770029102040280576.000000 -0.161566883 0.277623743 -0.012408813 -0.016808327 0.014793895 -0.214418232 0.976485312
1770029102073615360.000000 -0.150220469 0.267329782 -0.007337348 -0.015436792 0.014695852 -0.204848275 0.978561699
1770029102106947072.000000 -0.141356945 0.258241951 -0.010454580 -0.013436683 0.014854132 -0.196559712 0.980287313
1770029102140278272.000000 -0.129918844 0.247449413 -0.011040875 -0.012780237 0.014762470 -0.186870515 0.982190490
1770029102240282880.000000 -0.100685216 0.216957539 -0.003713112 -0.008497853 0.015609059 -0.163674995 0.986354291
1770029102273610240.000000 -0.092979267 0.207360148 -0.006512638 -0.005967190 0.016489273 -0.159986809 0.986963391
1770029102306952960.000000 -0.081955761 0.199419767 -0.001869186 -0.002058372 0.016988698 -0.157638997 0.987348616
1770029102340272896.000000 -0.078055650 0.190882549 -0.008646197 0.000647761 0.018547755 -0.155721143 0.987626672
1770029102373617408.000000 -0.067020506 0.185034946 -0.002230287 0.004692660 0.019447794 -0.155830890 0.987581134
1770029102406943488.000000 -0.057586543 0.173546761 0.001338614 0.008154572 0.020719321 -0.154330820 0.987768352
1770029102540275456.000000 -0.031873491 0.135352939 -0.014311191 0.023014428 0.029722242 -0.151019379 0.987815797
1770029102573616640.000000 -0.025832839 0.126507893 -0.017302103 0.026903965 0.032443594 -0.150959551 0.987641037
1770029102606948096.000000 -0.016454212 0.120889924 -0.015588272 0.031152723 0.035324164 -0.150856212 0.987433076
1770029102640273664.000000 -0.010859911 0.110404700 -0.013940782 0.034332469 0.038416050 -0.150223419 0.987308681
1770029102673614080.000000 -0.005742390 0.101455212 -0.014001570 0.037877437 0.041929010 -0.149634331 0.987125576
1770029102706949888.000000 0.001316649 0.093638718 -0.007585942 0.041563991 0.045050055 -0.149103075 0.986920118
1770029102840282112.000000 0.022278668 0.055178754 -0.013255911 0.056177039 0.059944373 -0.148082674 0.985556901
1770029102873606656.000000 0.030140076 0.047127169 -0.004403310 0.058623973 0.064621083 -0.146770582 0.985315025
1770029102906944256.000000 0.036690976 0.043133944 0.000242129 0.061612181 0.070020460 -0.146276981 0.984837115
1770029102940308224.000000 0.045521010 0.027583167 -0.012263355 0.062972695 0.075102314 -0.144682705 0.984612167
1770029102973624832.000000 0.053036809 0.019143704 -0.009924054 0.065118566 0.080827720 -0.144449383 0.984053314
1770029103140320512.000000 0.091638632 -0.035207406 -0.011500455 0.070304550 0.108538434 -0.139937982 0.981679201
1770029103173625088.000000 0.105085284 -0.051527686 -0.012022444 0.070041902 0.113279581 -0.138935626 0.981304646
1770029103206967552.000000 0.115121752 -0.061608627 -0.005071903 0.070444651 0.119334273 -0.138003364 0.980689526
1770029103240318464.000000 0.121976249 -0.073863707 -0.005730050 0.069018394 0.124338463 -0.137560353 0.980231404
1770029103273624832.000000 0.135581180 -0.076775983 -0.005593123 0.069602802 0.128232360 -0.136996597 0.979767263
1770029103306973952.000000 0.145392537 -0.090402752 -0.002750741 0.067898564 0.132067785 -0.135940671 0.979524374
1770029103440290048.000000 0.177766308 -0.135526121 -0.005828653 0.055623118 0.138282493 -0.135001168 0.979570687
1770029103473625344.000000 0.193360806 -0.132829666 0.003713295 0.043617044 0.135846317 -0.135117024 0.980503321
1770029103506958080.000000 0.201401025 -0.130646959 0.010187688 0.030678311 0.132405534 -0.129213288 0.982258439
1770029103540290816.000000 0.210424528 -0.129100338 0.009085386 0.018182974 0.127294257 -0.121811002 0.984188855
1770029103573628160.000000 0.221903607 -0.129766941 0.013674523 0.008128826 0.121192455 -0.115926705 0.985802948
1770029103606960128.000000 0.236797914 -0.140365317 0.017235437 -0.002397312 0.113746881 -0.110902384 0.987297654
1770029103706958080.000000 0.270932645 -0.159584165 0.023868866 -0.022718139 0.095890567 -0.093741611 0.990707517
1770029103740297728.000000 0.278428614 -0.165932611 0.032290235 -0.029050509 0.092092037 -0.086838841 0.991531253
1770029103773644032.000000 0.288844883 -0.170515209 0.037688717 -0.034790736 0.087077923 -0.081767038 0.992230475
1770029103806963200.000000 0.305194318 -0.174756855 0.045992818 -0.039847687 0.082104757 -0.076049015 0.992918730
1770029103840302592.000000 0.314242452 -0.179608405 0.048863903 -0.044250213 0.078354143 -0.070526451 0.993442774
1770029103873633024.000000 0.315011770 -0.179448918 0.049389265 -0.047628120 0.076070696 -0.064534239 0.993871331
1770029103973637120.000000 0.347428858 -0.198582664 0.057461891 -0.056139726 0.065588407 -0.049109753 0.995055139
1770029104040304384.000000 0.365256786 -0.204336986 0.064204909 -0.058789674 0.060403693 -0.040343482 0.995624244
1770029104073623808.000000 0.374713451 -0.203527555 0.067189649 -0.058282718 0.058037672 -0.035577599 0.995976448
1770029104106961152.000000 0.385569215 -0.211673990 0.069499999 -0.059474796 0.055385027 -0.031500112 0.996194243
1770029104140292352.000000 0.393899173 -0.213069275 0.074392609 -0.059838369 0.053588450 -0.028917179 0.996349096
1770029104173628928.000000 0.397450686 -0.211650982 0.079288140 -0.058085579 0.052830797 -0.025061425 0.996597648
1770029104273624320.000000 0.412570953 -0.221272811 0.076410241 -0.055493083 0.048156191 -0.019120445 0.997113764
1770029104306966016.000000 0.418069303 -0.226462826 0.077642508 -0.053900018 0.047029205 -0.016456818 0.997302473
1770029104340295168.000000 0.425998539 -0.232167602 0.076512568 -0.052533705 0.045940224 -0.014064742 0.997462809
1770029104373624832.000000 0.431614757 -0.239037663 0.073174067 -0.050486587 0.044413742 -0.012081290 0.997663617
1770029104406968064.000000 0.433012754 -0.237782598 0.072738267 -0.048650801 0.043480705 -0.013067227 0.997783422
1770029104473625856.000000 0.439383477 -0.246166125 0.066616118 -0.043612685 0.042106148 -0.010635306 0.998104215
1770029104606957312.000000 0.471405536 -0.274234802 0.059081059 -0.033002958 0.037617203 -0.006405220 0.998726547
1770029104640336384.000000 0.473394543 -0.269057304 0.059573043 -0.028407874 0.037855051 -0.006504165 0.998858213
1770029104673623552.000000 0.473362803 -0.269336045 0.054305468 -0.025346970 0.037443034 -0.008007805 0.998945236
1770029104706955776.000000 0.484184265 -0.288718760 0.053275254 -0.024469819 0.035939954 -0.007123599 0.999028921
1770029104740289536.000000 0.485649407 -0.289916426 0.052617896 -0.021433730 0.036284313 -0.006804315 0.999088466
1770029104773639936.000000 0.490443915 -0.291451335 0.052974869 -0.018496636 0.035761911 -0.006425342 0.999168456
1770029104940289792.000000 0.509051085 -0.300840467 0.051652156 -0.007278748 0.034826919 -0.003879877 0.999359369
1770029104973638144.000000 0.517448425 -0.305821776 0.043136615 -0.005944482 0.033276331 -0.004045901 0.999420345
1770029105006957568.000000 0.523598671 -0.311071634 0.038207505 -0.004721513 0.032467976 -0.003575512 0.999455273
1770029105040292864.000000 0.529601216 -0.311052561 0.040439386 -0.003045077 0.032286543 -0.002737643 0.999470294
1770029105073636608.000000 0.536118448 -0.315698355 0.039790947 -0.001988679 0.031865861 -0.002316119 0.999487519
1770029105240296960.000000 0.559869945 -0.314799339 0.040288415 0.003632416 0.030203912 -0.000002839 0.999537230
1770029105273624576.000000 0.561535060 -0.311612487 0.037270349 0.004288897 0.029930161 0.000642737 0.999542594
1770029105306956032.000000 0.567280054 -0.309696436 0.036677763 0.004253447 0.028959021 0.000687562 0.999571383
1770029105340295168.000000 0.566622138 -0.304491013 0.035349105 0.004961878 0.028950231 0.000378869 0.999568522
1770029105373622272.000000 0.571641624 -0.301814079 0.036581114 0.006053867 0.028783645 0.000335956 0.999567270
1770029105406959872.000000 0.561562538 -0.291723430 0.030928772 0.008213939 0.030493163 -0.000442847 0.999501169
1770029105540288768.000000 0.573963940 -0.280667096 0.028450280 0.012621286 0.031233165 0.000143936 0.999432504
1770029105573628416.000000 0.570652068 -0.273678094 0.028753577 0.013906125 0.031963818 -0.000365832 0.999392271
1770029105673623296.000000 0.579870045 -0.258382142 0.026626052 0.015993280 0.032311700 -0.000020400 0.999349892
1770029105706956544.000000 0.580560267 -0.253338397 0.027504666 0.016597325 0.032744303 -0.000324482 0.999325931
1770029105740307712.000000 0.582118511 -0.245145068 0.028663749 0.017635239 0.032990918 -0.000357444 0.999300003
1770029105840297984.000000 0.587766707 -0.226660043 0.027736884 0.018617915 0.033293162 -0.000870338 0.999271870
1770029105873630976.000000 0.590509415 -0.220996276 0.024870491 0.019049760 0.033374757 -0.000372376 0.999261320
1770029105906961664.000000 0.592620432 -0.214752749 0.027280360 0.019189695 0.033742320 -0.000352951 0.999246240
1770029105940311296.000000 0.594089568 -0.206838220 0.025451791 0.019311352 0.033836756 -0.000492354 0.999240696
1770029105973646592.000000 0.595907629 -0.205013245 0.024681935 0.019033510 0.033761736 0.000396267 0.999248564
1770029106006964736.000000 0.599587977 -0.201349333 0.026456321 0.018814426 0.033782747 0.000632036 0.999251902
1770029106073630720.000000 0.603403091 -0.188871622 0.023142476 0.018217919 0.033367097 0.000615823 0.999276936
1770029106140305920.000000 0.604294658 -0.173659846 0.024610443 0.018070579 0.033959210 -0.000376477 0.999259830
1770029106173635584.000000 0.604046285 -0.165366217 0.023463499 0.017952425 0.034161031 -0.001139416 0.999254465
1770029106206972416.000000 0.606107950 -0.152570471 0.023442591 0.018538618 0.034288768 -0.001343744 0.999239147
1770029106240303616.000000 0.606143892 -0.139495552 0.023032462 0.019187553 0.034841757 -0.001946247 0.999206722
1770029106273645824.000000 0.606801927 -0.131155178 0.023808789 0.019264819 0.035088498 -0.001878065 0.999196768
1770029106306977536.000000 0.607676506 -0.124362610 0.023603790 0.018979006 0.035218742 -0.001441064 0.999198377
1770029106406969856.000000 0.612097263 -0.097044162 0.024162170 0.018776545 0.035371486 -0.001030371 0.999197304
1770029106440305152.000000 0.614914179 -0.089159004 0.026005805 0.018596139 0.035346147 -0.001089581 0.999201536
1770029106473719040.000000 0.608440995 -0.084791303 0.023974100 0.017859362 0.036076378 -0.000953572 0.999189019
1770029106506988544.000000 0.609506607 -0.069530658 0.027296586 0.018189302 0.036584467 -0.002116684 0.999162853
1770029106540304640.000000 0.613352478 -0.065868132 0.026871886 0.017475082 0.036155861 -0.000812773 0.999193072
1770029106573649920.000000 0.614699066 -0.046218928 0.025615940 0.018040985 0.035846129 -0.002011329 0.999192476
1770029106706977024.000000 0.616811156 -0.019195758 0.027551031 0.015965052 0.036343269 -0.001256491 0.999211133
1770029106740338944.000000 0.620332122 -0.011840690 0.029520532 0.015257536 0.036049627 -0.001039284 0.999233007
1770029106773641472.000000 0.621829629 -0.004693451 0.030119969 0.014559217 0.036076728 -0.000825765 0.999242604
1770029106806997248.000000 0.620412469 0.010192251 0.031246403 0.014788356 0.036227632 -0.002191240 0.999231756
1770029106840319744.000000 0.620129108 0.015820121 0.030929828 0.013963834 0.036334720 -0.001422222 0.999241173
1770029106873621248.000000 0.617379606 0.022826480 0.027270054 0.013353324 0.036597963 -0.001185293 0.999240160
1770029107006976000.000000 0.616252542 0.068461001 0.032422688 0.012635520 0.037338134 -0.002108155 0.999220610
1770029107040307200.000000 0.616181493 0.075116172 0.030868916 0.011857378 0.037298080 -0.002269825 0.999231279
1770029107106969088.000000 0.620085239 0.090072937 0.035394866 0.010755614 0.037240740 -0.001950789 0.999246538
1770029107173636608.000000 0.614463210 0.107018150 0.034518160 0.009706230 0.037257742 -0.002110463 0.999256372
1770029107206963712.000000 0.614392579 0.116529085 0.037730761 0.009117865 0.037272312 -0.002214787 0.999261141
1770029107340292352.000000 0.610135913 0.161167949 0.039645210 0.008559013 0.037681118 -0.003439305 0.999247313
1770029107373623296.000000 0.611478448 0.166786894 0.040435664 0.007827725 0.037449099 -0.003133013 0.999262989
1770029107406960384.000000 0.612869859 0.173927575 0.042020567 0.007333073 0.036902707 -0.002717891 0.999288321
1770029107440310016.000000 0.611192703 0.179423779 0.041281670 0.006296623 0.036755502 -0.003061609 0.999299824
1770029107473633280.000000 0.608753264 0.187407628 0.040640574 0.005800902 0.036869384 -0.003469411 0.999297321
1770029107506984704.000000 0.607513547 0.195943207 0.041502744 0.005576729 0.036681939 -0.003965859 0.999303579
1770029107606960384.000000 0.602568209 0.219459429 0.041898571 0.004000606 0.036753934 -0.003831073 0.999309063
1770029107640362496.000000 0.599741518 0.225857005 0.041924886 0.003224984 0.036799964 -0.004738335 0.999306262
1770029107673621760.000000 0.598096013 0.235409334 0.040318768 0.003129830 0.036505576 -0.004997025 0.999316096
1770029107707007488.000000 0.596626818 0.244350731 0.041848131 0.002862574 0.036253534 -0.004776257 0.999327123
1770029107740293120.000000 0.594489574 0.251349986 0.039625943 0.002436062 0.036101505 -0.005676324 0.999329090
1770029107773642752.000000 0.592333376 0.259457350 0.041535988 0.001796945 0.036289260 -0.005435579 0.999324918
1770029107873636608.000000 0.579878926 0.294802904 0.039544094 0.002584331 0.036251348 -0.006031486 0.999321163
1770029107906983936.000000 0.577604175 0.300258189 0.039218742 0.002053578 0.036257822 -0.006223734 0.999321043
1770029107940340736.000000 0.572148860 0.303945065 0.038422562 0.001228084 0.036429655 -0.006950069 0.999311328
1770029107973628160.000000 0.570677698 0.310860455 0.036893234 0.000565339 0.036171883 -0.007680598 0.999315917
1770029108006958592.000000 0.567003608 0.316276759 0.035314184 0.000172583 0.036037114 -0.008006630 0.999318361
1770029108040293120.000000 0.565615535 0.323889643 0.036914736 -0.000279592 0.035767779 -0.009114187 0.999318540
1770029108140288000.000000 0.552414298 0.343539357 0.033615198 -0.000626357 0.035725940 -0.009241923 0.999318719
1770029108206955520.000000 0.545827806 0.358024299 0.034999497 -0.000262793 0.035480298 -0.009861724 0.999321699
1770029108240372480.000000 0.543212712 0.361963898 0.033077132 -0.000620629 0.034981992 -0.009913851 0.999338627
1770029108273645824.000000 0.539394319 0.368021160 0.035694752 -0.000276910 0.034381386 -0.008913495 0.999369025
1770029108306955008.000000 0.537327290 0.370568335 0.037188165 -0.001247854 0.034376331 -0.009716208 0.999360979
1770029108340288512.000000 0.533773422 0.374769509 0.035575178 -0.001049430 0.034121919 -0.009841386 0.999368727
1770029108440317952.000000 0.522194207 0.386360765 0.030008815 -0.001224632 0.033225074 -0.009710371 0.999400020
1770029108506967552.000000 0.513084412 0.392330319 0.030208578 -0.001430421 0.032926906 -0.009898790 0.999407709
1770029108540327680.000000 0.510864794 0.395524591 0.028410606 -0.001451383 0.032404594 -0.009918596 0.999424577
1770029108606978304.000000 0.503134787 0.400989473 0.029482597 -0.001768398 0.032392852 -0.010107800 0.999422610
1770029108640292096.000000 0.497700751 0.402449965 0.028434953 -0.002409718 0.032391388 -0.010499529 0.999417245
1770029108673635584.000000 0.494793028 0.403542370 0.024896627 -0.002338131 0.031743240 -0.010390610 0.999439359
1770029108740298752.000000 0.487488568 0.405450493 0.025433622 -0.002381234 0.030624185 -0.009848191 0.999479651
1770029108806953984.000000 0.479471087 0.405922234 0.021116953 -0.002436658 0.029811194 -0.010046313 0.999502122
1770029108840292352.000000 0.473714650 0.407875210 0.023103505 -0.002011338 0.029858753 -0.010246987 0.999499619
1770029108906963200.000000 0.466794938 0.405886054 0.020819016 -0.002437766 0.029087478 -0.010093837 0.999522924
1770029108940291072.000000 0.459963262 0.403869510 0.021281293 -0.002801547 0.029297892 -0.010637975 0.999510229
1770029108973629952.000000 0.454311311 0.404809564 0.022929972 -0.001960603 0.029453931 -0.010410085 0.999510050
1770029109040289536.000000 0.446226090 0.399294853 0.019982794 -0.002211500 0.028571220 -0.010370183 0.999535561
1770029109106958080.000000 0.437152356 0.395464957 0.019746626 -0.001956952 0.027744517 -0.010056185 0.999562621
1770029109140313856.000000 0.431555957 0.391435832 0.021650054 -0.002534065 0.027763844 -0.011061968 0.999550164
1770029109206953728.000000 0.423561156 0.386489004 0.016267151 -0.001288413 0.026659394 -0.010196485 0.999591768
1770029109240288000.000000 0.409890860 0.386309683 0.030155543 -0.000719092 0.027673172 -0.010417335 0.999562562
1770029109273627648.000000 0.407420576 0.384390980 0.031797484 -0.000110535 0.027041411 -0.009862619 0.999585688
1770029109340293376.000000 0.396652967 0.374389052 0.028039133 0.000280905 0.026487634 -0.009301580 0.999605834
1770029109373622272.000000 0.389417410 0.372308671 0.027409131 0.000944008 0.026629033 -0.008712415 0.999606967
1770029109406958848.000000 0.384966791 0.363440573 0.026376510 0.000101798 0.025878876 -0.009097438 0.999623716
1770029109473621248.000000 0.377515405 0.356488854 0.024152184 0.001423770 0.025099922 -0.008574259 0.999647200
1770029109506953984.000000 0.372513354 0.350096345 0.024751835 0.001584825 0.024667405 -0.007698671 0.999664843
1770029109540302080.000000 0.367638290 0.346126348 0.023254419 0.002094172 0.024363907 -0.007739412 0.999671042
1770029109640296448.000000 0.345150501 0.325430214 0.023616452 0.003073392 0.024391981 -0.007017879 0.999673128
1770029109673639936.000000 0.343144447 0.322460324 0.024011882 0.004353830 0.023587164 -0.006721405 0.999689758
1770029109706960640.000000 0.338491023 0.317799568 0.023442468 0.005163986 0.023310704 -0.006567417 0.999693334
1770029109773636352.000000 0.324739575 0.301481694 0.022113096 0.005745707 0.022900306 -0.006329927 0.999701262
1770029109806955008.000000 0.317338914 0.292246789 0.024808994 0.005978824 0.023052428 -0.006504899 0.999695241
1770029109840292608.000000 0.312882751 0.285759181 0.024772428 0.006797266 0.022728590 -0.006305526 0.999698699
1770029109973651456.000000 0.281906933 0.255034238 0.024418984 0.009962343 0.022752555 -0.005295807 0.999677479
1770029110040308992.000000 0.271176636 0.235532433 0.020553429 0.011657832 0.021798771 -0.004646149 0.999683678
1770029110073643776.000000 0.262584746 0.230647355 0.023604792 0.012888334 0.022186330 -0.004541080 0.999660492
1770029110140304128.000000 0.247430056 0.209538057 0.021738799 0.014985673 0.021433445 -0.006377859 0.999637663
1770029110173648384.000000 0.243815988 0.204363286 0.021315286 0.017334908 0.020960025 -0.006814923 0.999606788
1770029110273651712.000000 0.223622456 0.180329517 0.011593260 0.025584539 0.019821947 -0.007948754 0.999444604
1770029110306988032.000000 0.215840325 0.174352199 0.009521971 0.028688749 0.019344745 -0.008598419 0.999364197
1770029110340303616.000000 0.211828321 0.164888203 0.006018751 0.031597592 0.018138144 -0.008410092 0.999300718
1770029110373655040.000000 0.204947591 0.154031843 0.005910866 0.034285810 0.017585281 -0.008136294 0.999224246
1770029110440304384.000000 0.193154648 0.144134372 0.000629454 0.041196615 0.015115374 -0.009104840 0.998995304
1770029110473655296.000000 0.189146623 0.137120038 -0.003425439 0.044531140 0.013311655 -0.008969888 0.998879075
1770029110573670912.000000 0.173597887 0.116338260 -0.000051134 0.053726848 0.008986009 -0.010762650 0.998457253
1770029110606990592.000000 0.168101653 0.110126235 0.001445815 0.056697533 0.007557185 -0.011985273 0.998290896
1770029110640315392.000000 0.165921241 0.104319841 -0.003064041 0.060292877 0.006153627 -0.011870930 0.998091221
1770029110673677824.000000 0.163295045 0.098475158 -0.006789581 0.064131834 0.004907210 -0.012339741 0.997853100
1770029110707010304.000000 0.159939051 0.091966055 -0.008895270 0.067602247 0.002731310 -0.013100249 0.997622609
1770029110773665280.000000 0.155971244 0.071855485 -0.014450612 0.072910480 -0.003983844 -0.011917306 0.997259378
1770029110840334592.000000 0.144949302 0.048349608 -0.019763835 0.077664927 -0.011127451 -0.013169704 0.996830463
1770029110940325376.000000 0.131919846 0.011178187 -0.026656231 0.085407995 -0.024644522 -0.014261225 0.995939136
1770029110973652480.000000 0.128306448 0.001754088 -0.029114528 0.088159211 -0.029554000 -0.014996230 0.995554984
1770029111006993920.000000 0.123152629 -0.012633265 -0.031355698 0.090687260 -0.034993272 -0.015335984 0.995146275
1770029111040312832.000000 0.115457930 -0.032426938 -0.042588361 0.092017539 -0.039929926 -0.015232400 0.994839847
1770029111073639424.000000 0.109787822 -0.045339141 -0.044678699 0.094360292 -0.045954231 -0.015754145 0.994352162
1770029111106968576.000000 0.097524561 -0.058926567 -0.022843823 0.096594259 -0.051688567 -0.015531491 0.993859470
1770029111206986240.000000 0.062484790 -0.102305390 -0.023181826 0.100279398 -0.065942675 -0.016309800 0.992637694
1770029111240303360.000000 0.057757054 -0.119343624 -0.024677915 0.099941276 -0.071011670 -0.014882530 0.992344499
1770029111273635072.000000 0.050899968 -0.132599905 -0.029980350 0.099735893 -0.074709848 -0.014188855 0.992103755
1770029111306969088.000000 0.042211883 -0.145219386 -0.027579149 0.099049710 -0.077692993 -0.013021810 0.991959393
1770029111340304640.000000 0.034011722 -0.162201345 -0.026691081 0.097640187 -0.079955243 -0.011307541 0.991940379
1770029111373640448.000000 0.030176645 -0.166347429 -0.022216227 0.096506819 -0.081545874 -0.008674953 0.991948307
1770029111506970112.000000 0.003481507 -0.183108345 -0.009091496 0.060920846 -0.075561225 -0.000877457 0.995278060
1770029111540303872.000000 -0.004942427 -0.188746244 -0.001836589 0.047054566 -0.071334556 -0.001149631 0.996341288
1770029111573641472.000000 -0.019811329 -0.203269541 -0.015108467 0.034526456 -0.067284733 -0.000176322 0.997136235
1770029111606978048.000000 -0.028874980 -0.207302690 -0.004328636 0.025312480 -0.064182661 -0.002117672 0.997614861
1770029111640317952.000000 -0.038885731 -0.208620071 -0.000221873 0.018562557 -0.061059084 -0.003197800 0.997956455
1770029111673634304.000000 -0.054391231 -0.212683335 0.015952675 0.010945275 -0.057580926 -0.004955322 0.998268545
1770029111840312832.000000 -0.093537949 -0.246008813 0.028337946 -0.018551197 -0.045006830 -0.004695123 0.998803377
1770029111906994688.000000 -0.112532340 -0.253539294 0.041154537 -0.025848685 -0.041139875 -0.007723150 0.998789132
1770029111940323072.000000 -0.144027650 -0.258396447 0.051213626 -0.028263720 -0.038382489 -0.010795174 0.998805046
1770029111973674752.000000 -0.157172725 -0.268371344 0.063148268 -0.031202773 -0.036008865 -0.011933004 0.998792946
1770029112006983680.000000 -0.135279581 -0.282448083 0.033535689 -0.033402406 -0.035331424 -0.010691187 0.998760104
1770029112140358400.000000 -0.174489185 -0.321973771 0.046601474 -0.038530536 -0.029481377 -0.008940989 0.998782396
1770029112173674752.000000 -0.181981310 -0.329786301 0.052761819 -0.038307022 -0.028281169 -0.008906495 0.998826027
1770029112206997504.000000 -0.189915910 -0.340624720 0.054819763 -0.038463816 -0.026933132 -0.008743683 0.998858690
1770029112240331776.000000 -0.195891216 -0.349677444 0.049884953 -0.037563842 -0.025534607 -0.008768740 0.998929501
1770029112273645568.000000 -0.199951053 -0.361350119 0.043825243 -0.036878653 -0.024635382 -0.008405789 0.998980761
1770029112306992640.000000 -0.204133898 -0.366939813 0.054122642 -0.035631821 -0.023879556 -0.007294662 0.999053001
1770029112440344064.000000 -0.232077077 -0.403248638 0.041231565 -0.028223006 -0.018727588 -0.007909377 0.999394953
1770029112473645568.000000 -0.231671363 -0.406345993 0.037598517 -0.025334788 -0.018180361 -0.008910168 0.999474049
1770029112506996224.000000 -0.244935706 -0.413966417 0.036892403 -0.022701899 -0.016649287 -0.008978454 0.999563336
1770029112540305664.000000 -0.240939230 -0.421874255 0.025861755 -0.020349128 -0.016163448 -0.008896556 0.999622703
1770029112573657344.000000 -0.245294765 -0.426112950 0.027436309 -0.018145626 -0.015425913 -0.008403469 0.999681056
1770029112606982144.000000 -0.254899621 -0.429125041 0.040311258 -0.016020445 -0.014431580 -0.007616694 0.999738574
1770029112706996224.000000 -0.274346083 -0.443829864 0.036141876 -0.010970444 -0.012096530 -0.007721864 0.999836922
1770029112740307456.000000 -0.275822133 -0.448203623 0.027631884 -0.009734991 -0.011848335 -0.007678130 0.999852955
1770029112773673216.000000 -0.281708390 -0.449139267 0.035913266 -0.008069327 -0.011274179 -0.007232767 0.999877751
1770029112806984704.000000 -0.284537315 -0.450532436 0.037652109 -0.006647385 -0.010998868 -0.007053670 0.999892592
1770029112840330240.000000 -0.289546490 -0.456563175 0.023781270 -0.005790810 -0.009710748 -0.007047650 0.999911249
1770029112873659904.000000 -0.293482423 -0.455020756 0.025298674 -0.004601462 -0.009460309 -0.006975197 0.999920368
1770029112973685248.000000 -0.307965159 -0.458267272 0.021335671 -0.003947207 -0.007425871 -0.007116366 0.999939382
1770029113007000832.000000 -0.315195739 -0.457754016 0.019999852 -0.003241333 -0.006724922 -0.006984649 0.999947727
1770029113040328448.000000 -0.322376311 -0.463605016 0.010578394 -0.002427725 -0.005985137 -0.007339448 0.999952197
1770029113073659392.000000 -0.323623031 -0.456581384 0.014530265 -0.000250092 -0.006133965 -0.007202785 0.999955297
1770029113107004160.000000 -0.328349084 -0.459695071 0.010826432 0.000744418 -0.005750382 -0.007013073 0.999958634
1770029113140329472.000000 -0.335752845 -0.460919559 0.006541669 0.001630372 -0.005464403 -0.006823482 0.999960482
1770029113240314880.000000 -0.351426005 -0.451455951 0.001454781 0.004251814 -0.004269488 -0.007701948 0.999952197
1770029113306975232.000000 -0.356705040 -0.442775905 0.003219227 0.006039672 -0.004002151 -0.007222417 0.999947667
1770029113340299520.000000 -0.362733990 -0.437978864 0.000655841 0.006874569 -0.003906533 -0.007513986 0.999940574
1770029113373632768.000000 -0.366472125 -0.431688011 -0.004189973 0.007803973 -0.003800450 -0.007722795 0.999932528
1770029113406983168.000000 -0.368473530 -0.430394530 -0.002680182 0.008092239 -0.003599351 -0.007355437 0.999933779
1770029113440314112.000000 -0.372947156 -0.430290937 -0.002446603 0.008184799 -0.003132744 -0.006965924 0.999937356
1770029113540307200.000000 -0.384601384 -0.402068257 -0.002441513 0.010005208 -0.002847565 -0.007770860 0.999915779
1770029113573641216.000000 -0.387413532 -0.392516553 -0.003034032 0.010685433 -0.002763595 -0.007724288 0.999909282
1770029113606975232.000000 -0.389325589 -0.385488749 -0.004018459 0.010935878 -0.002989347 -0.008030565 0.999903560
1770029113640325376.000000 -0.396395594 -0.379288673 -0.010935582 0.011095296 -0.002481042 -0.009111617 0.999893904
1770029113673644800.000000 -0.395429790 -0.372479945 -0.004782304 0.011096276 -0.002464789 -0.007954354 0.999903798
1770029113706969600.000000 -0.398520052 -0.369572401 -0.005684675 0.010936716 -0.002729155 -0.008308820 0.999902010
1770029113873634048.000000 -0.410137713 -0.318978548 -0.011921797 0.012078153 -0.002609072 -0.008060275 0.999891222
1770029113940325376.000000 -0.414565504 -0.295604765 -0.008830771 0.012658860 -0.002379423 -0.008114220 0.999884188
1770029113973654272.000000 -0.418234766 -0.288867980 -0.011046090 0.012351993 -0.002282660 -0.008471964 0.999885261
1770029114006980352.000000 -0.420773774 -0.275099635 -0.007890008 0.012656005 -0.002299715 -0.009255038 0.999874473
1770029114040310784.000000 -0.420239478 -0.267443329 -0.003009643 0.012209282 -0.002810094 -0.008446082 0.999885857
1770029114173644800.000000 -0.423138946 -0.228413120 -0.001367451 0.011322426 -0.002892648 -0.007200397 0.999905825
1770029114206973952.000000 -0.423511863 -0.217724547 0.000102069 0.010858436 -0.003057366 -0.006825684 0.999913156
1770029114240316416.000000 -0.424411029 -0.205158085 0.001714000 0.010904287 -0.003471978 -0.007378643 0.999907374
1770029114273642752.000000 -0.429068327 -0.190574691 -0.000622136 0.010819997 -0.002988810 -0.008775457 0.999898493
1770029114306985728.000000 -0.430522561 -0.178767860 0.001441621 0.010939062 -0.003044916 -0.008804225 0.999896824
1770029114340301568.000000 -0.432469726 -0.165312499 -0.000382189 0.010873803 -0.003066014 -0.009475003 0.999891341
1770029114473637376.000000 -0.431835473 -0.120685324 0.002846642 0.009064047 -0.003228271 -0.008627933 0.999916553
1770029114507010816.000000 -0.433918089 -0.107638240 0.001512978 0.008835508 -0.003132583 -0.008711339 0.999918163
1770029114540302592.000000 -0.434928834 -0.094577298 0.001895974 0.009092841 -0.003156510 -0.008860237 0.999914467
1770029114573641216.000000 -0.432824254 -0.085472561 0.003077089 0.008257817 -0.003307279 -0.008458789 0.999924660
1770029114606970112.000000 -0.433556497 -0.071516983 0.003510077 0.008172440 -0.003313026 -0.008710354 0.999923229
1770029114640315648.000000 -0.432375401 -0.060330510 0.001118604 0.007652902 -0.003795824 -0.008206690 0.999929845
1770029114773645056.000000 -0.428982079 -0.024643984 0.000570195 0.004600546 -0.004370268 -0.005686637 0.999963701
1770029114806989312.000000 -0.428766817 -0.011754267 -0.002320757 0.004290704 -0.004316960 -0.005245682 0.999967754
1770029114840331264.000000 -0.427816749 0.001039519 -0.002321069 0.003724444 -0.004092876 -0.005408589 0.999970078
1770029114873650944.000000 -0.427921176 0.015250871 -0.001389694 0.003496707 -0.004100695 -0.007032001 0.999960780
1770029114940325376.000000 -0.428555399 0.041550972 -0.004668144 0.003323731 -0.004170361 -0.007866215 0.999954879
1770029115073662464.000000 -0.424469471 0.093745872 -0.001395510 0.002893333 -0.003465416 -0.008589053 0.999952972
1770029115107002624.000000 -0.424806654 0.094747171 -0.006744461 0.000866843 -0.003391242 -0.007962137 0.999962211
1770029115140328192.000000 -0.422087461 0.104095839 -0.005810303 -0.000304216 -0.003615191 -0.010151168 0.999941945
1770029115173688576.000000 -0.423027128 0.118427992 -0.005327059 -0.000741573 -0.003158099 -0.023746602 0.999712765
1770029115207003136.000000 -0.422213733 0.128474742 -0.000028468 -0.002600377 -0.003973697 -0.034638919 0.999388635
1770029115240346624.000000 -0.428443789 0.147617757 0.005992201 -0.002428123 -0.003065191 -0.049185541 0.998781979
1770029115340311296.000000 -0.433156610 0.181037769 0.004732869 -0.006135448 -0.002615414 -0.084385581 0.996410906
1770029115373638400.000000 -0.438244849 0.195129111 0.002847326 -0.006903226 -0.001859864 -0.097689353 0.995191336
1770029115406967296.000000 -0.440329015 0.207232848 0.004217979 -0.008285997 -0.001392103 -0.109708816 0.993928254
1770029115440301056.000000 -0.441941470 0.218617842 0.009954279 -0.009081525 -0.001329697 -0.121280402 0.992575824
1770029115473653248.000000 -0.441946179 0.223805934 0.004795408 -0.010971732 -0.001455751 -0.131620750 0.991238356
1770029115506978816.000000 -0.441653103 0.229756206 0.004248735 -0.013292556 -0.001853466 -0.141357720 0.989867687
1770029115640328448.000000 -0.447153121 0.280466735 0.011856833 -0.015254665 -0.001544829 -0.184479415 0.982716799
1770029115673635840.000000 -0.447624505 0.290526509 0.010169707 -0.016624236 -0.001455184 -0.194014743 0.980856657
1770029115706985984.000000 -0.446349233 0.300892740 0.012313722 -0.017155519 -0.001205449 -0.203958705 0.978828430
1770029115740317440.000000 -0.445067227 0.312031776 0.009624753 -0.017973559 -0.000459732 -0.213460654 0.976786196
1770029115773635328.000000 -0.445674032 0.320926756 0.009168564 -0.018861381 0.000580460 -0.222114190 0.974838078
1770029115806971392.000000 -0.443801820 0.330218136 0.010555266 -0.019581774 0.001241826 -0.230386600 0.972901344
1770029115973637376.000000 -0.439252853 0.368216962 -0.003105765 -0.023612116 0.002984835 -0.268207639 0.963067114
1770029116006964480.000000 -0.439247847 0.375115931 -0.000267931 -0.024426378 0.003533803 -0.275437444 0.961002111
1770029116040313344.000000 -0.439690322 0.378087938 -0.003274679 -0.025727917 0.003965543 -0.281416506 0.959232569
1770029116073632512.000000 -0.438936293 0.383328527 -0.002726328 -0.026682373 0.004532034 -0.287397087 0.957429111
1770029116106967552.000000 -0.435062319 0.386702538 -0.001466178 -0.027776228 0.004482355 -0.292095840 0.955975115
1770029116140299776.000000 -0.433548361 0.400367647 -0.000958268 -0.027285241 0.005186976 -0.299755156 0.953611851
1770029116273643008.000000 -0.424930930 0.422922850 -0.006637316 -0.028819934 0.008416020 -0.319525838 0.947101891
1770029116306977536.000000 -0.419265926 0.427441210 -0.006600127 -0.028711144 0.008753137 -0.323243141 0.945839882
1770029116340305920.000000 -0.417945117 0.429656506 -0.005607760 -0.029750071 0.009680080 -0.327452511 0.944349587
1770029116406973184.000000 -0.410994351 0.437474847 -0.006562081 -0.030195549 0.009589182 -0.334708363 0.941789031
1770029116440305408.000000 -0.406315625 0.439157277 -0.008808709 -0.030431734 0.009813992 -0.336068422 0.941294670
1770029116573657088.000000 -0.393180966 0.444249451 -0.011380969 -0.032134678 0.010201466 -0.344428211 0.938207150
1770029116606967296.000000 -0.388950646 0.446957767 -0.011540843 -0.032017782 0.010484450 -0.346361309 0.937496066
1770029116673640448.000000 -0.380616069 0.446883321 -0.015684931 -0.032307182 0.011190860 -0.348990947 0.936502218
1770029116706996480.000000 -0.377006054 0.444506496 -0.016221728 -0.032785367 0.011218793 -0.349104404 0.936442971
1770029116740304896.000000 -0.369261205 0.444577008 -0.015940424 -0.032812618 0.010629052 -0.349596173 0.936265409
1770029116840315648.000000 -0.354770273 0.438934058 -0.017462309 -0.032844115 0.011487842 -0.349066764 0.936451674
1770029116873641472.000000 -0.350181073 0.437656730 -0.020459667 -0.032330886 0.011803950 -0.348894358 0.936529875
1770029116906965760.000000 -0.346365809 0.436914861 -0.020456320 -0.031920630 0.012577590 -0.348418236 0.936711073
1770029116940307712.000000 -0.339389324 0.430133641 -0.027556207 -0.032242566 0.012667161 -0.347902119 0.936890662
1770029116973653760.000000 -0.331081420 0.427287966 -0.025621662 -0.031761788 0.012837655 -0.345857471 0.937661469
1770029117006971392.000000 -0.325449556 0.421770990 -0.023290195 -0.031903718 0.012575783 -0.342786640 0.938787222
1770029117073652224.000000 -0.309051454 0.413545132 -0.011305120 -0.031653643 0.012796438 -0.337314546 0.940772712
1770029117140311040.000000 -0.295476019 0.401274532 -0.012894510 -0.030966951 0.013031203 -0.330113977 0.943343043
1770029117173651968.000000 -0.286928117 0.394604594 -0.013715561 -0.030409712 0.013131400 -0.326147258 0.944738507
1770029117206970368.000000 -0.279534519 0.387081593 -0.015206492 -0.030262718 0.013187733 -0.321782112 0.946238160
1770029117240301568.000000 -0.269827187 0.382493317 -0.010066420 -0.029174045 0.013342841 -0.316407889 0.948080659
1770029117273633024.000000 -0.261484951 0.372974694 -0.011344684 -0.028972993 0.012979471 -0.311017245 0.949873924
1770029117340299520.000000 -0.245893240 0.358678818 -0.013085759 -0.027316786 0.013763731 -0.298221588 0.954006493
1770029117407004928.000000 -0.229262710 0.344506055 -0.012610002 -0.024935341 0.014462827 -0.283157408 0.958640158
1770029117440334848.000000 -0.219464779 0.336727291 -0.012183239 -0.023702553 0.014537278 -0.275093853 0.961015284
1770029117473698304.000000 -0.208459362 0.324860454 -0.013369475 -0.022741083 0.013848982 -0.265434831 0.963761091
1770029117507034880.000000 -0.198189899 0.317161232 -0.011787853 -0.021096464 0.014331138 -0.255237132 0.966542125
1770029117540355072.000000 -0.187937185 0.301855028 -0.010950105 -0.020481901 0.014416933 -0.243521526 0.969572067
1770029117607020800.000000 -0.169001222 0.286352366 -0.015443409 -0.017607268 0.014877489 -0.221084043 0.974982321
1770029117673691648.000000 -0.147126466 0.264495611 -0.011354361 -0.014779710 0.014874671 -0.200946629 0.979377747
1770029117707014912.000000 -0.141256094 0.253352851 -0.009066226 -0.013956192 0.015317607 -0.192928761 0.980993986
1770029117773686272.000000 -0.118512243 0.238289297 -0.003180071 -0.010083709 0.015922073 -0.176494747 0.984121144
1770029117807000320.000000 -0.109165169 0.228642285 -0.004641919 -0.008315007 0.016012562 -0.168457568 0.985543787
1770029117840337152.000000 -0.099401839 0.216100752 -0.008592520 -0.006890083 0.016027914 -0.162745252 0.986513913
1770029117907010816.000000 -0.082711250 0.196285218 -0.008223094 -0.001216295 0.017753245 -0.156376094 0.987537265
1770029117973689088.000000 -0.065772608 0.177394137 -0.009824102 0.004940257 0.020015949 -0.154421002 0.987790048
1770029118007073536.000000 -0.058454715 0.167214766 -0.006533858 0.008719468 0.021562200 -0.153433815 0.987885237
1770029118073673728.000000 -0.044617139 0.148457170 -0.012513764 0.016498892 0.025571525 -0.152681276 0.987806857
1770029118107018240.000000 -0.039408442 0.145025283 -0.009370422 0.020757923 0.028340820 -0.152626723 0.987659395
1770029118140362240.000000 -0.030118123 0.133673608 -0.007562437 0.024519229 0.030660057 -0.151917413 0.987613261
1770029118207009536.000000 -0.015509573 0.114084937 -0.014085663 0.031853020 0.036455113 -0.150333539 0.987449348
1770029118240347136.000000 -0.008926914 0.104533471 -0.013867144 0.035122611 0.039592955 -0.149007082 0.987418771
1770029118273676544.000000 -0.000851759 0.093582995 -0.015459290 0.038415834 0.042509235 -0.148465708 0.987256408
1770029118340334080.000000 0.011285759 0.074152045 -0.016149273 0.046447869 0.048467364 -0.147453368 0.986788273
1770029118373671424.000000 0.017480046 0.068893343 -0.017466651 0.050652064 0.052010965 -0.147528201 0.986389756
1770029118407002624.000000 0.022827307 0.060600847 -0.014953745 0.054353602 0.056475960 -0.147132769 0.986006200
1770029118506998528.000000 0.040968459 0.028248714 -0.016300580 0.061370570 0.071308725 -0.145894557 0.984816492
1770029118540340992.000000 0.046361051 0.023199698 -0.012539125 0.064409129 0.077594765 -0.145224288 0.984246194
1770029118573678592.000000 0.054593865 0.015490797 -0.009766667 0.066276446 0.083174169 -0.144223049 0.983813584
1770029118640339968.000000 0.073581420 -0.006560181 -0.007833840 0.069086090 0.093972974 -0.142301470 0.982927561
1770029118673670656.000000 0.078038014 -0.017661404 -0.009666985 0.069507658 0.099615112 -0.141306326 0.982485652
1770029118707004672.000000 0.086959310 -0.025943961 -0.004035731 0.070881903 0.105618961 -0.140570939 0.981865704
1770029118807002112.000000 0.107289642 -0.063638292 -0.010873681 0.069923885 0.121678397 -0.137323707 0.980534196
1770029118840335360.000000 0.123459324 -0.073960558 -0.011963438 0.069809355 0.125858516 -0.136733577 0.980097055
1770029118873667584.000000 0.136014581 -0.086750016 -0.002632425 0.068071380 0.129729584 -0.136655837 0.979725361
1770029118940332288.000000 0.157451004 -0.106956989 -0.003861969 0.065033868 0.135761589 -0.135705337 0.979246378
1770029118973671680.000000 0.165739506 -0.126846433 -0.004132951 0.061300062 0.138265952 -0.136132374 0.979077578
1770029119007001344.000000 0.174886718 -0.135181844 -0.002955055 0.060058594 0.139138922 -0.136311740 0.979005873
1770029119073667328.000000 0.193055391 -0.126525491 0.002712149 0.040032726 0.135063410 -0.134502903 0.980848730
1770029119140335360.000000 0.210838184 -0.125797212 0.007689146 0.014950511 0.125260442 -0.121721730 0.984515190
1770029119173675264.000000 0.227699265 -0.133200079 0.019331584 0.003993269 0.118478008 -0.112795442 0.986521304
1770029119240331776.000000 0.250693947 -0.145848647 0.021745078 -0.011691425 0.105411902 -0.101696566 0.989145815
1770029119273670144.000000 0.258058041 -0.150667891 0.031166606 -0.018109350 0.100675985 -0.096954025 0.990018368
1770029119306998016.000000 0.267803967 -0.161260262 0.034934927 -0.025608044 0.095281363 -0.093236469 0.990743458
1770029119373677056.000000 0.284643501 -0.160253838 0.046160139 -0.034672309 0.087254129 -0.080408670 0.992330074
1770029119440334848.000000 0.297085792 -0.164072111 0.057096533 -0.043214593 0.080829993 -0.068552583 0.993428171
1770029119473667328.000000 0.304886729 -0.165442318 0.062041644 -0.046201348 0.077428706 -0.063071638 0.993927658
1770029119540381440.000000 0.331786931 -0.182070017 0.059704557 -0.052345198 0.069217101 -0.051889054 0.994875133
1770029119573678336.000000 0.347764164 -0.188668266 0.060748581 -0.055124257 0.065254688 -0.046818372 0.995244324
1770029119607020544.000000 0.354365289 -0.191359505 0.066459782 -0.056075726 0.063207060 -0.042496838 0.995517194
1770029119707007232.000000 0.379341990 -0.206786335 0.070092484 -0.058287024 0.056037217 -0.029845204 0.996278942
1770029119773687808.000000 0.401223838 -0.219514936 0.074554607 -0.058802769 0.051474858 -0.023959951 0.996653676
1770029119840335360.000000 0.409352183 -0.224092156 0.078058951 -0.055984031 0.049766090 -0.018501388 0.997018993
1770029119907020800.000000 0.418980956 -0.234996200 0.074184686 -0.053503230 0.046951052 -0.014479319 0.997358263
1770029119940333312.000000 0.414388597 -0.238737315 0.068274118 -0.052204471 0.046816349 -0.013599051 0.997445762
1770029120040337664.000000 0.431439877 -0.245865151 0.070253149 -0.045483630 0.043255158 -0.010861296 0.997969091
1770029120073664000.000000 0.436375797 -0.247763693 0.071732871 -0.042460300 0.042855367 -0.009567498 0.998132765
1770029120107009536.000000 0.441183239 -0.250226557 0.071417317 -0.038824543 0.041927904 -0.008132689 0.998332918
1770029120140341760.000000 0.442445874 -0.251771957 0.069966696 -0.035456542 0.041643519 -0.007780713 0.998472929
1770029120173670400.000000 0.455956280 -0.263460457 0.069655895 -0.033118401 0.040175337 -0.006059617 0.998625278
1770029120240329472.000000 0.458175331 -0.266127318 0.066495918 -0.026304394 0.040452421 -0.006777470 0.998812199
1770029120306996736.000000 0.484079331 -0.287314713 0.049804028 -0.022710092 0.035572618 -0.006924384 0.999085069
1770029120373668096.000000 0.486979544 -0.293930680 0.052565031 -0.017979443 0.036366217 -0.006230798 0.999157369
1770029120406999552.000000 0.490065098 -0.294955730 0.053252656 -0.015547537 0.036046118 -0.006120102 0.999210477
1770029120440333824.000000 0.491863042 -0.296101421 0.054521032 -0.013068304 0.036302343 -0.005580619 0.999239862
1770029120473665024.000000 0.497017056 -0.294320703 0.053735595 -0.010390308 0.035953455 -0.005530360 0.999284148
1770029120506998272.000000 0.495284170 -0.295900613 0.048782468 -0.008201038 0.036077898 -0.005883383 0.999298036
1770029120573666560.000000 0.493371367 -0.298326820 0.043551214 -0.004561832 0.036253572 -0.005280303 0.999318302
1770029120640337920.000000 0.497188300 -0.295182526 0.043656956 -0.000729822 0.036551993 -0.005650152 0.999315560
1770029120673675264.000000 0.497694016 -0.296236753 0.041225884 0.000725634 0.036417004 -0.005200297 0.999322951
1770029120740355072.000000 0.528654695 -0.313996255 0.036836792 0.001710800 0.033396211 -0.001464862 0.999439657
1770029120773671168.000000 0.528905392 -0.311093330 0.035240669 0.002927886 0.033642441 -0.001601732 0.999428451
1770029120807000832.000000 0.530957162 -0.309740722 0.034801789 0.003565978 0.033378083 -0.001895762 0.999434650
1770029120873669888.000000 0.531750083 -0.304977536 0.034844715 0.004350829 0.033357151 -0.002018115 0.999432027
1770029120940330496.000000 0.538348198 -0.300539106 0.030227697 0.005437780 0.032100581 -0.001466123 0.999468803
1770029120973670400.000000 0.545929432 -0.302573293 0.033512414 0.006159944 0.031928428 -0.000904177 0.999470770
1770029121040350720.000000 0.548571944 -0.303571016 0.033746891 0.007977842 0.033199552 -0.000911521 0.999416530
1770029121073668864.000000 0.554829478 -0.297327936 0.032606497 0.009548265 0.032928716 -0.000744090 0.999411821
1770029121107012864.000000 0.566341877 -0.296798676 0.029804120 0.010360247 0.032059066 0.000161123 0.999432325
1770029121173665536.000000 0.584532976 -0.293534935 0.019504679 0.011443613 0.030320989 0.000972298 0.999474227
1770029121240339200.000000 0.593331099 -0.278898984 0.019488279 0.013174411 0.030356761 0.000704662 0.999452114
1770029121273674752.000000 0.594015419 -0.273573875 0.020001307 0.013899528 0.030911844 0.000569410 0.999425292
1770029121307015936.000000 0.599147737 -0.267010897 0.020709386 0.014956881 0.030487861 0.000652731 0.999423027
1770029121340339968.000000 0.602631271 -0.258661419 0.017680686 0.015809549 0.030380689 0.000625834 0.999413192
1770029121373675008.000000 0.605758548 -0.252417684 0.016746752 0.016232384 0.030402200 0.001342829 0.999405086
1770029121473669120.000000 0.588382244 -0.219370708 0.020870531 0.018903473 0.033435024 -0.000294617 0.999262094
1770029121507005184.000000 0.592321813 -0.213089988 0.020760871 0.018866314 0.033339497 -0.000745079 0.999265790
1770029121540337152.000000 0.610088587 -0.221363008 0.018565824 0.017202195 0.032067887 0.000127211 0.999337673
1770029121606999040.000000 0.599529982 -0.189168036 0.021923453 0.019755943 0.033370558 -0.001380861 0.999246836
1770029121640333824.000000 0.602922440 -0.183268920 0.022885118 0.019168939 0.033268496 -0.001048186 0.999262094
1770029121673698048.000000 0.606239796 -0.167926759 0.020855781 0.020550992 0.032944996 -0.001906214 0.999244094
1770029121773673728.000000 0.605330467 -0.144636154 0.017826285 0.020478576 0.034129497 -0.002015259 0.999205589
1770029121807011072.000000 0.605533361 -0.134647667 0.017844787 0.020636240 0.034198329 -0.002797233 0.999198079
1770029121907054080.000000 0.615152538 -0.127144873 0.019706784 0.018465519 0.034478635 -0.000078851 0.999234855
1770029121940338176.000000 0.620496333 -0.116391636 0.022735571 0.018656028 0.034211006 -0.000118050 0.999240518
1770029121973667840.000000 0.614866793 -0.106309071 0.022253623 0.018643277 0.034787323 -0.001261805 0.999220133
1770029122073666048.000000 0.616962790 -0.072886392 0.028855907 0.018714795 0.035188515 -0.000970766 0.999204993
1770029122107024384.000000 0.617346585 -0.068261541 0.028209809 0.017652417 0.035510544 -0.001006672 0.999212921
1770029122140354560.000000 0.618480086 -0.063274965 0.029128712 0.016710417 0.035298493 -0.001206287 0.999236405
1770029122173680640.000000 0.617881417 -0.059859782 0.027408963 0.015606466 0.035389259 -0.001064032 0.999251246
1770029122240342016.000000 0.623295426 -0.048867431 0.029835122 0.014687143 0.035211049 0.001331188 0.999271154
1770029122273670656.000000 0.620526969 -0.036580294 0.027589088 0.014826232 0.035565462 -0.000222637 0.999257326
1770029122307003392.000000 0.620885909 -0.026403325 0.026842253 0.014374838 0.035757855 -0.000657206 0.999256909
1770029122373663232.000000 0.617748559 -0.000872874 0.026505042 0.014402307 0.036128815 -0.001381657 0.999242425
1770029122406997504.000000 0.615944207 0.019529570 0.030809507 0.015651302 0.036804721 -0.001988284 0.999197960
1770029122440340736.000000 0.615713835 0.024875391 0.030483006 0.014390870 0.036828950 -0.002119154 0.999215782
1770029122540329728.000000 0.615002036 0.045154702 0.031675320 0.012451593 0.037204105 -0.001715925 0.999228656
1770029122573674752.000000 0.614690483 0.054807398 0.032746464 0.012051551 0.037292399 -0.001761956 0.999230206
1770029122607004672.000000 0.616767347 0.058794100 0.033494931 0.010957036 0.037014000 -0.001154657 0.999254048
1770029122707002368.000000 0.618250310 0.078853764 0.036694124 0.009022504 0.037142787 -0.000378287 0.999269187
1770029122740329728.000000 0.617666662 0.099144779 0.038225017 0.009613871 0.037097525 -0.002028364 0.999263346
1770029122773678080.000000 0.616666794 0.106101923 0.037710693 0.008808718 0.037087854 -0.002459073 0.999270201
1770029122873664256.000000 0.610222220 0.127475679 0.037902478 0.007086055 0.037916318 -0.001674417 0.999254465
1770029122940328704.000000 0.611836076 0.155046523 0.039281081 0.007033616 0.037083387 -0.003665658 0.999280691
1770029123006996736.000000 0.608576715 0.177621752 0.043132488 0.006540450 0.037147120 -0.004214663 0.999279499
1770029123073673984.000000 0.602545381 0.202215955 0.039805066 0.007030184 0.037461087 -0.004438241 0.999263525
1770029123107005952.000000 0.603307724 0.209570199 0.041074075 0.006308143 0.037251592 -0.004944212 0.999273837
1770029123173676288.000000 0.601217926 0.220128402 0.039497986 0.004889038 0.036891297 -0.004038950 0.999299169
1770029123240337152.000000 0.595787048 0.232429788 0.036113266 0.003386341 0.036702719 -0.005061721 0.999307692
1770029123273686528.000000 0.591172814 0.247882605 0.038083352 0.004294833 0.036690671 -0.005276736 0.999303520
1770029123306999296.000000 0.591794133 0.250170827 0.036192261 0.002976893 0.036457922 -0.005902506 0.999313354
1770029123340335616.000000 0.589040339 0.260099858 0.034598693 0.002990176 0.036518618 -0.006095539 0.999309957
1770029123373671424.000000 0.585403323 0.267709464 0.034745593 0.002741933 0.036943845 -0.006309603 0.999293685
1770029123440328704.000000 0.580625594 0.283660352 0.035158668 0.002229543 0.036487043 -0.006495160 0.999310553
1770029123507001088.000000 0.575165749 0.297458023 0.034137461 0.001393500 0.036283344 -0.007389243 0.999313235
1770029123540331008.000000 0.570749700 0.310446352 0.035888880 0.001980478 0.036212046 -0.006601310 0.999320388
1770029123573678592.000000 0.568009257 0.315274715 0.035662975 0.001569474 0.036094297 -0.006446442 0.999326348
1770029123607004416.000000 0.568175375 0.308886707 0.036198866 -0.001752747 0.035540961 -0.006687773 0.999344349
1770029123640330240.000000 0.563116550 0.326241493 0.033017360 0.000804668 0.035658117 -0.007540321 0.999335289
1770029123706999040.000000 0.555772960 0.338674694 0.032832593 0.000503208 0.035551064 -0.007094862 0.999342561
1770029123773710592.000000 0.548870802 0.352792591 0.033129405 0.000589262 0.035001434 -0.007535072 0.999358714
1770029123807008512.000000 0.542980433 0.362418234 0.034797482 0.001341622 0.035231460 -0.007242203 0.999352038
1770029123840336384.000000 0.542436421 0.361096889 0.031170335 -0.000496363 0.034273934 -0.008265962 0.999378264
1770029123873682944.000000 0.537832856 0.370676309 0.035131399 0.000475397 0.034259737 -0.007561652 0.999384284
1770029123940336128.000000 0.529797435 0.379439443 0.035373341 0.000379539 0.034204386 -0.007969728 0.999383092
1770029123973691648.000000 0.527168512 0.380784482 0.030480819 -0.000566786 0.033355124 -0.008712165 0.999405503
1770029124107019776.000000 0.507701874 0.396302968 0.032603316 -0.000827266 0.033309422 -0.009914638 0.999395549
1770029124173701632.000000 0.504251122 0.399966210 0.033123542 -0.001561875 0.032465536 -0.009996341 0.999421656
1770029124207046912.000000 0.501259387 0.398229122 0.027989257 -0.002409680 0.031877443 -0.010224226 0.999436617
1770029124273664000.000000 0.494255781 0.401665151 0.025348496 -0.003030157 0.031305991 -0.010174784 0.999453485
1770029124307027456.000000 0.489260852 0.404264331 0.026073473 -0.002838454 0.030832851 -0.010813402 0.999462008
1770029124440370688.000000 0.472828925 0.404590309 0.022109684 -0.002901399 0.029542249 -0.010469730 0.999504507
1770029124473680640.000000 0.468164712 0.403358936 0.020421891 -0.003420752 0.029410312 -0.010515710 0.999506235
1770029124507033344.000000 0.465835780 0.402502120 0.019423885 -0.003487548 0.028309725 -0.011428433 0.999527812
1770029124540365824.000000 0.459622860 0.401077121 0.019590339 -0.003339624 0.028700259 -0.010620880 0.999526083
1770029124573671936.000000 0.451607347 0.402537107 0.021072285 -0.002769681 0.029208280 -0.011084164 0.999508083
1770029124606997760.000000 0.448969990 0.401963025 0.021173699 -0.002351248 0.028503265 -0.010920562 0.999531329
1770029124740355072.000000 0.421331316 0.395910740 0.024690509 -0.001006230 0.028994752 -0.010443375 0.999524474
1770029124773677568.000000 0.418978065 0.395121008 0.024239225 -0.000111793 0.028286373 -0.009927534 0.999550641
1770029124807001600.000000 0.420320809 0.384522557 0.017602501 -0.001567860 0.026207644 -0.008558394 0.999618709
1770029124840350464.000000 0.413536549 0.382234544 0.015123924 -0.001024019 0.026338415 -0.007886643 0.999621511
1770029124873690880.000000 0.406844944 0.386373192 0.015588162 0.000556734 0.026101256 -0.008882355 0.999619722
1770029124906998528.000000 0.403315216 0.385022938 0.015470730 0.001355540 0.025589038 -0.008088382 0.999638915
1770029125006996224.000000 0.383240730 0.369042426 0.016608091 0.001593247 0.025936859 -0.007402778 0.999634922
1770029125040321536.000000 0.373914212 0.361830086 0.023552561 0.001951898 0.026294429 -0.007728376 0.999622464
1770029125073655808.000000 0.367441744 0.358167976 0.021839330 0.002403596 0.026304906 -0.007495331 0.999623001
1770029125106981888.000000 0.363138348 0.355060518 0.025205266 0.003231091 0.025553133 -0.007063732 0.999643326
1770029125140312320.000000 0.356243283 0.348286122 0.024015078 0.003074754 0.025764342 -0.007312532 0.999636590
1770029125173661184.000000 0.351932764 0.340732098 0.024063358 0.003236315 0.025267953 -0.006920560 0.999651551
1770029125306988288.000000 0.329175264 0.308346570 0.018007845 0.004035021 0.023936715 -0.007293907 0.999678731
1770029125340319744.000000 0.325568199 0.303307652 0.017193880 0.004805154 0.023427961 -0.006933501 0.999689996
1770029125373665536.000000 0.318856746 0.297157705 0.015200125 0.005267480 0.023467451 -0.006627528 0.999688745
1770029125406994432.000000 0.312218666 0.287705600 0.012526073 0.005713933 0.023153000 -0.005989193 0.999697626
1770029125440332288.000000 0.308346182 0.281425565 0.015072036 0.006485804 0.022940896 -0.006212221 0.999696493
1770029125473659392.000000 0.302499145 0.275240898 0.012079073 0.007204917 0.022501454 -0.006077028 0.999702454
1770029125606993152.000000 0.270408362 0.239646807 0.016674258 0.010040367 0.022526342 -0.005741735 0.999679387
1770029125640311552.000000 0.263245910 0.230532244 0.019183008 0.011222210 0.022488834 -0.005802781 0.999667287
1770029125673723392.000000 0.256308198 0.220803842 0.016372485 0.011627861 0.022267427 -0.005814814 0.999667525
1770029125706978304.000000 0.249681756 0.216744334 0.017984312 0.013406946 0.021877054 -0.006614442 0.999648929
1770029125740319744.000000 0.242512703 0.208291113 0.019003617 0.015296122 0.021338375 -0.006921949 0.999631345
1770029125773648640.000000 0.235109299 0.197349578 0.015242944 0.017443324 0.021097489 -0.007027572 0.999600530
1770029125940315648.000000 0.205397055 0.166128755 0.000295410 0.032578506 0.018109795 -0.009314112 0.999261737
1770029125973670912.000000 0.198926374 0.161393687 -0.000571400 0.036116689 0.017648041 -0.009738251 0.999144375
1770029126006986496.000000 0.205501035 0.168090478 0.006468431 0.040360529 0.015396046 -0.011677404 0.998998344
1770029126040324096.000000 0.198482051 0.159476891 0.001052558 0.043611091 0.013872381 -0.012099700 0.998879015
1770029126073653248.000000 0.192993566 0.150808722 -0.005276830 0.046569731 0.012257632 -0.011488631 0.998773754
1770029126106979840.000000 0.189779729 0.146256059 -0.009830253 0.050132047 0.010709630 -0.010277942 0.998632312
1770029126240313088.000000 0.162657201 0.100719631 -0.007602155 0.061537746 0.005888851 -0.012458111 0.998009682
1770029126273662208.000000 0.152772650 0.086385004 -0.015487881 0.064777732 0.004670462 -0.011243398 0.997825503
1770029126306996224.000000 0.157503560 0.087484114 -0.015838729 0.068650275 0.001878121 -0.012545079 0.997560203
1770029126340312576.000000 0.152668402 0.075301938 -0.021703469 0.071132876 -0.001193129 -0.011868253 0.997395575
1770029126540318208.000000 0.128164500 0.006906438 -0.031288683 0.086086676 -0.026361441 -0.014718535 0.995830059
1770029126573660672.000000 0.126159683 0.003966889 -0.026778206 0.089778461 -0.031838581 -0.015639175 0.995329916
1770029126606990336.000000 0.118768983 -0.014545222 -0.029288631 0.091204010 -0.036621496 -0.014361240 0.995055079
1770029126640316160.000000 0.111138083 -0.033773605 -0.042857453 0.092662185 -0.042172212 -0.015001814 0.994691074
1770029126673650688.000000 0.097256742 -0.050832797 -0.032457296 0.094866909 -0.046871822 -0.016082749 0.994255841
1770029126706985728.000000 0.093146294 -0.054839376 -0.026114063 0.097846813 -0.052680731 -0.017040526 0.993660152
1770029126740323840.000000 0.084828556 -0.076446667 -0.029795608 0.098148689 -0.058145758 -0.015306590 0.993353724
1770029126806981632.000000 0.062268443 -0.104304075 -0.020618472 0.100310773 -0.067346297 -0.015066357 0.992559969
1770029126840318720.000000 0.059682880 -0.107710414 -0.019168098 0.100868836 -0.071756214 -0.014093869 0.992208660
1770029126873647616.000000 0.048708867 -0.134321123 -0.030954756 0.099136919 -0.074919611 -0.013068636 0.992163360
1770029126906980352.000000 0.042709403 -0.139693424 -0.023380199 0.099028751 -0.077929422 -0.011534508 0.991961360
1770029126940314624.000000 0.030268185 -0.162311956 -0.022206867 0.096982330 -0.079338528 -0.009638608 0.992072046
1770029126973665280.000000 0.027272062 -0.162643641 -0.017041981 0.095846519 -0.080228142 -0.007658778 0.992128193
1770029127040328192.000000 0.013446932 -0.171050444 -0.030025775 0.088181734 -0.077441432 -0.003202166 0.993084371
1770029127106977536.000000 -0.002673432 -0.183527052 -0.005665741 0.057897504 -0.071617402 -0.000274431 0.995750368
1770029127173653248.000000 -0.025494069 -0.194765553 0.015999641 0.033934224 -0.063717119 -0.001641382 0.997389615
1770029127206996992.000000 -0.033572387 -0.198307201 0.025252378 0.025808550 -0.061293337 -0.001716175 0.997784615
1770029127240335360.000000 -0.039264724 -0.198514938 0.034336034 0.019170951 -0.059255555 -0.002476937 0.998055696
1770029127273644544.000000 -0.050431740 -0.198384956 0.045452740 0.012828874 -0.056018014 -0.004224711 0.998338401
1770029127373647360.000000 -0.072936013 -0.229453892 0.031136483 -0.006730118 -0.048439421 -0.002619724 0.998800039
1770029127406984448.000000 -0.079074740 -0.229349315 0.037264295 -0.011130868 -0.046976026 -0.003421919 0.998828173
1770029127506980352.000000 -0.111543044 -0.246099144 0.055421572 -0.023561263 -0.040446259 -0.006033345 0.998885691
1770029127540314624.000000 -0.114108250 -0.244378045 0.063037656 -0.025302114 -0.038518921 -0.009672959 0.998890698
1770029127573652736.000000 -0.125971183 -0.263039619 0.043064911 -0.028860340 -0.036899228 -0.007646203 0.998872936
1770029127606980352.000000 -0.133862287 -0.279638141 0.029172337 -0.032145377 -0.034685005 -0.006152619 0.998862267
1770029127673642240.000000 -0.146998867 -0.293178320 0.029814767 -0.034945104 -0.031890169 -0.006695581 0.998857915
1770029127806997760.000000 -0.175185144 -0.328750908 0.018768901 -0.038160343 -0.026436269 -0.008132655 0.998888791
1770029127840316416.000000 -0.179840043 -0.335114598 0.011238353 -0.037417989 -0.025269654 -0.008397760 0.998944879
1770029127873661184.000000 -0.184023798 -0.339507222 0.017227931 -0.036681309 -0.024529545 -0.008373288 0.998990893
1770029127906980096.000000 -0.183108181 -0.338905782 0.041671839 -0.035596441 -0.023987427 -0.008197203 0.999044716
1770029127973646848.000000 -0.195090741 -0.345853001 0.045631256 -0.033121184 -0.021753905 -0.009243840 0.999171793
1770029128006994176.000000 -0.199528754 -0.350335032 0.044091515 -0.031707294 -0.020969568 -0.009417311 0.999232829
1770029128073652992.000000 -0.208855018 -0.358350039 0.043984570 -0.028538808 -0.019152559 -0.009879469 0.999360383
1770029128107004160.000000 -0.213727638 -0.362113982 0.043827314 -0.026543111 -0.018188559 -0.009860156 0.999433577
1770029128140309248.000000 -0.219253242 -0.367222846 0.041937210 -0.024991279 -0.017083211 -0.010661806 0.999484837
1770029128173648128.000000 -0.222937986 -0.371540695 0.043613814 -0.023520617 -0.016330775 -0.009781534 0.999542117
1770029128240308736.000000 -0.230801970 -0.388301492 0.027455708 -0.020426972 -0.014392593 -0.008548013 0.999651253
1770029128273642752.000000 -0.235083625 -0.394057751 0.020993868 -0.019009391 -0.013630987 -0.008147036 0.999693215
1770029128340309760.000000 -0.242253646 -0.397910386 0.016160013 -0.015725188 -0.012138505 -0.008181602 0.999769270
1770029128406991616.000000 -0.249434918 -0.395538777 0.021095380 -0.013281615 -0.011028778 -0.008666992 0.999813378
1770029128440320256.000000 -0.250714839 -0.401043266 0.013742862 -0.013572793 -0.010299727 -0.007548778 0.999826312
1770029128473644544.000000 -0.253147811 -0.401860088 0.013053091 -0.013454784 -0.009465935 -0.007397682 0.999837339
1770029128540315136.000000 -0.257199764 -0.393446237 0.020121036 -0.010500680 -0.008774437 -0.007972487 0.999874651
1770029128573652480.000000 -0.260459930 -0.392955005 0.019027092 -0.008907820 -0.008458005 -0.008108258 0.999891698
1770029128606983680.000000 -0.261828095 -0.391587496 0.019197388 -0.007535188 -0.007767257 -0.007734761 0.999911547
1770029128673645056.000000 -0.268349141 -0.384522974 0.018021297 -0.004719047 -0.007262097 -0.008080094 0.999929845
1770029128706991360.000000 -0.269030809 -0.383266121 0.017605387 -0.003932675 -0.007096809 -0.007421589 0.999939561
1770029128740323328.000000 -0.273071855 -0.380972803 0.009420013 -0.002756992 -0.006397349 -0.007897177 0.999944568
1770029128840325632.000000 -0.279123604 -0.375187129 0.002498829 -0.000754438 -0.005652989 -0.007500515 0.999955654
1770029128873656320.000000 -0.278273076 -0.370465279 0.002432763 0.000000330 -0.005763249 -0.007228714 0.999957263
1770029128906979072.000000 -0.277769446 -0.361243039 0.011222305 0.000877309 -0.005500506 -0.007165904 0.999958813
1770029128973643776.000000 -0.283334553 -0.351489246 0.011034781 0.002190497 -0.004775618 -0.007390554 0.999958873
1770029129006977792.000000 -0.284308612 -0.349592000 0.001560624 0.002853376 -0.004619270 -0.007735578 0.999955356
1770029129040321024.000000 -0.284846306 -0.337867141 0.013057000 0.003687131 -0.004241467 -0.007699528 0.999954641
1770029129173645824.000000 -0.286973476 -0.316767454 0.007881857 0.004353902 -0.003602592 -0.006852787 0.999960542
1770029129206978048.000000 -0.287370652 -0.312851191 0.001780472 0.004525787 -0.003349281 -0.006726064 0.999961555
1770029129240326912.000000 -0.287289411 -0.303349972 0.003919800 0.005224701 -0.002966256 -0.007161214 0.999956310
1770029129273652992.000000 -0.284102291 -0.299056053 0.005149583 0.005069402 -0.003219418 -0.005857287 0.999964833
1770029129306976512.000000 -0.287777126 -0.296405256 -0.006488265 0.004928994 -0.002621495 -0.006528575 0.999963105
1770029129340312832.000000 -0.286780238 -0.288773060 -0.003500136 0.005190074 -0.002470902 -0.006275428 0.999963820
1770029129440320000.000000 -0.286321223 -0.267842472 -0.008583120 0.005970856 -0.002542615 -0.006941826 0.999954879
1770029129473647360.000000 -0.287852138 -0.257681340 -0.004088865 0.006405469 -0.002271826 -0.007516403 0.999948680
1770029129506990336.000000 -0.283539474 -0.250204563 -0.001698894 0.006560695 -0.002191756 -0.006689486 0.999953747
1770029129540312832.000000 -0.281629473 -0.245130867 -0.000476748 0.005968498 -0.002229779 -0.006246664 0.999960244
1770029129573665024.000000 -0.281235904 -0.240162134 -0.000519545 0.005496770 -0.002092535 -0.006241302 0.999963284
1770029129606979072.000000 -0.284860313 -0.234089494 -0.008288523 0.006022606 -0.001609789 -0.006505739 0.999959469
1770029129740321024.000000 -0.283495098 -0.200883180 -0.013783796 0.006135402 -0.000877873 -0.007586065 0.999952078
1770029129773645568.000000 -0.281827569 -0.192548677 -0.009517469 0.006233794 -0.001034984 -0.007986425 0.999948144
1770029129806980352.000000 -0.278838605 -0.187084943 -0.014193990 0.005984096 -0.000856560 -0.006235838 0.999962330
1770029129840326656.000000 -0.277419955 -0.178633749 -0.007944483 0.006008646 -0.000863216 -0.006559534 0.999960065
1770029129873644800.000000 -0.275104165 -0.170941338 -0.004247947 0.005427054 -0.000700328 -0.006347232 0.999964952
1770029129906984960.000000 -0.274411529 -0.160618514 -0.005019314 0.006022115 -0.000739338 -0.007667888 0.999952197
1770029130040316160.000000 -0.265055507 -0.132853851 -0.008285600 0.005202850 -0.000489356 -0.006787790 0.999963343
1770029130107012096.000000 -0.262512475 -0.119655468 -0.011650280 0.005263507 -0.000165663 -0.006909812 0.999962330
1770029130140339712.000000 -0.259285241 -0.110483386 -0.006789577 0.005269012 -0.000362497 -0.007064097 0.999961197
1770029130173683456.000000 -0.259457916 -0.103393912 -0.009487141 0.005367049 -0.000154144 -0.007803829 0.999955177
1770029130206999552.000000 -0.254892766 -0.097401716 -0.009512427 0.004920666 -0.000590777 -0.006845083 0.999964356
1770029130340329728.000000 -0.247878447 -0.067005470 -0.016050957 0.005258571 0.000380179 -0.008412439 0.999950767
1770029130373684480.000000 -0.244715378 -0.062619105 -0.010672655 0.004578044 0.000355802 -0.007960442 0.999957860
1770029130406994944.000000 -0.233908728 -0.059689194 -0.013526221 0.003474541 -0.000753858 -0.005589774 0.999978125
1770029130440316928.000000 -0.231336102 -0.055838592 -0.016289704 0.003083951 -0.000350096 -0.004714641 0.999984145
1770029130473652480.000000 -0.237485364 -0.056103464 -0.020764655 0.002380684 0.001080113 -0.005275349 0.999982655
1770029130506995456.000000 -0.224782452 -0.049293086 -0.015444098 0.001760367 -0.000251044 -0.004414679 0.999988735
1770029130606991104.000000 -0.217933953 -0.034472279 -0.018994343 0.001419927 -0.000310213 -0.003610846 0.999992490
1770029130640328960.000000 -0.214029327 -0.031500548 -0.018056188 0.000844752 -0.000314669 -0.002680050 0.999996066
1770029130673673472.000000 -0.209362999 -0.020110618 -0.017425608 0.001404917 -0.000800995 -0.004157471 0.999990046
1770029130707021056.000000 -0.210750073 -0.019541141 -0.020324966 0.000787281 0.000000642 -0.004101433 0.999991298
1770029130740326656.000000 -0.207270369 -0.009782174 -0.017622394 0.001280554 0.000068924 -0.004559985 0.999988794
1770029130773683968.000000 -0.205211818 -0.007780464 -0.023505853 0.000858231 0.000555968 -0.005190032 0.999986053
1770029130873751040.000000 -0.194433063 0.008990710 -0.022029070 0.000692380 0.000550991 -0.005660103 0.999983668
1770029130940330752.000000 -0.185479730 0.017637976 -0.016772674 -0.000022354 -0.000194789 -0.005072081 0.999987125
1770029130973722880.000000 -0.182405546 0.020968044 -0.015582061 0.000017964 -0.000067436 -0.005277713 0.999986112
1770029131006989568.000000 -0.180050999 0.026631551 -0.010193777 0.000552449 0.000095067 -0.005461921 0.999984980
1770029131040314880.000000 -0.182516649 0.029293485 -0.015088627 0.000162318 0.001373492 -0.006774649 0.999976099
1770029131073665024.000000 -0.178262666 0.030334812 -0.015924567 -0.000160533 0.001092700 -0.006380372 0.999979079
1770029131173653504.000000 -0.169175431 0.035471562 -0.019584723 -0.000957526 0.001170771 -0.005228444 0.999985218
1770029131240327680.000000 -0.161243036 0.045490220 -0.008256008 -0.000779871 0.001596759 -0.006882523 0.999974728
1770029131273647104.000000 -0.156799600 0.048664462 -0.006224132 -0.000756933 0.001360575 -0.006315711 0.999978900
1770029131307016960.000000 -0.152214170 0.047727231 -0.010900334 -0.001286754 0.001078242 -0.005512562 0.999983430
1770029131373671168.000000 -0.147012666 0.052253485 -0.004179392 -0.001841305 0.001725634 -0.005640649 0.999980927
1770029131473703680.000000 -0.140599579 0.060461864 -0.003609789 -0.001324939 0.002135325 -0.005832885 0.999979913
1770029131573646848.000000 -0.132182404 0.066044085 0.010136660 -0.001093312 0.002594179 -0.006301270 0.999976218
1770029131606983424.000000 -0.128272474 0.064392023 0.000687102 -0.001830609 0.002148730 -0.005201957 0.999982536
1770029131640316672.000000 -0.126818761 0.067479774 0.006341577 -0.001574277 0.002417481 -0.005801270 0.999979019
1770029131673641216.000000 -0.123652041 0.068839483 0.007065120 -0.001537895 0.002233764 -0.006165180 0.999977350
1770029131706980096.000000 -0.119025819 0.070206836 0.003879878 -0.001624611 0.002305045 -0.005836596 0.999979079
1770029131740314368.000000 -0.114198588 0.069552846 0.002239058 -0.002013234 0.002133687 -0.005665690 0.999979734
1770029131840315904.000000 -0.108582102 0.070095688 -0.000900622 -0.001664315 0.002374975 -0.005920169 0.999978304
1770029131906977024.000000 -0.105372697 0.069898136 0.000787745 -0.001744531 0.003025439 -0.005419241 0.999979258
1770029131940324864.000000 -0.103999056 0.069779620 -0.000109749 -0.001863895 0.003076601 -0.005607004 0.999977827
1770029131973665792.000000 -0.100606464 0.067840502 -0.006954235 -0.002157034 0.003010293 -0.006585986 0.999971449
1770029132006978048.000000 -0.097082794 0.065570064 -0.008728841 -0.002365027 0.002821423 -0.006468383 0.999972343
1770029132040308224.000000 -0.092195295 0.064434513 -0.013946735 -0.002507658 0.002769277 -0.005307389 0.999978960
1770029132140386304.000000 -0.086794265 0.064575978 -0.010923796 -0.002106501 0.002669852 -0.005335757 0.999980032
1770029132173660160.000000 -0.083604060 0.066792741 0.004090641 -0.001714270 0.002745319 -0.005734913 0.999978364
1770029132206980352.000000 -0.081586815 0.069251470 0.005829129 -0.001355159 0.002912136 -0.006204864 0.999975622
1770029132240321792.000000 -0.079160154 0.067237616 0.005314650 -0.001593355 0.002960416 -0.005715481 0.999978065
1770029132273651968.000000 -0.076748371 0.062237252 -0.009449438 -0.001929430 0.002711190 -0.006025784 0.999976337
1770029132306977024.000000 -0.075990573 0.067612320 0.002973155 -0.001222449 0.003014622 -0.007029139 0.999970019
1770029132440312832.000000 -0.064247318 0.064103991 0.006021249 -0.001525122 0.002638692 -0.005277058 0.999981463
1770029132473646848.000000 -0.064743944 0.063162111 0.006833221 -0.001666153 0.002834491 -0.005627558 0.999978840
1770029132506976000.000000 -0.061243482 0.063984819 0.007097299 -0.001079309 0.002682061 -0.005398584 0.999981225
1770029132540316160.000000 -0.059716430 0.065254912 0.009769415 -0.000864689 0.002839647 -0.005741400 0.999979138
1770029132573641728.000000 -0.058325600 0.063506417 0.006711647 -0.000914647 0.002730744 -0.005301786 0.999981821
1770029132606992896.000000 -0.056533121 0.060534105 0.007531802 -0.001380770 0.002571554 -0.005621554 0.999979973
1770029132740316416.000000 -0.050425690 0.056786180 0.004573113 -0.000701133 0.002709416 -0.005246748 0.999982357
1770029132773644800.000000 -0.049107689 0.058511887 0.011716695 -0.000688778 0.002585609 -0.005808218 0.999979556
1770029132840315136.000000 -0.046770528 0.055814173 0.010435078 -0.000864113 0.002177406 -0.006030347 0.999979079
1770029132873673216.000000 -0.045124147 0.054756496 -0.000211584 -0.000764632 0.002098043 -0.005688005 0.999981344
1770029132906980864.000000 -0.047139175 0.054036703 -0.001740525 -0.000709774 0.002816470 -0.005956018 0.999978125
1770029133040395008.000000 -0.038419161 0.047681171 0.004111967 -0.000844337 0.001841277 -0.005026041 0.999985337
1770029133073688064.000000 -0.036498453 0.048383709 0.007715248 -0.000541881 0.001685751 -0.005193175 0.999984980
1770029133107025152.000000 -0.036271539 0.046809826 0.006637287 -0.000588516 0.002028106 -0.005461567 0.999982893
1770029133140349184.000000 -0.034821756 0.046572831 0.010704668 -0.000508077 0.002060951 -0.005354614 0.999983430
1770029133173732864.000000 -0.034201711 0.045855843 0.010155050 -0.000455897 0.002247605 -0.004983725 0.999984980
1770029133207036416.000000 -0.030089790 0.043403324 0.013402389 -0.000619365 0.001494247 -0.004188288 0.999989927
1770029133340348928.000000 -0.025502244 0.041815583 0.013731332 -0.000114995 0.000785271 -0.003985895 0.999991775
1770029133373674752.000000 -0.025173755 0.038533472 0.014340105 -0.000723709 0.000915506 -0.004338818 0.999989927
1770029133407010560.000000 -0.023958718 0.040646214 0.018508805 -0.000292866 0.001083249 -0.004362775 0.999989867
1770029133440345344.000000 -0.022344708 0.038366746 0.018091140 -0.000556725 0.000742925 -0.004578465 0.999989152
1770029133473680896.000000 -0.019932430 0.037313886 0.017980531 -0.000749921 0.000374196 -0.003808498 0.999992430
1770029133507011584.000000 -0.021688724 0.037406232 0.019193714 -0.000654245 0.000289667 -0.003959924 0.999991953
1770029133607014656.000000 -0.018244479 0.035914883 0.020143019 -0.000824402 0.000031977 -0.003458063 0.999993742
1770029133640346624.000000 -0.017237859 0.036228176 0.018815586 -0.000765779 0.000120445 -0.003596206 0.999993265
1770029133673674240.000000 -0.015838405 0.034273244 0.018109431 -0.000829176 -0.000119138 -0.003437696 0.999993742
1770029133707019776.000000 -0.017399751 0.035151880 0.019677142 -0.000759144 0.000044681 -0.003508595 0.999993622
1770029133740345856.000000 -0.016395090 0.035310075 0.023146251 -0.000688773 -0.000122195 -0.003969088 0.999991894
1770029133773678848.000000 -0.015207466 0.033087201 0.021151153 -0.001189531 -0.000313783 -0.003970811 0.999991417
1770029133907012352.000000 -0.011606553 0.033855926 0.015811233 -0.001156545 -0.001320107 -0.003943849 0.999990702
1770029133940349184.000000 -0.011678490 0.031661399 0.015432384 -0.001786348 -0.001395408 -0.004534092 0.999987185
1770029133973686784.000000 -0.014402622 0.031980805 0.018060425 -0.001753695 -0.001121281 -0.006016752 0.999979794
1770029134007016192.000000 -0.012692221 0.032860897 0.019531449 -0.001761814 -0.001151248 -0.005493938 0.999982774
1770029134040345600.000000 -0.009997023 0.033406015 0.018222298 -0.001821644 -0.001529515 -0.004619766 0.999986589
1770029134073681920.000000 -0.008844302 0.034053400 0.022110419 -0.002037142 -0.001465920 -0.005009993 0.999984384
1770029134207074048.000000 -0.007766536 0.032768033 0.022288466 -0.002407299 -0.001684076 -0.005548708 0.999980330
1770029134240356352.000000 -0.006374985 0.034381025 0.022395596 -0.002049408 -0.001901045 -0.004909373 0.999984086
1770029134307034368.000000 -0.008961171 0.032951750 0.020629730 -0.002099275 -0.001407671 -0.005801195 0.999980032
1770029134340371456.000000 -0.007872458 0.031951506 0.022102661 -0.002452688 -0.001695579 -0.005098407 0.999982595
1770029134373698048.000000 -0.008110146 0.031381842 0.020721616 -0.002551725 -0.001683216 -0.005513882 0.999980152
1770029134507056896.000000 -0.007967744 0.031819098 0.018171787 -0.002239748 -0.001846185 -0.005859191 0.999978662
1770029134540346880.000000 -0.007266679 0.032224722 0.018222904 -0.002055108 -0.001883360 -0.004987213 0.999983668
1770029134573679360.000000 -0.008376255 0.032193314 0.017271142 -0.001838970 -0.001615600 -0.005475664 0.999982059
1770029134607014912.000000 -0.007703623 0.031822085 0.016442357 -0.001700325 -0.001882353 -0.005383531 0.999982357
1770029134640361728.000000 -0.007673773 0.033843301 0.016434725 -0.001332867 -0.001844813 -0.005413032 0.999982834
1770029134673694464.000000 -0.008968325 0.034422610 0.022006182 -0.001186660 -0.001718287 -0.005994646 0.999979913
1770029134807010304.000000 -0.008659062 0.032152075 0.016645052 -0.001424070 -0.001786090 -0.005404598 0.999982774
1770029134840343808.000000 -0.007424326 0.032143280 0.020085767 -0.001552681 -0.002079841 -0.005454296 0.999981821
1770029134873684480.000000 -0.008513398 0.032820348 0.020243093 -0.001422836 -0.001991478 -0.005285110 0.999983013
1770029134907017728.000000 -0.008963110 0.032480773 0.019029224 -0.001377998 -0.001832038 -0.005383227 0.999982953
1770029134940352256.000000 -0.008185187 0.031461515 0.016117595 -0.001431441 -0.002100139 -0.005181925 0.999983430
1770029135107021568.000000 -0.008106801 0.032001030 0.017028548 -0.001306170 -0.001998902 -0.005123113 0.999984086
1770029135140340224.000000 -0.008499985 0.031212853 0.016483208 -0.001461946 -0.002025306 -0.004946471 0.999984682
1770029135173689344.000000 -0.006982320 0.031438775 0.015884463 -0.001516450 -0.002215577 -0.004835964 0.999984801
1770029135207040256.000000 -0.008023972 0.032280982 0.019631524 -0.001406374 -0.001932471 -0.005341290 0.999982893
1770029135240339712.000000 -0.007215739 0.030725323 0.009706370 -0.001368930 -0.002150629 -0.005275135 0.999982834
1770029135273682944.000000 -0.007554527 0.030623242 0.013267741 -0.001453367 -0.002121833 -0.005046528 0.999983966
1770029135407008768.000000 -0.011595244 0.029486047 0.001383345 -0.001582681 -0.001521166 -0.003818429 0.999990284
1770029135440346368.000000 -0.010916240 0.029626090 0.001804052 -0.001599945 -0.001780787 -0.003736595 0.999990165
1770029135473673216.000000 -0.011093256 0.029751342 0.000902976 -0.001616939 -0.001724788 -0.003852500 0.999989808
1770029135507009792.000000 -0.009988972 0.029693183 0.000378842 -0.001568782 -0.001849843 -0.003885974 0.999989510
1770029135540341504.000000 -0.010835581 0.029612318 0.001516151 -0.001647366 -0.001706832 -0.003823818 0.999989867
1770029135573677824.000000 -0.011485365 0.029350808 0.001519453 -0.001641828 -0.001665391 -0.004011459 0.999989212
1770029135707009536.000000 -0.011910186 0.029247578 0.003014197 -0.001709132 -0.001717569 -0.004345172 0.999987662
1770029135740342016.000000 -0.012365337 0.029257948 0.003472355 -0.001713144 -0.001561348 -0.004462129 0.999987423
1770029135773680384.000000 -0.012764984 0.029185988 0.003334701 -0.001765579 -0.001492411 -0.004482315 0.999987304
1770029135807007232.000000 -0.013253859 0.029035537 0.003590166 -0.001815441 -0.001424219 -0.004339216 0.999987960
1770029135840338944.000000 -0.013638925 0.029423485 0.003204977 -0.001633810 -0.001338736 -0.004294112 0.999988616
1770029135873673216.000000 -0.012609374 0.028821936 0.004038037 -0.001850988 -0.001566916 -0.004124457 0.999988556
1770029135973698560.000000 -0.012842881 0.028003549 0.003441384 -0.001975673 -0.001483947 -0.004288680 0.999987781
1770029136007013120.000000 -0.012934140 0.029549910 0.003968307 -0.001661325 -0.001453849 -0.004310381 0.999988317
1770029136040344832.000000 -0.014049518 0.029410196 0.003682137 -0.001673079 -0.001455267 -0.004573617 0.999987125
1770029136073728512.000000 -0.014947079 0.028815366 0.005001416 -0.001808272 -0.001289933 -0.004661792 0.999986708
1770029136107054592.000000 -0.013377923 0.029356256 0.003578173 -0.001791437 -0.001454590 -0.004591857 0.999986827
1770029136140344320.000000 -0.013688504 0.029680403 0.003303159 -0.001487935 -0.001433158 -0.004517175 0.999987721
1770029136240369152.000000 -0.013827121 0.029825237 0.003973564 -0.001561402 -0.001375533 -0.004453193 0.999987960
1770029136307061248.000000 -0.011148363 0.027892753 0.003471622 -0.001998660 -0.001887060 -0.004385823 0.999986649
1770029136340355584.000000 -0.011878030 0.028692598 0.003747450 -0.001759628 -0.001765332 -0.004498843 0.999986768
1770029136373687040.000000 -0.011705035 0.028495872 0.003333420 -0.001726164 -0.001714563 -0.004501634 0.999986947
1770029136407006720.000000 -0.011593928 0.027821383 0.002275281 -0.001859504 -0.001709830 -0.004413805 0.999987066
1770029136440345088.000000 -0.013119445 0.028446402 0.006012613 -0.001867566 -0.001588666 -0.004858017 0.999985218
1770029136507015168.000000 -0.011748419 0.027472988 0.003827838 -0.001950705 -0.001777267 -0.004861070 0.999984741
1770029136607021824.000000 -0.011034686 0.028636327 0.002971357 -0.001736504 -0.001927048 -0.004549257 0.999986291
1770029136640342272.000000 -0.011398396 0.028415263 0.003400629 -0.001854133 -0.001898525 -0.004702051 0.999985456
1770029136673685248.000000 -0.011566308 0.028827759 0.003734507 -0.001704959 -0.001892874 -0.004435243 0.999986947
1770029136707004416.000000 -0.012535329 0.028801268 0.003523004 -0.001861814 -0.001628823 -0.004586957 0.999986470
1770029136740356096.000000 -0.010615782 0.028461320 0.002842889 -0.001794346 -0.002020882 -0.004440707 0.999986470
1770029136807005184.000000 -0.011457060 0.028647073 0.003208382 -0.001796881 -0.001787069 -0.004636141 0.999986053
1770029136907005184.000000 -0.010585609 0.027741410 0.002500704 -0.001909357 -0.001994139 -0.004490035 0.999986112
1770029137007014656.000000 -0.011666463 0.028547715 0.002501357 -0.001730845 -0.001713360 -0.004609232 0.999986410
1770029137040346624.000000 -0.012132474 0.028382337 0.003178707 -0.001857221 -0.001661563 -0.004316311 0.999987602
1770029137140369152.000000 -0.011696744 0.028211337 0.003981811 -0.001988178 -0.001740327 -0.004388101 0.999986887
1770029137207012352.000000 -0.011860935 0.027345456 0.004082077 -0.002171384 -0.001813856 -0.004645640 0.999985218
1770029137240383744.000000 -0.010397882 0.027816230 0.002397851 -0.001916343 -0.002047719 -0.004269041 0.999987006
