1769782055083926272.000000 0.000000000 0.000000000 0.000000000 -0.000000000 -0.000000000 -0.000000000 1.000000000
1769782055117259520.000000 -0.000101471 0.000276324 -0.000390249 0.000264242 0.000209314 0.000289847 0.999999881
1769782055150592512.000000 -0.000676873 0.000188230 -0.001773865 0.000328388 0.000454875 0.000269304 0.999999821
1769782055183926016.000000 -0.000559217 0.000114450 -0.001586393 0.000107210 0.000295149 0.000028265 1.000000000
1769782055217260800.000000 -0.000649269 0.000061410 -0.001641500 0.000119617 0.000449638 0.000191722 0.999999881
1769782055250593280.000000 -0.000473480 0.000092395 -0.001576009 0.000453188 0.000223020 0.000991980 0.999999404
1769782055283925248.000000 -0.000433996 0.000080624 -0.001611453 0.000327368 0.000170484 0.000937712 0.999999523
1769782055317258752.000000 -0.000412752 0.000109576 -0.001520584 0.000357301 0.000095996 0.000915193 0.999999523
1769782055350593280.000000 -0.000449032 0.000072406 -0.001466951 0.000326817 0.000200492 0.001102664 0.999999344
1769782055383924992.000000 -0.000406532 0.000053663 -0.001446129 0.000270384 0.000163106 0.001047902 0.999999404
1769782055417259520.000000 -0.000421747 0.000065155 -0.001457152 0.000286370 0.000118023 0.001049591 0.999999404
1769782055450592512.000000 -0.000550767 0.000192444 -0.001848373 0.000403109 0.000157405 0.000876197 0.999999523
1769782055483924992.000000 -0.000607006 0.000186269 -0.001817562 0.000430430 0.000251897 0.000930794 0.999999464
1769782055517258752.000000 -0.000663112 0.000204106 -0.001964958 0.000497647 0.000231284 0.000927234 0.999999404
1769782055550593024.000000 -0.000636585 0.000193205 -0.001877328 0.000342189 0.000226706 0.000801184 0.999999583
1769782055583925248.000000 -0.000642777 0.000192794 -0.001796830 0.000524717 0.000270894 0.001288634 0.999999046
1769782055617258240.000000 -0.000700845 0.000143551 -0.001871100 0.000397324 0.000378580 0.001333955 0.999998987
1769782055650592256.000000 -0.000897932 0.000369124 -0.001927365 0.000635263 0.000583020 -0.000990364 0.999999166
1769782055683924992.000000 -0.000722938 0.000416522 -0.001644016 0.000647336 0.000427028 -0.001014365 0.999999225
1769782055717259520.000000 -0.000755943 0.000417781 -0.001617028 0.000673545 0.000447116 -0.001193005 0.999999046
1769782055750593536.000000 -0.000753832 0.000386598 -0.001706645 0.000583762 0.000402005 -0.001257510 0.999998987
1769782055783925248.000000 -0.000770842 0.000321187 -0.001636776 0.000594444 0.000404339 -0.001054828 0.999999225
1769782055817259008.000000 -0.000823695 0.000313038 -0.001742559 0.000619956 0.000440886 -0.000766590 0.999999464
1769782055850592256.000000 -0.000502717 0.000571756 -0.001536095 0.000590485 -0.000343720 -0.001034349 0.999999225
1769782055883924992.000000 -0.000403634 0.000614257 -0.001422779 0.000608384 -0.000425087 -0.001206816 0.999999046
1769782055917258496.000000 -0.000378088 0.000623448 -0.001370873 0.000544465 -0.000457186 -0.001276004 0.999998927
1769782055950592000.000000 -0.000364640 0.000657614 -0.001327160 0.000678674 -0.000427394 -0.001121037 0.999999046
1769782055983924736.000000 -0.000284770 0.000605530 -0.001164927 0.000547373 -0.000460895 -0.001180619 0.999999046
1769782056017259264.000000 -0.000575985 0.000192830 -0.003013290 0.000358181 0.000196216 0.000191756 0.999999881
1769782056050592256.000000 -0.000508174 0.000185914 -0.002940743 0.000268952 0.000224647 0.000026649 1.000000000
1769782056083924736.000000 -0.000441967 0.000225624 -0.002689673 0.000411146 0.000160731 0.000134036 0.999999940
1769782056117258496.000000 -0.000530698 0.000187045 -0.002865786 0.000287667 0.000226300 0.000088739 0.999999940
1769782056150592256.000000 -0.000408179 0.000288836 -0.002583890 0.000425046 0.000082562 0.000061943 0.999999940
1769782056183925248.000000 -0.000454151 0.000283316 -0.002831110 0.000500039 0.000120321 0.000201412 0.999999881
1769782056217260032.000000 -0.000480365 0.000159567 -0.002896643 0.000295661 0.000137341 0.000388942 0.999999881
1769782056250593280.000000 -0.000574986 0.000190852 -0.003031256 0.000362682 0.000189923 0.000236658 0.999999881
1769782056283924480.000000 -0.000533618 0.000094889 -0.003059695 0.000191753 0.000140713 0.000346067 0.999999940
1769782056317258240.000000 -0.000546494 0.000135911 -0.002994967 0.000312167 0.000080645 0.000184713 0.999999940
1769782056350592512.000000 -0.000473680 0.000155215 -0.002918113 0.000205274 0.000022978 0.000191423 1.000000000
1769782056383924480.000000 -0.000547281 0.000146477 -0.002828903 0.000288841 0.000103789 0.000371234 0.999999881
1769782056417258752.000000 -0.000513985 0.000152215 -0.002836488 0.000119136 0.000163976 0.000145722 1.000000000
1769782056450592256.000000 -0.000518393 0.000113150 -0.002796803 0.000156211 0.000191476 0.000174909 0.999999940
1769782056483924736.000000 -0.000479976 -0.000028962 -0.002892740 -0.000041531 0.000000023 -0.000099335 1.000000000
1769782056517258752.000000 -0.000505677 0.000200973 -0.002790384 0.000172901 0.000117552 -0.000135241 1.000000000
1769782056550592512.000000 -0.000520651 0.000205169 -0.002897651 0.000138868 0.000159115 -0.000125265 1.000000000
1769782056583925248.000000 -0.000560422 0.000307264 -0.002909827 0.000295816 0.000112289 -0.000349768 0.999999881
1769782056617257472.000000 -0.000560218 0.000275470 -0.002918343 0.000220572 0.000113086 -0.000206517 1.000000000
1769782056650591488.000000 -0.000502164 0.000186594 -0.002705732 0.000157738 0.000153569 0.000138444 1.000000000
1769782056683924736.000000 -0.000486794 0.000239359 -0.002708149 0.000185871 0.000149538 0.000012161 1.000000000
1769782056717258752.000000 -0.000488290 0.000227185 -0.002759147 0.000184447 0.000139130 0.000085034 1.000000000
1769782056750592512.000000 -0.000486023 0.000292750 -0.002770694 0.000262694 0.000147222 -0.000156883 1.000000000
1769782056783924736.000000 -0.000412379 0.000272034 -0.002672947 0.000210176 0.000063511 -0.000201701 1.000000000
1769782056817258240.000000 -0.000500075 0.000321178 -0.002786888 0.000239520 0.000149719 -0.000318946 1.000000000
1769782056850592000.000000 -0.000496444 0.000261642 -0.002825721 0.000225842 0.000206628 -0.000205795 1.000000000
1769782056883924480.000000 -0.000472661 0.000298510 -0.002671969 0.000298659 0.000179993 -0.000222121 1.000000000
1769782056917258240.000000 -0.000479759 0.000219464 -0.002746623 0.000173187 0.000136187 -0.000292417 1.000000000
1769782056950591488.000000 -0.000478952 0.000210156 -0.002804962 0.000264535 0.000104052 0.000047856 1.000000000
1769782056983940608.000000 -0.000485469 0.000206013 -0.002689348 0.000093421 0.000216346 -0.000204793 1.000000000
1769782057017273600.000000 -0.000634934 0.000281016 -0.002809855 0.000104903 0.000229207 -0.000232171 1.000000000
1769782057050607104.000000 -0.000514535 0.000219701 -0.002847508 0.000148650 0.000104160 -0.000096358 1.000000000
1769782057083940096.000000 -0.000395058 0.000269052 -0.002788179 0.000243429 0.000011221 -0.000254981 1.000000000
1769782057117273600.000000 -0.000464086 0.000264819 -0.002811841 0.000285905 0.000107658 -0.000171782 1.000000000
1769782057150607616.000000 -0.000453772 0.000204004 -0.002952362 0.000155413 0.000053055 -0.000241098 1.000000000
1769782057183939840.000000 -0.000506597 0.000266765 -0.002996342 0.000127622 0.000095163 -0.000180784 1.000000000
1769782057217274880.000000 -0.000437096 0.000198237 -0.002943629 0.000145818 0.000065066 -0.000019664 1.000000000
1769782057250607616.000000 -0.000369713 0.000268754 -0.002668633 0.000149508 0.000039264 -0.000280241 1.000000000
1769782057283940096.000000 -0.000358314 0.000191688 -0.002785207 0.000147795 0.000116880 0.000186201 1.000000000
1769782057317273088.000000 -0.000390491 0.000181217 -0.002894634 0.000191006 0.000069368 -0.000046024 1.000000000
1769782057350607616.000000 -0.000440727 0.000226123 -0.002939018 0.000237576 0.000055534 -0.000258624 1.000000000
1769782057383939328.000000 -0.000465567 0.000090294 -0.003069549 0.000062057 0.000051384 -0.000026218 1.000000000
1769782057417273600.000000 -0.000371372 0.000251554 -0.002699745 0.000197820 0.000024532 0.000034053 1.000000000
1769782057450606848.000000 -0.000373234 0.000212803 -0.002744964 0.000192301 0.000043742 0.000076352 1.000000000
1769782057483939840.000000 -0.000384978 0.000244627 -0.002796216 0.000198090 0.000004036 -0.000193636 1.000000000
1769782057517273600.000000 -0.000401321 0.000160711 -0.002948118 0.000130616 0.000055458 0.000027466 1.000000000
1769782057550607104.000000 -0.000353033 0.000152468 -0.002848322 0.000139233 0.000063819 0.000002811 1.000000000
1769782057583939584.000000 -0.000463151 0.000201521 -0.003006828 0.000209568 0.000022301 -0.000465608 0.999999940
1769782057617272576.000000 -0.000515548 0.000105192 -0.002824005 0.000077692 0.000216307 -0.000016483 1.000000000
1769782057650606336.000000 -0.000515709 0.000092787 -0.002846725 0.000146024 0.000112366 -0.000302072 1.000000000
1769782057683939584.000000 -0.000508032 0.000122184 -0.002802330 0.000062572 0.000145410 -0.000246943 1.000000000
1769782057717274112.000000 -0.000398400 0.000059413 -0.002449080 -0.000123940 0.000156698 -0.000340907 1.000000000
1769782057750607616.000000 -0.000402816 0.000027298 -0.002577415 -0.000010152 0.000180470 -0.000066050 1.000000000
1769782057783939840.000000 -0.000411351 0.000101826 -0.002407214 -0.000003594 0.000155278 0.000152139 1.000000000
1769782057817273088.000000 -0.000426615 0.000059123 -0.002613335 0.000064142 0.000188507 0.000228428 1.000000000
1769782057850606592.000000 -0.000452472 0.000065678 -0.002558912 0.000026501 0.000141894 0.000362154 0.999999940
1769782057883939840.000000 -0.000454268 0.000096200 -0.002665427 0.000111201 0.000123629 -0.000192656 1.000000000
1769782057917272576.000000 -0.000553390 0.000127393 -0.002690235 0.000210836 0.000306247 0.000187567 0.999999940
1769782057950606336.000000 -0.000551903 0.000179020 -0.002643930 0.000253661 0.000305098 0.000133033 0.999999940
1769782057983939584.000000 -0.000459932 0.000148767 -0.002663116 0.000196425 0.000244052 -0.000055552 1.000000000
1769782058017272576.000000 -0.000556150 0.000121117 -0.002825689 0.000128113 0.000180285 -0.000087624 1.000000000
1769782058050606592.000000 -0.000535427 0.000118801 -0.002666777 0.000165303 0.000238431 0.000291605 1.000000000
1769782058083939840.000000 -0.000520137 0.000141388 -0.002809485 0.000141775 0.000202582 -0.000137512 1.000000000
1769782058117272576.000000 -0.000569525 0.000117275 -0.002701828 0.000168617 0.000282158 0.000074390 1.000000000
1769782058150606592.000000 -0.000459698 0.000152641 -0.002559723 0.000276862 0.000178063 0.000258588 1.000000000
1769782058183939584.000000 -0.000409503 0.000195984 -0.002516454 0.000287692 0.000119544 0.000213872 1.000000000
1769782058217274624.000000 -0.000381824 0.000207799 -0.002397774 0.000274697 0.000208293 0.000082820 1.000000000
1769782058250607104.000000 -0.000513421 0.000151808 -0.002712040 0.000163251 0.000127700 -0.000233529 1.000000000
1769782058283939072.000000 -0.000512400 0.000094545 -0.002835260 0.000141435 0.000106740 -0.000002131 1.000000000
1769782058317272320.000000 -0.000515516 0.000079441 -0.002745807 0.000106727 0.000212432 0.000155588 1.000000000
1769782058350606592.000000 -0.000447594 0.000169041 -0.002546329 0.000210869 0.000151960 0.000078770 1.000000000
1769782058383938560.000000 -0.000496845 0.000061343 -0.002769492 -0.000014832 0.000157508 0.000156841 1.000000000
1769782058417273600.000000 -0.000500153 0.000202601 -0.002736253 0.000283123 0.000137297 0.000106473 1.000000000
1769782058450606080.000000 -0.000352597 0.000123447 -0.002574975 0.000214088 0.000019806 -0.000023571 1.000000000
1769782058483938816.000000 -0.000478399 0.000134278 -0.002788169 0.000185072 0.000124534 0.000015223 1.000000000
1769782058517272832.000000 -0.000460856 0.000092605 -0.002707464 0.000062567 0.000140116 0.000149261 1.000000000
1769782058550606848.000000 -0.000369510 0.000140082 -0.002521243 0.000277560 0.000051396 -0.000043378 1.000000000
1769782058583938816.000000 -0.000395168 0.000029070 -0.002667816 0.000010037 0.000011637 -0.000015870 1.000000000
1769782058617272064.000000 -0.000473606 0.000096351 -0.002706920 0.000093056 0.000088160 -0.000036593 1.000000000
1769782058650606336.000000 -0.000454526 0.000102165 -0.002475400 -0.000002179 0.000158362 0.000161598 1.000000000
1769782058683939328.000000 -0.000460615 0.000115054 -0.002663456 0.000184057 0.000214810 0.000184979 1.000000000
1769782058717273600.000000 -0.000356882 0.000091396 -0.002558658 0.000112660 0.000006414 -0.000258785 1.000000000
1769782058750607104.000000 -0.000610233 0.000146482 -0.002628628 0.000116411 0.000168727 -0.000355110 0.999999940
1769782058783938560.000000 -0.000625220 0.000100274 -0.002601172 -0.000062154 0.000167836 -0.000305134 0.999999940
1769782058817272064.000000 -0.000668186 0.000076275 -0.002739511 -0.000090044 0.000210519 -0.000291070 0.999999940
1769782058850606080.000000 -0.000630253 0.000058531 -0.002555441 -0.000226978 0.000214360 -0.000157595 1.000000000
1769782058883939328.000000 -0.000618093 0.000117509 -0.002554190 -0.000156681 0.000074903 -0.000413595 0.999999940
1769782058917271552.000000 -0.000671432 0.000156283 -0.002486519 -0.000057002 0.000228811 -0.000479041 0.999999881
1769782058950604800.000000 -0.000732852 0.000007368 -0.002753045 -0.000141889 0.000207857 -0.000322003 1.000000000
1769782058983938560.000000 -0.000699618 0.000115874 -0.002586054 -0.000063662 0.000306238 -0.000193811 1.000000000
1769782059017272576.000000 -0.000725343 0.000094205 -0.002773754 -0.000093994 0.000257951 -0.000291679 0.999999940
1769782059050606080.000000 -0.000667110 0.000102868 -0.002613758 -0.000043356 0.000272816 -0.000388576 0.999999940
1769782059083938816.000000 -0.000713268 0.000019997 -0.002708214 -0.000180124 0.000148232 0.000110819 1.000000000
1769782059117272320.000000 -0.000726498 0.000073443 -0.002628030 -0.000178016 0.000303076 -0.000116813 1.000000000
1769782059150605824.000000 -0.000735851 0.000131853 -0.002653058 -0.000034405 0.000300399 0.000129023 1.000000000
1769782059183938816.000000 -0.000649095 0.000143819 -0.002482884 -0.000109048 0.000280219 -0.000241347 0.999999940
1769782059217273856.000000 -0.000725647 0.000105285 -0.002656502 -0.000033509 0.000252221 -0.000082018 1.000000000
1769782059250606848.000000 -0.000645317 0.000165465 -0.002637949 -0.000050639 0.000178548 -0.000269094 1.000000000
1769782059283938048.000000 -0.000658171 0.000097964 -0.002542657 -0.000131650 0.000217811 -0.000326598 0.999999940
1769782059317272064.000000 -0.000650047 0.000152830 -0.002549551 -0.000140896 0.000206193 -0.000373869 1.000000000
1769782059350605824.000000 -0.000528025 0.000088141 -0.002773446 0.000060845 0.000184549 -0.000117420 1.000000000
1769782059383938816.000000 -0.000517568 0.000115148 -0.002697750 -0.000001246 0.000203136 0.000194580 1.000000000
1769782059417272832.000000 -0.000523869 0.000160352 -0.002741271 0.000129852 0.000202618 -0.000207205 1.000000000
1769782059450605824.000000 -0.000651169 0.000104496 -0.002582163 -0.000116388 0.000100487 -0.000064702 1.000000000
1769782059483938816.000000 -0.000637883 0.000103042 -0.002663560 -0.000086936 0.000204930 -0.000244864 1.000000000
1769782059517272320.000000 -0.000601099 0.000028420 -0.002508871 -0.000297080 0.000184866 -0.000071672 1.000000000
1769782059550606336.000000 -0.000593880 0.000035054 -0.002454432 -0.000254816 0.000134520 0.000163676 1.000000000
1769782059583938304.000000 -0.000690283 0.000164499 -0.002550459 -0.000033877 0.000306681 -0.000098207 1.000000000
1769782059617271296.000000 -0.000730164 0.000030075 -0.002696101 -0.000196800 0.000249358 0.000151499 0.999999940
1769782059650605568.000000 -0.000725936 0.000023315 -0.002662640 -0.000228565 0.000317208 -0.000028853 1.000000000
1769782059683938048.000000 -0.000611578 0.000120449 -0.002551862 -0.000005460 0.000136902 -0.000239486 1.000000000
1769782059717272320.000000 -0.000610890 0.000029423 -0.002773626 -0.000169178 0.000257070 -0.000427689 0.999999881
1769782059750606848.000000 -0.000636398 -0.000041891 -0.002785622 -0.000298691 0.000332943 -0.000328139 0.999999881
1769782059783938560.000000 -0.000678150 0.000035457 -0.002844712 0.000008167 0.000270871 -0.000255921 0.999999940
1769782059817272064.000000 -0.000615716 0.000065054 -0.002606309 -0.000047580 0.000166876 -0.000095257 1.000000000
1769782059850605824.000000 -0.000541714 0.000116838 -0.002641726 -0.000034630 0.000060025 -0.000096722 1.000000000
1769782059883938304.000000 -0.000641801 0.000089905 -0.002664226 -0.000041204 0.000151964 -0.000237483 1.000000000
1769782059917271040.000000 -0.000576420 0.000109101 -0.002625388 0.000055980 0.000059453 -0.000200491 1.000000000
1769782059950604800.000000 -0.000537536 0.000046553 -0.002550861 -0.000241546 0.000060467 -0.000072636 1.000000000
1769782059983938304.000000 -0.000607593 0.000095913 -0.002691206 -0.000060251 0.000227734 -0.000269159 0.999999940
1769782060017272064.000000 -0.000615298 0.000048847 -0.002803399 -0.000100944 0.000183858 -0.000366018 0.999999940
1769782060050605312.000000 -0.000618927 0.000040954 -0.002828333 -0.000180526 0.000161855 -0.000424388 0.999999881
1769782060083938304.000000 -0.000548699 0.000005386 -0.002519582 -0.000220288 0.000044551 0.000022038 1.000000000
1769782060117271552.000000 -0.000599092 0.000014436 -0.002578513 -0.000254078 0.000147184 -0.000105298 1.000000000
1769782060150605312.000000 -0.000578184 -0.000003576 -0.002566781 -0.000246656 0.000117798 -0.000082220 1.000000000
1769782060183938048.000000 -0.000603641 0.000061263 -0.002644566 -0.000124011 0.000279983 -0.000156845 1.000000000
1769782060217273600.000000 -0.000601666 0.000075224 -0.002839265 0.000002168 0.000238892 -0.000215868 1.000000000
1769782060250605824.000000 -0.000610409 0.000082810 -0.002867711 0.000109413 0.000158564 -0.000111644 1.000000000
1769782060283937792.000000 -0.000579076 0.000025554 -0.002594983 -0.000175778 0.000076814 -0.000034954 1.000000000
1769782060317271552.000000 -0.000644581 0.000060256 -0.002895099 -0.000051037 0.000258804 -0.000033190 1.000000000
1769782060350605312.000000 -0.000564599 0.000134061 -0.002896545 0.000016756 0.000074683 -0.000182126 1.000000000
1769782060383937536.000000 -0.000606783 0.000014248 -0.002653077 -0.000232360 0.000124838 -0.000240603 1.000000000
1769782060417271808.000000 -0.000647837 -0.000019117 -0.002904060 -0.000183989 0.000264840 -0.000145283 1.000000000
1769782060450605056.000000 -0.000580069 0.000048530 -0.002886264 -0.000098758 0.000120193 -0.000314709 1.000000000
1769782060483937280.000000 -0.000603833 0.000050211 -0.002851604 -0.000011630 0.000209474 -0.000220937 0.999999940
1769782060517271808.000000 -0.000584587 0.000069667 -0.002861736 -0.000032070 0.000195039 -0.000338856 0.999999940
1769782060550605824.000000 -0.000629367 0.000026180 -0.002816310 -0.000143320 0.000204143 -0.000210986 1.000000000
1769782060583937280.000000 -0.000610909 0.000033896 -0.002825834 -0.000166796 0.000186192 -0.000468076 0.999999881
1769782060617271040.000000 -0.000605975 0.000023239 -0.002953843 -0.000220920 0.000077886 -0.000360954 0.999999940
1769782060650604800.000000 -0.000647869 -0.000029449 -0.002941753 -0.000145216 0.000223541 -0.000335176 0.999999940
1769782060683937024.000000 -0.000622197 -0.000018790 -0.002822459 -0.000151665 0.000176818 -0.000207184 1.000000000
1769782060717271808.000000 -0.000645386 0.000066353 -0.002886103 -0.000026619 0.000179046 -0.000212368 1.000000000
1769782060750606080.000000 -0.000603608 0.000021088 -0.002826995 -0.000121727 0.000236196 -0.000271937 0.999999940
1769782060783938048.000000 -0.000637498 0.000016693 -0.002876624 -0.000113371 0.000159687 -0.000196359 1.000000000
1769782060817271296.000000 -0.000647367 -0.000012484 -0.002852991 -0.000189021 0.000278369 -0.000047645 1.000000000
1769782060850604800.000000 -0.000620218 -0.000073193 -0.002866160 -0.000324350 0.000095982 -0.000221832 1.000000000
1769782060883937280.000000 -0.000581067 -0.000044414 -0.002767507 -0.000371737 0.000128084 -0.000375145 0.999999881
1769782060917270784.000000 -0.000700979 0.000041420 -0.002986994 -0.000107703 0.000212347 -0.000332055 0.999999940
1769782060950604032.000000 -0.000707713 0.000040464 -0.002902893 -0.000082406 0.000196144 -0.000154172 1.000000000
1769782060983937792.000000 -0.000631415 0.000035094 -0.002882872 -0.000064557 0.000211159 0.000005233 1.000000000
1769782061017271296.000000 -0.000668890 0.000050249 -0.003025918 -0.000053034 0.000261625 -0.000274736 0.999999940
1769782061050604544.000000 -0.000608329 0.000043447 -0.002868245 0.000020686 0.000250740 -0.000119710 1.000000000
1769782061083937792.000000 -0.000705398 0.000017622 -0.002812877 0.000009993 0.000324754 -0.000052709 1.000000000
1769782061117271296.000000 -0.000698275 0.000042105 -0.002822984 -0.000044735 0.000243097 -0.000100641 1.000000000
1769782061150604800.000000 -0.000600228 -0.000100322 -0.002761155 -0.000191800 0.000286806 -0.000138598 1.000000000
1769782061183937536.000000 -0.000748332 0.000014451 -0.002914594 -0.000051801 0.000302994 -0.000031032 1.000000000
1769782061217272832.000000 -0.000586792 -0.000012569 -0.002697033 -0.000201153 -0.000052256 -0.000157612 1.000000000
1769782061250604544.000000 -0.000657992 -0.000045047 -0.002655732 -0.000297665 0.000103599 -0.000081132 1.000000000
1769782061283936512.000000 -0.000666464 -0.000034997 -0.002635226 -0.000188514 0.000139775 0.000035888 1.000000000
1769782061317271296.000000 -0.000613264 -0.000001250 -0.002731031 -0.000166409 -0.000005897 -0.000257235 1.000000000
1769782061350605056.000000 -0.000674834 -0.000094647 -0.002645883 -0.000307622 0.000126695 0.000074958 1.000000000
1769782061383936768.000000 -0.000662849 -0.000087375 -0.002825819 -0.000302745 0.000153317 -0.000256339 0.999999940
1769782061417271552.000000 -0.000598686 -0.000004245 -0.002676094 -0.000030827 -0.000021447 0.000027016 1.000000000
1769782061450604800.000000 -0.000650939 0.000079573 -0.002697256 0.000010340 0.000091137 -0.000231894 1.000000000
1769782061483937024.000000 -0.000666844 0.000082672 -0.002595039 -0.000023078 0.000011774 -0.000286157 1.000000000
1769782061517270784.000000 -0.000592472 -0.000010246 -0.002643163 -0.000239258 0.000090245 -0.000340385 1.000000000
1769782061550604800.000000 -0.000600973 0.000003176 -0.002550316 -0.000195505 0.000076764 0.000028467 1.000000000
1769782061583937280.000000 -0.000682256 0.000025837 -0.002626266 -0.000123438 0.000143337 -0.000081254 1.000000000
1769782061617270528.000000 -0.000632989 0.000071046 -0.002641099 -0.000018879 0.000163397 -0.000054658 1.000000000
1769782061650604288.000000 -0.000677773 0.000031699 -0.002640812 -0.000006005 0.000158983 0.000190958 1.000000000
1769782061683936768.000000 -0.000593453 0.000013880 -0.002645277 -0.000242648 -0.000009545 -0.000292630 1.000000000
1769782061717271552.000000 -0.000619258 0.000028456 -0.002637068 -0.000237963 0.000081041 -0.000214319 1.000000000
1769782061750605056.000000 -0.000607692 -0.000000003 -0.002619636 -0.000278322 0.000056718 -0.000143375 1.000000000
1769782061783937024.000000 -0.000654719 0.000015468 -0.002625471 -0.000153467 0.000138158 -0.000127510 1.000000000
1769782061817270784.000000 -0.000654912 0.000153493 -0.002603023 -0.000047811 0.000108520 -0.000199289 1.000000000
1769782061850604544.000000 -0.000664384 0.000048023 -0.002631746 -0.000157455 0.000116456 -0.000024194 1.000000000
1769782061883936768.000000 -0.000577634 0.000001507 -0.002621862 -0.000213134 0.000026589 -0.000050062 1.000000000
1769782061917270016.000000 -0.000666254 0.000038281 -0.002628225 -0.000111120 0.000135497 -0.000468880 0.999999881
1769782061950603264.000000 -0.000653045 0.000034117 -0.002694976 -0.000343144 0.000095144 -0.000500002 0.999999821
1769782061983937024.000000 -0.000632224 0.000063205 -0.002737312 -0.000147515 -0.000009179 -0.000226816 1.000000000
1769782062017271040.000000 -0.000638799 0.000018300 -0.002646760 -0.000150101 0.000183651 -0.000090256 1.000000000
1769782062050604032.000000 -0.000715350 0.000061596 -0.002876785 -0.000046895 0.000407545 -0.000053870 0.999999940
1769782062083937280.000000 -0.000663486 -0.000015698 -0.002651433 -0.000258783 0.000114682 0.000198096 1.000000000
1769782062117270528.000000 -0.000669996 0.000046082 -0.002823615 -0.000185296 0.000412460 -0.000015288 0.999999940
1769782062150604544.000000 -0.000682064 0.000020265 -0.002879476 -0.000096303 0.000331684 -0.000145870 1.000000000
1769782062183937280.000000 -0.000677669 -0.000038651 -0.002837727 -0.000268177 0.000246956 0.000148930 0.999999940
1769782062217272320.000000 -0.000610028 0.000000497 -0.002614863 -0.000292724 0.000070069 -0.000167236 0.999999940
1769782062250604288.000000 -0.000627262 0.000022508 -0.002558311 -0.000312463 0.000179616 0.000281532 0.999999940
1769782062283936000.000000 -0.000655646 0.000020143 -0.002841701 -0.000111825 0.000249483 -0.000009882 1.000000000
1769782062317270272.000000 -0.000698072 -0.000014475 -0.002979045 -0.000211355 0.000286209 0.000007667 1.000000000
1769782062350604288.000000 -0.000672051 -0.000007487 -0.002865629 -0.000208274 0.000342213 -0.000039974 1.000000000
1769782062383936512.000000 -0.000630043 0.000075946 -0.002514775 -0.000278911 0.000122229 -0.000060583 1.000000000
1769782062417270784.000000 -0.000607943 -0.000005077 -0.002602804 -0.000389859 0.000021057 -0.000180550 0.999999940
1769782062450604288.000000 -0.000584335 0.000034462 -0.002543298 -0.000292159 0.000056458 -0.000110846 1.000000000
1769782062483936000.000000 -0.000640542 0.000061370 -0.002618189 -0.000200016 0.000121626 -0.000282466 1.000000000
1769782062517270528.000000 -0.000661330 0.000034169 -0.002681411 -0.000172708 0.000144023 -0.000164298 1.000000000
1769782062550604288.000000 -0.000660643 0.000005373 -0.002615863 -0.000239221 0.000194203 -0.000200394 1.000000000
1769782062583936256.000000 -0.000598441 0.000040917 -0.002798641 -0.000168432 0.000191618 -0.000128647 1.000000000
1769782062617269504.000000 -0.000617780 -0.000033015 -0.002654981 -0.000341234 0.000108125 0.000074654 1.000000000
1769782062650603520.000000 -0.000726060 -0.000023360 -0.002538947 -0.000266362 0.000231047 0.000185998 0.999999940
1769782062683936000.000000 -0.000578313 -0.000067027 -0.002614053 -0.000331075 -0.000019623 0.000177611 0.999999940
1769782062717270528.000000 -0.000556650 -0.000046975 -0.002572285 -0.000357159 -0.000059005 0.000105261 1.000000000
1769782062750604544.000000 -0.000587193 -0.000036436 -0.002594093 -0.000259915 0.000007471 0.000040366 1.000000000
1769782062783936512.000000 -0.000595949 -0.000045549 -0.002682770 -0.000272543 -0.000089139 0.000123129 1.000000000
1769782062817270016.000000 -0.000619275 0.000015594 -0.002583564 -0.000131923 -0.000027856 0.000195811 1.000000000
1769782062850603776.000000 -0.000521086 -0.000029162 -0.002506812 -0.000380873 -0.000164380 0.000014033 1.000000000
1769782062883937024.000000 -0.000565902 -0.000044226 -0.002531273 -0.000396347 -0.000031022 -0.000050553 1.000000000
1769782062917269760.000000 -0.000530199 0.000029823 -0.002586461 -0.000206544 -0.000112608 -0.000245348 1.000000000
1769782062950603520.000000 -0.000575527 0.000006996 -0.002699051 -0.000214799 -0.000113027 0.000011154 1.000000000
1769782062983936000.000000 -0.000578528 -0.000047016 -0.002717301 -0.000320640 -0.000103372 -0.000060563 1.000000000
1769782063017270016.000000 -0.000580829 0.000052291 -0.002723944 -0.000215620 -0.000157274 -0.000205059 1.000000000
1769782063050603264.000000 -0.000604612 -0.000036993 -0.002612974 -0.000318506 -0.000074107 0.000082595 1.000000000
1769782063083936256.000000 -0.000531296 0.000044265 -0.002589700 -0.000260946 -0.000083212 -0.000134839 1.000000000
1769782063117270016.000000 -0.000559617 0.000081065 -0.002598480 -0.000382262 0.000016115 0.000064893 1.000000000
1769782063150603520.000000 -0.000564381 0.000040056 -0.002528428 -0.000601711 0.000019332 -0.000349365 0.999999762
1769782063183936000.000000 -0.000408949 0.000099726 -0.002581109 -0.000364137 -0.000087946 -0.000020961 1.000000000
1769782063217271552.000000 -0.000355797 0.000074116 -0.002601174 -0.000446004 -0.000181226 -0.000071908 0.999999881
1769782063250603008.000000 -0.000468389 0.000094134 -0.002596884 -0.000409306 -0.000102171 -0.000394210 0.999999881
1769782063283936512.000000 -0.000415918 0.000000009 -0.002524682 -0.000548694 -0.000078219 -0.000323736 0.999999881
1769782063317269504.000000 -0.000425367 0.000115110 -0.002642155 -0.000561051 -0.000132973 -0.000799940 0.999999583
1769782063350603264.000000 -0.000463406 0.000157886 -0.002617052 -0.000381823 0.000003302 -0.000780970 0.999999642
1769782063383935232.000000 -0.000509284 0.000141216 -0.002728433 -0.000400830 -0.000034782 -0.000841889 0.999999583
1769782063417270528.000000 -0.000509577 0.000137685 -0.002748531 -0.000417080 -0.000007391 -0.001359290 0.999998987
1769782063450603520.000000 -0.000585281 0.000130731 -0.002483740 -0.000445934 0.000121344 -0.001005052 0.999999464
1769782063483936256.000000 -0.000542579 -0.000049565 -0.002317705 -0.000514152 0.000060832 -0.000917536 0.999999523
1769782063517269504.000000 -0.000538921 0.000079459 -0.002462786 -0.000062956 0.000110464 -0.000634774 0.999999821
1769782063550603776.000000 -0.000487242 0.000083226 -0.002441320 -0.000040152 0.000021988 -0.001551404 0.999998808
1769782063583935488.000000 -0.000572692 0.000185890 -0.002465584 0.000543770 0.000113420 -0.001547325 0.999998689
1769782063617268992.000000 -0.000473123 0.000206382 -0.002306655 0.000720255 0.000175765 -0.001675749 0.999998391
1769782063650603264.000000 -0.000517353 0.000409430 -0.002332115 0.001112916 0.000424011 -0.002340683 0.999996603
1769782063683935744.000000 -0.000533897 0.000178109 -0.002505162 0.001087356 0.000259438 -0.002046270 0.999997318
1769782063717269760.000000 -0.000395333 0.000104034 -0.002308589 0.001684344 0.000203789 -0.001541254 0.999997437
1769782063750603776.000000 -0.000514891 0.000231818 -0.002258488 0.001931232 0.000388950 -0.002148172 0.999995828
1769782063783935488.000000 -0.000493220 0.000269347 -0.002325565 0.002139064 0.000474204 -0.002100610 0.999995470
1769782063817269248.000000 -0.000395199 0.000246732 -0.002322495 0.002175021 0.000757700 -0.002480281 0.999994278
1769782063850603008.000000 -0.000583787 0.000178644 -0.002460509 0.002350272 0.001080091 -0.002907070 0.999992430
1769782063883936000.000000 -0.000534293 0.000201876 -0.002277182 0.002181395 0.001371905 -0.003370787 0.999991000
1769782063917269248.000000 -0.000659784 0.000159781 -0.002329457 0.002028595 0.001756488 -0.003305566 0.999991000
1769782063950602240.000000 -0.000572729 0.000115067 -0.002306582 0.001873177 0.001948004 -0.003445245 0.999990404
1769782063983936256.000000 -0.000547500 0.000207050 -0.002259066 0.001839624 0.002054965 -0.003791180 0.999989033
1769782064017269504.000000 -0.000595449 0.000186949 -0.002230231 0.001790779 0.002451837 -0.003842187 0.999988079
1769782064050602496.000000 -0.000586111 0.000155823 -0.002241856 0.001661725 0.002731696 -0.004193936 0.999986172
1769782064083936000.000000 -0.000588629 0.000159152 -0.002275193 0.002018496 0.002967555 -0.004123632 0.999985039
1769782064117269504.000000 -0.000679771 0.000241725 -0.002466871 0.002102483 0.003494621 -0.004269319 0.999982595
1769782064150603008.000000 -0.000668773 0.000237684 -0.002323554 0.002161713 0.003909570 -0.004562185 0.999979675
1769782064183936256.000000 -0.000724206 0.000239928 -0.002576526 0.002545683 0.004067684 -0.003692486 0.999981701
1769782064217271040.000000 -0.000727982 0.000232905 -0.002553020 0.002701190 0.004575877 -0.003903149 0.999978304
1769782064250603264.000000 -0.000658854 0.000305235 -0.002327702 0.002290125 0.004905688 -0.005328256 0.999971151
1769782064283935232.000000 -0.000645018 0.000321675 -0.002250399 0.002059236 0.005450269 -0.005378442 0.999968588
1769782064317269248.000000 -0.000650158 0.000317505 -0.002276387 0.001783225 0.005966290 -0.005559629 0.999965191
1769782064350603264.000000 -0.000644651 0.000315899 -0.002230200 0.001738012 0.006258679 -0.005572427 0.999963403
1769782064383934976.000000 -0.001073359 0.000525410 -0.002982197 0.002166309 0.006107459 -0.004140844 0.999970436
1769782064417269760.000000 -0.001018518 0.000533885 -0.002908518 0.002247004 0.006546334 -0.004317288 0.999966800
1769782064450603008.000000 -0.001174368 0.000458372 -0.003135889 0.001961088 0.007134082 -0.004356686 0.999963224
1769782064483934720.000000 -0.001224889 0.000632357 -0.003526355 0.002202216 0.008036785 -0.004735342 0.999954104
1769782064517268992.000000 -0.001310774 0.000594599 -0.003651032 0.002142841 0.008455068 -0.005029695 0.999949336
1769782064550603264.000000 -0.001246388 0.000652114 -0.003487055 0.002059998 0.009197234 -0.005827282 0.999938667
1769782064583934976.000000 -0.001206915 0.000596648 -0.003147764 0.002104342 0.009520890 -0.005724872 0.999936104
1769782064617268480.000000 -0.001313431 0.000394621 -0.003146590 0.001619581 0.010529197 -0.005223108 0.999929607
1769782064650601984.000000 -0.001459161 0.000309432 -0.003164259 0.001380383 0.011388363 -0.005425980 0.999919474
1769782064683935488.000000 -0.001377364 0.000449602 -0.003143309 0.001360056 0.011952111 -0.005707235 0.999911368
1769782064717269760.000000 -0.001472635 0.000315518 -0.003240349 0.000939127 0.012500985 -0.005815173 0.999904573
1769782064750603776.000000 -0.001614060 0.000322100 -0.003549194 0.000835262 0.013463626 -0.005495522 0.999893963
1769782064783935488.000000 -0.001618254 0.000321374 -0.003576233 0.000466427 0.014385683 -0.005910924 0.999878943
1769782064817268992.000000 -0.001858117 0.000133073 -0.003069485 0.000251607 0.014631697 -0.003700621 0.999886096
1769782064850602752.000000 -0.001868051 0.000124942 -0.003288188 -0.000334001 0.015266794 -0.004089588 0.999875069
1769782064883935488.000000 -0.001997413 0.000199117 -0.003452350 -0.000449072 0.015982863 -0.004336566 0.999862850
1769782064917268224.000000 -0.001885506 0.000048942 -0.003321719 -0.001178420 0.016549008 -0.004667199 0.999851465
1769782064950601472.000000 -0.001927262 0.000134373 -0.003541973 -0.001372648 0.017173914 -0.004483754 0.999841571
1769782064983934976.000000 -0.002238773 -0.000316694 -0.003339572 -0.002197884 0.018611673 -0.003098963 0.999819577
1769782065017268992.000000 -0.002259254 -0.000178293 -0.003037908 -0.002629479 0.019917034 -0.003332207 0.999792635
1769782065050602496.000000 -0.002549768 -0.000200468 -0.003492094 -0.003283545 0.021070451 -0.003405109 0.999766827
1769782065083935488.000000 -0.002372048 -0.000388509 -0.003243105 -0.003930582 0.021592675 -0.003060642 0.999754488
1769782065117268992.000000 -0.002561704 -0.000358142 -0.003575991 -0.004655440 0.022421246 -0.003591465 0.999731362
1769782065150602240.000000 -0.002809525 -0.000416356 -0.003812660 -0.005301467 0.023538960 -0.003054121 0.999704242
1769782065183969280.000000 -0.002846425 -0.000472867 -0.003917650 -0.006438110 0.024355553 -0.002993570 0.999678135
1769782065217304832.000000 -0.002967776 -0.000557595 -0.004141910 -0.007232311 0.025198370 -0.003189673 0.999651253
1769782065250636544.000000 -0.002875692 -0.001003870 -0.003348152 -0.008594037 0.026174041 -0.003299098 0.999615014
1769782065283969280.000000 -0.002968017 -0.001009064 -0.003824837 -0.008922971 0.026778398 -0.002697754 0.999597967
1769782065317302272.000000 -0.003000165 -0.000914123 -0.003866025 -0.009844045 0.027493564 -0.003238153 0.999568343
1769782065350637056.000000 -0.003041978 -0.001181045 -0.003985523 -0.010914570 0.027854092 -0.002490413 0.999549329
1769782065383968512.000000 -0.003047646 -0.001362529 -0.003546528 -0.011882497 0.029077474 -0.002673486 0.999502957
1769782065417303040.000000 -0.003179349 -0.001504855 -0.003703343 -0.012811186 0.030047933 -0.002724508 0.999462664
1769782065450636288.000000 -0.003138294 -0.001674889 -0.003627361 -0.013641755 0.030974748 -0.001992304 0.999425113
1769782065483970048.000000 -0.003179057 -0.002010535 -0.003388391 -0.015286641 0.031611789 -0.001888235 0.999381602
1769782065517303296.000000 -0.003230459 -0.002064187 -0.003437073 -0.015891451 0.032144789 -0.002278985 0.999354303
1769782065550637056.000000 -0.003201830 -0.002284439 -0.003150801 -0.016974073 0.033161752 -0.000583017 0.999305725
1769782065583968256.000000 -0.003410208 -0.002197961 -0.003852787 -0.017985612 0.033732176 -0.001807220 0.999267459
1769782065617302016.000000 -0.003480527 -0.002315891 -0.003976503 -0.018885912 0.034185607 -0.001823439 0.999235392
1769782065650636800.000000 -0.003979015 -0.002399443 -0.004780859 -0.019812483 0.035067473 -0.001431984 0.999187589
1769782065683969024.000000 -0.003412191 -0.002543789 -0.003771403 -0.020805016 0.035247911 -0.001015764 0.999161541
1769782065717303040.000000 -0.003504711 -0.002905459 -0.003558587 -0.022038886 0.035967916 -0.001261638 0.999109149
1769782065750637312.000000 -0.003414301 -0.002847800 -0.002600687 -0.023383398 0.036976330 0.000177573 0.999042511
1769782065783968768.000000 -0.003463660 -0.003189561 -0.003048942 -0.023997864 0.037464526 0.000743373 0.999009550
1769782065817302784.000000 -0.003518714 -0.003133053 -0.003197466 -0.024703177 0.037767973 0.000596946 0.998980999
1769782065850636544.000000 -0.003643839 -0.003269278 -0.003271841 -0.025390489 0.038400836 0.001108364 0.998939216
1769782065883968768.000000 -0.003623774 -0.003285637 -0.003299164 -0.026213745 0.038401425 0.000859034 0.998918176
1769782065917302016.000000 -0.003638441 -0.003333264 -0.003227878 -0.026835905 0.038528394 0.000908883 0.998896718
1769782065950635776.000000 -0.003623187 -0.003336909 -0.003113600 -0.027296362 0.038736526 0.001247189 0.998875797
1769782065983968256.000000 -0.003743787 -0.003392937 -0.003381819 -0.027506215 0.039046749 0.001175416 0.998858035
1769782066017302528.000000 -0.003798410 -0.003466935 -0.003502074 -0.027976841 0.039221760 0.001309060 0.998837948
1769782066050635520.000000 -0.003734645 -0.003466677 -0.003218095 -0.028258998 0.039438616 0.001369113 0.998821437
1769782066083968512.000000 -0.003786572 -0.003570028 -0.003280424 -0.028639484 0.039708380 0.001658607 0.998799443
1769782066117302528.000000 -0.003814118 -0.003570325 -0.003493568 -0.028583093 0.039725225 0.001719997 0.998800278
1769782066150636288.000000 -0.003882189 -0.003456245 -0.003170869 -0.028370969 0.040075526 0.002993250 0.998789310
1769782066183968512.000000 -0.003881939 -0.003524141 -0.003064577 -0.028666614 0.040083870 0.002876476 0.998780906
1769782066217303808.000000 -0.003971143 -0.003425937 -0.003337676 -0.028394053 0.039898694 0.003065097 0.998795509
1769782066250636032.000000 -0.003872779 -0.003484805 -0.003172269 -0.028261568 0.039870393 0.002989461 0.998800635
1769782066283968000.000000 -0.003920076 -0.003529004 -0.003288566 -0.028007166 0.039957147 0.003387029 0.998803079
1769782066317302016.000000 -0.003792166 -0.003558848 -0.002728656 -0.027956301 0.039213285 0.000879196 0.998839319
1769782066350636032.000000 -0.003810249 -0.003663209 -0.002739471 -0.027310165 0.039336737 0.001080775 0.998852134
1769782066383968256.000000 -0.003668712 -0.003626557 -0.002531131 -0.026589334 0.039251637 0.000828732 0.998875260
1769782066417302784.000000 -0.003778015 -0.003502604 -0.002685057 -0.025530603 0.039027099 0.000418963 0.998911858
1769782066450635776.000000 -0.003726558 -0.003390281 -0.002717275 -0.025142524 0.038184337 0.000028015 0.998954415
1769782066483968000.000000 -0.003661446 -0.003419935 -0.002647823 -0.024696494 0.037256796 -0.000079724 0.999000549
1769782066517302016.000000 -0.003681276 -0.003456491 -0.002597261 -0.023971710 0.036513720 0.000128484 0.999045670
1769782066550636544.000000 -0.003752436 -0.002941458 -0.003252394 -0.022474675 0.036193479 -0.000655976 0.999091804
1769782066583968256.000000 -0.003253059 -0.002928215 -0.002721416 -0.021755015 0.035250343 -0.000153289 0.999141693
1769782066617301760.000000 -0.003205100 -0.002863777 -0.002664097 -0.020474058 0.034660656 -0.000206634 0.999189436
1769782066650635520.000000 -0.003440123 -0.002766002 -0.003112517 -0.018686349 0.034059837 -0.000463981 0.999244988
1769782066683967744.000000 -0.003333089 -0.002719413 -0.003095259 -0.017188855 0.033343941 -0.001071863 0.999295592
1769782066717302272.000000 -0.003290496 -0.002605794 -0.003067492 -0.015982175 0.032588314 -0.001089165 0.999340534
1769782066750636288.000000 -0.003522717 -0.002284317 -0.003776071 -0.014221639 0.031825460 -0.001463166 0.999391198
1769782066783968000.000000 -0.003415629 -0.002169509 -0.003675531 -0.012583275 0.030821195 -0.001683628 0.999444366
1769782066817301760.000000 -0.003292649 -0.001802098 -0.003750405 -0.011276791 0.029268578 -0.001961862 0.999506056
1769782066850635776.000000 -0.003598680 -0.002141196 -0.003868655 -0.009425561 0.028833278 -0.001686540 0.999538362
1769782066883968256.000000 -0.003131174 -0.001474650 -0.003677854 -0.008015379 0.027161304 -0.003136942 0.999594033
1769782066917302016.000000 -0.003082634 -0.001116975 -0.003775893 -0.005922782 0.026534503 -0.002742884 0.999626637
1769782066950635264.000000 -0.002995681 -0.000896834 -0.004031482 -0.003240020 0.026013365 -0.003309953 0.999650896
1769782066983969024.000000 -0.003014939 -0.000473605 -0.002991495 -0.000795224 0.025602866 -0.002014047 0.999669850
1769782067017301504.000000 -0.002937585 -0.000349104 -0.002873344 0.001670814 0.025136862 -0.002135952 0.999680340
1769782067050635008.000000 -0.002732963 -0.000011541 -0.002514903 0.004166462 0.023900721 -0.001755772 0.999704123
1769782067083968512.000000 -0.002656364 0.000290074 -0.002451289 0.006366448 0.023295728 -0.002318629 0.999705732
1769782067117301504.000000 -0.002625757 0.000521631 -0.002253152 0.009182815 0.022521859 -0.002630040 0.999700785
1769782067150635776.000000 -0.002696375 0.001065171 -0.003899343 0.011994825 0.021558350 -0.005014093 0.999683082
1769782067183968000.000000 -0.001913866 0.001729801 -0.002827804 0.013975166 0.020883394 -0.004703744 0.999673188
1769782067217303552.000000 -0.001726571 0.002115196 -0.002764286 0.016420281 0.019930268 -0.005323313 0.999652445
1769782067250635520.000000 -0.001519501 0.002495453 -0.002937159 0.018881775 0.019010385 -0.005571384 0.999625504
1769782067283967488.000000 -0.001420989 0.002572265 -0.002456658 0.021085206 0.017776258 -0.004787975 0.999608219
1769782067317301760.000000 -0.001254463 0.002109671 -0.002375993 0.023587251 0.017316187 -0.003082677 0.999567032
1769782067350636032.000000 -0.001504761 0.002241038 -0.003476520 0.025043784 0.015960459 -0.003343303 0.999553382
1769782067383967488.000000 -0.001513774 0.003183527 -0.003922080 0.028371364 0.015194267 -0.002803837 0.999478042
1769782067417302272.000000 -0.001841666 0.003577285 -0.004580864 0.030114224 0.014358803 -0.002635223 0.999439895
1769782067450635520.000000 -0.001758677 0.003747403 -0.004515185 0.032937016 0.012800391 -0.001485714 0.999374330
1769782067483967488.000000 -0.000977430 0.003279003 -0.003472632 0.031412262 0.011593817 -0.002011680 0.999437273
1769782067517301248.000000 -0.000812833 0.003803550 -0.004834491 0.027877873 0.010066113 -0.002770589 0.999556839
1769782067550635264.000000 -0.000659705 0.003635896 -0.004481240 0.022985239 0.008559796 -0.001535587 0.999698043
1769782067583966976.000000 -0.000555910 0.003705777 -0.004451436 0.018726911 0.007289574 -0.001624161 0.999796748
1769782067617300992.000000 -0.001058736 0.003250425 -0.002197971 0.013941099 0.007863721 -0.003596625 0.999865472
1769782067650634752.000000 -0.000922714 0.003348967 -0.002069959 0.012327881 0.006031443 -0.002892058 0.999901652
1769782067683967232.000000 -0.000823536 0.003369806 -0.001777975 0.010178838 0.005105230 -0.003233464 0.999929965
1769782067717301760.000000 -0.000686429 0.003533781 -0.001768259 0.009144082 0.003547021 -0.002972407 0.999947548
1769782067750635520.000000 -0.000390961 0.003849080 -0.001654953 0.008925730 0.002181100 -0.003506903 0.999951661
1769782067783967488.000000 -0.000772633 0.003718397 -0.002489627 0.007842843 0.001962090 -0.003109113 0.999962509
1769782067817300992.000000 -0.000612488 0.003863376 -0.002314341 0.007678407 0.000938879 -0.003165370 0.999965131
1769782067850635008.000000 -0.000472547 0.003805277 -0.002007675 0.006925403 -0.000153566 -0.004100745 0.999967635
1769782067883968256.000000 -0.000525202 0.003875978 -0.002248440 0.007299977 -0.001014168 -0.004193680 0.999964058
1769782067917300992.000000 -0.000579457 0.004051140 -0.002159526 0.007604689 -0.001504458 -0.004075042 0.999961674
1769782067950634496.000000 -0.000398317 0.004160085 -0.002021562 0.008377531 -0.002772291 -0.004052148 0.999952853
1769782067983968000.000000 -0.000298118 0.004137290 -0.001821093 0.009373271 -0.003585470 -0.003260548 0.999944329
1769782068017301504.000000 -0.000738285 0.003747811 -0.000780248 0.010085071 -0.002787827 -0.003750150 0.999938250
1769782068050634496.000000 -0.000565887 0.003908319 -0.000621763 0.011501177 -0.003846899 -0.004454368 0.999916613
1769782068083967744.000000 -0.000515916 0.004005182 -0.000660220 0.013547640 -0.004673654 -0.003843682 0.999889970
1769782068117300992.000000 0.000105022 0.004827924 -0.001465878 0.016463814 -0.006831644 -0.005506128 0.999825954
1769782068150633984.000000 0.000230873 0.004904717 -0.001745500 0.018648576 -0.007868093 -0.005102086 0.999782145
1769782068183967232.000000 0.000159287 0.005088256 -0.001640811 0.021029618 -0.008385853 -0.004466271 0.999733746
1769782068217304064.000000 0.000123927 0.004983271 -0.001172706 0.022512885 -0.008613443 -0.003949547 0.999701679
1769782068250634752.000000 0.000260831 0.005080680 -0.001642542 0.024835302 -0.009740115 -0.003247611 0.999638855
1769782068283967232.000000 0.000300884 0.004626014 -0.000977554 0.025351422 -0.010006850 -0.003019681 0.999623954
1769782068317300736.000000 0.000259269 0.004557266 -0.000997960 0.026213575 -0.010352696 -0.002595026 0.999599397
1769782068350634752.000000 0.000000529 0.004498214 -0.002689659 0.026575983 -0.010846027 -0.001444708 0.999586940
1769782068383966720.000000 0.000545419 0.004816440 -0.001631993 0.027114265 -0.011148455 -0.001975306 0.999568224
1769782068417301248.000000 0.000487470 0.004849598 -0.001891440 0.027698265 -0.011688745 -0.001576868 0.999546766
1769782068450634496.000000 0.000505157 0.004792761 -0.001652552 0.028186418 -0.012142596 -0.001149586 0.999528289
1769782068483968000.000000 0.000542725 0.004673293 -0.002077614 0.028965048 -0.012976720 -0.000766328 0.999495924
1769782068517300992.000000 0.000678759 0.004742823 -0.001906570 0.029813949 -0.013745112 -0.000270770 0.999460936
1769782068550634496.000000 0.000623936 0.004669983 -0.002008669 0.030176636 -0.014553409 0.000207798 0.999438643
1769782068583966720.000000 0.000564859 0.004557470 -0.002321023 0.030365102 -0.014844158 -0.000652669 0.999428451
1769782068617300480.000000 0.000517101 0.004510292 -0.002130167 0.030880544 -0.014818148 0.000147252 0.999413252
1769782068650634752.000000 0.000586330 0.004426451 -0.002237148 0.030229602 -0.015911482 -0.000040566 0.999416292
1769782068683966720.000000 0.000625625 0.004354740 -0.002447289 0.029852178 -0.016418874 0.000135906 0.999419510
1769782068717302272.000000 0.000550891 0.004222389 -0.002407678 0.029513305 -0.016703377 0.000914054 0.999424458
1769782068750635008.000000 0.000745214 0.003857616 -0.002587085 0.028205955 -0.017519817 0.000676264 0.999448359
1769782068783966464.000000 0.000680439 0.004124644 -0.003290343 0.028021887 -0.019743972 0.000524669 0.999412179
1769782068817300480.000000 0.000671143 0.004089968 -0.003524261 0.027310284 -0.019895079 0.001313268 0.999428213
1769782068850634240.000000 0.000863790 0.003689719 -0.003555102 0.025996095 -0.020941611 0.000736954 0.999442399
1769782068883967232.000000 0.000630188 0.003953764 -0.003577207 0.025995368 -0.020725623 0.001704850 0.999445796
1769782068917299968.000000 0.003179969 0.003481087 -0.000749656 0.023431227 -0.021560093 0.003281068 0.999487579
1769782068950633216.000000 0.003296692 0.003255466 -0.000807283 0.021959966 -0.022105193 0.003520601 0.999508262
1769782068983966464.000000 0.003415604 0.003183546 -0.000778558 0.021080127 -0.022822712 0.003002543 0.999512792
1769782069017300736.000000 0.001599868 0.003314741 -0.003173588 0.019541861 -0.022543870 0.002732531 0.999551117
1769782069050633984.000000 0.001496672 0.003111974 -0.003357255 0.018147897 -0.022665998 0.002641865 0.999574959
1769782069083967488.000000 0.001543361 0.002839303 -0.003352975 0.016176909 -0.023038285 0.002788482 0.999599874
1769782069117300480.000000 0.001699832 0.002498043 -0.002678917 0.014174750 -0.023421073 0.003310203 0.999619722
1769782069150633984.000000 0.001640676 0.002286924 -0.002994966 0.012441192 -0.023607211 0.003298717 0.999638498
1769782069183967232.000000 0.001900748 0.001625271 -0.001533451 0.010292067 -0.024896655 0.002796355 0.999633193
1769782069217302272.000000 0.001909387 0.001341138 -0.001586538 0.008345556 -0.025254933 0.003044042 0.999641597
1769782069250634240.000000 0.001073130 0.000283320 -0.001739316 0.006174547 -0.024624867 0.004908490 0.999665678
1769782069283966208.000000 0.001006600 0.000191271 -0.002051462 0.004178740 -0.024671623 0.004946370 0.999674678
1769782069317300224.000000 0.001210435 0.000045766 -0.001703863 0.001841777 -0.025300005 0.002503534 0.999675095
1769782069350633984.000000 0.000994894 0.000548534 -0.004279538 0.000048566 -0.026796635 0.001503744 0.999639809
1769782069383966464.000000 0.001007468 0.000219177 -0.004104387 -0.001994810 -0.027048400 0.001971946 0.999630272
1769782069417300992.000000 0.001000535 0.000058846 -0.004132216 -0.004187430 -0.027090132 0.001661183 0.999622881
1769782069450633984.000000 0.001066615 -0.000419899 -0.004069819 -0.006639116 -0.026864376 0.001853348 0.999615371
1769782069483966976.000000 0.001000427 -0.000873998 -0.004550904 -0.009208981 -0.026936350 0.002238809 0.999592304
1769782069517300480.000000 0.001063499 -0.001375915 -0.002129199 -0.010212580 -0.025061456 0.004934523 0.999621630
1769782069550634496.000000 0.001032390 -0.001363019 -0.002762703 -0.012199997 -0.024630535 0.004659067 0.999611318
1769782069583965952.000000 0.000948377 -0.001825252 -0.002271567 -0.014466391 -0.024219200 0.004841216 0.999590337
1769782069617299456.000000 0.000870485 -0.001953851 -0.002391123 -0.016275717 -0.023944279 0.005652642 0.999564886
1769782069650633472.000000 0.000780558 -0.002132117 -0.002538847 -0.018112233 -0.023362411 0.005766766 0.999546349
1769782069683965952.000000 0.001004203 -0.002362249 -0.002806957 -0.020382900 -0.024094833 0.004118768 0.999493420
1769782069717300992.000000 0.000987039 -0.002525479 -0.002722155 -0.022438983 -0.023838319 0.003195658 0.999458909
1769782069750634752.000000 0.000747748 -0.002688540 -0.002848152 -0.023850473 -0.022635713 0.003860310 0.999451816
1769782069783966720.000000 0.000728378 -0.002799829 -0.003212758 -0.025585914 -0.022066722 0.004232594 0.999420106
1769782069817299968.000000 0.000637768 -0.002853158 -0.003235060 -0.026621096 -0.021708677 0.004929279 0.999397755
1769782069850633984.000000 0.000657554 -0.003309833 -0.003160761 -0.028742772 -0.021078371 -0.003106197 0.999359787
1769782069883966208.000000 0.000568821 -0.003516666 -0.003507272 -0.030246947 -0.021050280 -0.013546868 0.999229014
1769782069917299712.000000 0.000572748 -0.003679729 -0.003487098 -0.031824816 -0.021162441 -0.024326395 0.998973310
1769782069950633216.000000 0.000577131 -0.003855841 -0.003072230 -0.032895289 -0.020809682 -0.033121154 0.998693109
1769782069983966720.000000 0.000634882 -0.004225127 -0.003064213 -0.034548372 -0.020764209 -0.041900851 0.998308361
1769782070017300224.000000 0.000593371 -0.004269121 -0.002978845 -0.035311319 -0.020462176 -0.048564155 0.997985959
1769782070050633216.000000 0.000630348 -0.004346997 -0.002745810 -0.036280472 -0.019966602 -0.054969549 0.997628927
1769782070083966464.000000 0.000608341 -0.004516219 -0.003121484 -0.037233826 -0.019416586 -0.061229572 0.997240007
1769782070117299968.000000 0.000249980 -0.004447218 -0.003225689 -0.037324660 -0.018221930 -0.064924806 0.997025430
1769782070150633472.000000 0.000249434 -0.004530014 -0.002707089 -0.038037669 -0.017454065 -0.068764873 0.996754706
1769782070183965952.000000 0.000590950 -0.005048545 -0.002965728 -0.038619686 -0.017285371 -0.072205879 0.996491909
1769782070217303296.000000 0.000446218 -0.005070489 -0.003078321 -0.039024454 -0.016329119 -0.073840700 0.996372461
1769782070250633984.000000 0.000405215 -0.005254709 -0.002838776 -0.039490808 -0.015302572 -0.074083328 0.996352315
1769782070283965952.000000 0.000156646 -0.004613394 -0.003357449 -0.039015267 -0.013945736 -0.075394355 0.996292651
1769782070317299712.000000 0.000130151 -0.004578225 -0.003342473 -0.038821772 -0.012702500 -0.073448099 0.996462226
1769782070350633472.000000 -0.000287532 -0.004585200 -0.003422821 -0.038024515 -0.010697739 -0.068084747 0.996897280
1769782070383965696.000000 -0.000526479 -0.004599927 -0.003376184 -0.037451778 -0.008855320 -0.064029478 0.997205734
1769782070417299968.000000 -0.000595334 -0.004320288 -0.003589439 -0.036566492 -0.007419371 -0.060441215 0.997474194
1769782070450632960.000000 -0.000669760 -0.004426826 -0.003270987 -0.036378134 -0.005899785 -0.056677774 0.997712135
1769782070483965184.000000 -0.000844617 -0.004308733 -0.003228261 -0.035496637 -0.004114832 -0.053853378 0.997909307
1769782070517299456.000000 -0.001151309 -0.003406435 -0.003411815 -0.032998066 -0.000911877 -0.051380116 0.998133540
1769782070550633984.000000 -0.001167808 -0.003619464 -0.003540791 -0.032494750 -0.000187629 -0.049022216 0.998268962
1769782070583965184.000000 -0.001698329 -0.003205867 -0.003681250 -0.030948710 0.002139147 -0.046235804 0.998448730
1769782070617298944.000000 -0.001509657 -0.003287360 -0.003440605 -0.029418608 0.002556096 -0.042575642 0.998656750
1769782070650632960.000000 -0.001515718 -0.003206009 -0.003679841 -0.028882725 0.004336937 -0.042093471 0.998686671
1769782070683965184.000000 -0.001983159 -0.003128957 -0.003532241 -0.027088728 0.006202414 -0.039192688 0.998845220
1769782070717299968.000000 -0.001977935 -0.003116501 -0.003368712 -0.025959218 0.007613641 -0.037295576 0.998938084
1769782070750633984.000000 -0.001918647 -0.003072619 -0.003439647 -0.024891520 0.008899371 -0.037595399 0.998943388
1769782070783966208.000000 -0.001971391 -0.002930590 -0.003485319 -0.022873456 0.010339476 -0.038036186 0.998961091
1769782070817299712.000000 -0.002011570 -0.002926822 -0.003509018 -0.020964522 0.011789657 -0.037461564 0.999008596
1769782070850632960.000000 -0.001907868 -0.002545198 -0.003234937 -0.017914210 0.013284088 -0.036497779 0.999084830
1769782070883966208.000000 -0.002021801 -0.002846200 -0.002879928 -0.015785379 0.015351846 -0.036196556 0.999102056
1769782070917298432.000000 -0.002150580 -0.002283356 -0.002937362 -0.011632228 0.017749147 -0.036581479 0.999105394
1769782070950632192.000000 -0.002419740 -0.002273950 -0.003318734 -0.009509745 0.020658461 -0.036929540 0.999059081
1769782070983965696.000000 -0.002702641 -0.002076709 -0.003672468 -0.005042621 0.023553591 -0.036720686 0.999035239
1769782071017299712.000000 -0.002588751 -0.001375186 -0.003259291 0.000159528 0.025665728 -0.036993310 0.998985887
1769782071050633472.000000 -0.002486145 -0.000873285 -0.002457746 0.004282095 0.028670654 -0.038377799 0.998842776
1769782071083965440.000000 -0.002684805 -0.001288652 -0.002766991 0.006270600 0.031917855 -0.038811594 0.998716950
1769782071117299200.000000 -0.003170538 -0.000612893 -0.003871713 0.011342062 0.036321893 -0.036645152 0.998603642
1769782071150632960.000000 -0.002749482 -0.000919961 -0.002590909 0.012222424 0.039479185 -0.037945677 0.998424828
1769782071183965696.000000 -0.002901201 -0.000626519 -0.002838624 0.015218567 0.043050587 -0.038184196 0.998226941
1769782071217299712.000000 -0.002599584 -0.000586414 -0.002542445 0.017559031 0.045607544 -0.040404357 0.997987568
1769782071250633216.000000 -0.002632956 -0.000357108 -0.002749272 0.019846071 0.049252842 -0.040799934 0.997755349
1769782071283965184.000000 -0.002671771 -0.000141085 -0.002272139 0.022287749 0.053502828 -0.041578043 0.997452796
1769782071317299456.000000 -0.002775877 -0.000004794 -0.002304188 0.024652855 0.057255816 -0.041861020 0.997176886
1769782071350632960.000000 -0.002253623 0.000572793 -0.002389345 0.026931589 0.059247475 -0.046585772 0.996792018
1769782071383964928.000000 -0.002933468 0.000842285 -0.001764942 0.028625062 0.064854458 -0.044573326 0.996487677
1769782071417299200.000000 -0.002788146 0.001090249 -0.001751866 0.030439034 0.067235835 -0.046026845 0.996210039
1769782071450632448.000000 -0.002109656 0.000343460 -0.002671948 0.030622907 0.068300031 -0.047086753 0.996082425
1769782071483966464.000000 -0.002093095 0.000535834 -0.002478912 0.031788353 0.070631951 -0.049521592 0.995765209
1769782071517299200.000000 -0.002068215 0.000662932 -0.002521133 0.032440048 0.071093231 -0.051419888 0.995615125
1769782071550632704.000000 -0.002899095 0.001558057 -0.001201164 0.035045918 0.073345177 -0.051637929 0.995352149
1769782071583964672.000000 -0.002866584 0.001727948 -0.001090522 0.036401521 0.072889313 -0.052947327 0.995268166
1769782071617299200.000000 -0.002612806 0.002098452 -0.000766545 0.034140784 0.071426362 -0.052323464 0.995487273
1769782071650632192.000000 -0.002805630 0.002122239 -0.000917725 0.027633877 0.069853492 -0.050731003 0.995883167
1769782071683964672.000000 -0.003075639 0.002132944 -0.001069412 0.021153418 0.068868637 -0.047857460 0.996252656
1769782071717299200.000000 -0.002980594 0.002236251 -0.000693372 0.015584558 0.067520998 -0.046968535 0.996489823
1769782071750632960.000000 -0.003130585 0.002049352 -0.001236363 0.011860124 0.066842429 -0.046030458 0.996630669
1769782071783965184.000000 -0.003079864 0.002210790 -0.000979542 0.008923777 0.066688836 -0.044998612 0.996718645
1769782071817298944.000000 -0.003813153 0.002881506 -0.000985145 0.009108999 0.067089632 -0.040537473 0.996881485
1769782071850632704.000000 -0.003543667 0.002749857 -0.000690953 0.007262107 0.066316694 -0.038227223 0.997039616
1769782071883965184.000000 -0.004072077 0.003035503 -0.001262557 0.005286572 0.066839442 -0.039791442 0.996955991
1769782071917298176.000000 -0.004229962 0.003147102 -0.001080597 0.004177559 0.066486925 -0.039773263 0.996985555
1769782071950632192.000000 -0.004612787 0.003878498 -0.001578943 0.004990200 0.066676088 -0.036765855 0.997084618
1769782071983964672.000000 -0.004782541 0.004150674 -0.001570639 0.004971166 0.067166544 -0.037041154 0.997041643
1769782072017298688.000000 -0.005609714 0.003724908 -0.002484016 0.004373280 0.068707131 -0.033901915 0.997051060
1769782072050632192.000000 -0.005290441 0.003807533 -0.000689853 0.005127206 0.069615893 -0.033074297 0.997012258
1769782072083964928.000000 -0.005343789 0.003857729 -0.000860763 0.005538763 0.069692716 -0.032730158 0.997016072
1769782072117298944.000000 -0.005469610 0.003979155 -0.000847268 0.006042380 0.070050597 -0.032352213 0.997000396
1769782072150632448.000000 -0.005551089 0.004077082 -0.000991642 0.006937955 0.070373349 -0.033331059 0.996939600
1769782072183965184.000000 -0.005431274 0.004042739 -0.000470132 0.008053283 0.070685297 -0.032443263 0.996938407
1769782072217299712.000000 -0.005876439 0.004277088 -0.000354041 0.009737946 0.072224542 -0.032950152 0.996796429
1769782072250633216.000000 -0.005976430 0.004361653 -0.000719591 0.011401663 0.072518073 -0.032925323 0.996758282
1769782072283964160.000000 -0.005947481 0.004379650 -0.000183878 0.013118907 0.073141582 -0.033047408 0.996687591
1769782072317297920.000000 -0.005430823 0.004729994 0.001782609 0.015269963 0.073801182 -0.032929987 0.996612191
1769782072350632448.000000 -0.005374202 0.004801737 0.001785973 0.016881468 0.073935956 -0.033981320 0.996540964
1769782072383964416.000000 -0.005562710 0.004703921 0.001386689 0.017987475 0.075021617 -0.035338569 0.996393204
1769782072417298688.000000 -0.005653201 0.004767790 0.001331956 0.019484391 0.075369254 -0.036154810 0.996309578
1769782072450631936.000000 -0.005762385 0.004763466 0.001131794 0.020363130 0.075923957 -0.036010467 0.996255100
1769782072483963904.000000 -0.005697384 0.004682535 0.001147590 0.020830905 0.076045372 -0.036517132 0.996217668
1769782072517298176.000000 -0.005825597 0.004642900 0.001073312 0.021282814 0.076511383 -0.036739830 0.996164262
1769782072550659328.000000 -0.006243158 0.004802536 0.001286020 0.022039553 0.077677995 -0.035871167 0.996089160
1769782072583991296.000000 -0.006359964 0.004795884 0.001273440 0.021868818 0.077850245 -0.036156345 0.996069193
1769782072617324800.000000 -0.006374024 0.004655892 0.001195858 0.021439273 0.077759489 -0.036161367 0.996085465
1769782072650658816.000000 -0.006710238 0.003964925 -0.000313809 0.021214105 0.078104079 -0.036200389 0.996061921
1769782072683991296.000000 -0.006128737 0.004466950 0.001117999 0.022381654 0.078007527 -0.033936091 0.996123612
1769782072717326080.000000 -0.006265433 0.004374727 0.001115324 0.022454532 0.078664176 -0.033988591 0.996068597
1769782072750659840.000000 -0.006507861 0.004364652 0.000879402 0.022631884 0.079461694 -0.033699185 0.996011078
1769782072783991808.000000 -0.006475535 0.004256676 0.000765241 0.022551196 0.079877742 -0.033075545 0.996000588
1769782072817325568.000000 -0.006581990 0.004158744 0.001176837 0.021808797 0.081221841 -0.034900457 0.995846093
1769782072850658816.000000 -0.007184453 0.003894281 0.000256006 0.021146584 0.081788294 -0.033077277 0.995876253
1769782072883992320.000000 -0.006729861 0.003967822 0.000731355 0.020365097 0.081865974 -0.034518145 0.995837212
1769782072917324800.000000 -0.006765659 0.003804647 0.000700593 0.019693529 0.082287513 -0.033577941 0.995848179
1769782072950658048.000000 -0.006835449 0.003664419 0.000709712 0.018563373 0.083099425 -0.033500154 0.995805025
1769782072983992320.000000 -0.007793331 0.003422180 -0.000362991 0.018255841 0.085099824 -0.030126533 0.995749533
1769782073017325056.000000 -0.007917490 0.003293935 -0.000723274 0.016940562 0.085254632 -0.029856285 0.995767653
1769782073050659072.000000 -0.007840611 0.003135519 -0.000649165 0.015570045 0.085290022 -0.029501531 0.995797634
1769782073083991552.000000 -0.007810480 0.002646768 -0.000152862 0.013371067 0.085961781 -0.028081911 0.995812833
1769782073117325312.000000 -0.008463643 0.002150237 -0.000844537 0.011221753 0.086569399 -0.026665274 0.995825708
1769782073150658816.000000 -0.008611689 0.001956027 -0.001030026 0.009443577 0.087135814 -0.026134988 0.995808780
1769782073183991808.000000 -0.008764310 0.001514254 -0.000944993 0.006919643 0.087204173 -0.025858097 0.995830774
1769782073217325824.000000 -0.008854125 0.001365828 -0.001129924 0.005409006 0.087378390 -0.025265895 0.995840073
1769782073250659584.000000 -0.009109963 0.001001529 -0.001427809 0.003358309 0.087802127 -0.024018090 0.995842755
1769782073283991040.000000 -0.008723566 0.000349339 -0.000474865 0.000349395 0.088025548 -0.023097988 0.995850325
1769782073317324544.000000 -0.008856707 0.000083152 -0.000680005 -0.001820797 0.088347316 -0.022233810 0.995839953
1769782073350658816.000000 -0.009002662 -0.000177180 -0.001019969 -0.004128387 0.088442475 -0.022261944 0.995823979
1769782073383990528.000000 -0.009061462 -0.000460642 -0.001139965 -0.006127762 0.088462144 -0.021142654 0.995836258
1769782073417325312.000000 -0.009240647 -0.000771271 -0.001630025 -0.008050231 0.087794639 -0.021818906 0.995867074
1769782073450658816.000000 -0.008971197 -0.001184752 -0.001104110 -0.011026084 0.088297658 -0.020176584 0.995828807
1769782073483991552.000000 -0.009219763 -0.001391123 -0.001139759 -0.012533336 0.088314004 -0.021035068 0.995791674
1769782073517325056.000000 -0.009316649 -0.001671060 -0.001302824 -0.014785043 0.088619396 -0.019992702 0.995755196
1769782073550658816.000000 -0.009328795 -0.002582701 -0.001150319 -0.017780626 0.088565208 -0.017575009 0.995756626
1769782073583991296.000000 -0.009420488 -0.002788721 -0.001438579 -0.019969406 0.088374309 -0.017352682 0.995736003
1769782073617324288.000000 -0.009218240 -0.003343717 -0.001680568 -0.022094036 0.088163666 -0.016291134 0.995727718
1769782073650658048.000000 -0.009245456 -0.003470290 -0.001560415 -0.023876725 0.088174142 -0.015383125 0.995700061
1769782073683990272.000000 -0.009105079 -0.003843063 -0.002015774 -0.026362734 0.087155953 -0.016544549 0.995708406
1769782073717325568.000000 -0.009146109 -0.004272832 -0.002056630 -0.028885417 0.086753957 -0.015463001 0.995690823
1769782073750659328.000000 -0.009132236 -0.004565296 -0.002263801 -0.031048818 0.086241677 -0.016243212 0.995657861
1769782073783990784.000000 -0.008934462 -0.004936596 -0.002372059 -0.032949407 0.085227191 -0.014307625 0.995713830
1769782073817324800.000000 -0.008505932 -0.005430914 -0.000868732 -0.035781287 0.084676296 -0.015364543 0.995647311
1769782073850658304.000000 -0.008602730 -0.005589125 -0.001032679 -0.037441354 0.084178582 -0.014727922 0.995638132
1769782073883991296.000000 -0.009007378 -0.005845259 -0.002638741 -0.038860880 0.082776263 -0.013578672 0.995717585
1769782073917324288.000000 -0.009072437 -0.006077430 -0.002843711 -0.040499985 0.082331322 -0.012353284 0.995705187
1769782073950658048.000000 -0.009062668 -0.006233115 -0.002714050 -0.041365948 0.081890114 -0.012019039 0.995710075
1769782073983990784.000000 -0.008934795 -0.006435216 -0.002996681 -0.043194894 0.080813214 -0.011530593 0.995726109
1769782074017324800.000000 -0.008990906 -0.006567221 -0.003196506 -0.044466626 0.079997584 -0.010891838 0.995743215
1769782074050658304.000000 -0.008778484 -0.006831395 -0.003166090 -0.045965079 0.078561418 -0.010825020 0.995790243
1769782074083990784.000000 -0.008697340 -0.007068715 -0.003110630 -0.047182418 0.077544458 -0.010338366 0.995818198
1769782074117324288.000000 -0.008460712 -0.007490855 -0.003151076 -0.048531003 0.077200919 -0.009887261 0.995784640
1769782074150657792.000000 -0.008355035 -0.007621596 -0.003235938 -0.049144626 0.076138973 -0.009567977 0.995839417
1769782074183990528.000000 -0.008287504 -0.007977660 -0.003243334 -0.049888227 0.075290434 -0.010761762 0.995854795
1769782074217324544.000000 -0.008343247 -0.007664270 -0.003602692 -0.049681600 0.074214220 -0.007980020 0.995972097
1769782074250658816.000000 -0.008036216 -0.007930310 -0.003643797 -0.050649736 0.072543927 -0.008121651 0.996045291
1769782074283991040.000000 -0.008014833 -0.008286203 -0.003759611 -0.051469889 0.071247436 -0.008832075 0.996090770
1769782074317324288.000000 -0.007790293 -0.008191992 -0.003761872 -0.051449943 0.069800548 -0.007270080 0.996206760
1769782074350658304.000000 -0.007653175 -0.007772133 -0.004407991 -0.051570274 0.067898922 -0.007630764 0.996329308
1769782074383990272.000000 -0.007529476 -0.007739719 -0.004426794 -0.051227365 0.066809826 -0.007199917 0.996423841
1769782074417324800.000000 -0.007427503 -0.007755151 -0.004569044 -0.051176880 0.065436892 -0.006423770 0.996522784
1769782074450658560.000000 -0.007179064 -0.007861430 -0.004518098 -0.050878756 0.064066261 -0.007308511 0.996621013
1769782074483991296.000000 -0.007115111 -0.008088722 -0.003947539 -0.050553136 0.063164324 -0.006846262 0.996698439
1769782074517324544.000000 -0.006918108 -0.008157687 -0.003897701 -0.049894463 0.062094543 -0.006602639 0.996800542
1769782074550658048.000000 -0.006648271 -0.008052958 -0.003770120 -0.049079634 0.060304392 -0.006288062 0.996952951
1769782074583989760.000000 -0.006602786 -0.007534444 -0.004207707 -0.047544096 0.058242071 -0.007460034 0.997141778
1769782074617323520.000000 -0.006156747 -0.007556768 -0.004045462 -0.047469363 0.056718655 -0.008044361 0.997228682
1769782074650657536.000000 -0.006080646 -0.007501529 -0.004148025 -0.046254728 0.055231094 -0.007831463 0.997370899
1769782074683990272.000000 -0.005948564 -0.007328663 -0.003991442 -0.044958517 0.054013483 -0.007736356 0.997497618
1769782074717324800.000000 -0.005641118 -0.007105397 -0.004097794 -0.043047499 0.051978722 -0.008363420 0.997684956
1769782074750658560.000000 -0.005655181 -0.007148954 -0.004427767 -0.041907880 0.050675157 -0.008620520 0.997798324
1769782074783990016.000000 -0.005525863 -0.006538347 -0.005446101 -0.039460786 0.048536558 -0.006415043 0.998021007
1769782074817324288.000000 -0.005282658 -0.006402965 -0.005074178 -0.037872251 0.047009282 -0.006494488 0.998155177
1769782074850657792.000000 -0.004693175 -0.006329452 -0.005017991 -0.036223955 0.044542953 -0.008567514 0.998313785
1769782074883990784.000000 -0.004430085 -0.006065567 -0.003717467 -0.034886282 0.043163560 -0.008257584 0.998424590
1769782074917323520.000000 -0.004342479 -0.005942614 -0.003989108 -0.033134926 0.041890580 -0.008505250 0.998536408
1769782074950656768.000000 -0.003999558 -0.005421704 -0.005173568 -0.029632363 0.039264146 -0.009072695 0.998748183
1769782074983990016.000000 -0.004074524 -0.005275330 -0.005540831 -0.027787440 0.037523422 -0.009611297 0.998863101
1769782075017324288.000000 -0.004028880 -0.004725432 -0.005305438 -0.023362173 0.036400259 -0.009033883 0.999023378
1769782075050657536.000000 -0.003806418 -0.004935071 -0.005182400 -0.020682903 0.034214471 -0.009152606 0.999158561
1769782075083989760.000000 -0.003659145 -0.004604789 -0.005293428 -0.017157273 0.032171432 -0.010308114 0.999282002
1769782075117323776.000000 -0.003196806 -0.004146411 -0.004995150 -0.014205413 0.029293671 -0.012168489 0.999395847
1769782075150657536.000000 -0.003102325 -0.004186720 -0.004734442 -0.010696420 0.027481321 -0.011091314 0.999503553
1769782075183990272.000000 -0.002962289 -0.004276210 -0.004167330 -0.007469083 0.026022868 -0.011931735 0.999562263
1769782075217325312.000000 -0.003062701 -0.004018723 -0.004416930 -0.003039423 0.024512591 -0.012411851 0.999617875
1769782075250658048.000000 -0.002922890 -0.003877879 -0.004389818 0.000707886 0.021921908 -0.012376166 0.999682844
1769782075283990016.000000 -0.002811024 -0.003402994 -0.004468278 0.004584158 0.019908102 -0.014655910 0.999683917
1769782075317323520.000000 -0.002613752 -0.003313625 -0.004231595 0.008477070 0.016547039 -0.015420545 0.999708235
1769782075350657536.000000 -0.002520952 -0.003052746 -0.004100080 0.011769976 0.013195228 -0.015080668 0.999729991
1769782075383989248.000000 -0.002625240 -0.002979807 -0.004166418 0.014470544 0.010471098 -0.014789067 0.999731064
1769782075417324288.000000 -0.002569871 -0.002543775 -0.004498918 0.017482493 0.006817211 -0.018514974 0.999652505
1769782075450657792.000000 -0.002623467 -0.002267702 -0.004566843 0.020124225 0.004156990 -0.019578848 0.999597132
1769782075483989760.000000 -0.002621273 -0.002110591 -0.004035075 0.023004696 0.000655573 -0.020233864 0.999530375
1769782075517323776.000000 -0.002230026 -0.001771288 -0.004188060 0.026127774 -0.003377823 -0.019553490 0.999461651
1769782075550657792.000000 -0.002368602 -0.001906358 -0.003463237 0.027989952 -0.005983813 -0.020464079 0.999380827
1769782075583989504.000000 -0.002015335 -0.001256676 -0.004158251 0.031018523 -0.010175160 -0.020680187 0.999253094
1769782075617323008.000000 -0.001865600 -0.001190182 -0.003998495 0.032806586 -0.013158489 -0.020471819 0.999165416
1769782075650656768.000000 -0.002063313 -0.000954558 -0.004398540 0.033704299 -0.014312513 -0.020985672 0.999109030
1769782075683989504.000000 -0.001909617 -0.000958040 -0.003975263 0.035141665 -0.016467128 -0.019661713 0.999053299
1769782075717323776.000000 -0.001562965 -0.000270493 -0.005141809 0.037655428 -0.019246124 -0.017299464 0.998955667
1769782075750657792.000000 -0.001673641 -0.000313995 -0.003655571 0.037304506 -0.018170038 -0.018012905 0.998976350
1769782075783990016.000000 -0.001337358 0.000312932 -0.003572019 0.039052136 -0.018478148 -0.015096311 0.998952270
1769782075817323520.000000 -0.001159084 0.000660147 -0.003844885 0.040496297 -0.018156866 -0.014264128 0.998912930
1769782075850657536.000000 -0.000991422 0.000790715 -0.003506553 0.038500194 -0.017561955 -0.014588257 0.998997748
1769782075883990016.000000 -0.000925653 0.000804948 -0.003391546 0.032449223 -0.016909705 -0.014005679 0.999232173
1769782075917322752.000000 -0.001390264 0.000370156 -0.003745547 0.024915980 -0.015659351 -0.011481215 0.999501050
1769782075950656256.000000 -0.001171788 0.000406830 -0.003363811 0.019007701 -0.014909182 -0.012421364 0.999631047
1769782075983990528.000000 -0.000928355 0.000408701 -0.003368777 0.014666186 -0.015027129 -0.012461782 0.999701858
1769782076017323264.000000 -0.000996085 0.000546941 -0.003372004 0.012074271 -0.014588770 -0.012098256 0.999747515
1769782076050656768.000000 -0.000932717 0.000910939 -0.003477220 0.010229100 -0.014861653 -0.012030253 0.999764919
1769782076083989760.000000 -0.000723651 0.000670022 -0.002952720 0.008314596 -0.014765813 -0.011820843 0.999786556
1769782076117323520.000000 -0.000726981 0.000723586 -0.002919145 0.007264371 -0.014808118 -0.011322176 0.999799907
1769782076150657536.000000 -0.000662610 0.001067720 -0.003102802 0.006753115 -0.014990400 -0.011530673 0.999798357
1769782076183990272.000000 -0.000145771 0.001754848 -0.004457683 0.007449104 -0.015996059 -0.014694892 0.999736309
1769782076217323520.000000 -0.000402559 0.001904728 -0.003087644 0.006327121 -0.013530414 -0.014092394 0.999789119
1769782076250657280.000000 -0.000283936 0.001968634 -0.002877380 0.006534173 -0.013605147 -0.014051613 0.999787390
1769782076283989504.000000 -0.000439786 0.001956922 -0.002691894 0.006872678 -0.013627872 -0.013559823 0.999791622
1769782076317322496.000000 -0.000230104 0.002161241 -0.003038257 0.007517314 -0.013930031 -0.013375398 0.999785244
1769782076350656768.000000 -0.000017231 0.002157093 -0.002790058 0.008314914 -0.014350204 -0.013292847 0.999774098
1769782076383988736.000000 0.000026310 0.002282215 -0.002831949 0.009650747 -0.014316054 -0.013336339 0.999761999
1769782076417323264.000000 0.000225893 0.002371141 -0.002664891 0.011091384 -0.014799358 -0.013804042 0.999733686
1769782076450657024.000000 0.000251210 0.002399549 -0.003066327 0.012505848 -0.014676672 -0.013071791 0.999728620
1769782076483988992.000000 0.000263268 0.002441452 -0.002957566 0.014429513 -0.014857369 -0.012399280 0.999708652
1769782076517323008.000000 0.000348057 0.002365832 -0.002961330 0.015752641 -0.015001739 -0.012281402 0.999687910
1769782076550656768.000000 0.000409499 0.002474454 -0.002823894 0.016959390 -0.015296167 -0.011792678 0.999669671
1769782076583988992.000000 0.000362565 0.002442802 -0.003161407 0.017726110 -0.015372523 -0.011627671 0.999657154
1769782076617322496.000000 0.000630797 0.003012730 -0.002584727 0.020554367 -0.016422234 -0.011003663 0.999593318
1769782076650656256.000000 0.001154783 0.002454137 -0.003585963 0.018806273 -0.017563922 -0.012257975 0.999593675
1769782076683988480.000000 0.001278339 0.002429806 -0.003794611 0.018548341 -0.017959066 -0.012390480 0.999589920
1769782076717325568.000000 0.001326256 0.002366744 -0.003714211 0.018284794 -0.017706752 -0.012053760 0.999603331
1769782076750657280.000000 0.001401758 0.002279792 -0.003747986 0.018076546 -0.018033950 -0.011662270 0.999605954
1769782076783989248.000000 0.001372414 0.002218268 -0.003833070 0.018338501 -0.018189320 -0.011543304 0.999599695
1769782076817322496.000000 0.001412021 0.002119992 -0.003875167 0.018374374 -0.018443827 -0.011694256 0.999592721
1769782076850656512.000000 0.001793266 0.002210390 -0.002406867 0.020156965 -0.020098513 -0.012803650 0.999512792
1769782076883989248.000000 0.001337443 0.002015750 -0.004728785 0.018484380 -0.019240439 -0.011673205 0.999575853
1769782076917322496.000000 0.001543721 0.002036262 -0.004930629 0.018029762 -0.019800270 -0.011934683 0.999570191
1769782076950655488.000000 0.001424601 0.001800003 -0.004976921 0.017697679 -0.019796642 -0.011829920 0.999577463
1769782076983988736.000000 0.001509233 0.001651631 -0.004857928 0.016840307 -0.020231418 -0.011504617 0.999587297
1769782077017322496.000000 0.001538772 0.001446498 -0.004668511 0.016122600 -0.020673066 -0.010793614 0.999598026
1769782077050656000.000000 0.001640685 0.001111203 -0.004785751 0.014925470 -0.020681186 -0.011514144 0.999608397
1769782077083988736.000000 0.001551342 0.000923842 -0.005280663 0.013468463 -0.021190390 -0.011731159 0.999615967
1769782077117322752.000000 0.001708802 0.000706329 -0.005254254 0.011950532 -0.021604272 -0.011416006 0.999629974
1769782077150656256.000000 0.001804124 0.000498104 -0.005387281 0.010384781 -0.022172831 -0.011127654 0.999638379
1769782077183988480.000000 0.002183095 0.000805083 -0.005412586 0.009912154 -0.024163600 -0.012599891 0.999579549
1769782077217322496.000000 0.002385136 0.000107194 -0.002834680 0.008293983 -0.024849575 -0.012859962 0.999574065
1769782077250656512.000000 0.002906760 -0.000521309 -0.003543953 0.005418178 -0.026000071 -0.014721106 0.999538898
1769782077283989504.000000 0.002901274 -0.000747037 -0.003779533 0.003764622 -0.026165608 -0.014464222 0.999545932
1769782077317322240.000000 0.002842815 -0.001130519 -0.003523423 0.001590498 -0.025974419 -0.013970699 0.999563754
1769782077350655744.000000 0.002919431 -0.001550855 -0.003172863 -0.000506329 -0.026312016 -0.013643371 0.999560595
1769782077383988224.000000 0.002956232 -0.001832149 -0.003517744 -0.002385859 -0.026933139 -0.013269754 0.999546349
1769782077417322752.000000 0.003099468 -0.002152643 -0.003694062 -0.004830374 -0.027247688 -0.014116568 0.999517441
1769782077450656256.000000 0.003015814 -0.002146875 -0.004155257 -0.005877451 -0.026999360 -0.014529994 0.999512553
1769782077483989248.000000 0.002991411 -0.002318357 -0.004322918 -0.007530519 -0.026968798 -0.014520538 0.999502480
1769782077517322752.000000 0.002919623 -0.002706505 -0.004171484 -0.009763059 -0.026817007 -0.013765611 0.999497950
1769782077550656256.000000 0.002901051 -0.003211908 -0.004324811 -0.012280674 -0.026846044 -0.013310031 0.999475539
1769782077583988224.000000 0.003003291 -0.003432652 -0.004511497 -0.014346607 -0.027214834 -0.013417158 0.999436617
1769782077617321216.000000 0.002915660 -0.003709151 -0.004783123 -0.016635688 -0.027005594 -0.013449979 0.999406338
1769782077650656000.000000 0.002976425 -0.003976592 -0.004992651 -0.018808752 -0.027192971 -0.013253015 0.999365389
1769782077683988480.000000 0.003019225 -0.004400299 -0.004402359 -0.020821171 -0.026967561 -0.012975050 0.999335289
1769782077717323776.000000 0.003281294 -0.005272247 -0.004079724 -0.025162440 -0.027266184 -0.015834490 0.999186039
1769782077750657024.000000 0.003086803 -0.005317442 -0.004131038 -0.026787261 -0.026978651 -0.015778176 0.999152541
1769782077783988480.000000 0.003073035 -0.005481062 -0.004438648 -0.028403064 -0.027110098 -0.015726516 0.999105096
1769782077817321728.000000 0.003068478 -0.005823979 -0.004476954 -0.031052295 -0.026598088 -0.016386347 0.999029458
1769782077850655744.000000 0.003094745 -0.005949855 -0.004316971 -0.032640669 -0.025983538 -0.015787354 0.999004602
1769782077883989760.000000 0.002898648 -0.006461950 -0.004795219 -0.035306118 -0.025396779 -0.015686521 0.998930693
1769782077917321984.000000 0.002625544 -0.006688702 -0.004840600 -0.037049513 -0.024303757 -0.015543871 0.998896956
1769782077950654720.000000 0.002776075 -0.006927390 -0.005021435 -0.038961276 -0.024502993 -0.015602265 0.998818398
1769782077983987968.000000 0.002648561 -0.007264576 -0.005065584 -0.040740028 -0.023672819 -0.015138024 0.998774588
1769782078017322240.000000 0.001654332 -0.007024591 -0.005763945 -0.041737333 -0.020940490 -0.007400542 0.998881757
1769782078050655488.000000 0.001908197 -0.007434120 -0.005169419 -0.044325251 -0.020161357 -0.009154386 0.998771727
1769782078083988736.000000 0.001868258 -0.007796616 -0.004955089 -0.046164922 -0.019760069 -0.013073204 0.998652816
1769782078117322240.000000 0.001694789 -0.007852970 -0.005395552 -0.047446124 -0.019704577 -0.024473300 0.998379588
1769782078150655744.000000 0.001878204 -0.008031725 -0.005731819 -0.048972439 -0.019940251 -0.035297479 0.997977078
1769782078183987968.000000 0.001747939 -0.008498742 -0.005293019 -0.050457347 -0.019851768 -0.043757305 0.997569740
1769782078217325568.000000 0.001806865 -0.008516765 -0.005429708 -0.051282544 -0.019743612 -0.053705420 0.997043669
1769782078250655488.000000 0.001550396 -0.008855661 -0.005448101 -0.052681424 -0.019174548 -0.060754962 0.996577084
1769782078283987968.000000 0.001463014 -0.008954544 -0.005100545 -0.053691838 -0.018837851 -0.067754962 0.996078134
1769782078317321472.000000 0.001370955 -0.008982849 -0.005452289 -0.054211717 -0.018244889 -0.073925912 0.995622039
1769782078350655232.000000 0.001528857 -0.009154999 -0.005399927 -0.054780904 -0.018066861 -0.079041138 0.995201111
1769782078383987712.000000 0.001312203 -0.009310352 -0.004970820 -0.055569414 -0.017204747 -0.082504302 0.994891524
1769782078417322496.000000 0.001310863 -0.009362474 -0.004827391 -0.056102905 -0.016563930 -0.086026520 0.994574070
1769782078450655488.000000 0.001370240 -0.009239685 -0.004729435 -0.056203179 -0.016114475 -0.088884540 0.994324446
1769782078483988224.000000 0.000589379 -0.009302032 -0.005360711 -0.056343023 -0.014425883 -0.086972989 0.994511485
1769782078517321472.000000 0.000761300 -0.009266665 -0.004978610 -0.056540057 -0.013382908 -0.086518995 0.994554460
1769782078550655488.000000 0.000416845 -0.009092080 -0.005087712 -0.055889014 -0.011587212 -0.085393779 0.994711041
1769782078583987712.000000 0.000294009 -0.009180571 -0.005451982 -0.055686459 -0.010416294 -0.082799822 0.994954646
1769782078617321216.000000 0.000271560 -0.009124636 -0.005272479 -0.055472635 -0.008919747 -0.078142829 0.995357692
1769782078650655232.000000 0.000012270 -0.009091848 -0.005005701 -0.055171881 -0.007002217 -0.073358558 0.995753765
1769782078683987200.000000 -0.000045599 -0.009074688 -0.004615510 -0.054943465 -0.005688209 -0.070298791 0.995995522
1769782078717320960.000000 -0.000188593 -0.008919167 -0.004701697 -0.053893533 -0.004041112 -0.066685326 0.996309280
1769782078750656000.000000 -0.000368915 -0.008804656 -0.004880974 -0.053180844 -0.002302630 -0.063906714 0.996535242
1769782078783988224.000000 -0.000494743 -0.008685290 -0.004547246 -0.052094981 -0.000772782 -0.060710818 0.996794760
1769782078817321728.000000 -0.000660523 -0.008268337 -0.005220389 -0.050101873 0.000538419 -0.059139010 0.996991515
1769782078850655232.000000 -0.000751103 -0.008138055 -0.005077013 -0.049073890 0.002244327 -0.056729447 0.997180283
1769782078883987712.000000 -0.000850653 -0.008029168 -0.005137406 -0.047729872 0.003560947 -0.054971479 0.997340143
1769782078917321216.000000 -0.001139549 -0.007539875 -0.004445273 -0.045611296 0.007120550 -0.052718785 0.997541785
1769782078950654464.000000 -0.001519764 -0.007410038 -0.005547239 -0.044248696 0.008387479 -0.050931457 0.997686207
1769782078983988224.000000 -0.001419586 -0.007096458 -0.004839579 -0.042555608 0.010240584 -0.049685583 0.997805417
1769782079017320960.000000 -0.001538600 -0.006965925 -0.005021784 -0.041255496 0.011947090 -0.049588405 0.997845829
1769782079050654976.000000 -0.001710570 -0.006800492 -0.004667713 -0.038711492 0.013807862 -0.050054371 0.997900486
1769782079083987968.000000 -0.001697000 -0.006645735 -0.004664497 -0.036263000 0.016098499 -0.050723214 0.997924387
1769782079117321472.000000 -0.001709913 -0.006936401 -0.005293357 -0.034398276 0.017237978 -0.050830320 0.997965932
1769782079150655232.000000 -0.001927287 -0.006635548 -0.005506010 -0.031449046 0.019465152 -0.050808728 0.998023331
1769782079183987968.000000 -0.002109708 -0.006221078 -0.004670551 -0.027220966 0.023005415 -0.050951127 0.998064995
1769782079217321728.000000 -0.002154774 -0.006102280 -0.004739970 -0.023747865 0.025216702 -0.050804049 0.998107851
1769782079250656000.000000 -0.002514950 -0.005787474 -0.004569015 -0.019705560 0.028076163 -0.050678570 0.998125792
1769782079283987712.000000 -0.002295019 -0.005428730 -0.005435247 -0.016016217 0.029960211 -0.053359624 0.997997344
1769782079317320704.000000 -0.002485007 -0.005227603 -0.005368994 -0.012675828 0.032822330 -0.052969631 0.997976124
1769782079350654720.000000 -0.002505875 -0.005409513 -0.004120899 -0.010141676 0.035623487 -0.051023670 0.998010397
1769782079383986944.000000 -0.002542415 -0.005069854 -0.004395738 -0.006894897 0.039766818 -0.051133968 0.997875988
1769782079417321984.000000 -0.002439789 -0.004969189 -0.004471837 -0.004434376 0.043258529 -0.052646425 0.997666001
1769782079450654976.000000 -0.002720865 -0.005054135 -0.004549291 -0.003275861 0.046718907 -0.053409424 0.997473836
1769782079483986944.000000 -0.002347707 -0.004670755 -0.004327650 -0.000381517 0.049926795 -0.053605068 0.997313261
1769782079517320960.000000 -0.002458063 -0.004403197 -0.004842250 0.002430798 0.053303611 -0.054842658 0.997068286
1769782079550655232.000000 -0.002560525 -0.004562862 -0.004150300 0.003161044 0.057419926 -0.056388553 0.996751368
1769782079583986944.000000 -0.002108455 -0.004293385 -0.004119503 0.005743572 0.059083361 -0.057272460 0.996592224
1769782079617320192.000000 -0.002607749 -0.004387244 -0.003591059 0.007591154 0.064091288 -0.056387078 0.996320844
1769782079650654464.000000 -0.002922782 -0.003931763 -0.003590937 0.009923675 0.067405127 -0.057164408 0.996037364
1769782079683987712.000000 -0.002773625 -0.003904262 -0.002948458 0.011339547 0.070009433 -0.057881229 0.995801091
1769782079717320192.000000 -0.002516125 -0.003075921 -0.003945258 0.013096805 0.070798740 -0.061296504 0.995519400
1769782079750655744.000000 -0.002614996 -0.002961809 -0.003788302 0.014156016 0.072293840 -0.063015178 0.995290101
1769782079783987200.000000 -0.002580649 -0.002482193 -0.003738770 0.016303636 0.073271520 -0.063475065 0.995156467
1769782079817320704.000000 -0.002719880 -0.002318389 -0.004041147 0.016961500 0.073167324 -0.065151095 0.995044887
1769782079850654464.000000 -0.002567712 -0.002080721 -0.003446622 0.016768385 0.072249800 -0.064831965 0.995136023
1769782079883987200.000000 -0.002742431 -0.001311417 -0.002483856 0.013518152 0.072342522 -0.063664630 0.995254040
1769782079917320704.000000 -0.002901857 -0.001120249 -0.002405515 0.007308040 0.071706221 -0.061707541 0.995488346
1769782079950653696.000000 -0.002817044 -0.001398634 -0.001854596 0.000445844 0.070396319 -0.058932390 0.995776713
1769782079983987200.000000 -0.003169762 -0.001094535 -0.001892247 -0.003429581 0.069870219 -0.057343777 0.995900631
1769782080017320704.000000 -0.002976981 -0.001228209 -0.001563190 -0.007419928 0.068808384 -0.056251142 0.996015191
1769782080050654464.000000 -0.003499300 -0.000821702 -0.002026514 -0.009196706 0.069218859 -0.054885007 0.996048093
1769782080083987456.000000 -0.004133194 -0.001030141 -0.002198670 -0.011312189 0.069476865 -0.051227789 0.996203184
1769782080117320960.000000 -0.004270288 -0.000873989 -0.002027052 -0.012429292 0.069616854 -0.049770407 0.996254027
1769782080150675456.000000 -0.004658536 -0.000646136 -0.002110178 -0.013287779 0.070352517 -0.048108067 0.996272862
1769782080184007680.000000 -0.004511045 -0.000511680 -0.001820302 -0.014394114 0.070238888 -0.048220534 0.996260107
1769782080217341696.000000 -0.004976450 -0.000196191 -0.001982451 -0.014724679 0.070517428 -0.047736943 0.996258855
1769782080250675968.000000 -0.004810354 -0.000480471 -0.001154848 -0.015263056 0.071752600 -0.043841008 0.996341586
1769782080284007424.000000 -0.004740437 -0.000440133 -0.001015980 -0.015357591 0.071700796 -0.043381713 0.996363997
1769782080317341184.000000 -0.004777869 -0.000027789 -0.001607549 -0.015500611 0.071168393 -0.047249798 0.996223986
1769782080350675200.000000 -0.004858720 0.000165624 -0.001630189 -0.014818765 0.071470492 -0.047194909 0.996215343
1769782080384007424.000000 -0.004955379 0.000306100 -0.001853947 -0.014003742 0.071923830 -0.048233893 0.996144831
1769782080417341952.000000 -0.005052612 0.000451976 -0.001518160 -0.012664666 0.072520055 -0.048004460 0.996130526
1769782080450675456.000000 -0.005180416 0.000527622 -0.001231906 -0.010769238 0.073282324 -0.046076950 0.996188104
1769782080484008192.000000 -0.006133133 0.001040733 -0.001707869 -0.007885037 0.075578459 -0.043133050 0.996175349
1769782080517341440.000000 -0.006274487 0.001285145 -0.001647242 -0.005594308 0.076267853 -0.043729879 0.996112287
1769782080550675456.000000 -0.006359784 0.001252816 -0.001956551 -0.003950136 0.076457314 -0.043995272 0.996093929
1769782080584007168.000000 -0.006244765 0.001282884 -0.001787177 -0.001976737 0.076774985 -0.044575997 0.996049523
1769782080617340672.000000 -0.006107659 0.001345305 -0.001429991 -0.000093610 0.077321157 -0.044997130 0.995990276
1769782080650674432.000000 -0.006222385 0.001316502 -0.001214708 0.001398272 0.078010239 -0.045420062 0.995916426
1769782080684007424.000000 -0.006835829 0.001358646 -0.001054963 0.003759565 0.080046579 -0.042968638 0.995857477
1769782080717340160.000000 -0.006876864 0.001474994 -0.001232077 0.004479538 0.080692954 -0.043671150 0.995771825
1769782080750675456.000000 -0.007014877 0.001360232 -0.001115755 0.005327625 0.080952734 -0.042989518 0.995776236
1769782080784007424.000000 -0.007078385 0.001454706 -0.001183069 0.005742191 0.081215866 -0.043239471 0.995741606
1769782080817341184.000000 -0.007164853 0.001471948 -0.001461916 0.005596718 0.081316277 -0.043668836 0.995715559
1769782080850674944.000000 -0.007168651 0.001391581 -0.001179661 0.005292974 0.081681475 -0.043348201 0.995701313
1769782080884007168.000000 -0.007333485 0.001507694 -0.001267572 0.005486604 0.081975944 -0.043202769 0.995682359
1769782080917340928.000000 -0.007509019 0.001239376 -0.001649936 0.005194973 0.082615845 -0.043085296 0.995636165
1769782080950674176.000000 -0.007353427 0.000924009 -0.001581193 0.005512037 0.083490893 -0.044935405 0.995479703
1769782080984007424.000000 -0.007448158 0.000955422 -0.001171718 0.005180728 0.084312640 -0.047155485 0.995309472
1769782081017340928.000000 -0.007556548 0.000859744 -0.001269824 0.005254328 0.084694959 -0.046316575 0.995316029
1769782081050674688.000000 -0.008598278 0.000841073 -0.002953764 0.004718730 0.085579515 -0.046322946 0.995242715
1769782081084006912.000000 -0.008740010 0.000667400 -0.003396165 0.004236867 0.086065039 -0.046063155 0.995215118
1769782081117340928.000000 -0.008675349 0.000623358 -0.003169943 0.003746800 0.086505234 -0.046019271 0.995180905
1769782081150674688.000000 -0.008810040 0.000564823 -0.003530631 0.003269246 0.086445786 -0.045784920 0.995198548
1769782081184007168.000000 -0.008979754 0.000453954 -0.003613835 0.002562854 0.087346859 -0.044358592 0.995186567
1769782081217341440.000000 -0.009068002 0.000330346 -0.003891095 0.001673267 0.087580942 -0.044245418 0.995172977
1769782081250675200.000000 -0.007820131 -0.000335124 -0.001043333 0.000403180 0.087716766 -0.039419882 0.995365143
1769782081284006912.000000 -0.007802297 -0.000434399 -0.001070641 -0.000702999 0.087866150 -0.039311908 0.995356023
1769782081317340672.000000 -0.007962079 -0.001022353 -0.000605866 -0.003048219 0.088989981 -0.037975568 0.995303690
1769782081350674432.000000 -0.008051733 -0.001219164 -0.000568384 -0.004481016 0.089540012 -0.036740951 0.995295286
1769782081384006656.000000 -0.008928208 -0.001290723 -0.003014512 -0.006932802 0.089465722 -0.039909530 0.995165825
1769782081417341184.000000 -0.008945984 -0.001296265 -0.002700659 -0.008128624 0.090779990 -0.037836745 0.995118737
1769782081450674176.000000 -0.008953843 -0.001711970 -0.002777617 -0.010295123 0.090728760 -0.037176464 0.995128274
1769782081484006912.000000 -0.009176572 -0.001841828 -0.002968225 -0.011900616 0.090980992 -0.036313195 0.995119214
1769782081517340672.000000 -0.009264233 -0.002261436 -0.003022909 -0.014028012 0.091234997 -0.035640724 0.995092571
1769782081550674688.000000 -0.009601501 -0.003187069 -0.002470561 -0.017161703 0.091737561 -0.032853559 0.995093167
1769782081584006912.000000 -0.009582863 -0.003576444 -0.002231682 -0.019234784 0.091916166 -0.031946000 0.995068312
1769782081617339904.000000 -0.009118331 -0.004357598 -0.001216097 -0.022532735 0.092947751 -0.031548832 0.994915903
1769782081650673920.000000 -0.010126766 -0.004442734 -0.003133615 -0.024515180 0.093158670 -0.030938983 0.994868457
1769782081684006400.000000 -0.010135585 -0.004085400 -0.003742995 -0.026416669 0.092797324 -0.034003381 0.994753599
1769782081717339648.000000 -0.010364548 -0.004370939 -0.004064336 -0.028457239 0.093090490 -0.033047408 0.994702101
1769782081750675456.000000 -0.010489767 -0.004807932 -0.004247535 -0.030863389 0.093021698 -0.031557109 0.994685173
1769782081784007168.000000 -0.010381458 -0.005261415 -0.003634261 -0.033007059 0.093258813 -0.031125387 0.994607747
1769782081817340416.000000 -0.010317761 -0.005790770 -0.002608830 -0.035268921 0.093632057 -0.029179687 0.994554043
1769782081850674176.000000 -0.010371860 -0.006249673 -0.002677469 -0.037721779 0.093639657 -0.028361065 0.994486988
1769782081884007168.000000 -0.010372699 -0.006411499 -0.002747455 -0.039735213 0.093586542 -0.027429931 0.994439662
1769782081917340160.000000 -0.010480094 -0.006866688 -0.002694206 -0.041843072 0.093504012 -0.024863863 0.994428456
1769782081950673408.000000 -0.010521698 -0.007381735 -0.003196846 -0.044657078 0.092599854 -0.023995126 0.994412005
1769782081984007168.000000 -0.010663063 -0.007781046 -0.003291396 -0.046998568 0.092463516 -0.023160636 0.994336605
1769782082017340416.000000 -0.010560750 -0.008793810 -0.003038424 -0.049234450 0.092341185 -0.020923881 0.994289339
1769782082050672896.000000 -0.010409613 -0.009160941 -0.002938043 -0.051205933 0.091731705 -0.020674029 0.994251430
1769782082084007168.000000 -0.010515957 -0.009401304 -0.003283886 -0.053220186 0.091033757 -0.019345833 0.994236588
1769782082117340160.000000 -0.010681110 -0.009765939 -0.003507332 -0.055224106 0.090515979 -0.019213598 0.994177043
1769782082150673920.000000 -0.010541051 -0.009889627 -0.003578512 -0.056788806 0.089763030 -0.018615477 0.994168520
1769782082184006656.000000 -0.010506429 -0.010183986 -0.003737226 -0.058283743 0.089159913 -0.017607776 0.994154692
1769782082217340672.000000 -0.010366301 -0.010421928 -0.003561998 -0.059768576 0.088618577 -0.016053632 0.994141221
1769782082250674944.000000 -0.010341803 -0.010623134 -0.004091954 -0.061609000 0.087250873 -0.016816739 0.994137287
1769782082284006912.000000 -0.010235564 -0.010778929 -0.003865871 -0.062551416 0.086277477 -0.015924983 0.994178057
1769782082317339904.000000 -0.010241833 -0.011086208 -0.004206273 -0.064128183 0.085608765 -0.016833358 0.994120419
1769782082350673920.000000 -0.010123434 -0.011245931 -0.004061795 -0.064789027 0.084826417 -0.015297521 0.994169474
1769782082384006144.000000 -0.009761477 -0.011220403 -0.003193860 -0.065572575 0.083389975 -0.016299663 0.994223654
1769782082417340672.000000 -0.009766789 -0.011236343 -0.003839329 -0.066317365 0.082282938 -0.017645340 0.994243503
1769782082450673920.000000 -0.009574342 -0.011550985 -0.003057582 -0.067194059 0.081412643 -0.014823340 0.994302392
1769782082484006144.000000 -0.009282844 -0.011521616 -0.002579816 -0.067434937 0.080543503 -0.014297679 0.994364560
1769782082517340160.000000 -0.009435073 -0.011739812 -0.003181195 -0.068250783 0.079330452 -0.013927394 0.994411707
1769782082550673920.000000 -0.009361902 -0.011881667 -0.003236886 -0.068510354 0.078399241 -0.013079369 0.994479239
1769782082584005632.000000 -0.009091293 -0.011974587 -0.002719575 -0.068844654 0.077031039 -0.012116163 0.994575262
1769782082617339648.000000 -0.008988391 -0.012049299 -0.003207556 -0.068894029 0.075575784 -0.012354963 0.994680524
1769782082650673408.000000 -0.008745586 -0.011826016 -0.004434436 -0.068388589 0.073052481 -0.014171846 0.994879723
1769782082684006144.000000 -0.008347725 -0.011905000 -0.003614632 -0.068165429 0.071666077 -0.013358025 0.995007098
1769782082717339136.000000 -0.008224051 -0.011853009 -0.003432172 -0.067724876 0.070566423 -0.013403120 0.995115161
1769782082750675200.000000 -0.007944436 -0.011925775 -0.003465219 -0.067436703 0.069069616 -0.013513184 0.995238245
1769782082784006656.000000 -0.007667184 -0.011818004 -0.003013303 -0.066371277 0.067478769 -0.013230786 0.995422721
1769782082817339904.000000 -0.008048450 -0.011684524 -0.004561908 -0.065918922 0.066205926 -0.014455714 0.995521247
1769782082850673664.000000 -0.007452245 -0.011569075 -0.003823086 -0.064589433 0.064466313 -0.014215384 0.995726049
1769782082884007168.000000 -0.007142643 -0.011436442 -0.003973390 -0.063495390 0.062692329 -0.013998685 0.995912731
1769782082917339392.000000 -0.007038967 -0.011418846 -0.003842624 -0.062501781 0.061569601 -0.013923009 0.996046662
1769782082950673152.000000 -0.006957588 -0.011178435 -0.004492574 -0.060699593 0.060171351 -0.013606275 0.996247888
1769782082984005888.000000 -0.006689140 -0.010833083 -0.004922219 -0.059350207 0.058034424 -0.012952120 0.996464670
1769782083017339136.000000 -0.006792656 -0.010914027 -0.004594383 -0.057495534 0.056925103 -0.013252803 0.996633410
1769782083050672896.000000 -0.006313820 -0.010731419 -0.004348274 -0.055713441 0.055416003 -0.012998101 0.996823072
1769782083084005888.000000 -0.005871058 -0.010046661 -0.006354717 -0.054420467 0.052081276 -0.015641904 0.997036278
1769782083117339904.000000 -0.005800044 -0.010458029 -0.004100861 -0.052221604 0.051992390 -0.013745390 0.997186482
1769782083150673408.000000 -0.005462470 -0.009783520 -0.006175290 -0.050866947 0.049161669 -0.016119128 0.997364461
1769782083184006400.000000 -0.005407490 -0.009678525 -0.005733353 -0.048324872 0.047776420 -0.014140417 0.997588217
1769782083217340160.000000 -0.005398057 -0.009552981 -0.005964506 -0.046062298 0.045955297 -0.014745597 0.997772038
1769782083250674432.000000 -0.004961592 -0.008409931 -0.007621168 -0.042120881 0.042360850 -0.019272121 0.998028040
1769782083284005632.000000 -0.004814811 -0.008205536 -0.006443515 -0.038226739 0.041575123 -0.017681476 0.998247266
1769782083317339392.000000 -0.004358840 -0.008953530 -0.005948523 -0.037344836 0.038771093 -0.018711271 0.998374760
1769782083350673152.000000 -0.004408458 -0.008241604 -0.006588532 -0.034469645 0.037457950 -0.021983759 0.998461545
1769782083384005376.000000 -0.004368440 -0.008172165 -0.006550323 -0.031208381 0.035543561 -0.022177039 0.998634517
1769782083417340160.000000 -0.004222446 -0.007898366 -0.006534013 -0.027464269 0.033177126 -0.023076272 0.998805523
1769782083450672640.000000 -0.003665440 -0.007545911 -0.005624419 -0.021167386 0.030249966 -0.021671768 0.999083221
1769782083484007424.000000 -0.003418097 -0.007420069 -0.004975628 -0.017276799 0.028342815 -0.022744631 0.999190152
1769782083517339648.000000 -0.003428963 -0.007086482 -0.005515808 -0.013294054 0.025512444 -0.023347322 0.999313474
1769782083550672896.000000 -0.003421278 -0.007077816 -0.005319224 -0.010779400 0.023266211 -0.024172483 0.999378920
1769782083584005632.000000 -0.003552097 -0.006827850 -0.005419083 -0.006929762 0.020271359 -0.022306347 0.999521613
1769782083617338880.000000 -0.003313264 -0.006766980 -0.005195824 -0.004774452 0.016601248 -0.024807084 0.999543011
1769782083650673408.000000 -0.002981901 -0.006623648 -0.004872699 -0.001161305 0.012778006 -0.025615534 0.999589562
1769782083684005632.000000 -0.003213886 -0.006135864 -0.005143703 0.002518674 0.009691575 -0.024190368 0.999657214
1769782083717338624.000000 -0.003073472 -0.005893685 -0.005283459 0.005535488 0.005635656 -0.024207812 0.999675751
1769782083750674944.000000 -0.002859759 -0.006100316 -0.004869999 0.007011719 0.002101440 -0.024992835 0.999660850
1769782083784005888.000000 -0.003371767 -0.005252795 -0.005538990 0.010768631 0.000053122 -0.024328234 0.999646068
1769782083817339392.000000 -0.003159037 -0.005387323 -0.005379647 0.012114529 -0.003719211 -0.025713192 0.999589026
1769782083850672896.000000 -0.002998308 -0.005338670 -0.004848532 0.013941598 -0.006677729 -0.025368363 0.999558687
1769782083884005632.000000 -0.002955560 -0.004612475 -0.005600474 0.016674053 -0.009241811 -0.025326621 0.999497473
1769782083917339136.000000 -0.002984253 -0.004396841 -0.005127892 0.018400360 -0.010963319 -0.023761664 0.999488235
1769782083950672128.000000 -0.002699907 -0.004385521 -0.005114026 0.018838707 -0.012952039 -0.023296652 0.999467194
1769782083984005376.000000 -0.002578586 -0.004106734 -0.004961766 0.020098444 -0.013843951 -0.021530299 0.999470294
1769782084017339136.000000 -0.002509553 -0.003834009 -0.004482232 0.021116236 -0.013926025 -0.019014601 0.999499202
1769782084050672640.000000 -0.002524695 -0.003779776 -0.005043568 0.020391384 -0.013043630 -0.018761994 0.999530971
1769782084084006144.000000 -0.002383524 -0.003693966 -0.004858734 0.020541728 -0.012001619 -0.018015957 0.999554694
1769782084117339136.000000 -0.002148059 -0.003680279 -0.004591051 0.015555227 -0.011314869 -0.017519232 0.999661505
1769782084150672896.000000 -0.001969680 -0.003351467 -0.004847141 0.009164765 -0.010885633 -0.017910069 0.999738395
1769782084184005376.000000 -0.001832859 -0.003239761 -0.005104664 0.002672957 -0.010685761 -0.018382953 0.999770403
1769782084217339136.000000 -0.002054172 -0.003522268 -0.004022676 -0.002999851 -0.008333172 -0.019166050 0.999777079
1769782084250673408.000000 -0.002006748 -0.003536406 -0.004234566 -0.006177244 -0.007875094 -0.018113948 0.999785841
1769782084284005632.000000 -0.001467146 -0.003193227 -0.003424041 -0.006347206 -0.008696907 -0.018285602 0.999774814
1769782084317338880.000000 -0.001259052 -0.003096373 -0.003365258 -0.007876682 -0.009227105 -0.018005323 0.999764323
1769782084350672896.000000 -0.001125630 -0.003175773 -0.003286202 -0.009211687 -0.008765800 -0.018266369 0.999752343
1769782084384005376.000000 -0.001038625 -0.002948956 -0.003202565 -0.010075490 -0.009192462 -0.017998699 0.999745011
1769782084417339648.000000 -0.000941477 -0.003084285 -0.002696190 -0.011643874 -0.008950572 -0.017854100 0.999732733
1769782084450672896.000000 -0.000899548 -0.002862546 -0.002883883 -0.010482217 -0.009556720 -0.017462054 0.999746978
1769782084484004608.000000 -0.000833561 -0.002020389 -0.003309113 -0.008757466 -0.009957460 -0.017048569 0.999766767
1769782084517338880.000000 -0.000726859 -0.001429600 -0.004528451 -0.008272518 -0.010315639 -0.017361578 0.999761879
1769782084550672896.000000 -0.000634329 -0.001967639 -0.003092091 -0.008021113 -0.010399704 -0.016616168 0.999775648
1769782084584004608.000000 -0.000721295 -0.001527566 -0.003446555 -0.006920026 -0.010184355 -0.017196944 0.999776363
1769782084617338112.000000 -0.000649271 -0.001512529 -0.003260673 -0.006125767 -0.010367200 -0.017749712 0.999769986
1769782084650672640.000000 -0.000571610 -0.001383441 -0.003242003 -0.004893079 -0.010709727 -0.016922051 0.999787509
1769782084684004608.000000 -0.000594522 -0.001409446 -0.003247386 -0.003685301 -0.010840977 -0.016833115 0.999792755
1769782084717338368.000000 -0.000351818 -0.001320837 -0.003148504 -0.001706946 -0.011273337 -0.015974520 0.999807417
1769782084750674432.000000 -0.000260536 -0.001348510 -0.003161832 0.000015863 -0.011319442 -0.015920004 0.999809206
1769782084784005376.000000 -0.000201532 -0.001267416 -0.003569393 0.001270217 -0.011440080 -0.016605202 0.999795914
1769782084817338624.000000 -0.000252040 -0.001330433 -0.003557934 0.002357860 -0.011044424 -0.015924064 0.999809504
1769782084850672384.000000 -0.000455713 -0.001665857 -0.002847934 0.002531179 -0.010483252 -0.016067825 0.999812782
1769782084884005120.000000 0.000062524 -0.001450727 -0.004399756 0.002666538 -0.013427904 -0.015670259 0.999783516
1769782084917338112.000000 0.000078078 -0.001418808 -0.004612716 0.002520270 -0.013663243 -0.015535884 0.999782801
1769782084950671104.000000 -0.000060112 -0.001390944 -0.003686468 0.002662090 -0.011337966 -0.014518240 0.999826789
1769782084984005632.000000 0.000088602 -0.001082625 -0.004142717 0.003652149 -0.011233376 -0.015179840 0.999815047
1769782085017338624.000000 0.000201992 -0.001194421 -0.003908513 0.003651028 -0.011341238 -0.014920279 0.999817729
1769782085050671616.000000 0.000996634 -0.000708942 -0.003727794 0.003786485 -0.015418387 -0.016661800 0.999735177
1769782085084004864.000000 0.000940939 -0.000767384 -0.003909736 0.004152659 -0.015746534 -0.016306028 0.999734461
1769782085117338368.000000 0.001054443 -0.000844071 -0.004144061 0.003668849 -0.016198929 -0.016136300 0.999731898
1769782085150671872.000000 0.000976075 -0.000984017 -0.004413445 0.003494756 -0.016429558 -0.015163215 0.999743938
1769782085184004352.000000 0.001105994 -0.001098613 -0.004203719 0.003131433 -0.017048312 -0.015758393 0.999725580
1769782085217338624.000000 0.001236185 -0.001238134 -0.004195706 0.002273148 -0.017348338 -0.015827948 0.999721646
1769782085250673920.000000 0.001313949 -0.001464790 -0.004070973 0.001352625 -0.018274210 -0.015697245 0.999708951
1769782085284004352.000000 0.001278785 -0.001570148 -0.004177121 0.000587650 -0.017960673 -0.015302207 0.999721467
1769782085317338112.000000 0.001311889 -0.001739567 -0.004313537 -0.000834914 -0.018245099 -0.015522318 0.999712706
1769782085350672128.000000 0.001515671 -0.001902623 -0.004562841 -0.002229474 -0.019049320 -0.015879679 0.999689996
1769782085384004352.000000 0.001660410 -0.002303637 -0.003908539 -0.003903034 -0.019498978 -0.016951168 0.999658585
1769782085417338368.000000 0.001420444 -0.002868594 -0.003761725 -0.005171642 -0.018841987 -0.013000521 0.999724627
1769782085450671872.000000 0.002048342 -0.003289888 -0.004321814 -0.007945525 -0.021909961 -0.014248018 0.999626875
1769782085484004608.000000 0.002169301 -0.003592685 -0.004486804 -0.009746431 -0.022264823 -0.014020035 0.999606311
1769782085517338112.000000 0.002002050 -0.003930992 -0.004338141 -0.011607079 -0.022290586 -0.013099543 0.999598384
1769782085550672128.000000 0.001951012 -0.004235546 -0.004575731 -0.013545689 -0.022240559 -0.012917035 0.999577463
1769782085584004352.000000 0.002013501 -0.004516636 -0.004350122 -0.015403336 -0.022440933 -0.012879250 0.999546587
1769782085617337344.000000 0.002316086 -0.004945352 -0.004405572 -0.018073607 -0.023388408 -0.014020151 0.999464810
1769782085650671360.000000 0.002424714 -0.005226541 -0.004394456 -0.019605834 -0.023589134 -0.014121033 0.999429762
1769782085684004096.000000 0.002274371 -0.005477400 -0.004612343 -0.021975903 -0.023184927 -0.014254829 0.999388039
1769782085717337344.000000 0.002234392 -0.005720920 -0.004949331 -0.023915850 -0.023191273 -0.013932939 0.999347925
1769782085750673664.000000 0.002173169 -0.005928481 -0.004996990 -0.025570530 -0.023204179 -0.013209647 0.999316394
1769782085784004864.000000 0.002127571 -0.006063205 -0.005458471 -0.027863747 -0.023215991 -0.013771384 0.999247253
1769782085817338112.000000 0.002179928 -0.006510427 -0.005179624 -0.030002248 -0.023424216 -0.014001255 0.999177217
1769782085850671360.000000 0.002339883 -0.007121959 -0.005389695 -0.032684546 -0.023470847 -0.014501035 0.999084890
1769782085884004608.000000 0.002310254 -0.007088003 -0.005669392 -0.034163993 -0.023535384 -0.015197744 0.999023497
1769782085917337856.000000 0.002432304 -0.007658166 -0.004953292 -0.036773160 -0.023243759 -0.014130738 0.998953402
1769782085950670592.000000 0.002409573 -0.007907389 -0.004904241 -0.039481580 -0.023195468 -0.013716422 0.998856902
1769782085984003840.000000 0.002536337 -0.008228384 -0.004978472 -0.042302582 -0.023324322 -0.014478425 0.998727679
1769782086017337856.000000 0.001910210 -0.009537769 -0.004433187 -0.045835920 -0.020731602 -0.016842999 0.998591840
1769782086050671616.000000 0.001696973 -0.009617228 -0.005010913 -0.047279764 -0.020456102 -0.015965456 0.998544633
1769782086084004352.000000 0.002008160 -0.010287216 -0.004730778 -0.050795197 -0.020838436 -0.016875731 0.998349130
1769782086117337856.000000 0.001904645 -0.010184512 -0.005375787 -0.052672423 -0.020557506 -0.018006088 0.998237848
1769782086150671360.000000 0.001917864 -0.010401519 -0.005200387 -0.054516740 -0.020259265 -0.017897705 0.998146892
1769782086184003584.000000 0.001681351 -0.010658647 -0.005793368 -0.056742255 -0.019476205 -0.017911734 0.998038232
1769782086217338112.000000 0.001692364 -0.010650850 -0.005903915 -0.057994712 -0.019092657 -0.017576531 0.997979581
1769782086250672896.000000 0.001650800 -0.011147603 -0.005694175 -0.060153913 -0.018175777 -0.017570417 0.997869015
1769782086284004096.000000 0.001707718 -0.011491784 -0.005721606 -0.061906844 -0.017559547 -0.016846240 0.997785270
1769782086317337600.000000 0.001460620 -0.011606400 -0.005929596 -0.063443586 -0.016675297 -0.018379627 0.997676849
1769782086350671360.000000 0.000793534 -0.011753337 -0.006200057 -0.064512201 -0.014954659 -0.024174754 0.997511983
1769782086384003584.000000 0.000527161 -0.011955890 -0.006506811 -0.065819249 -0.015118162 -0.034031216 0.997136474
1769782086417338112.000000 0.000636002 -0.012195219 -0.006505203 -0.067060873 -0.015170420 -0.044357110 0.996647000
1769782086450671104.000000 0.000512160 -0.012386872 -0.006583205 -0.068594709 -0.015207731 -0.053663407 0.996084213
1769782086484004608.000000 0.000473858 -0.012848350 -0.006722678 -0.070583507 -0.015112483 -0.061713595 0.995480299
1769782086517337856.000000 0.000308398 -0.012972855 -0.007218229 -0.071576469 -0.015035638 -0.069583237 0.994891465
1769782086550671616.000000 0.000213134 -0.012919418 -0.007157499 -0.072205819 -0.014458950 -0.075860485 0.994395554
1769782086584003328.000000 0.000312408 -0.012751057 -0.006709163 -0.072120532 -0.014094239 -0.080702305 0.994025767
1769782086617336832.000000 0.000110371 -0.012844965 -0.007020192 -0.072930269 -0.013734519 -0.085164465 0.993599355
1769782086650670848.000000 -0.000145159 -0.013017306 -0.007187337 -0.073340245 -0.012647711 -0.087581024 0.993373513
1769782086684003584.000000 -0.000211424 -0.012947656 -0.007047304 -0.073848449 -0.012043490 -0.090294950 0.993100345
1769782086717336320.000000 0.000301225 -0.013030553 -0.005672856 -0.075169608 -0.011620038 -0.091266647 0.992917359
1769782086750673408.000000 0.000245548 -0.012988951 -0.005749598 -0.075131118 -0.010338723 -0.091454089 0.992917240
1769782086784004352.000000 0.000160499 -0.013001746 -0.005694163 -0.074839316 -0.009309248 -0.090597995 0.993027925
1769782086817337856.000000 -0.000467415 -0.013134195 -0.005875528 -0.074831881 -0.007124557 -0.087870888 0.993291557
1769782086850671104.000000 -0.000629907 -0.012535332 -0.006283895 -0.073783241 -0.006131747 -0.084732756 0.993649244
1769782086884003584.000000 -0.000698647 -0.012304357 -0.005899570 -0.073010311 -0.004663702 -0.080852255 0.994037628
1769782086917336832.000000 -0.000901373 -0.012239005 -0.005952617 -0.072593547 -0.002757012 -0.077040136 0.994377971
1769782086950669824.000000 -0.000594804 -0.012650493 -0.005347154 -0.072545193 -0.001065485 -0.074637920 0.994567871
1769782086984003328.000000 -0.001173764 -0.012456816 -0.005748849 -0.071202219 0.001657126 -0.071405195 0.994901419
1769782087017337088.000000 -0.001217174 -0.012578968 -0.005609390 -0.070715420 0.003227766 -0.068795837 0.995116174
1769782087050671104.000000 -0.001299320 -0.012138663 -0.006012368 -0.069934301 0.004317418 -0.067023039 0.995288134
1769782087084003328.000000 -0.001595019 -0.011977900 -0.006404876 -0.068588652 0.005717251 -0.064800397 0.995521903
1769782087117337344.000000 -0.001584651 -0.011935852 -0.006498681 -0.067683518 0.007113555 -0.062855579 0.995699525
1769782087150671104.000000 -0.001616194 -0.011570240 -0.006430235 -0.065268859 0.008969503 -0.059706368 0.996039510
1769782087184003584.000000 -0.001639955 -0.011388503 -0.006375241 -0.064105220 0.010584751 -0.058025394 0.996198595
1769782087217337344.000000 -0.002057024 -0.011136570 -0.006723485 -0.062191952 0.012115262 -0.055309068 0.996456861
1769782087250671616.000000 -0.001999434 -0.011169624 -0.006374885 -0.060988698 0.013813788 -0.055625476 0.996491551
1769782087284003584.000000 -0.002217832 -0.011008966 -0.006586102 -0.058966536 0.015464649 -0.055096492 0.996618390
1769782087317336832.000000 -0.002307504 -0.010881962 -0.006437781 -0.056612555 0.017567610 -0.055178329 0.996715546
1769782087350671104.000000 -0.002475441 -0.010510344 -0.006432463 -0.053496726 0.019601690 -0.055229072 0.996846914
1769782087384002816.000000 -0.002595479 -0.010418575 -0.006368914 -0.050920751 0.022159621 -0.056034494 0.996883273
1769782087417337344.000000 -0.002674332 -0.010091770 -0.006187537 -0.047285698 0.024782810 -0.056725163 0.996961474
1769782087450670592.000000 -0.003297089 -0.009725583 -0.007659175 -0.043667719 0.027766576 -0.055713974 0.997104883
1769782087484002816.000000 -0.003410431 -0.009229040 -0.007689965 -0.039321776 0.030384213 -0.055627018 0.997214258
1769782087517337088.000000 -0.003266224 -0.009162756 -0.006692447 -0.035953835 0.032604154 -0.058142699 0.997127771
1769782087550670848.000000 -0.003228104 -0.008824647 -0.006745258 -0.032282598 0.035070833 -0.059993032 0.997060120
1769782087584003072.000000 -0.003236701 -0.008577356 -0.006516482 -0.029085698 0.038404714 -0.060752138 0.996989608
1769782087617336320.000000 -0.003208711 -0.008423800 -0.006490966 -0.026017010 0.042146683 -0.061825864 0.996857285
1769782087650670080.000000 -0.002526582 -0.008410765 -0.004822375 -0.022824176 0.043762635 -0.062800281 0.996804953
1769782087684002304.000000 -0.002918679 -0.007902709 -0.005022572 -0.020402679 0.050141558 -0.065163203 0.996405244
1769782087717335808.000000 -0.002832338 -0.007683736 -0.005096958 -0.017813884 0.053066649 -0.064369187 0.996354938
1769782087750672640.000000 -0.002741438 -0.007531977 -0.004717404 -0.015397276 0.056534518 -0.064730346 0.996181130
1769782087784004096.000000 -0.002854942 -0.007378649 -0.004362155 -0.013444536 0.060640275 -0.064729638 0.995967925
1769782087817336576.000000 -0.002690823 -0.006932053 -0.004853542 -0.010168622 0.062541410 -0.064256504 0.995919883
1769782087850670080.000000 -0.002605461 -0.007206335 -0.004526129 -0.010098677 0.065581359 -0.068444006 0.995445967
1769782087884003328.000000 -0.002657340 -0.006935169 -0.004452904 -0.008225493 0.068793535 -0.069452964 0.995176494
1769782087917336576.000000 -0.002531077 -0.006834372 -0.003987389 -0.007069257 0.071611978 -0.070408046 0.994919360
1769782087950669568.000000 -0.002536245 -0.006539853 -0.003714429 -0.005618169 0.073777176 -0.072210908 0.994641125
1769782087984014080.000000 -0.002546233 -0.006466619 -0.003565128 -0.004464552 0.075316831 -0.073062532 0.994469404
1769782088017346304.000000 -0.002507947 -0.006110706 -0.003975393 -0.004092600 0.075466283 -0.074367531 0.994362950
1769782088050680064.000000 -0.002467024 -0.005974243 -0.004044609 -0.003443155 0.075890616 -0.075928584 0.994215131
1769782088084013056.000000 -0.002578167 -0.005709666 -0.003687145 -0.001896132 0.075564198 -0.076610066 0.994191885
1769782088117345792.000000 -0.003001590 -0.005010462 -0.003913118 -0.003011951 0.075777061 -0.076672077 0.994168103
1769782088150679808.000000 -0.003145647 -0.004894250 -0.003687348 -0.009739165 0.074964106 -0.075822368 0.994251788
1769782088184012544.000000 -0.003140159 -0.004743176 -0.003404162 -0.016167950 0.074012391 -0.074179143 0.994363248
1769782088217346304.000000 -0.003412895 -0.004896122 -0.003578462 -0.021709418 0.072850458 -0.069087110 0.994710267
1769782088250681600.000000 -0.003224890 -0.005019074 -0.003196484 -0.026228253 0.071862355 -0.067926653 0.994753182
1769782088284012288.000000 -0.003101280 -0.003545573 -0.002877187 -0.024920044 0.070962816 -0.067964964 0.994848847
1769782088317346048.000000 -0.003278341 -0.003705339 -0.003748168 -0.028008044 0.070610605 -0.067208610 0.994843066
1769782088350679808.000000 -0.003296490 -0.003500493 -0.003675461 -0.029295914 0.070290923 -0.066813685 0.994855225
1769782088384012032.000000 -0.003327570 -0.003350192 -0.003602743 -0.030527702 0.070591211 -0.065991670 0.994851768
1769782088417346560.000000 -0.003438437 -0.003226941 -0.003554467 -0.031421471 0.070582353 -0.065217994 0.994875610
1769782088450680064.000000 -0.003788136 -0.002873712 -0.003277121 -0.031499419 0.071582042 -0.063811027 0.994893014
1769782088484012032.000000 -0.003858415 -0.002780263 -0.003269758 -0.031952865 0.071633987 -0.062986650 0.994927347
1769782088517346048.000000 -0.004230571 -0.002918945 -0.002725242 -0.032206994 0.073204003 -0.059910420 0.994994879
1769782088550680064.000000 -0.004324724 -0.002658647 -0.002646565 -0.031742454 0.073366448 -0.060257833 0.994976819
1769782088584012032.000000 -0.004463542 -0.002433226 -0.002454253 -0.031155877 0.074340895 -0.059387181 0.994975328
1769782088617345280.000000 -0.004492647 -0.002530433 -0.002929005 -0.031872917 0.074494123 -0.060151711 0.994895279
1769782088650679296.000000 -0.004768232 -0.002280494 -0.002373980 -0.028707799 0.075238362 -0.056404129 0.995155096
1769782088684012032.000000 -0.004675786 -0.002374248 -0.002923162 -0.029540163 0.075382397 -0.060186815 0.994898200
1769782088717345280.000000 -0.004943438 -0.002239099 -0.003187211 -0.028115058 0.075874165 -0.060905423 0.994858384
1769782088750680576.000000 -0.004986914 -0.001997458 -0.002710999 -0.025730474 0.076708682 -0.059843965 0.994923413
1769782088784012800.000000 -0.004958629 -0.001945626 -0.002599961 -0.024254736 0.077023305 -0.060266677 0.994910657
1769782088817345792.000000 -0.005239937 -0.001959204 -0.003291084 -0.021855883 0.077318460 -0.060063582 0.994955540
1769782088850679040.000000 -0.005047567 -0.001969336 -0.002157219 -0.019868314 0.077905633 -0.060072098 0.994950891
1769782088884012032.000000 -0.004980790 -0.002011293 -0.002005203 -0.018145239 0.078698523 -0.060025357 0.994924307
1769782088917345536.000000 -0.005055736 -0.001983104 -0.002081714 -0.016688745 0.078994729 -0.060384162 0.994904518
1769782088950678784.000000 -0.005138530 -0.002083257 -0.001836185 -0.015802691 0.079379544 -0.060545109 0.994878650
1769782088984012288.000000 -0.005132024 -0.002156699 -0.001886179 -0.015089873 0.079762265 -0.060907137 0.994836986
1769782089017345536.000000 -0.005154710 -0.002209611 -0.001939048 -0.015015235 0.079793185 -0.061031643 0.994828045
1769782089050679040.000000 -0.005244868 -0.002242650 -0.001957701 -0.014827775 0.080027103 -0.060957644 0.994816542
1769782089084012032.000000 -0.005624562 -0.002211572 -0.002368759 -0.014729931 0.080756210 -0.060170509 0.994807005
1769782089117345536.000000 -0.005844932 -0.001748326 -0.002572799 -0.014442730 0.081784174 -0.060878836 0.994684160
1769782089150679552.000000 -0.006051493 -0.001805458 -0.002934835 -0.014441654 0.081985079 -0.060804885 0.994672179
1769782089184012032.000000 -0.006636256 -0.001543678 -0.001796979 -0.010229328 0.084869578 -0.053351145 0.994910121
1769782089217346048.000000 -0.006764826 -0.001796111 -0.001649810 -0.010101705 0.085693814 -0.053224545 0.994847596
1769782089250680832.000000 -0.006815415 -0.001384364 -0.002379728 -0.009616377 0.085761353 -0.055513725 0.994721472
1769782089284011776.000000 -0.006847853 -0.001457363 -0.002500722 -0.010036663 0.086020388 -0.055684607 0.994685411
1769782089317345536.000000 -0.007017374 -0.001549705 -0.002718257 -0.009984776 0.086677097 -0.055050101 0.994664192
1769782089350679296.000000 -0.007019755 -0.001594656 -0.002899419 -0.010446540 0.087120980 -0.054373965 0.994657874
1769782089384011520.000000 -0.007169039 -0.001760210 -0.003210120 -0.011206659 0.087648965 -0.054504257 0.994596124
1769782089417346304.000000 -0.007303721 -0.001814311 -0.003474321 -0.011704208 0.088093698 -0.054013878 0.994577885
1769782089450679552.000000 -0.007846975 -0.001692827 -0.002202924 -0.010391773 0.091469780 -0.052993506 0.994342566
1769782089484013312.000000 -0.007925723 -0.001749746 -0.002431398 -0.011277290 0.091750108 -0.052558184 0.994330168
1769782089517345792.000000 -0.008013619 -0.002007291 -0.002364671 -0.012557664 0.092620738 -0.052003663 0.994263291
1769782089550679552.000000 -0.007955037 -0.002294749 -0.002352310 -0.013993691 0.092122629 -0.051753715 0.994303405
1769782089584011264.000000 -0.008039758 -0.002388009 -0.002612698 -0.015066114 0.092788935 -0.048637062 0.994383156
1769782089617344768.000000 -0.008229188 -0.002389271 -0.003289056 -0.016566282 0.092363931 -0.050518613 0.994305015
1769782089650678528.000000 -0.008829183 -0.002957868 -0.003183009 -0.019509606 0.094031498 -0.048351165 0.994203031
1769782089684011264.000000 -0.008921028 -0.003159604 -0.003389434 -0.021085998 0.094369732 -0.048067119 0.994152546
1769782089717344768.000000 -0.009027910 -0.003419348 -0.003439922 -0.022868505 0.094557717 -0.047416504 0.994126558
1769782089750680832.000000 -0.009028066 -0.003705177 -0.003703877 -0.024916977 0.094496369 -0.046585865 0.994122446
1769782089784012544.000000 -0.009259453 -0.004022482 -0.003896764 -0.027244927 0.094831221 -0.046190716 0.994047940
1769782089817345536.000000 -0.009268931 -0.004451332 -0.003759413 -0.029826883 0.094990358 -0.044713855 0.994026065
1769782089850678784.000000 -0.009202189 -0.005035265 -0.003520461 -0.032394823 0.095146790 -0.045695785 0.993886113
1769782089884011520.000000 -0.009477627 -0.005348471 -0.003895076 -0.035089042 0.095605724 -0.044466399 0.993806422
1769782089917345024.000000 -0.009898400 -0.005901438 -0.004583209 -0.037562650 0.096181214 -0.043063469 0.993722200
1769782089950678272.000000 -0.010234044 -0.006317709 -0.004945450 -0.040595803 0.096584782 -0.042641353 0.993581951
1769782089984011264.000000 -0.010514898 -0.006569482 -0.005486249 -0.042523887 0.096835472 -0.041318912 0.993532836
1769782090017345280.000000 -0.010214916 -0.006871633 -0.005405657 -0.043986414 0.096016891 -0.041129533 0.993556380
1769782090050679040.000000 -0.010179942 -0.007138432 -0.004911734 -0.046263330 0.096341833 -0.040669106 0.993440509
1769782090084011776.000000 -0.010223893 -0.007644538 -0.005236920 -0.049016822 0.096089423 -0.040444762 0.993342102
1769782090117345024.000000 -0.010205134 -0.008031446 -0.005098123 -0.051531512 0.095967226 -0.039555892 0.993262410
1769782090150678272.000000 -0.010080530 -0.008302916 -0.005066120 -0.053814527 0.095858015 -0.040627614 0.993108630
1769782090184011520.000000 -0.010176653 -0.008598433 -0.005107961 -0.055889595 0.095524713 -0.040015813 0.993050992
1769782090217345280.000000 -0.010057935 -0.008968513 -0.004746675 -0.058180764 0.095157474 -0.039806761 0.992963016
1769782090250680320.000000 -0.009989579 -0.009512513 -0.005643495 -0.060728334 0.093939178 -0.038160473 0.992991090
1769782090284011776.000000 -0.010003491 -0.009787093 -0.005605709 -0.062826246 0.093387835 -0.037811622 0.992925882
1769782090317344768.000000 -0.009975653 -0.009989463 -0.005910018 -0.065029949 0.092760757 -0.037285037 0.992862761
1769782090350678528.000000 -0.009785662 -0.010238783 -0.005553938 -0.066745169 0.092050061 -0.037847605 0.992793798
1769782090384011264.000000 -0.009733192 -0.010326109 -0.004940805 -0.068659991 0.092002988 -0.037093718 0.992695987
1769782090417345280.000000 -0.009650953 -0.010391411 -0.004905064 -0.069929928 0.091363005 -0.035398018 0.992728412
1769782090450678784.000000 -0.009690520 -0.010882383 -0.005566103 -0.071206689 0.091180414 -0.034332387 0.992691815
1769782090484010752.000000 -0.009602150 -0.010934221 -0.005125978 -0.073304296 0.089867420 -0.035268057 0.992626071
1769782090517344768.000000 -0.009613131 -0.011452815 -0.005444627 -0.074178450 0.088979021 -0.034270249 0.992676079
1769782090550678784.000000 -0.009446307 -0.011802564 -0.005607690 -0.075552501 0.087933503 -0.034131583 0.992670476
1769782090584010752.000000 -0.009341536 -0.011990760 -0.005678180 -0.076751269 0.086831614 -0.033206109 0.992706895
1769782090617344256.000000 -0.009270267 -0.012055735 -0.005676042 -0.077642031 0.086268671 -0.032430582 0.992712319
1769782090650678272.000000 -0.009187090 -0.012095626 -0.005583293 -0.078159362 0.085363857 -0.032096457 0.992760837
1769782090684010496.000000 -0.009372089 -0.012078982 -0.005982078 -0.079425767 0.083908252 -0.032696668 0.992764771
1769782090717343488.000000 -0.009249900 -0.012197021 -0.005741609 -0.079738066 0.083149031 -0.031422250 0.992844820
1769782090750680320.000000 -0.009070940 -0.012330712 -0.005619465 -0.080343045 0.081942916 -0.030469995 0.992926002
1769782090784011264.000000 -0.008893457 -0.012385393 -0.005419699 -0.080968454 0.080656879 -0.030775480 0.992971003
1769782090817344768.000000 -0.009019190 -0.012439015 -0.006134963 -0.080762513 0.079825230 -0.029735005 0.993086696
1769782090850678016.000000 -0.008920530 -0.012570227 -0.006326175 -0.080925740 0.078666925 -0.028566997 0.993200123
1769782090884011520.000000 -0.008999134 -0.012432681 -0.006158624 -0.080167621 0.077817701 -0.027830167 0.993349433
1769782090917344000.000000 -0.008543842 -0.012364844 -0.006646062 -0.080370225 0.075358555 -0.028833540 0.993494093
1769782090950677760.000000 -0.008409085 -0.012345886 -0.006466558 -0.080061607 0.073942699 -0.029337978 0.993610561
1769782090984011776.000000 -0.007876646 -0.012504681 -0.006259222 -0.079603344 0.072226137 -0.028270859 0.993804574
1769782091017344512.000000 -0.007756657 -0.012546467 -0.006200139 -0.079095185 0.071166463 -0.028517051 0.993914604
1769782091050677760.000000 -0.007572943 -0.012543654 -0.006270899 -0.078413986 0.069835752 -0.028215889 0.994071484
1769782091084010496.000000 -0.007271950 -0.012400021 -0.006739441 -0.077529952 0.067376353 -0.028820632 0.994293213
1769782091117344256.000000 -0.007188038 -0.012129720 -0.007488365 -0.076476544 0.065637141 -0.030016128 0.994455695
1769782091150678272.000000 -0.007196465 -0.012209917 -0.007723756 -0.075622231 0.064620815 -0.030318478 0.994578421
1769782091184010240.000000 -0.006938847 -0.012028472 -0.007740172 -0.074081652 0.062740348 -0.030066093 0.994822383
1769782091217344768.000000 -0.006481060 -0.011903400 -0.006401243 -0.072660819 0.061439201 -0.028206190 0.995062828
1769782091250679040.000000 -0.006967958 -0.011997662 -0.007623328 -0.071188599 0.060919497 -0.027321486 0.995225906
1769782091284011008.000000 -0.005949138 -0.011551476 -0.006174702 -0.069398127 0.058432706 -0.027784728 0.995488584
1769782091317344768.000000 -0.005946051 -0.011380522 -0.006673417 -0.067796297 0.056650996 -0.028259704 0.995688617
1769782091350678272.000000 -0.005501737 -0.011318684 -0.007240425 -0.066156052 0.053819939 -0.030295238 0.995896101
1769782091384010240.000000 -0.005079610 -0.011141578 -0.006760542 -0.064149149 0.052078303 -0.029849079 0.996133447
1769782091417344768.000000 -0.004583957 -0.010692619 -0.007446916 -0.062229913 0.049168136 -0.029306512 0.996419132
1769782091450677760.000000 -0.004717445 -0.011046140 -0.007429848 -0.060791589 0.048241772 -0.031878121 0.996474266
1769782091484009728.000000 -0.004758797 -0.010336184 -0.007647836 -0.057142936 0.046735127 -0.031607591 0.996770561
1769782091517344768.000000 -0.004941411 -0.010191076 -0.007912018 -0.053826123 0.045670062 -0.029373990 0.997072816
1769782091550678272.000000 -0.004439036 -0.009898370 -0.007707837 -0.051172972 0.042970769 -0.030753046 0.997290909
1769782091584010240.000000 -0.004180240 -0.009583899 -0.007191409 -0.047313903 0.040637825 -0.031977106 0.997540712
1769782091617343488.000000 -0.004002701 -0.009458294 -0.006818029 -0.044430260 0.038562600 -0.032460652 0.997740030
1769782091650677504.000000 -0.003808909 -0.009214804 -0.006867763 -0.040548220 0.036157843 -0.033290561 0.997968078
1769782091684009472.000000 -0.004069787 -0.008642961 -0.007911633 -0.036756318 0.035055164 -0.034306318 0.998119831
1769782091717343488.000000 -0.003948520 -0.008576921 -0.007719237 -0.033061460 0.033126038 -0.034935966 0.998293102
1769782091750680064.000000 -0.003742451 -0.008278653 -0.007708259 -0.028981436 0.030858563 -0.036438484 0.998438835
1769782091784010496.000000 -0.003726265 -0.008321204 -0.007261430 -0.024153896 0.027636474 -0.034535836 0.998729229
1769782091817343744.000000 -0.003752933 -0.008141451 -0.007298305 -0.020543018 0.024911474 -0.034966618 0.998866737
1769782091850677760.000000 -0.003277537 -0.008437884 -0.005858859 -0.019287456 0.021875339 -0.036194019 0.998919189
1769782091884010240.000000 -0.002840346 -0.008026394 -0.005268741 -0.016410701 0.017776366 -0.035900168 0.999062479
1769782091917343488.000000 -0.003064779 -0.008167114 -0.006143463 -0.013459709 0.013899877 -0.035860874 0.999169469
1769782091950676736.000000 -0.002835845 -0.008097444 -0.005782027 -0.010511174 0.010652263 -0.036177881 0.999233305
1769782091984010496.000000 -0.002844489 -0.008318405 -0.005169059 -0.009413137 0.007438375 -0.037887067 0.999210060
1769782092017343744.000000 -0.002554695 -0.008135894 -0.004734608 -0.007870217 0.004245553 -0.039433964 0.999182224
1769782092050676992.000000 -0.002419910 -0.008061632 -0.004386459 -0.005825307 0.001131378 -0.039433476 0.999204576
1769782092084010240.000000 -0.002219479 -0.007821485 -0.004375056 -0.003288723 -0.002514843 -0.038899798 0.999234557
1769782092117344256.000000 -0.002870078 -0.007032862 -0.006709167 0.000412026 -0.004964108 -0.036640082 0.999316156
1769782092150677248.000000 -0.002844666 -0.006838256 -0.006598856 0.001987754 -0.006808941 -0.034757283 0.999370635
1769782092184009728.000000 -0.002663534 -0.006676538 -0.006440238 0.002786311 -0.008896408 -0.034345053 0.999366581
1769782092217344000.000000 -0.002598190 -0.006546990 -0.006349057 0.004204731 -0.010316059 -0.032392371 0.999413192
1769782092250679040.000000 -0.002525099 -0.006758821 -0.004608753 0.004724625 -0.009701746 -0.030874614 0.999465048
1769782092284009984.000000 -0.002143127 -0.006625824 -0.004179434 0.006433456 -0.010034607 -0.026259875 0.999584079
1769782092317343232.000000 -0.002062956 -0.006351785 -0.004511696 0.006972976 -0.009037739 -0.028852006 0.999518514
1769782092350677504.000000 -0.001987770 -0.006124678 -0.004029892 0.003824953 -0.007721008 -0.029038368 0.999541223
1769782092384009472.000000 -0.001953528 -0.006159377 -0.004199203 -0.002730596 -0.007344969 -0.028097585 0.999574482
1769782092417344000.000000 -0.001685405 -0.006138564 -0.003757613 -0.009301144 -0.006872277 -0.028074097 0.999539018
1769782092450677504.000000 -0.001558754 -0.006073741 -0.003710999 -0.014813893 -0.006744509 -0.027969189 0.999476254
1769782092484011520.000000 -0.001970169 -0.005245974 -0.005414835 -0.016998155 -0.006545119 -0.026309932 0.999487936
1769782092517344000.000000 -0.002036847 -0.005218637 -0.005218204 -0.019683145 -0.006166475 -0.026252737 0.999442577
1769782092550677760.000000 -0.002010108 -0.005135668 -0.005297365 -0.021947188 -0.005430507 -0.026081365 0.999404132
1769782092584009216.000000 -0.002038783 -0.005127358 -0.004794199 -0.023654805 -0.004741218 -0.025678696 0.999379098
1769782092617342976.000000 -0.001717137 -0.004826353 -0.005671984 -0.025116742 -0.005463758 -0.027819145 0.999282479
1769782092650676992.000000 -0.001656214 -0.004989170 -0.004773907 -0.026195357 -0.005232081 -0.028066471 0.999249101
1769782092684008960.000000 -0.001516815 -0.004922965 -0.004569267 -0.026948057 -0.005429563 -0.028562700 0.999213934
1769782092717342464.000000 -0.001542244 -0.004738109 -0.003796067 -0.026072420 -0.004673716 -0.028383769 0.999246120
1769782092750678528.000000 -0.001366488 -0.004744039 -0.003498160 -0.025627384 -0.004965188 -0.028075609 0.999264896
1769782092784010240.000000 -0.001676984 -0.004433027 -0.004501844 -0.025639476 -0.004920098 -0.027408402 0.999283373
1769782092817343744.000000 -0.001524491 -0.004291038 -0.004673684 -0.024783306 -0.005385705 -0.027657554 0.999295712
1769782092850676992.000000 -0.000770405 -0.005408751 -0.002549562 -0.025524735 -0.005723327 -0.026561992 0.999304891
1769782092884009472.000000 -0.000476704 -0.005540716 -0.002044215 -0.024804266 -0.006501021 -0.027319154 0.999297857
1769782092917343232.000000 -0.001247173 -0.004305708 -0.003961653 -0.021722110 -0.005618510 -0.026186094 0.999405265
1769782092950676224.000000 -0.001423304 -0.004057476 -0.004436694 -0.019556643 -0.005719845 -0.026790224 0.999433458
1769782092984009472.000000 -0.001329464 -0.004092121 -0.004179399 -0.017929753 -0.005652870 -0.025682205 0.999493420
1769782093017343232.000000 -0.001259455 -0.003709355 -0.004490357 -0.015794815 -0.005889886 -0.024149692 0.999566257
1769782093050676480.000000 -0.001331679 -0.003664047 -0.004837892 -0.014697512 -0.005898351 -0.023974389 0.999587178
1769782093084009472.000000 -0.001038234 -0.003720463 -0.004525111 -0.013915667 -0.006509543 -0.023553772 0.999604583
1769782093117343232.000000 -0.000901960 -0.004044245 -0.003309542 -0.013528649 -0.005690044 -0.022365227 0.999642134
1769782093150676992.000000 -0.001021148 -0.003760475 -0.004477525 -0.013468303 -0.006546895 -0.022907838 0.999625504
1769782093184010240.000000 -0.001026805 -0.003693175 -0.004678064 -0.013780727 -0.006576649 -0.022617953 0.999627650
1769782093217343488.000000 -0.000871171 -0.003672827 -0.004508103 -0.013123555 -0.006778711 -0.022174194 0.999645054
1769782093250678528.000000 -0.001003554 -0.003544794 -0.005263839 -0.013033300 -0.006827498 -0.021587435 0.999658763
1769782093284009728.000000 -0.000973259 -0.003815157 -0.004696428 -0.013051554 -0.007093367 -0.021335293 0.999662101
1769782093317342976.000000 -0.001043473 -0.003900804 -0.004618013 -0.012794799 -0.007064119 -0.020638173 0.999680221
1769782093350676736.000000 -0.000849398 -0.004119792 -0.004377115 -0.013021257 -0.007770891 -0.021427384 0.999655426
1769782093384008960.000000 -0.000915958 -0.004074194 -0.004710947 -0.012891429 -0.008002210 -0.020986561 0.999664664
1769782093417343744.000000 -0.000998655 -0.004098519 -0.005190236 -0.013247202 -0.007859181 -0.021216469 0.999656320
1769782093450676992.000000 -0.000985002 -0.004217819 -0.005061558 -0.013827511 -0.007783866 -0.021111971 0.999651194
1769782093484009984.000000 -0.000945767 -0.004166010 -0.005712311 -0.014717029 -0.008355506 -0.021830473 0.999618471
1769782093517342720.000000 -0.000702165 -0.004355993 -0.004974085 -0.014904218 -0.009253412 -0.021784376 0.999608815
1769782093550676992.000000 -0.000705202 -0.004485930 -0.005215674 -0.015700480 -0.009170709 -0.021696500 0.999599278
1769782093584008960.000000 -0.000648561 -0.004750615 -0.005605079 -0.017263960 -0.009748611 -0.022036321 0.999560654
1769782093617342208.000000 -0.000772810 -0.004887041 -0.005531220 -0.018184861 -0.009822654 -0.020974213 0.999566436
1769782093650676224.000000 -0.000411863 -0.005350829 -0.005015714 -0.020736806 -0.010781584 -0.022211654 0.999480128
1769782093684008448.000000 -0.000431661 -0.005614762 -0.005367665 -0.022140536 -0.010906320 -0.021729568 0.999459207
1769782093717341952.000000 -0.000438446 -0.005791584 -0.005323871 -0.023677070 -0.011212058 -0.021833494 0.999418318
1769782093750678272.000000 0.000961601 -0.006139559 -0.005446468 -0.026607104 -0.015574716 -0.028105663 0.999129415
1769782093784009472.000000 0.001017865 -0.006530579 -0.005350811 -0.028681684 -0.015527076 -0.027617471 0.999086380
1769782093817343232.000000 0.000691400 -0.006600586 -0.005376309 -0.030015966 -0.014775584 -0.026727788 0.999082744
1769782093850676736.000000 0.000813698 -0.007048296 -0.004737277 -0.032005433 -0.015458311 -0.027518841 0.998989224
1769782093884009216.000000 0.000921947 -0.007237402 -0.004875038 -0.033733737 -0.015956342 -0.027862964 0.998914957
1769782093917342208.000000 0.000946628 -0.007630224 -0.004805748 -0.036391709 -0.015958348 -0.028017096 0.998817325
1769782093950675456.000000 0.000959886 -0.007922695 -0.004542778 -0.038053676 -0.015895788 -0.027810371 0.998762190
1769782093984009728.000000 0.000881137 -0.008023974 -0.004781540 -0.040006902 -0.016081490 -0.027658850 0.998687029
1769782094017342720.000000 0.000941869 -0.008338160 -0.005324312 -0.042190745 -0.016376454 -0.028403012 0.998571575
1769782094050675968.000000 0.001053126 -0.008619916 -0.004688603 -0.044147082 -0.016314071 -0.029297927 0.998462141
1769782094084008960.000000 0.001112941 -0.008976865 -0.004440645 -0.046660267 -0.016231747 -0.029620953 0.998339653
1769782094117341952.000000 0.001043240 -0.009196335 -0.005032769 -0.048708629 -0.016196912 -0.030313151 0.998221576
1769782094150676224.000000 0.000976726 -0.009544657 -0.005020414 -0.050693035 -0.015905170 -0.029799692 0.998142898
1769782094184008704.000000 0.000874528 -0.009595600 -0.005270687 -0.052375719 -0.015446078 -0.029151287 0.998082340
1769782094217342976.000000 0.000837097 -0.010199321 -0.005223346 -0.055681083 -0.015602043 -0.028819993 0.997910619
1769782094250677248.000000 0.001164230 -0.010767735 -0.007257093 -0.060131155 -0.015761193 -0.029521003 0.997629404
1769782094284009216.000000 0.000910153 -0.011111625 -0.005505333 -0.062317055 -0.015232260 -0.028710922 0.997527063
1769782094317341952.000000 0.000894977 -0.011430304 -0.005318020 -0.064487025 -0.015074898 -0.027925985 0.997413814
1769782094350675968.000000 0.000772915 -0.011583156 -0.005200330 -0.066271998 -0.014208998 -0.027737420 0.997314870
1769782094384008192.000000 0.000663909 -0.011757759 -0.005582716 -0.068260737 -0.013523242 -0.027585478 0.997194409
1769782094417343232.000000 0.000348971 -0.012198642 -0.006368551 -0.070442788 -0.012446914 -0.025958337 0.997100413
1769782094450676224.000000 0.000193645 -0.012512556 -0.006658338 -0.072447196 -0.011756023 -0.025739444 0.996970773
1769782094484008192.000000 0.000179699 -0.012554982 -0.006882221 -0.073908038 -0.011355553 -0.025965821 0.996862352
1769782094517342208.000000 -0.000021285 -0.012818512 -0.007094889 -0.075525902 -0.010731854 -0.025606155 0.996757269
1769782094550676224.000000 -0.000035069 -0.013071776 -0.006761434 -0.077424221 -0.009739177 -0.024606321 0.996647000
1769782094584008704.000000 -0.000085652 -0.013313974 -0.006336032 -0.078776672 -0.009677717 -0.030232582 0.996386826
1769782094617341696.000000 -0.000343586 -0.013453712 -0.007026889 -0.080294468 -0.009996432 -0.039952680 0.995920062
1769782094650675200.000000 -0.000370092 -0.013648547 -0.007054883 -0.081663154 -0.010310030 -0.050465796 0.995328128
1769782094684008704.000000 -0.000379753 -0.013694151 -0.007367869 -0.082643539 -0.010816555 -0.059617009 0.994735599
1769782094717340928.000000 -0.000438962 -0.014150741 -0.007362428 -0.084617123 -0.010752873 -0.068271093 0.994013786
1769782094750677760.000000 -0.000710184 -0.013917023 -0.007046087 -0.085175239 -0.009820106 -0.075290017 0.993468821
1769782094784008448.000000 -0.000792082 -0.014058156 -0.007013761 -0.086234078 -0.009457588 -0.081654400 0.992878020
1769782094817342208.000000 -0.000763235 -0.014119223 -0.007191287 -0.086933017 -0.009296448 -0.087623768 0.992309630
1769782094850675712.000000 -0.000670448 -0.014150405 -0.007559554 -0.088317856 -0.010013289 -0.094426103 0.991556048
1769782094884008704.000000 -0.001164127 -0.013843848 -0.007495342 -0.086381927 -0.007219331 -0.095514163 0.991646647
1769782094917341696.000000 -0.001080663 -0.013937075 -0.007487096 -0.086987160 -0.006908524 -0.098712325 0.991282701
1769782094950674688.000000 -0.001365146 -0.013836694 -0.007751727 -0.087139420 -0.005934351 -0.100924544 0.991052866
1769782094984008192.000000 -0.001446279 -0.013944793 -0.007649059 -0.087709107 -0.004995610 -0.101839937 0.990914166
1769782095017342208.000000 -0.001418113 -0.013855130 -0.007589979 -0.087610848 -0.003943704 -0.101818696 0.990929782
1769782095050675456.000000 -0.001497324 -0.013858569 -0.007717152 -0.087387830 -0.002761714 -0.100280315 0.991110325
1769782095084008192.000000 -0.001583099 -0.013976371 -0.007688171 -0.087374948 -0.001136630 -0.097281970 0.991413414
1769782095117342464.000000 -0.002265606 -0.014107824 -0.007998697 -0.087690584 0.002344968 -0.090953022 0.991984129
1769782095150675456.000000 -0.002456354 -0.013976937 -0.007932001 -0.087103970 0.003979019 -0.087561972 0.992335618
1769782095184008192.000000 -0.001313065 -0.013926162 -0.007750054 -0.087499276 0.003106013 -0.091235518 0.991972923
1769782095217342464.000000 -0.001349513 -0.014015801 -0.008042570 -0.087140225 0.004551251 -0.088245980 0.992269337
1769782095250677248.000000 -0.001476787 -0.013664636 -0.007765405 -0.085474163 0.006371949 -0.085575938 0.992638111
1769782095284008704.000000 -0.002637938 -0.013809423 -0.007075691 -0.085050851 0.011679862 -0.081236161 0.992990792
1769782095317341440.000000 -0.002741811 -0.013747704 -0.006751245 -0.084055066 0.013419415 -0.078968421 0.993236482
1769782095350675712.000000 -0.001783821 -0.013197692 -0.007862643 -0.081982717 0.011188914 -0.079327330 0.993408680
1769782095384007680.000000 -0.002704737 -0.013276144 -0.006104138 -0.079670213 0.015889686 -0.071147107 0.994152069
1769782095417341952.000000 -0.002776134 -0.013020962 -0.005993970 -0.078436010 0.017996069 -0.069573179 0.994325697
1769782095450675712.000000 -0.003304303 -0.012508134 -0.005974118 -0.074932918 0.020748373 -0.064649537 0.994874358
1769782095484009216.000000 -0.003009959 -0.012789723 -0.005699829 -0.075519256 0.021397797 -0.066979036 0.994662225
1769782095517342208.000000 -0.003070054 -0.012630141 -0.005572781 -0.073577255 0.023345303 -0.067768060 0.994710505
1769782095550675968.000000 -0.003268202 -0.012369160 -0.005833952 -0.070709452 0.025121961 -0.067999654 0.994859397
1769782095584007424.000000 -0.003313363 -0.012231674 -0.005622542 -0.068076208 0.027556589 -0.068152927 0.994968057
1769782095617340928.000000 -0.004506221 -0.011802736 -0.005657899 -0.064007416 0.033025112 -0.065692239 0.995237112
1769782095650674944.000000 -0.004158748 -0.011357920 -0.005521667 -0.059990581 0.034151327 -0.067895673 0.995301485
1769782095684007424.000000 -0.004348722 -0.011032885 -0.005772480 -0.056601923 0.036867622 -0.069283888 0.995307446
1769782095717340672.000000 -0.004216745 -0.010795514 -0.005576027 -0.052939348 0.039093465 -0.069487013 0.995409846
1769782095750685696.000000 -0.004614208 -0.010435362 -0.005643243 -0.048021186 0.041471843 -0.068258226 0.995648026
1769782095784017408.000000 -0.004573500 -0.010237895 -0.005624355 -0.044047974 0.043788154 -0.068963706 0.995683849
1769782095817350400.000000 -0.004487720 -0.009885637 -0.005125185 -0.041245103 0.047603983 -0.071544118 0.995446682
1769782095850684416.000000 -0.004432343 -0.009683938 -0.004911143 -0.038410544 0.051001992 -0.072845548 0.995297432
1769782095884017152.000000 -0.004699082 -0.009474714 -0.005054782 -0.035640031 0.054674223 -0.072505027 0.995230436
1769782095917349888.000000 -0.004663528 -0.009371147 -0.004982719 -0.032745622 0.058074482 -0.072298601 0.995152235
1769782095950683392.000000 -0.004789025 -0.009053674 -0.004834231 -0.030077323 0.062015191 -0.072944999 0.994951546
1769782095984017408.000000 -0.004803952 -0.009018679 -0.004897649 -0.028338455 0.065605797 -0.074439585 0.994661570
1769782096017350144.000000 -0.004658827 -0.008817558 -0.004837642 -0.025841400 0.068193674 -0.073357292 0.994635880
1769782096050683648.000000 -0.004565747 -0.008839265 -0.004747509 -0.024510842 0.071327306 -0.074596249 0.994357586
1769782096084016896.000000 -0.004580682 -0.008670328 -0.004385041 -0.022328380 0.075067416 -0.075985767 0.994028449
1769782096117350144.000000 -0.004088768 -0.008466898 -0.004836096 -0.019167161 0.075068310 -0.073048055 0.994314551
1769782096150683904.000000 -0.003970115 -0.008374916 -0.004447010 -0.017730959 0.077742666 -0.074363627 0.994038105
1769782096184016384.000000 -0.004114351 -0.008027897 -0.004369116 -0.015871681 0.080609068 -0.075034380 0.993790865
1769782096217350656.000000 -0.004036552 -0.008112297 -0.004236388 -0.015445706 0.082032345 -0.076578952 0.993563175
1769782096250685952.000000 -0.004096907 -0.007863886 -0.004086606 -0.014097261 0.083386302 -0.077906251 0.993367374
1769782096284016640.000000 -0.004079761 -0.007645346 -0.004145209 -0.013434887 0.084279396 -0.080245040 0.993114948
1769782096317349888.000000 -0.004482844 -0.006851620 -0.003959607 -0.009390042 0.084471375 -0.079326928 0.993218899
1769782096350683904.000000 -0.004718284 -0.006933645 -0.003821289 -0.011700228 0.084860295 -0.077823892 0.993280053
1769782096384016384.000000 -0.004837809 -0.006886126 -0.003978571 -0.017277362 0.083812341 -0.075346723 0.993478715
1769782096417350400.000000 -0.005071055 -0.006567458 -0.003558719 -0.023565287 0.083637156 -0.072921328 0.993545175
1769782096450684160.000000 -0.005117672 -0.006431850 -0.003415637 -0.029071864 0.082617454 -0.070477344 0.993660986
1769782096484015872.000000 -0.004720312 -0.006736415 -0.003112918 -0.034809645 0.081216149 -0.069495983 0.993661165
1769782096517349888.000000 -0.004834620 -0.006535344 -0.003056838 -0.037793539 0.081264488 -0.068194412 0.993638456
1769782096550683904.000000 -0.005057772 -0.006344567 -0.003038215 -0.039580870 0.081104308 -0.067109808 0.993655801
1769782096584015616.000000 -0.005186957 -0.006231733 -0.002779994 -0.041183595 0.081271954 -0.065932527 0.993655741
1769782096617349120.000000 -0.005546303 -0.005223177 -0.000980431 -0.040154390 0.083739750 -0.065463848 0.993523896
1769782096650683392.000000 -0.005546708 -0.005017112 -0.000842520 -0.040934503 0.083740667 -0.064465180 0.993557334
1769782096684017664.000000 -0.006018594 -0.005244629 -0.000938096 -0.043028757 0.084988594 -0.061784260 0.993533194
1769782096717349376.000000 -0.006160002 -0.005179703 -0.000689865 -0.043717515 0.085484654 -0.060761318 0.993523657
1769782096750685440.000000 -0.006441061 -0.004957681 -0.001138845 -0.043877918 0.086000621 -0.059841979 0.993527889
1769782096784016896.000000 -0.006407866 -0.005006609 -0.000598000 -0.043782022 0.086481348 -0.059308656 0.993522346
1769782096817349888.000000 -0.006956304 -0.004529555 -0.000141772 -0.042222153 0.088919818 -0.056900952 0.993515432
1769782096850683648.000000 -0.006940802 -0.004457102 0.000154397 -0.041671291 0.089176886 -0.056620203 0.993531644
1769782096884016896.000000 -0.007071239 -0.004397671 -0.000234776 -0.040808246 0.089617960 -0.057185374 0.993495405
1769782096917349632.000000 -0.006960831 -0.004215753 -0.000007612 -0.039492130 0.089831226 -0.057617441 0.993504405
1769782096950682624.000000 -0.007296278 -0.004138958 0.001311568 -0.037405286 0.091345042 -0.055904664 0.993544996
1769782096984017152.000000 -0.007474510 -0.004107346 0.001186372 -0.035880901 0.091775522 -0.055469502 0.993586004
1769782097017349632.000000 -0.007467899 -0.003945376 0.001301154 -0.034019280 0.092125684 -0.056647185 0.993552566
1769782097050682624.000000 -0.007572533 -0.003923940 0.000936900 -0.032063145 0.092572540 -0.056920923 0.993560433
1769782097084016128.000000 -0.007473051 -0.003792155 0.001481300 -0.030133398 0.092842244 -0.057129320 0.993583739
1769782097117349120.000000 -0.007558129 -0.003940098 0.001152946 -0.028409412 0.093179330 -0.057659823 0.993572295
1769782097150683392.000000 -0.007641345 -0.003873269 0.001390379 -0.026719991 0.093904622 -0.057787716 0.993543446
1769782097184015872.000000 -0.007747101 -0.002395887 0.001100513 -0.021878799 0.095144801 -0.061543863 0.993318260
1769782097217349888.000000 -0.008446095 -0.002761853 0.000109703 -0.022219539 0.095780738 -0.056934271 0.993524432
1769782097250684672.000000 -0.008383580 -0.002796482 0.000110557 -0.021715881 0.095987126 -0.056919225 0.993516564
1769782097284015360.000000 -0.008465666 -0.002806503 0.000132877 -0.021367220 0.096372373 -0.057020940 0.993480980
1769782097317348608.000000 -0.008925147 -0.002209920 0.000019063 -0.019385589 0.096738718 -0.056960385 0.993489504
1769782097350683136.000000 -0.009420649 -0.001955643 -0.000136504 -0.018243188 0.097644418 -0.055055320 0.993529916
1769782097384015104.000000 -0.009146325 -0.002294066 -0.000239764 -0.019546034 0.097221531 -0.056956269 0.993439436
1769782097417349888.000000 -0.009241061 -0.002366191 -0.000333923 -0.019346226 0.097771086 -0.056721337 0.993402898
1769782097450683136.000000 -0.009331124 -0.002370851 -0.000250620 -0.018899702 0.098276645 -0.056606673 0.993368149
1769782097484015616.000000 -0.009356262 -0.002367096 -0.000149447 -0.018824475 0.098876119 -0.056487378 0.993316889
1769782097517349120.000000 -0.009446285 -0.002438017 -0.000270196 -0.018742418 0.099323317 -0.055730306 0.993316591
1769782097550683904.000000 -0.009516343 -0.002601221 -0.000492749 -0.019586165 0.099847980 -0.056649826 0.993195653
1769782097584015360.000000 -0.010209280 -0.003809473 0.000746851 -0.021135025 0.104922891 -0.053028710 0.992840648
1769782097617348864.000000 -0.010292796 -0.003935495 0.000530027 -0.021743065 0.105127767 -0.053292431 0.992791712
1769782097650683136.000000 -0.010308121 -0.004188463 0.000711291 -0.022755641 0.105680130 -0.052481156 0.992753625
1769782097684015872.000000 -0.010281867 -0.004315401 0.000912731 -0.023589689 0.106189728 -0.051616158 0.992725074
1769782097717348608.000000 -0.010597755 -0.004532282 0.000542619 -0.024631249 0.106776990 -0.051244717 0.992655993
1769782097750685184.000000 -0.010977783 -0.004623812 -0.000465697 -0.025862303 0.106815532 -0.051496137 0.992607594
1769782097784015872.000000 -0.011009341 -0.004765645 -0.000479189 -0.027435360 0.107103720 -0.051294956 0.992544711
1769782097817348608.000000 -0.010953762 -0.004841093 -0.001116802 -0.029599747 0.106809117 -0.051981401 0.992478549
1769782097850682880.000000 -0.010949354 -0.005188320 -0.000991425 -0.031794365 0.107446946 -0.050961137 0.992394745
1769782097884015360.000000 -0.011100510 -0.005294615 -0.001277238 -0.032684006 0.107431322 -0.049881615 0.992422402
1769782097917348352.000000 -0.011219734 -0.005578537 -0.001238180 -0.034575082 0.107972346 -0.049241904 0.992331505
1769782097950682112.000000 -0.011378912 -0.005838165 -0.001419087 -0.036394045 0.108260281 -0.048613857 0.992266119
1769782097984015360.000000 -0.012345354 -0.006736525 -0.001639711 -0.039866995 0.110686272 -0.045359280 0.992018998
1769782098017349376.000000 -0.012544109 -0.006962625 -0.002114048 -0.041857418 0.110975072 -0.044479892 0.991944611
1769782098050682112.000000 -0.012373406 -0.006947670 -0.002068636 -0.043791659 0.110681772 -0.048495054 0.991705656
1769782098084015616.000000 -0.012327632 -0.007273182 -0.002198416 -0.045922089 0.110455528 -0.047980823 0.991659582
1769782098117348864.000000 -0.012376380 -0.007729665 -0.001877149 -0.048610870 0.110594079 -0.047138970 0.991556287
1769782098150682880.000000 -0.012366827 -0.008178283 -0.001630479 -0.050795127 0.110927440 -0.045532681 0.991484582
1769782098184015104.000000 -0.012516717 -0.008696603 -0.001554760 -0.053793404 0.111270592 -0.044465423 0.991336524
1769782098217349632.000000 -0.012463917 -0.009124123 -0.001587327 -0.056031540 0.110940218 -0.043960821 0.991272032
1769782098250684160.000000 -0.012033137 -0.009559910 -0.001114865 -0.059271336 0.110580519 -0.045661889 0.991046846
1769782098284014592.000000 -0.011996100 -0.009918897 -0.001128915 -0.061867695 0.110209472 -0.044548832 0.990980148
1769782098317349120.000000 -0.011839380 -0.010541768 -0.000878070 -0.064711869 0.110115014 -0.043892708 0.990838289
1769782098350682624.000000 -0.012410432 -0.010949301 -0.002408147 -0.065992847 0.109954059 -0.043140784 0.990804672
1769782098384014592.000000 -0.012566478 -0.011261184 -0.002639399 -0.068266958 0.110071175 -0.042110931 0.990681887
1769782098417349376.000000 -0.012604903 -0.011672968 -0.002384252 -0.070178978 0.109763928 -0.040014464 0.990669310
1769782098450682368.000000 -0.012403973 -0.011944738 -0.002735709 -0.072717533 0.108857676 -0.040745489 0.990556419
1769782098484016384.000000 -0.012483469 -0.012201331 -0.002779629 -0.074945226 0.108532809 -0.040220439 0.990447521
1769782098517348608.000000 -0.012488570 -0.012757928 -0.002205116 -0.077196233 0.108889602 -0.038456745 0.990305424
1769782098550682880.000000 -0.012384718 -0.012860610 -0.001885686 -0.078424476 0.108665310 -0.037550665 0.990268350
1769782098584014848.000000 -0.012452729 -0.013485332 -0.002573005 -0.081055075 0.107618079 -0.036476493 0.990211010
1769782098617348352.000000 -0.012571218 -0.013776123 -0.002599324 -0.082788244 0.107372954 -0.035537623 0.990128398
1769782098650681856.000000 -0.012454571 -0.013967570 -0.002933884 -0.084822141 0.106269166 -0.035798896 0.990065992
1769782098684014592.000000 -0.012446958 -0.014301919 -0.003222791 -0.086395845 0.105542645 -0.035045121 0.990034521
1769782098717347840.000000 -0.012506252 -0.014388989 -0.003126162 -0.087552175 0.104936451 -0.033824123 0.990039885
1769782098750684416.000000 -0.012426027 -0.014636951 -0.003348857 -0.089016832 0.103947848 -0.033345092 0.990029812
1769782098784015360.000000 -0.012497654 -0.014808230 -0.003451969 -0.090004876 0.103240438 -0.032680430 0.990036666
1769782098817348608.000000 -0.012167948 -0.015169606 -0.002945544 -0.091531396 0.102027349 -0.031989142 0.990045071
1769782098850682624.000000 -0.012153458 -0.015447650 -0.003086244 -0.092762500 0.101367377 -0.031441525 0.990015805
1769782098884015104.000000 -0.011975694 -0.015645487 -0.003166871 -0.093551442 0.100266643 -0.030719731 0.990076303
1769782098917348096.000000 -0.012013369 -0.015573886 -0.003164772 -0.094026640 0.099405788 -0.030783348 0.990116119
1769782098950681088.000000 -0.011696196 -0.015887490 -0.003076053 -0.094720066 0.098107323 -0.030867495 0.990176916
1769782098984014848.000000 -0.011582710 -0.015971050 -0.002993037 -0.095374398 0.096796878 -0.029916340 0.990272224
1769782099017348608.000000 -0.011580896 -0.016148373 -0.003026532 -0.096204996 0.095935330 -0.029431803 0.990290225
1769782099050682112.000000 -0.011255746 -0.016116060 -0.003218738 -0.095968865 0.094520532 -0.028677084 0.990471363
1769782099084015104.000000 -0.011087008 -0.016253235 -0.003129435 -0.096507832 0.093205601 -0.028161108 0.990558386
1769782099117348352.000000 -0.011267195 -0.016087390 -0.003419483 -0.095966950 0.092224307 -0.027732419 0.990714848
1769782099150682368.000000 -0.011137131 -0.016167536 -0.003563648 -0.095926955 0.091160432 -0.027484426 0.990824103
1769782099184015104.000000 -0.010805699 -0.016186731 -0.003463461 -0.095955133 0.089273371 -0.028277613 0.990970910
1769782099217348352.000000 -0.010691596 -0.016099144 -0.003766997 -0.095302790 0.087845810 -0.027648140 0.991179168
1769782099250683392.000000 -0.010520891 -0.016086919 -0.003683186 -0.094673634 0.086446404 -0.028072629 0.991350532
1769782099284014336.000000 -0.010104451 -0.015988929 -0.003983545 -0.094163559 0.083815828 -0.030290185 0.991559744
1769782099317347840.000000 -0.009769843 -0.015821315 -0.003967152 -0.093052775 0.082676388 -0.029711479 0.991777718
1769782099350682112.000000 -0.009780062 -0.015606765 -0.004744092 -0.091808923 0.080833480 -0.030115722 0.992033362
1769782099384014080.000000 -0.009805369 -0.015631644 -0.004270074 -0.090972237 0.080503158 -0.029211720 0.992164314
1769782099417348608.000000 -0.009673187 -0.015481560 -0.004097112 -0.089770377 0.079319738 -0.028647546 0.992385566
1769782099450681600.000000 -0.009816956 -0.015462363 -0.003554186 -0.087743968 0.079362802 -0.027374899 0.992599189
1769782099484014336.000000 -0.009571131 -0.015360722 -0.003851577 -0.086608790 0.077595554 -0.027892549 0.992824256
1769782099517348352.000000 -0.009394516 -0.015217702 -0.003309151 -0.084934816 0.076364405 -0.027675141 0.993070364
1769782099550681856.000000 -0.009130545 -0.014943752 -0.003496769 -0.083103642 0.074611083 -0.027767351 0.993355870
1769782099584013824.000000 -0.008890359 -0.014940530 -0.003239889 -0.081663087 0.073015407 -0.027567612 0.993599534
1769782099617347584.000000 -0.008670406 -0.014829319 -0.003023276 -0.079686321 0.071704470 -0.027147315 0.993867040
1769782099650681344.000000 -0.008482203 -0.014514156 -0.004620327 -0.078800097 0.068562433 -0.028198101 0.994130135
1769782099684014336.000000 -0.008278054 -0.014200548 -0.004703480 -0.076228648 0.066652924 -0.029029744 0.994436443
1769782099717347584.000000 -0.008104295 -0.013971227 -0.004723743 -0.073936142 0.065001741 -0.028825484 0.994724810
1769782099750683904.000000 -0.007984090 -0.013814522 -0.004983258 -0.071062848 0.063126832 -0.029516980 0.995034575
1769782099784014592.000000 -0.007439723 -0.013610828 -0.004587978 -0.067578949 0.059278332 -0.028690359 0.995538116
1769782099817348352.000000 -0.007659019 -0.013702894 -0.004788901 -0.065767795 0.059057243 -0.031619914 0.995583832
1769782099850681856.000000 -0.007186397 -0.013308718 -0.004807719 -0.061324928 0.055612523 -0.030248271 0.996108234
1769782099884014080.000000 -0.007024051 -0.013040945 -0.004830400 -0.057959385 0.053251997 -0.030803727 0.996421635
1769782099917347840.000000 -0.007525503 -0.013221586 -0.004572249 -0.056264859 0.053645547 -0.032905057 0.996430457
1769782099950680832.000000 -0.007239516 -0.013096794 -0.004201869 -0.052365094 0.051361423 -0.033475958 0.996744335
1769782099984015104.000000 -0.007141205 -0.012808984 -0.004091106 -0.048429009 0.049590666 -0.034894321 0.996984363
1769782100017347840.000000 -0.007116415 -0.012711593 -0.004482455 -0.045159463 0.046694349 -0.035260472 0.997264743
1769782100050681088.000000 -0.007419811 -0.012646243 -0.003995238 -0.042116810 0.045167152 -0.034356188 0.997499764
1769782100084013824.000000 -0.007036388 -0.012305855 -0.004118644 -0.038230371 0.041107565 -0.034212276 0.997836769
1769782100117347840.000000 -0.006925936 -0.012161539 -0.004151913 -0.035365593 0.037442487 -0.035383582 0.998045743
1769782100150681088.000000 -0.006908830 -0.012059598 -0.003985407 -0.032187440 0.033783805 -0.035208896 0.998290062
1769782100184014592.000000 -0.006690954 -0.011729393 -0.004053563 -0.028928801 0.030300114 -0.035563055 0.998489082
1769782100217348608.000000 -0.006744258 -0.011638885 -0.003743414 -0.026793849 0.027581075 -0.036791977 0.998582900
1769782100250683648.000000 -0.006623334 -0.011466368 -0.003791655 -0.024194336 0.023747638 -0.038317934 0.998690367
1769782100284014336.000000 -0.006477107 -0.011551563 -0.003340294 -0.022920426 0.020994985 -0.038537826 0.998773694
1769782100317347328.000000 -0.006373095 -0.011362870 -0.003220821 -0.021375634 0.017829269 -0.038891885 0.998855650
1769782100350681088.000000 -0.006175939 -0.011010762 -0.003106113 -0.018560564 0.014755322 -0.037705675 0.999007583
1769782100384013568.000000 -0.006253484 -0.010995695 -0.003181169 -0.017166097 0.012728599 -0.037990794 0.999049604
1769782100417348096.000000 -0.006111171 -0.010908820 -0.002769923 -0.016302319 0.011172087 -0.037077989 0.999117017
1769782100450681344.000000 -0.006121434 -0.010626103 -0.003049021 -0.015392946 0.009984366 -0.036158673 0.999177694
1769782100484013312.000000 -0.005850707 -0.010325250 -0.003037329 -0.013890129 0.008574347 -0.034932125 0.999256432
1769782100517348096.000000 -0.005797267 -0.010055119 -0.002991815 -0.013059491 0.009541285 -0.032134525 0.999352694
1769782100550681600.000000 -0.005720963 -0.009807640 -0.002797655 -0.011615597 0.010122243 -0.031465955 0.999386132
1769782100584013568.000000 -0.005648428 -0.009492430 -0.002624412 -0.011159532 0.011073581 -0.030302441 0.999417126
1769782100617346816.000000 -0.005334567 -0.009669981 -0.002482595 -0.016263954 0.011633700 -0.030859176 0.999323726
1769782100650681088.000000 -0.005327997 -0.009510624 -0.002654466 -0.022396635 0.012006310 -0.030296486 0.999217927
1769782100684014336.000000 -0.005224605 -0.009366369 -0.002843602 -0.028367074 0.012011159 -0.030434702 0.999061942
1769782100717346304.000000 -0.004998932 -0.009470974 -0.002369857 -0.032868173 0.012490053 -0.029345136 0.998950779
1769782100750683648.000000 -0.005199273 -0.009330940 -0.002641124 -0.036717284 0.013651699 -0.030579984 0.998764455
1769782100784013824.000000 -0.005025309 -0.009401538 -0.002217479 -0.039132506 0.013739297 -0.030229388 0.998682201
1769782100817347584.000000 -0.004850680 -0.009204828 -0.002380051 -0.040831927 0.013514695 -0.030960325 0.998594880
1769782100850681088.000000 -0.004743454 -0.009229952 -0.002090932 -0.042273495 0.013448105 -0.030402374 0.998552859
1769782100884013568.000000 -0.004723530 -0.009269080 -0.002046034 -0.043549657 0.013746114 -0.030423285 0.998493373
1769782100917346816.000000 -0.004690339 -0.009089856 -0.002274548 -0.044328701 0.014356460 -0.031693786 0.998410940
1769782100950680064.000000 -0.004877944 -0.009007882 -0.002304013 -0.044980999 0.014721676 -0.031433515 0.998384714
1769782100984013312.000000 -0.004505236 -0.008856199 -0.001994845 -0.044961914 0.014182804 -0.031324890 0.998396754
1769782101017347584.000000 -0.004355296 -0.008946550 -0.002185672 -0.045314115 0.013900138 -0.031497490 0.998379409
1769782101050680832.000000 -0.004823509 -0.007418380 -0.002790340 -0.037660778 0.014698193 -0.026599169 0.998828411
1769782101084013568.000000 -0.004869578 -0.007330934 -0.003282785 -0.037278529 0.014565619 -0.026329752 0.998851836
1769782101117347072.000000 -0.004119772 -0.008797340 -0.001974021 -0.043974623 0.013727780 -0.030679384 0.998467147
1769782101150681344.000000 -0.004658971 -0.007383451 -0.002573159 -0.035877239 0.014468228 -0.026371296 0.998903453
1769782101184013568.000000 -0.004815790 -0.007370149 -0.002814828 -0.034553874 0.014827271 -0.025605164 0.998964787
1769782101217347072.000000 -0.004595493 -0.007382681 -0.002542066 -0.033448320 0.014464625 -0.025344405 0.999014378
1769782101250682880.000000 -0.003983290 -0.006983319 -0.003180715 -0.032453500 0.012108085 -0.027366567 0.999025166
1769782101284013056.000000 -0.004069831 -0.006971252 -0.003315487 -0.031597920 0.012520432 -0.026603442 0.999068141
1769782101317346560.000000 -0.003991709 -0.006980009 -0.003137778 -0.031601727 0.012648981 -0.026567131 0.999067366
1769782101350680832.000000 -0.003996249 -0.007100720 -0.003377681 -0.031987488 0.012756652 -0.026255656 0.999061942
1769782101384013056.000000 -0.003835539 -0.007056759 -0.002858815 -0.032233182 0.013242947 -0.026001573 0.999054372
1769782101417347328.000000 -0.003934059 -0.007136120 -0.003258824 -0.032444388 0.013127172 -0.025545698 0.999060810
1769782101450680832.000000 -0.003810954 -0.007182043 -0.003440580 -0.032291364 0.012604344 -0.025829889 0.999065161
1769782101484015104.000000 -0.003798791 -0.007282341 -0.003430064 -0.032130603 0.012576999 -0.025383860 0.999082148
1769782101517347840.000000 -0.003797122 -0.007064048 -0.004119691 -0.032211106 0.012675381 -0.026432743 0.999051154
1769782101550680832.000000 -0.003858674 -0.007350197 -0.003502153 -0.032113511 0.012599439 -0.025117969 0.999089122
1769782101584012800.000000 -0.003826653 -0.007427248 -0.003356932 -0.032297119 0.012624425 -0.024707766 0.999093115
1769782101617345792.000000 -0.003906623 -0.007510429 -0.003492492 -0.032517415 0.012842978 -0.024412258 0.999090493
1769782101650680064.000000 -0.003871773 -0.007642516 -0.003491620 -0.032990679 0.013026983 -0.024906030 0.999060392
1769782101684013568.000000 -0.003543315 -0.007808012 -0.003572190 -0.033843491 0.011907352 -0.025557235 0.999029338
1769782101717345792.000000 -0.003406276 -0.008030761 -0.003316663 -0.034618963 0.011729967 -0.025606312 0.999003649
1769782101750683136.000000 -0.003407532 -0.008262382 -0.003393974 -0.035500858 0.011819327 -0.025387701 0.998977184
1769782101784013056.000000 -0.003458119 -0.008324995 -0.003451622 -0.036233421 0.011918383 -0.025062235 0.998957992
1769782101817346304.000000 -0.003366206 -0.008339088 -0.003678087 -0.037382696 0.011697706 -0.025694909 0.998902202
1769782101850680320.000000 -0.003512259 -0.008587403 -0.003585184 -0.038170114 0.012145904 -0.025002675 0.998884618
1769782101884013056.000000 -0.003400870 -0.008781499 -0.003487505 -0.039425634 0.012270357 -0.025747137 0.998815358
1769782101917346560.000000 -0.003368332 -0.008975920 -0.003417592 -0.040566716 0.012545669 -0.025644990 0.998768926
1769782101950679552.000000 -0.003309465 -0.009086708 -0.003569153 -0.041642085 0.012594474 -0.026177537 0.998710275
1769782101984013056.000000 -0.003338654 -0.009211170 -0.003639556 -0.042902812 0.012863681 -0.025785314 0.998663604
1769782102017346816.000000 -0.003375754 -0.009458814 -0.003720992 -0.043865293 0.013061683 -0.025789445 0.998619199
1769782102050679808.000000 -0.003361846 -0.009448737 -0.003667479 -0.044710245 0.013401030 -0.025934137 0.998573482
1769782102084012800.000000 -0.003484325 -0.009897310 -0.003569185 -0.046610799 0.013539944 -0.025902687 0.998485446
1769782102117346816.000000 -0.003625202 -0.010042708 -0.003567099 -0.047690164 0.014565133 -0.025598507 0.998427927
1769782102150679808.000000 -0.003592701 -0.010176169 -0.003850784 -0.048687659 0.014538810 -0.025628403 0.998379350
1769782102184012800.000000 -0.003532567 -0.010395939 -0.003311534 -0.050008763 0.014797485 -0.025387464 0.998316407
1769782102217346816.000000 -0.003674980 -0.010546806 -0.003808931 -0.051196076 0.015116195 -0.025847889 0.998239696
1769782102250682368.000000 -0.003633947 -0.010615659 -0.003330880 -0.052067492 0.015683619 -0.025491515 0.998194993
1769782102284012544.000000 -0.003618188 -0.010747615 -0.002933104 -0.053059220 0.016052071 -0.026156923 0.998119712
1769782102317346048.000000 -0.003818649 -0.010942967 -0.004027225 -0.054114029 0.016142720 -0.025307702 0.998083472
1769782102350680320.000000 -0.003789505 -0.011257051 -0.003520669 -0.056089990 0.016815545 -0.025890604 0.997948349
1769782102384012288.000000 -0.003808085 -0.011358611 -0.003274847 -0.056886122 0.017165594 -0.026063897 0.997892797
1769782102417346816.000000 -0.003857716 -0.011580655 -0.003176021 -0.057903223 0.017657014 -0.026059825 0.997825801
1769782102450680320.000000 -0.003977844 -0.011649601 -0.003374183 -0.058680337 0.018060561 -0.026287589 0.997767210
1769782102484012032.000000 -0.003960754 -0.011713673 -0.003340370 -0.059477691 0.018464651 -0.025927214 0.997722030
1769782102517345792.000000 -0.004024622 -0.011852720 -0.003232239 -0.060402524 0.019126365 -0.025932794 0.997653902
1769782102550680064.000000 -0.004147975 -0.011921976 -0.003434340 -0.060918007 0.019443789 -0.026383245 0.997604549
1769782102584012032.000000 -0.004189434 -0.012108006 -0.003281443 -0.061708268 0.020168930 -0.025561567 0.997563004
1769782102617345280.000000 -0.004215380 -0.012149053 -0.003428137 -0.062691972 0.020800347 -0.026194088 0.997472286
1769782102650679808.000000 -0.004240145 -0.012148765 -0.003486954 -0.063483074 0.021356786 -0.027139768 0.997385204
1769782102684012288.000000 -0.004650650 -0.012404289 -0.003472468 -0.064508878 0.023010502 -0.026611777 0.997296810
1769782102717345280.000000 -0.004713492 -0.012428354 -0.003560642 -0.064768568 0.023533480 -0.026205705 0.997278571
1769782102750681856.000000 -0.004644667 -0.012558992 -0.003494905 -0.065438882 0.023621446 -0.026057821 0.997236609
1769782102784012800.000000 -0.004794637 -0.012618696 -0.003425979 -0.065809444 0.024426460 -0.025977440 0.997194886
1769782102817345792.000000 -0.004827399 -0.012575141 -0.003464460 -0.066071324 0.024849115 -0.026194340 0.997161448
1769782102850679552.000000 -0.004827061 -0.012672759 -0.003542183 -0.066453673 0.025272643 -0.026587011 0.997115016
1769782102884012544.000000 -0.004916590 -0.012745799 -0.003345364 -0.067006901 0.025987845 -0.026886052 0.997051597
1769782102917345536.000000 -0.004872338 -0.012763405 -0.003524820 -0.067037828 0.026162056 -0.027151136 0.997037768
1769782102950678784.000000 -0.005041823 -0.012783001 -0.003471781 -0.067207567 0.027053377 -0.026294744 0.997025549
1769782102984013312.000000 -0.004909009 -0.012934711 -0.003019313 -0.067858137 0.027498920 -0.026729748 0.996957719
1769782103017345792.000000 -0.005164071 -0.012811501 -0.003517362 -0.067275681 0.028096607 -0.026815113 0.996978283
1769782103050679040.000000 -0.005231039 -0.012874438 -0.003386247 -0.067875728 0.028793707 -0.027522830 0.996898353
1769782103084012800.000000 -0.005312386 -0.012874364 -0.003411417 -0.067626990 0.029104993 -0.026691342 0.996928871
1769782103117345792.000000 -0.005233535 -0.012786102 -0.003369386 -0.067409001 0.029104508 -0.026685245 0.996943772
1769782103150679808.000000 -0.005315294 -0.012785227 -0.003202699 -0.067445949 0.029525919 -0.027547874 0.996905386
1769782103184012288.000000 -0.005432578 -0.012886062 -0.003259502 -0.067755774 0.029875040 -0.027635125 0.996871591
1769782103217346304.000000 -0.005406055 -0.012825817 -0.003347966 -0.067547023 0.030326955 -0.028029725 0.996861100
1769782103250682624.000000 -0.005453487 -0.012782521 -0.003347216 -0.067438379 0.030705087 -0.028024370 0.996856987
1769782103284011776.000000 -0.005615269 -0.012908693 -0.003259999 -0.067757554 0.031339258 -0.027828198 0.996821165
1769782103317345280.000000 -0.005531591 -0.012778135 -0.003284540 -0.067394994 0.031455953 -0.028325437 0.996828020
1769782103350679040.000000 -0.005485765 -0.012773029 -0.003358933 -0.067265294 0.031462584 -0.028584680 0.996829152
1769782103384011776.000000 -0.005549992 -0.012760502 -0.003297317 -0.067145877 0.031567723 -0.029054452 0.996820331
1769782103417346304.000000 -0.005590321 -0.012771792 -0.003329625 -0.067145161 0.032076601 -0.028713072 0.996814072
1769782103450679552.000000 -0.005704880 -0.012753379 -0.003319055 -0.066801555 0.032592598 -0.029013138 0.996811748
1769782103484012544.000000 -0.005648743 -0.012685524 -0.003306567 -0.066666052 0.032563552 -0.029222839 0.996815622
1769782103517345792.000000 -0.005621330 -0.012732547 -0.003302325 -0.066795446 0.032633275 -0.029256048 0.996803701
1769782103550679552.000000 -0.005722389 -0.012667079 -0.003259092 -0.066581212 0.032893065 -0.029506370 0.996802092
1769782103584011008.000000 -0.005734453 -0.012741462 -0.003396640 -0.066424809 0.032775078 -0.029921114 0.996804059
1769782103617344512.000000 -0.005736332 -0.012665234 -0.003370014 -0.066064939 0.033120319 -0.029612996 0.996825755
1769782103650702592.000000 -0.005762468 -0.012632803 -0.003292019 -0.065936029 0.033394895 -0.029625723 0.996824741
1769782103684035328.000000 -0.005819693 -0.012631125 -0.003258005 -0.065865509 0.033511177 -0.029676657 0.996824026
1769782103717368576.000000 -0.005886353 -0.012585603 -0.003254047 -0.065599032 0.033690795 -0.029934013 0.996827841
1769782103750705664.000000 -0.005885596 -0.012541452 -0.003308746 -0.065197162 0.033768836 -0.029827243 0.996854782
1769782103784035840.000000 -0.005889586 -0.012543756 -0.003242569 -0.065207183 0.033726349 -0.030169951 0.996845186
1769782103817369344.000000 -0.005928087 -0.012487265 -0.003233401 -0.064912304 0.033780988 -0.030244034 0.996860385
1769782103850703104.000000 -0.005948877 -0.012465010 -0.003191055 -0.064701021 0.033864867 -0.030246545 0.996871233
1769782103884035840.000000 -0.005930272 -0.012482706 -0.003217194 -0.064582631 0.033913974 -0.030280896 0.996876180
1769782103917368832.000000 -0.005945282 -0.012469701 -0.003263462 -0.064620838 0.033978131 -0.030581640 0.996862352
1769782103950702080.000000 -0.005941619 -0.012482875 -0.003068766 -0.064643361 0.034000907 -0.030566372 0.996860564
1769782103984035840.000000 -0.005975986 -0.012413460 -0.003235534 -0.064362653 0.034173775 -0.030665033 0.996869743
1769782104017369344.000000 -0.005958214 -0.012413112 -0.003108020 -0.064518660 0.034187518 -0.030785417 0.996855497
1769782104050702336.000000 -0.005918964 -0.012420447 -0.003140885 -0.064434014 0.034086466 -0.030693563 0.996867239
1769782104084035584.000000 -0.005953491 -0.012455068 -0.003168148 -0.064508483 0.034032688 -0.030492680 0.996870458
1769782104117369088.000000 -0.005992297 -0.012423275 -0.003200699 -0.064428434 0.034120388 -0.030631863 0.996868372
1769782104150703104.000000 -0.005963488 -0.012421688 -0.003229141 -0.064463265 0.033946563 -0.030650286 0.996871471
1769782104184036096.000000 -0.005989316 -0.012360075 -0.003143622 -0.064555578 0.034078218 -0.031051643 0.996848583
1769782104217369600.000000 -0.005964124 -0.012378475 -0.003020655 -0.064787500 0.034029324 -0.031097643 0.996833801
1769782104250702848.000000 -0.006004784 -0.012385555 -0.003043999 -0.064674988 0.034179833 -0.030906534 0.996841908
1769782104284036096.000000 -0.005975939 -0.012393202 -0.003054280 -0.064767979 0.034213468 -0.031142881 0.996827364
1769782104317369088.000000 -0.006020510 -0.012385834 -0.003004617 -0.064795054 0.034228645 -0.030895073 0.996832788
1769782104350702848.000000 -0.006005290 -0.012338569 -0.003047923 -0.064741656 0.034156799 -0.031116972 0.996831834
1769782104384035584.000000 -0.005937997 -0.012327049 -0.003025073 -0.064715847 0.033965226 -0.031259645 0.996835589
1769782104417369600.000000 -0.005993776 -0.012354873 -0.003048452 -0.064695045 0.034120224 -0.030964889 0.996840835
1769782104450703104.000000 -0.005978628 -0.012352934 -0.002996973 -0.064781301 0.034091406 -0.031281464 0.996826351
1769782104484036096.000000 -0.005914567 -0.012391403 -0.003101898 -0.064787492 0.033921521 -0.031343527 0.996829748
1769782104517368576.000000 -0.006004218 -0.012324751 -0.003122026 -0.064652175 0.034092110 -0.031285569 0.996834576
1769782104550702592.000000 -0.005951414 -0.012382630 -0.003117137 -0.064766936 0.034079321 -0.031019716 0.996835828
1769782104584034560.000000 -0.005993489 -0.012376906 -0.003067934 -0.064767025 0.034083575 -0.031372905 0.996824622
1769782104617368064.000000 -0.005986427 -0.012351763 -0.003007339 -0.064780973 0.034096759 -0.031309705 0.996825218
1769782104650702336.000000 -0.006039206 -0.012346596 -0.003105541 -0.064750373 0.034100354 -0.031326510 0.996826649
1769782104684035072.000000 -0.006036896 -0.012313122 -0.003014598 -0.064616181 0.034223739 -0.031273562 0.996832788
1769782104717367808.000000 -0.006001842 -0.012365273 -0.002999634 -0.064856634 0.034154169 -0.031132737 0.996823967
1769782104750705664.000000 -0.005974361 -0.012344746 -0.003073101 -0.064769015 0.034063522 -0.031181073 0.996831179
1769782104784036096.000000 -0.005947840 -0.012363740 -0.002989603 -0.064843193 0.033976968 -0.031458713 0.996820569
1769782104817368832.000000 -0.005945591 -0.012355653 -0.003028897 -0.064667434 0.033991948 -0.031350542 0.996834993
1769782104850702592.000000 -0.005957670 -0.012349148 -0.002961479 -0.064725868 0.034104452 -0.031102588 0.996835053
1769782104884035840.000000 -0.005936063 -0.012368380 -0.002906810 -0.064865284 0.034057897 -0.031178387 0.996825218
1769782104917368320.000000 -0.005966640 -0.012348233 -0.002868493 -0.064786710 0.034097880 -0.031225333 0.996827483
1769782104950701824.000000 -0.005913887 -0.012404305 -0.002817003 -0.064911425 0.034027632 -0.031166488 0.996823609
1769782104984035328.000000 -0.005963513 -0.012375956 -0.003040210 -0.064852864 0.034034960 -0.031242138 0.996824801
1769782105017368832.000000 -0.005967862 -0.012386690 -0.002979902 -0.064810343 0.034047153 -0.031119123 0.996831000
1769782105050702336.000000 -0.005964364 -0.012373388 -0.002967659 -0.064830557 0.034007631 -0.031299286 0.996825397
1769782105084034560.000000 -0.005961606 -0.012403818 -0.002956256 -0.064862594 0.034005150 -0.031211780 0.996826172
1769782105117368576.000000 -0.006010870 -0.012399268 -0.003040597 -0.064757273 0.034184135 -0.031012597 0.996833086
1769782105150702080.000000 -0.006002885 -0.012359723 -0.003015836 -0.064728297 0.034100574 -0.031313952 0.996828377
1769782105184034816.000000 -0.005975463 -0.012311433 -0.003001739 -0.064695954 0.033980180 -0.031403907 0.996831775
1769782105217368832.000000 -0.005940789 -0.012337962 -0.003065576 -0.064745598 0.033933613 -0.031447314 0.996828794
1769782105250703104.000000 -0.005977979 -0.012317218 -0.003097092 -0.064598627 0.033973325 -0.031256091 0.996843040
1769782105284035328.000000 -0.005977712 -0.012320901 -0.003170540 -0.064573288 0.033902530 -0.031291623 0.996845901
1769782105317368320.000000 -0.005982233 -0.012333087 -0.003029698 -0.064593770 0.034068685 -0.031150509 0.996843338
1769782105350702080.000000 -0.005981253 -0.012341825 -0.003108915 -0.064549528 0.034014639 -0.031026091 0.996851921
1769782105384034048.000000 -0.005947487 -0.012384806 -0.003143616 -0.064655125 0.033902843 -0.031057168 0.996847928
1769782105417369088.000000 -0.006009754 -0.012335840 -0.003029382 -0.064535931 0.034075838 -0.031107103 0.996848166
1769782105450702336.000000 -0.005990428 -0.012311433 -0.003078922 -0.064608417 0.033976614 -0.031233322 0.996842921
1769782105484034304.000000 -0.005899305 -0.012380671 -0.003040801 -0.064672299 0.033818755 -0.031321574 0.996841431
1769782105517368576.000000 -0.005945900 -0.012340639 -0.002941519 -0.064601213 0.034009159 -0.031078780 0.996847093
