1769782153.076912 1.860193455 1.014315106 1.080734740 0.709707424 0.008400306 -0.004940745 -0.704429128
1769782153.087565 1.860529637 1.014311025 1.080847722 0.709725096 0.008403467 -0.004924149 -0.704411401
1769782153.098187 1.860868285 1.014307549 1.080957049 0.709739987 0.008402740 -0.004894185 -0.704396615
1769782153.108796 1.861216783 1.014302198 1.081072170 0.709741882 0.008396888 -0.004870660 -0.704394939
1769782153.119355 1.861557285 1.014295482 1.081185396 0.709740940 0.008395642 -0.004855845 -0.704396005
1769782153.130061 1.861915681 1.014288392 1.081300371 0.709731046 0.008385839 -0.004838292 -0.704406212
1769782153.140619 1.862268696 1.014278314 1.081414080 0.709712684 0.008385426 -0.004825368 -0.704424805
1769782153.151237 1.862636899 1.014268131 1.081529335 0.709688565 0.008370951 -0.004811397 -0.704449373
1769782153.161828 1.863000525 1.014255744 1.081634144 0.709666874 0.008361296 -0.004805414 -0.704471379
1769782153.172408 1.863361197 1.014240529 1.081738785 0.709642137 0.008351295 -0.004805025 -0.704496419
1769782153.183008 1.863712972 1.014224016 1.081835936 0.709617938 0.008352753 -0.004808557 -0.704520753
1769782153.193826 1.864107302 1.014207666 1.081931914 0.709595676 0.008328101 -0.004793592 -0.704543569
1769782153.204571 1.864517452 1.014190842 1.082019275 0.709578937 0.008302880 -0.004761559 -0.704560942
1769782153.215286 1.864929105 1.014172413 1.082100134 0.709564118 0.008278259 -0.004727978 -0.704576383
1769782153.226117 1.865358396 1.014151944 1.082177251 0.709551410 0.008234201 -0.004699225 -0.704589889
1769782153.236818 1.865761943 1.014130280 1.082246657 0.709542288 0.008207688 -0.004684720 -0.704599481
1769782153.247563 1.866168204 1.014107305 1.082312493 0.709537346 0.008185151 -0.004675153 -0.704604783
1769782153.258265 1.866573981 1.014084938 1.082372378 0.709534257 0.008153024 -0.004675511 -0.704608264
1769782153.268870 1.866989728 1.014060583 1.082429040 0.709531934 0.008119741 -0.004665819 -0.704611052
1769782153.279392 1.867398115 1.014034108 1.082479672 0.709529942 0.008101358 -0.004651303 -0.704613366
1769782153.290119 1.867821359 1.014008342 1.082524712 0.709531328 0.008078229 -0.004626125 -0.704612401
1769782153.300876 1.868244906 1.013979956 1.082567418 0.709533561 0.008065383 -0.004604115 -0.704610444
1769782153.311511 1.868678119 1.013945528 1.082603264 0.709539569 0.008043439 -0.004584906 -0.704604769
1769782153.322309 1.869116009 1.013912065 1.082630468 0.709551580 0.008011594 -0.004571246 -0.704593126
1769782153.333033 1.869541970 1.013877200 1.082651041 0.709566658 0.007991660 -0.004561998 -0.704578228
1769782153.343730 1.869987067 1.013839689 1.082661430 0.709589024 0.007959572 -0.004549756 -0.704556146
1769782153.354467 1.870434344 1.013800556 1.082659283 0.709617301 0.007938175 -0.004530925 -0.704528028
1769782153.365243 1.870877845 1.013759667 1.082652123 0.709644408 0.007921736 -0.004516088 -0.704501004
1769782153.375891 1.871316931 1.013718971 1.082639445 0.709674357 0.007905901 -0.004507392 -0.704471069
1769782153.386557 1.871780537 1.013681523 1.082616738 0.709716759 0.007870022 -0.004482565 -0.704428912
1769782153.397394 1.872272505 1.013644407 1.082591329 0.709753752 0.007817613 -0.004441358 -0.704392483
1769782153.407994 1.872758334 1.013609979 1.082563040 0.709784891 0.007768680 -0.004407224 -0.704361862
1769782153.418902 1.873258751 1.013577575 1.082530244 0.709812565 0.007715784 -0.004367212 -0.704334804
1769782153.429769 1.873763264 1.013541831 1.082488107 0.709835576 0.007667992 -0.004336127 -0.704312328
1769782153.440703 1.874248902 1.013502632 1.082439961 0.709850091 0.007639409 -0.004315332 -0.704298137
1769782153.451358 1.874734882 1.013465754 1.082385881 0.709854933 0.007594225 -0.004304394 -0.704293812
1769782153.462164 1.875227689 1.013420431 1.082322850 0.709847976 0.007550944 -0.004299920 -0.704301317
1769782153.472759 1.875726056 1.013371107 1.082251752 0.709837043 0.007509032 -0.004285599 -0.704312871
1769782153.483474 1.876221657 1.013319030 1.082172457 0.709825820 0.007472967 -0.004263781 -0.704324698
1769782153.494251 1.876727187 1.013265982 1.082085964 0.709809723 0.007446644 -0.004243601 -0.704341321
1769782153.505040 1.877225071 1.013216412 1.081994649 0.709786995 0.007424979 -0.004223148 -0.704364577
1769782153.515882 1.877739096 1.013166188 1.081896378 0.709755073 0.007408163 -0.004198400 -0.704397067
1769782153.526842 1.878263678 1.013113938 1.081790575 0.709728974 0.007384642 -0.004161065 -0.704423833
1769782153.537490 1.878768103 1.013062578 1.081686037 0.709694042 0.007380946 -0.004137630 -0.704459202
1769782153.548480 1.879282945 1.013008219 1.081573615 0.709654174 0.007374748 -0.004100352 -0.704499647
1769782153.559264 1.879830486 1.012949006 1.081452922 0.709607478 0.007334840 -0.004055120 -0.704547361
1769782153.569922 1.880390638 1.012887711 1.081324171 0.709550129 0.007290300 -0.004000337 -0.704605892
1769782153.586169 1.880947984 1.012825162 1.081188284 0.709497934 0.007226548 -0.003955695 -0.704659358
1769782153.599807 1.881286536 1.012788233 1.081098088 0.709470558 0.007187481 -0.003934039 -0.704687441
1769782153.612736 1.881641406 1.012750794 1.080996651 0.709442417 0.007147956 -0.003919400 -0.704716256
1769782153.624884 1.882320436 1.012681381 1.080780280 0.709393981 0.007085840 -0.003902199 -0.704765736
1769782153.636331 1.883801477 1.012529270 1.080244638 0.709316398 0.006946156 -0.003841749 -0.704845543
1769782153.647949 1.884403508 1.012462683 1.080002021 0.709288643 0.006902094 -0.003817431 -0.704874038
1769782153.658942 1.884978258 1.012397490 1.079757090 0.709274379 0.006869327 -0.003782571 -0.704888899
1769782153.669552 1.885517043 1.012341196 1.079517838 0.709270218 0.006837349 -0.003747187 -0.704893585
1769782153.680082 1.886069057 1.012279961 1.079257026 0.709271958 0.006791950 -0.003720568 -0.704892415
1769782153.690996 1.886606846 1.012214200 1.078986748 0.709252917 0.006772335 -0.003721094 -0.704911760
1769782153.701597 1.887173674 1.012153036 1.078709186 0.709226350 0.006725672 -0.003697308 -0.704939061
1769782153.712095 1.887749680 1.012091344 1.078430684 0.709200417 0.006668467 -0.003647237 -0.704965955
1769782153.722971 1.888357181 1.012023820 1.078126317 0.709174101 0.006606151 -0.003585510 -0.704993332
1769782153.733701 1.888967318 1.011954788 1.077813580 0.709145612 0.006536791 -0.003527960 -0.705022925
1769782153.744233 1.889553101 1.011890910 1.077492279 0.709121284 0.006480439 -0.003485731 -0.705048125
1769782153.755092 1.890131376 1.011824905 1.077168420 0.709081481 0.006428251 -0.003451053 -0.705088803
1769782153.765936 1.890713811 1.011756011 1.076824462 0.709050066 0.006379615 -0.003426639 -0.705120956
1769782153.776567 1.891313695 1.011684897 1.076463251 0.709027739 0.006313094 -0.003388635 -0.705144189
1769782153.787477 1.891910037 1.011610869 1.076090024 0.708995076 0.006257952 -0.003356118 -0.705177678
1769782153.798210 1.892491082 1.011542451 1.075707507 0.708971853 0.006215163 -0.003326183 -0.705201545
1769782153.808837 1.893077261 1.011471959 1.075318456 0.708943902 0.006165618 -0.003290375 -0.705230247
1769782153.819601 1.893657445 1.011396956 1.074924990 0.708907078 0.006125411 -0.003254200 -0.705267782
1769782153.830269 1.894226948 1.011316830 1.074510816 0.708863942 0.006103241 -0.003224816 -0.705311465
1769782153.840912 1.894818529 1.011245013 1.074096550 0.708818885 0.006050632 -0.003181857 -0.705357395
1769782153.852022 1.895458009 1.011166040 1.073646298 0.708778340 0.005982706 -0.003107919 -0.705399045
1769782153.862856 1.896094331 1.011083103 1.073176891 0.708757279 0.005915384 -0.003033118 -0.705421100
1769782153.873552 1.896737384 1.010997137 1.072698996 0.708719857 0.005849375 -0.002943585 -0.705459626
1769782153.884026 1.897325589 1.010922083 1.072259294 0.708668544 0.005805595 -0.002875613 -0.705511815
1769782153.894534 1.897923989 1.010844118 1.071778370 0.708639808 0.005756543 -0.002817194 -0.705541315
1769782153.905025 1.898521378 1.010760982 1.071300042 0.708594817 0.005688601 -0.002769505 -0.705587241
1769782153.915700 1.899110988 1.010675490 1.070816357 0.708551047 0.005629724 -0.002719701 -0.705631861
1769782153.926245 1.899714219 1.010597487 1.070308288 0.708513852 0.005558719 -0.002675469 -0.705669940
1769782153.936774 1.900289580 1.010518951 1.069802991 0.708473117 0.005485906 -0.002669028 -0.705711430
1769782153.947321 1.900870991 1.010429289 1.069258324 0.708471455 0.005399071 -0.002665056 -0.705713784
1769782153.958025 1.901432686 1.010343508 1.068706861 0.708463904 0.005330198 -0.002672239 -0.705721861
1769782153.968521 1.902014905 1.010267408 1.068174566 0.708427694 0.005255187 -0.002645208 -0.705758874
1769782153.979149 1.902637564 1.010186964 1.067596226 0.708431945 0.005149450 -0.002589762 -0.705755592
1769782153.989715 1.903271626 1.010088513 1.066991062 0.708435190 0.005048618 -0.002534229 -0.705753265
1769782154.000673 1.903902662 1.009998764 1.066385341 0.708416025 0.004947624 -0.002484059 -0.705773396
1769782154.011602 1.904522347 1.009916498 1.065782109 0.708387831 0.004854903 -0.002441654 -0.705802486
1769782154.022551 1.905133619 1.009828492 1.065147053 0.708378323 0.004772053 -0.002390716 -0.705812768
1769782154.033719 1.905769204 1.009726392 1.064481505 0.708362602 0.004679889 -0.002344578 -0.705829318
1769782154.044265 1.906361566 1.009642425 1.063850671 0.708330693 0.004610563 -0.002297428 -0.705861951
1769782154.054710 1.906927532 1.009562515 1.063233046 0.708287429 0.004550883 -0.002246556 -0.705905915
1769782154.065131 1.907488305 1.009470974 1.062583050 0.708265430 0.004492118 -0.002210389 -0.705928478
1769782154.075713 1.908045446 1.009378565 1.061920297 0.708254963 0.004421593 -0.002180343 -0.705939518
1769782154.086872 1.908635394 1.009291303 1.061218987 0.708220750 0.004369374 -0.002137407 -0.705974297
1769782154.097469 1.909234154 1.009203594 1.060517549 0.708224236 0.004288097 -0.002065286 -0.705971514
1769782154.108109 1.909841643 1.009107916 1.059799975 0.708234399 0.004189743 -0.001995458 -0.705962110
1769782154.119199 1.910440120 1.009015676 1.059083524 0.708239466 0.004095630 -0.001928622 -0.705957764
1769782154.130097 1.911071931 1.008917480 1.058314068 0.708261476 0.003992314 -0.001854416 -0.705936474
1769782154.140676 1.911663134 1.008822763 1.057574213 0.708264901 0.003900811 -0.001790517 -0.705933713
1769782154.151320 1.912227756 1.008731352 1.056841561 0.708265836 0.003819018 -0.001730850 -0.705933372
1769782154.161892 1.912791624 1.008638711 1.056095366 0.708256372 0.003748111 -0.001663216 -0.705943409
1769782154.172547 1.913353992 1.008544073 1.055337750 0.708253018 0.003670272 -0.001593667 -0.705947343
1769782154.183153 1.913893087 1.008450874 1.054607433 0.708208071 0.003591484 -0.001541703 -0.705992955
1769782154.193774 1.914439838 1.008354745 1.053843254 0.708166137 0.003510439 -0.001486704 -0.706035544
1769782154.204345 1.914955583 1.008260222 1.053086460 0.708121313 0.003451830 -0.001438180 -0.706080889
1769782154.215157 1.915498306 1.008170399 1.052323412 0.708079290 0.003359633 -0.001383391 -0.706123586
1769782154.225849 1.916078709 1.008068019 1.051519220 0.708073303 0.003237098 -0.001296023 -0.706130327
1769782154.236351 1.916637342 1.007966438 1.050720515 0.708068855 0.003131264 -0.001217483 -0.706135405
1769782154.246960 1.917183363 1.007874849 1.049933052 0.708061099 0.003034542 -0.001132511 -0.706143745
1769782154.257592 1.917722111 1.007786422 1.049111385 0.708080781 0.002945026 -0.001056540 -0.706124507
1769782154.268239 1.918236820 1.007688111 1.048272455 0.708113703 0.002880536 -0.000988869 -0.706091855
1769782154.278953 1.918759121 1.007584788 1.047430387 0.708145047 0.002794689 -0.000918968 -0.706060859
1769782154.289650 1.919266781 1.007496695 1.046602880 0.708152989 0.002720411 -0.000859809 -0.706053259
1769782154.300539 1.919768245 1.007399459 1.045748151 0.708174342 0.002657419 -0.000786791 -0.706032167
1769782154.311207 1.920265182 1.007293203 1.044888524 0.708190165 0.002573681 -0.000731040 -0.706016665
1769782154.321832 1.920732348 1.007203582 1.044056151 0.708192992 0.002489637 -0.000699597 -0.706014163
1769782154.332584 1.921200810 1.007113636 1.043235179 0.708177479 0.002398648 -0.000658987 -0.706030078
1769782154.343423 1.921712644 1.007005228 1.042359882 0.708178887 0.002288279 -0.000572991 -0.706029107
1769782154.354136 1.922214173 1.006907723 1.041508547 0.708177173 0.002185230 -0.000469640 -0.706031229
1769782154.364803 1.922703425 1.006820318 1.040662021 0.708165464 0.002084429 -0.000376159 -0.706043334
1769782154.375319 1.923184650 1.006722894 1.039812424 0.708168064 0.001960768 -0.000292584 -0.706041120
1769782154.386011 1.923646152 1.006623535 1.038939320 0.708170750 0.001855521 -0.000214496 -0.706038738
1769782154.396721 1.924103528 1.006532640 1.038042949 0.708185784 0.001758409 -0.000139208 -0.706023926
1769782154.407471 1.924551975 1.006445045 1.037166217 0.708196860 0.001648035 -0.000076057 -0.706013091
1769782154.418242 1.924981551 1.006347495 1.036302398 0.708208939 0.001554498 -0.000000277 -0.706001191
1769782154.428961 1.925402462 1.006245014 1.035405811 0.708235242 0.001482756 0.000079187 -0.705974955
1769782154.439494 1.925809138 1.006157008 1.034545341 0.708246887 0.001406230 0.000152207 -0.705963417
1769782154.450356 1.926215491 1.006068443 1.033684174 0.708250265 0.001313229 0.000217189 -0.705960190
1769782154.461090 1.926592866 1.005972059 1.032826708 0.708248135 0.001215599 0.000245544 -0.705962493
1769782154.471943 1.926995530 1.005878249 1.031949964 0.708255427 0.001079604 0.000288116 -0.705955382
1769782154.482624 1.927400475 1.005789587 1.031106944 0.708247343 0.000946536 0.000358814 -0.705963651
1769782154.493210 1.927811105 1.005696584 1.030247208 0.708255675 0.000815069 0.000451071 -0.705955403
1769782154.503861 1.928206228 1.005604101 1.029392273 0.708243400 0.000700637 0.000555559 -0.705967766
1769782154.514588 1.928571796 1.005517283 1.028518962 0.708259246 0.000601812 0.000635252 -0.705951893
1769782154.525249 1.928930398 1.005426888 1.027641505 0.708307241 0.000501613 0.000707696 -0.705903747
1769782154.535820 1.929289582 1.005336973 1.026782629 0.708333362 0.000417791 0.000803597 -0.705877487
1769782154.546432 1.929627337 1.005248631 1.025942659 0.708348944 0.000334213 0.000898805 -0.705861781
1769782154.557093 1.929963191 1.005162424 1.025102280 0.708363920 0.000236686 0.000981421 -0.705846682
1769782154.567661 1.930283562 1.005079512 1.024268257 0.708384101 0.000149876 0.001056092 -0.705826344
1769782154.578190 1.930584113 1.004993500 1.023463220 0.708405056 0.000060755 0.001119362 -0.705805228
1769782154.588865 1.930889008 1.004907906 1.022663923 0.708404074 -0.000032478 0.001193146 -0.705806095
1769782154.599780 1.931187518 1.004826342 1.021842788 0.708401520 -0.000152243 0.001236865 -0.705808568
1769782154.610331 1.931456385 1.004747934 1.021035293 0.708428854 -0.000241133 0.001269767 -0.705781048
1769782154.620918 1.931745681 1.004669429 1.020242729 0.708457875 -0.000348918 0.001339706 -0.705751743
1769782154.631571 1.932049931 1.004583028 1.019439038 0.708468263 -0.000468236 0.001434032 -0.705741060
1769782154.642109 1.932335814 1.004502865 1.018644892 0.708497265 -0.000563390 0.001533813 -0.705711666
1769782154.652839 1.932631081 1.004425661 1.017850769 0.708530095 -0.000675152 0.001634831 -0.705678380
1769782154.663932 1.932909228 1.004347167 1.017045687 0.708564585 -0.000772813 0.001722020 -0.705643441
1769782154.674664 1.933164742 1.004265655 1.016232306 0.708619266 -0.000868235 0.001782490 -0.705588268
1769782154.685419 1.933408644 1.004191489 1.015483581 0.708646623 -0.000958299 0.001859648 -0.705560477
1769782154.696272 1.933656215 1.004113704 1.014709121 0.708675672 -0.001047993 0.001941851 -0.705530951
1769782154.707083 1.933895782 1.004037610 1.013979479 0.708685656 -0.001151971 0.002018257 -0.705520546
1769782154.717821 1.934112435 1.003970751 1.013270403 0.708693161 -0.001241845 0.002082671 -0.705512668
1769782154.728680 1.934344284 1.003898077 1.012535438 0.708716823 -0.001355177 0.002150431 -0.705488486
1769782154.739423 1.934555721 1.003830018 1.011831982 0.708740211 -0.001441067 0.002216319 -0.705464617
1769782154.750201 1.934769269 1.003758634 1.011117089 0.708770453 -0.001525854 0.002298229 -0.705433792
1769782154.760835 1.934956708 1.003691820 1.010447194 0.708792575 -0.001610129 0.002352419 -0.705411199
1769782154.771674 1.935158781 1.003621734 1.009769423 0.708812877 -0.001707303 0.002424169 -0.705390328
1769782154.782458 1.935344858 1.003555624 1.009078315 0.708856674 -0.001762995 0.002506079 -0.705345892
1769782154.793062 1.935532700 1.003493702 1.008404421 0.708915933 -0.001825134 0.002583884 -0.705285894
1769782154.803593 1.935681657 1.003438723 1.007751435 0.708985410 -0.001854884 0.002625312 -0.705215822
1769782154.814502 1.935860045 1.003377159 1.007106278 0.709035370 -0.001928315 0.002685471 -0.705165168
1769782154.825420 1.936038808 1.003309810 1.006462558 0.709092439 -0.002025227 0.002715958 -0.705107392
1769782154.836352 1.936222965 1.003244813 1.005847000 0.709116548 -0.002139868 0.002769617 -0.705082599
1769782154.847073 1.936399707 1.003182707 1.005244460 0.709142254 -0.002250504 0.002826259 -0.705056176
1769782154.857656 1.936554880 1.003125583 1.004672570 0.709168825 -0.002345887 0.002863867 -0.705028987
1769782154.868164 1.936713503 1.003071753 1.004129352 0.709187626 -0.002437798 0.002920676 -0.705009531
1769782154.878615 1.936850403 1.003021946 1.003598376 0.709213163 -0.002519280 0.002951773 -0.704983425
1769782154.889169 1.936994901 1.002977719 1.003076472 0.709238048 -0.002585541 0.003006584 -0.704957919
1769782154.899699 1.937131362 1.002933277 1.002564070 0.709261409 -0.002655694 0.003044652 -0.704933990
1769782154.910285 1.937254144 1.002884419 1.002063272 0.709285766 -0.002727224 0.003068918 -0.704909105
1769782154.920880 1.937385450 1.002834262 1.001569764 0.709325320 -0.002798354 0.003096659 -0.704868903
1769782154.931467 1.937510020 1.002780096 1.001069948 0.709363846 -0.002853796 0.003134765 -0.704829741
1769782154.942102 1.937623911 1.002725812 1.000591640 0.709399518 -0.002889611 0.003179485 -0.704793491
1769782154.953018 1.937748315 1.002676250 1.000117210 0.709441122 -0.002920140 0.003238012 -0.704751220
1769782154.963749 1.937857621 1.002630874 0.999636123 0.709504447 -0.002931610 0.003274397 -0.704687252
1769782154.974579 1.937962595 1.002587591 0.999176794 0.709560102 -0.002961271 0.003292036 -0.704631007
1769782154.985310 1.938073064 1.002544137 0.998742607 0.709613168 -0.003003128 0.003311828 -0.704577295
1769782154.996342 1.938180777 1.002506208 0.998308679 0.709659149 -0.003036718 0.003326155 -0.704530771
1769782155.006860 1.938278236 1.002472815 0.997918384 0.709690668 -0.003064770 0.003354095 -0.704498767
1769782155.017564 1.938373814 1.002437685 0.997539440 0.709717282 -0.003084425 0.003395553 -0.704471671
1769782155.028088 1.938467404 1.002399340 0.997175247 0.709741236 -0.003107330 0.003425773 -0.704447292
1769782155.038719 1.938556444 1.002361613 0.996828151 0.709758770 -0.003142041 0.003445227 -0.704429377
1769782155.049473 1.938643355 1.002323153 0.996495854 0.709765702 -0.003189081 0.003474109 -0.704422039
1769782155.060266 1.938737109 1.002283355 0.996160531 0.709777851 -0.003227252 0.003509757 -0.704409447
1769782155.070919 1.938828861 1.002245360 0.995846712 0.709799121 -0.003256712 0.003538954 -0.704387732
1769782155.081704 1.938909714 1.002208460 0.995549570 0.709814935 -0.003283034 0.003554298 -0.704371597
1769782155.092360 1.938981895 1.002173947 0.995268929 0.709822144 -0.003315447 0.003556336 -0.704364170
1769782155.103122 1.939067118 1.002142809 0.994999471 0.709829322 -0.003342666 0.003583573 -0.704356670
1769782155.113703 1.939147419 1.002115735 0.994743883 0.709840452 -0.003355197 0.003611491 -0.704345251
1769782155.124523 1.939212182 1.002086904 0.994502568 0.709847091 -0.003375106 0.003609690 -0.704338474
1769782155.135159 1.939264489 1.002060886 0.994271748 0.709861074 -0.003380464 0.003590447 -0.704324454
1769782155.145729 1.939331672 1.002036871 0.994059893 0.709867226 -0.003400648 0.003586238 -0.704318178
1769782155.156397 1.939407269 1.002011055 0.993864414 0.709867088 -0.003421247 0.003602942 -0.704318133
1769782155.167113 1.939470311 1.001984646 0.993679731 0.709864682 -0.003429970 0.003614065 -0.704320458
1769782155.177719 1.939527663 1.001960888 0.993505630 0.709863044 -0.003452503 0.003606564 -0.704322037
1769782155.188346 1.939578864 1.001936418 0.993342548 0.709859211 -0.003463094 0.003606041 -0.704325851
1769782155.198938 1.939636024 1.001910876 0.993195486 0.709850301 -0.003471668 0.003617372 -0.704334730
1769782155.209589 1.939689961 1.001887041 0.993067318 0.709838074 -0.003476779 0.003630193 -0.704346962
1769782155.220368 1.939726244 1.001865455 0.992947207 0.709832132 -0.003457822 0.003631818 -0.704353035
1769782155.231056 1.939757791 1.001842300 0.992835747 0.709826883 -0.003429832 0.003631872 -0.704358461
1769782155.241556 1.939783182 1.001820708 0.992744137 0.709817406 -0.003413114 0.003611494 -0.704368198
1769782155.253214 1.939811050 1.001800949 0.992678737 0.709802727 -0.003411051 0.003593813 -0.704383091
1769782155.267818 1.939839730 1.001775029 0.992608958 0.709786288 -0.003402749 0.003563042 -0.704399852
1769782155.283526 1.939865658 1.001740961 0.992536620 0.709756799 -0.003373144 0.003513264 -0.704429958
1769782155.294668 1.939878957 1.001716809 0.992509606 0.709726049 -0.003342673 0.003482153 -0.704461239
1769782155.305386 1.939889604 1.001701684 0.992501563 0.709704734 -0.003334874 0.003462397 -0.704482846
1769782155.316005 1.939899225 1.001682730 0.992500910 0.709671579 -0.003325389 0.003426422 -0.704516466
1769782155.326853 1.939905389 1.001670580 0.992515744 0.709638323 -0.003312720 0.003409260 -0.704550107
1769782155.337436 1.939906913 1.001660030 0.992542909 0.709603090 -0.003288188 0.003406769 -0.704585719
1769782155.348234 1.939906036 1.001649615 0.992585774 0.709562994 -0.003283505 0.003389808 -0.704626203
1769782155.358969 1.939902503 1.001637654 0.992646288 0.709515750 -0.003268783 0.003388463 -0.704673849
1769782155.369631 1.939889817 1.001628276 0.992725473 0.709458993 -0.003243754 0.003393087 -0.704731085
1769782155.380192 1.939872673 1.001617952 0.992828835 0.709388610 -0.003191391 0.003422644 -0.704802029
1769782155.390803 1.939854873 1.001607011 0.992953876 0.709308816 -0.003120762 0.003474422 -0.704882396
1769782155.401432 1.939832527 1.001596198 0.993098358 0.709223829 -0.003056367 0.003517944 -0.704967974
1769782155.412054 1.939805232 1.001585357 0.993264536 0.709127307 -0.002987521 0.003576007 -0.705065067
1769782155.422573 1.939778308 1.001573395 0.993451387 0.709022657 -0.002937012 0.003626201 -0.705170261
1769782155.433236 1.939748430 1.001561308 0.993656788 0.708916476 -0.002895881 0.003664960 -0.705276975
1769782155.443948 1.939717272 1.001548747 0.993885426 0.708798857 -0.002878648 0.003688562 -0.705395129
1769782155.454906 1.939677609 1.001535907 0.994137506 0.708678595 -0.002856041 0.003702895 -0.705515967
1769782155.465692 1.939636799 1.001522557 0.994413778 0.708555640 -0.002826694 0.003718291 -0.705639489
1769782155.476220 1.939591528 1.001508501 0.994696529 0.708440349 -0.002789931 0.003721329 -0.705755368
1769782155.486889 1.939535773 1.001493681 0.994992303 0.708336914 -0.002729946 0.003712252 -0.705859464
1769782155.497722 1.939467522 1.001477779 0.995315951 0.708242381 -0.002656789 0.003671513 -0.705954808
1769782155.508494 1.939391141 1.001461812 0.995650802 0.708163646 -0.002579643 0.003596232 -0.706034463
1769782155.519378 1.939312530 1.001444230 0.996006402 0.708101782 -0.002494898 0.003483519 -0.706097377
1769782155.530077 1.939225230 1.001429612 0.996371249 0.708062540 -0.002382831 0.003352317 -0.706137752
1769782155.540704 1.939132844 1.001415191 0.996749962 0.708032912 -0.002250797 0.003217635 -0.706168518
1769782155.551369 1.939036054 1.001400640 0.997139043 0.708019929 -0.002097767 0.003076976 -0.706182633
1769782155.562046 1.938933171 1.001386806 0.997565463 0.707992299 -0.001947600 0.002938050 -0.706211356
1769782155.572693 1.938826586 1.001374744 0.998003087 0.707966870 -0.001816110 0.002781856 -0.706237831
1769782155.583482 1.938715868 1.001365826 0.998460907 0.707942199 -0.001682329 0.002623973 -0.706263497
1769782155.594103 1.938594947 1.001360132 0.998948145 0.707911365 -0.001546609 0.002461361 -0.706295298
1769782155.604708 1.938472433 1.001355449 0.999458104 0.707871524 -0.001415161 0.002305393 -0.706336031
1769782155.615530 1.938350620 1.001352895 0.999979682 0.707832133 -0.001298482 0.002159110 -0.706376191
1769782155.626157 1.938221269 1.001353604 1.000536002 0.707784404 -0.001165230 0.002016258 -0.706424670
1769782155.636634 1.938094928 1.001350784 1.001118619 0.707721191 -0.001049398 0.001879887 -0.706488557
1769782155.647182 1.937965005 1.001349791 1.001733147 0.707649936 -0.000942894 0.001738909 -0.706560440
1769782155.657928 1.937833801 1.001349653 1.002379563 0.707569959 -0.000852624 0.001600915 -0.706640972
1769782155.668503 1.937699479 1.001347532 1.003059775 0.707481178 -0.000764891 0.001466098 -0.706730251
1769782155.679316 1.937563957 1.001347036 1.003792323 0.707368446 -0.000685692 0.001348971 -0.706843400
1769782155.690025 1.937429920 1.001342561 1.004538953 0.707255397 -0.000606851 0.001241495 -0.706956783
1769782155.700723 1.937291046 1.001341463 1.005309273 0.707155330 -0.000538585 0.001113055 -0.707057148
1769782155.711406 1.937151513 1.001341335 1.006120874 -0.707050255 0.000450696 -0.001016073 0.707162429
1769782155.721974 1.937011051 1.001342616 1.006929705 -0.706957381 0.000347922 -0.000921115 0.707255465
1769782155.732787 1.936862600 1.001343247 1.007774675 -0.706876244 0.000245111 -0.000824159 0.707336721
1769782155.743304 1.936705694 1.001348160 1.008642901 -0.706800084 0.000125822 -0.000725474 0.707412962
1769782155.753948 1.936540710 1.001351675 1.009512236 -0.706744999 0.000022954 -0.000600684 0.707468123
1769782155.764457 1.936359598 1.001355149 1.010438599 -0.706678154 -0.000085361 -0.000471123 0.707534987
1769782155.774963 1.936163505 1.001362727 1.011398192 -0.706607432 -0.000215752 -0.000338464 0.707605664
1769782155.785467 1.935963009 1.001365535 1.012398196 -0.706535645 -0.000346763 -0.000217813 0.707677337
1769782155.796012 1.935764081 1.001365043 1.013442591 -0.706456286 -0.000472311 -0.000109547 0.707756512
1769782155.806523 1.935547420 1.001366994 1.014523311 -0.706376582 -0.000611823 -0.000005429 0.707835963
1769782155.817315 1.935322343 1.001367750 1.015637735 -0.706320537 -0.000739462 0.000119016 0.707891756
1769782155.827813 1.935085626 1.001373413 1.016795067 -0.706246253 -0.000885853 0.000209244 0.707965678
1769782155.838428 1.934831402 1.001382114 1.017947320 -0.706216367 -0.001018425 0.000334369 0.707995264
1769782155.849210 1.934571538 1.001390407 1.019148759 -0.706192753 -0.001138679 0.000476463 0.708018553
1769782155.859791 1.934302822 1.001397547 1.020405427 -0.706174522 -0.001284323 0.000582474 0.708036408
1769782155.870308 1.934019225 1.001399239 1.021692017 -0.706127854 -0.001421169 0.000697109 0.708082586
1769782155.880833 1.933717297 1.001409008 1.023038147 -0.706057625 -0.001553736 0.000804591 0.708152222
1769782155.891361 1.933402451 1.001421480 1.024435419 -0.705989309 -0.001661082 0.000909722 0.708219958
1769782155.901997 1.933072732 1.001436254 1.025856101 -0.705948347 -0.001795078 0.000998504 0.708260342
1769782155.912557 1.932719813 1.001445750 1.027266725 -0.705957655 -0.001934527 0.001091182 0.708250560
1769782155.922973 1.932362362 1.001451525 1.028713634 -0.705930119 -0.002046120 0.001186784 0.708277539
1769782155.933473 1.931991701 1.001459276 1.030222080 -0.705913828 -0.002142303 0.001281668 0.708293326
1769782155.944026 1.931593280 1.001474287 1.031838938 -0.705820086 -0.002224199 0.001366122 0.708386330
1769782155.954596 1.931188040 1.001483499 1.033459414 -0.705757979 -0.002289473 0.001444390 0.708447843
1769782155.965639 1.930743160 1.001490162 1.035162357 -0.705718807 -0.002350769 0.001521115 0.708486503
1769782155.976533 1.930260391 1.001525043 1.036936983 -0.705681679 -0.002423350 0.001612184 0.708523039
1769782155.987659 1.929745801 1.001537298 1.038712305 -0.705682193 -0.002498914 0.001708429 0.708522038
1769782155.998420 1.929191844 1.001538242 1.040594630 -0.705623761 -0.002575247 0.001801949 0.708579727
1769782156.009043 1.928638163 1.001560732 1.042479758 -0.705551166 -0.002653226 0.001864340 0.708651562
1769782156.019555 1.928089251 1.001578881 1.044284395 -0.705526053 -0.002711319 0.001923016 0.708676188
1769782156.030176 1.927485009 1.001604231 1.046188467 -0.705504073 -0.002775124 0.001990307 0.708697636
1769782156.040683 1.926866403 1.001620590 1.048103200 -0.705519324 -0.002812994 0.002057544 0.708682113
1769782156.051300 1.926234634 1.001624277 1.050092782 -0.705480011 -0.002845617 0.002102612 0.708720986
1769782156.061841 1.925574631 1.001636285 1.052152452 -0.705415739 -0.002850607 0.002134673 0.708784842
1769782156.072308 1.924896948 1.001655702 1.054184714 -0.705369347 -0.002864338 0.002164907 0.708830863
1769782156.083027 1.924166599 1.001683399 1.056238443 -0.705390949 -0.002896948 0.002191431 0.708809152
1769782156.093436 1.923419118 1.001696280 1.058327368 -0.705368823 -0.002911519 0.002208356 0.708831059
1769782156.104062 1.922666708 1.001695420 1.060519975 -0.705298468 -0.002904718 0.002183355 0.708901169
1769782156.114742 1.921882059 1.001706640 1.062693596 -0.705246519 -0.002887019 0.002176577 0.708952943
1769782156.125245 1.921008353 1.001736138 1.064924031 -0.705188818 -0.002916148 0.002200274 0.709010145
1769782156.136063 1.920091753 1.001763096 1.067159260 -0.705189693 -0.002920632 0.002241026 0.709009128
1769782156.146759 1.919140698 1.001772800 1.069462627 -0.705138890 -0.002916022 0.002306984 0.709059462
1769782156.157470 1.918164750 1.001770897 1.071809227 -0.705080183 -0.002919059 0.002322438 0.709117777
1769782156.168247 1.917193316 1.001779403 1.074125226 -0.705089259 -0.002901299 0.002307134 0.709108875
1769782156.178911 1.916181156 1.001807340 1.076456041 -0.705083681 -0.002919767 0.002287965 0.709114408
1769782156.189461 1.915170774 1.001816242 1.078765477 -0.705090006 -0.002909078 0.002269073 0.709108223
1769782156.200066 1.914140740 1.001816515 1.081190069 -0.705061825 -0.002845140 0.002245168 0.709136578
1769782156.210680 1.913055505 1.001828365 1.083564664 -0.705030262 -0.002827255 0.002237126 0.709168056
1769782156.221341 1.911919202 1.001849861 1.085940526 -0.705018310 -0.002801680 0.002272944 0.709179925
1769782156.231919 1.910739380 1.001871105 1.088334854 -0.705051143 -0.002790799 0.002303728 0.709147227
1769782156.242573 1.909543655 1.001876171 1.090776483 -0.705033542 -0.002788172 0.002307308 0.709164725
1769782156.253251 1.908349444 1.001881162 1.093250261 -0.704966481 -0.002749718 0.002298408 0.709231568
1769782156.263879 1.907144515 1.001903739 1.095728956 -0.704934428 -0.002699991 0.002250541 0.709263772
1769782156.274375 1.905948323 1.001928171 1.098164094 -0.704924028 -0.002668071 0.002190701 0.709274416
1769782156.285103 1.904692649 1.001926803 1.100587200 -0.704935512 -0.002654472 0.002141517 0.709263203
1769782156.295754 1.903358620 1.001915215 1.103115229 -0.704868427 -0.002648195 0.002142532 0.709329893
1769782156.306407 1.901995151 1.001921207 1.105605694 -0.704868366 -0.002638703 0.002160347 0.709329935
1769782156.317245 1.900670681 1.001938942 1.107978653 -0.704951621 -0.002586960 0.002168080 0.709247361
1769782156.327817 1.899294932 1.001947522 1.110497533 -0.704909567 -0.002561490 0.002170341 0.709289243
1769782156.338361 1.897999642 1.001947539 1.112945046 -0.704907304 -0.002463637 0.002125444 0.709291975
1769782156.349257 1.896626608 1.001944649 1.115449041 -0.704902792 -0.002381053 0.002106856 0.709296796
1769782156.359959 1.895162567 1.001959711 1.117990810 -0.704877374 -0.002339274 0.002128587 0.709322130
1769782156.370426 1.893744857 1.001976577 1.120375360 -0.704914303 -0.002314289 0.002145168 0.709285463
1769782156.380943 1.892299950 1.001982605 1.122787116 -0.704912048 -0.002286293 0.002189857 0.709287658
1769782156.391527 1.890852826 1.001965012 1.125257529 -0.704875991 -0.002219529 0.002198135 0.709323678
1769782156.402065 1.889467692 1.001954001 1.127676221 -0.704893593 -0.002105769 0.002167414 0.709306626
1769782156.412684 1.888030967 1.001968854 1.130077383 -0.704958924 -0.002024364 0.002122644 0.709242069
1769782156.423423 1.886502104 1.001975683 1.132520285 -0.704960839 -0.002019845 0.002130701 0.709240154
1769782156.434026 1.884962574 1.001978645 1.134922890 -0.705013581 -0.002012766 0.002146064 0.709187700
1769782156.445225 1.883566131 1.001975427 1.137160476 -0.705006967 -0.001977919 0.002151520 0.709194356
1769782156.457018 1.881724123 1.001965351 1.140136993 -0.704923121 -0.001932695 0.002142706 0.709277849
1769782156.469369 1.880206275 1.001966025 1.142608175 -0.704995390 -0.001824690 0.002047659 0.709206583
1769782156.480442 1.878383217 1.001975346 1.145364665 -0.705049030 -0.001807812 0.002023411 0.709153370
1769782156.491444 1.876720529 1.001975022 1.147806029 -0.705070945 -0.001804726 0.002051293 0.709131509
1769782156.501938 1.875173023 1.001960320 1.150135640 -0.705091349 -0.001769453 0.002067089 0.709111265
1769782156.512554 1.873618532 1.001942449 1.152533602 -0.705048989 -0.001724008 0.002057356 0.709153522
1769782156.523135 1.872093283 1.001909382 1.154917902 -0.704994169 -0.001681567 0.002039291 0.709208175
1769782156.533838 1.870589199 1.001920775 1.157121365 -0.705150494 -0.001595444 0.001963996 0.709053156
1769782156.544548 1.868955308 1.002022818 1.159190229 -0.705290546 -0.001612114 0.001946143 0.708913859
1769782156.555201 1.867309009 1.002261763 1.160996837 -0.705449839 -0.001695852 0.001945155 0.708755152
1769782156.565785 1.865709908 1.002647528 1.162496258 -0.705787352 -0.001776415 0.001891597 0.708419000
1769782156.576347 1.864041332 1.003154747 1.163792550 -0.706330854 -0.001919120 0.001829105 0.707876893
1769782156.587092 1.862465377 1.003711130 1.164904900 -0.707079877 -0.001988184 0.001676932 0.707128901
1769782156.597789 1.860801252 1.004277983 1.165937491 0.708027833 0.002090714 -0.001533901 -0.706179768
1769782156.608406 1.859102329 1.004817732 1.166853585 0.709149442 0.002213980 -0.001458524 -0.705053218
1769782156.618964 1.857460965 1.005320395 1.167714156 0.710338465 0.002292987 -0.001374934 -0.703855182
1769782156.629545 1.855769058 1.005826670 1.168635039 0.711522963 0.002372762 -0.001314178 -0.702657609
1769782156.640071 1.854137773 1.006326726 1.169521443 0.712729205 0.002405590 -0.001206029 -0.701434130
1769782156.650713 1.852571607 1.006816600 1.170465258 0.713829754 0.002382158 -0.001060592 -0.700314417
1769782156.661283 1.850908832 1.007307693 1.171463582 0.714905134 0.002408665 -0.000934027 -0.699216687
1769782156.671783 1.849269517 1.007766222 1.172402344 0.715945448 0.002462442 -0.000846411 -0.698151370
1769782156.682585 1.847600659 1.008202873 1.173386172 0.716863155 0.002557025 -0.000787853 -0.697208763
1769782156.694685 1.845641734 1.008710063 1.174577811 0.717929956 0.002643580 -0.000670677 -0.696110006
1769782156.705402 1.843998924 1.009142423 1.175618935 0.718803931 0.002680424 -0.000541458 -0.695207473
1769782156.716027 1.842452996 1.009556215 1.176679255 0.719542907 0.002683850 -0.000368670 -0.694442701
1769782156.726687 1.840755603 1.009960268 1.177833193 0.720183579 0.002792520 -0.000295620 -0.693777866
1769782156.737190 1.839092642 1.010340543 1.178918255 0.720824666 0.002899414 -0.000231210 -0.693111348
1769782156.747715 1.837446079 1.010698670 1.180012702 0.721396546 0.003015033 -0.000151631 -0.692515639
1769782156.758373 1.835802987 1.011044734 1.181125010 0.721926091 0.003130719 -0.000077786 -0.691963085
1769782156.769177 1.834206916 1.011397567 1.182244998 0.722453184 0.003187773 0.000049543 -0.691412491
1769782156.779679 1.832581476 1.011745503 1.183407905 0.722934154 0.003250986 0.000162439 -0.690909266
1769782156.790184 1.830974324 1.012059828 1.184544225 0.723343561 0.003345039 0.000220858 -0.690480162
1769782156.800674 1.829309482 1.012360654 1.185707699 0.723722582 0.003463727 0.000251717 -0.690082288
1769782156.811167 1.827679859 1.012651370 1.186827588 0.724129844 0.003570449 0.000309936 -0.689654351
1769782156.821843 1.826064302 1.012928819 1.187937752 0.724541748 0.003671268 0.000381447 -0.689221033
1769782156.832558 1.824476649 1.013208326 1.189069604 0.724921938 0.003728677 0.000489412 -0.688820761
1769782156.843082 1.822944758 1.013466894 1.190187934 0.725256544 0.003781709 0.000619985 -0.688468052
1769782156.853600 1.821354905 1.013705817 1.191295585 0.725589515 0.003883779 0.000690922 -0.688116483
1769782156.864158 1.819742102 1.013939345 1.192410193 0.725895147 0.004001049 0.000738784 -0.687793342
1769782156.874641 1.818117398 1.014153963 1.193539018 0.726168800 0.004121227 0.000777099 -0.687503662
1769782156.885113 1.816594919 1.014352170 1.194592616 0.726454792 0.004191299 0.000859579 -0.687200939
1769782156.895701 1.815066941 1.014550536 1.195681747 0.726725001 0.004257525 0.000986086 -0.686914605
1769782156.906436 1.813538202 1.014742735 1.196763959 0.727013658 0.004293261 0.001117477 -0.686608666
1769782156.917348 1.811956058 1.014912668 1.197832175 0.727296975 0.004374853 0.001205167 -0.686307889
1769782156.927972 1.810351447 1.015060089 1.198905826 0.727511087 0.004520749 0.001242864 -0.686079905
1769782156.938533 1.808808153 1.015207703 1.199978226 0.727680201 0.004625515 0.001311045 -0.685899709
1769782156.949427 1.807228204 1.015343313 1.201074220 0.727848936 0.004725696 0.001409855 -0.685719773
1769782156.960231 1.805749857 1.015470442 1.202100598 0.728025940 0.004774546 0.001531691 -0.685531245
1769782156.971119 1.804285004 1.015584786 1.203118704 0.728213827 0.004787152 0.001678027 -0.685331227
1769782156.981895 1.802711940 1.015678841 1.204158664 0.728347403 0.004870384 0.001707550 -0.685188605
1769782156.992567 1.801163276 1.015754425 1.205170353 0.728452907 0.004940300 0.001714105 -0.685075921
1769782157.003089 1.799682587 1.015817522 1.206148067 0.728539514 0.004967847 0.001713027 -0.684983623
1769782157.013576 1.798226234 1.015881399 1.207120216 0.728605915 0.004973601 0.001722260 -0.684912927
1769782157.024073 1.796806676 1.015936980 1.208103814 0.728615135 0.004971434 0.001739341 -0.684903092
1769782157.034479 1.795448424 1.015985620 1.209041276 0.728636912 0.004938521 0.001814183 -0.684879968
1769782157.045013 1.794022744 1.016004917 1.209960479 0.728648098 0.004959415 0.001838801 -0.684867850
1769782157.055553 1.792569466 1.016004839 1.210866794 0.728639025 0.005011379 0.001826812 -0.684877157
1769782157.066093 1.791132400 1.015999104 1.211765854 0.728620183 0.005052833 0.001835799 -0.684896873
1769782157.076587 1.789714840 1.015985546 1.212661700 0.728559075 0.005116416 0.001840266 -0.684961393
1769782157.087573 1.788328510 1.015966692 1.213543363 0.728503568 0.005151810 0.001914100 -0.685019961
1769782157.098546 1.786949530 1.015942424 1.214441403 0.728428096 0.005135120 0.002021285 -0.685100032
1769782157.109200 1.785551672 1.015895928 1.215302781 0.728319286 0.005188194 0.002071806 -0.685215154
1769782157.119861 1.784186293 1.015837289 1.216127841 0.728183069 0.005241259 0.002068318 -0.685359518
1769782157.130342 1.782782538 1.015762324 1.216965022 0.728004211 0.005297559 0.002030218 -0.685549183
1769782157.141097 1.781416910 1.015676273 1.217764094 0.727840203 0.005333799 0.002036626 -0.685723007
1769782157.151736 1.780121240 1.015584981 1.218517686 0.727674689 0.005337024 0.002056105 -0.685898561
1769782157.162449 1.778849228 1.015493900 1.219270653 0.727508754 0.005273159 0.002099060 -0.686074924
1769782157.173027 1.777575343 1.015383439 1.219999349 0.727331460 0.005222156 0.002103027 -0.686263254
1769782157.183606 1.776293064 1.015259264 1.220688646 0.727147776 0.005185074 0.002065138 -0.686458274
1769782157.194271 1.774960879 1.015112237 1.221386555 0.726925887 0.005178467 0.001994909 -0.686693496
1769782157.205048 1.773666957 1.014959254 1.222052180 0.726706775 0.005158801 0.001954213 -0.686925637
1769782157.215727 1.772434674 1.014810281 1.222689111 0.726473096 0.005115415 0.001942597 -0.687173122
1769782157.226392 1.771228752 1.014648989 1.223304387 0.726217985 0.005066101 0.001922731 -0.687443144
1769782157.237113 1.770048523 1.014490692 1.223922080 0.725945194 0.004960461 0.001955575 -0.687731884
1769782157.247792 1.768846710 1.014303430 1.224503772 0.725644093 0.004929140 0.001934124 -0.688049862
1769782157.258340 1.767618624 1.014103558 1.225071144 0.725314627 0.004935289 0.001879346 -0.688397271
1769782157.268855 1.766445383 1.013901665 1.225600008 0.724982293 0.004920356 0.001837779 -0.688747477
1769782157.279444 1.765243779 1.013682542 1.226100910 0.724637695 0.004924917 0.001768757 -0.689110171
1769782157.290130 1.764112638 1.013471624 1.226556793 0.724303341 0.004879680 0.001737802 -0.689461992
1769782157.300697 1.763013506 1.013268397 1.226980246 0.723967517 0.004778813 0.001713624 -0.689815381
1769782157.311898 1.761895996 1.013061263 1.227372747 0.723627265 0.004654300 0.001700300 -0.690173186
1769782157.322735 1.760725242 1.012846382 1.227727369 0.723270525 0.004598612 0.001619943 -0.690547592
1769782157.333364 1.759559800 1.012637340 1.228006731 0.722942568 0.004571256 0.001528444 -0.690891316
1769782157.343862 1.758446859 1.012435692 1.228242165 0.722632288 0.004528085 0.001444730 -0.691216308
1769782157.354612 1.757347024 1.012248812 1.228436322 0.722318916 0.004472021 0.001367677 -0.691544297
1769782157.365654 1.756234925 1.012065230 1.228577228 0.722026891 0.004384283 0.001321074 -0.691849840
1769782157.376595 1.755196839 1.011890904 1.228656887 0.721774377 0.004299166 0.001312190 -0.692113823
1769782157.389359 1.753990141 1.011691268 1.228698638 0.721502114 0.004184509 0.001314866 -0.692398339
1769782157.403272 1.752554363 1.011452842 1.228651384 0.721251342 0.004110240 0.001284382 -0.692660059
1769782157.414097 1.751462178 1.011271874 1.228554022 0.721097318 0.004066253 0.001270624 -0.692820690
1769782157.424855 1.750395100 1.011096764 1.228401401 0.720975147 0.004013979 0.001237677 -0.692948189
1769782157.435485 1.749392174 1.010939132 1.228212189 0.720870190 0.003899200 0.001250267 -0.693058008
1769782157.454325 1.748522282 1.010804149 1.228001145 0.720796240 0.003781182 0.001279957 -0.693135517
1769782157.465736 1.746738751 1.010555096 1.227436813 0.720670182 0.003497338 0.001386164 -0.693267867
1769782157.476804 1.745660549 1.010403570 1.227048907 0.720566347 0.003426907 0.001384439 -0.693376146
1769782157.487782 1.744668561 1.010267263 1.226651438 0.720444144 0.003359893 0.001370104 -0.693503474
1769782157.499243 1.743592189 1.010112366 1.226173859 0.720256532 0.003321160 0.001331177 -0.693698585
1769782157.510146 1.742634595 1.009981247 1.225675975 0.720063812 0.003288098 0.001316035 -0.693898813
1769782157.520924 1.741737140 1.009856914 1.225167591 0.719846861 0.003236415 0.001305592 -0.694124137
1769782157.531865 1.740814216 1.009735714 1.224592735 0.719610242 0.003199909 0.001295557 -0.694369629
1769782157.542578 1.739932235 1.009619789 1.223988816 0.719369589 0.003141871 0.001298425 -0.694619203
1769782157.553254 1.739031862 1.009490321 1.223373067 0.719109140 0.003150920 0.001240023 -0.694888897
1769782157.563837 1.738096220 1.009356003 1.222718469 0.718823466 0.003171437 0.001144262 -0.695184477
1769782157.574622 1.737172732 1.009219621 1.222022331 0.718550659 0.003202147 0.001037080 -0.695466478
1769782157.585618 1.736276365 1.009088704 1.221251850 0.718284127 0.003217749 0.000963298 -0.695741785
1769782157.596203 1.735426914 1.008977581 1.220471944 0.718019499 0.003211206 0.000916113 -0.696014977
1769782157.606901 1.734605873 1.008867423 1.219649633 0.717782380 0.003210160 0.000869809 -0.696259573
1769782157.617574 1.733826230 1.008761173 1.218792277 0.717535513 0.003180940 0.000871851 -0.696514113
1769782157.628280 1.733018988 1.008658991 1.217861693 0.717331268 0.003212847 0.000870316 -0.696724316
1769782157.639059 1.732171528 1.008541117 1.216887584 0.717100569 0.003266052 0.000816024 -0.696961578
1769782157.649790 1.731343080 1.008425170 1.215892712 0.716881900 0.003328152 0.000749399 -0.697186275
1769782157.660455 1.730515848 1.008308660 1.214857123 0.716646567 0.003377257 0.000650285 -0.697428039
1769782157.670943 1.729748610 1.008208149 1.213811909 0.716420476 0.003391949 0.000565946 -0.697660287
1769782157.681562 1.729013094 1.008109438 1.212735459 0.716199802 0.003382037 0.000491465 -0.697886928
1769782157.692230 1.728288795 1.008006624 1.211613193 0.715998291 0.003363789 0.000437141 -0.698093791
1769782157.702953 1.727569179 1.007904499 1.210436941 0.715793016 0.003336069 0.000394516 -0.698304427
1769782157.713596 1.726921186 1.007819043 1.209257253 0.715610487 0.003276114 0.000389430 -0.698491765
1769782157.724235 1.726206062 1.007716109 1.208001286 0.715441304 0.003290510 0.000344981 -0.698665009
1769782157.734798 1.725506957 1.007613620 1.206768164 0.715248840 0.003317896 0.000283936 -0.698861938
1769782157.745621 1.724778912 1.007506933 1.205411498 0.715094588 0.003380675 0.000234326 -0.699019489
1769782157.756176 1.724084458 1.007421422 1.204034974 0.714967377 0.003433185 0.000180520 -0.699149362
1769782157.766692 1.723456130 1.007340440 1.202684333 0.714835792 0.003426094 0.000152337 -0.699283940
1769782157.777251 1.722822643 1.007255933 1.201255923 0.714737850 0.003439885 0.000133677 -0.699383983
1769782157.787964 1.722216721 1.007173971 1.199823203 0.714609752 0.003414856 0.000104547 -0.699514997
1769782157.798579 1.721627537 1.007094572 1.198331378 0.714489191 0.003389457 0.000097064 -0.699638262
1769782157.809306 1.721082283 1.007021068 1.196851726 0.714331360 0.003342577 0.000111991 -0.699799630
1769782157.819964 1.720526644 1.006941216 1.195432037 0.714154208 0.003332404 0.000070715 -0.699980469
1769782157.830560 1.719907550 1.006852512 1.193833104 0.714023113 0.003375751 0.000001586 -0.700113990
1769782157.841144 1.719330336 1.006760567 1.192279832 0.713881492 0.003393275 -0.000067884 -0.700258307
1769782157.851748 1.718765868 1.006687408 1.190661889 0.713770197 0.003422898 -0.000130276 -0.700371596
1769782157.862441 1.718218519 1.006615153 1.188978701 0.713666432 0.003442087 -0.000164622 -0.700477229
1769782157.873163 1.717699758 1.006544080 1.187277352 0.713556461 0.003459103 -0.000183662 -0.700589165
1769782157.883795 1.717202485 1.006469759 1.185589248 0.713471765 0.003475092 -0.000192468 -0.700675337
1769782157.894472 1.716722510 1.006397059 1.183861980 0.713369980 0.003468421 -0.000202239 -0.700778996
1769782157.904930 1.716284538 1.006334393 1.182145829 0.713249432 0.003460824 -0.000211421 -0.700901723
1769782157.915724 1.715877197 1.006278989 1.180402186 0.713143137 0.003402935 -0.000207543 -0.701010159
1769782157.926296 1.715405138 1.006214879 1.178599299 0.713058808 0.003430703 -0.000252566 -0.701095787
1769782157.936778 1.714937447 1.006146510 1.176821881 0.712924424 0.003484982 -0.000321253 -0.701232143
1769782157.947494 1.714485506 1.006074303 1.174972757 0.712841670 0.003529551 -0.000359063 -0.701316025
1769782157.958097 1.714055303 1.006008719 1.173057691 0.712774668 0.003565131 -0.000392144 -0.701383924
1769782157.968673 1.713666426 1.005941202 1.171209944 0.712670076 0.003567663 -0.000433192 -0.701490162
1769782157.979197 1.713299445 1.005877684 1.169313986 0.712597402 0.003577007 -0.000443010 -0.701563932
1769782157.989798 1.712936365 1.005815674 1.167437231 0.712475800 0.003585963 -0.000498357 -0.701687343
1769782158.000434 1.712583121 1.005761120 1.165504538 0.712358394 0.003601953 -0.000550868 -0.701806413
1769782158.011079 1.712248485 1.005718952 1.163494003 0.712319567 0.003591447 -0.000576972 -0.701845854
1769782158.021712 1.711941978 1.005679348 1.161505713 0.712281554 0.003554728 -0.000603104 -0.701884597
1769782158.032424 1.711659095 1.005639464 1.159459454 0.712213006 0.003511948 -0.000607722 -0.701954366
1769782158.043036 1.711375630 1.005585540 1.157466357 0.712127175 0.003518150 -0.000614520 -0.702041403
1769782158.053477 1.711081768 1.005525128 1.155513619 0.712006261 0.003566169 -0.000667182 -0.702163742
1769782158.063964 1.710794149 1.005462915 1.153513951 0.711904860 0.003588234 -0.000730263 -0.702266375
1769782158.074417 1.710506194 1.005414331 1.151418489 0.711888508 0.003645448 -0.000766753 -0.702282618
1769782158.085071 1.710234045 1.005365958 1.149341399 0.711816752 0.003701667 -0.000817092 -0.702354997
1769782158.095613 1.710001951 1.005319872 1.147242693 0.711791492 0.003736534 -0.000817012 -0.702380412
1769782158.106161 1.709782939 1.005265828 1.145150036 0.711748299 0.003759839 -0.000842603 -0.702424026
1769782158.116667 1.709584302 1.005214138 1.143100115 0.711642657 0.003769005 -0.000881541 -0.702530957
1769782158.127164 1.709400744 1.005177706 1.141017569 0.711586946 0.003792677 -0.000893418 -0.702587244
1769782158.137654 1.709235575 1.005144981 1.138918366 0.711530035 0.003792067 -0.000907961 -0.702644864
1769782158.148314 1.709070597 1.005112982 1.136775784 0.711490115 0.003816016 -0.000924838 -0.702685135
1769782158.158966 1.708918302 1.005073857 1.134588454 0.711447438 0.003861211 -0.000936417 -0.702728082
1769782158.169532 1.708791250 1.005034802 1.132456683 0.711368010 0.003898913 -0.000958845 -0.702808248
1769782158.180064 1.708691510 1.004996362 1.130266267 0.711324234 0.003925058 -0.000953308 -0.702852417
1769782158.190754 1.708618522 1.004966059 1.128134023 0.711259850 0.003921657 -0.000946322 -0.702917599
1769782158.201439 1.708507504 1.004934051 1.125886991 0.711226326 0.003973236 -0.000965663 -0.702951203
1769782158.212193 1.708393378 1.004892789 1.123627135 0.711205879 0.004019425 -0.001010699 -0.702971565
1769782158.222839 1.708294116 1.004853926 1.121424713 0.711178209 0.004054412 -0.001064118 -0.702999278
1769782158.233662 1.708210255 1.004802602 1.119174943 0.711080956 0.004103199 -0.001166322 -0.703097203
1769782158.244177 1.708175186 1.004765993 1.117022149 0.711005697 0.004131758 -0.001202945 -0.703173080
1769782158.254699 1.708147745 1.004734626 1.114867057 0.710948960 0.004181979 -0.001220922 -0.703230116
1769782158.265704 1.708125741 1.004708268 1.112542833 0.710934712 0.004211551 -0.001241094 -0.703244309
1769782158.276694 1.708132357 1.004682612 1.110147837 0.710954688 0.004244380 -0.001249112 -0.703223902
1769782158.287481 1.708140135 1.004643114 1.107917793 0.710892542 0.004247558 -0.001341144 -0.703286537
1769782158.298096 1.708177620 1.004609285 1.105716382 0.710834034 0.004243876 -0.001397544 -0.703345586
1769782158.308672 1.708218509 1.004579273 1.103509041 0.710806914 0.004255521 -0.001433910 -0.703372849
1769782158.319292 1.708273496 1.004566197 1.101270506 0.710787841 0.004268643 -0.001449536 -0.703392012
1769782158.329775 1.708335529 1.004545391 1.099024747 0.710798837 0.004290260 -0.001466749 -0.703380733
1769782158.340277 1.708394812 1.004515379 1.096837850 0.710765641 0.004317934 -0.001527456 -0.703413979
1769782158.350942 1.708486734 1.004478593 1.094682714 0.710701729 0.004343139 -0.001577153 -0.703478289
1769782158.361418 1.708598759 1.004450299 1.092475788 0.710668146 0.004371147 -0.001590524 -0.703512011
1769782158.372099 1.708702983 1.004430287 1.090256419 0.710657030 0.004428253 -0.001610733 -0.703522837
1769782158.382920 1.708829298 1.004408332 1.088017455 0.710661078 0.004451386 -0.001622482 -0.703518575
1769782158.393435 1.708970074 1.004382959 1.085775489 0.710674940 0.004508051 -0.001614843 -0.703504228
1769782158.404080 1.709118251 1.004353268 1.083616124 0.710642507 0.004567426 -0.001639214 -0.703536552
1769782158.415121 1.709288680 1.004315673 1.081321453 0.710606088 0.004623883 -0.001665877 -0.703572905
1769782158.426170 1.709477123 1.004291819 1.079069075 0.710625194 0.004667719 -0.001652256 -0.703553350
1769782158.436730 1.709667946 1.004274732 1.076839708 0.710641760 0.004700504 -0.001637800 -0.703536432
1769782158.447339 1.709872748 1.004261852 1.074667200 0.710645749 0.004718300 -0.001627203 -0.703532309
1769782158.457874 1.710089348 1.004234312 1.072541502 0.710624778 0.004748318 -0.001651228 -0.703553233
1769782158.468416 1.710310069 1.004203868 1.070464417 0.710563652 0.004749384 -0.001731848 -0.703614767
1769782158.479069 1.710557426 1.004179342 1.068301858 0.710568744 0.004762308 -0.001760970 -0.703609465
1769782158.489589 1.710809784 1.004165277 1.066175944 0.710587336 0.004743820 -0.001779119 -0.703590768
1769782158.500301 1.711071721 1.004140974 1.063988776 0.710618698 0.004739290 -0.001817386 -0.703559025
1769782158.510838 1.711335714 1.004106702 1.061885215 0.710629670 0.004723870 -0.001871436 -0.703547905
1769782158.521578 1.711610305 1.004073326 1.059817730 0.710604830 0.004714062 -0.001930201 -0.703572901
1769782158.532073 1.711897214 1.004038822 1.057754200 0.710605266 0.004727093 -0.001959015 -0.703572294
1769782158.542534 1.712183932 1.004010168 1.055685779 0.710619298 0.004751135 -0.002005882 -0.703557827
1769782158.553060 1.712478121 1.003983476 1.053645014 0.710650998 0.004759837 -0.002036783 -0.703525660
1769782158.563548 1.712791418 1.003946676 1.051579616 0.710678695 0.004774974 -0.002052056 -0.703497534
1769782158.574018 1.713116097 1.003907272 1.049611445 0.710688264 0.004783343 -0.002074459 -0.703487745
1769782158.584533 1.713454550 1.003880937 1.047673103 0.710654580 0.004788422 -0.002117310 -0.703521610
1769782158.595295 1.713821247 1.003859955 1.045695636 0.710636403 0.004817160 -0.002135480 -0.703539720
1769782158.605882 1.714193057 1.003839404 1.043657133 0.710659815 0.004863232 -0.002152835 -0.703515701
1769782158.616755 1.714563271 1.003804636 1.041640383 0.710667308 0.004919206 -0.002199998 -0.703507597
1769782158.627355 1.714957557 1.003762297 1.039672539 0.710704230 0.004941294 -0.002213809 -0.703470099
1769782158.637836 1.715359542 1.003732344 1.037804360 0.710674804 0.004917283 -0.002258986 -0.703499851
1769782158.648387 1.715790306 1.003708460 1.035921018 0.710682895 0.004897702 -0.002271498 -0.703491774
1769782158.658994 1.716223117 1.003686886 1.034007237 0.710713379 0.004890502 -0.002269588 -0.703461033
1769782158.669673 1.716652133 1.003661028 1.032136666 0.710741342 0.004882136 -0.002284197 -0.703432792
1769782158.680195 1.717122406 1.003622894 1.030227306 0.710790771 0.004885580 -0.002253287 -0.703382922
1769782158.690840 1.717582274 1.003591945 1.028411426 0.710799986 0.004883321 -0.002266631 -0.703373582
1769782158.701325 1.718061516 1.003554337 1.026633580 0.710807267 0.004878493 -0.002269562 -0.703366247
1769782158.711914 1.718542393 1.003527898 1.024883696 0.710801974 0.004893032 -0.002285309 -0.703371445
1769782158.722542 1.719039662 1.003506582 1.023123577 0.710828231 0.004873670 -0.002281944 -0.703345055
1769782158.733043 1.719560203 1.003482679 1.021338478 0.710881258 0.004836025 -0.002258465 -0.703291795
1769782158.743667 1.720079803 1.003452018 1.019609657 0.710906290 0.004811006 -0.002252737 -0.703266682
1769782158.754433 1.720617049 1.003420918 1.017919237 0.710914741 0.004805997 -0.002226559 -0.703258257
1769782158.765047 1.721160288 1.003389221 1.016284418 0.710899472 0.004785101 -0.002218937 -0.703273859
1769782158.775918 1.721725457 1.003359688 1.014609797 0.710925110 0.004749811 -0.002213277 -0.703248199
1769782158.786677 1.722299178 1.003321275 1.012926032 0.710937048 0.004742335 -0.002211254 -0.703236187
1769782158.797249 1.722847468 1.003285207 1.011309924 0.710970643 0.004749463 -0.002219723 -0.703202148
1769782158.808180 1.723407833 1.003235270 1.009682831 0.711001404 0.004762400 -0.002243365 -0.703170883
1769782158.819155 1.723971908 1.003192051 1.008081996 0.711013851 0.004773003 -0.002310728 -0.703158007
1769782158.830211 1.724605058 1.003140702 1.006473971 0.711050314 0.004739965 -0.002297040 -0.703121403
1769782158.840821 1.725241465 1.003112505 1.004972105 0.711043057 0.004722148 -0.002247677 -0.703129021
1769782158.851482 1.725876642 1.003082141 1.003522033 0.711051860 0.004708497 -0.002178083 -0.703120430
1769782158.862129 1.726526838 1.003059302 1.002063969 0.711066798 0.004638022 -0.002134136 -0.703105926
1769782158.872833 1.727160645 1.003011832 1.000604101 0.711118380 0.004537849 -0.002177789 -0.703054276
1769782158.883616 1.727805987 1.002969344 0.999178286 0.711146428 0.004425961 -0.002237681 -0.703026430
1769782158.894468 1.728490421 1.002915226 0.997722232 0.711188178 0.004466749 -0.002144755 -0.702984227
1769782158.904972 1.729141114 1.002874907 0.996397074 0.711202852 0.004764640 -0.001794351 -0.702968407
1769782158.915714 1.729790821 1.002827172 0.995116631 0.711199693 0.005543604 -0.001013096 -0.702967452
1769782158.926333 1.730477012 1.002787973 0.993828044 0.711194723 0.007029361 0.000495064 -0.702959749
1769782158.936997 1.731151401 1.002746312 0.992591463 0.711155514 0.009358997 0.002789769 -0.702966899
1769782158.947659 1.731818837 1.002701693 0.991377907 0.711115376 0.012057896 0.005427651 -0.702950973
1769782158.958282 1.732490146 1.002647622 0.990159208 0.711085873 0.014787092 0.008061128 -0.702903437
1769782158.969051 1.733196236 1.002603079 0.988974553 0.711050443 0.017259659 0.010499178 -0.702850723
1769782158.979696 1.733956844 1.002558208 0.987799671 0.711027740 0.019588175 0.012885276 -0.702772955
1769782158.990360 1.734710760 1.002518288 0.986696120 0.710976293 0.021856105 0.015201058 -0.702711853
1769782159.001086 1.735480732 1.002476947 0.985607367 0.710921355 0.024100392 0.017515247 -0.702640174
1769782159.011733 1.736241364 1.002434149 0.984564342 0.710860147 0.026264728 0.019740621 -0.702565530
1769782159.022447 1.737003712 1.002391697 0.983574655 0.710777896 0.028375429 0.021881265 -0.702503258
1769782159.033011 1.737782413 1.002351657 0.982610841 0.710697106 0.030419259 0.023963767 -0.702431513
1769782159.043452 1.738549826 1.002306378 0.981672935 0.710621935 0.032404133 0.025952612 -0.702348133
1769782159.054141 1.739315568 1.002259585 0.980775169 0.710535551 0.034335604 0.027887121 -0.702269610
1769782159.064844 1.740079342 1.002208192 0.979889839 0.710440669 0.036281584 0.029769482 -0.702190488
1769782159.075497 1.740887069 1.002156273 0.979013133 0.710363931 0.038139513 0.031599415 -0.702089695
1769782159.086351 1.741731042 1.002126213 0.978177128 0.710283138 0.039890757 0.033419415 -0.701989839
1769782159.097013 1.742608386 1.002082890 0.977360251 0.710210224 0.041566680 0.035192262 -0.701879729
1769782159.107560 1.743482343 1.002054278 0.976597829 0.710130849 0.043142773 0.036890193 -0.701777737
1769782159.118237 1.744332211 1.002009610 0.975886353 0.710047391 0.044640300 0.038475971 -0.701683366
1769782159.128837 1.745230842 1.001966814 0.975173052 0.709973176 0.046100936 0.040057132 -0.701575526
1769782159.139438 1.746101308 1.001928824 0.974522019 0.709883803 0.047495042 0.041523669 -0.701487700
1769782159.150136 1.746960542 1.001887120 0.973916039 0.709790672 0.048819893 0.042888596 -0.701408859
1769782159.160985 1.747853229 1.001851597 0.973327968 0.709691653 0.050123794 0.044219601 -0.701334435
1769782159.171944 1.748713256 1.001798560 0.972773078 0.709594042 0.051392464 0.045422622 -0.701264497
1769782159.182964 1.749659865 1.001767489 0.972247757 0.709501908 0.052539701 0.046625832 -0.701193736
1769782159.193559 1.750620362 1.001740331 0.971755248 0.709426763 0.053557596 0.047757249 -0.701116608
1769782159.204236 1.751582205 1.001712379 0.971304490 0.709353213 0.054487109 0.048806501 -0.701047145
1769782159.214998 1.752562340 1.001686779 0.970886152 0.709279542 0.055352385 0.049788943 -0.700984811
1769782159.225685 1.753540860 1.001658552 0.970489671 0.709224678 0.056121164 0.050700164 -0.700913878
1769782159.236571 1.754509221 1.001623022 0.970120478 0.709163569 0.056891632 0.051496890 -0.700855510
1769782159.247350 1.755494737 1.001595138 0.969777879 0.709107977 0.057593236 0.052226098 -0.700800493
1769782159.258096 1.756462294 1.001569104 0.969467214 0.709066955 0.058205249 0.052838560 -0.700745524
1769782159.268807 1.757393433 1.001536910 0.969192311 0.709016588 0.058819019 0.053318200 -0.700708905
1769782159.279593 1.758428288 1.001509141 0.968925630 0.709000270 0.059260299 0.053792073 -0.700652016
1769782159.290248 1.759455938 1.001489433 0.968713813 0.708985150 0.059569453 0.054187365 -0.700610638
1769782159.300937 1.760498602 1.001480102 0.968544540 0.708966803 0.059786931 0.054525261 -0.700584464
1769782159.311552 1.761567655 1.001460793 0.968400619 0.708956677 0.059922732 0.054792670 -0.700562245
1769782159.322257 1.762603479 1.001451769 0.968318851 0.708936405 0.059962972 0.054962114 -0.700566044
1769782159.333053 1.763688984 1.001421162 0.968235364 0.708933847 0.059958270 0.055052743 -0.700561918
1769782159.343613 1.764734155 1.001401287 0.968220643 0.708902044 0.059918215 0.055027226 -0.700599531
1769782159.354187 1.765765856 1.001378658 0.968230576 0.708882255 0.059798105 0.054907394 -0.700639218
1769782159.364784 1.766791094 1.001342143 0.968264803 0.708874006 0.059623118 0.054614216 -0.700685389
1769782159.375304 1.767858574 1.001329249 0.968344074 0.708872496 0.059273595 0.054310875 -0.700740147
1769782159.385870 1.768965341 1.001309341 0.968432464 0.708891729 0.058816947 0.053967059 -0.700785730
1769782159.396574 1.770105237 1.001305370 0.968586993 0.708899235 0.058238407 0.053500518 -0.700862224
1769782159.407193 1.771254841 1.001301273 0.968758346 0.708926399 0.057540825 0.052982754 -0.700931696
1769782159.417884 1.772369477 1.001283789 0.968962256 0.708956966 0.056780315 0.052312492 -0.701013138
1769782159.428573 1.773540740 1.001273739 0.969215448 0.708986466 0.055872723 0.051526161 -0.701114459
1769782159.439183 1.774659379 1.001260004 0.969477403 0.709024118 0.054935689 0.050634554 -0.701215383
1769782159.449816 1.775772670 1.001238482 0.969783232 0.709053383 0.053942006 0.049630996 -0.701334674
1769782159.460355 1.776930259 1.001232576 0.970124886 0.709076109 0.052931687 0.048641686 -0.701457978
1769782159.470918 1.778087750 1.001227155 0.970491171 0.709094701 0.051945102 0.047755908 -0.701573792
1769782159.481549 1.779320235 1.001228778 0.970883945 0.709118329 0.050936175 0.046900339 -0.701681594
1769782159.492088 1.780554126 1.001236075 0.971297636 0.709139610 0.049958759 0.046068728 -0.701785443
1769782159.502673 1.781771008 1.001235231 0.971734271 0.709158953 0.048993893 0.045262463 -0.701886378
1769782159.513337 1.782985452 1.001234412 0.972198092 0.709174955 0.048070913 0.044415778 -0.701988112
1769782159.524200 1.784219987 1.001226731 0.972677332 0.709197100 0.047176760 0.043555633 -0.702080290
1769782159.535010 1.785441093 1.001207258 0.973166803 0.709224195 0.046340391 0.042689563 -0.702161813
1769782159.545558 1.786612672 1.001200885 0.973704612 0.709215142 0.045564384 0.041834246 -0.702273212
1769782159.561628 1.787743997 1.001197598 0.974200152 0.709224556 0.044799926 0.041152003 -0.702353193
1769782159.575546 1.788392305 1.001196391 0.974497488 0.709222509 0.044361380 0.040786574 -0.702404411
1769782159.587786 1.789888950 1.001213097 0.975247811 0.709186664 0.043343488 0.039949923 -0.702552219
1769782159.599139 1.793035362 1.001231258 0.976875287 0.709129687 0.041272071 0.038280920 -0.702827343
1769782159.610067 1.794185788 1.001236759 0.977494025 0.709111185 0.040567983 0.037630010 -0.702922150
1769782159.620711 1.795627230 1.001221207 0.978265811 0.709102261 0.039752787 0.036823029 -0.703020458
1769782159.631185 1.796870566 1.001219529 0.978980225 0.709072755 0.039065923 0.036124197 -0.703124971
1769782159.641687 1.798150583 1.001217509 0.979701563 0.709053407 0.038361068 0.035480872 -0.703216043
1769782159.652256 1.799467287 1.001219656 0.980480541 0.709006813 0.037628887 0.034893583 -0.703331958
1769782159.662796 1.800805636 1.001236031 0.981314378 0.708941773 0.036888399 0.034315187 -0.703465192
1769782159.673183 1.802103798 1.001245235 0.982128263 0.708881283 0.036182131 0.033785075 -0.703588480
1769782159.683666 1.803430820 1.001245440 0.982967579 0.708830228 0.035454653 0.033262073 -0.703701861
1769782159.694124 1.804724945 1.001247952 0.983804467 0.708782959 0.034778456 0.032690774 -0.703809981
1769782159.704515 1.805985243 1.001242250 0.984624859 0.708742913 0.034155352 0.032093743 -0.703908295
1769782159.714965 1.807224391 1.001219721 0.985467922 0.708683517 0.033603219 0.031466300 -0.704022989
1769782159.725603 1.808545311 1.001212639 0.986345882 0.708628488 0.032929885 0.030934007 -0.704133777
1769782159.736295 1.809908842 1.001206318 0.987290261 0.708552875 0.032248892 0.030407818 -0.704264295
1769782159.746832 1.811248990 1.001203678 0.988228482 0.708473052 0.031592010 0.029905901 -0.704395852
1769782159.757898 1.812655304 1.001198915 0.989225083 0.708398352 0.030901111 0.029451939 -0.704520745
1769782159.768449 1.813973510 1.001179595 0.990179793 0.708337404 0.030295836 0.028980461 -0.704627858
1769782159.779227 1.815296582 1.001157887 0.991131890 0.708286038 0.029684451 0.028512405 -0.704724602
1769782159.790122 1.816594088 1.001125924 0.992117166 0.708224817 0.029154925 0.028014984 -0.704828177
1769782159.800726 1.817900249 1.001094261 0.993134290 0.708132200 0.028654129 0.027561975 -0.704959620
1769782159.811421 1.819237333 1.001061915 0.994199138 0.708010985 0.028172670 0.027239196 -0.705113304
1769782159.822129 1.820545402 1.001036955 0.995249551 0.707870330 0.027794459 0.027025935 -0.705277720
1769782159.832684 1.821881458 1.001009798 0.996310403 0.707725607 0.027475102 0.026952552 -0.705438263
1769782159.843307 1.823191841 1.000969901 0.997355707 0.707577659 0.027240689 0.026974645 -0.705594905
1769782159.853920 1.824442371 1.000908680 0.998404200 0.707409440 0.027101483 0.027058245 -0.705765715
1769782159.864525 1.825672182 1.000849105 0.999486158 0.707196769 0.027039369 0.027176332 -0.705976664
1769782159.875108 1.826918060 1.000791344 1.000670966 0.706910095 0.026941279 0.027278115 -0.706263541
1769782159.885887 1.828186527 1.000729988 1.001834814 0.706636926 0.026762540 0.027367257 -0.706540200
1769782159.896537 1.829456350 1.000662941 1.003001992 -0.706360421 -0.026452395 -0.027445176 0.706825289
1769782159.907099 1.830735640 1.000596732 1.004192236 -0.706071202 -0.026179254 -0.027554507 0.707120113
1769782159.917751 1.831971031 1.000526444 1.005359117 -0.705794553 -0.025911324 -0.027726310 0.707399395
1769782159.928326 1.833205694 1.000445563 1.006584939 -0.705483287 -0.025603422 -0.027890968 0.707714554
1769782159.938795 1.834404055 1.000348375 1.007833944 -0.705144864 -0.025307757 -0.027985762 0.708058638
1769782159.949440 1.835565696 1.000245299 1.009110290 -0.704783861 -0.025014296 -0.028061909 0.708425383
1769782159.959943 1.836723518 1.000150527 1.010404008 -0.704392494 -0.024734186 -0.028161067 0.708820421
1769782159.970536 1.837898378 1.000049905 1.011686649 -0.704033031 -0.024426421 -0.028346386 0.709180741
1769782159.981045 1.839094457 0.999948888 1.012989561 -0.703676712 -0.024050950 -0.028563755 0.709538405
1769782159.991591 1.840269507 0.999836880 1.014299451 -0.703324190 -0.023707080 -0.028823546 0.709888908
1769782160.002224 1.841434525 0.999719492 1.015673263 -0.702935962 -0.023345027 -0.029101606 0.710273989
1769782160.012955 1.842592811 0.999592594 1.017103445 -0.702525506 -0.022960383 -0.029334585 0.710682922
1769782160.023465 1.843694353 0.999463324 1.018519554 -0.702104366 -0.022605942 -0.029534318 0.711102071
1769782160.034070 1.844768111 0.999334418 1.019915361 -0.701703395 -0.022290524 -0.029756920 0.711498421
1769782160.044559 1.845871833 0.999194221 1.021365408 -0.701265097 -0.021949032 -0.029982238 0.711931576
1769782160.055167 1.846977828 0.999052449 1.022844928 -0.700801592 -0.021600990 -0.030230596 0.712387982
1769782160.065679 1.848081823 0.998906142 1.024388689 -0.700284931 -0.021295650 -0.030492100 0.712893921
1769782160.076442 1.849207576 0.998774555 1.025997942 -0.699730277 -0.020959636 -0.030772454 0.713436254
1769782160.087113 1.850275992 0.998639985 1.027532252 -0.699236739 -0.020640139 -0.031043972 0.713917530
1769782160.097694 1.851332974 0.998493347 1.029145029 -0.698715943 -0.020299991 -0.031279961 0.714426697
1769782160.108314 1.852352780 0.998336579 1.030776519 -0.698189269 -0.019912464 -0.031475977 0.714943705
1769782160.119047 1.853346760 0.998168354 1.032454655 -0.697645876 -0.019528502 -0.031659094 0.715476464
1769782160.129845 1.854443817 0.998008748 1.034240381 -0.697091595 -0.019012373 -0.031909648 0.716019282
1769782160.140770 1.855542548 0.997848848 1.035965480 -0.696655534 -0.018438053 -0.032223825 0.716444506
1769782160.151736 1.856657053 0.997673635 1.037746917 -0.696250223 -0.017804991 -0.032569925 0.716838761
1769782160.162434 1.857772214 0.997490057 1.039578831 -0.695832854 -0.017172921 -0.032956185 0.717241675
1769782160.172990 1.858834764 0.997314956 1.041376622 -0.695437147 -0.016567319 -0.033353885 0.717621221
1769782160.183728 1.859891163 0.997140995 1.043192899 -0.695077709 -0.015983009 -0.033763240 0.717963485
1769782160.194355 1.860963868 0.996977418 1.045027725 -0.694760162 -0.015351049 -0.034185595 0.718264580
1769782160.204962 1.861983337 0.996813671 1.046868042 -0.694446066 -0.014742604 -0.034579714 0.718562148
1769782160.215827 1.863066496 0.996643890 1.048799285 -0.694095161 -0.014043467 -0.034953503 0.718897031
1769782160.226930 1.864277546 0.996474671 1.050933103 -0.693721570 -0.013228254 -0.035394811 0.719251419
1769782160.237573 1.865400161 0.996341206 1.052852864 -0.693456691 -0.012531791 -0.035877437 0.719495366
1769782160.248392 1.866547693 0.996207211 1.054852645 -0.693217706 -0.011859709 -0.036441405 0.719708679
1769782160.258967 1.867695822 0.996052864 1.056930564 -0.692955575 -0.011201276 -0.037003557 0.719942942
1769782160.269589 1.868775751 0.995898422 1.058975693 -0.692683047 -0.010595819 -0.037488567 0.720189234
1769782160.280191 1.869883507 0.995775118 1.061114499 -0.692394221 -0.009941254 -0.037955579 0.720451794
1769782160.290888 1.871032020 0.995662094 1.063193828 -0.692207216 -0.009269333 -0.038464054 0.720613465
1769782160.301542 1.872256613 0.995520058 1.065380318 -0.692035187 -0.008549805 -0.039030315 0.720757126
1769782160.311951 1.873445636 0.995397699 1.067563784 -0.691796654 -0.007875708 -0.039557876 0.720965004
1769782160.322641 1.874642514 0.995283034 1.069749625 -0.691581468 -0.007202169 -0.040071305 0.721150118
1769782160.333482 1.875944871 0.995189535 1.072040761 -0.691448057 -0.006443080 -0.040627340 0.721254110
1769782160.344223 1.877160843 0.995090898 1.074295902 -0.691309275 -0.005749677 -0.041093383 0.721366593
1769782160.354879 1.878354569 0.994975907 1.076618412 -0.691120178 -0.005126626 -0.041527888 0.721527583
1769782160.365431 1.879625578 0.994878478 1.078944813 -0.690934638 -0.004461800 -0.041982074 0.721683396
1769782160.376063 1.880952634 0.994810227 1.081275912 -0.690794761 -0.003721480 -0.042436570 0.721794906
1769782160.386660 1.882286633 0.994737024 1.083590823 -0.690730332 -0.003043441 -0.042920383 0.721831134
1769782160.397352 1.883637134 0.994653519 1.086004533 -0.690597926 -0.002430508 -0.043426736 0.721929855
1769782160.407890 1.884969587 0.994577629 1.088434639 -0.690457256 -0.001917489 -0.043937121 0.722035061
1769782160.418642 1.886237284 0.994528742 1.090763528 -0.690401959 -0.001458687 -0.044363589 0.722062933
1769782160.429353 1.887713589 0.994491972 1.093310442 -0.690330818 -0.000850758 -0.044865004 0.722100941
1769782160.440059 1.889143492 0.994439229 1.095781076 -0.690264466 -0.000287543 -0.045314621 0.722136739
1769782160.450692 1.890599148 0.994387627 1.098270786 -0.690181116 0.000268954 -0.045724618 0.722190566
1769782160.461434 1.892050745 0.994352665 1.100757355 -0.690150035 0.000772577 -0.046084342 0.722197041
1769782160.471967 1.893435019 0.994325302 1.103141078 -0.690226257 0.001208415 -0.046388958 0.722104091
1769782160.482631 1.894924317 0.994298646 1.105630310 -0.690224821 0.001685615 -0.046749566 0.722081252
1769782160.493182 1.896465417 0.994270379 1.108156341 -0.690234601 0.002097195 -0.047112468 0.722047237
1769782160.503814 1.897980937 0.994258120 1.110625498 -0.690289630 0.002462751 -0.047453891 0.721971114
1769782160.514360 1.899488161 0.994263800 1.113074857 -0.690450381 0.002758895 -0.047755462 0.721796423
1769782160.525088 1.900992804 0.994263684 1.115561068 -0.690540361 0.002985036 -0.048048663 0.721689978
1769782160.535681 1.902576713 0.994265968 1.118124569 -0.690572879 0.003192022 -0.048364004 0.721636912
1769782160.546317 1.904187224 0.994279593 1.120661967 -0.690643539 0.003333674 -0.048692334 0.721546565
1769782160.556921 1.905786529 0.994302727 1.123138459 -0.690811829 0.003407205 -0.048981937 0.721365496
1769782160.567497 1.907321049 0.994318330 1.125586547 -0.690987807 0.003384211 -0.049168182 0.721184365
1769782160.577978 1.908927147 0.994325775 1.128097738 -0.691086408 0.003384193 -0.049384011 0.721075130
1769782160.588773 1.910597113 0.994348140 1.130600864 -0.691292865 0.003333749 -0.049581889 0.720863855
1769782160.599372 1.912237429 0.994377430 1.133087906 -0.691449546 0.003212099 -0.049729657 0.720703940
1769782160.609970 1.913839082 0.994431192 1.135526354 -0.691672727 0.002984555 -0.049811264 0.720485093
1769782160.620720 1.915423133 0.994496377 1.137904701 -0.691912039 0.002695561 -0.049881515 0.720251552
1769782160.631761 1.917202441 0.994530058 1.140613886 -0.691991961 0.002369910 -0.049958782 0.720170555
1769782160.642771 1.918911421 0.994525574 1.143213349 -0.692157219 0.001984936 -0.049985794 0.720011017
1769782160.653731 1.920578905 0.994552991 1.145685280 -0.692513026 0.001514234 -0.049870078 0.719677978
1769782160.664480 1.922255815 0.994686373 1.147918965 -0.692914623 0.001119909 -0.049567427 0.719312965
1769782160.675140 1.923896948 0.994965552 1.149830931 -0.693324644 0.000892630 -0.049036256 0.718954509
1769782160.686004 1.925608637 0.995429902 1.151540840 -0.693807764 0.000737632 -0.048295761 0.718538629
1769782160.696596 1.927263839 0.996033585 1.152946033 -0.694464971 0.000606204 -0.047414532 0.717962324
1769782160.707226 1.928904440 0.996687011 1.154033830 -0.695490964 0.000507854 -0.046495817 0.717028730
1769782160.718391 1.930648870 0.997395244 1.154978732 -0.696853645 0.000417103 -0.045496001 0.715768774
1769782160.728978 1.932413914 0.998074066 1.155887949 -0.698266790 0.000411248 -0.044542427 0.714450344
1769782160.739676 1.934083267 0.998733406 1.156706924 -0.699874501 0.000324474 -0.043553096 0.712936677
1769782160.750364 1.935770120 0.999384340 1.157559482 -0.701462279 0.000246135 -0.042569973 0.711434051
1769782160.761069 1.937525484 1.000026167 1.158465706 -0.703000830 0.000207539 -0.041610000 0.709970702
1769782160.771602 1.939220597 1.000632166 1.159300181 -0.704533897 0.000143764 -0.040689354 0.708502889
1769782160.782331 1.940992962 1.001233788 1.160229706 -0.705933657 0.000123452 -0.039807558 0.707158408
1769782160.792985 1.942698193 1.001832254 1.161164992 0.707332102 -0.000035684 0.038829890 -0.705814095
1769782160.803729 1.944477094 1.002420694 1.162130784 0.708705391 -0.000025884 0.037858208 -0.704488059
1769782160.814564 1.946278862 1.002992066 1.163170259 0.709891817 -0.000057612 0.036960263 -0.703340276
1769782160.825617 1.948067874 1.003541418 1.164242982 0.710976786 -0.000098525 0.036101215 -0.702288190
1769782160.836531 1.949926003 1.004097048 1.165386245 0.712020713 -0.000094306 0.035224247 -0.701274374
1769782160.847358 1.951648779 1.004610005 1.166485045 0.712972947 -0.000046215 0.034362178 -0.700349067
1769782160.858080 1.953448096 1.005113071 1.167603564 0.713931372 -0.000041063 0.033551997 -0.699411365
1769782160.868554 1.955204770 1.005581613 1.168710117 0.714736737 -0.000084205 0.032810253 -0.698623559
1769782160.879025 1.956993165 1.006044637 1.169908681 0.715416193 -0.000181364 0.032105878 -0.697960493
1769782160.889554 1.958697143 1.006497384 1.171053082 0.716142992 -0.000198698 0.031346599 -0.697249285
1769782160.900047 1.960380181 1.006930823 1.172211512 0.716783237 -0.000200908 0.030607858 -0.696623937
1769782160.910464 1.962113542 1.007335756 1.173359289 0.717421869 -0.000266389 0.029927296 -0.695995796
1769782160.921092 1.963862637 1.007729717 1.174475380 0.718093452 -0.000338685 0.029265895 -0.695330991
1769782160.931580 1.965672232 1.008112666 1.175684369 0.718624903 -0.000461641 0.028644322 -0.694807555
1769782160.942083 1.967368690 1.008490986 1.176886647 0.719146799 -0.000510828 0.027971964 -0.694294743
1769782160.952582 1.968979291 1.008858970 1.178036081 0.719692030 -0.000502467 0.027256504 -0.693758036
1769782160.963160 1.970712573 1.009210628 1.179213500 0.720198962 -0.000568151 0.026604460 -0.693257048
1769782160.973570 1.972445523 1.009522270 1.180373739 0.720677386 -0.000660582 0.026024265 -0.692781645
1769782160.984116 1.974170442 1.009830441 1.181514891 0.721170703 -0.000739236 0.025427522 -0.692290193
1769782160.994569 1.975853887 1.010134356 1.182652296 0.721649946 -0.000799458 0.024812326 -0.691812882
1769782161.005092 1.977466667 1.010430360 1.183815002 0.722075747 -0.000817173 0.024151203 -0.691391834
1769782161.015732 1.979102672 1.010715031 1.184971580 0.722472612 -0.000868251 0.023507984 -0.690999238
1769782161.026439 1.980869508 1.010977515 1.186150319 0.722875664 -0.000992288 0.022928138 -0.690596908
1769782161.037007 1.982510523 1.011209844 1.187230908 0.723270437 -0.001063157 0.022367748 -0.690201731
1769782161.047843 1.984254951 1.011444281 1.188406463 0.723616775 -0.001138520 0.021824738 -0.689855889
1769782161.058542 1.985884740 1.011661585 1.189507266 0.723970577 -0.001182214 0.021276479 -0.689501644
1769782161.069225 1.987481309 1.011885432 1.190621169 0.724339612 -0.001163916 0.020654232 -0.689132915
1769782161.079959 1.989144982 1.012078953 1.191785221 0.724579509 -0.001245508 0.020136890 -0.688895848
1769782161.090525 1.990763379 1.012250861 1.192884189 0.724816535 -0.001311873 0.019638039 -0.688660742
1769782161.101172 1.992398199 1.012402570 1.193957684 0.725072568 -0.001374251 0.019144457 -0.688404948
1769782161.111736 1.994025307 1.012544654 1.195017788 0.725318869 -0.001432166 0.018664511 -0.688158501
1769782161.122195 1.995561209 1.012678472 1.196051430 0.725523076 -0.001472142 0.018157889 -0.687956678
1769782161.132738 1.997099281 1.012800999 1.197119295 0.725665188 -0.001519978 0.017661947 -0.687819584
1769782161.143411 1.998654474 1.012914069 1.198171419 0.725818716 -0.001561435 0.017166105 -0.687670036
1769782161.154135 2.000236574 1.013006891 1.199227149 0.725920174 -0.001619670 0.016750417 -0.687573052
1769782161.164719 2.001828642 1.013086983 1.200270568 0.726005136 -0.001672148 0.016346405 -0.687492939
1769782161.175208 2.003371528 1.013140141 1.201271867 0.726047933 -0.001748119 0.015976854 -0.687456241
1769782161.185875 2.004879845 1.013188298 1.202258965 0.726088030 -0.001785590 0.015582962 -0.687422837
1769782161.196438 2.006366246 1.013234136 1.203235491 0.726131462 -0.001798684 0.015158548 -0.687386414
1769782161.206943 2.007787143 1.013272855 1.204188098 0.726163031 -0.001768124 0.014723086 -0.687362610
1769782161.217502 2.009246788 1.013286905 1.205120361 0.726172788 -0.001778215 0.014344526 -0.687360280
1769782161.228219 2.010789155 1.013277509 1.206093866 0.726100687 -0.001854880 0.014033824 -0.687442655
1769782161.238801 2.012276656 1.013265068 1.207040847 0.726015872 -0.001900492 0.013717861 -0.687538480
1769782161.249858 2.013759615 1.013239549 1.207969888 0.725917562 -0.001940212 0.013397823 -0.687648476
1769782161.260895 2.015190532 1.013201185 1.208849751 0.725826824 -0.001958264 0.013066664 -0.687750572
1769782161.272734 2.016791375 1.013146433 1.209834604 0.725729039 -0.001936646 0.012658603 -0.687861447
1769782161.284055 2.018185035 1.013087375 1.210686347 0.725609611 -0.001917437 0.012319071 -0.687993646
1769782161.295019 2.019738589 1.012995089 1.211592951 0.725439370 -0.001963465 0.012009915 -0.688178485
1769782161.305822 2.021184665 1.012891014 1.212411127 0.725277465 -0.002000835 0.011747373 -0.688353539
1769782161.316405 2.022574114 1.012784084 1.213186411 0.725107900 -0.002024710 0.011491068 -0.688536411
1769782161.326971 2.023937922 1.012664722 1.213956099 0.724893083 -0.002053990 0.011264828 -0.688766217
1769782161.337610 2.025259327 1.012544886 1.214703069 0.724686379 -0.002010131 0.011001122 -0.688988089
1769782161.348385 2.026568690 1.012415252 1.215433674 0.724448371 -0.001975358 0.010766521 -0.689242147
1769782161.359492 2.027908298 1.012268903 1.216171110 0.724189761 -0.001907868 0.010502609 -0.689518126
1769782161.370022 2.029172138 1.012108496 1.216822070 0.723936590 -0.001880887 0.010291891 -0.689787179
1769782161.380832 2.030521675 1.011916155 1.217478087 0.723637863 -0.001917241 0.010149422 -0.690102570
1769782161.391667 2.031853546 1.011719192 1.218110474 0.723330111 -0.001918777 0.010000273 -0.690427305
1769782161.402678 2.033168210 1.011517101 1.218729931 0.722994384 -0.001904450 0.009853962 -0.690781002
1769782161.413725 2.034438790 1.011317552 1.219299660 0.722658753 -0.001869415 0.009701306 -0.691134369
1769782161.424233 2.035656714 1.011126738 1.219817227 0.722330230 -0.001823829 0.009548296 -0.691479965
1769782161.434768 2.036847892 1.010944177 1.220298436 0.721988204 -0.001780496 0.009414091 -0.691839026
1769782161.445455 2.038014374 1.010772494 1.220725147 0.721676978 -0.001693931 0.009217389 -0.692166533
1769782161.456094 2.039207219 1.010591288 1.221091824 0.721369395 -0.001682768 0.009078760 -0.692488946
1769782161.466701 2.040425603 1.010409782 1.221413825 0.721066450 -0.001692325 0.008960135 -0.692805909
1769782161.477733 2.041675626 1.010221891 1.221687964 0.720765965 -0.001705588 0.008843280 -0.693119983
1769782161.488659 2.042884513 1.010044634 1.221919899 0.720462477 -0.001699017 0.008730358 -0.693436885
1769782161.499940 2.044114189 1.009874084 1.222102313 0.720171925 -0.001672133 0.008585214 -0.693740511
1769782161.510907 2.045271155 1.009712882 1.222209510 0.719915549 -0.001642375 0.008433653 -0.694008485
1769782161.521911 2.046409028 1.009558540 1.222283204 0.719653114 -0.001609582 0.008277037 -0.694282576
1769782161.532720 2.047519641 1.009419143 1.222304042 0.719405372 -0.001572876 0.008094202 -0.694541519
1769782161.543566 2.048662159 1.009265136 1.222258059 0.719194368 -0.001552315 0.007927913 -0.694761973
1769782161.554234 2.049777800 1.009110576 1.222161674 0.718987779 -0.001551859 0.007811001 -0.694977089
1769782161.564814 2.050889826 1.008962419 1.222021881 0.718781603 -0.001561645 0.007687512 -0.695191679
1769782161.575221 2.051957486 1.008821426 1.221835721 0.718593878 -0.001580668 0.007570624 -0.695386962
1769782161.585825 2.053001941 1.008683193 1.221605975 0.718408417 -0.001566879 0.007435535 -0.695580048
1769782161.596321 2.054040755 1.008555471 1.221316723 0.718250855 -0.001538595 0.007284610 -0.695744405
1769782161.607803 2.055074422 1.008431450 1.220993389 0.718106114 -0.001483006 0.007129437 -0.695895524
1769782161.618793 2.055929286 1.008329464 1.220699801 0.717997452 -0.001418317 0.006999182 -0.696009094
1769782161.630042 2.057170588 1.008189969 1.220187482 0.717874932 -0.001296238 0.006761916 -0.696138045
1769782161.641634 2.058211543 1.008076416 1.219702203 0.717795836 -0.001186308 0.006532113 -0.696221992
1769782161.653067 2.059315980 1.007940377 1.219156669 0.717706481 -0.001116157 0.006369499 -0.696315726
1769782161.663718 2.060330475 1.007809727 1.218593141 0.717645943 -0.001042362 0.006223856 -0.696379550
1769782161.674344 2.061277864 1.007694252 1.218001294 0.717592320 -0.000961858 0.006075914 -0.696436228
1769782161.684962 2.062207050 1.007573782 1.217369499 0.717513279 -0.000897309 0.005930118 -0.696519004
1769782161.695478 2.063114395 1.007463528 1.216692956 0.717419578 -0.000824282 0.005766417 -0.696616981
1769782161.706156 2.064019832 1.007358604 1.215983732 0.717286283 -0.000783649 0.005631117 -0.696755384
1769782161.716689 2.064904395 1.007257878 1.215244357 0.717135564 -0.000739017 0.005493365 -0.696911658
1769782161.727110 2.065765442 1.007151836 1.214454702 0.717004363 -0.000727017 0.005373157 -0.697047591
1769782161.737595 2.066616579 1.007056942 1.213644856 0.716814187 -0.000715889 0.005270443 -0.697243954
1769782161.748298 2.067445713 1.006976991 1.212787657 0.716648955 -0.000699200 0.005141573 -0.697414762
1769782161.759393 2.068353703 1.006868906 1.211835689 0.716466284 -0.000740655 0.005061992 -0.697602961
1769782161.770130 2.069251373 1.006755221 1.210869506 0.716266689 -0.000771861 0.005025746 -0.697808123
1769782161.780683 2.070127334 1.006643049 1.209870397 0.716089349 -0.000817513 0.005017295 -0.697990116
1769782161.791201 2.070946762 1.006540329 1.208873880 0.715888371 -0.000841745 0.004984419 -0.698196453
1769782161.801843 2.071756336 1.006442026 1.207831298 0.715682766 -0.000876521 0.004935928 -0.698407507
1769782161.812530 2.072568190 1.006335967 1.206747850 0.715465517 -0.000927057 0.004886982 -0.698630340
1769782161.823123 2.073337011 1.006237421 1.205668356 0.715248963 -0.000976808 0.004851811 -0.698852221
1769782161.833765 2.074107934 1.006138204 1.204521076 0.715034328 -0.001026349 0.004809194 -0.699072048
1769782161.844290 2.074852812 1.006046642 1.203331334 0.714842151 -0.001067009 0.004747135 -0.699268922
1769782161.854836 2.075580018 1.005966364 1.202127856 0.714643996 -0.001123064 0.004683433 -0.699471775
1769782161.865527 2.076291580 1.005890889 1.200834010 0.714491237 -0.001147150 0.004577519 -0.699628475
1769782161.875951 2.076985228 1.005807696 1.199521759 0.714392905 -0.001183798 0.004482080 -0.699729438
1769782161.886563 2.077693531 1.005715819 1.198200697 0.714237301 -0.001232773 0.004444156 -0.699888425
1769782161.897085 2.078402626 1.005623092 1.196828526 0.714092882 -0.001286013 0.004399495 -0.700035961
1769782161.907864 2.079107604 1.005528892 1.195443299 0.713917901 -0.001349485 0.004389638 -0.700214354
1769782161.918627 2.079798092 1.005430144 1.194041836 0.713690801 -0.001399481 0.004404082 -0.700445634
1769782161.929148 2.080460527 1.005338360 1.192593233 0.713519912 -0.001458094 0.004395754 -0.700619644
1769782161.939557 2.081093316 1.005250861 1.191148093 0.713344453 -0.001508648 0.004368244 -0.700798355
1769782161.950321 2.081715519 1.005173199 1.189656110 0.713203632 -0.001565450 0.004338364 -0.700941729
1769782161.961066 2.082362067 1.005094678 1.187994581 0.713097109 -0.001589805 0.004309745 -0.701050221
1769782161.971536 2.082920736 1.005029433 1.186455630 0.713000797 -0.001588306 0.004250664 -0.701148538
1769782161.982147 2.083496505 1.004957143 1.184802849 0.712935369 -0.001611346 0.004185291 -0.701215407
1769782161.992765 2.084056118 1.004879933 1.183166833 0.712824555 -0.001638564 0.004117090 -0.701328395
1769782162.003294 2.084597963 1.004799754 1.181516634 0.712689398 -0.001673337 0.004062206 -0.701465979
1769782162.013826 2.085109016 1.004726610 1.179849589 0.712566381 -0.001692979 0.003996358 -0.701591274
1769782162.024608 2.085610854 1.004661800 1.178156603 0.712458330 -0.001708705 0.003925152 -0.701701362
1769782162.035247 2.086137403 1.004593856 1.176385034 0.712353909 -0.001743635 0.003885061 -0.701807505
1769782162.045659 2.086650208 1.004522137 1.174616668 0.712279048 -0.001768902 0.003858789 -0.701883565
1769782162.056227 2.087150365 1.004447883 1.172816488 0.712199098 -0.001811697 0.003842765 -0.701964668
1769782162.066822 2.087632616 1.004372719 1.170998031 0.712092678 -0.001851964 0.003835828 -0.702072557
1769782162.077404 2.088096518 1.004292058 1.169164731 0.712020973 -0.001886924 0.003823155 -0.702145254
1769782162.088360 2.088541801 1.004218773 1.167280962 0.711899893 -0.001893478 0.003815683 -0.702268038
1769782162.099031 2.088967319 1.004151847 1.165375981 0.711790716 -0.001912233 0.003799170 -0.702378734
1769782162.109456 2.089375259 1.004093090 1.163451348 0.711732477 -0.001936767 0.003751895 -0.702437936
1769782162.119957 2.089756312 1.004042383 1.161539173 0.711664134 -0.001957922 0.003694461 -0.702507422
1769782162.130561 2.090154233 1.003978147 1.159554497 0.711610357 -0.002005959 0.003645421 -0.702562016
1769782162.141037 2.090505185 1.003922822 1.157649821 0.711526199 -0.002011394 0.003607209 -0.702647430
1769782162.151535 2.090848271 1.003854748 1.155710486 0.711426699 -0.002033956 0.003561636 -0.702748340
1769782162.161995 2.091175551 1.003792424 1.153729504 0.711344667 -0.002051292 0.003523785 -0.702831516
1769782162.172551 2.091495845 1.003731839 1.151721864 0.711270674 -0.002061790 0.003493425 -0.702906518
1769782162.183351 2.091806613 1.003682794 1.149677312 0.711234916 -0.002080818 0.003459261 -0.702942813
1769782162.194044 2.092123580 1.003622431 1.147498193 0.711190236 -0.002093994 0.003432398 -0.702988109
1769782162.204516 2.092373622 1.003578121 1.145415166 0.711173603 -0.002061750 0.003357789 -0.703005392
1769782162.215217 2.092642027 1.003507705 1.143352245 0.711119920 -0.002048104 0.003341928 -0.703059810
1769782162.225722 2.092907729 1.003446372 1.141252557 0.711067929 -0.002061517 0.003316767 -0.703112473
1769782162.236198 2.093170393 1.003386141 1.139222032 0.710935963 -0.002102881 0.003353441 -0.703245610
1769782162.246763 2.093419512 1.003338767 1.137092147 0.710883967 -0.002141218 0.003371575 -0.703297969
1769782162.257522 2.093647361 1.003281475 1.134926769 0.710840252 -0.002167763 0.003374168 -0.703342059
1769782162.268100 2.093845002 1.003229480 1.132763532 0.710803886 -0.002146404 0.003373548 -0.703378879
1769782162.278708 2.094034696 1.003167168 1.130591785 0.710771065 -0.002165308 0.003356206 -0.703412070
1769782162.289321 2.094207497 1.003108761 1.128434162 0.710699617 -0.002182571 0.003348785 -0.703484241
1769782162.300112 2.094363400 1.003063110 1.126228308 0.710631249 -0.002228329 0.003325305 -0.703553270
1769782162.310875 2.094522514 1.003020257 1.123955472 0.710610738 -0.002287686 0.003292905 -0.703573949
1769782162.321614 2.094646057 1.002980152 1.121740528 0.710586162 -0.002299683 0.003236996 -0.703598990
1769782162.332292 2.094763802 1.002928782 1.119473198 0.710574177 -0.002354815 0.003154038 -0.703611289
1769782162.343031 2.094863791 1.002873398 1.117280149 0.710488432 -0.002391724 0.003124908 -0.703697877
1769782162.353701 2.094947077 1.002828766 1.115075674 0.710418375 -0.002422193 0.003116044 -0.703768538
1769782162.364758 2.095038899 1.002786066 1.112736067 0.710375021 -0.002483101 0.003117680 -0.703812080
1769782162.376002 2.095104118 1.002741484 1.110323216 0.710388289 -0.002521982 0.003065540 -0.703798779
1769782162.386783 2.095148658 1.002689698 1.108003364 0.710378138 -0.002541661 0.003026513 -0.703809122
1769782162.397573 2.095185632 1.002629628 1.105750367 0.710331931 -0.002569689 0.003009024 -0.703855731
1769782162.408352 2.095210377 1.002577871 1.103449033 0.710294188 -0.002590146 0.003002082 -0.703893774
1769782162.419244 2.095222340 1.002543701 1.101180275 0.710252553 -0.002608475 0.003020660 -0.703935638
1769782162.429985 2.095219418 1.002508051 1.098822627 0.710261745 -0.002630196 0.003002787 -0.703926359
1769782162.440410 2.095206080 1.002467024 1.096606764 0.710232216 -0.002633543 0.003013748 -0.703956093
1769782162.451277 2.095166639 1.002416761 1.094410864 0.710180630 -0.002641716 0.003010900 -0.704008117
1769782162.461963 2.095104954 1.002374599 1.092118418 0.710131716 -0.002663356 0.003006841 -0.704057392
1769782162.472928 2.095044236 1.002342987 1.089796852 0.710099242 -0.002708329 0.003012327 -0.704089950
1769782162.483483 2.094978045 1.002305613 1.087494140 0.710105224 -0.002734797 0.003020467 -0.704083780
1769782162.493978 2.094888866 1.002264944 1.085250319 0.710112804 -0.002723639 0.003012393 -0.704076213
1769782162.504547 2.094773410 1.002220840 1.083023960 0.710082313 -0.002708280 0.003011960 -0.704107025
1769782162.515064 2.094652019 1.002177274 1.080817928 0.710056115 -0.002714460 0.002992366 -0.704133504
1769782162.525674 2.094531629 1.002137378 1.078573448 0.710065807 -0.002763335 0.002974022 -0.704123618
1769782162.536289 2.094409364 1.002108199 1.076319183 0.710035568 -0.002815115 0.002988511 -0.704153844
1769782162.546979 2.094267363 1.002074753 1.074085050 0.710023042 -0.002864353 0.002988999 -0.704166274
1769782162.557506 2.094107123 1.002033480 1.071932959 0.709974332 -0.002901890 0.002990850 -0.704215224
1769782162.567924 2.093934908 1.001994380 1.069801404 0.709915742 -0.002940642 0.003011238 -0.704274041
1769782162.578407 2.093754213 1.001959629 1.067615984 0.709916296 -0.002995454 0.002997686 -0.704273309
1769782162.589094 2.093556007 1.001930815 1.065411033 0.709926232 -0.003025402 0.002996871 -0.704263169
1769782162.599569 2.093349602 1.001894807 1.063196115 0.709923091 -0.003064762 0.003021084 -0.704266061
1769782162.610166 2.093127446 1.001851143 1.061024467 0.709887396 -0.003112489 0.003061095 -0.704301659
1769782162.620713 2.092893094 1.001820305 1.058951797 0.709834461 -0.003134812 0.003080682 -0.704354825
1769782162.631269 2.092644943 1.001788873 1.056790822 0.709846805 -0.003192493 0.003053373 -0.704342245
1769782162.641686 2.092381347 1.001757697 1.054633119 0.709868222 -0.003236289 0.003010182 -0.704320646
1769782162.652219 2.092101845 1.001728027 1.052507554 0.709901214 -0.003259993 0.002959380 -0.704287499
1769782162.662701 2.091820612 1.001689159 1.050386980 0.709893897 -0.003271336 0.002961034 -0.704294815
1769782162.673290 2.091544564 1.001651184 1.048347503 0.709849405 -0.003268860 0.003017204 -0.704339431
1769782162.683969 2.091255672 1.001617657 1.046288430 0.709832082 -0.003290083 0.003034257 -0.704356716
1769782162.694586 2.090950537 1.001586350 1.044159494 0.709851635 -0.003306514 0.003038712 -0.704336915
1769782162.705089 2.090631757 1.001551532 1.042086686 0.709880281 -0.003311355 0.003032661 -0.704308046
1769782162.715846 2.090298985 1.001508294 1.040049484 0.709893045 -0.003321035 0.003023043 -0.704295177
1769782162.726435 2.089948726 1.001461160 1.037997183 0.709905325 -0.003338667 0.003010141 -0.704282771
1769782162.736962 2.089596617 1.001428935 1.036011775 0.709883574 -0.003372809 0.003013863 -0.704304517
1769782162.747600 2.089226458 1.001403559 1.034001886 0.709911455 -0.003402701 0.002984173 -0.704276396
1769782162.758218 2.088834765 1.001371586 1.031976737 0.709946614 -0.003401150 0.002970925 -0.704241017
1769782162.768872 2.088432368 1.001345321 1.030017213 0.709955733 -0.003380281 0.002966669 -0.704231943
1769782162.779622 2.087992086 1.001300365 1.028009202 0.709966712 -0.003382594 0.002942871 -0.704220963
1769782162.790320 2.087569196 1.001275912 1.026120302 0.709938132 -0.003376010 0.002972941 -0.704249681
1769782162.800969 2.087134174 1.001250141 1.024197724 0.709947902 -0.003380956 0.002975573 -0.704239797
1769782162.811641 2.086677932 1.001221945 1.022236751 0.709986577 -0.003398963 0.002953266 -0.704200814
1769782162.822584 2.086197452 1.001206388 1.020338201 0.709993854 -0.003400570 0.002932253 -0.704193556
1769782162.833185 2.085698634 1.001179889 1.018488294 0.709989900 -0.003376718 0.002937447 -0.704197636
1769782162.843755 2.085216924 1.001161398 1.016709150 0.709962713 -0.003358728 0.002958998 -0.704225042
1769782162.854374 2.084725424 1.001140134 1.014953585 0.709951272 -0.003344946 0.002952341 -0.704236670
1769782162.865097 2.084198303 1.001125661 1.013134929 0.709968680 -0.003319265 0.002926767 -0.704219348
1769782162.875679 2.083669391 1.001104811 1.011362331 0.709999205 -0.003299386 0.002907117 -0.704188747
1769782162.886356 2.083141982 1.001069839 1.009605415 0.710038357 -0.003280693 0.002866315 -0.704149524
1769782162.896999 2.082583001 1.001041988 1.007864624 0.710036953 -0.003252015 0.002861894 -0.704151091
1769782162.907607 2.082034101 1.001018522 1.006202797 0.710018418 -0.003246882 0.002869096 -0.704169775
1769782162.918237 2.081493834 1.000999881 1.004596312 0.709995713 -0.003244349 0.002874515 -0.704192658
1769782162.928968 2.080908339 1.000975321 1.002892141 0.710039061 -0.003259777 0.002812625 -0.704149128
1769782162.939608 2.080318215 1.000953653 1.001233048 0.710061997 -0.003285911 0.002765549 -0.704126064
1769782162.950358 2.079721882 1.000922153 0.999611746 0.710091026 -0.003270849 0.002726598 -0.704097012
1769782162.960884 2.079107389 1.000903964 0.998044805 0.710099408 -0.003233159 0.002690294 -0.704088872
1769782162.971430 2.078507341 1.000874700 0.996543338 0.710088137 -0.003210361 0.002684093 -0.704100367
1769782162.982109 2.077871381 1.000865119 0.995049139 0.710093909 -0.003170698 0.002648401 -0.704094861
1769782162.993185 2.077216091 1.000833472 0.993492834 0.710099150 -0.003156881 0.002645853 -0.704089647
1769782163.004153 2.076558656 1.000818093 0.991978572 0.710118469 -0.003138702 0.002643273 -0.704070253
1769782163.015324 2.075887528 1.000788931 0.990481103 0.710143838 -0.003128145 0.002637853 -0.704044733
1769782163.026334 2.075165762 1.000766996 0.988950204 0.710164767 -0.003103563 0.002641924 -0.704023715
1769782163.036918 2.074504003 1.000742637 0.987592718 0.710157864 -0.003071430 0.002667951 -0.704030721
1769782163.047487 2.073821915 1.000727685 0.986294338 0.710140237 -0.003028228 0.002679927 -0.704048643
1769782163.058393 2.073123573 1.000715734 0.984992872 0.710123213 -0.003017528 0.002674477 -0.704065881
1769782163.068955 2.072427770 1.000698205 0.983716465 0.710113077 -0.003026164 0.002664960 -0.704076103
1769782163.079477 2.071728074 1.000671725 0.982449108 0.710134274 -0.003047896 0.002641958 -0.704054717
1769782163.090092 2.070986154 1.000661558 0.981207691 0.710150095 -0.003036468 0.002586654 -0.704039013
1769782163.100676 2.070230358 1.000647988 0.980000889 0.710170729 -0.002996893 0.002527778 -0.704018583
1769782163.111254 2.069453324 1.000630612 0.978809153 0.710190981 -0.002950446 0.002463234 -0.703998578
1769782163.121909 2.068696041 1.000621172 0.977688827 0.710197443 -0.002906942 0.002418341 -0.703992396
1769782163.132616 2.067904803 1.000600054 0.976553321 0.710207220 -0.002871557 0.002364730 -0.703982860
1769782163.143215 2.067116789 1.000590144 0.975491795 0.710191863 -0.002847896 0.002319525 -0.703998599
1769782163.153996 2.066342147 1.000572527 0.974471754 0.710182899 -0.002834168 0.002271906 -0.704007852
1769782163.164602 2.065518314 1.000557193 0.973428583 0.710187098 -0.002804117 0.002232461 -0.704003863
1769782163.175194 2.064729868 1.000552587 0.972472720 0.710185085 -0.002793342 0.002186681 -0.704006080
1769782163.185890 2.063912563 1.000523469 0.971507480 0.710194970 -0.002772719 0.002137360 -0.703996341
1769782163.196721 2.063068013 1.000516916 0.970560221 0.710198385 -0.002749012 0.002117108 -0.703993051
1769782163.207375 2.062218359 1.000498659 0.969633965 0.710216436 -0.002730520 0.002074313 -0.703975039
1769782163.218017 2.061398287 1.000479301 0.968797408 0.710207096 -0.002721739 0.002079139 -0.703984481
1769782163.228722 2.060527529 1.000468477 0.967954542 0.710216357 -0.002682865 0.002061873 -0.703975339
1769782163.239311 2.059663358 1.000441504 0.967136871 0.710223631 -0.002688025 0.002061474 -0.703967981
1769782163.249920 2.058842006 1.000423818 0.966409078 0.710210297 -0.002704418 0.002086456 -0.703981297
1769782163.260675 2.057922389 1.000414602 0.965657319 0.710211763 -0.002669441 0.002060706 -0.703980027
1769782163.271372 2.057018832 1.000411476 0.964992054 0.710190917 -0.002630418 0.002033928 -0.704001282
1769782163.282130 2.056061249 1.000421306 0.964335453 0.710178102 -0.002549966 0.001965012 -0.704014701
1769782163.292953 2.055088461 1.000419830 0.963704536 0.710165131 -0.002468526 0.001896993 -0.704028262
1769782163.303535 2.054142779 1.000425124 0.963138415 0.710140480 -0.002401107 0.001835205 -0.704053524
1769782163.314213 2.053181738 1.000422381 0.962583529 0.710123939 -0.002360415 0.001789461 -0.704070464
1769782163.324742 2.052251986 1.000412472 0.962067400 0.710115876 -0.002330284 0.001759755 -0.704078771
1769782163.335340 2.051300161 1.000403485 0.961574866 0.710106528 -0.002319482 0.001731962 -0.704088303
1769782163.345880 2.050344823 1.000396003 0.961120692 0.710098111 -0.002310229 0.001694259 -0.704096915
1769782163.356597 2.049372597 1.000388607 0.960693002 0.710090572 -0.002300540 0.001661058 -0.704104629
1769782163.367084 2.048393594 1.000380676 0.960299964 0.710079962 -0.002292355 0.001633608 -0.704115420
1769782163.377582 2.047400051 1.000374643 0.959933645 0.710076524 -0.002275004 0.001590365 -0.704119042
1769782163.388161 2.046420418 1.000369737 0.959603779 0.710066984 -0.002278010 0.001577772 -0.704128681
1769782163.398744 2.045411996 1.000373967 0.959299851 0.710060201 -0.002296748 0.001557210 -0.704135506
1769782163.409430 2.044365034 1.000375371 0.959006184 0.710070308 -0.002272999 0.001492330 -0.704125532
1769782163.420134 2.043324441 1.000383216 0.958759006 0.710071220 -0.002248347 0.001449727 -0.704124780
1769782163.430733 2.042215051 1.000397926 0.958534215 0.710074954 -0.002172795 0.001349859 -0.704121450
1769782163.441306 2.041148081 1.000399803 0.958363448 0.710069071 -0.002092543 0.001281676 -0.704127753
1769782163.451996 2.040066823 1.000411130 0.958240081 0.710048708 -0.002014476 0.001220239 -0.704148624
1769782163.462750 2.038957881 1.000407103 0.958132656 0.710041057 -0.001944838 0.001181084 -0.704156602
1769782163.473312 2.037875691 1.000418064 0.958090845 0.710008559 -0.001895745 0.001156471 -0.704189545
1769782163.484009 2.036753774 1.000423541 0.958061528 0.709987731 -0.001848887 0.001099724 -0.704210759
1769782163.494838 2.035616588 1.000424304 0.958074972 0.709960801 -0.001831945 0.001093439 -0.704237963
1769782163.505520 2.034497866 1.000429570 0.958133209 0.709926666 -0.001804137 0.001117994 -0.704272408
1769782163.516256 2.033398144 1.000424153 0.958206500 0.709902704 -0.001750311 0.001202569 -0.704296558
1769782163.526992 2.032266169 1.000434321 0.958351979 0.709841141 -0.001676379 0.001317613 -0.704358579
1769782163.537694 2.031102482 1.000440034 0.958497985 0.709794593 -0.001609899 0.001369620 -0.704405542
1769782163.548299 2.029940779 1.000449903 0.958697916 0.709730581 -0.001524858 0.001385256 -0.704470197
1769782163.559594 2.028702001 1.000463173 0.958934666 0.709672012 -0.001440546 0.001400064 -0.704529347
1769782163.570700 2.027442963 1.000468428 0.959197264 0.709624941 -0.001381032 0.001415670 -0.704576846
1769782163.581608 2.026189336 1.000480545 0.959482516 0.709578986 -0.001284882 0.001376950 -0.704623386
1769782163.592644 2.024938033 1.000488004 0.959791942 0.709539015 -0.001236805 0.001351009 -0.704663772
1769782163.603333 2.023690611 1.000491034 0.960146977 0.709486126 -0.001185324 0.001301045 -0.704717205
1769782163.613789 2.022476527 1.000500039 0.960525907 0.709433507 -0.001149921 0.001244322 -0.704770338
1769782163.624337 2.021267688 1.000504398 0.960929145 0.709379850 -0.001114916 0.001183050 -0.704824507
1769782163.634872 2.020040676 1.000515089 0.961384837 0.709310945 -0.001075213 0.001127420 -0.704894004
1769782163.645538 2.018781671 1.000526632 0.961885698 0.709233199 -0.001058993 0.001087641 -0.704972315
1769782163.656209 2.017577668 1.000524036 0.962374158 0.709177029 -0.001081236 0.001097630 -0.705028771
1769782163.666836 2.016310954 1.000538593 0.962916427 0.709110307 -0.001069868 0.001114457 -0.705095870
1769782163.677423 2.015000678 1.000553989 0.963466292 0.709050065 -0.000969690 0.001053580 -0.705156688
1769782163.687997 2.013723501 1.000567980 0.964022057 0.708998481 -0.000929852 0.001011054 -0.705208669
1769782163.698672 2.012386198 1.000585739 0.964603139 0.708954050 -0.000864202 0.000919947 -0.705253544
1769782163.709168 2.011091948 1.000584926 0.965203701 0.708902259 -0.000809241 0.000865050 -0.705305737
1769782163.719620 2.009854141 1.000590848 0.965839024 0.708832381 -0.000806162 0.000873564 -0.705375958
1769782163.730303 2.008510454 1.000596326 0.966532938 0.708753347 -0.000761067 0.000845960 -0.705455455
1769782163.740814 2.007219932 1.000603228 0.967238224 0.708667397 -0.000756373 0.000816322 -0.705541836
1769782163.751609 2.005884126 1.000621815 0.967987085 0.708575153 -0.000724353 0.000776062 -0.705634556
1769782163.765242 2.005197283 1.000626332 0.968371235 0.708532165 -0.000714906 0.000750241 -0.705677758
1769782163.779203 2.004061464 1.000632031 0.969016385 0.708462549 -0.000729198 0.000711931 -0.705747674
1769782163.792097 2.003034199 1.000644799 0.969615410 0.708395772 -0.000742431 0.000679667 -0.705814719
1769782163.803677 1.999369206 1.000668306 0.971780512 0.708168025 -0.000727312 0.000556473 -0.706043349
1769782163.814634 1.997934966 1.000682760 0.972683051 0.708048803 -0.000649261 0.000494890 -0.706163031
1769782163.825221 1.996540845 1.000697572 0.973562573 0.707938731 -0.000573300 0.000406400 -0.706273501
1769782163.835862 1.995157663 1.000712613 0.974449761 0.707833659 -0.000483995 0.000338436 -0.706378908
1769782163.846758 1.993782066 1.000719777 0.975342413 0.707735158 -0.000445909 0.000314802 -0.706477635
1769782163.857454 1.992426956 1.000717187 0.976224528 0.707651870 -0.000421139 0.000324379 -0.706561072
1769782163.868254 1.991044885 1.000713027 0.977134325 0.707561314 -0.000402660 0.000325799 -0.706651767
1769782163.879095 1.989647008 1.000719227 0.978095162 0.707434907 -0.000330640 0.000276873 -0.706778371
1769782163.889906 1.988271747 1.000715816 0.979083483 0.707301087 -0.000339774 0.000247537 -0.706912296
1769782163.900432 1.986947651 1.000715055 0.980058032 0.707169768 -0.000367917 0.000228651 -0.707043656
1769782163.910892 1.985607678 1.000724886 0.981030773 -0.707035229 0.000325860 -0.000174982 0.707178229
1769782163.921837 1.984210947 1.000727206 0.982018794 -0.706923276 0.000291026 -0.000103882 0.707290171
1769782163.932561 1.982786973 1.000728026 0.982995794 -0.706821063 0.000198735 0.000010626 0.707392356
1769782163.943084 1.981418711 1.000719218 0.983959693 -0.706714410 0.000114999 0.000111764 0.707498917
1769782163.953670 1.980081676 1.000716775 0.984979610 -0.706572966 0.000017921 0.000179071 0.707640171
1769782163.964309 1.978745660 1.000716341 0.986030982 -0.706417666 -0.000040893 0.000228592 0.707795187
1769782163.974785 1.977451889 1.000706759 0.987050853 -0.706276686 -0.000085688 0.000270356 0.707935847
1769782163.985339 1.976144863 1.000693999 0.988080617 -0.706144908 -0.000116396 0.000335287 0.708067258
1769782163.995843 1.974871727 1.000689028 0.989093095 -0.706006119 -0.000170997 0.000353360 0.708205624
1769782164.007015 1.973551081 1.000673921 0.990169552 -0.705840852 -0.000276619 0.000347115 0.708370309
1769782164.017820 1.972269437 1.000641158 0.991252104 -0.705649550 -0.000367579 0.000287534 0.708560862
1769782164.028650 1.970955708 1.000618654 0.992371707 -0.705413801 -0.000568832 0.000303397 0.708795424
1769782164.039305 1.969706708 1.000605035 0.993474354 -0.705168879 -0.000741403 0.000332220 0.709038922
1769782164.049957 1.968440018 1.000595116 0.994602773 -0.704897838 -0.000976033 0.000375498 0.709308074
1769782164.060457 1.967175875 1.000580977 0.995704275 -0.704644939 -0.001235448 0.000468389 0.709558852
1769782164.070976 1.965978296 1.000552305 0.996761909 -0.704406280 -0.001469494 0.000562257 0.709795264
1769782164.081432 1.964765503 1.000523636 0.997873359 -0.704127641 -0.001762791 0.000678002 0.710070911
1769782164.091970 1.963607698 1.000485581 0.999017053 -0.703809837 -0.002006570 0.000725887 0.710385219
1769782164.102471 1.962458600 1.000456024 1.000202725 -0.703456947 -0.002238074 0.000817153 0.710733879
1769782164.112953 1.961328024 1.000427119 1.001390650 -0.703101030 -0.002464452 0.000927506 0.711085092
1769782164.123800 1.960218698 1.000390982 1.002592534 -0.702730054 -0.002687120 0.001004383 0.711450800
1769782164.134314 1.959135852 1.000361565 1.003777791 -0.702371394 -0.002948316 0.001056571 0.711803777
1769782164.144820 1.958058108 1.000327963 1.004970742 -0.702002647 -0.003231286 0.001142133 0.712166089
1769782164.155810 1.956964926 1.000289767 1.006226995 -0.701611163 -0.003561340 0.001259763 0.712550003
1769782164.166612 1.955868459 1.000242839 1.007568206 -0.701163313 -0.003862381 0.001384997 0.712988901
1769782164.177181 1.954822743 1.000208935 1.008860027 -0.700736203 -0.004171379 0.001564116 0.713406565
1769782164.187834 1.953802246 1.000167959 1.010165019 -0.700321227 -0.004452633 0.001769009 0.713811756
1769782164.198410 1.952787298 1.000123556 1.011469864 -0.699919959 -0.004776094 0.001988882 0.714202551
1769782164.209019 1.951808585 1.000072683 1.012768352 -0.699530301 -0.005122579 0.002193644 0.714581209
1769782164.219720 1.950838692 1.000017201 1.014111447 -0.699126179 -0.005476540 0.002398291 0.714973316
1769782164.230183 1.949883729 0.999968169 1.015518420 -0.698666865 -0.005861872 0.002583187 0.715418464
1769782164.240750 1.948967053 0.999915241 1.016940207 -0.698199910 -0.006194142 0.002751758 0.715870761
1769782164.251363 1.948077593 0.999858792 1.018375700 -0.697714292 -0.006505325 0.002905517 0.716340705
1769782164.262156 1.947185101 0.999801971 1.019845681 -0.697213355 -0.006809519 0.003040867 0.716824889
1769782164.272855 1.946329084 0.999736034 1.021315953 -0.696706507 -0.007083301 0.003162226 0.717314345
1769782164.283544 1.945436184 0.999677528 1.022842292 -0.696185154 -0.007431712 0.003328028 0.717816081
1769782164.294176 1.944559316 0.999615756 1.024451464 -0.695613743 -0.007751573 0.003511110 0.718365580
1769782164.304721 1.943695137 0.999570243 1.026073131 -0.695066090 -0.008087844 0.003752024 0.718890562
1769782164.315256 1.942844832 0.999532523 1.027701802 -0.694545104 -0.008450579 0.004027058 0.719388260
1769782164.325953 1.942015336 0.999497475 1.029327813 -0.694067306 -0.008869179 0.004302367 0.719842623
1769782164.336862 1.941149895 0.999443976 1.031070976 -0.693600445 -0.009324553 0.004635399 0.720284658
1769782164.347576 1.940307775 0.999391261 1.032850229 -0.693100773 -0.009807903 0.004944938 0.720757013
1769782164.358208 1.939486281 0.999341058 1.034625655 -0.692624248 -0.010309166 0.005269355 0.721205661
1769782164.368788 1.938666223 0.999299248 1.036426502 -0.692172880 -0.010851191 0.005574989 0.721628627
1769782164.379431 1.937822149 0.999274810 1.038240837 -0.691757156 -0.011441711 0.005927247 0.722015230
1769782164.390007 1.936984419 0.999234319 1.040061804 -0.691391686 -0.012026528 0.006311227 0.722352454
1769782164.400596 1.936165623 0.999183541 1.041945007 -0.690998899 -0.012620860 0.006671032 0.722714835
1769782164.411259 1.935275442 0.999147279 1.043948965 -0.690575540 -0.013281605 0.007071035 0.723103743
1769782164.422032 1.934387669 0.999122935 1.045915778 -0.690199840 -0.013916720 0.007516615 0.723445925
1769782164.432690 1.933425895 0.999100850 1.047953829 -0.689865114 -0.014640390 0.008018629 0.723745456
1769782164.443283 1.932492217 0.999077686 1.049956054 -0.689561268 -0.015316496 0.008539030 0.724015019
1769782164.454146 1.931572852 0.999053509 1.052061804 -0.689210407 -0.015990135 0.009026479 0.724328554
1769782164.464688 1.930614375 0.999020744 1.054291584 -0.688856320 -0.016667507 0.009528682 0.724643615
1769782164.475201 1.929697261 0.999013600 1.056393906 -0.688558176 -0.017290690 0.010049270 0.724905292
1769782164.485761 1.928727662 0.999008877 1.058558887 -0.688315639 -0.017995413 0.010566962 0.725111085
1769782164.496299 1.927778702 0.998985819 1.060808633 -0.688022120 -0.018660201 0.011040923 0.725365741
1769782164.506810 1.926791562 0.998961917 1.063088412 -0.687698044 -0.019291753 0.011545358 0.725648629
1769782164.517494 1.925762024 0.998955239 1.065378635 -0.687423858 -0.019970113 0.012071728 0.725881469
1769782164.528238 1.924641675 0.998968650 1.067764944 -0.687187041 -0.020734681 0.012633608 0.726074677
1769782164.538755 1.923551475 0.998965348 1.070066523 -0.687013353 -0.021449229 0.013188775 0.726208400
1769782164.549525 1.922439911 0.998956581 1.072514894 -0.686750299 -0.022142657 0.013711939 0.726426674
1769782164.560189 1.921314729 0.998960504 1.075014558 -0.686499057 -0.022800995 0.014229760 0.726633795
1769782164.570795 1.920250647 0.998972995 1.077411611 -0.686334785 -0.023369409 0.014707793 0.726761388
1769782164.581258 1.919062815 0.998999278 1.079913208 -0.686127383 -0.024015231 0.015256358 0.726924843
1769782164.591761 1.917846068 0.999002161 1.082427756 -0.685924995 -0.024621315 0.015831841 0.727083245
1769782164.602355 1.916605111 0.999003544 1.084959003 -0.685726613 -0.025218080 0.016373782 0.727237898
1769782164.613000 1.915302565 0.999024284 1.087510821 -0.685618943 -0.025799531 0.016966721 0.727305424
1769782164.623576 1.914061596 0.999041601 1.090018877 -0.685565308 -0.026284347 0.017535654 0.727325129
1769782164.634076 1.912794231 0.999055447 1.092619253 -0.685439042 -0.026693389 0.018115959 0.727415008
1769782164.644546 1.911463320 0.999066557 1.095232736 -0.685288265 -0.027111292 0.018693319 0.727526997
1769782164.655116 1.910086549 0.999102998 1.097791420 -0.685247839 -0.027537646 0.019290562 0.727533471
1769782164.665730 1.908695724 0.999142668 1.100357634 -0.685261541 -0.027932356 0.019878387 0.727489693
1769782164.676665 1.907281778 0.999165628 1.103112739 -0.685187265 -0.028272425 0.020405328 0.727531927
1769782164.687238 1.905854770 0.999197799 1.105827594 -0.685083034 -0.028567849 0.020905575 0.727604337
1769782164.697803 1.904353971 0.999249281 1.108482153 -0.685098910 -0.028865583 0.021465848 0.727561323
1769782164.708436 1.902827844 0.999293834 1.111114874 -0.685182213 -0.029134394 0.022025149 0.727455438
1769782164.718991 1.901374149 0.999313705 1.113706473 -0.685219900 -0.029314019 0.022482245 0.727398739
1769782164.729717 1.899817112 0.999337188 1.116490801 -0.685211139 -0.029466690 0.022948600 0.727386260
1769782164.740318 1.898243056 0.999386739 1.119103319 -0.685367384 -0.029566933 0.023449754 0.727218986
1769782164.751022 1.896657301 0.999435809 1.121689976 -0.685534397 -0.029588816 0.023975637 0.727043507
1769782164.761681 1.895031521 0.999475270 1.124416882 -0.685696482 -0.029533829 0.024454852 0.726876913
1769782164.772292 1.893494706 0.999514192 1.127027628 -0.685846730 -0.029398173 0.024860219 0.726726895
1769782164.782849 1.891846505 0.999566264 1.129722621 -0.685918930 -0.029253757 0.025302861 0.726649300
1769782164.793576 1.890172510 0.999624628 1.132347975 -0.686141020 -0.029007079 0.025751701 0.726433714
1769782164.804240 1.888521113 0.999670880 1.134944830 -0.686445225 -0.028685531 0.026143897 0.726145020
1769782164.814843 1.886889608 0.999704276 1.137527078 -0.686654638 -0.028310322 0.026477768 0.725949627
1769782164.825409 1.885218134 0.999736718 1.140137931 -0.686849422 -0.027906853 0.026794861 0.725769326
1769782164.836007 1.883535605 0.999791029 1.142694020 -0.687147291 -0.027392079 0.027109354 0.725495250
1769782164.846519 1.881886830 0.999865931 1.145227866 -0.687419370 -0.026710076 0.027420032 0.725251214
1769782164.857119 1.880226776 0.999932976 1.147692539 -0.687691625 -0.025954138 0.027786843 0.725006554
1769782164.867726 1.878494791 0.999976392 1.150243808 -0.687987648 -0.025139751 0.028116728 0.724741635
1769782164.878241 1.876799243 0.999977146 1.152831545 -0.688160377 -0.024431179 0.028224207 0.724597687
1769782164.888788 1.875195211 0.999969024 1.155306399 -0.688520340 -0.023799772 0.027999176 0.724285412
1769782164.899293 1.873485669 1.000039367 1.157624967 -0.689015167 -0.023332785 0.027615556 0.723844639
1769782164.909834 1.871765408 1.000241172 1.159709873 -0.689449091 -0.022892088 0.027182810 0.723461815
1769782164.920450 1.870078390 1.000621681 1.161502623 -0.689886803 -0.022437187 0.026668071 0.723077856
1769782164.931063 1.868366937 1.001176845 1.163007980 -0.690458317 -0.022012945 0.026106943 0.722565685
1769782164.941586 1.866596978 1.001822148 1.164238229 -0.691364174 -0.021618689 0.025587530 0.721729512
1769782164.952327 1.864826605 1.002467570 1.165248676 -0.692644346 -0.021269162 0.025100980 0.720528537
1769782164.962882 1.862991241 1.003113046 1.166195245 -0.694149508 -0.020919376 0.024631175 0.719105101
1769782164.973415 1.861285111 1.003727924 1.167110655 -0.695635695 -0.020505483 0.024150604 0.717695794
1769782164.984264 1.859437670 1.004349330 1.168054263 -0.697193378 -0.020173723 0.023743521 0.716205738
1769782164.994991 1.857532585 1.004970028 1.168987732 -0.698819700 -0.019822135 0.023303384 0.714643311
1769782165.005491 1.855715101 1.005523306 1.169895110 -0.700325058 -0.019482708 0.022890944 0.713190888
1769782165.016260 1.853930735 1.006087946 1.170795960 -0.701882804 -0.019100235 0.022418346 0.711683306
1769782165.026755 1.852100215 1.006630325 1.171754437 -0.703266481 -0.018809581 0.021981488 0.710337435
1769782165.037344 1.850236130 1.007160616 1.172780293 -0.704544724 -0.018535584 0.021557885 0.709089854
1769782165.047953 1.848400780 1.007658963 1.173790218 -0.705758961 -0.018276823 0.021132129 0.707900897
1769782165.058743 1.846584025 1.008144028 1.174850309 0.706869439 0.017973915 -0.020666177 -0.706813585
1769782165.069482 1.844745863 1.008613199 1.175920174 0.707972197 0.017683409 -0.020196944 -0.705729941
1769782165.080113 1.842887074 1.009051708 1.176988878 0.708940055 0.017511050 -0.019793147 -0.704773434
1769782165.090754 1.841035789 1.009470743 1.178103574 0.709793014 0.017310901 -0.019388940 -0.703930592
1769782165.101552 1.839184100 1.009903247 1.179290030 0.710631060 0.017050882 -0.018936689 -0.703103240
1769782165.112218 1.837414405 1.010301817 1.180422564 0.711357877 0.016820542 -0.018503776 -0.702384973
1769782165.122892 1.835614914 1.010663566 1.181565470 0.712004237 0.016618847 -0.018123190 -0.701744491
1769782165.133565 1.833729476 1.011011144 1.182739185 0.712657082 0.016459955 -0.017773594 -0.701094183
1769782165.144192 1.831920794 1.011348179 1.183856461 0.713298474 0.016286140 -0.017392435 -0.700455246
1769782165.154993 1.830177712 1.011681047 1.185013906 0.713877354 0.016059519 -0.016953970 -0.699881260
1769782165.165663 1.828357861 1.011994892 1.186217507 0.714410786 0.015890981 -0.016552814 -0.699350206
1769782165.176228 1.826557104 1.012276678 1.187376914 0.714867072 0.015793934 -0.016218840 -0.698893819
1769782165.186903 1.824786249 1.012540427 1.188475086 0.715379280 0.015665491 -0.015865306 -0.698380534
1769782165.197703 1.823009702 1.012800571 1.189614424 0.715862682 0.015505996 -0.015473850 -0.697897374
1769782165.208333 1.821339951 1.013038292 1.190711680 0.716318168 0.015329184 -0.015057875 -0.697442871
1769782165.219195 1.819553919 1.013263970 1.191822397 0.716794502 0.015200257 -0.014687353 -0.696964042
1769782165.230110 1.817699142 1.013471912 1.192956126 0.717229429 0.015116846 -0.014363927 -0.696525021
1769782165.240602 1.815974326 1.013667135 1.194051248 0.717576104 0.014994761 -0.014057143 -0.696176765
1769782165.251450 1.814330332 1.013852687 1.195136122 0.717923121 0.014800714 -0.013689249 -0.695830392
1769782165.262145 1.812649856 1.014014507 1.196200568 0.718283151 0.014631738 -0.013320617 -0.695469473
1769782165.272718 1.810961210 1.014147944 1.197207588 0.718637101 0.014497925 -0.013030277 -0.695112033
1769782165.283827 1.809167594 1.014273519 1.198276360 0.718942906 0.014389561 -0.012785031 -0.694802548
1769782165.294554 1.807431750 1.014388564 1.199327841 0.719225336 0.014233776 -0.012515496 -0.694518306
1769782165.305216 1.805860091 1.014498414 1.200329731 0.719494935 0.014008731 -0.012191049 -0.694249359
1769782165.315972 1.804276546 1.014589321 1.201325853 0.719724247 0.013825386 -0.011881311 -0.694020678
1769782165.326566 1.802587522 1.014656778 1.202338989 0.719915491 0.013699779 -0.011649176 -0.693828724
1769782165.337172 1.800932985 1.014705924 1.203303123 0.720094014 0.013581774 -0.011430126 -0.693649407
1769782165.347739 1.799346604 1.014737733 1.204233348 0.720244753 0.013445871 -0.011188801 -0.693499471
1769782165.358795 1.797787296 1.014772106 1.205173759 0.720394036 0.013251356 -0.010895621 -0.693352810
1769782165.369781 1.796232473 1.014794325 1.206105212 0.720539262 0.013048568 -0.010582225 -0.693210591
1769782165.380565 1.794578255 1.014783268 1.207041381 0.720627266 0.012934785 -0.010383299 -0.693124247
1769782165.391201 1.793009856 1.014761179 1.207911070 0.720711172 0.012817452 -0.010172061 -0.693042314
1769782165.401728 1.791502730 1.014728451 1.208773091 0.720736405 0.012680182 -0.009960547 -0.693021670
1769782165.412435 1.789999470 1.014697252 1.209658363 0.720714423 0.012506008 -0.009741700 -0.693050806
1769782165.423137 1.788626165 1.014663817 1.210477342 0.720697609 0.012266093 -0.009496737 -0.693075978
1769782165.433769 1.787120361 1.014587723 1.211295108 0.720638371 0.012127368 -0.009343718 -0.693142093
1769782165.444736 1.785569167 1.014488992 1.212095157 0.720589731 0.012009562 -0.009189337 -0.693196773
1769782165.455611 1.784076784 1.014387881 1.212872179 0.720514911 0.011890567 -0.009007065 -0.693278984
1769782165.466549 1.782635942 1.014282255 1.213626367 0.720416939 0.011756454 -0.008807262 -0.693385644
1769782165.477340 1.781233135 1.014168636 1.214382243 0.720293086 0.011585347 -0.008566496 -0.693520198
1769782165.488107 1.779864522 1.014040906 1.215089033 0.720166148 0.011413056 -0.008340907 -0.693657618
1769782165.498727 1.778432651 1.013888360 1.215785791 0.719999767 0.011307554 -0.008197475 -0.693833753
1769782165.509329 1.777045354 1.013727357 1.216434816 0.719828590 0.011201268 -0.008074411 -0.694014507
1769782165.520133 1.775709315 1.013564788 1.217069440 0.719644356 0.011040062 -0.007931286 -0.694209775
1769782165.531084 1.774343731 1.013384166 1.217732137 0.719390767 0.010881081 -0.007805907 -0.694476489
1769782165.541610 1.773095001 1.013211468 1.218335992 0.719151933 0.010655716 -0.007607837 -0.694729497
1769782165.552258 1.771829310 1.013018244 1.218884633 0.718915653 0.010489430 -0.007470878 -0.694978015
1769782165.562978 1.770498369 1.012805993 1.219403839 0.718659316 0.010363578 -0.007374847 -0.695245996
1769782165.573628 1.769219528 1.012604780 1.219862416 0.718416185 0.010228437 -0.007284694 -0.695500178
1769782165.584400 1.767913779 1.012404148 1.220303987 0.718142513 0.010094434 -0.007220257 -0.695785385
1769782165.595222 1.766648501 1.012215515 1.220688403 0.717890094 0.009915617 -0.007098125 -0.696049646
1769782165.606012 1.765494369 1.012050367 1.221012271 0.717663642 0.009694108 -0.006928274 -0.696287958
1769782165.616704 1.764256853 1.011870994 1.221292189 0.717431956 0.009547377 -0.006818989 -0.696529782
1769782165.627619 1.762967909 1.011679905 1.221512452 0.717210401 0.009445290 -0.006757605 -0.696759903
1769782165.638191 1.761749662 1.011503622 1.221680491 0.717013077 0.009329599 -0.006692937 -0.696965143
1769782165.648849 1.760552617 1.011338197 1.221795296 0.716829706 0.009190872 -0.006609192 -0.697156381
1769782165.659488 1.759379306 1.011178075 1.221862297 0.716649794 0.009044206 -0.006500773 -0.697344258
1769782165.670075 1.758315882 1.011046225 1.221883866 0.716483263 0.008825317 -0.006354193 -0.697519513
1769782165.681041 1.757139015 1.010889841 1.221847933 0.716318631 0.008684104 -0.006255856 -0.697691242
1769782165.691678 1.755970755 1.010733580 1.221761311 0.716167201 0.008576545 -0.006174943 -0.697848732
1769782165.702208 1.754819135 1.010580318 1.221623851 0.716031886 0.008483439 -0.006094199 -0.697989420
1769782165.712825 1.753701661 1.010431152 1.221443988 0.715922123 0.008376776 -0.006004266 -0.698104070
1769782165.723541 1.752609268 1.010298763 1.221206064 0.715847674 0.008236601 -0.005887369 -0.698183074
1769782165.734547 1.751519126 1.010165697 1.220910838 0.715796459 0.008058181 -0.005737502 -0.698238911
1769782165.745398 1.750503107 1.010047928 1.220574204 0.715779478 0.007847530 -0.005549416 -0.698260238
1769782165.756122 1.749416384 1.009913432 1.220198641 0.715763589 0.007692153 -0.005424735 -0.698279234
1769782165.766725 1.748345082 1.009785930 1.219776681 0.715775666 0.007557186 -0.005312447 -0.698269191
1769782165.777356 1.747286733 1.009654453 1.219328875 0.715772733 0.007438701 -0.005195768 -0.698274347
1769782165.787929 1.746288791 1.009543216 1.218845411 0.715746451 0.007287540 -0.005075369 -0.698303767
1769782165.798441 1.745303328 1.009429078 1.218308523 0.715699576 0.007146308 -0.004941929 -0.698354226
1769782165.808950 1.744378323 1.009325439 1.217727821 0.715642643 0.006988508 -0.004783928 -0.698415265
1769782165.819566 1.743479581 1.009227661 1.217113597 0.715572762 0.006824077 -0.004623133 -0.698489571
1769782165.830039 1.742514412 1.009106566 1.216465532 0.715453485 0.006765767 -0.004554490 -0.698612763
1769782165.840695 1.741524377 1.008988347 1.215775060 0.715289170 0.006704405 -0.004517443 -0.698781831
1769782165.851448 1.740552448 1.008872215 1.215042081 0.715116382 0.006649501 -0.004480794 -0.698959417
1769782165.862027 1.739616887 1.008763526 1.214282735 0.714922924 0.006602184 -0.004468259 -0.699157821
1769782165.873672 1.738724645 1.008664374 1.213506321 0.714718047 0.006529068 -0.004421900 -0.699368237
1769782165.885108 1.737814088 1.008566107 1.212619306 0.714560657 0.006475642 -0.004349344 -0.699529997
1769782165.896874 1.737010441 1.008479394 1.211746447 0.714430518 0.006382013 -0.004239004 -0.699664445
1769782165.908229 1.735856375 1.008353384 1.210511059 0.714240694 0.006322394 -0.004163898 -0.699859214
1769782165.920046 1.734960704 1.008235198 1.209521798 0.714083921 0.006294154 -0.004125211 -0.700019657
1769782165.930742 1.733955253 1.008108500 1.208353993 0.713927306 0.006282957 -0.004118120 -0.700179525
1769782165.941420 1.733128932 1.008009131 1.207306105 0.713764884 0.006227807 -0.004102572 -0.700345682
1769782165.952142 1.732340970 1.007915006 1.206230909 0.713605228 0.006141530 -0.004076270 -0.700509275
1769782165.962912 1.731545222 1.007816063 1.205094523 0.713431082 0.006070608 -0.004039628 -0.700687463
1769782165.973429 1.730843803 1.007739010 1.203963831 0.713289763 0.005964968 -0.003967434 -0.700832642
1769782165.984107 1.730076628 1.007652589 1.202765282 0.713158813 0.005921909 -0.003926052 -0.700966493
1769782165.994736 1.729297873 1.007552830 1.201535417 0.713000650 0.005899699 -0.003915416 -0.701127618
1769782166.005208 1.728522789 1.007461506 1.200278128 0.712868258 0.005913258 -0.003908789 -0.701262149
1769782166.018303 1.727925980 1.007390500 1.199249807 0.712778976 0.005928134 -0.003901182 -0.701352814
1769782166.029519 1.727215027 1.007310186 1.197926924 0.712648529 0.005901671 -0.003888546 -0.701485654
1769782166.041559 1.726199567 1.007190568 1.195895057 0.712477175 0.005847010 -0.003860026 -0.701660308
1769782166.052704 1.725406003 1.007097168 1.194193274 0.712332269 0.005778456 -0.003825177 -0.701808176
1769782166.063274 1.724797300 1.007025158 1.192761142 0.712207522 0.005702989 -0.003764174 -0.701935718
1769782166.073942 1.724174070 1.006947096 1.191307418 0.712097946 0.005663335 -0.003714992 -0.702047463
1769782166.084580 1.723515906 1.006863078 1.189789202 0.712002275 0.005669011 -0.003685058 -0.702144603
1769782166.095215 1.722872590 1.006787333 1.188243759 0.711916248 0.005669499 -0.003664174 -0.702231932
1769782166.105764 1.722241228 1.006715568 1.186642301 0.711846695 0.005679683 -0.003662141 -0.702302366
1769782166.116489 1.721649523 1.006647240 1.185033719 0.711766841 0.005662278 -0.003645928 -0.702383520
1769782166.127143 1.721083024 1.006584800 1.183425369 0.711661136 0.005634184 -0.003628836 -0.702490936
1769782166.137744 1.720516863 1.006513791 1.181792543 0.711568645 0.005598880 -0.003625498 -0.702584921
1769782166.148709 1.719984968 1.006441664 1.180122348 0.711447782 0.005541911 -0.003596304 -0.702707910
1769782166.159457 1.719505171 1.006389717 1.178406621 0.711353379 0.005493873 -0.003509890 -0.702804289
1769782166.170207 1.719028998 1.006332812 1.176684374 0.711272293 0.005443244 -0.003438823 -0.702887097
1769782166.180762 1.718509232 1.006273707 1.174880771 0.711242389 0.005479619 -0.003396518 -0.702917280
1769782166.191821 1.717981519 1.006201577 1.173051885 0.711176836 0.005484353 -0.003403189 -0.702983534
1769782166.202618 1.717459749 1.006131225 1.171170438 0.711123975 0.005493682 -0.003407479 -0.703036912
1769782166.213252 1.716996303 1.006072972 1.169318253 0.711069985 0.005491339 -0.003390732 -0.703091619
1769782166.223973 1.716574254 1.006005792 1.167512591 0.710994661 0.005449610 -0.003372765 -0.703168201
1769782166.234546 1.716158323 1.005949777 1.165636688 0.710939372 0.005414264 -0.003354632 -0.703224461
1769782166.245060 1.715748056 1.005893742 1.163823379 0.710821223 0.005384151 -0.003376199 -0.703344013
1769782166.255726 1.715349661 1.005856467 1.161922839 0.710735288 0.005374041 -0.003375039 -0.703430935
1769782166.266300 1.714988908 1.005814045 1.159975880 0.710695800 0.005334854 -0.003332678 -0.703471330
1769782166.277053 1.714659540 1.005774229 1.157952637 0.710705382 0.005277525 -0.003245998 -0.703462487
1769782166.287737 1.714303135 1.005711736 1.156006311 0.710672668 0.005275643 -0.003223455 -0.703495654
1769782166.298138 1.713959306 1.005650485 1.154059538 0.710621677 0.005293597 -0.003190523 -0.703547177
1769782166.309012 1.713600593 1.005591085 1.152050479 0.710546235 0.005333711 -0.003198503 -0.703623031
1769782166.319920 1.713259775 1.005536533 1.150003790 0.710473424 0.005356805 -0.003220015 -0.703696277
1769782166.330899 1.712950462 1.005499348 1.147808587 0.710513109 0.005360846 -0.003180686 -0.703656356
1769782166.341686 1.712667911 1.005457215 1.145699706 0.710490888 0.005330069 -0.003155651 -0.703679139
1769782166.352664 1.712404971 1.005416538 1.143631550 0.710448059 0.005308615 -0.003141452 -0.703722606
1769782166.363386 1.712153424 1.005367265 1.141523712 0.710368059 0.005298168 -0.003142814 -0.703803433
1769782166.374065 1.711936760 1.005326711 1.139544015 0.710279192 0.005292121 -0.003149835 -0.703893132
1769782166.384659 1.711723655 1.005290312 1.137403261 0.710235458 0.005298970 -0.003126919 -0.703937311
1769782166.395311 1.711528271 1.005266837 1.135218854 0.710258304 0.005282833 -0.003083449 -0.703914573
1769782166.405858 1.711364897 1.005240680 1.133122931 0.710259519 0.005249360 -0.003044448 -0.703913767
1769782166.416390 1.711226575 1.005207527 1.130984232 0.710255558 0.005191225 -0.002989112 -0.703918432
1769782166.427056 1.711059563 1.005158659 1.128849491 0.710221903 0.005188883 -0.002992399 -0.703952391
1769782166.437554 1.710884656 1.005104129 1.126728152 0.710180892 0.005222509 -0.003021222 -0.703993394
1769782166.448102 1.710725835 1.005072933 1.124610771 0.710142238 0.005247325 -0.003032963 -0.704032150
1769782166.459235 1.710564368 1.005047137 1.122336429 0.710103805 0.005293404 -0.003061965 -0.704070444
1769782166.469949 1.710440623 1.005008176 1.120188405 0.710061281 0.005295583 -0.003096980 -0.704113161
1769782166.480655 1.710361785 1.004966150 1.118001202 0.710054369 0.005291256 -0.003088230 -0.704120202
1769782166.491236 1.710270803 1.004918315 1.115831812 0.709986825 0.005295013 -0.003145444 -0.704188027
1769782166.501795 1.710213142 1.004891820 1.113671051 0.709927720 0.005307209 -0.003162181 -0.704247447
1769782166.512279 1.710158224 1.004874328 1.111464032 0.709935383 0.005326356 -0.003151384 -0.704239626
1769782166.522901 1.710129805 1.004850902 1.109303628 0.709935917 0.005316378 -0.003139779 -0.704239215
1769782166.533334 1.710112909 1.004812532 1.107067032 0.709975716 0.005338496 -0.003110370 -0.704199054
1769782166.544012 1.710123280 1.004771380 1.104870597 0.709944232 0.005329211 -0.003104344 -0.704230893
1769782166.554567 1.710123217 1.004750428 1.102762078 0.709886818 0.005341506 -0.003137661 -0.704288527
1769782166.565413 1.710137268 1.004739860 1.100492523 0.709861081 0.005343248 -0.003153459 -0.704314384
1769782166.575867 1.710172432 1.004727624 1.098342453 0.709871390 0.005352289 -0.003141333 -0.704303979
1769782166.586468 1.710214228 1.004692514 1.096143665 0.709887355 0.005382657 -0.003117710 -0.704287761
1769782166.597063 1.710284094 1.004654339 1.093942302 0.709873098 0.005407397 -0.003075177 -0.704302129
1769782166.607565 1.710362986 1.004629419 1.091817053 0.709854094 0.005429532 -0.003053257 -0.704321207
1769782166.618410 1.710444463 1.004609465 1.089637027 0.709836228 0.005461655 -0.003044869 -0.704339001
1769782166.629133 1.710556690 1.004596199 1.087340772 0.709892492 0.005474960 -0.002997145 -0.704282395
1769782166.639706 1.710670741 1.004572362 1.085159880 0.709902700 0.005461028 -0.002992849 -0.704272232
1769782166.650496 1.710797278 1.004532317 1.082940484 0.709921712 0.005496798 -0.002950791 -0.704252967
1769782166.661119 1.710932467 1.004496627 1.080770908 0.709929708 0.005522745 -0.002919179 -0.704244834
1769782166.671771 1.711076895 1.004481415 1.078658463 0.709908334 0.005524211 -0.002920985 -0.704266361
1769782166.682817 1.711240133 1.004468954 1.076381889 0.709934407 0.005548840 -0.002913631 -0.704239916
1769782166.693581 1.711405592 1.004446456 1.074219282 0.709935475 0.005545619 -0.002945913 -0.704238730
1769782166.704566 1.711595980 1.004409839 1.071958686 0.709940625 0.005547982 -0.002969944 -0.704233418
1769782166.715100 1.711802720 1.004376498 1.069878887 0.709926529 0.005543497 -0.002972709 -0.704247653
1769782166.725714 1.712016513 1.004359408 1.067835645 0.709907299 0.005536080 -0.002991415 -0.704267016
1769782166.736431 1.712258768 1.004338630 1.065639401 0.709967716 0.005523371 -0.002963720 -0.704206327
1769782166.747131 1.712486394 1.004314872 1.063514492 0.710000189 0.005513867 -0.002981248 -0.704173587
1769782166.757969 1.712726895 1.004283434 1.061373249 0.710003859 0.005535319 -0.003016265 -0.704169569
1769782166.768671 1.712988691 1.004246954 1.059293642 0.709974411 0.005543430 -0.003050847 -0.704199047
1769782166.779292 1.713263838 1.004218346 1.057246789 0.710010040 0.005539387 -0.003028735 -0.704163252
1769782166.790049 1.713540874 1.004190096 1.055174955 0.710046810 0.005546881 -0.003007094 -0.704126208
1769782166.800704 1.713829172 1.004161609 1.053083774 0.710093165 0.005539868 -0.002992311 -0.704079579
1769782166.811286 1.714127728 1.004132695 1.051036419 0.710128994 0.005530080 -0.002991291 -0.704043523
1769782166.822047 1.714432162 1.004103323 1.049076228 0.710102141 0.005505004 -0.003041698 -0.704070587
1769782166.832588 1.714762959 1.004067886 1.047081523 0.710108250 0.005516742 -0.003069058 -0.704064216
1769782166.843170 1.715093018 1.004040816 1.045132433 0.710091183 0.005524273 -0.003118637 -0.704081152
1769782166.853900 1.715431548 1.004016764 1.043153924 0.710137171 0.005531010 -0.003115782 -0.704034728
1769782166.864465 1.715796164 1.003982280 1.041144297 0.710191478 0.005524574 -0.003092051 -0.703980101
1769782166.875011 1.716167437 1.003950021 1.039252717 0.710217732 0.005516072 -0.003078303 -0.703953742
1769782166.885751 1.716565883 1.003910297 1.037346117 0.710229359 0.005517638 -0.003064676 -0.703942058
1769782166.896481 1.716960317 1.003883221 1.035449266 0.710237809 0.005514930 -0.003080765 -0.703933483
1769782166.907215 1.717359763 1.003850736 1.033527179 0.710275087 0.005538618 -0.003083145 -0.703895673
1769782166.918028 1.717793993 1.003826735 1.031629835 0.710308971 0.005527425 -0.003087066 -0.703861551
1769782166.928640 1.718250226 1.003796072 1.029739248 0.710360211 0.005521302 -0.003051714 -0.703810041
1769782166.939452 1.718715874 1.003756089 1.027918928 0.710375644 0.005488913 -0.003034104 -0.703794793
1769782166.950244 1.719199781 1.003728885 1.026117920 0.710390574 0.005473537 -0.002988309 -0.703780038
1769782166.960944 1.719691960 1.003701231 1.024336335 0.710401821 0.005459818 -0.002954961 -0.703768933
1769782166.971635 1.720181867 1.003691352 1.022590242 0.710417181 0.005412536 -0.002932793 -0.703753886
1769782166.982413 1.720690686 1.003658126 1.020809441 0.710474881 0.005362353 -0.002909444 -0.703696116
1769782166.993110 1.721197983 1.003627576 1.019085442 0.710500753 0.005316417 -0.002914837 -0.703670320
1769782167.003721 1.721708207 1.003584281 1.017390975 0.710511584 0.005300711 -0.002935303 -0.703659417
1769782167.014542 1.722243453 1.003548385 1.015733905 0.710514891 0.005265356 -0.002931546 -0.703656359
1769782167.025167 1.722755591 1.003518002 1.014134691 0.710518825 0.005247319 -0.002965327 -0.703652380
1769782167.035763 1.723299593 1.003479135 1.012497780 0.710558538 0.005233342 -0.002947675 -0.703612456
1769782167.046518 1.723852047 1.003439528 1.010865075 0.710594524 0.005219563 -0.002950655 -0.703576202
1769782167.057334 1.724405056 1.003397931 1.009264255 0.710629050 0.005214335 -0.002941930 -0.703541405
1769782167.067955 1.724970464 1.003349857 1.007701885 0.710665380 0.005200559 -0.002943254 -0.703504803
1769782167.078448 1.725543628 1.003305659 1.006195285 0.710694193 0.005178113 -0.002929598 -0.703475919
1769782167.089253 1.726130579 1.003257842 1.004721024 0.710703150 0.005174187 -0.002893780 -0.703467047
1769782167.099819 1.726706160 1.003221147 1.003283582 0.710701165 0.005190961 -0.002889145 -0.703468948
1769782167.110540 1.727291232 1.003173681 1.001827471 0.710730594 0.005187416 -0.002907469 -0.703439166
1769782167.121142 1.727890594 1.003136125 1.000412449 0.710756654 0.005092829 -0.002998989 -0.703413141
1769782167.131741 1.728556914 1.003088639 0.998960672 0.710819241 0.004964728 -0.003025149 -0.703350700
1769782167.142337 1.729217659 1.003046195 0.997586482 0.710852640 0.005006824 -0.002886313 -0.703317229
1769782167.153008 1.729882858 1.003009704 0.996262373 0.710885041 0.005381666 -0.002364998 -0.703283658
1769782167.163680 1.730560971 1.002966022 0.994951891 0.710897041 0.006313018 -0.001316456 -0.703266528
1769782167.174317 1.731216195 1.002933833 0.993725545 0.710878453 0.007894352 0.000329500 -0.703270500
1769782167.185017 1.731909971 1.002889512 0.992476715 0.710871545 0.010196716 0.002732255 -0.703242638
1769782167.195817 1.732609946 1.002850054 0.991249856 0.710837513 0.012874611 0.005469332 -0.703217151
1769782167.206369 1.733294018 1.002799019 0.990039423 0.710823262 0.015485550 0.008121924 -0.703153271
1769782167.217236 1.733989797 1.002743123 0.988848529 0.710797892 0.017954165 0.010586627 -0.703087426
1769782167.227945 1.734698830 1.002686709 0.987676208 0.710781327 0.020314093 0.012952268 -0.703000342
1769782167.238577 1.735367843 1.002624514 0.986589909 0.710714619 0.022672928 0.015199886 -0.702950661
1769782167.249461 1.736086453 1.002576017 0.985524736 0.710663557 0.024902651 0.017424413 -0.702875207
1769782167.260341 1.736900084 1.002533850 0.984419107 0.710595339 0.027218246 0.019797030 -0.702795496
1769782167.270950 1.737656792 1.002500216 0.983465638 0.710505101 0.029282671 0.021911964 -0.702740986
1769782167.281581 1.738463744 1.002465768 0.982496246 0.710435294 0.031290202 0.024051403 -0.702655069
1769782167.292286 1.739241236 1.002417776 0.981560230 0.710361082 0.033263392 0.026087252 -0.702566819
1769782167.303223 1.740038190 1.002376079 0.980636433 0.710278416 0.035229395 0.028112122 -0.702476455
1769782167.314068 1.740867203 1.002327345 0.979722694 0.710198428 0.037157672 0.030101009 -0.702375561
1769782167.324731 1.741648555 1.002287406 0.978904727 0.710104641 0.038939633 0.031917118 -0.702293672
1769782167.335203 1.742459394 1.002235141 0.978061575 0.710045360 0.040671268 0.033696381 -0.702172335
1769782167.345856 1.743233724 1.002174574 0.977278997 0.709956248 0.042397902 0.035350057 -0.702078996
1769782167.356537 1.744052455 1.002134967 0.976522164 0.709875117 0.044020034 0.036976445 -0.701977420
1769782167.367124 1.744919625 1.002087874 0.975803622 0.709790590 0.045540110 0.038582633 -0.701879475
1769782167.377744 1.745796281 1.002056949 0.975123659 0.709710622 0.046961524 0.040115889 -0.701780709
1769782167.388364 1.746675636 1.002019134 0.974477260 0.709631766 0.048309603 0.041586306 -0.701683346
1769782167.399074 1.747553796 1.001985113 0.973886852 0.709534372 0.049596719 0.042987963 -0.701607565
1769782167.409564 1.748446337 1.001950030 0.973307252 0.709447327 0.050836298 0.044333296 -0.701523143
1769782167.420618 1.749341379 1.001908926 0.972759929 0.709356683 0.052037092 0.045585311 -0.701446517
1769782167.431324 1.750249910 1.001877228 0.972248346 0.709279085 0.053120635 0.046753885 -0.701366845
1769782167.441920 1.751137152 1.001830050 0.971760745 0.709200638 0.054189228 0.047819388 -0.701292584
1769782167.452631 1.752011350 1.001785802 0.971317527 0.709122100 0.055189605 0.048757988 -0.701229359
1769782167.463418 1.752986317 1.001755302 0.970889607 0.709056012 0.056069647 0.049724680 -0.701158486
1769782167.474153 1.753950758 1.001726430 0.970503841 0.708991777 0.056871839 0.050590462 -0.701096897
1769782167.484964 1.754959490 1.001702882 0.970136171 0.708939455 0.057585710 0.051422370 -0.701031008
1769782167.495664 1.755955816 1.001683986 0.969802034 0.708895089 0.058215498 0.052165978 -0.700968915
1769782167.506477 1.756948541 1.001654780 0.969482504 0.708863167 0.058795409 0.052829154 -0.700903125
1769782167.517307 1.757924760 1.001630665 0.969206099 0.708834140 0.059297797 0.053365156 -0.700849551
1769782167.528133 1.758942530 1.001599285 0.968945175 0.708822621 0.059703910 0.053848230 -0.700789771
1769782167.539023 1.759917577 1.001561844 0.968741445 0.708792627 0.060079335 0.054204201 -0.700760580
1769782167.549784 1.760920813 1.001535079 0.968566112 0.708776506 0.060350445 0.054471601 -0.700732854
1769782167.561048 1.762028983 1.001512893 0.968428125 0.708768607 0.060469322 0.054709590 -0.700712055
1769782167.571816 1.763109488 1.001503793 0.968345893 0.708752862 0.060505882 0.054833454 -0.700715143
1769782167.582636 1.764197129 1.001483396 0.968281883 0.708745279 0.060461093 0.054938568 -0.700718445
1769782167.593944 1.765342059 1.001471064 0.968284449 0.708711531 0.060346896 0.054937769 -0.700762485
1769782167.604455 1.766401236 1.001440924 0.968285865 0.708710861 0.060166820 0.054829730 -0.700787108
1769782167.614923 1.767449928 1.001415673 0.968340852 0.708703305 0.059902918 0.054587968 -0.700836229
1769782167.625772 1.768504210 1.001396824 0.968424156 0.708710687 0.059526269 0.054249791 -0.700887114
1769782167.636301 1.769576524 1.001364264 0.968535068 0.708724137 0.059076096 0.053788200 -0.700947175
1769782167.646781 1.770662127 1.001359410 0.968688886 0.708738593 0.058495391 0.053283681 -0.701019790
1769782167.657464 1.771797733 1.001348775 0.968860837 0.708775117 0.057771875 0.052728437 -0.701084842
1769782167.668006 1.772926498 1.001338742 0.969079822 0.708805251 0.056960322 0.052054530 -0.701171137
1769782167.678585 1.774089426 1.001334965 0.969332029 0.708841420 0.056010567 0.051305973 -0.701266252
1769782167.689079 1.775232420 1.001322801 0.969598753 0.708890750 0.054994015 0.050432178 -0.701360220
1769782167.699609 1.776359934 1.001311357 0.969905039 0.708927747 0.053961264 0.049463035 -0.701472052
1769782167.710208 1.777494393 1.001301438 0.970250184 0.708951167 0.052956032 0.048508659 -0.701591627
1769782167.720832 1.778625587 1.001280267 0.970629648 0.708965911 0.052021326 0.047540827 -0.701712896
1769782167.731671 1.779823736 1.001277511 0.971028268 0.708986611 0.051060233 0.046629781 -0.701823697
1769782167.742246 1.781036145 1.001278575 0.971441723 0.709014212 0.050089314 0.045794049 -0.701920803
1769782167.752828 1.782253755 1.001277495 0.971876468 0.709037655 0.049139229 0.044982284 -0.702016762
1769782167.763519 1.783501786 1.001286656 0.972347111 0.709058912 0.048172719 0.044185696 -0.702112863
1769782167.774132 1.784732824 1.001278186 0.972817940 0.709091796 0.047261974 0.043394089 -0.702190917
1769782167.784687 1.785972732 1.001268567 0.973314946 0.709118597 0.046376602 0.042611153 -0.702270828
1769782167.795323 1.787165420 1.001265499 0.973851984 0.709119514 0.045560408 0.041798834 -0.702372139
1769782167.805840 1.788382073 1.001253396 0.974409030 0.709125743 0.044743930 0.041012989 -0.702464659
1769782167.816489 1.789593488 1.001253335 0.975040962 0.709088102 0.043962048 0.040199512 -0.702599033
1769782167.827126 1.790865298 1.001264162 0.975679881 0.709065765 0.043112705 0.039500886 -0.702713822
1769782167.837714 1.792161576 1.001264335 0.976327417 0.709053798 0.042274385 0.038817441 -0.702814908
1769782167.848187 1.793448604 1.001281703 0.977010695 0.709025546 0.041441858 0.038158894 -0.702929047
1769782167.858809 1.794757061 1.001289344 0.977691147 0.709017171 0.040622395 0.037524896 -0.703019456
1769782167.869308 1.796004244 1.001277595 0.978349204 0.709018699 0.039892227 0.036876990 -0.703094007
1769782167.880003 1.797295829 1.001280561 0.979085380 0.708991590 0.039148879 0.036192197 -0.703198702
1769782167.890719 1.798545608 1.001269275 0.979812565 0.708968616 0.038486997 0.035514662 -0.703292941
1769782167.901248 1.799811296 1.001258096 0.980613103 0.708904097 0.037821498 0.034845847 -0.703427525
1769782167.911702 1.801114254 1.001275982 0.981436181 0.708839559 0.037085282 0.034252794 -0.703560877
1769782167.922628 1.802442988 1.001280566 0.982268630 0.708784237 0.036357039 0.033659823 -0.703683229
1769782167.933346 1.803815995 1.001287600 0.983130119 0.708726222 0.035604261 0.033140415 -0.703804797
1769782167.944213 1.805176405 1.001297831 0.983983263 0.708685924 0.034891783 0.032626834 -0.703905046
1769782167.955053 1.806519462 1.001290682 0.984843612 0.708651282 0.034216808 0.032064468 -0.703998892
1769782167.965811 1.807859182 1.001270987 0.985726636 0.708606596 0.033573678 0.031488126 -0.704100843
1769782167.976541 1.809135573 1.001252997 0.986637946 0.708535142 0.032957987 0.030893293 -0.704228179
1769782167.987297 1.810444477 1.001241540 0.987584354 0.708443915 0.032338719 0.030326888 -0.704373272
1769782167.998028 1.811813340 1.001236516 0.988540695 0.708372400 0.031656177 0.029834098 -0.704497236
1769782168.008718 1.813158857 1.001228407 0.989499060 0.708298363 0.031002094 0.029359817 -0.704620678
1769782168.019562 1.814525915 1.001210494 0.990455567 0.708245410 0.030367479 0.028881649 -0.704721297
1769782168.030267 1.815884123 1.001192779 0.991423574 0.708197099 0.029702211 0.028450373 -0.704815738
1769782168.042028 1.816618326 1.001175409 0.991966263 0.708171448 0.029370530 0.028194073 -0.704865708
1769782168.057948 1.817467008 1.001151763 0.992610330 0.708126199 0.029018967 0.027880815 -0.704938186
1769782168.069638 1.818814971 1.001112863 0.993705975 0.708009668 0.028470070 0.027394282 -0.705096674
1769782168.081443 1.820567337 1.001061443 0.995181025 0.707800969 0.027954944 0.026890374 -0.705346168
1769782168.092987 1.822738584 1.001003374 0.996926351 0.707549667 0.027453682 0.026756701 -0.705623017
1769782168.106786 1.825164277 1.000909105 0.998896645 0.707231375 0.027133225 0.026981523 -0.705945867
1769782168.117570 1.826480632 1.000849809 1.000067705 0.706986698 0.026967229 0.027111604 -0.706192281
1769782168.128087 1.827694679 1.000789334 1.001209377 0.706716113 0.026756753 0.027167460 -0.706468924
1769782168.138569 1.828894977 1.000717515 1.002361974 -0.706445526 -0.026581570 -0.027209089 0.706744511
1769782168.149093 1.830117432 1.000646860 1.003534447 -0.706147110 -0.026400239 -0.027325127 0.707044994
1769782168.159682 1.831373357 1.000578706 1.004701372 -0.705878737 -0.026146243 -0.027508720 0.707315243
1769782168.170222 1.832588013 1.000498429 1.005882448 -0.705583056 -0.025865266 -0.027630435 0.707615784
1769782168.180908 1.833852753 1.000416104 1.007129839 -0.705255672 -0.025514433 -0.027789814 0.707948569
1769782168.191879 1.835089322 1.000316609 1.008403357 -0.704916454 -0.025224029 -0.028000716 0.708288430
1769782168.202971 1.836356463 1.000207136 1.009784457 -0.704528298 -0.024926600 -0.028189125 0.708677582
1769782168.213636 1.837516654 1.000107442 1.011094316 -0.704143534 -0.024631250 -0.028314995 0.709065192
1769782168.224404 1.838641136 0.999997716 1.012378940 -0.703778299 -0.024368958 -0.028447790 0.709431450
1769782168.235198 1.839841607 0.999885438 1.013718084 -0.703408969 -0.024026720 -0.028705921 0.709798921
1769782168.246003 1.841046237 0.999760407 1.015101988 -0.703022516 -0.023679363 -0.028980914 0.710182185
1769782168.256793 1.842222073 0.999639677 1.016502538 -0.702620355 -0.023290200 -0.029241306 0.710582261
1769782168.267434 1.843398221 0.999512735 1.017947143 -0.702202072 -0.022892358 -0.029508470 0.710997497
1769782168.278321 1.844542716 0.999381778 1.019399189 -0.701778108 -0.022522371 -0.029767491 0.711416985
1769782168.288977 1.845639265 0.999241930 1.020824996 -0.701362402 -0.022169962 -0.029981874 0.711828884
1769782168.299481 1.846695968 0.999093602 1.022292145 -0.700908160 -0.021822023 -0.030131698 0.712280585
1769782168.310113 1.847765030 0.998946408 1.023815466 -0.700403364 -0.021457627 -0.030303107 0.712780766
1769782168.320778 1.848853281 0.998802643 1.025359571 -0.699894655 -0.021124671 -0.030546905 0.713279823
1769782168.331507 1.849976020 0.998665017 1.026994643 -0.699335594 -0.020772123 -0.030811558 0.713826936
1769782168.342354 1.851074682 0.998523931 1.028575719 -0.698839381 -0.020421923 -0.031106453 0.714310054
1769782168.353005 1.852145460 0.998368572 1.030200373 -0.698338106 -0.019987657 -0.031352500 0.714801654
1769782168.363828 1.853210020 0.998196697 1.031934912 -0.697792280 -0.019506721 -0.031548106 0.715339178
1769782168.374441 1.854217864 0.998028785 1.033619463 -0.697282186 -0.019088569 -0.031784167 0.715837235
1769782168.385144 1.855232749 0.997862149 1.035352939 -0.696781474 -0.018672055 -0.032082110 0.716322322
1769782168.395838 1.856285939 0.997693876 1.037070292 -0.696358923 -0.018200117 -0.032457516 0.716728341
1769782168.406445 1.857350845 0.997513334 1.038823306 -0.695968494 -0.017658111 -0.032877331 0.717101894
1769782168.417023 1.858420601 0.997332171 1.040620422 -0.695555954 -0.017082623 -0.033278558 0.717497482
1769782168.427661 1.859540759 0.997155625 1.042502511 -0.695150102 -0.016450202 -0.033727876 0.717884501
1769782168.438252 1.860622789 0.996994983 1.044275117 -0.694853679 -0.015837244 -0.034204363 0.718162661
1769782168.449270 1.861704176 0.996825613 1.046147644 -0.694547442 -0.015219442 -0.034689404 0.718448929
1769782168.459915 1.862793488 0.996649421 1.048099630 -0.694225267 -0.014617503 -0.035198291 0.718748000
1769782168.470344 1.863817326 0.996477065 1.050022288 -0.693889024 -0.014070287 -0.035653940 0.719061086
1769782168.480891 1.864923558 0.996328595 1.052001817 -0.693547337 -0.013413018 -0.036132770 0.719379319
1769782168.492039 1.866088598 0.996184032 1.053994728 -0.693331598 -0.012655760 -0.036632775 0.719575685
1769782168.502775 1.867250458 0.996036830 1.056069338 -0.693062003 -0.011870566 -0.037077953 0.719825934
1769782168.513939 1.868472875 0.995877828 1.058260210 -0.692757872 -0.011106874 -0.037596409 0.720103936
1769782168.524465 1.869603542 0.995735468 1.060328932 -0.692512317 -0.010417682 -0.038085053 0.720324713
1769782168.535310 1.870775137 0.995620961 1.062495456 -0.692270446 -0.009633600 -0.038515167 0.720545214
1769782168.546051 1.871887417 0.995485246 1.064610790 -0.692071612 -0.008951632 -0.038935232 0.720722416
1769782168.556601 1.873063086 0.995345677 1.066803160 -0.691841721 -0.008282075 -0.039436675 0.720923844
1769782168.567186 1.874277865 0.995229657 1.069048062 -0.691599041 -0.007595004 -0.039955889 0.721135638
1769782168.577740 1.875491622 0.995125225 1.071211909 -0.691436691 -0.006870752 -0.040437277 0.721271739
1769782168.588212 1.876743885 0.995034315 1.073425575 -0.691320976 -0.006124625 -0.040955255 0.721360149
1769782168.598819 1.878005788 0.994923512 1.075733493 -0.691153418 -0.005422257 -0.041451883 0.721497951
1769782168.609816 1.879267830 0.994814752 1.078130008 -0.690968392 -0.004750039 -0.041903403 0.721653811
1769782168.620617 1.880514320 0.994728220 1.080459192 -0.690847946 -0.004144616 -0.042337242 0.721747529
1769782168.631125 1.881832156 0.994661324 1.082795158 -0.690727122 -0.003470883 -0.042833783 0.721837421
1769782168.642087 1.883230701 0.994574428 1.085257444 -0.690622759 -0.002829855 -0.043381651 0.721907355
1769782168.652748 1.884600553 0.994497543 1.087675044 -0.690503290 -0.002243724 -0.043907839 0.721991880
1769782168.663254 1.885947489 0.994439409 1.090057337 -0.690423953 -0.001686014 -0.044384121 0.722040146
1769782168.673815 1.887243404 0.994390781 1.092418237 -0.690409537 -0.001183288 -0.044781057 0.722030420
1769782168.684617 1.888666253 0.994344733 1.094962835 -0.690287206 -0.000644513 -0.045235993 0.722119701
1769782168.695201 1.890109342 0.994296350 1.097449300 -0.690201343 -0.000131660 -0.045694722 0.722173166
1769782168.705811 1.891572938 0.994254461 1.099918768 -0.690149983 0.000357776 -0.046132355 0.722194350
1769782168.716351 1.893035692 0.994226055 1.102320109 -0.690202510 0.000830840 -0.046546875 0.722117160
1769782168.726860 1.894436660 0.994191457 1.104760428 -0.690230878 0.001250720 -0.046869972 0.722068540
1769782168.737456 1.895922457 0.994160940 1.107250518 -0.690253859 0.001691650 -0.047171191 0.722026057
1769782168.747950 1.897434468 0.994143722 1.109738866 -0.690257965 0.002120544 -0.047469542 0.722001446
1769782168.758630 1.898984061 0.994147132 1.112162536 -0.690389265 0.002499484 -0.047813523 0.721851981
1769782168.769416 1.900577471 0.994149168 1.114707753 -0.690539200 0.002790321 -0.048138748 0.721685865
1769782168.779942 1.902059856 0.994141621 1.117250751 -0.690522051 0.003016142 -0.048356041 0.721686838
1769782168.790602 1.903629626 0.994152272 1.119783575 -0.690619352 0.003202502 -0.048595443 0.721576841
1769782168.801112 1.905230559 0.994181137 1.122258531 -0.690733635 0.003380200 -0.048853688 0.721449193
1769782168.811552 1.906835683 0.994205773 1.124700786 -0.690882970 0.003497013 -0.049076616 0.721290495
1769782168.822063 1.908327711 0.994206379 1.127109065 -0.691034985 0.003474275 -0.049202369 0.721136399
1769782168.832792 1.909988942 0.994218491 1.129688953 -0.691170383 0.003472614 -0.049367160 0.720995372
1769782168.843563 1.911645859 0.994249024 1.132188084 -0.691341680 0.003342635 -0.049559680 0.720818525
1769782168.854355 1.913318308 0.994301906 1.134644636 -0.691580830 0.003172899 -0.049712668 0.720579308
1769782168.864950 1.914907226 0.994365627 1.137064094 -0.691821560 0.002884665 -0.049801644 0.720343254
1769782168.875545 1.916518003 0.994411628 1.139561147 -0.691977220 0.002489457 -0.049888087 0.720189217
1769782168.886101 1.918175055 0.994416778 1.142124832 -0.692041437 0.002090047 -0.050000629 0.720120975
1769782168.896581 1.919834557 0.994425025 1.144548538 -0.692327537 0.001643404 -0.050048364 0.719843762
1769782168.906969 1.921420841 0.994493529 1.146780853 -0.692696576 0.001218538 -0.049868892 0.719501954
1769782168.917483 1.923017435 0.994701703 1.148801999 -0.693104959 0.000880192 -0.049424797 0.719139715
1769782168.928089 1.924680170 0.995075987 1.150582736 -0.693531373 0.000702274 -0.048797687 0.718771540
1769782168.938607 1.926345340 0.995615376 1.152096663 -0.694054506 0.000589072 -0.048038835 0.718317664
1769782168.949338 1.928031390 0.996267820 1.153353585 -0.694893171 0.000482645 -0.047156737 0.717564972
1769782168.959800 1.929646501 0.996934272 1.154343794 -0.696058763 0.000360374 -0.046209504 0.716496162
1769782168.970319 1.931301077 0.997598699 1.155193799 -0.697434646 0.000283354 -0.045247606 0.715218490
1769782168.980792 1.933020552 0.998252910 1.156056617 -0.698909804 0.000268370 -0.044318607 0.713835328
1769782168.991345 1.934709459 0.998902175 1.156856331 -0.700551118 0.000209465 -0.043351242 0.712284182
1769782169.001963 1.936368285 0.999545755 1.157735870 -0.702079542 0.000132816 -0.042360166 0.710837475
1769782169.012566 1.938086181 1.000172957 1.158630299 -0.703616617 0.000076603 -0.041388340 0.709373425
1769782169.023235 1.939800090 1.000786530 1.159478266 -0.705160973 0.000038127 -0.040409957 0.707894792
1769782169.033719 1.941600621 1.001383860 1.160416277 0.706561201 -0.000075317 0.039486439 -0.706549421
1769782169.044478 1.943340808 1.001972525 1.161351364 0.707968203 -0.000065840 0.038500423 -0.705194113
1769782169.055237 1.945023165 1.002538757 1.162308623 0.709236870 -0.000035351 0.037541941 -0.703969931
1769782169.066222 1.946831552 1.003116103 1.163388923 0.710388240 -0.000044029 0.036646129 -0.702855325
1769782169.076807 1.948671232 1.003673052 1.164487174 0.711487185 -0.000070718 0.035788398 -0.701787127
1769782169.087475 1.950430901 1.004181882 1.165553132 0.712437816 -0.000086851 0.034993114 -0.700862206
1769782169.098293 1.952182992 1.004693089 1.166674580 0.713383060 -0.000062877 0.034130558 -0.699942648
1769782169.108877 1.953915079 1.005182493 1.167767462 0.714283574 -0.000029962 0.033348486 -0.699061409
1769782169.119534 1.955681579 1.005652027 1.168904101 0.715037245 -0.000070518 0.032633076 -0.698324292
1769782169.130236 1.957499723 1.006117990 1.170113950 0.715733410 -0.000160265 0.031927873 -0.697643370
1769782169.140796 1.959265781 1.006568371 1.171290457 0.716394546 -0.000195669 0.031235002 -0.696995833
1769782169.151529 1.960946563 1.007000230 1.172471452 0.717012357 -0.000156655 0.030504095 -0.696392674
1769782169.162223 1.962693079 1.007422394 1.173642863 0.717698555 -0.000175716 0.029761424 -0.695717623
1769782169.172797 1.964442960 1.007820905 1.174777793 0.718344271 -0.000234821 0.029082695 -0.695079599
1769782169.183388 1.966227529 1.008194769 1.175993839 0.718842453 -0.000369383 0.028462451 -0.694590009
1769782169.194178 1.968012652 1.008579157 1.177237398 0.719373574 -0.000455239 0.027782869 -0.694067407
1769782169.205148 1.969734141 1.008962966 1.178453585 0.719922297 -0.000479099 0.027034005 -0.693527807
1769782169.215873 1.971412065 1.009304822 1.179621597 0.720412420 -0.000524427 0.026364898 -0.693044416
1769782169.226588 1.973183379 1.009624251 1.180800170 0.720923187 -0.000619044 0.025733287 -0.692536766
1769782169.237218 1.974943462 1.009932970 1.181955557 0.721409875 -0.000723186 0.025141604 -0.692051420
1769782169.247767 1.976665680 1.010232307 1.183116973 0.721864214 -0.000799652 0.024548136 -0.691598732
1769782169.258355 1.978316683 1.010517867 1.184293772 0.722255215 -0.000851110 0.023936357 -0.691211784
1769782169.268973 1.979952747 1.010806472 1.185460082 0.722672981 -0.000866747 0.023260087 -0.690798074
1769782169.279372 1.981609039 1.011052751 1.186574782 0.723066502 -0.000959360 0.022689311 -0.690405033
1769782169.290106 1.983302451 1.011282249 1.187690560 0.723441052 -0.001043048 0.022148946 -0.690029985
1769782169.300781 1.984983533 1.011505830 1.188814067 0.723786120 -0.001126144 0.021606835 -0.689685094
1769782169.311460 1.986659904 1.011720259 1.189934951 0.724150308 -0.001188278 0.021048035 -0.689319882
1769782169.322137 1.988251433 1.011929662 1.191038288 0.724469431 -0.001207209 0.020476379 -0.689001672
1769782169.332835 1.989896198 1.012127626 1.192225374 0.724693250 -0.001249302 0.019922596 -0.688782420
1769782169.344077 1.991592293 1.012302554 1.193365351 0.724961913 -0.001299431 0.019392945 -0.688514669
1769782169.355469 1.993334133 1.012452267 1.194493258 0.725232990 -0.001372388 0.018900659 -0.688242684
1769782169.366449 1.995054020 1.012593858 1.195614735 0.725471784 -0.001443609 0.018390842 -0.688004639
1769782169.376960 1.996583277 1.012709628 1.196638339 0.725645001 -0.001497802 0.017929057 -0.687834019
1769782169.387636 1.998159160 1.012829024 1.197720072 0.725784283 -0.001551507 0.017430534 -0.687699748
1769782169.398204 1.999630957 1.012946855 1.198760368 0.725912601 -0.001529543 0.016912885 -0.687577276
1769782169.408691 2.001189384 1.013033707 1.199802698 0.726010573 -0.001577566 0.016474959 -0.687484353
1769782169.419469 2.002770571 1.013101498 1.200829660 0.726088105 -0.001642611 0.016062412 -0.687412078
1769782169.430226 2.004343220 1.013146229 1.201847910 0.726135188 -0.001724671 0.015667872 -0.687371248
1769782169.441252 2.005917752 1.013188518 1.202855601 0.726178744 -0.001787813 0.015270356 -0.687334017
1769782169.452161 2.007433836 1.013223920 1.203839184 0.726221145 -0.001804669 0.014842900 -0.687298537
1769782169.462928 2.008917716 1.013251019 1.204824818 0.726243505 -0.001767314 0.014404276 -0.687284341
1769782169.473438 2.010340441 1.013262018 1.205745324 0.726237350 -0.001755704 0.014016030 -0.687298901
1769782169.484078 2.011862813 1.013245817 1.206714611 0.726136642 -0.001842055 0.013718357 -0.687411079
1769782169.494696 2.013350135 1.013221585 1.207640462 0.726045609 -0.001906679 0.013393271 -0.687513461
1769782169.505240 2.014795612 1.013178940 1.208517706 0.725949640 -0.001958267 0.013084002 -0.687620604
1769782169.515726 2.016219400 1.013128553 1.209372511 0.725848410 -0.001985800 0.012785948 -0.687732987
1769782169.526377 2.017567932 1.013076962 1.210199695 0.725746772 -0.001952811 0.012464181 -0.687846243
1769782169.537056 2.018949055 1.013012776 1.211053100 0.725589973 -0.001928293 0.012139732 -0.688017515
1769782169.548292 2.020398668 1.012927198 1.211909812 0.725424247 -0.001937368 0.011823789 -0.688197723
1769782169.559458 2.021879150 1.012815723 1.212743036 0.725242242 -0.001965819 0.011561478 -0.688393898
1769782169.570067 2.023283454 1.012699345 1.213518970 0.725056208 -0.001991739 0.011311829 -0.688593908
1769782169.580820 2.024690631 1.012565631 1.214297944 0.724818521 -0.002032284 0.011112419 -0.688847223
1769782169.591669 2.026040176 1.012437546 1.215048120 0.724559026 -0.002022993 0.010905883 -0.689123492
1769782169.602895 2.027383720 1.012296417 1.215793621 0.724281252 -0.001984817 0.010682061 -0.689419047
1769782169.613891 2.028696234 1.012141202 1.216504818 0.723999378 -0.001922449 0.010453941 -0.689718725
1769782169.624577 2.029969927 1.011976320 1.217163874 0.723728942 -0.001861900 0.010229486 -0.690006021
1769782169.635267 2.031292687 1.011785980 1.217809385 0.723423262 -0.001862006 0.010073263 -0.690328796
1769782169.646003 2.032596529 1.011588418 1.218427094 0.723114301 -0.001857946 0.009913776 -0.690654742
1769782169.656612 2.033849815 1.011389495 1.218990440 0.722802896 -0.001847668 0.009774034 -0.690982654
1769782169.667118 2.035097735 1.011194085 1.219527250 0.722477966 -0.001826112 0.009636991 -0.691324368
1769782169.677694 2.036281318 1.011006035 1.220010546 0.722161600 -0.001790345 0.009489990 -0.691656965
1769782169.688241 2.037473331 1.010822898 1.220460220 0.721839248 -0.001756746 0.009346399 -0.691995418
1769782169.698720 2.038630435 1.010653628 1.220854011 0.721536957 -0.001692973 0.009155516 -0.692313318
1769782169.709221 2.039777160 1.010483312 1.221192508 0.721250005 -0.001645763 0.008974761 -0.692614738
1769782169.720010 2.040977223 1.010308510 1.221484173 0.720962088 -0.001637944 0.008846924 -0.692916096
1769782169.730698 2.042203791 1.010123168 1.221727770 0.720680800 -0.001663313 0.008743221 -0.693209906
1769782169.741245 2.043390338 1.009952355 1.221940538 0.720387618 -0.001666806 0.008639006 -0.693515876
1769782169.751995 2.044549123 1.009787151 1.222082129 0.720119640 -0.001667360 0.008510912 -0.693795711
1769782169.762653 2.045697452 1.009624562 1.222174458 0.719864539 -0.001657786 0.008371758 -0.694062109
1769782169.773271 2.046788790 1.009481382 1.222230770 0.719616359 -0.001624246 0.008208642 -0.694321450
1769782169.784065 2.047922016 1.009333662 1.222230419 0.719378213 -0.001619251 0.008070307 -0.694569820
1769782169.794774 2.048989357 1.009194694 1.222170704 0.719174046 -0.001546830 0.007888379 -0.694783472
1769782169.805737 2.050089155 1.009049468 1.222058740 0.718967639 -0.001523524 0.007727445 -0.694998921
1769782169.816638 2.051238749 1.008896658 1.221902167 0.718744347 -0.001539423 0.007608915 -0.695231112
1769782169.827327 2.052338155 1.008753232 1.221689146 0.718557619 -0.001555061 0.007487795 -0.695425383
1769782169.838018 2.053424404 1.008606640 1.221433081 0.718370859 -0.001554958 0.007373327 -0.695619526
1769782169.848641 2.054459614 1.008481868 1.221128445 0.718221657 -0.001512428 0.007227382 -0.695775200
1769782169.859231 2.055477444 1.008359657 1.220799754 0.718083245 -0.001445658 0.007079579 -0.695919711
1769782169.869689 2.056470285 1.008247682 1.220429792 0.717973694 -0.001366960 0.006919937 -0.696034497
1769782169.880588 2.057477823 1.008126877 1.220010962 0.717878624 -0.001288503 0.006750774 -0.696134360
1769782169.891259 2.058414003 1.008027487 1.219557915 0.717801684 -0.001159874 0.006532479 -0.696216004
1769782169.901860 2.059365115 1.007919175 1.219051182 0.717745150 -0.001054824 0.006323588 -0.696276381
1769782169.912580 2.060355356 1.007795127 1.218487082 0.717694637 -0.000980547 0.006159015 -0.696330032
1769782169.923250 2.061313667 1.007676642 1.217896235 0.717633347 -0.000906904 0.006001728 -0.696394670
1769782169.933855 2.062292375 1.007545379 1.217240131 0.717544531 -0.000874334 0.005862288 -0.696487412
1769782169.944450 2.063214644 1.007431911 1.216563441 0.717432217 -0.000835019 0.005716352 -0.696604364
1769782169.955213 2.064106679 1.007330669 1.215857958 0.717296367 -0.000802906 0.005581456 -0.696745380
1769782169.965796 2.065030355 1.007223393 1.215090867 0.717137697 -0.000778762 0.005463451 -0.696909655
1769782169.976479 2.065901043 1.007115102 1.214304219 0.716967701 -0.000764818 0.005363452 -0.697085335
1769782169.987242 2.066781323 1.007015463 1.213461900 0.716796289 -0.000778663 0.005269671 -0.697262293
1769782169.997807 2.067639416 1.006930673 1.212580302 0.716616841 -0.000765765 0.005170531 -0.697447477
1769782170.008641 2.068451478 1.006847984 1.211660761 0.716449150 -0.000734186 0.005050353 -0.697620649
1769782170.019490 2.069310273 1.006743706 1.210701458 0.716259914 -0.000737758 0.004997939 -0.697815314
1769782170.030504 2.070211087 1.006630464 1.209663916 0.716078441 -0.000776607 0.004969151 -0.698001698
1769782170.041292 2.071085704 1.006512818 1.208622973 0.715877412 -0.000829589 0.004940752 -0.698208015
1769782170.052102 2.071926495 1.006405497 1.207550856 0.715669300 -0.000880996 0.004894640 -0.698421591
1769782170.062654 2.072714491 1.006301372 1.206487580 0.715455193 -0.000922082 0.004855333 -0.698641139
1769782170.073184 2.073487156 1.006201042 1.205390432 0.715233697 -0.000957886 0.004816384 -0.698868116
1769782170.083860 2.074268069 1.006102516 1.204234633 0.715039021 -0.001034007 0.004786837 -0.699067390
1769782170.094446 2.075028201 1.006006868 1.203034356 0.714826492 -0.001084782 0.004748228 -0.699284895
1769782170.104969 2.075736501 1.005929392 1.201829252 0.714636585 -0.001126209 0.004685793 -0.699479325
1769782170.116072 2.076480768 1.005847373 1.200505860 0.714481067 -0.001167263 0.004616577 -0.699638571
1769782170.127410 2.077245799 1.005758904 1.199054979 0.714341026 -0.001197983 0.004540079 -0.699782002
1769782170.138092 2.077927387 1.005672508 1.197672470 0.714217183 -0.001197690 0.004450427 -0.699908976
1769782170.148626 2.078611744 1.005586949 1.196313320 0.714085989 -0.001214231 0.004394030 -0.700043155
1769782170.159089 2.079305710 1.005493133 1.194948345 0.713904757 -0.001258284 0.004399606 -0.700227862
1769782170.169670 2.079986285 1.005390145 1.193568976 0.713691471 -0.001319227 0.004417168 -0.700445024
1769782170.180326 2.080671154 1.005293225 1.192084114 0.713512624 -0.001415133 0.004411810 -0.700627054
1769782170.190984 2.081298409 1.005208312 1.190626541 0.713330713 -0.001475150 0.004382898 -0.700812320
1769782170.201662 2.081929406 1.005134500 1.189058317 0.713199598 -0.001537533 0.004329646 -0.700945949
1769782170.212318 2.082544295 1.005061395 1.187436886 0.713108383 -0.001583563 0.004261801 -0.701039060
1769782170.222872 2.083101773 1.004995274 1.185882771 0.713010807 -0.001597015 0.004188201 -0.701138715
1769782170.233689 2.083695744 1.004917712 1.184157300 0.712930152 -0.001638144 0.004106263 -0.701221116
1769782170.244173 2.084238402 1.004843596 1.182547738 0.712803449 -0.001655413 0.004050744 -0.701350193
1769782170.254901 2.084774693 1.004763733 1.180888504 0.712667127 -0.001675518 0.004012262 -0.701488888
1769782170.265330 2.085303295 1.004689379 1.179213076 0.712545951 -0.001711257 0.003971490 -0.701612120
1769782170.275971 2.085793260 1.004624582 1.177584839 0.712408067 -0.001729652 0.003933295 -0.701752295
1769782170.286846 2.086297402 1.004574477 1.175710154 0.712346287 -0.001734087 0.003853558 -0.701815439
1769782170.297440 2.086787614 1.004503388 1.173914363 0.712275440 -0.001741140 0.003807126 -0.701887578
1769782170.307977 2.087282128 1.004429297 1.172110864 0.712193765 -0.001787803 0.003780805 -0.701970477
1769782170.319803 2.087696388 1.004360014 1.170553526 0.712110294 -0.001824801 0.003777969 -0.702055073
1769782170.333629 2.088393626 1.004234352 1.167825222 0.711968805 -0.001883327 0.003784964 -0.702198368
1769782170.345396 2.088865949 1.004155507 1.165782938 0.711838589 -0.001918515 0.003764685 -0.702330385
1769782170.371265 2.089292627 1.004095169 1.163750720 0.711759686 -0.001927448 0.003715679 -0.702410584
1769782170.384280 2.090277110 1.003948637 1.158873767 0.711610772 -0.002020670 0.003599145 -0.702561792
1769782170.395421 2.090724372 1.003865432 1.156438769 0.711487227 -0.002039996 0.003565362 -0.702687023
1769782170.406479 2.091072495 1.003796772 1.154414269 0.711383971 -0.002054206 0.003545250 -0.702791617
1769782170.417220 2.091409729 1.003730069 1.152295222 0.711303674 -0.002054365 0.003518043 -0.702873023
1769782170.427805 2.091716642 1.003684665 1.150260119 0.711264506 -0.002073969 0.003471804 -0.702912831
1769782170.438290 2.092021299 1.003631168 1.148174171 0.711215756 -0.002101792 0.003439312 -0.702962233
1769782170.448826 2.092298730 1.003577561 1.146122819 0.711194112 -0.002110664 0.003377185 -0.702984406
1769782170.459404 2.092565533 1.003518907 1.144020357 0.711151925 -0.002123709 0.003322635 -0.703027303
1769782170.469817 2.092812900 1.003458560 1.141982214 0.711072049 -0.002103551 0.003299221 -0.703108264
1769782170.480322 2.093037308 1.003415448 1.139902240 0.711012842 -0.002091546 0.003256661 -0.703168371
1769782170.490885 2.093285407 1.003369058 1.137835099 0.710904619 -0.002130773 0.003280920 -0.703277554
1769782170.501438 2.093523514 1.003315097 1.135687448 0.710864704 -0.002190563 0.003261471 -0.703317807
1769782170.511963 2.093759659 1.003251652 1.133502394 0.710832983 -0.002242237 0.003255439 -0.703349732
1769782170.522510 2.093954002 1.003190825 1.131385014 0.710771160 -0.002244510 0.003266348 -0.703412149
1769782170.532972 2.094143801 1.003125154 1.129209218 0.710728583 -0.002281595 0.003262135 -0.703455069
1769782170.543579 2.094317180 1.003073052 1.127094940 0.710630748 -0.002328805 0.003281918 -0.703553655
1769782170.554118 2.094477012 1.003029692 1.124866193 0.710600202 -0.002369076 0.003274474 -0.703584407
1769782170.564698 2.094617678 1.002982821 1.122627618 0.710593046 -0.002386017 0.003236977 -0.703591751
1769782170.575188 2.094724825 1.002947291 1.120475338 0.710559698 -0.002365006 0.003202207 -0.703625659
1769782170.585762 2.094834432 1.002888507 1.118315939 0.710524211 -0.002375922 0.003186229 -0.703661530
1769782170.596541 2.094928072 1.002831744 1.116083308 0.710449535 -0.002367346 0.003198084 -0.703736901
1769782170.607193 2.095008372 1.002790370 1.113860478 0.710384980 -0.002394133 0.003211493 -0.703801914
1769782170.617973 2.095085294 1.002749517 1.111582619 0.710372300 -0.002422497 0.003204464 -0.703814648
1769782170.628708 2.095132485 1.002708647 1.109259005 0.710400971 -0.002417926 0.003136782 -0.703786029
1769782170.639410 2.095165497 1.002651261 1.106998096 0.710386589 -0.002423034 0.003102096 -0.703800682
1769782170.650188 2.095187232 1.002596714 1.104745938 0.710344416 -0.002422678 0.003075113 -0.703843367
1769782170.660851 2.095205383 1.002554003 1.102463196 0.710305508 -0.002459165 0.003072047 -0.703882519
1769782170.671679 2.095215166 1.002523643 1.100161393 0.710257868 -0.002520758 0.003072739 -0.703930370
1769782170.682364 2.095205158 1.002490460 1.097873914 0.710252969 -0.002572204 0.003058578 -0.703935188
1769782170.693083 2.095187661 1.002438769 1.095587550 0.710205961 -0.002601284 0.003063470 -0.703982486
1769782170.703686 2.095147118 1.002387303 1.093365946 0.710143432 -0.002640497 0.003062899 -0.704045419
1769782170.714486 2.095089884 1.002348099 1.091093114 0.710090841 -0.002704148 0.003051948 -0.704098268
1769782170.725534 2.095039708 1.002314023 1.088812531 0.710067345 -0.002788700 0.003051129 -0.704121637
1769782170.736348 2.094960196 1.002269363 1.086394386 0.710092471 -0.002827776 0.003019259 -0.704096279
1769782170.746819 2.094859744 1.002226292 1.084198158 0.710086431 -0.002824929 0.002992998 -0.704102494
1769782170.757443 2.094741857 1.002185370 1.081976777 0.710051329 -0.002823563 0.002982883 -0.704137941
1769782170.767976 2.094611678 1.002145873 1.079741384 0.710031207 -0.002817859 0.002973775 -0.704158293
1769782170.778474 2.094491021 1.002114108 1.077500607 0.710050401 -0.002853297 0.002966636 -0.704138826
1769782170.789092 2.094357210 1.002082679 1.075298259 0.710027260 -0.002872961 0.002988716 -0.704161986
1769782170.799613 2.094199340 1.002047878 1.073082049 0.710010295 -0.002858551 0.003007324 -0.704179072
1769782170.810262 2.094024810 1.002005999 1.070906079 0.709964220 -0.002853355 0.003030987 -0.704225445
1769782170.820817 2.093847370 1.001967264 1.068760464 0.709918407 -0.002886212 0.003045648 -0.704271431
1769782170.831682 2.093638446 1.001934608 1.066414797 0.709957374 -0.002915738 0.003005799 -0.704232200
1769782170.842415 2.093433051 1.001907826 1.064246125 0.709945717 -0.002943841 0.003010600 -0.704243813
1769782170.853328 2.093212425 1.001868155 1.061988327 0.709943673 -0.002989724 0.003024699 -0.704245620
1769782170.863997 2.092977406 1.001821507 1.059792448 0.709904177 -0.003032161 0.003048567 -0.704285149
1769782170.874700 2.092735111 1.001791384 1.057658614 0.709863587 -0.003056522 0.003079933 -0.704325819
1769782170.885236 2.092485003 1.001763578 1.055478689 0.709899715 -0.003112204 0.003054350 -0.704289272
1769782170.895814 2.092212607 1.001729864 1.053315691 0.709918673 -0.003135402 0.003024223 -0.704270191
1769782170.906415 2.091925891 1.001694534 1.051168869 0.709933225 -0.003164522 0.002987623 -0.704255548
1769782170.917109 2.091644477 1.001656481 1.049123761 0.709891087 -0.003204750 0.002989814 -0.704297831
1769782170.927805 2.091357438 1.001630093 1.047041232 0.709850661 -0.003243423 0.003014438 -0.704338294
1769782170.938394 2.091056217 1.001597482 1.044954771 0.709862681 -0.003275856 0.003019476 -0.704326008
1769782170.949145 2.090746525 1.001564606 1.042884086 0.709882400 -0.003283012 0.003023512 -0.704306083
1769782170.959970 2.090399163 1.001520612 1.040696002 0.709911051 -0.003295290 0.003017431 -0.704277173
1769782170.970448 2.090067944 1.001475280 1.038709865 0.709890562 -0.003318782 0.003020888 -0.704297699
1769782170.980970 2.089722460 1.001438638 1.036709735 0.709902076 -0.003353334 0.003009524 -0.704285979
1769782170.991550 2.089366092 1.001404088 1.034716702 0.709907078 -0.003381363 0.003014876 -0.704280780
1769782171.002090 2.088985753 1.001379261 1.032696007 0.709930959 -0.003385101 0.003023942 -0.704256651
1769782171.012624 2.088580784 1.001349173 1.030713473 0.709962367 -0.003346057 0.003004642 -0.704225258
1769782171.023355 2.088163013 1.001315476 1.028790355 0.709953481 -0.003321629 0.003003221 -0.704234338
1769782171.034042 2.087705514 1.001290146 1.026812298 0.709956107 -0.003302943 0.002963808 -0.704231945
1769782171.044572 2.087264560 1.001263130 1.024924972 0.709955545 -0.003294092 0.002946491 -0.704232626
1769782171.055344 2.086813125 1.001245270 1.022991870 0.709988355 -0.003273333 0.002936466 -0.704199687
1769782171.065901 2.086351674 1.001218549 1.021104934 0.710012296 -0.003270019 0.002931304 -0.704175585
1769782171.076758 2.085874631 1.001195434 1.019225410 0.710009744 -0.003267614 0.002936695 -0.704178147
1769782171.087359 2.085397805 1.001165250 1.017428033 0.709977871 -0.003265191 0.002952828 -0.704210226
1769782171.098204 2.084917226 1.001141367 1.015639293 0.709966802 -0.003259760 0.002952448 -0.704221412
1769782171.108698 2.084404211 1.001123157 1.013827660 0.709973522 -0.003244523 0.002918126 -0.704214850
1769782171.119487 2.083869092 1.001105450 1.012008507 0.710003178 -0.003226816 0.002868996 -0.704185234
1769782171.130098 2.083324096 1.001071822 1.010193512 0.710050599 -0.003220106 0.002803610 -0.704137712
1769782171.140608 2.082797797 1.001044483 1.008504215 0.710048506 -0.003201433 0.002801516 -0.704139916
1769782171.151383 2.082246874 1.001016062 1.006823014 0.710040065 -0.003190219 0.002803545 -0.704148471
1769782171.162009 2.081687955 1.001001054 1.005152123 0.710024194 -0.003204348 0.002811708 -0.704164378
1769782171.172561 2.081135998 1.000977772 1.003514172 0.710021573 -0.003218726 0.002834237 -0.704166865
1769782171.183272 2.080552650 1.000959674 1.001845409 0.710066782 -0.003231458 0.002799986 -0.704121355
1769782171.193773 2.079975377 1.000923162 1.000235114 0.710092747 -0.003242794 0.002779207 -0.704095200
1769782171.204704 2.079348345 1.000907158 0.998607725 0.710099394 -0.003234469 0.002733448 -0.704088714
1769782171.215362 2.078740244 1.000876116 0.997065331 0.710099240 -0.003248956 0.002695208 -0.704088949
1769782171.226246 2.078121875 1.000865591 0.995578052 0.710078868 -0.003247961 0.002671336 -0.704109591
1769782171.236772 2.077473787 1.000842111 0.994055307 0.710090225 -0.003237354 0.002646182 -0.704098281
1769782171.247329 2.076838441 1.000821585 0.992586817 0.710104465 -0.003225881 0.002633694 -0.704084019
1769782171.257845 2.076200731 1.000804382 0.991147392 0.710129304 -0.003213879 0.002625803 -0.704059051
1769782171.268484 2.075532392 1.000776447 0.989691935 0.710147252 -0.003205350 0.002629249 -0.704040974
1769782171.279000 2.074875939 1.000758397 0.988328655 0.710155594 -0.003184567 0.002627970 -0.704032659
1769782171.289772 2.074207345 1.000732067 0.986983694 0.710148646 -0.003171365 0.002628410 -0.704039725
1769782171.300328 2.073529076 1.000716752 0.985692739 0.710121463 -0.003171343 0.002638513 -0.704067105
1769782171.311136 2.072838424 1.000696401 0.984386668 0.710114855 -0.003187688 0.002628265 -0.704073734
1769782171.322038 2.072108241 1.000686467 0.983108201 0.710104960 -0.003176715 0.002580837 -0.704083939
1769782171.332918 2.071324019 1.000669600 0.981774046 0.710148887 -0.003124305 0.002491487 -0.704040190
1769782171.343503 2.070579466 1.000656381 0.980557007 0.710168025 -0.003082621 0.002426220 -0.704021297
1769782171.354091 2.069815189 1.000637066 0.979351985 0.710190230 -0.003026216 0.002367416 -0.703999342
1769782171.364702 2.069045000 1.000618189 0.978165603 0.710207880 -0.002985117 0.002315778 -0.703981884
1769782171.375311 2.068283949 1.000603295 0.977055136 0.710209175 -0.002968437 0.002289376 -0.703980735
1769782171.385952 2.067501422 1.000587913 0.975974520 0.710212254 -0.002933147 0.002229656 -0.703977968
1769782171.396450 2.066718347 1.000578417 0.974943666 0.710193203 -0.002901959 0.002207565 -0.703997387
1769782171.406963 2.065930993 1.000560694 0.973924504 0.710195656 -0.002862964 0.002189435 -0.703995127
1769782171.417619 2.065147040 1.000550048 0.972940194 0.710192251 -0.002844899 0.002190387 -0.703998633
1769782171.428216 2.064329167 1.000534282 0.971961735 0.710195948 -0.002812810 0.002167785 -0.703995102
1769782171.438751 2.063517773 1.000516365 0.971027851 0.710200140 -0.002784225 0.002158963 -0.703991014
1769782171.449394 2.062700957 1.000508356 0.970122507 0.710209701 -0.002764862 0.002143292 -0.703981493
1769782171.460092 2.061848801 1.000483189 0.969218381 0.710222048 -0.002748064 0.002110869 -0.703969200
1769782171.470710 2.061016921 1.000466953 0.968386245 0.710214092 -0.002743213 0.002117906 -0.703977225
1769782171.481401 2.060177186 1.000443084 0.967559779 0.710222918 -0.002771806 0.002118873 -0.703968205
1769782171.492074 2.059303210 1.000428129 0.966775876 0.710224262 -0.002769800 0.002094779 -0.703966929
1769782171.502641 2.058406709 1.000428191 0.966048755 0.710210701 -0.002721993 0.002060316 -0.703980899
1769782171.513464 2.057480021 1.000419881 0.965320347 0.710211925 -0.002667761 0.002020299 -0.703979988
1769782171.524530 2.056543018 1.000427502 0.964671432 0.710178363 -0.002596726 0.001982473 -0.704014218
1769782171.535345 2.055550738 1.000428712 0.963997727 0.710173818 -0.002512194 0.001890934 -0.704019361
1769782171.545931 2.054619596 1.000423147 0.963408796 0.710152948 -0.002460673 0.001851421 -0.704040700
1769782171.556443 2.053690585 1.000425263 0.962857847 0.710132040 -0.002408171 0.001804410 -0.704062093
1769782171.566972 2.052752009 1.000417573 0.962325936 0.710119696 -0.002374119 0.001775545 -0.704074732
1769782171.577627 2.051825025 1.000409754 0.961830969 0.710108398 -0.002345531 0.001749449 -0.704086288
1769782171.588516 2.050837901 1.000400855 0.961340924 0.710100570 -0.002326940 0.001724140 -0.704094307
1769782171.599096 2.049857988 1.000391978 0.960892363 0.710090672 -0.002317490 0.001697989 -0.704104384
1769782171.609760 2.048890842 1.000384441 0.960483554 0.710084140 -0.002302684 0.001689267 -0.704111041
1769782171.620842 2.047863667 1.000373477 0.960086293 0.710071878 -0.002323881 0.001699009 -0.704123314
1769782171.631341 2.046892830 1.000360943 0.959736131 0.710070823 -0.002340472 0.001715608 -0.704124282
1769782171.641945 2.045888362 1.000367843 0.959423665 0.710063572 -0.002347633 0.001692746 -0.704131626
1769782171.652618 2.044831889 1.000376543 0.959121009 0.710067429 -0.002324476 0.001635946 -0.704127948
1769782171.663188 2.043776796 1.000382799 0.958850972 0.710075590 -0.002285452 0.001568427 -0.704119999
1769782171.673698 2.042723546 1.000399976 0.958626918 0.710072025 -0.002246111 0.001501626 -0.704123867
1769782171.684310 2.041641093 1.000401088 0.958423873 0.710077112 -0.002161639 0.001405642 -0.704119199
1769782171.694890 2.040571221 1.000409048 0.958289228 0.710055160 -0.002099268 0.001345182 -0.704141643
1769782171.705350 2.039498423 1.000411383 0.958171813 0.710043426 -0.002035096 0.001251068 -0.704153837
1769782171.715969 2.038400472 1.000407867 0.958097831 0.710024195 -0.001953322 0.001188274 -0.704173569
1769782171.726576 2.037309979 1.000418878 0.958078571 0.709985465 -0.001885820 0.001131100 -0.704212897
1769782171.737074 2.036201048 1.000415489 0.958062516 0.709967408 -0.001826105 0.001076642 -0.704231344
1769782171.747600 2.035094902 1.000423803 0.958100863 0.709935376 -0.001774986 0.001071995 -0.704263773
1769782171.758196 2.034001119 1.000422083 0.958164498 0.709906632 -0.001727073 0.001104005 -0.704292817
1769782171.768599 2.032911629 1.000417373 0.958266980 0.709868552 -0.001673058 0.001220892 -0.704331136
1769782171.779123 2.031776858 1.000438160 0.958417073 0.709807447 -0.001550910 0.001261176 -0.704392924
1769782171.789587 2.030606316 1.000445447 0.958577637 0.709757221 -0.001451525 0.001252382 -0.704443760
1769782171.800188 2.029412530 1.000464345 0.958791444 0.709695127 -0.001357723 0.001259653 -0.704506492
1769782171.810834 2.028223925 1.000476480 0.959023020 0.709643635 -0.001249468 0.001244541 -0.704558587
1769782171.821414 2.027056595 1.000476537 0.959277607 0.709601722 -0.001211608 0.001270624 -0.704600818
1769782171.832120 2.025873178 1.000480301 0.959561088 0.709558386 -0.001181278 0.001285691 -0.704644484
1769782171.842574 2.024671988 1.000483712 0.959860093 0.709527115 -0.001168525 0.001281598 -0.704676000
1769782171.853090 2.023483327 1.000487325 0.960203752 0.709478770 -0.001139153 0.001258513 -0.704724764
1769782171.863557 2.022252914 1.000498460 0.960589965 0.709427525 -0.001094456 0.001229447 -0.704776474
1769782171.874117 2.021063054 1.000498843 0.960997862 0.709375082 -0.001082113 0.001239848 -0.704829260
1769782171.884707 2.019815573 1.000512458 0.961470765 0.709300000 -0.001037204 0.001212328 -0.704904932
1769782171.895424 2.018609995 1.000512512 0.961961548 0.709229973 -0.001085425 0.001234590 -0.704975278
1769782171.906212 2.017338533 1.000519327 0.962471029 0.709170081 -0.001081283 0.001225332 -0.705035549
1769782171.916707 2.016051302 1.000544428 0.963017935 0.709099564 -0.001024719 0.001191564 -0.705106615
1769782171.927292 2.014768373 1.000552659 0.963563203 0.709042233 -0.000975047 0.001156765 -0.705164394
1769782171.937709 2.013473059 1.000576525 0.964128005 0.708985164 -0.000898607 0.001057115 -0.705222031
1769782171.948108 2.012184764 1.000590953 0.964692135 0.708942423 -0.000848591 0.000961792 -0.705265195
1769782171.958689 2.010887812 1.000589711 0.965302922 0.708889785 -0.000813686 0.000898936 -0.705318228
1769782171.969117 2.009636310 1.000595300 0.965947674 0.708817611 -0.000817113 0.000892501 -0.705390764
1769782171.979712 2.008352145 1.000594886 0.966620532 0.708741843 -0.000783528 0.000873611 -0.705466954
1769782171.990396 2.007031829 1.000605116 0.967350649 0.708652831 -0.000758549 0.000856693 -0.705556415
1769782172.000862 2.005716676 1.000622669 0.968088595 0.708560068 -0.000714988 0.000813336 -0.705649671
1769782172.011582 2.004384360 1.000629429 0.968844602 0.708476915 -0.000722831 0.000759463 -0.705733208
1769782172.022210 2.003110053 1.000637161 0.969593968 0.708397425 -0.000776156 0.000753266 -0.705812949
1769782172.032713 2.001732183 1.000654675 0.970370705 0.708320604 -0.000730492 0.000670688 -0.705890174
1769782172.043188 2.000412618 1.000660027 0.971139411 0.708246194 -0.000722139 0.000610515 -0.705964896
1769782172.053728 1.999030072 1.000678096 0.971984156 0.708140500 -0.000669934 0.000534401 -0.706071029
1769782172.064559 1.997603375 1.000692429 0.972871096 0.708028615 -0.000599433 0.000433173 -0.706183357
1769782172.075090 1.996270972 1.000700160 0.973721493 0.707928004 -0.000569456 0.000359927 -0.706284282
1769782172.085590 1.994897780 1.000716997 0.974609401 0.707814551 -0.000471861 0.000294058 -0.706398083
1769782172.096122 1.993561738 1.000722382 0.975477689 0.707722398 -0.000456678 0.000271630 -0.706490428
1769782172.107045 1.992203849 1.000720911 0.976360450 0.707639516 -0.000469140 0.000256140 -0.706573443
1769782172.117788 1.990827188 1.000712891 0.977278705 0.707546851 -0.000489738 0.000237635 -0.706666227
1769782172.128320 1.989493547 1.000710671 0.978221626 0.707419898 -0.000490225 0.000223483 -0.706793321
1769782172.138909 1.988171691 1.000709567 0.979181887 0.707286765 -0.000495561 0.000215349 -0.706926545
1769782172.149453 1.986800787 1.000717058 0.980155529 0.707156118 -0.000457970 0.000190833 -0.707057267
1769782172.160005 1.985437367 1.000727209 0.981132697 -0.707027324 0.000376346 -0.000120108 0.707186119
1769782172.170567 1.984067795 1.000730018 0.982090885 -0.706920955 0.000320774 -0.000072368 0.707292482
1769782172.181041 1.982680369 1.000730508 0.983046797 -0.706814752 0.000202987 0.000041881 0.707398659
1769782172.191476 1.981347149 1.000720893 0.984001257 -0.706712180 0.000125723 0.000146734 0.707501136
1769782172.201934 1.980014877 1.000720739 0.985028763 -0.706564998 0.000070761 0.000224900 0.707648110
1769782172.212435 1.978695179 1.000722734 0.986065865 -0.706417865 0.000019509 0.000308403 0.707794959
1769782172.223053 1.977412503 1.000706224 0.987075652 -0.706287339 0.000024344 0.000363066 0.707925181
1769782172.233583 1.976080462 1.000701164 0.988120662 -0.706144250 -0.000050754 0.000439328 0.708067866
1769782172.244185 1.974823179 1.000693995 0.989122463 -0.706014707 -0.000110614 0.000441742 0.708197025
1769782172.254748 1.973581552 1.000673215 0.990166981 -0.705850988 -0.000209079 0.000386735 0.708360212
1769782172.265250 1.972310118 1.000650018 0.991209790 -0.705671167 -0.000404245 0.000336075 0.708539292
1769782172.275934 1.971043190 1.000620583 0.992285394 -0.705455138 -0.000622588 0.000300585 0.708754239
1769782172.286468 1.969743425 1.000614812 0.993406932 -0.705204781 -0.000888245 0.000318527 0.709003051
1769782172.297159 1.968470365 1.000605420 0.994528114 -0.704940077 -0.001128858 0.000365403 0.709265874
1769782172.307596 1.967241577 1.000589221 0.995617375 -0.704689358 -0.001347297 0.000455158 0.709514543
1769782172.318193 1.966036866 1.000561911 0.996692570 -0.704441135 -0.001550351 0.000547929 0.709760511
1769782172.328600 1.964844609 1.000530844 0.997795244 -0.704160362 -0.001776374 0.000647869 0.710038457
1769782172.339201 1.963681438 1.000494598 0.998936529 -0.703847527 -0.001986317 0.000730285 0.710347929
1769782172.349821 1.962516221 1.000464872 1.000147792 -0.703475425 -0.002213697 0.000808117 0.710715677
1769782172.360308 1.961386121 1.000435706 1.001344733 -0.703114349 -0.002455893 0.000880127 0.711072012
1769782172.370780 1.960305523 1.000396598 1.002527077 -0.702750133 -0.002689913 0.000919158 0.711431072
1769782172.381293 1.959235952 1.000370802 1.003674253 -0.702399895 -0.002949112 0.000992221 0.711775741
1769782172.391827 1.958132683 1.000341247 1.004865903 -0.702043130 -0.003235753 0.001154205 0.712126141
1769782172.402347 1.957048832 1.000306167 1.006103125 -0.701657582 -0.003489668 0.001339489 0.712504502
1769782172.412840 1.955988601 1.000264297 1.007380381 -0.701242726 -0.003803599 0.001492902 0.712910894
1769782172.423494 1.954959527 1.000222039 1.008664640 -0.700825370 -0.004117981 0.001621652 0.713319152
1769782172.434068 1.953925873 1.000185452 1.009990839 -0.700388850 -0.004458506 0.001789446 0.713745318
1769782172.444597 1.952930487 1.000141922 1.011271344 -0.699992557 -0.004792558 0.001962393 0.714131361
1769782172.455293 1.951959759 1.000090224 1.012575460 -0.699596586 -0.005137562 0.002119290 0.714516432
1769782172.465903 1.950979745 1.000040406 1.013920499 -0.699187669 -0.005503503 0.002327208 0.714913211
1769782172.476307 1.950056073 0.999984940 1.015282915 -0.698750178 -0.005838626 0.002502388 0.715337569
1769782172.487185 1.949107493 0.999933234 1.016725847 -0.698270113 -0.006210671 0.002673767 0.715802437
1769782172.498039 1.948180622 0.999877726 1.018206772 -0.697770607 -0.006550118 0.002818326 0.716285790
1769782172.508703 1.947309123 0.999818937 1.019671034 -0.697274323 -0.006839166 0.002940437 0.716765721
1769782172.519506 1.946409320 0.999757303 1.021151401 -0.696778169 -0.007130789 0.003126045 0.717244424
1769782172.530207 1.945497224 0.999697332 1.022703883 -0.696237586 -0.007442448 0.003324533 0.717765129
1769782172.540672 1.944633015 0.999636750 1.024255782 -0.695692845 -0.007742225 0.003515227 0.718289055
1769782172.551234 1.943791030 0.999591983 1.025845613 -0.695140013 -0.008104408 0.003683034 0.718819252
1769782172.561761 1.942946818 0.999554778 1.027494917 -0.694601683 -0.008521387 0.003873068 0.719333641
1769782172.572218 1.942136191 0.999514506 1.029097824 -0.694122045 -0.008953032 0.004060890 0.719790205
1769782172.582878 1.941296496 0.999472498 1.030780818 -0.693631713 -0.009435008 0.004322689 0.720255053
1769782172.593604 1.940456349 0.999417615 1.032537300 -0.693158293 -0.009882378 0.004666115 0.720702537
1769782172.604267 1.939629131 0.999365153 1.034341177 -0.692662068 -0.010347183 0.005016285 0.721170599
1769782172.617644 1.938864476 0.999327691 1.036039572 -0.692215117 -0.010821926 0.005314390 0.721590518
1769782172.629243 1.938433586 0.999310625 1.036975818 -0.691992312 -0.011091086 0.005507431 0.721798653
1769782172.641385 1.937900936 0.999292639 1.038122599 -0.691746586 -0.011455722 0.005739907 0.722026648
1769782172.655144 1.936583718 0.999226371 1.041041200 -0.691148498 -0.012339169 0.006382687 0.722579241
1769782172.666354 1.934687224 0.999160174 1.045262784 -0.690267602 -0.013623709 0.007391773 0.723388135
1769782172.678648 1.933620485 0.999130877 1.047524999 -0.689911713 -0.014363419 0.008022341 0.723706545
1769782172.689658 1.932617743 0.999110169 1.049694806 -0.689576051 -0.015092393 0.008584172 0.724005112
1769782172.700188 1.931698314 0.999086797 1.051808002 -0.689227949 -0.015771460 0.009062999 0.724316199
1769782172.710619 1.930797107 0.999055540 1.053900778 -0.688901729 -0.016430535 0.009529718 0.724605844
1769782172.721145 1.929868777 0.999042718 1.056035887 -0.688596056 -0.017084939 0.010028779 0.724874472
1769782172.731569 1.928921287 0.999042937 1.058177550 -0.688327557 -0.017775836 0.010523313 0.725105822
1769782172.742051 1.927990123 0.999025336 1.060361660 -0.688071497 -0.018434686 0.010998485 0.725325313
1769782172.752596 1.926989924 0.999000191 1.062633801 -0.687753646 -0.019126899 0.011478945 0.725601349
1769782172.763077 1.925952568 0.998992230 1.064945133 -0.687453789 -0.019870830 0.011950026 0.725857862
1769782172.773577 1.924908475 0.998996990 1.067189026 -0.687257656 -0.020605791 0.012439523 0.726014858
1769782172.784040 1.923815304 0.999006796 1.069507593 -0.687030365 -0.021317058 0.013003160 0.726199544
1769782172.794462 1.922725425 0.998997850 1.071893925 -0.686799034 -0.021963867 0.013569500 0.726388701
1769782172.804900 1.921666861 0.998993415 1.074299878 -0.686537303 -0.022533093 0.014086042 0.726608818
1769782172.815498 1.920581683 0.999009701 1.076755283 -0.686313218 -0.023078755 0.014606138 0.726793092
1769782172.826746 1.919352605 0.999033690 1.079344060 -0.686144877 -0.023705558 0.015224578 0.726919161
1769782172.837234 1.918109338 0.999045177 1.081887711 -0.685935723 -0.024338141 0.015834571 0.727082599
1769782172.847985 1.916856339 0.999045379 1.084447896 -0.685718304 -0.024920800 0.016398235 0.727255429
1769782172.858588 1.915573138 0.999062851 1.087001871 -0.685603271 -0.025499298 0.016983196 0.727330401
1769782172.869069 1.914351055 0.999084978 1.089498318 -0.685545041 -0.026021562 0.017497441 0.727354601
1769782172.879787 1.913090621 0.999097656 1.092084745 -0.685409657 -0.026527398 0.018003639 0.727451557
1769782172.890495 1.911737323 0.999108874 1.094723586 -0.685307385 -0.026997065 0.018568841 0.727516423
1769782172.901088 1.910324280 0.999140464 1.097372146 -0.685228491 -0.027460389 0.019160040 0.727558063
1769782172.911607 1.908949102 0.999180235 1.099900735 -0.685257593 -0.027867099 0.019757256 0.727499214
1769782172.922477 1.907579229 0.999204924 1.102560205 -0.685245264 -0.028169793 0.020299441 0.727484242
1769782172.933283 1.906105986 0.999234037 1.105353938 -0.685096711 -0.028485953 0.020847432 0.727596339
1769782172.944014 1.904592419 0.999283601 1.108049460 -0.685125576 -0.028784556 0.021418127 0.727540829
1769782172.954763 1.903025946 0.999334621 1.110750556 -0.685202379 -0.029070790 0.022003867 0.727439633
1769782172.965464 1.901530208 0.999361063 1.113433908 -0.685223392 -0.029266228 0.022478487 0.727397490
1769782172.976025 1.900050742 0.999375720 1.116078485 -0.685263447 -0.029396857 0.022914912 0.727340869
1769782172.986896 1.898428747 0.999423543 1.118781856 -0.685336578 -0.029558260 0.023417375 0.727249414
1769782172.998018 1.896765477 0.999482170 1.121505626 -0.685507135 -0.029590320 0.023938658 0.727070369
1769782173.008894 1.895150191 0.999519078 1.124248826 -0.685669498 -0.029536861 0.024385778 0.726904565
1769782173.019602 1.893527201 0.999562664 1.126958935 -0.685803897 -0.029453572 0.024797407 0.726767219
1769782173.030214 1.891910647 0.999609067 1.129612456 -0.685886185 -0.029313119 0.025219021 0.726680730
1769782173.040734 1.890247617 0.999670356 1.132225803 -0.686089920 -0.029098518 0.025644215 0.726482121
1769782173.051278 1.888653093 0.999718839 1.134766342 -0.686370445 -0.028787623 0.025988720 0.726217234
1769782173.061803 1.887020612 0.999749888 1.137346994 -0.686587286 -0.028432990 0.026315619 0.726014430
1769782173.072286 1.885357306 0.999782015 1.139936393 -0.686832614 -0.027970894 0.026671825 0.725787299
1769782173.082984 1.883691618 0.999828173 1.142473866 -0.687082276 -0.027477780 0.027025269 0.725556719
1769782173.094587 1.881850820 0.999915303 1.145273816 -0.687440858 -0.026686986 0.027404958 0.725232266
1769782173.105226 1.880137338 0.999982803 1.147804369 -0.687723607 -0.025912407 0.027797812 0.724977289
1769782173.115816 1.878434938 1.000023851 1.150318382 -0.687992237 -0.025087395 0.028150320 0.724737790
1769782173.126466 1.876767223 1.000017160 1.152915304 -0.688203335 -0.024279176 0.028251944 0.724560914
1769782173.137092 1.875108729 1.000018778 1.155423924 -0.688541421 -0.023658698 0.028074123 0.724267092
1769782173.147606 1.873395854 1.000091355 1.157724044 -0.689048510 -0.023192904 0.027692685 0.723814448
1769782173.158116 1.871684856 1.000295774 1.159791098 -0.689503171 -0.022740453 0.027259559 0.723412169
1769782173.168679 1.869966965 1.000688490 1.161620971 -0.689958057 -0.022288037 0.026720587 0.723012540
1769782173.179427 1.868232709 1.001251475 1.163128414 -0.690561913 -0.021844507 0.026157720 0.722469955
1769782173.190007 1.866479595 1.001885621 1.164336367 -0.691485285 -0.021466470 0.025646002 0.721615947
1769782173.200466 1.864707246 1.002533055 1.165351913 -0.692755132 -0.021141868 0.025137544 0.720424494
1769782173.210980 1.862944779 1.003159099 1.166273698 -0.694205407 -0.020814125 0.024631134 0.719054193
1769782173.221725 1.861159442 1.003791501 1.167222295 -0.695738303 -0.020449139 0.024110995 0.717599266
1769782173.232434 1.859275969 1.004415770 1.168178091 -0.697324828 -0.020146572 0.023684655 0.716080468
1769782173.243114 1.857463358 1.005008791 1.169070962 -0.698898502 -0.019806133 0.023234607 0.714568928
1769782173.253685 1.855656684 1.005567723 1.169989443 -0.700383250 -0.019495142 0.022789694 0.713136643
1769782173.264336 1.853829851 1.006133370 1.170908283 -0.701920999 -0.019184712 0.022289102 0.711647422
1769782173.274832 1.852036828 1.006663614 1.171834817 -0.703298832 -0.018893048 0.021843362 0.710307450
1769782173.285304 1.850182476 1.007182483 1.172861863 -0.704541114 -0.018639999 0.021450548 0.709093959
1769782173.295779 1.848383252 1.007677692 1.173855881 -0.705742518 -0.018354193 0.021039659 0.707918042
1769782173.306329 1.846604290 1.008158509 1.174906188 -0.706834111 -0.018019805 0.020591747 0.706849917
1769782173.316874 1.844793837 1.008612295 1.175959093 0.707881688 0.017742370 -0.020177991 -0.705819788
1769782173.327481 1.842970310 1.009054092 1.177000135 0.708881153 0.017487794 -0.019781515 -0.704833583
1769782173.338073 1.841114531 1.009471126 1.178124729 0.709696571 0.017278698 -0.019429007 -0.704027512
1769782173.349147 1.839277535 1.009904989 1.179303563 0.710539076 0.017004243 -0.018959011 -0.703196724
1769782173.360190 1.837397200 1.010320433 1.180497986 0.711318662 0.016787522 -0.018488366 -0.702425883
1769782173.370908 1.835516615 1.010695109 1.181683604 0.711982932 0.016629418 -0.018080628 -0.701766954
1769782173.381380 1.833709581 1.011026156 1.182810703 0.712600883 0.016510697 -0.017722958 -0.701151393
1769782173.392108 1.831900759 1.011372073 1.183935611 0.713258910 0.016331164 -0.017309432 -0.700496541
1769782173.402612 1.830180662 1.011695369 1.185066480 0.713829447 0.016122402 -0.016885896 -0.699930321
1769782173.413058 1.828407961 1.011993351 1.186224324 0.714347467 0.015956018 -0.016529071 -0.699413963
1769782173.423591 1.826629524 1.012279570 1.187357537 0.714836346 0.015803972 -0.016203429 -0.698925376
1769782173.434243 1.824827051 1.012547171 1.188488637 0.715306086 0.015673102 -0.015905643 -0.698454414
1769782173.444959 1.823126268 1.012808017 1.189589649 0.715794065 0.015448491 -0.015535338 -0.697967660
1769782173.455822 1.821357768 1.013053464 1.190746415 0.716251981 0.015239784 -0.015156371 -0.697510669
1769782173.466452 1.819579200 1.013272322 1.191842303 0.716709672 0.015104245 -0.014845190 -0.697050018
1769782173.477237 1.817812904 1.013475231 1.192917580 0.717161468 0.014968142 -0.014532746 -0.696594705
1769782173.489271 1.816027211 1.013679070 1.194058030 0.717528126 0.014820761 -0.014220735 -0.696226618
1769782173.500848 1.814059735 1.013902659 1.195362339 0.717936593 0.014594187 -0.013765905 -0.695819343
1769782173.511470 1.812351547 1.014054022 1.196421814 0.718293001 0.014458784 -0.013428276 -0.695460847
1769782173.522325 1.810656445 1.014182506 1.197421716 0.718647360 0.014345072 -0.013147497 -0.695102391
1769782173.533062 1.808892775 1.014305777 1.198478044 0.718962446 0.014221921 -0.012897346 -0.694783705
1769782173.544286 1.807206230 1.014421939 1.199512294 0.719268747 0.014040839 -0.012589366 -0.694475941
1769782173.555264 1.805568676 1.014532663 1.200559631 0.719558823 0.013807065 -0.012229734 -0.694186502
1769782173.566211 1.803850878 1.014619833 1.201612126 0.719792360 0.013655710 -0.011941203 -0.693952367
1769782173.577051 1.802193397 1.014681587 1.202587071 0.719996832 0.013543272 -0.011698180 -0.693746563
1769782173.587923 1.800490566 1.014728516 1.203588628 0.720153940 0.013442788 -0.011464526 -0.693589330
1769782173.598736 1.798886353 1.014763721 1.204542277 0.720304695 0.013296366 -0.011174453 -0.693440325
1769782173.609683 1.797383812 1.014799567 1.205461988 0.720460608 0.013093412 -0.010824418 -0.693287752
1769782173.620455 1.795805110 1.014809540 1.206379412 0.720572270 0.012956536 -0.010553624 -0.693178442
1769782173.631118 1.794196415 1.014792197 1.207279780 0.720648466 0.012870379 -0.010352024 -0.693103872
1769782173.641740 1.792638411 1.014769810 1.208157433 0.720701482 0.012754520 -0.010138864 -0.693054038
1769782173.652618 1.791091668 1.014736822 1.209052373 0.720701207 0.012611398 -0.009906472 -0.693060304
1769782173.663119 1.789659597 1.014711839 1.209921281 0.720676885 0.012413797 -0.009639789 -0.693092923
1769782173.673696 1.788229418 1.014661308 1.210732902 0.720648991 0.012258467 -0.009397094 -0.693128023
1769782173.684506 1.786681216 1.014572733 1.211552288 0.720584217 0.012181225 -0.009241827 -0.693198812
1769782173.695269 1.785177517 1.014475110 1.212326063 0.720541297 0.012076561 -0.009063789 -0.693247607
1769782173.705932 1.783720245 1.014376557 1.213090969 0.720473567 0.011930752 -0.008878644 -0.693322916
1769782173.716624 1.782322928 1.014273626 1.213831754 0.720380375 0.011761806 -0.008676110 -0.693425194
1769782173.727285 1.780993104 1.014164470 1.214552482 0.720280927 0.011543243 -0.008432831 -0.693535166
1769782173.737997 1.779579487 1.014024293 1.215258577 0.720130708 0.011411192 -0.008286266 -0.693695096
1769782173.748784 1.778146290 1.013868992 1.215946475 0.719961818 0.011291602 -0.008169742 -0.693873717
1769782173.759497 1.776750367 1.013706376 1.216612069 0.719775807 0.011152969 -0.008050266 -0.694070308
1769782173.770149 1.775394629 1.013536883 1.217253985 0.719572555 0.010986720 -0.007912389 -0.694285261
1769782173.780902 1.774108409 1.013366806 1.217890325 0.719323730 0.010795445 -0.007768224 -0.694547683
1769782173.791743 1.772824961 1.013183729 1.218491630 0.719084176 0.010574593 -0.007592628 -0.694801035
1769782173.802377 1.771494598 1.012976384 1.219040869 0.718830287 0.010430636 -0.007503787 -0.695066841
1769782173.813236 1.770176884 1.012768030 1.219553606 0.718566577 0.010297644 -0.007437344 -0.695342160
1769782173.824015 1.768879952 1.012561125 1.220008174 0.718324271 0.010144560 -0.007337462 -0.695595781
1769782173.834701 1.767584340 1.012364594 1.220444511 0.718046225 0.010013700 -0.007251815 -0.695885591
1769782173.845460 1.766404827 1.012189392 1.220802528 0.717809226 0.009819544 -0.007089477 -0.696134492
1769782173.856106 1.765204186 1.012012851 1.221125543 0.717577166 0.009640584 -0.006926564 -0.696377837
1769782173.866689 1.763974105 1.011832995 1.221378958 0.717352827 0.009521117 -0.006846118 -0.696611370
1769782173.877309 1.762753614 1.011652704 1.221581817 0.717146287 0.009399288 -0.006772972 -0.696826365
1769782173.888011 1.761518813 1.011475027 1.221743260 0.716944590 0.009280536 -0.006726019 -0.697035929
1769782173.898627 1.760318742 1.011311938 1.221848639 0.716760593 0.009130154 -0.006641225 -0.697227930
1769782173.909378 1.759181260 1.011159160 1.221907095 0.716582689 0.008953436 -0.006507008 -0.697414328
1769782173.920210 1.758072492 1.011018287 1.221916399 0.716420011 0.008759330 -0.006343394 -0.697585410
1769782173.930845 1.756915924 1.010864482 1.221867716 0.716262056 0.008650063 -0.006255898 -0.697749745
1769782173.941351 1.755739822 1.010705367 1.221773341 0.716109381 0.008560572 -0.006198504 -0.697908053
1769782173.952001 1.754606734 1.010555009 1.221630223 0.715978219 0.008456881 -0.006119439 -0.698044571
1769782173.962678 1.753480842 1.010410416 1.221436584 0.715872618 0.008332106 -0.006015934 -0.698155269
1769782173.973460 1.752402927 1.010280902 1.221192000 0.715801260 0.008177397 -0.005872831 -0.698231477
1769782173.984170 1.751381124 1.010158809 1.220895067 0.715763140 0.007996778 -0.005689174 -0.698274167
1769782173.994756 1.750322100 1.010029120 1.220555651 0.715739058 0.007834393 -0.005528420 -0.698301983
1769782174.005231 1.749266008 1.009899333 1.220182440 0.715733531 0.007692123 -0.005411501 -0.698310146
1769782174.016260 1.748190897 1.009770367 1.219753662 0.715745815 0.007564124 -0.005296419 -0.698299836
1769782174.027337 1.747106015 1.009639939 1.219284556 0.715735315 0.007404601 -0.005163285 -0.698313305
1769782174.037903 1.746082757 1.009524754 1.218774478 0.715713881 0.007260383 -0.005054828 -0.698337580
1769782174.048654 1.745124897 1.009418273 1.218225645 0.715668107 0.007092377 -0.004909264 -0.698387255
1769782174.059246 1.744205536 1.009318707 1.217622945 0.715615307 0.006897530 -0.004742142 -0.698444463
1769782174.069891 1.743226335 1.009201785 1.216980171 0.715530815 0.006785910 -0.004629104 -0.698532874
1769782174.080575 1.742229493 1.009076080 1.216307216 0.715394201 0.006733125 -0.004577488 -0.698673635
1769782174.091081 1.741281547 1.008961625 1.215633339 0.715232131 0.006674324 -0.004541528 -0.698840344
1769782174.101676 1.740319438 1.008848491 1.214894592 0.715056480 0.006639341 -0.004508369 -0.699020617
1769782174.112249 1.739407034 1.008742340 1.214133701 0.714864937 0.006581373 -0.004471609 -0.699217285
1769782174.123012 1.738514576 1.008644627 1.213333865 0.714661432 0.006494730 -0.004418278 -0.699426433
1769782174.133698 1.737655661 1.008559005 1.212443564 0.714526802 0.006419711 -0.004310641 -0.699565333
1769782174.144308 1.736789152 1.008458659 1.211529678 0.714396375 0.006352361 -0.004226912 -0.699699650
1769782174.154963 1.735893365 1.008360314 1.210585029 0.714242503 0.006314186 -0.004188751 -0.699857294
1769782174.165651 1.735017310 1.008248009 1.209611334 0.714105142 0.006303983 -0.004147704 -0.699997788
1769782174.176193 1.734153008 1.008140545 1.208619367 0.713942768 0.006261888 -0.004129523 -0.700163881
1769782174.186721 1.733314422 1.008040193 1.207557839 0.713808957 0.006251149 -0.004104073 -0.700300545
1769782174.197444 1.732506871 1.007945667 1.206486674 0.713642327 0.006194235 -0.004043566 -0.700471206
1769782174.208083 1.731739304 1.007847366 1.205384373 0.713475712 0.006130460 -0.003985103 -0.700641809
1769782174.218911 1.731004227 1.007767057 1.204235012 0.713319078 0.006045238 -0.003914392 -0.700802416
1769782174.229796 1.730209962 1.007676034 1.203008176 0.713168332 0.005987827 -0.003887656 -0.700956463
1769782174.240296 1.729435973 1.007574515 1.201808480 0.713011355 0.005960824 -0.003902159 -0.701116288
1769782174.250977 1.728660393 1.007478751 1.200563631 0.712877106 0.005944774 -0.003912015 -0.701252870
1769782174.261476 1.727904426 1.007395105 1.199247444 0.712757770 0.005937200 -0.003915443 -0.701374208
1769782174.272051 1.727206114 1.007316714 1.197930218 0.712635595 0.005898091 -0.003889577 -0.701498818
1769782174.282629 1.726513539 1.007235913 1.196544874 0.712535316 0.005873681 -0.003852666 -0.701601083
1769782174.293128 1.725851728 1.007156443 1.195173444 0.712417944 0.005821689 -0.003830310 -0.701720820
1769782174.303663 1.725231352 1.007087863 1.193760510 0.712302309 0.005735712 -0.003771838 -0.701839223
1769782174.314082 1.724620862 1.007012336 1.192357263 0.712183699 0.005666721 -0.003732872 -0.701960350
1769782174.324737 1.723978063 1.006930847 1.190902709 0.712058955 0.005630401 -0.003723638 -0.702087229
1769782174.335514 1.723309207 1.006845793 1.189339841 0.711979421 0.005640528 -0.003703957 -0.702167907
1769782174.346340 1.722653400 1.006768654 1.187744991 0.711884999 0.005654083 -0.003691138 -0.702263593
1769782174.357049 1.722048643 1.006705101 1.186155411 0.711816744 0.005648332 -0.003681429 -0.702332874
1769782174.367702 1.721452728 1.006633474 1.184511895 0.711724198 0.005623455 -0.003656700 -0.702426986
1769782174.378496 1.720888852 1.006567057 1.182911396 0.711625527 0.005592203 -0.003638190 -0.702527295
1769782174.389249 1.720328593 1.006494913 1.181236419 0.711522400 0.005553672 -0.003613234 -0.702632177
1769782174.399787 1.719848589 1.006438691 1.179593187 0.711428077 0.005497590 -0.003537491 -0.702728506
1769782174.410327 1.719379770 1.006386611 1.177887723 0.711353867 0.005428439 -0.003455811 -0.702804572
1769782174.420968 1.718867792 1.006321264 1.176159507 0.711273812 0.005409872 -0.003434462 -0.702885839
1769782174.431706 1.718341064 1.006261947 1.174359642 0.711223703 0.005449241 -0.003410682 -0.702936354
1769782174.442434 1.717812216 1.006185003 1.172537083 0.711170961 0.005472297 -0.003414497 -0.702989516
1769782174.452978 1.717332670 1.006124152 1.170736200 0.711126216 0.005463154 -0.003405052 -0.703034895
1769782174.463444 1.716887740 1.006064843 1.168915754 0.711066550 0.005428337 -0.003411484 -0.703095482
1769782174.474074 1.716481966 1.006001408 1.167122590 0.710997134 0.005349332 -0.003409742 -0.703166292
1769782174.484606 1.716068282 1.005947350 1.165244690 0.710944552 0.005318133 -0.003404156 -0.703219719
1769782174.495209 1.715666424 1.005894321 1.163429010 0.710817230 0.005292921 -0.003426633 -0.703348497
1769782174.505712 1.715281288 1.005859057 1.161515639 0.710747538 0.005280801 -0.003403573 -0.703419126
1769782174.516247 1.714950366 1.005826203 1.159573385 0.710722584 0.005232181 -0.003334494 -0.703445033
1769782174.527021 1.714586593 1.005771271 1.157611201 0.710689194 0.005223969 -0.003289032 -0.703479042
1769782174.537574 1.714212229 1.005704986 1.155600859 0.710681879 0.005267043 -0.003247575 -0.703486303
1769782174.548126 1.713862643 1.005640859 1.153666850 0.710609177 0.005289385 -0.003238074 -0.703559617
1769782174.558929 1.713516708 1.005585354 1.151662497 0.710517086 0.005351744 -0.003229008 -0.703652189
1769782174.569566 1.713194254 1.005541732 1.149602442 0.710460452 0.005416398 -0.003188948 -0.703709059
1769782174.580433 1.712907014 1.005507238 1.147498473 0.710476679 0.005434670 -0.003121814 -0.703692836
1769782174.591334 1.712619269 1.005460716 1.145420164 0.710456699 0.005425577 -0.003102047 -0.703713166
1769782174.602069 1.712355391 1.005416788 1.143301982 0.710410388 0.005393605 -0.003092381 -0.703760205
1769782174.612587 1.712117828 1.005371084 1.141291904 0.710325418 0.005370814 -0.003113210 -0.703846050
1769782174.623107 1.711915568 1.005332476 1.139300583 0.710237637 0.005340282 -0.003120437 -0.703934829
1769782174.633789 1.711703961 1.005300702 1.137153400 0.710239720 0.005339281 -0.003092240 -0.703932859
1769782174.644832 1.711512832 1.005276063 1.134897015 0.710238949 0.005284758 -0.003073366 -0.703934131
1769782174.655340 1.711364642 1.005252560 1.132796063 0.710251622 0.005219913 -0.003032067 -0.703922007
1769782174.666034 1.711183530 1.005204596 1.130654550 0.710240538 0.005182656 -0.003042064 -0.703933423
1769782174.676574 1.710998912 1.005149323 1.128533767 0.710189148 0.005168873 -0.003084379 -0.703985187
1769782174.687118 1.710832766 1.005099520 1.126397951 0.710154188 0.005185360 -0.003109196 -0.704020223
1769782174.697572 1.710675931 1.005070981 1.124269456 0.710132207 0.005192066 -0.003130845 -0.704042249
1769782174.708074 1.710538287 1.005044861 1.122149503 0.710108002 0.005219950 -0.003139518 -0.704066418
1769782174.718700 1.710434798 1.005008754 1.119967403 0.710096707 0.005238754 -0.003106425 -0.704077817
1769782174.729251 1.710345250 1.004965535 1.117837950 0.710050343 0.005265794 -0.003103417 -0.704124386
1769782174.739696 1.710278463 1.004928831 1.115680553 0.710018163 0.005309276 -0.003083858 -0.704156594
1769782174.750328 1.710216793 1.004897218 1.113553862 0.709956695 0.005346012 -0.003081286 -0.704218302
1769782174.760862 1.710171543 1.004886612 1.111332289 0.709959805 0.005376182 -0.003044024 -0.704215099
1769782174.771431 1.710131747 1.004858703 1.109120024 0.709960303 0.005409602 -0.003015202 -0.704214465
1769782174.781977 1.710125393 1.004828435 1.106942195 0.709990405 0.005437481 -0.002965792 -0.704184112
1769782174.792467 1.710130505 1.004785034 1.104765269 0.709954098 0.005460701 -0.002952678 -0.704220592
1769782174.803065 1.710137757 1.004762098 1.102631420 0.709903464 0.005477043 -0.002955771 -0.704271494
1769782174.813615 1.710149909 1.004752777 1.100436516 0.709876041 0.005492489 -0.002974643 -0.704298935
1769782174.824266 1.710169331 1.004734180 1.098279094 0.709864364 0.005492013 -0.002998818 -0.704310606
1769782174.834822 1.710224417 1.004702086 1.096026489 0.709910165 0.005499074 -0.002975520 -0.704264485
1769782174.845324 1.710289887 1.004661742 1.093865477 0.709876305 0.005484298 -0.002989746 -0.704298669
1769782174.855858 1.710375558 1.004639256 1.091739057 0.709857709 0.005463676 -0.002990017 -0.704317571
1769782174.866378 1.710472524 1.004625288 1.089541468 0.709846992 0.005463065 -0.002988075 -0.704328385
1769782174.877534 1.710557275 1.004605181 1.087261766 0.709850554 0.005467380 -0.003022162 -0.704324617
1769782174.888458 1.710653565 1.004566331 1.084974843 0.709897699 0.005493832 -0.003000938 -0.704276983
1769782174.899515 1.710787259 1.004525944 1.082724336 0.709904161 0.005507765 -0.002977552 -0.704270460
1769782174.914160 1.710865662 1.004511194 1.081605194 0.709898809 0.005521722 -0.002964232 -0.704275802
1769782174.926352 1.711035386 1.004490238 1.079144464 0.709889969 0.005539200 -0.002962098 -0.704284584
1769782174.940328 1.711241863 1.004467877 1.076080492 0.709914842 0.005572650 -0.002971781 -0.704259207
1769782174.952293 1.711572077 1.004416054 1.072135941 0.709918230 0.005551819 -0.003017055 -0.704255764
1769782174.963314 1.711799776 1.004382536 1.069833731 0.709903235 0.005529325 -0.003045148 -0.704270936
1769782174.974192 1.712014861 1.004360289 1.067685400 0.709876223 0.005533064 -0.003076946 -0.704297994
1769782174.984739 1.712257437 1.004343277 1.065512259 0.709948251 0.005521346 -0.003051731 -0.704225590
1769782174.995369 1.712487110 1.004322899 1.063431633 0.709966001 0.005507773 -0.003084381 -0.704207660
1769782175.006396 1.712737817 1.004292701 1.061313152 0.709982675 0.005495470 -0.003104716 -0.704190856
1769782175.017520 1.713014013 1.004256078 1.059163190 0.709980036 0.005479919 -0.003109194 -0.704193618
1769782175.028541 1.713306051 1.004229508 1.056995011 0.709994415 0.005456038 -0.003092155 -0.704179381
1769782175.038989 1.713591457 1.004200666 1.054910725 0.710070148 0.005459213 -0.003030972 -0.704103256
1769782175.049577 1.713874638 1.004168518 1.052880734 0.710114021 0.005439092 -0.003006250 -0.704059270
1769782175.060187 1.714164069 1.004137825 1.050867657 0.710149351 0.005436782 -0.002993537 -0.704023707
1769782175.070930 1.714479474 1.004104417 1.048859426 0.710130968 0.005432188 -0.003018875 -0.704042176
1769782175.081795 1.714809499 1.004074290 1.046872083 0.710130505 0.005457157 -0.003038000 -0.704042368
1769782175.092665 1.715156592 1.004045199 1.044835953 0.710122179 0.005484181 -0.003081752 -0.704050365
1769782175.103417 1.715510150 1.004020340 1.042815651 0.710166714 0.005487995 -0.003083314 -0.704005408
1769782175.113980 1.715869226 1.003990950 1.040853872 0.710211068 0.005506300 -0.003080561 -0.703960531
1769782175.124514 1.716235103 1.003957464 1.038965422 0.710204846 0.005512945 -0.003112123 -0.703966618
1769782175.135096 1.716646416 1.003920343 1.037044340 0.710235215 0.005501327 -0.003086891 -0.703936180
1769782175.145609 1.717046375 1.003898656 1.035205929 0.710229060 0.005483928 -0.003110253 -0.703942423
1769782175.156248 1.717434514 1.003868355 1.033331273 0.710257933 0.005504588 -0.003150404 -0.703912952
1769782175.166873 1.717835449 1.003827746 1.031420539 0.710292709 0.005541649 -0.003187726 -0.703877401
1769782175.177470 1.718257211 1.003798262 1.029603180 0.710308958 0.005552005 -0.003200937 -0.703860862
1769782175.188124 1.718722932 1.003756358 1.027787550 0.710344620 0.005544871 -0.003164749 -0.703825092
1769782175.198943 1.719211988 1.003730068 1.025979857 0.710358449 0.005496474 -0.003125238 -0.703811691
1769782175.209689 1.719718626 1.003702664 1.024186281 0.710373924 0.005451757 -0.003080530 -0.703796616
1769782175.220204 1.720192583 1.003687490 1.022465590 0.710410670 0.005407288 -0.003050252 -0.703760000
1769782175.230720 1.720705622 1.003663217 1.020731456 0.710469966 0.005339203 -0.003004133 -0.703700857
1769782175.241588 1.721217698 1.003626237 1.018984734 0.710499070 0.005306730 -0.002984125 -0.703671802
1769782175.252305 1.721742364 1.003588856 1.017310189 0.710516649 0.005281626 -0.002957503 -0.703654353
1769782175.262859 1.722271850 1.003554116 1.015655870 0.710521761 0.005244607 -0.002953196 -0.703649487
1769782175.273352 1.722791045 1.003523599 1.014067213 0.710525631 0.005209889 -0.002966715 -0.703645780
1769782175.284002 1.723336775 1.003486562 1.012435773 0.710573639 0.005204982 -0.002925811 -0.703597507
1769782175.294556 1.723880111 1.003447600 1.010819989 0.710603714 0.005208699 -0.002912650 -0.703567159
1769782175.305340 1.724440029 1.003407193 1.009230153 0.710646310 0.005188878 -0.002886506 -0.703524389
1769782175.316123 1.725025101 1.003356992 1.007621112 0.710695178 0.005154065 -0.002874154 -0.703475329
1769782175.326684 1.725572723 1.003315098 1.006167749 0.710699991 0.005121070 -0.002893749 -0.703470627
1769782175.337374 1.726179141 1.003271315 1.004671870 0.710730108 0.005108663 -0.002833994 -0.703440534
1769782175.347986 1.726767728 1.003234325 1.003224759 0.710725176 0.005135082 -0.002803084 -0.703445448
1769782175.358847 1.727344248 1.003181959 1.001758576 0.710751499 0.005171677 -0.002808136 -0.703418563
1769782175.369446 1.727954497 1.003140479 1.000308048 0.710783464 0.005092660 -0.002899909 -0.703386468
1769782175.379948 1.728580885 1.003095910 0.998924505 0.710826840 0.004967800 -0.002965526 -0.703343252
1769782175.390459 1.729236275 1.003050233 0.997551780 0.710866773 0.005039537 -0.002808469 -0.703303026
1769782175.401083 1.729903553 1.003013393 0.996234672 0.710889533 0.005420939 -0.002306754 -0.703279008
1769782175.411730 1.730576777 1.002973112 0.994943120 0.710899282 0.006333516 -0.001277437 -0.703264150
1769782175.422578 1.731246406 1.002937269 0.993694578 0.710877882 0.007939286 0.000401366 -0.703270533
1769782175.433233 1.731954783 1.002893255 0.992420209 0.710874170 0.010284819 0.002841509 -0.703238269
1769782175.443882 1.732630411 1.002855937 0.991239625 0.710836932 0.012866912 0.005483439 -0.703217769
1769782175.454585 1.733332785 1.002806888 0.990013132 0.710820022 0.015514394 0.008168159 -0.703155374
1769782175.465209 1.734026923 1.002751156 0.988816213 0.710799338 0.017976730 0.010626350 -0.703084787
1769782175.475887 1.734697754 1.002696226 0.987698157 0.710763492 0.020294707 0.012907208 -0.703019763
1769782175.486504 1.735391255 1.002631188 0.986578760 0.710720858 0.022637532 0.015190287 -0.702945702
1769782175.497216 1.736110592 1.002581413 0.985502655 0.710655772 0.024942637 0.017438168 -0.702881319
1769782175.507757 1.736858897 1.002541909 0.984469465 0.710592371 0.027116083 0.019642588 -0.702806780
1769782175.518372 1.737623500 1.002500919 0.983499165 0.710509543 0.029194524 0.021771812 -0.702744518
1769782175.529025 1.738411315 1.002469560 0.982542551 0.710427146 0.031228695 0.023883462 -0.702671772
1769782175.539821 1.739222951 1.002423914 0.981583951 0.710358149 0.033215434 0.025981051 -0.702575989
1769782175.550513 1.740009475 1.002383893 0.980683631 0.710276657 0.035127149 0.027969750 -0.702489037
1769782175.561175 1.740811380 1.002335280 0.979792223 0.710198618 0.037008664 0.029919070 -0.702391010
1769782175.571830 1.741602987 1.002291361 0.978957264 0.710108732 0.038812175 0.031765069 -0.702303484
1769782175.582723 1.742434437 1.002244598 0.978104841 0.710048251 0.040554444 0.033585120 -0.702181499
1769782175.593199 1.743226813 1.002184673 0.977318428 0.709957464 0.042279229 0.035278187 -0.702088539
1769782175.603804 1.744027369 1.002136952 0.976554418 0.709878597 0.043925341 0.036889481 -0.701984408
1769782175.614458 1.744874143 1.002087603 0.975834893 0.709802869 0.045432147 0.038470359 -0.701880216
1769782175.625207 1.745732989 1.002055470 0.975164931 0.709711895 0.046873719 0.039997888 -0.701792028
1769782175.636127 1.746666634 1.002019235 0.974483494 0.709636615 0.048267363 0.041537977 -0.701684211
1769782175.646855 1.747571014 1.001988916 0.973885062 0.709539619 0.049559172 0.042968002 -0.701606134
1769782175.657668 1.748469513 1.001954010 0.973299488 0.709453250 0.050809698 0.044321834 -0.701519804
1769782175.668358 1.749361599 1.001913841 0.972758316 0.709369735 0.051971596 0.045563924 -0.701439563
1769782175.679018 1.750236994 1.001880129 0.972266445 0.709280270 0.053064358 0.046704059 -0.701373227
1769782175.689610 1.751150519 1.001837320 0.971774769 0.709212299 0.054089713 0.047799480 -0.701289831
1769782175.700219 1.752023096 1.001787216 0.971329528 0.709129703 0.055108331 0.048753933 -0.701228344
1769782175.710846 1.752953250 1.001755753 0.970914330 0.709058399 0.056004729 0.049673938 -0.701164857
1769782175.721675 1.753901031 1.001727164 0.970532675 0.708994385 0.056803451 0.050541437 -0.701103340
1769782175.732319 1.754913604 1.001700594 0.970157150 0.708938514 0.057558403 0.051376255 -0.701037584
1769782175.742851 1.755906239 1.001683161 0.969826715 0.708892757 0.058185333 0.052127104 -0.700976670
1769782175.753454 1.756870607 1.001658135 0.969519239 0.708857965 0.058756253 0.052776737 -0.700915618
1769782175.764124 1.757846646 1.001638478 0.969240559 0.708830949 0.059251018 0.053341181 -0.700858560
1769782175.774557 1.758812871 1.001606375 0.968987793 0.708812111 0.059691160 0.053793664 -0.700805678
1769782175.785172 1.759797674 1.001578538 0.968774398 0.708797156 0.060018973 0.054202824 -0.700761278
1769782175.795827 1.760766707 1.001547761 0.968599438 0.708774008 0.060330260 0.054460282 -0.700737998
1769782175.806466 1.761807191 1.001518979 0.968451778 0.708768848 0.060488808 0.054676431 -0.700712717
1769782175.817029 1.762844038 1.001512372 0.968368655 0.708755693 0.060513592 0.054822010 -0.700712509
1769782175.827636 1.763912805 1.001489590 0.968292314 0.708749884 0.060506341 0.054906728 -0.700712377
1769782175.838211 1.764993293 1.001478651 0.968278543 0.708727414 0.060392864 0.054945953 -0.700741819
1769782175.849181 1.766087180 1.001456520 0.968283474 0.708718121 0.060209808 0.054880683 -0.700772084
1769782175.859924 1.767155359 1.001427071 0.968317497 0.708716661 0.059966960 0.054672980 -0.700810618
1769782175.870610 1.768246324 1.001407588 0.968401917 0.708717573 0.059596562 0.054350299 -0.700866389
1769782175.881276 1.769297836 1.001377237 0.968493146 0.708737408 0.059163593 0.053946129 -0.700914239
1769782175.892012 1.770371426 1.001361710 0.968646979 0.708739952 0.058648158 0.053407718 -0.700996213
1769782175.902633 1.771506904 1.001351313 0.968812186 0.708772946 0.057960410 0.052851748 -0.701062190
1769782175.913294 1.772653407 1.001342593 0.969022176 0.708801919 0.057166934 0.052202726 -0.701146673
1769782175.924020 1.773806605 1.001336123 0.969272704 0.708831634 0.056263461 0.051434277 -0.701246499
1769782175.934674 1.774976038 1.001328689 0.969541374 0.708875039 0.055248998 0.050597737 -0.701344135
1769782175.945410 1.776127638 1.001316090 0.969839410 0.708918126 0.054195903 0.049654566 -0.701450155
1769782175.956271 1.777276048 1.001305772 0.970183253 0.708944330 0.053179845 0.048665968 -0.701570713
1769782175.967128 1.778476800 1.001293739 0.970574204 0.708963167 0.052160383 0.047721551 -0.701693078
1769782175.977757 1.779592494 1.001275477 0.970959731 0.708982924 0.051248073 0.046776968 -0.701803935
1769782175.988396 1.780811099 1.001277380 0.971368999 0.709015372 0.050241166 0.045935496 -0.701899535
1769782175.999412 1.782075566 1.001277617 0.971817924 0.709041757 0.049222223 0.045088833 -0.701999969
1769782176.010784 1.783419075 1.001286565 0.972321423 0.709066312 0.048165588 0.044212293 -0.702104204
1769782176.022313 1.784782046 1.001281320 0.972837365 0.709103316 0.047135272 0.043355214 -0.702190201
1769782176.033181 1.786064885 1.001274606 0.973352152 0.709130708 0.046197241 0.042558224 -0.702273630
1769782176.043697 1.787259885 1.001272143 0.973887810 0.709136862 0.045367128 0.041756067 -0.702369679
1769782176.054348 1.788474692 1.001261235 0.974439677 0.709145496 0.044539864 0.040980115 -0.702459605
1769782176.064893 1.789680082 1.001258074 0.975072315 0.709110097 0.043753607 0.040167553 -0.702591674
1769782176.075560 1.790937234 1.001263104 0.975711891 0.709087057 0.042952180 0.039410806 -0.702707225
1769782176.086226 1.792238276 1.001269119 0.976369960 0.709063203 0.042109191 0.038747006 -0.702819223
1769782176.097213 1.793587446 1.001288078 0.977091202 0.709027199 0.041276321 0.038013635 -0.702944991
1769782176.108231 1.794934785 1.001291463 0.977797562 0.709012232 0.040462285 0.037336315 -0.703043710
1769782176.118872 1.796225207 1.001282464 0.978478283 0.709013844 0.039702994 0.036686110 -0.703119599
1769782176.129476 1.797476499 1.001282221 0.979200045 0.708986785 0.038998551 0.036010675 -0.703221219
1769782176.140098 1.798742229 1.001272157 0.979932039 0.708961325 0.038313422 0.035351610 -0.703317983
1769782176.150761 1.800005163 1.001265454 0.980736978 0.708895656 0.037636257 0.034671058 -0.703454603
1769782176.161540 1.801337961 1.001279242 0.981585519 0.708830843 0.036900510 0.034050216 -0.703589206
1769782176.172371 1.802701453 1.001282651 0.982440451 0.708770377 0.036168078 0.033457487 -0.703716576
1769782176.183157 1.804052079 1.001292825 0.983287383 0.708707465 0.035449082 0.032935270 -0.703841146
1769782176.194173 1.805455687 1.001300587 0.984170952 0.708662366 0.034749482 0.032354994 -0.703948350
1769782176.204693 1.806757460 1.001288862 0.985012295 0.708619612 0.034110064 0.031820567 -0.704047016
1769782176.215712 1.808081000 1.001270033 0.985887034 0.708571978 0.033505516 0.031285903 -0.704147942
1769782176.226723 1.809417315 1.001252217 0.986841313 0.708497363 0.032900507 0.030697783 -0.704277424
1769782176.237383 1.810744066 1.001243492 0.987807294 0.708397575 0.032275001 0.030141305 -0.704430764
1769782176.248133 1.812087025 1.001235620 0.988748954 0.708332896 0.031600641 0.029658422 -0.704546865
1769782176.258758 1.813420009 1.001225398 0.989705623 0.708260484 0.030964610 0.029190943 -0.704667417
1769782176.269694 1.814822450 1.001209922 0.990675752 0.708212614 0.030324029 0.028761585 -0.704761036
1769782176.280412 1.816160759 1.001188139 0.991644456 0.708160750 0.029691552 0.028341028 -0.704857113
1769782176.291293 1.817480419 1.001156690 0.992629122 0.708108921 0.029086724 0.027884289 -0.704952612
1769782176.301745 1.818762708 1.001121160 0.993659756 0.708004527 0.028554155 0.027430805 -0.705097015
1769782176.312195 1.819987046 1.001082975 0.994703162 0.707865626 0.028154024 0.027044671 -0.705267461
1769782176.322708 1.821241829 1.001050221 0.995732917 0.707720023 0.027823116 0.026832666 -0.705434795
1769782176.333250 1.822556940 1.001013577 0.996793340 0.707562415 0.027517082 0.026786394 -0.705606638
1769782176.343871 1.823849902 1.000966304 0.997807664 0.707421540 0.027303145 0.026833951 -0.705754378
1769782176.354598 1.825166729 1.000909304 0.998899939 0.707236414 0.027095919 0.026953788 -0.705943312
1769782176.365480 1.826472458 1.000857387 1.000047714 0.707007345 0.026925095 0.027143201 -0.706172005
1769782176.376290 1.827757789 1.000786745 1.001250111 0.706732806 0.026809617 0.027291626 -0.706445435
1769782176.386816 1.828960023 1.000720284 1.002397014 -0.706458213 -0.026630207 -0.027383628 0.706723257
1769782176.397482 1.830175181 1.000645283 1.003569423 -0.706161054 -0.026414012 -0.027418223 0.707026949
1769782176.407983 1.831424442 1.000575181 1.004735923 -0.705892469 -0.026120776 -0.027543899 0.707301110
1769782176.418469 1.832654622 1.000494761 1.005933328 -0.705587958 -0.025856756 -0.027696223 0.707608636
1769782176.428962 1.833860030 1.000410948 1.007123507 -0.705276426 -0.025604243 -0.027897631 0.707920411
1769782176.439461 1.835111931 1.000316201 1.008401322 -0.704930005 -0.025277386 -0.028099859 0.708269116
1769782176.449998 1.836281837 1.000216422 1.009679424 -0.704562352 -0.024974306 -0.028224301 0.708640646
1769782176.460493 1.837432154 1.000118488 1.010968617 -0.704191417 -0.024671914 -0.028360769 0.709014395
1769782176.471081 1.838555116 1.000008253 1.012260453 -0.703819880 -0.024428472 -0.028506222 0.709385806
1769782176.481587 1.839707933 0.999898762 1.013567651 -0.703445169 -0.024125887 -0.028726591 0.709758846
1769782176.492264 1.840862765 0.999776823 1.014886964 -0.703089620 -0.023771103 -0.028971335 0.710113078
1769782176.502809 1.842053062 0.999650679 1.016309644 -0.702670309 -0.023346227 -0.029185132 0.710533334
1769782176.513282 1.843205710 0.999530312 1.017714862 -0.702263837 -0.022914225 -0.029412323 0.710939770
1769782176.523847 1.844306232 0.999404945 1.019093724 -0.701871255 -0.022529669 -0.029636830 0.711330313
1769782176.534438 1.845406796 0.999270791 1.020522220 -0.701448766 -0.022168260 -0.029859448 0.711748980
1769782176.545056 1.846474384 0.999125861 1.021956632 -0.701012677 -0.021871500 -0.030088728 0.712178020
1769782176.555722 1.847535889 0.998972081 1.023500994 -0.700502253 -0.021559631 -0.030269335 0.712681937
1769782176.566351 1.848644886 0.998829800 1.025080150 -0.699978706 -0.021171327 -0.030472128 0.713199156
1769782176.576935 1.849714199 0.998691004 1.026611486 -0.699474210 -0.020853212 -0.030736574 0.713691976
1769782176.587525 1.850806508 0.998554444 1.028199315 -0.698953404 -0.020521751 -0.031036782 0.714198653
1769782176.598109 1.851878128 0.998406582 1.029782654 -0.698457776 -0.020181345 -0.031356587 0.714679098
1769782176.608640 1.852927223 0.998239462 1.031461290 -0.697928512 -0.019809371 -0.031652985 0.715193309
1769782176.619280 1.853947954 0.998073868 1.033152166 -0.697405511 -0.019373567 -0.031882483 0.715705055
1769782176.630098 1.854980396 0.997904670 1.034898606 -0.696896354 -0.018901100 -0.032133341 0.716202254
1769782176.640825 1.856008945 0.997735396 1.036609428 -0.696466834 -0.018391420 -0.032412766 0.716620624
1769782176.651529 1.857063118 0.997558331 1.038351484 -0.696062119 -0.017830914 -0.032763786 0.717011938
1769782176.662371 1.858171330 0.997370043 1.040203378 -0.695644048 -0.017226470 -0.033187121 0.717412867
1769782176.673013 1.859267604 0.997188424 1.042042070 -0.695249590 -0.016621472 -0.033613427 0.717789573
1769782176.683646 1.860360041 0.997029568 1.043862786 -0.694892451 -0.015940867 -0.034024084 0.718131417
1769782176.694349 1.861467698 0.996862312 1.045709363 -0.694622851 -0.015250250 -0.034478941 0.718385500
1769782176.704916 1.862514510 0.996690531 1.047583532 -0.694314583 -0.014648778 -0.034942141 0.718673583
1769782176.715644 1.863577877 0.996517663 1.049545352 -0.693968961 -0.014041607 -0.035405587 0.718996773
1769782176.726784 1.864674936 0.996346604 1.051579252 -0.693632658 -0.013378006 -0.035825891 0.719313054
1769782176.737524 1.865834237 0.996210606 1.053576300 -0.693373456 -0.012592637 -0.036287012 0.719553979
1769782176.748496 1.866990721 0.996064376 1.055623107 -0.693115391 -0.011869048 -0.036791057 0.719789274
1769782176.759566 1.868214042 0.995902115 1.057824335 -0.692814202 -0.011134255 -0.037344811 0.720062411
1769782176.770305 1.869405789 0.995754035 1.059983604 -0.692534138 -0.010411943 -0.037867312 0.720315296
1769782176.780820 1.870532734 0.995638190 1.062057040 -0.692311304 -0.009716200 -0.038343529 0.720514003
1769782176.791451 1.871647923 0.995512480 1.064124108 -0.692148642 -0.009077092 -0.038842428 0.720651879
1769782176.802085 1.872805755 0.995367396 1.066343775 -0.691889943 -0.008450256 -0.039342282 0.720880770
1769782176.812738 1.873998969 0.995249186 1.068558018 -0.691635474 -0.007787792 -0.039860619 0.721103913
1769782176.823410 1.875223941 0.995140454 1.070747938 -0.691462767 -0.007091119 -0.040364743 0.721248671
1769782176.834114 1.876494033 0.995045981 1.073010546 -0.691300082 -0.006343208 -0.040887827 0.721382108
1769782176.844691 1.877764839 0.994941125 1.075295370 -0.691146808 -0.005631489 -0.041404653 0.721505392
1769782176.855366 1.879015738 0.994829642 1.077652287 -0.690963313 -0.004985060 -0.041885063 0.721658154
1769782176.866102 1.880245695 0.994736737 1.080003754 -0.690810570 -0.004371467 -0.042312313 0.721783427
1769782176.876675 1.881513180 0.994667013 1.082249539 -0.690736462 -0.003767066 -0.042802700 0.721828843
1769782176.887409 1.882877449 0.994589449 1.084668405 -0.690591079 -0.003110960 -0.043339984 0.721939006
1769782176.898259 1.884276851 0.994509468 1.087126775 -0.690469861 -0.002438380 -0.043813027 0.722028977
1769782176.908975 1.885657409 0.994438398 1.089568536 -0.690367753 -0.001788351 -0.044235853 0.722102733
1769782176.919865 1.887034890 0.994394129 1.092023665 -0.690336383 -0.001155359 -0.044608322 0.722111101
1769782176.930498 1.888375873 0.994344669 1.094473130 -0.690256420 -0.000618172 -0.044988259 0.722164628
1769782176.941008 1.889819421 0.994298229 1.096970488 -0.690177799 -0.000057554 -0.045417978 0.722213133
1769782176.951581 1.891266467 0.994252438 1.099420648 -0.690115733 0.000460019 -0.045831926 0.722246148
1769782176.962322 1.892762515 0.994219016 1.101877471 -0.690165473 0.000968975 -0.046251426 0.722171369
1769782176.973690 1.894011459 0.994191336 1.103972294 -0.690234744 0.001341307 -0.046578444 0.722083546
1769782176.984682 1.895002047 0.994165453 1.105719832 -0.690255662 0.001604631 -0.046799312 0.722048732
1769782176.996453 1.896607339 0.994139729 1.108388603 -0.690258113 0.002020991 -0.047182063 0.722020433
1769782177.007800 1.899150888 0.994134923 1.112429703 -0.690424344 0.002622360 -0.047761309 0.721821450
1769782177.019129 1.900566702 0.994137216 1.114678538 -0.690552854 0.002861398 -0.048091352 0.721675682
1769782177.029973 1.902358530 0.994129064 1.117722249 -0.690603379 0.003029986 -0.048425216 0.721604317
1769782177.040775 1.903995847 0.994146017 1.120352503 -0.690686888 0.003172667 -0.048735662 0.721502870
1769782177.051405 1.905601581 0.994174448 1.122796746 -0.690841860 0.003300277 -0.049025225 0.721334292
1769782177.062261 1.907234989 0.994190210 1.125302823 -0.691006001 0.003352860 -0.049288876 0.721158839
1769782177.072784 1.908774700 0.994195241 1.127801335 -0.691154218 0.003332051 -0.049398276 0.721009400
1769782177.083380 1.910399047 0.994213247 1.130300218 -0.691291157 0.003352606 -0.049527004 0.720869178
1769782177.094232 1.912065501 0.994246326 1.132791832 -0.691497707 0.003214693 -0.049684361 0.720660843
1769782177.104840 1.913726261 0.994304752 1.135235363 -0.691689295 0.003019002 -0.049846088 0.720466635
1769782177.115474 1.915319382 0.994369376 1.137690863 -0.691886486 0.002721629 -0.049897296 0.720274908
1769782177.126705 1.917015760 0.994402280 1.140329578 -0.692017523 0.002359104 -0.049916787 0.720148941
1769782177.137364 1.918720693 0.994398944 1.142937550 -0.692107560 0.002002222 -0.049978941 0.720059179
1769782177.147889 1.920374883 0.994424814 1.145304255 -0.692442093 0.001573091 -0.049962805 0.719739669
1769782177.158664 1.921968898 0.994537755 1.147515530 -0.692823218 0.001131559 -0.049688787 0.719392614
1769782177.169285 1.923629094 0.994808808 1.149494266 -0.693249009 0.000838105 -0.049168102 0.719018503
1769782177.180103 1.925260795 0.995239750 1.151148370 -0.693680784 0.000656193 -0.048511539 0.718646763
1769782177.190976 1.927019866 0.995856190 1.152625453 -0.694306898 0.000565372 -0.047689282 0.718097029
1769782177.201710 1.928723537 0.996546670 1.153788747 -0.695337039 0.000446734 -0.046733277 0.717162606
1769782177.212192 1.930357610 0.997213922 1.154711490 -0.696605072 0.000333318 -0.045788186 0.715992112
1769782177.222722 1.932008470 0.997866360 1.155547706 -0.698002675 0.000248326 -0.044864671 0.714688299
1769782177.233337 1.933741098 0.998526111 1.156396872 -0.699556541 0.000220657 -0.043929724 0.713225614
1769782177.244028 1.935453209 0.999180131 1.157235747 -0.701187788 0.000166201 -0.042948361 0.711681879
1769782177.254782 1.937149180 0.999825285 1.158146583 -0.702738886 0.000099573 -0.041914614 0.710212091
1769782177.265359 1.938873733 1.000445720 1.159019139 -0.704300932 0.000057473 -0.040935124 0.708720333
1769782177.276294 1.940654560 1.001063988 1.159904355 -0.705848084 0.000040433 -0.039951324 0.707235726
1769782177.287116 1.942487075 1.001668647 1.160887237 0.707248611 -0.000051216 0.039029508 -0.705886745
1769782177.297710 1.944183727 1.002248694 1.161825020 0.708611617 0.000027157 0.038079847 -0.704570437
1769782177.308176 1.945913815 1.002814197 1.162832335 0.709823363 0.000051663 0.037162864 -0.703398686
1769782177.318778 1.947646066 1.003354144 1.163869526 0.710911189 0.000027998 0.036307846 -0.702343947
1769782177.329459 1.949466688 1.003894007 1.164945737 0.711972965 -0.000012511 0.035460731 -0.701310939
1769782177.340131 1.951225587 1.004395970 1.166037290 0.712883264 -0.000038195 0.034668753 -0.700425248
1769782177.351040 1.952963237 1.004905783 1.167153787 0.713837135 -0.000002536 0.033795339 -0.699495832
1769782177.361706 1.954761132 1.005399096 1.168298231 0.714692688 -0.000026182 0.032999381 -0.698659718
1769782177.372226 1.956530108 1.005867312 1.169458400 0.715416586 -0.000090361 0.032271820 -0.697952456
1769782177.382764 1.958323049 1.006319275 1.170644734 0.716098617 -0.000192168 0.031580468 -0.697284309
1769782177.393399 1.960024757 1.006749763 1.171786903 0.716736026 -0.000206092 0.030868978 -0.696660988
1769782177.404139 1.961744066 1.007190563 1.172999744 0.717369299 -0.000199573 0.030089694 -0.696043001
1769782177.414824 1.963496986 1.007602999 1.174150617 0.718033553 -0.000258747 0.029377887 -0.695388157
1769782177.425852 1.965295196 1.008001817 1.175343825 0.718619776 -0.000346246 0.028700021 -0.694810626
1769782177.436453 1.967126623 1.008382160 1.176610284 0.719114372 -0.000489805 0.028063947 -0.694324632
1769782177.447072 1.968823629 1.008753003 1.177786307 0.719637495 -0.000552819 0.027390104 -0.693809305
1769782177.458360 1.970548874 1.009131436 1.179010827 0.720171191 -0.000552438 0.026651236 -0.693284114
1769782177.469658 1.972399819 1.009483350 1.180269265 0.720707012 -0.000619127 0.025972974 -0.692752787
1769782177.480300 1.974144410 1.009797942 1.181421835 0.721213843 -0.000703783 0.025358906 -0.692247805
1769782177.491087 1.975921381 1.010104162 1.182599526 0.721685519 -0.000813305 0.024767315 -0.691777370
1769782177.501974 1.977664480 1.010404600 1.183806538 0.722118834 -0.000893213 0.024139053 -0.691347162
1769782177.512474 1.979296600 1.010687525 1.184976968 0.722526080 -0.000913441 0.023493359 -0.690943768
1769782177.523173 1.980914040 1.010953228 1.186084299 0.722978956 -0.000929149 0.022850658 -0.690491429
1769782177.534104 1.982703937 1.011199176 1.187278104 0.723362679 -0.001033192 0.022294226 -0.690107480
1769782177.545031 1.984429468 1.011431180 1.188425039 0.723731058 -0.001107566 0.021745257 -0.689738554
1769782177.555913 1.986133909 1.011650527 1.189563657 0.724093883 -0.001161764 0.021194631 -0.689374707
1769782177.566498 1.987773443 1.011857258 1.190677816 0.724424646 -0.001204314 0.020646867 -0.689043676
1769782177.577087 1.989307230 1.012059084 1.191781590 0.724689661 -0.001201728 0.020074839 -0.688781861
1769782177.587760 1.990940804 1.012235939 1.192915651 0.724916317 -0.001263430 0.019556326 -0.688558122
1769782177.598275 1.992584196 1.012387398 1.193985672 0.725184126 -0.001332278 0.019074608 -0.688289450
1769782177.608997 1.994207325 1.012523996 1.195045119 0.725422756 -0.001402763 0.018584403 -0.688051218
1769782177.619762 1.995844687 1.012652201 1.196126040 0.725610991 -0.001492147 0.018100853 -0.687865410
1769782177.630548 1.997422126 1.012769224 1.197195175 0.725773392 -0.001543455 0.017611654 -0.687706646
1769782177.641434 1.998968270 1.012893983 1.198278517 0.725912665 -0.001530801 0.017098635 -0.687572611
1769782177.652183 2.000517778 1.012999831 1.199347802 0.726017982 -0.001555065 0.016615813 -0.687473190
1769782177.662948 2.002143618 1.013071841 1.200406621 0.726097650 -0.001621964 0.016209843 -0.687398584
1769782177.673419 2.003677650 1.013126235 1.201399022 0.726153016 -0.001683593 0.015815923 -0.687349124
1769782177.683859 2.005216127 1.013163839 1.202385555 0.726172667 -0.001773577 0.015466392 -0.687336092
1769782177.694336 2.006685310 1.013204780 1.203335365 0.726217249 -0.001786443 0.015070450 -0.687297750
1769782177.704772 2.008123823 1.013232267 1.204279069 0.726225500 -0.001793763 0.014687732 -0.687297298
1769782177.715344 2.009532723 1.013254868 1.205218394 0.726217208 -0.001761757 0.014277881 -0.687314778
1769782177.726442 2.011059374 1.013256814 1.206203925 0.726160432 -0.001789792 0.013894855 -0.687382540
1769782177.737252 2.012591268 1.013233315 1.207175529 0.726043395 -0.001886725 0.013594804 -0.687511898
1769782177.747882 2.014081994 1.013202723 1.208091081 0.725945960 -0.001945513 0.013265306 -0.687621051
1769782177.758682 2.015551068 1.013150416 1.208973425 0.725843959 -0.001996861 0.012953159 -0.687734524
1769782177.769696 2.016988647 1.013096135 1.209844676 0.725740833 -0.001999054 0.012623413 -0.687849472
1769782177.780451 2.018381141 1.013034758 1.210692824 0.725616268 -0.001983480 0.012285134 -0.687987044
1769782177.791116 2.019745297 1.012966205 1.211531149 0.725451389 -0.001967519 0.011970308 -0.688166493
1769782177.801731 2.021142057 1.012871532 1.212331739 0.725296429 -0.001982346 0.011697986 -0.688334452
1769782177.812253 2.022539636 1.012758816 1.213107680 0.725123475 -0.002009240 0.011455496 -0.688520646
1769782177.822994 2.023903354 1.012642538 1.213864862 0.724935179 -0.002020280 0.011215111 -0.688722823
1769782177.833694 2.025314411 1.012504321 1.214640068 0.724692355 -0.002046376 0.011027111 -0.688981281
1769782177.844455 2.026645489 1.012371828 1.215378092 0.724445340 -0.002012683 0.010809891 -0.689244546
1769782177.855205 2.027913409 1.012230127 1.216067089 0.724196407 -0.001956739 0.010589952 -0.689509673
1769782177.866283 2.029242758 1.012068366 1.216778009 0.723917953 -0.001886940 0.010343670 -0.689805948
1769782177.877095 2.030522785 1.011895969 1.217428412 0.723646473 -0.001848731 0.010109001 -0.690094321
1769782177.888012 2.031850488 1.011696567 1.218061557 0.723337261 -0.001871189 0.009953196 -0.690420625
1769782177.898940 2.033208610 1.011488983 1.218689151 0.723009066 -0.001874286 0.009785141 -0.690766696
1769782177.909560 2.034434853 1.011293635 1.219234158 0.722687475 -0.001861580 0.009650876 -0.691105063
1769782177.920994 2.035771055 1.011081673 1.219792586 0.722327435 -0.001832948 0.009506385 -0.691483439
1769782177.931726 2.037005806 1.010887670 1.220277781 0.721990699 -0.001799532 0.009365682 -0.691837031
1769782177.942118 2.038159263 1.010716036 1.220690207 0.721672775 -0.001749255 0.009213411 -0.692170831
1769782177.952606 2.039298309 1.010548998 1.221053611 0.721366289 -0.001697901 0.009031836 -0.692492759
1769782177.963116 2.040464652 1.010377366 1.221367884 0.721070554 -0.001671369 0.008884720 -0.692802659
1769782177.973566 2.041654170 1.010200782 1.221628485 0.720784098 -0.001673293 0.008768876 -0.693102151
1769782177.984126 2.042856732 1.010021179 1.221852471 0.720493092 -0.001699303 0.008677175 -0.693405742
1769782177.994704 2.043998373 1.009861198 1.222025923 0.720218951 -0.001681904 0.008559446 -0.693691985
1769782178.005199 2.045136635 1.009697925 1.222137182 0.719961889 -0.001676437 0.008437948 -0.693960279
1769782178.015980 2.046274176 1.009540823 1.222214665 0.719700943 -0.001659387 0.008298178 -0.694232626
1769782178.026615 2.047359573 1.009404160 1.222245748 0.719461168 -0.001620473 0.008136479 -0.694483117
1769782178.037580 2.048484141 1.009253878 1.222208804 0.719244779 -0.001600211 0.007986563 -0.694709006
1769782178.048422 2.049561720 1.009115031 1.222119238 0.719047104 -0.001532117 0.007799182 -0.694915886
1769782178.059377 2.050500769 1.008992128 1.222008863 0.718869370 -0.001525274 0.007684290 -0.695101039
1769782178.069903 2.051800854 1.008821720 1.221796263 0.718633914 -0.001539558 0.007553234 -0.695345868
1769782178.080340 2.052858344 1.008680800 1.221566686 0.718453890 -0.001542063 0.007436715 -0.695533123
1769782178.090973 2.053908278 1.008546099 1.221291840 0.718287900 -0.001525761 0.007325038 -0.695705763
1769782178.101574 2.054934802 1.008424280 1.220973110 0.718144461 -0.001469531 0.007178818 -0.695855472
1769782178.112081 2.055953537 1.008302011 1.220624792 0.718016836 -0.001405630 0.007031935 -0.695988792
1769782178.122731 2.056937281 1.008190148 1.220237380 0.717915078 -0.001327075 0.006856551 -0.696095659
1769782178.133204 2.057921748 1.008076174 1.219799735 0.717836084 -0.001260069 0.006662772 -0.696179127
1769782178.143745 2.058839451 1.007976890 1.219335790 0.717761777 -0.001130500 0.006441415 -0.696258043
1769782178.154500 2.059809730 1.007865285 1.218795676 0.717714964 -0.001024821 0.006242007 -0.696308278
1769782178.165179 2.060789562 1.007740159 1.218219654 0.717661065 -0.000942534 0.006105453 -0.696365156
1769782178.175603 2.061732189 1.007621638 1.217621309 0.717588487 -0.000865599 0.005961678 -0.696441291
1769782178.186153 2.062676600 1.007497082 1.216955667 0.717506551 -0.000831825 0.005828634 -0.696526873
1769782178.196724 2.063589775 1.007387192 1.216265460 0.717386702 -0.000789809 0.005690007 -0.696651506
1769782178.207197 2.064468552 1.007287539 1.215558605 0.717239151 -0.000762480 0.005558947 -0.696804504
1769782178.217941 2.065367785 1.007180505 1.214788288 0.717081082 -0.000744498 0.005448044 -0.696968067
1769782178.228579 2.066253349 1.007073371 1.213967475 0.716902988 -0.000740267 0.005340827 -0.697152088
1769782178.239213 2.067131803 1.006980616 1.213109436 0.716718251 -0.000767493 0.005238241 -0.697342757
1769782178.249918 2.067958673 1.006897963 1.212222940 0.716557754 -0.000762420 0.005114568 -0.697508599
1769782178.260418 2.068777938 1.006806921 1.211294332 0.716384917 -0.000742366 0.005005919 -0.697686921
1769782178.270987 2.069633667 1.006700457 1.210326957 0.716205395 -0.000761039 0.004953543 -0.697871561
1769782178.281613 2.070469009 1.006595701 1.209351042 0.716023032 -0.000797458 0.004920704 -0.698058857
1769782178.292380 2.071332900 1.006480465 1.208298671 0.715836739 -0.000854482 0.004894278 -0.698250011
1769782178.303077 2.072153754 1.006374251 1.207230124 0.715634607 -0.000895891 0.004851588 -0.698457421
1769782178.313594 2.072932999 1.006273978 1.206163794 0.715418107 -0.000933958 0.004812739 -0.698679395
1769782178.324382 2.073716954 1.006170809 1.205028438 0.715202160 -0.000973581 0.004773706 -0.698900661
1769782178.335116 2.074501514 1.006073896 1.203843630 0.715012067 -0.001044921 0.004727598 -0.699095345
1769782178.345912 2.075264944 1.005976733 1.202624201 0.714790381 -0.001093538 0.004688934 -0.699322193
1769782178.356584 2.075982054 1.005898597 1.201361995 0.714619254 -0.001119892 0.004613823 -0.699497520
1769782178.367244 2.076705474 1.005820228 1.200053172 0.714471027 -0.001150270 0.004556996 -0.699649242
1769782178.377908 2.077400270 1.005737089 1.198722270 0.714322557 -0.001160652 0.004487144 -0.699801259
1769782178.388625 2.078080367 1.005653369 1.197328723 0.714222732 -0.001168759 0.004396901 -0.699903701
1769782178.399241 2.078771970 1.005562444 1.195953207 0.714080633 -0.001191571 0.004345877 -0.700048958
1769782178.409871 2.079470206 1.005468198 1.194571544 0.713890756 -0.001248191 0.004346824 -0.700242483
1769782178.420457 2.080161521 1.005363342 1.193152893 0.713682121 -0.001331042 0.004353564 -0.700454927
1769782178.431017 2.080825718 1.005267961 1.191698477 0.713498346 -0.001421562 0.004344561 -0.700642001
1769782178.441764 2.081473649 1.005181104 1.190171753 0.713332222 -0.001489063 0.004324609 -0.700811117
1769782178.452501 2.082092156 1.005111975 1.188609367 0.713207476 -0.001535546 0.004286081 -0.700938205
1769782178.463278 2.082703843 1.005041002 1.186990374 0.713105953 -0.001571231 0.004236908 -0.701041710
1769782178.473887 2.083286852 1.004966800 1.185363113 0.712997635 -0.001595388 0.004173777 -0.701152199
1769782178.484654 2.083849452 1.004894385 1.183716944 0.712912301 -0.001632967 0.004115727 -0.701239221
1769782178.495694 2.084428808 1.004809236 1.181992189 0.712757017 -0.001652753 0.004081803 -0.701397207
1769782178.506542 2.084983348 1.004730006 1.180257098 0.712618066 -0.001690316 0.004046234 -0.701538497
1769782178.517183 2.085494175 1.004662091 1.178596475 0.712492749 -0.001730251 0.003997308 -0.701665954
1769782178.527845 2.086002144 1.004601454 1.176868035 0.712345797 -0.001745315 0.003953479 -0.701815353
1769782178.538358 2.086477406 1.004548881 1.175079545 0.712284860 -0.001745376 0.003872833 -0.701877648
1769782178.549046 2.086956578 1.004479297 1.173297678 0.712212405 -0.001759369 0.003820343 -0.701951422
1769782178.560078 2.087490866 1.004394990 1.171362372 0.712117261 -0.001815454 0.003809568 -0.702047861
1769782178.570516 2.087960882 1.004309031 1.169568829 0.712023825 -0.001845383 0.003811699 -0.702142534
1769782178.581560 2.088426512 1.004230472 1.167728992 0.711910103 -0.001882332 0.003824121 -0.702257673
1769782178.592655 2.088879253 1.004155776 1.165747492 0.711812848 -0.001925658 0.003794573 -0.702356293
1769782178.603305 2.089298742 1.004090734 1.163765742 0.711735105 -0.001941338 0.003738607 -0.702435331
1769782178.613818 2.089693094 1.004041432 1.161838268 0.711688381 -0.001987052 0.003675213 -0.702482877
1769782178.624343 2.090074799 1.003982989 1.159926857 0.711602079 -0.002018322 0.003634885 -0.702570420
1769782178.634964 2.090457542 1.003921095 1.157949420 0.711552751 -0.002050013 0.003601661 -0.702620458
1769782178.645387 2.090802074 1.003849482 1.156016110 0.711454326 -0.002046934 0.003580793 -0.702720236
1769782178.655919 2.091140483 1.003783486 1.154051165 0.711367339 -0.002055409 0.003562785 -0.702808360
1769782178.666572 2.091461327 1.003724624 1.151994269 0.711293827 -0.002069486 0.003520246 -0.702882933
1769782178.677269 2.091767709 1.003678920 1.149982963 0.711228609 -0.002066426 0.003508543 -0.702948992
1769782178.688233 2.092075138 1.003622669 1.147815325 0.711215759 -0.002070125 0.003480783 -0.702962121
1769782178.698977 2.092362175 1.003561724 1.145672778 0.711183246 -0.002039984 0.003453928 -0.702995235
1769782178.709505 2.092624590 1.003499584 1.143575274 0.711140586 -0.002006759 0.003430570 -0.703038598
1769782178.720246 2.092873497 1.003444352 1.141513823 0.711070482 -0.002005175 0.003393992 -0.703109686
1769782178.730850 2.093096423 1.003402846 1.139397701 0.710980543 -0.002017772 0.003337659 -0.703200865
1769782178.741839 2.093355841 1.003350578 1.137198375 0.710919306 -0.002076300 0.003331454 -0.703262633
1769782178.752733 2.093593795 1.003290050 1.134950511 0.710881679 -0.002135350 0.003289348 -0.703300689
1769782178.763191 2.093823409 1.003228757 1.132788793 0.710845909 -0.002200203 0.003280659 -0.703336683
1769782178.774026 2.094015026 1.003162787 1.130643417 0.710775246 -0.002222494 0.003272601 -0.703408061
1769782178.784715 2.094207951 1.003102740 1.128399878 0.710724268 -0.002276869 0.003273803 -0.703459390
1769782178.795172 2.094373674 1.003050933 1.126293109 0.710636676 -0.002313028 0.003305641 -0.703547608
1769782178.805676 2.094525255 1.003008361 1.124074063 0.710621041 -0.002340270 0.003299079 -0.703563341
1769782178.816200 2.094659938 1.002964162 1.121875147 0.710593430 -0.002359051 0.003287613 -0.703591219
1769782178.826707 2.094764311 1.002925503 1.119705561 0.710535635 -0.002353515 0.003257121 -0.703649745
1769782178.837136 2.094870529 1.002866515 1.117539422 0.710484777 -0.002380930 0.003243577 -0.703701067
1769782178.847937 2.094960942 1.002813944 1.115335753 0.710406126 -0.002396212 0.003246311 -0.703780403
1769782178.859224 2.095045334 1.002775254 1.113030900 0.710363468 -0.002446333 0.003243694 -0.703823299
1769782178.870051 2.095117489 1.002729221 1.110588915 0.710362023 -0.002471415 0.003209349 -0.703824828
1769782178.880468 2.095157392 1.002689353 1.108406416 0.710357693 -0.002467834 0.003169721 -0.703829390
1769782178.891037 2.095184767 1.002628986 1.106204114 0.710341776 -0.002483227 0.003135793 -0.703845553
1769782178.901599 2.095200738 1.002576835 1.103946330 0.710302360 -0.002488583 0.003102614 -0.703885458
1769782178.912232 2.095217281 1.002539512 1.101708548 0.710273559 -0.002550489 0.003067477 -0.703914453
1769782178.923000 2.095216760 1.002510972 1.099421890 0.710244317 -0.002599631 0.003033609 -0.703943925
1769782178.933672 2.095199406 1.002475923 1.097104874 0.710241633 -0.002642317 0.002998420 -0.703946625
1769782178.944180 2.095173955 1.002419759 1.094926973 0.710195459 -0.002678312 0.002982057 -0.703993142
1769782178.954718 2.095130855 1.002369982 1.092727542 0.710144774 -0.002700140 0.002973130 -0.704044224
1769782178.965529 2.095068843 1.002338223 1.090441058 0.710111272 -0.002737941 0.002955478 -0.704077943
1769782178.976441 2.095009655 1.002304524 1.088100164 0.710089979 -0.002795655 0.002962518 -0.704099161
1769782178.987464 2.094920555 1.002259880 1.085759923 0.710133117 -0.002817683 0.002908182 -0.704055793
1769782178.998457 2.094807581 1.002208883 1.083398496 0.710103804 -0.002822723 0.002893753 -0.704085396
1769782179.009377 2.094683344 1.002167219 1.081119160 0.710072869 -0.002827605 0.002872877 -0.704116661
1769782179.020340 2.094544754 1.002133193 1.078782450 0.710063958 -0.002850496 0.002848764 -0.704125652
1769782179.031214 2.094416404 1.002104959 1.076484050 0.710065334 -0.002901781 0.002844177 -0.704124074
1769782179.042029 2.094267950 1.002070782 1.074202181 0.710038052 -0.002939835 0.002863431 -0.704151350
1769782179.052631 2.094110304 1.002025223 1.072017484 0.709991645 -0.002972373 0.002875066 -0.704197957
1769782179.063236 2.093936198 1.001985850 1.069838858 0.709940863 -0.003001661 0.002907496 -0.704248896
1769782179.073784 2.093751493 1.001955810 1.067676182 0.709907534 -0.003022022 0.002931456 -0.704282306
1769782179.084661 2.093545584 1.001926385 1.065357764 0.709953277 -0.003054596 0.002912797 -0.704236132
1769782179.095261 2.093336503 1.001887855 1.063161000 0.709943955 -0.003085331 0.002933294 -0.704245311
1769782179.106059 2.093117156 1.001842222 1.060989633 0.709919624 -0.003117516 0.002980066 -0.704269499
1769782179.116927 2.092873635 1.001803504 1.058772828 0.709882005 -0.003139323 0.003014747 -0.704307173
1769782179.127674 2.092629851 1.001779901 1.056632372 0.709847377 -0.003166754 0.003047102 -0.704341812
1769782179.138458 2.092364989 1.001742214 1.054402951 0.709897749 -0.003184779 0.003031230 -0.704291030
1769782179.149604 2.092074474 1.001705923 1.052164884 0.709927408 -0.003171514 0.003030016 -0.704261199
1769782179.160587 2.091767287 1.001668009 1.049927238 0.709902670 -0.003171921 0.003046224 -0.704286063
1769782179.172421 2.091531503 1.001638761 1.048223017 0.709870882 -0.003199857 0.003062588 -0.704317905
1769782179.184742 2.091360205 1.001624909 1.046999816 0.709831095 -0.003232073 0.003071759 -0.704357817
1769782179.196674 2.091102907 1.001600917 1.045238764 0.709857688 -0.003273921 0.003030182 -0.704331003
1769782179.208202 2.090668446 1.001549873 1.042348851 0.709892369 -0.003313540 0.002992343 -0.704296025
1769782179.220088 2.090179570 1.001490070 1.039366959 0.709907198 -0.003290340 0.003010280 -0.704281110
1769782179.230809 2.089663318 1.001435283 1.036373069 0.709882090 -0.003243698 0.003110105 -0.704306200
1769782179.241726 2.089275926 1.001401770 1.034275265 0.709915828 -0.003221747 0.003129211 -0.704272210
1769782179.252338 2.088888595 1.001373558 1.032259723 0.709938547 -0.003209609 0.003150796 -0.704249267
1769782179.263011 2.088474546 1.001347541 1.030242783 0.709962241 -0.003188830 0.003139281 -0.704225527
1769782179.273590 2.088043956 1.001312890 1.028314979 0.709948644 -0.003187707 0.003114363 -0.704239350
1769782179.284249 2.087614524 1.001288235 1.026421822 0.709948146 -0.003206946 0.003076647 -0.704239931
1769782179.294862 2.087165410 1.001260090 1.024507455 0.709951383 -0.003210998 0.003034092 -0.704236833
1769782179.305467 2.086706621 1.001241862 1.022570777 0.709991007 -0.003196744 0.002994079 -0.704197121
1769782179.316347 2.086236341 1.001216618 1.020654839 0.710013505 -0.003209175 0.002947436 -0.704174579
1769782179.326962 2.085766189 1.001187231 1.018816801 0.710003564 -0.003219201 0.002919979 -0.704184671
1769782179.337982 2.085276129 1.001156505 1.016963377 0.709997226 -0.003243897 0.002871967 -0.704191144
1769782179.348806 2.084773827 1.001133266 1.015148102 0.709980928 -0.003252464 0.002844075 -0.704207650
1769782179.359469 2.084254593 1.001120145 1.013347736 0.710000375 -0.003258309 0.002773492 -0.704188298
1769782179.370473 2.083696755 1.001095926 1.011448011 0.710028970 -0.003256782 0.002739052 -0.704159608
1769782179.381086 2.083177884 1.001064793 1.009704280 0.710060388 -0.003250647 0.002729106 -0.704127993
1769782179.391665 2.082627212 1.001036595 1.007987184 0.710057576 -0.003242643 0.002743272 -0.704130811
1769782179.402241 2.082079733 1.001012576 1.006319177 0.710040148 -0.003239617 0.002778561 -0.704148261
1769782179.412696 2.081538529 1.000994783 1.004696407 0.710021657 -0.003259863 0.002804651 -0.704166709
1769782179.423281 2.080980792 1.000973355 1.003057170 0.710030942 -0.003289342 0.002813921 -0.704157173
1769782179.433701 2.080406840 1.000951186 1.001408953 0.710074433 -0.003312961 0.002785087 -0.704113320
1769782179.444189 2.079828326 1.000919949 0.999825055 0.710086664 -0.003327430 0.002768489 -0.704100982
1769782179.454788 2.079227620 1.000901064 0.998269763 0.710098750 -0.003317260 0.002735946 -0.704088969
1769782179.465441 2.078612761 1.000867874 0.996721124 0.710098630 -0.003301903 0.002717612 -0.704089233
1769782179.476059 2.077999669 1.000861489 0.995270352 0.710075926 -0.003280671 0.002707417 -0.704112268
1769782179.486664 2.077364388 1.000832433 0.993773442 0.710095975 -0.003269415 0.002673392 -0.704092231
1769782179.497376 2.076713218 1.000817008 0.992292091 0.710114820 -0.003241091 0.002647561 -0.704073454
1769782179.507950 2.076064308 1.000792548 0.990831046 0.710137567 -0.003230230 0.002640881 -0.704050586
1769782179.518613 2.075392402 1.000770972 0.989403437 0.710154325 -0.003201856 0.002630324 -0.704033851
1769782179.529253 2.074743445 1.000755233 0.988049710 0.710149110 -0.003193131 0.002646484 -0.704039091
1769782179.539815 2.074049801 1.000726899 0.986681000 0.710154080 -0.003179296 0.002614880 -0.704034258
1769782179.550733 2.073383341 1.000706742 0.985404763 0.710120021 -0.003190221 0.002639434 -0.704068470
1769782179.561255 2.072669122 1.000693957 0.984101197 0.710117808 -0.003164442 0.002622145 -0.704070883
1769782179.571897 2.071946473 1.000681828 0.982842087 0.710116427 -0.003120412 0.002600915 -0.704072552
1769782179.582535 2.071205339 1.000671353 0.981595283 0.710147860 -0.003061376 0.002537487 -0.704041339
1769782179.593224 2.070438590 1.000652758 0.980342756 0.710174323 -0.003002494 0.002476676 -0.704015115
1769782179.603952 2.069663530 1.000632097 0.979131175 0.710193794 -0.002942029 0.002417309 -0.703995935
1769782179.614687 2.068902559 1.000614132 0.977965782 0.710209053 -0.002904311 0.002373793 -0.703980846
1769782179.625352 2.068121994 1.000597153 0.976829229 0.710209033 -0.002880756 0.002349880 -0.703981043
1769782179.636125 2.067325880 1.000585765 0.975746629 0.710210927 -0.002834398 0.002296566 -0.703979496
1769782179.646777 2.066548219 1.000571795 0.974724526 0.710186952 -0.002799008 0.002287664 -0.704003854
1769782179.657414 2.065737500 1.000553504 0.973681699 0.710192997 -0.002759909 0.002267419 -0.703997975
1769782179.668357 2.064918445 1.000547115 0.972673831 0.710187465 -0.002739304 0.002246868 -0.704003702
1769782179.679162 2.064106012 1.000523447 0.971704311 0.710184368 -0.002713525 0.002242832 -0.704006939
1769782179.689859 2.063257162 1.000512908 0.970742948 0.710200217 -0.002683074 0.002203586 -0.703991191
1769782179.700375 2.062436263 1.000499747 0.969839803 0.710213861 -0.002679667 0.002169540 -0.703977545
1769782179.711036 2.061613166 1.000473589 0.968975947 0.710218043 -0.002696026 0.002140924 -0.703973351
1769782179.721933 2.060756684 1.000458050 0.968128775 0.710212309 -0.002707951 0.002139895 -0.703979094
1769782179.732776 2.059891945 1.000429837 0.967290526 0.710225828 -0.002749972 0.002127055 -0.703965331
1769782179.743691 2.058984764 1.000423150 0.966512624 0.710212893 -0.002727745 0.002105985 -0.703978530
1769782179.754537 2.058062481 1.000420823 0.965769251 0.710212985 -0.002663350 0.002071756 -0.703978786
1769782179.765488 2.057094073 1.000418601 0.965048226 0.710203100 -0.002583910 0.002034368 -0.703989163
1769782179.776003 2.056190667 1.000426652 0.964428146 0.710173303 -0.002527360 0.001983602 -0.704019572
1769782179.786756 2.055249667 1.000422336 0.963799500 0.710167770 -0.002473844 0.001891303 -0.704025598
1769782179.797513 2.054303694 1.000420753 0.963219698 0.710143080 -0.002440556 0.001834267 -0.704050769
1769782179.808275 2.053341550 1.000421077 0.962658900 0.710123897 -0.002415427 0.001782229 -0.704070338
1769782179.818948 2.052395625 1.000411079 0.962130804 0.710113677 -0.002392151 0.001750235 -0.704080806
1769782179.829573 2.051465147 1.000402237 0.961644928 0.710100400 -0.002389298 0.001744988 -0.704094218
1769782179.840142 2.050483353 1.000397729 0.961174253 0.710096505 -0.002365777 0.001690704 -0.704098358
1769782179.850821 2.049516232 1.000388321 0.960744500 0.710086394 -0.002374269 0.001686314 -0.704108537
1769782179.861438 2.048538221 1.000379139 0.960340791 0.710080839 -0.002373033 0.001662379 -0.704114201
1769782179.872384 2.047547401 1.000366100 0.959965741 0.710070256 -0.002403162 0.001669684 -0.704124753
1769782179.883699 2.046521881 1.000362653 0.959618373 0.710066051 -0.002390987 0.001655639 -0.704129068
1769782179.896394 2.045353388 1.000373148 0.959270865 0.710061073 -0.002338888 0.001606825 -0.704134376
1769782179.908105 2.044113348 1.000377643 0.958930635 0.710073716 -0.002284271 0.001556429 -0.704121919
1769782179.918623 2.042995642 1.000395394 0.958680761 0.710076085 -0.002209663 0.001473484 -0.704119947
1769782179.929186 2.041937592 1.000400311 0.958474317 0.710075919 -0.002152119 0.001405174 -0.704120432
1769782179.939598 2.040871581 1.000402493 0.958313931 0.710068506 -0.002072507 0.001317552 -0.704128317
1769782179.950162 2.039801036 1.000412337 0.958196419 0.710050791 -0.002015200 0.001245771 -0.704146478
1769782179.960724 2.038716695 1.000407494 0.958102362 0.710039350 -0.001945665 0.001190245 -0.704158305
1769782179.971205 2.037629235 1.000419320 0.958072575 0.710002954 -0.001885986 0.001136687 -0.704195254
1769782179.981831 2.036522755 1.000417854 0.958050015 0.709981566 -0.001839482 0.001072061 -0.704217043
1769782179.992377 2.035418935 1.000421570 0.958070593 0.709954685 -0.001804392 0.001045132 -0.704244274
1769782180.002842 2.034318141 1.000425822 0.958132631 0.709921526 -0.001766317 0.001062154 -0.704277771
1769782180.013443 2.033226907 1.000417586 0.958215512 0.709893735 -0.001724182 0.001169874 -0.704305718
1769782180.024017 2.032097134 1.000436577 0.958364839 0.709830572 -0.001626758 0.001246416 -0.704369476
1769782180.034470 2.030918616 1.000451102 0.958513694 0.709783353 -0.001504447 0.001241746 -0.704417338
1769782180.045043 2.029756344 1.000466257 0.958715592 0.709721881 -0.001426197 0.001273063 -0.704479380
1769782180.055613 2.028566737 1.000481460 0.958942222 0.709667181 -0.001313330 0.001270203 -0.704534708
1769782180.066230 2.027370248 1.000485114 0.959191168 0.709624563 -0.001255608 0.001282394 -0.704577716
1769782180.076910 2.026228508 1.000484376 0.959463943 0.709580207 -0.001260452 0.001316062 -0.704622317
1769782180.087759 2.025056919 1.000489258 0.959755379 0.709540995 -0.001230965 0.001306131 -0.704661873
1769782180.098217 2.023787819 1.000490177 0.960108139 0.709493406 -0.001203848 0.001278439 -0.704709886
1769782180.108701 2.022578776 1.000498876 0.960484621 0.709441152 -0.001173577 0.001247586 -0.704762597
1769782180.119251 2.021365416 1.000501423 0.960888038 0.709389053 -0.001155731 0.001208213 -0.704815136
1769782180.129856 2.020161067 1.000506016 0.961344833 0.709317826 -0.001152620 0.001210036 -0.704886820
1769782180.140592 2.018917364 1.000514751 0.961841688 0.709243163 -0.001150846 0.001195477 -0.704961972
1769782180.151388 2.017650807 1.000516368 0.962342958 0.709185610 -0.001153198 0.001197456 -0.705019862
1769782180.161995 2.016371255 1.000540201 0.962877342 0.709120058 -0.001096170 0.001160064 -0.705085949
1769782180.172598 2.015094414 1.000549848 0.963416729 0.709064130 -0.001042421 0.001122207 -0.705142336
1769782180.183146 2.013781016 1.000567638 0.963986376 0.709003152 -0.000940046 0.001046164 -0.705203908
1769782180.193759 2.012477657 1.000585953 0.964547462 0.708964215 -0.000858549 0.000957324 -0.705243283
1769782180.204247 2.011170937 1.000584510 0.965152480 0.708912242 -0.000813686 0.000901344 -0.705295653
1769782180.214914 2.009895716 1.000595373 0.965800262 0.708839765 -0.000796697 0.000874995 -0.705368547
1769782180.225765 2.008575248 1.000590175 0.966497866 0.708762722 -0.000823622 0.000870256 -0.705445935
1769782180.236702 2.007215561 1.000603434 0.967241296 0.708665185 -0.000779992 0.000822224 -0.705544025
1769782180.247614 2.005853170 1.000620973 0.968004432 0.708572205 -0.000754669 0.000801297 -0.705637456
1769782180.258426 2.004690828 1.000625963 0.968662938 0.708497965 -0.000737375 0.000779589 -0.705712039
1769782180.269107 2.003195798 1.000638971 0.969537545 0.708400835 -0.000761261 0.000769487 -0.705809525
1769782180.279688 2.001864451 1.000651512 0.970294730 0.708330183 -0.000751133 0.000729047 -0.705880483
1769782180.290210 2.000514172 1.000659260 0.971073213 0.708252733 -0.000713395 0.000646716 -0.705958313
1769782180.300704 1.999133015 1.000676230 0.971915184 0.708147345 -0.000675512 0.000571421 -0.706064130
1769782180.311172 1.997764582 1.000691449 0.972775420 0.708034947 -0.000608451 0.000465679 -0.706176980
1769782180.321785 1.996402150 1.000701686 0.973641622 0.707929635 -0.000568225 0.000364431 -0.706282646
1769782180.332328 1.995043187 1.000715974 0.974525007 0.707816309 -0.000494795 0.000300290 -0.706396303
1769782180.342865 1.993693866 1.000720585 0.975399602 0.707727759 -0.000483786 0.000252905 -0.706485046
1769782180.353466 1.992357454 1.000719307 0.976263530 0.707644199 -0.000488912 0.000222716 -0.706568751
1769782180.364094 1.991017414 1.000714788 0.977155388 0.707554483 -0.000492139 0.000208002 -0.706658594
1769782180.374565 1.989676957 1.000709678 0.978089103 0.707439694 -0.000479963 0.000210982 -0.706773517
1769782180.385092 1.988360437 1.000709199 0.979049354 0.707299775 -0.000457672 0.000210175 -0.706913555
1769782180.395703 1.987013119 1.000714494 0.980005101 0.707175686 -0.000423730 0.000183792 -0.707037719
1769782180.406195 1.985648794 1.000726491 0.980984488 -0.707042851 0.000355037 -0.000122423 0.707170605
1769782180.416732 1.984267016 1.000735230 0.981955794 -0.706929276 0.000270302 -0.000062037 0.707284188
1769782180.427244 1.982931645 1.000727588 0.982872735 -0.706842013 0.000193989 0.000006091 0.707371424
1769782180.437983 1.981510977 1.000721491 0.983881387 -0.706725447 0.000066495 0.000102318 0.707487900
1769782180.448619 1.980182346 1.000718096 0.984891639 -0.706587874 0.000021337 0.000168684 0.707625288
1769782180.459158 1.978851757 1.000718940 0.985945877 -0.706433475 -0.000032126 0.000239324 0.707779405
1769782180.469733 1.977526753 1.000708649 0.986986313 -0.706295083 -0.000085654 0.000295403 0.707917482
1769782180.480365 1.976241720 1.000694413 0.988011792 -0.706154248 -0.000115412 0.000314692 0.708057954
1769782180.490854 1.974958858 1.000691394 0.989025833 -0.706018327 -0.000187357 0.000332221 0.708193460
1769782180.501651 1.973700864 1.000672028 0.990078228 -0.705849911 -0.000248323 0.000261632 0.708361329
1769782180.512217 1.972424089 1.000648677 0.991124413 -0.705671108 -0.000397864 0.000221476 0.708539399
1769782180.522904 1.971155486 1.000620314 0.992202491 -0.705451245 -0.000562767 0.000224424 0.708758191
1769782180.533511 1.969854444 1.000612708 0.993335206 -0.705188692 -0.000752578 0.000286977 0.709019224
1769782180.544318 1.968583842 1.000604327 0.994449312 -0.704933217 -0.000973872 0.000359503 0.709272925
1769782180.555182 1.967319297 1.000587987 0.995573653 -0.704668359 -0.001229052 0.000425419 0.709535631
1769782180.565980 1.966069596 1.000561024 0.996686060 -0.704415089 -0.001494141 0.000497625 0.709786519
1769782180.576670 1.964856069 1.000522659 0.997810951 -0.704140598 -0.001720545 0.000586915 0.710058247
1769782180.587401 1.963646972 1.000493751 0.998989073 -0.703809798 -0.002010067 0.000667080 0.710385306
1769782180.598099 1.962480868 1.000460519 1.000196837 -0.703450313 -0.002263453 0.000724372 0.710740465
1769782180.608736 1.961348090 1.000431118 1.001397951 -0.703091011 -0.002496274 0.000825623 0.711095013
1769782180.619384 1.960246373 1.000396887 1.002602055 -0.702719775 -0.002704522 0.000913059 0.711461011
1769782180.630126 1.959147011 1.000365339 1.003780254 -0.702363844 -0.002943780 0.000996210 0.711811332
1769782180.640802 1.958017171 1.000337172 1.004996906 -0.701999432 -0.003256978 0.001161231 0.712169110
1769782180.651556 1.956913763 1.000301615 1.006251692 -0.701607502 -0.003530936 0.001351482 0.712553591
1769782180.662390 1.955819911 1.000259561 1.007574301 -0.701177440 -0.003830362 0.001538016 0.712974867
1769782180.672946 1.954772050 1.000218777 1.008890764 -0.700749198 -0.004146137 0.001690104 0.713393660
1769782180.683529 1.953788099 1.000179282 1.010163186 -0.700336883 -0.004483824 0.001828522 0.713796051
1769782180.694225 1.952769193 1.000135487 1.011478923 -0.699933960 -0.004861281 0.001995543 0.714188236
1769782180.704775 1.951797956 1.000082185 1.012789165 -0.699534894 -0.005213010 0.002153652 0.714576181
1769782180.715413 1.950833908 1.000031916 1.014117122 -0.699134621 -0.005584815 0.002357389 0.714964359
1769782180.726354 1.949869443 0.999974508 1.015558763 -0.698671139 -0.005905480 0.002563960 0.715413999
1769782180.737279 1.948909422 0.999921357 1.017038756 -0.698172863 -0.006245690 0.002770537 0.715896619
1769782180.748089 1.947985077 0.999861613 1.018532709 -0.697670270 -0.006564808 0.002918656 0.716382984
1769782180.758667 1.947130177 0.999808333 1.019947058 -0.697193879 -0.006849768 0.003057666 0.716843377
1769782180.769801 1.946185010 0.999745323 1.021515137 -0.696665758 -0.007161292 0.003261911 0.717352701
1769782180.780569 1.945306869 0.999682410 1.023039540 -0.696138697 -0.007475292 0.003423791 0.717860232
1769782180.791595 1.944399108 0.999629614 1.024685585 -0.695556114 -0.007875452 0.003573111 0.718419726
1769782180.802436 1.943500107 0.999588092 1.026394087 -0.694971182 -0.008294667 0.003735486 0.718980042
1769782180.813182 1.942675194 0.999551789 1.028023788 -0.694453950 -0.008673115 0.003965009 0.719473952
1769782180.823917 1.941829154 0.999508461 1.029705751 -0.693962554 -0.009078056 0.004239154 0.719941381
1769782180.834669 1.940974245 0.999461046 1.031457853 -0.693457598 -0.009556848 0.004525150 0.720419843
1769782180.845095 1.940173985 0.999408368 1.033163506 -0.692993014 -0.010026071 0.004811660 0.720858522
1769782180.855617 1.939352243 0.999359767 1.034948857 -0.692513809 -0.010511373 0.005149580 0.721309654
1769782180.866128 1.938534658 0.999325893 1.036756226 -0.692059108 -0.011004913 0.005512916 0.721735887
1769782180.876708 1.937711868 0.999292571 1.038532032 -0.691688228 -0.011534072 0.005905654 0.722079971
1769782180.887299 1.936890074 0.999253832 1.040383630 -0.691286415 -0.012100613 0.006274060 0.722452285
1769782180.897929 1.936025572 0.999204590 1.042292709 -0.690889233 -0.012705347 0.006692401 0.722817994
1769782180.908380 1.935145605 0.999176003 1.044255979 -0.690474280 -0.013336777 0.007117636 0.723198962
1769782180.918931 1.934240628 0.999153539 1.046232613 -0.690093246 -0.013979247 0.007586193 0.723545674
1769782180.929595 1.933311261 0.999124684 1.048190168 -0.689814071 -0.014640366 0.008129040 0.723792875
1769782180.940092 1.932381009 0.999109367 1.050236804 -0.689490312 -0.015326053 0.008643755 0.724081146
1769782180.950644 1.931474665 0.999081125 1.052344971 -0.689130626 -0.016005717 0.009097760 0.724403222
1769782180.961096 1.930559162 0.999051667 1.054468552 -0.688797760 -0.016670087 0.009569493 0.724698681
1769782180.971611 1.929618041 0.999050946 1.056607695 -0.688504429 -0.017344490 0.010074159 0.724954710
1769782180.982206 1.928697808 0.999042421 1.058722292 -0.688267155 -0.017991232 0.010581530 0.725156997
1769782180.992634 1.927737903 0.999024407 1.060958225 -0.687966691 -0.018622003 0.011106173 0.725418297
1769782181.003346 1.926716905 0.999004164 1.063259796 -0.687658626 -0.019277720 0.011648228 0.725684713
1769782181.013961 1.925660813 0.999001911 1.065586820 -0.687390373 -0.019966655 0.012213787 0.725910898
1769782181.024635 1.924568136 0.999010727 1.067899954 -0.687215682 -0.020671042 0.012809136 0.726046307
1769782181.035080 1.923472019 0.999010305 1.070249823 -0.686989769 -0.021375089 0.013371500 0.726229554
1769782181.045569 1.922387198 0.999003965 1.072651088 -0.686752877 -0.022020508 0.013905463 0.726424270
1769782181.056364 1.921312378 0.999006864 1.075117919 -0.686499446 -0.022606450 0.014411129 0.726635932
1769782181.066877 1.920192121 0.999026238 1.077562817 -0.686311815 -0.023196506 0.014940138 0.726783879
1769782181.077420 1.919028716 0.999042431 1.079980747 -0.686172504 -0.023810826 0.015495402 0.726883919
1769782181.088025 1.917754691 0.999052393 1.082588003 -0.685914679 -0.024457290 0.016092372 0.727092793
1769782181.098706 1.916502296 0.999056979 1.085139186 -0.685718290 -0.025055949 0.016625908 0.727245629
1769782181.109314 1.915235366 0.999075475 1.087652708 -0.685629010 -0.025637100 0.017179951 0.727296672
1769782181.119889 1.914008073 0.999094711 1.090199951 -0.685553806 -0.026160229 0.017659115 0.727337457
1769782181.130489 1.912727354 0.999099635 1.092792284 -0.685428522 -0.026627370 0.018197941 0.727425295
1769782181.141315 1.911315915 0.999120041 1.095515608 -0.685275151 -0.027131769 0.018765233 0.727536735
1769782181.151984 1.909932837 0.999158082 1.098076674 -0.685228979 -0.027618176 0.019295236 0.727548058
1769782181.162576 1.908530288 0.999197475 1.100675728 -0.685253421 -0.028043925 0.019858708 0.727493587
1769782181.175564 1.907163534 0.999219569 1.103358994 -0.685179591 -0.028353384 0.020349642 0.727537563
1769782181.191344 1.905346415 0.999259185 1.106733119 -0.685045004 -0.028765094 0.020998057 0.727629709
1769782181.203148 1.903627440 0.999321498 1.109714254 -0.685129742 -0.029103935 0.021628146 0.727517987
1769782181.214105 1.901440854 0.999367074 1.113604420 -0.685194863 -0.029415382 0.022341958 0.727422554
1769782181.224872 1.899897434 0.999386755 1.116342858 -0.685239033 -0.029540614 0.022817363 0.727361112
1769782181.235677 1.898265058 0.999434193 1.119051315 -0.685333987 -0.029674200 0.023356931 0.727249079
1769782181.246488 1.896635363 0.999491097 1.121712220 -0.685555453 -0.029694171 0.023873443 0.727022720
1769782181.257147 1.895093590 0.999531725 1.124343807 -0.685698058 -0.029648652 0.024287309 0.726876370
1769782181.267758 1.893457962 0.999575027 1.127063721 -0.685823198 -0.029536277 0.024749321 0.726747288
1769782181.278476 1.891847102 0.999619802 1.129700577 -0.685962939 -0.029316327 0.025211045 0.726608425
1769782181.289148 1.890172134 0.999677525 1.132345780 -0.686113076 -0.029051128 0.025705199 0.726459993
1769782181.299858 1.888525825 0.999731539 1.134959132 -0.686413168 -0.028672898 0.026103833 0.726177263
1769782181.310509 1.886877176 0.999758641 1.137561665 -0.686634145 -0.028275640 0.026464183 0.725970857
1769782181.321264 1.885188799 0.999791255 1.140183575 -0.686854177 -0.027810231 0.026838425 0.725766925
1769782181.331925 1.883506562 0.999840894 1.142745478 -0.687151513 -0.027250855 0.027193473 0.725493421
1769782181.342480 1.881861054 0.999920791 1.145267837 -0.687409230 -0.026587138 0.027506474 0.725262069
1769782181.353163 1.880146327 0.999992796 1.147787575 -0.687680899 -0.025853352 0.027856049 0.725017672
1769782181.363969 1.878416390 1.000028579 1.150356972 -0.687953760 -0.025051872 0.028162858 0.724775056
1769782181.374811 1.876711566 1.000028265 1.152993074 -0.688179005 -0.024270404 0.028222411 0.724585468
1769782181.385415 1.875042148 1.000026937 1.155523309 -0.688497532 -0.023687362 0.028008458 0.724310419
1769782181.396082 1.873308258 1.000108129 1.157844609 -0.689009752 -0.023226590 0.027604851 0.723853617
1769782181.406804 1.871551586 1.000327446 1.159958327 -0.689457910 -0.022790677 0.027130653 0.723458570
1769782181.417888 1.869802495 1.000745321 1.161799396 -0.689936420 -0.022331938 0.026557860 0.723037828
1769782181.428450 1.868086655 1.001316096 1.163252439 -0.690597340 -0.021872807 0.025986086 0.722441429
1769782181.439134 1.866270378 1.001964815 1.164481547 -0.691542286 -0.021502721 0.025524117 0.721564563
1769782181.449893 1.864487580 1.002616564 1.165481162 -0.692878923 -0.021132403 0.025040408 0.720309099
1769782181.460730 1.862649693 1.003270094 1.166448334 -0.694401076 -0.020743462 0.024547812 0.718870127
1769782181.471253 1.860857589 1.003897121 1.167402833 -0.695907199 -0.020381795 0.024067237 0.717438862
1769782181.481894 1.859054623 1.004496869 1.168300011 -0.697476380 -0.020050758 0.023659123 0.715936389
1769782181.492430 1.857207522 1.005087655 1.169213649 -0.699041775 -0.019714495 0.023238055 0.714431193
1769782181.503018 1.855395887 1.005651265 1.170136803 -0.700554236 -0.019367490 0.022794523 0.712972000
1769782181.513510 1.853608892 1.006199833 1.171035866 -0.702054454 -0.019052093 0.022326347 0.711518162
1769782181.524158 1.851784879 1.006734150 1.171987090 -0.703412983 -0.018785206 0.021877004 0.710196232
1769782181.534701 1.849908529 1.007257310 1.173034813 -0.704658414 -0.018547009 0.021449508 0.708979863
1769782181.545814 1.847997228 1.007787957 1.174095565 -0.705955465 -0.018227866 0.020964865 0.707711171
1769782181.556386 1.846218615 1.008260026 1.175147348 0.707012971 0.017939635 -0.020515441 -0.706675275
1769782181.567103 1.844402256 1.008707266 1.176191637 0.708070549 0.017711930 -0.020078797 -0.705633919
1769782181.577848 1.842555115 1.009149838 1.177251073 0.709073280 0.017483333 -0.019645177 -0.704644225
1769782181.589295 1.840603971 1.009586219 1.178445222 0.709920286 0.017277443 -0.019268877 -0.703806356
1769782181.600095 1.838739555 1.010031760 1.179654048 0.710780054 0.016974765 -0.018791910 -0.702958346
1769782181.610629 1.836930910 1.010417528 1.180794667 0.711485679 0.016756851 -0.018394371 -0.702259911
1769782181.621363 1.835076225 1.010775552 1.181957204 0.712128850 0.016574824 -0.018050927 -0.701620937
1769782181.632019 1.833242327 1.011118555 1.183088686 0.712795432 0.016409181 -0.017673884 -0.700957234
1769782181.642473 1.831486549 1.011459924 1.184210501 0.713399534 0.016215511 -0.017270438 -0.700356976
1769782181.653268 1.829752850 1.011775854 1.185346390 0.713954650 0.016023389 -0.016853590 -0.699805662
1769782181.664180 1.827906276 1.012077501 1.186550197 0.714473748 0.015871906 -0.016487735 -0.699287853
1769782181.675091 1.825993651 1.012376974 1.187757508 0.715009554 0.015717628 -0.016126852 -0.698751900
1769782181.685763 1.824224501 1.012638681 1.188873126 0.715478129 0.015583808 -0.015805955 -0.698282439
1769782181.696371 1.822545482 1.012896946 1.189978626 0.715946442 0.015352281 -0.015412954 -0.697816194
1769782181.706945 1.820810810 1.013126882 1.191090777 0.716383011 0.015182680 -0.015064503 -0.697379330
1769782181.717530 1.819026009 1.013338157 1.192177637 0.716844405 0.015063125 -0.014758142 -0.696914198
1769782181.728274 1.817297226 1.013538684 1.193244399 0.717274182 0.014916469 -0.014436862 -0.696481747
1769782181.738812 1.815560956 1.013734547 1.194374733 0.717599698 0.014774763 -0.014138601 -0.696155500
1769782181.749366 1.813934279 1.013916480 1.195445929 0.717959590 0.014560267 -0.013758853 -0.695796465
1769782181.759863 1.812262138 1.014062131 1.196481337 0.718308247 0.014417749 -0.013442873 -0.695445670
1769782181.770506 1.810528720 1.014190920 1.197501627 0.718662068 0.014314056 -0.013161121 -0.695087567
1769782181.781014 1.808870774 1.014308873 1.198493810 0.718982326 0.014197253 -0.012873571 -0.694764078
1769782181.791742 1.807194592 1.014425704 1.199528927 0.719254986 0.014059645 -0.012562072 -0.694490307
1769782181.802468 1.805632163 1.014533655 1.200530603 0.719516427 0.013862415 -0.012193734 -0.694229975
1769782181.813112 1.804002514 1.014616415 1.201531287 0.719740786 0.013725209 -0.011904103 -0.694005124
1769782181.823944 1.802314407 1.014681153 1.202524930 0.719937408 0.013635982 -0.011651131 -0.693807207
1769782181.834736 1.800612346 1.014727303 1.203528892 0.720105114 0.013529897 -0.011418883 -0.693639082
1769782181.845526 1.799036744 1.014764270 1.204463082 0.720268095 0.013371607 -0.011130924 -0.693477594
1769782181.856214 1.797559707 1.014800883 1.205370180 0.720414919 0.013175131 -0.010806585 -0.693333958
1769782181.866952 1.795979997 1.014811093 1.206287526 0.720532872 0.013031554 -0.010548424 -0.693218068
1769782181.877628 1.794372280 1.014799298 1.207184499 0.720636951 0.012908777 -0.010335355 -0.693115379
1769782181.888334 1.792800624 1.014773280 1.208068009 0.720691577 0.012802830 -0.010145884 -0.693063345
1769782181.899096 1.791251066 1.014742795 1.208962233 0.720704557 0.012648630 -0.009925150 -0.693055875
1769782181.909999 1.789825289 1.014716874 1.209827638 0.720692817 0.012438503 -0.009654846 -0.693075703
1769782181.920644 1.788344813 1.014665058 1.210669069 0.720671686 0.012274604 -0.009411486 -0.693103945
1769782181.931122 1.786862787 1.014584405 1.211457989 0.720636997 0.012150677 -0.009238788 -0.693144519
1769782181.941748 1.785362720 1.014486544 1.212228595 0.720585999 0.012061757 -0.009099531 -0.693200931
1769782181.952486 1.783918434 1.014391540 1.212986651 0.720519758 0.011923789 -0.008910214 -0.693274628
1769782181.963252 1.782490892 1.014286092 1.213743252 0.720423686 0.011754465 -0.008704853 -0.693379961
1769782181.973837 1.781160139 1.014181139 1.214465988 0.720321815 0.011539492 -0.008456733 -0.693492470
1769782181.984727 1.779746262 1.014041999 1.215179344 0.720174078 0.011403435 -0.008298308 -0.693650054
1769782181.995359 1.778290798 1.013886975 1.215877134 0.720011296 0.011272431 -0.008190747 -0.693822439
1769782182.006082 1.776921114 1.013727786 1.216529844 0.719836527 0.011127524 -0.008081437 -0.694007380
1769782182.016791 1.775555085 1.013557720 1.217176333 0.719632588 0.010964044 -0.007961438 -0.694222834
1769782182.027366 1.774289017 1.013394509 1.217805755 0.719399866 0.010754296 -0.007795174 -0.694469160
1769782182.038007 1.773005626 1.013209593 1.218409060 0.719151936 0.010573034 -0.007637654 -0.694730430
1769782182.048808 1.771687548 1.013006489 1.218962484 0.718902494 0.010418928 -0.007535578 -0.694991989
1769782182.059502 1.770338240 1.012792806 1.219491235 0.718627630 0.010291002 -0.007461586 -0.695278900
1769782182.070132 1.769043072 1.012586106 1.219948740 0.718368415 0.010167892 -0.007376357 -0.695549441
1769782182.080633 1.767813528 1.012399578 1.220373572 0.718102157 0.010025877 -0.007270397 -0.695827504
1769782182.091480 1.766606330 1.012219942 1.220743649 0.717855144 0.009850353 -0.007131883 -0.696086272
1769782182.102262 1.765383172 1.012042954 1.221083641 0.717608630 0.009668811 -0.006958081 -0.696344708
1769782182.112895 1.764146111 1.011859164 1.221352968 0.717374700 0.009549529 -0.006874183 -0.696588180
1769782182.123358 1.762914396 1.011676479 1.221559875 0.717166210 0.009440654 -0.006808338 -0.696804957
1769782182.133823 1.761701861 1.011501687 1.221724836 0.716970195 0.009320949 -0.006749974 -0.697008822
1769782182.144710 1.760509317 1.011339624 1.221838713 0.716788175 0.009160669 -0.006657046 -0.697199024
1769782182.155604 1.759343117 1.011181294 1.221903232 0.716615241 0.008989197 -0.006531008 -0.697380196
1769782182.166259 1.758265473 1.011045071 1.221919857 0.716457139 0.008783014 -0.006383239 -0.697546616
1769782182.176833 1.757101555 1.010889710 1.221882098 0.716298087 0.008630590 -0.006284749 -0.697712739
1769782182.187419 1.755933455 1.010731174 1.221791293 0.716150051 0.008556602 -0.006236855 -0.697866026
1769782182.197879 1.754796853 1.010580194 1.221660523 0.716013414 0.008445752 -0.006175580 -0.698008111
1769782182.208298 1.753699633 1.010437527 1.221481541 0.715903451 0.008316105 -0.006078045 -0.698123305
1769782182.219230 1.752623536 1.010305913 1.221246775 0.715828085 0.008182921 -0.005950233 -0.698203257
1769782182.230381 1.751557913 1.010181380 1.220952736 0.715775395 0.007961292 -0.005741743 -0.698261580
1769782182.241221 1.750459333 1.010047788 1.220602738 0.715750978 0.007801734 -0.005587492 -0.698289661
1769782182.251720 1.749412092 1.009917794 1.220240687 0.715738392 0.007665866 -0.005466903 -0.698305021
1769782182.262222 1.748344243 1.009790871 1.219820906 0.715745254 0.007531272 -0.005352533 -0.698300338
1769782182.272743 1.747310517 1.009664462 1.219380528 0.715735303 0.007400227 -0.005223533 -0.698312915
1769782182.283386 1.746310165 1.009554140 1.218890259 0.715722677 0.007275821 -0.005090380 -0.698328147
1769782182.294106 1.745314852 1.009440311 1.218340279 0.715672572 0.007120847 -0.004946477 -0.698382127
1769782182.304631 1.744412656 1.009344706 1.217757134 0.715628910 0.006946505 -0.004755265 -0.698429952
1769782182.315246 1.743464362 1.009233855 1.217135625 0.715553719 0.006838796 -0.004620862 -0.698508951
1769782182.325768 1.742492853 1.009110787 1.216488882 0.715422435 0.006770275 -0.004538274 -0.698644622
1769782182.336256 1.741507262 1.008990035 1.215794156 0.715294293 0.006741656 -0.004491771 -0.698776394
1769782182.347079 1.740536859 1.008874583 1.215066263 0.715123557 0.006685767 -0.004453899 -0.698951903
1769782182.357890 1.739599726 1.008766662 1.214288053 0.714946906 0.006627584 -0.004404832 -0.699133459
1769782182.368474 1.738699757 1.008666972 1.213490696 0.714753717 0.006555016 -0.004355726 -0.699331955
1769782182.378902 1.737868763 1.008581853 1.212662841 0.714587397 0.006438495 -0.004278241 -0.699503463
1769782182.389415 1.737012053 1.008485646 1.211742289 0.714477528 0.006353284 -0.004195387 -0.699616964
1769782182.399874 1.736135168 1.008388113 1.210833507 0.714327730 0.006304296 -0.004168115 -0.699770518
1769782182.410336 1.735259518 1.008279939 1.209869559 0.714198795 0.006282171 -0.004129713 -0.699902537
1769782182.421160 1.734386665 1.008168466 1.208878905 0.714052367 0.006261173 -0.004095058 -0.700052317
1769782182.431707 1.733535781 1.008065965 1.207828236 0.713899185 0.006244819 -0.004066458 -0.700208840
1769782182.442397 1.732727787 1.007973555 1.206776411 0.713724237 0.006195093 -0.004018434 -0.700387882
1769782182.453082 1.731959927 1.007872419 1.205690629 0.713564385 0.006150111 -0.003955735 -0.700551495
1769782182.464110 1.731185126 1.007788885 1.204510741 0.713378547 0.006073819 -0.003890589 -0.700741764
1769782182.474752 1.730420259 1.007697835 1.203324439 0.713221706 0.006014411 -0.003856324 -0.700902100
1769782182.485488 1.729642445 1.007607828 1.202125712 0.713053835 0.005990473 -0.003883428 -0.701072936
1769782182.496004 1.728851183 1.007506249 1.200891050 0.712880129 0.005985235 -0.003920827 -0.701249403
1769782182.506579 1.728088760 1.007418188 1.199592792 0.712741521 0.005983698 -0.003930010 -0.701390244
1769782182.517271 1.727370876 1.007340354 1.198275252 0.712612494 0.005960287 -0.003922776 -0.701521575
1769782182.528029 1.726676688 1.007257195 1.196908840 0.712476365 0.005900246 -0.003897367 -0.701660478
1769782182.538865 1.725975442 1.007173844 1.195458887 0.712396444 0.005862951 -0.003869061 -0.701742091
1769782182.549543 1.725346049 1.007099350 1.194077935 0.712278424 0.005785076 -0.003829884 -0.701862745
1769782182.560189 1.724721297 1.007023524 1.192614475 0.712165243 0.005690625 -0.003771060 -0.701978677
1769782182.570721 1.724080794 1.006942808 1.191162077 0.712066043 0.005663792 -0.003749853 -0.702079632
1769782182.581265 1.723447991 1.006864553 1.189694211 0.711965618 0.005640906 -0.003729058 -0.702181767
1769782182.591904 1.722795310 1.006785424 1.188120781 0.711893414 0.005650026 -0.003713819 -0.702254976
1769782182.603162 1.722141952 1.006712109 1.186422564 0.711828137 0.005639994 -0.003691989 -0.702321339
1769782182.613966 1.721547720 1.006648654 1.184778739 0.711742995 0.005599715 -0.003675328 -0.702408032
1769782182.624824 1.720969140 1.006579394 1.183134955 0.711641312 0.005551571 -0.003658274 -0.702511523
1769782182.635323 1.720414615 1.006512359 1.181481494 0.711569459 0.005531762 -0.003619486 -0.702584659
1769782182.645987 1.719930623 1.006451242 1.179870677 0.711446597 0.005468558 -0.003563826 -0.702709851
1769782182.656464 1.719467128 1.006399746 1.178163127 0.711380683 0.005414610 -0.003450977 -0.702777558
1769782182.667009 1.718961775 1.006335977 1.176451116 0.711305241 0.005421795 -0.003404825 -0.702854086
1769782182.677591 1.718442879 1.006274143 1.174695459 0.711226447 0.005461667 -0.003374418 -0.702933656
1769782182.688116 1.717916848 1.006202524 1.172882950 0.711192310 0.005512949 -0.003366043 -0.702967834
1769782182.698724 1.717422456 1.006136173 1.171083808 0.711131659 0.005523470 -0.003357167 -0.703029149
1769782182.709326 1.716969014 1.006077915 1.169241376 0.711084157 0.005507401 -0.003336288 -0.703077421
1769782182.720001 1.716553066 1.006011938 1.167419405 0.711037992 0.005466946 -0.003295770 -0.703124616
1769782182.730463 1.716148718 1.005959089 1.165610277 0.710946912 0.005430921 -0.003281226 -0.703217056
1769782182.740896 1.715748008 1.005908065 1.163775674 0.710874897 0.005429040 -0.003266964 -0.703289935
1769782182.751719 1.715353456 1.005864030 1.161859534 0.710798415 0.005405742 -0.003253650 -0.703367475
1769782182.762143 1.715019849 1.005832689 1.159936835 0.710764499 0.005346022 -0.003194262 -0.703402477
1769782182.772617 1.714662265 1.005781502 1.157988248 0.710741187 0.005308698 -0.003169554 -0.703426426
1769782182.783284 1.714295441 1.005721934 1.156047568 0.710713447 0.005306422 -0.003179799 -0.703454425
1769782182.794091 1.713931782 1.005651158 1.154022978 0.710651997 0.005297755 -0.003204499 -0.703516457
1769782182.804700 1.713581411 1.005592193 1.152025643 0.710557591 0.005292910 -0.003258542 -0.703611595
1769782182.815437 1.713258690 1.005550716 1.150029029 0.710477998 0.005297453 -0.003301528 -0.703691730
1769782182.825918 1.712970546 1.005516293 1.147971147 0.710454951 0.005256774 -0.003306800 -0.703715279
1769782182.836436 1.712685948 1.005472345 1.145911230 0.710474303 0.005244762 -0.003283181 -0.703695942
1769782182.847111 1.712421449 1.005426447 1.143872506 0.710426259 0.005223476 -0.003272921 -0.703744651
1769782182.857816 1.712180762 1.005380457 1.141823208 0.710344354 0.005221069 -0.003248540 -0.703827455
1769782182.868411 1.711962835 1.005341300 1.139759430 0.710268012 0.005234811 -0.003212185 -0.703904560
1769782182.879095 1.711752923 1.005305543 1.137706804 0.710196772 0.005240603 -0.003189592 -0.703976496
1769782182.889895 1.711562170 1.005282089 1.135484972 0.710250043 0.005247394 -0.003103469 -0.703923085
1769782182.900469 1.711410114 1.005256774 1.133321683 0.710258965 0.005199864 -0.003028164 -0.703914763
1769782182.911233 1.711225879 1.005214044 1.131182446 0.710245586 0.005185303 -0.003020969 -0.703928401
1769782182.921921 1.711043579 1.005159646 1.129049809 0.710209470 0.005184263 -0.003037813 -0.703964774
1769782182.932766 1.710871011 1.005111566 1.126874440 0.710163941 0.005209468 -0.003062800 -0.704010410
1769782182.943332 1.710707143 1.005074608 1.124719099 0.710125823 0.005253176 -0.003074298 -0.704048485
1769782182.954159 1.710564789 1.005051404 1.122519744 0.710107883 0.005281312 -0.003075450 -0.704066363
1769782182.964714 1.710448547 1.005018226 1.120345212 0.710086041 0.005292584 -0.003078998 -0.704088292
1769782182.975212 1.710358145 1.004971849 1.118218682 0.710040393 0.005285191 -0.003098560 -0.704134295
1769782182.985854 1.710289603 1.004937593 1.116029934 0.710016843 0.005302068 -0.003096481 -0.704157925
1769782182.996487 1.710221190 1.004902221 1.113907664 0.709927115 0.005323565 -0.003134136 -0.704248059
1769782183.007047 1.710174878 1.004887874 1.111676910 0.709942991 0.005329535 -0.003113669 -0.704232100
1769782183.017896 1.710133161 1.004861373 1.109420055 0.709964526 0.005334906 -0.003099810 -0.704210410
1769782183.028616 1.710117549 1.004830298 1.107208942 0.709959992 0.005327759 -0.003092137 -0.704215069
1769782183.039181 1.710127358 1.004789911 1.105000949 0.709965210 0.005346431 -0.003060602 -0.704209805
1769782183.049962 1.710136761 1.004764397 1.102844574 0.709911843 0.005363381 -0.003056517 -0.704263492
1769782183.060637 1.710147420 1.004755835 1.100641726 0.709870696 0.005395626 -0.003059209 -0.704304709
1769782183.071512 1.710169979 1.004736297 1.098368024 0.709876298 0.005411154 -0.003058586 -0.704298947
1769782183.082298 1.710220602 1.004707727 1.096153487 0.709888271 0.005395822 -0.003061714 -0.704286983
1769782183.093003 1.710292764 1.004665403 1.093926376 0.709891764 0.005402212 -0.003032805 -0.704283537
1769782183.103741 1.710384570 1.004638333 1.091732190 0.709875578 0.005384064 -0.003011966 -0.704300080
1769782183.114506 1.710477806 1.004626396 1.089514998 0.709859459 0.005416535 -0.002998728 -0.704316134
1769782183.125234 1.710560790 1.004606532 1.087287079 0.709867467 0.005440940 -0.003010723 -0.704307824
1769782183.135880 1.710656005 1.004574182 1.085060111 0.709926165 0.005476863 -0.002972303 -0.704248542
1769782183.146739 1.710781390 1.004531959 1.082887100 0.709926027 0.005505772 -0.002949171 -0.704248553
1769782183.157449 1.710935907 1.004501605 1.080648685 0.709919320 0.005529347 -0.002930332 -0.704255209
1769782183.168103 1.711079586 1.004487807 1.078494382 0.709910622 0.005539788 -0.002950201 -0.704263811
1769782183.178768 1.711216491 1.004474537 1.076367968 0.709898356 0.005555974 -0.002988274 -0.704275887
1769782183.189409 1.711392998 1.004447789 1.074172639 0.709936930 0.005577625 -0.002973028 -0.704236896
1769782183.200078 1.711584436 1.004415429 1.072025165 0.709934934 0.005570121 -0.002985160 -0.704238917
1769782183.211528 1.711764051 1.004387865 1.070196243 0.709919221 0.005567712 -0.002995182 -0.704254733
1769782183.223401 1.711960919 1.004362898 1.068237850 0.709904902 0.005575639 -0.003011757 -0.704269034
1769782183.234664 1.712296479 1.004345369 1.065183112 0.709962254 0.005567906 -0.002993317 -0.704211358
1769782183.246239 1.712555259 1.004317307 1.062869216 0.709983258 0.005572974 -0.003012017 -0.704190062
1769782183.257811 1.712808151 1.004286031 1.060789797 0.709989631 0.005560389 -0.003031035 -0.704183654
1769782183.268906 1.713115444 1.004252415 1.058404563 0.709982251 0.005539300 -0.003052483 -0.704191168
1769782183.279634 1.713393427 1.004225432 1.056351236 0.709991990 0.005501333 -0.003073097 -0.704181557
1769782183.290220 1.713685270 1.004192975 1.054229624 0.710070824 0.005478290 -0.003039223 -0.704102391
1769782183.300835 1.713968903 1.004164852 1.052190428 0.710104345 0.005460812 -0.003049014 -0.704068677
1769782183.311456 1.714269213 1.004130328 1.050171165 0.710129569 0.005446017 -0.003057129 -0.704043316
1769782183.322015 1.714578079 1.004093773 1.048228988 0.710109702 0.005447788 -0.003100813 -0.704063149
1769782183.332629 1.714894454 1.004065959 1.046309600 0.710078228 0.005476963 -0.003148167 -0.704094456
1769782183.343211 1.715236556 1.004039264 1.044326127 0.710112303 0.005508850 -0.003146173 -0.704059849
1769782183.353745 1.715588539 1.004012852 1.042345943 0.710150413 0.005521741 -0.003133302 -0.704021366
1769782183.364209 1.715948992 1.003980818 1.040398864 0.710188733 0.005537096 -0.003137541 -0.703982571
1769782183.375038 1.716322376 1.003945570 1.038505174 0.710184541 0.005542019 -0.003153343 -0.703986690
1769782183.385969 1.716738804 1.003913883 1.036564337 0.710215414 0.005526036 -0.003118664 -0.703955825
1769782183.396611 1.717163134 1.003885666 1.034644800 0.710225941 0.005519993 -0.003112461 -0.703945279
1769782183.407107 1.717547312 1.003859332 1.032786494 0.710250791 0.005554137 -0.003141771 -0.703919807
1769782183.417705 1.717947449 1.003817229 1.030926950 0.710282792 0.005613397 -0.003154569 -0.703886989
1769782183.428885 1.718398285 1.003787559 1.029031416 0.710296393 0.005603533 -0.003176731 -0.703873244
1769782183.439838 1.718895548 1.003744338 1.027142229 0.710337055 0.005581754 -0.003134344 -0.703832571
1769782183.451019 1.719404900 1.003718445 1.025315399 0.710355905 0.005517716 -0.003082282 -0.703814282
1769782183.462627 1.719935942 1.003699070 1.023404394 0.710375402 0.005465596 -0.003050522 -0.703795147
1769782183.473838 1.720472644 1.003677241 1.021528696 0.710435602 0.005375764 -0.003012369 -0.703735236
1769782183.485103 1.721005884 1.003647485 1.019718626 0.710489200 0.005297026 -0.002990229 -0.703681815
1769782183.496359 1.721553468 1.003603468 1.017927416 0.710518081 0.005259022 -0.002954815 -0.703653088
1769782183.507394 1.722094479 1.003563270 1.016203537 0.710526024 0.005246866 -0.002925859 -0.703645279
1769782183.518520 1.722660327 1.003532780 1.014489212 0.710544523 0.005215119 -0.002894377 -0.703626965
1769782183.529523 1.723203633 1.003496509 1.012821512 0.710552577 0.005209745 -0.002906554 -0.703618822
1769782183.540227 1.723778086 1.003455989 1.011135143 0.710611173 0.005189277 -0.002870205 -0.703559944
1769782183.551077 1.724339138 1.003414157 1.009533634 0.710646732 0.005156720 -0.002864164 -0.703524290
1769782183.561674 1.724901361 1.003367383 1.007960482 0.710691436 0.005129598 -0.002858402 -0.703479352
1769782183.572358 1.725475816 1.003321167 1.006440959 0.710714907 0.005096065 -0.002859382 -0.703455880
1769782183.582973 1.726061101 1.003280930 1.004970178 0.710727078 0.005089856 -0.002824361 -0.703443770
1769782183.593458 1.726644103 1.003241593 1.003529083 0.710722470 0.005112085 -0.002799824 -0.703448362
1769782183.603974 1.727216282 1.003196633 1.002102538 0.710743286 0.005143971 -0.002788600 -0.703427142
1769782183.614527 1.727800227 1.003149296 1.000674561 0.710780604 0.005100333 -0.002867224 -0.703389436
1769782183.625384 1.728431305 1.003106149 0.999253085 0.710815589 0.004980425 -0.002950122 -0.703354598
1769782183.635865 1.729079707 1.003057533 0.997869336 0.710859502 0.005004233 -0.002869579 -0.703310381
1769782183.646494 1.729756974 1.003020923 0.996519085 0.710891104 0.005331989 -0.002416707 -0.703277732
1769782183.657136 1.730425304 1.002981522 0.995236434 0.710902946 0.006128934 -0.001506790 -0.703261806
1769782183.667771 1.731093929 1.002948680 0.993986456 0.710892500 0.007546574 0.000013101 -0.703260196
1769782183.678418 1.731755674 1.002906495 0.992767180 0.710865948 0.009691059 0.002194436 -0.703257330
1769782183.689173 1.732470481 1.002867932 0.991517477 0.710848713 0.012302624 0.004898317 -0.703220277
1769782183.700066 1.733179422 1.002819437 0.990282312 0.710825038 0.014980794 0.007622430 -0.703168002
1769782183.710561 1.733861187 1.002768510 0.989108641 0.710806204 0.017400509 0.010063463 -0.703100625
1769782183.721247 1.734563356 1.002710858 0.987934158 0.710779956 0.019794092 0.012453714 -0.703025571
1769782183.731700 1.735232946 1.002653606 0.986851019 0.710728472 0.022082487 0.014688654 -0.702966319
1769782183.742193 1.735931666 1.002594429 0.985772632 0.710676624 0.024365538 0.016898624 -0.702893657
1769782183.752876 1.736671357 1.002554212 0.984741894 0.710616020 0.026526211 0.019103566 -0.702820238
1769782183.763463 1.737435771 1.002513592 0.983749063 0.710535479 0.028647450 0.021276464 -0.702755981
1769782183.774005 1.738215529 1.002480393 0.982792792 0.710447973 0.030696855 0.023405988 -0.702690217
1769782183.784820 1.739016789 1.002440578 0.981839135 0.710385530 0.032657130 0.025478090 -0.702592896
1769782183.795254 1.739803636 1.002397366 0.980932283 0.710302531 0.034584588 0.027491476 -0.702508675
1769782183.805818 1.740594353 1.002355101 0.980045908 0.710223181 0.036465363 0.029425467 -0.702415442
1769782183.816584 1.741385084 1.002307998 0.979200054 0.710142635 0.038261171 0.031284113 -0.702321028
1769782183.827282 1.742180223 1.002268821 0.978372255 0.710056856 0.040044590 0.033083687 -0.702225862
1769782183.838079 1.743027560 1.002209796 0.977531168 0.709992785 0.041774331 0.034871335 -0.702103369
1769782183.848919 1.743810921 1.002156528 0.976763537 0.709901883 0.043476470 0.036490089 -0.702009677
1769782183.859839 1.744692075 1.002102266 0.975987425 0.709823563 0.045107438 0.038169672 -0.701896648
1769782183.870328 1.745546165 1.002064621 0.975313158 0.709739575 0.046535654 0.039695236 -0.701803717
1769782183.880892 1.746414892 1.002032037 0.974661997 0.709654097 0.047921371 0.041171475 -0.701711846
1769782183.891520 1.747315669 1.001998909 0.974053556 0.709565497 0.049207654 0.042605548 -0.701626809
1769782183.902119 1.748197784 1.001969447 0.973481092 0.709476569 0.050435412 0.043950306 -0.701546604
1769782183.912809 1.749090088 1.001927590 0.972914603 0.709397954 0.051640401 0.045215999 -0.701458000
1769782183.923390 1.749968576 1.001892953 0.972413778 0.709308158 0.052749499 0.046371007 -0.701390874
1769782183.933966 1.750866708 1.001856101 0.971923782 0.709230629 0.053806863 0.047461064 -0.701316037
1769782183.944408 1.751727198 1.001804615 0.971469105 0.709160472 0.054797378 0.048429023 -0.701244111
1769782183.955289 1.752646553 1.001766803 0.971040315 0.709081653 0.055753127 0.049358301 -0.701183682
1769782183.966365 1.753657566 1.001737042 0.970623352 0.709011067 0.056622245 0.050301146 -0.701118409
1769782183.976993 1.754617923 1.001707679 0.970258938 0.708951019 0.057371701 0.051109116 -0.701059768
1769782183.987587 1.755602288 1.001691298 0.969920011 0.708907294 0.058005127 0.051871191 -0.700995887
1769782183.998273 1.756586588 1.001667395 0.969606002 0.708870122 0.058574187 0.052560422 -0.700934816
1769782184.009076 1.757590355 1.001643311 0.969306620 0.708842615 0.059102746 0.053159424 -0.700873090
1769782184.020100 1.758585244 1.001612744 0.969043690 0.708826027 0.059530802 0.053651950 -0.700816106
1769782184.031028 1.759595363 1.001578391 0.968814302 0.708804820 0.059911387 0.054067649 -0.700773174
1769782184.041704 1.760595316 1.001549102 0.968627246 0.708785749 0.060211953 0.054367676 -0.700743490
1769782184.052229 1.761590733 1.001522075 0.968476429 0.708777953 0.060402735 0.054575969 -0.700718764
1769782184.063083 1.762680610 1.001514198 0.968382240 0.708762211 0.060451834 0.054747945 -0.700717037
1769782184.074569 1.763724447 1.001493197 0.968302025 0.708758421 0.060453318 0.054843073 -0.700713304
1769782184.093122 1.764307905 1.001483727 0.968279094 0.708747639 0.060431131 0.054876429 -0.700723511
1769782184.105569 1.765747230 1.001469268 0.968283308 0.708720635 0.060226930 0.054875736 -0.700768458
1769782184.117203 1.767953785 1.001419084 0.968376196 0.708719750 0.059657044 0.054427490 -0.700853052
1769782184.129512 1.769237386 1.001380560 0.968484813 0.708740142 0.059161518 0.053918074 -0.700913809
1769782184.140428 1.770438296 1.001364604 0.968650935 0.708747087 0.058572893 0.053363545 -0.700998656
1769782184.151285 1.771583410 1.001353557 0.968819990 0.708780068 0.057881755 0.052784599 -0.701066548
1769782184.161999 1.772739161 1.001342577 0.969033520 0.708811166 0.057075708 0.052110249 -0.701151636
1769782184.172735 1.773909548 1.001338112 0.969287532 0.708843182 0.056151039 0.051325317 -0.701251820
1769782184.183523 1.775076565 1.001327644 0.969562134 0.708884496 0.055140286 0.050450116 -0.701353767
1769782184.194561 1.776261658 1.001313821 0.969875029 0.708927935 0.054060269 0.049450264 -0.701465140
1769782184.205889 1.777487407 1.001302412 0.970245695 0.708952816 0.052985744 0.048422471 -0.701593672
1769782184.216699 1.778663530 1.001289180 0.970633329 0.708969700 0.052004762 0.047483363 -0.701714186
1769782184.227455 1.779822416 1.001273571 0.971032110 0.708990293 0.051073605 0.046519641 -0.701826314
1769782184.237999 1.781008391 1.001276283 0.971438265 0.709016634 0.050101669 0.045722758 -0.701922122
1769782184.248684 1.782247387 1.001274912 0.971877851 0.709044730 0.049111621 0.044922588 -0.702015370
1769782184.259733 1.783543948 1.001283051 0.972367234 0.709068149 0.048108262 0.044090614 -0.702113931
1769782184.270531 1.784819345 1.001279643 0.972847564 0.709105083 0.047141724 0.043335045 -0.702189229
1769782184.281324 1.786054032 1.001268194 0.973355717 0.709128829 0.046251018 0.042535998 -0.702273334
1769782184.292428 1.787346072 1.001267782 0.973929758 0.709134495 0.045337599 0.041728211 -0.702375631
1769782184.303207 1.788594679 1.001257873 0.974502844 0.709139424 0.044480792 0.040941678 -0.702471719
1769782184.313712 1.789799286 1.001259155 0.975140398 0.709103770 0.043680780 0.040138356 -0.702604259
1769782184.324371 1.791051161 1.001263556 0.975774582 0.709082464 0.042867085 0.039398990 -0.702717718
1769782184.335311 1.792374974 1.001268595 0.976450377 0.709056452 0.042022297 0.038701910 -0.702833719
1769782184.346197 1.793700951 1.001288392 0.977153576 0.709025506 0.041207564 0.037993222 -0.702951836
1769782184.356905 1.795019807 1.001290689 0.977842388 0.709011637 0.040413508 0.037314189 -0.703048290
1769782184.367511 1.796325488 1.001282570 0.978532435 0.709012809 0.039635540 0.036645598 -0.703126562
1769782184.378041 1.797554467 1.001279642 0.979244213 0.708987635 0.038952408 0.035953079 -0.703225867
1769782184.389051 1.798865359 1.001272483 0.980006814 0.708952998 0.038227799 0.035293350 -0.703333961
1769782184.400166 1.800196687 1.001265641 0.980860017 0.708881124 0.037546029 0.034581759 -0.703478464
1769782184.410946 1.801533724 1.001280670 0.981712439 0.708814476 0.036819614 0.033973379 -0.703613647
1769782184.421635 1.802881923 1.001284442 0.982551633 0.708757162 0.036102783 0.033421260 -0.703734960
1769782184.432402 1.804246219 1.001290021 0.983409880 0.708706627 0.035375604 0.032888784 -0.703847861
1769782184.443228 1.805610168 1.001298714 0.984263638 0.708672141 0.034656156 0.032364225 -0.703942685
1769782184.453894 1.806927991 1.001285461 0.985116899 0.708630464 0.034008131 0.031828511 -0.704040666
1769782184.464513 1.808249554 1.001268719 0.985992488 0.708587067 0.033383527 0.031294715 -0.704138161
1769782184.475248 1.809526522 1.001250952 0.986910729 0.708509604 0.032802532 0.030726784 -0.704268414
1769782184.486064 1.810855378 1.001241690 0.987880244 0.708403901 0.032194088 0.030173171 -0.704426741
1769782184.496666 1.812200525 1.001233065 0.988826539 0.708337217 0.031558309 0.029693377 -0.704542947
1769782184.507377 1.813554947 1.001223976 0.989799430 0.708257913 0.030915038 0.029211063 -0.704671344
1769782184.518196 1.814908551 1.001208090 0.990733606 0.708210208 0.030273374 0.028757117 -0.704765814
1769782184.528760 1.816239075 1.001184634 0.991695410 0.708165500 0.029620113 0.028283832 -0.704857644
1769782184.539244 1.817522352 1.001154614 0.992668117 0.708100086 0.029013905 0.027815840 -0.704967191
1769782184.549763 1.818788250 1.001117591 0.993685759 0.707995515 0.028500667 0.027373477 -0.705110457
1769782184.560318 1.820016860 1.001080561 0.994739349 0.707847919 0.028129212 0.026968584 -0.705289137
1769782184.570741 1.821285264 1.001051817 0.995777869 0.707698280 0.027779953 0.026764187 -0.705460911
1769782184.581202 1.822538638 1.001009038 0.996789638 0.707552073 0.027541980 0.026715079 -0.705618742
1769782184.591759 1.823861734 1.000964851 0.997835394 0.707394963 0.027311525 0.026773319 -0.705782995
1769782184.602371 1.825149257 1.000911704 0.998893777 0.707216410 0.027128376 0.026897144 -0.705964266
1769782184.613001 1.826434399 1.000858977 1.000027588 0.706987609 0.026954163 0.027069648 -0.706193478
1769782184.623641 1.827683335 1.000792975 1.001195423 0.706719454 0.026780882 0.027174151 -0.706464410
1769782184.634311 1.828904114 1.000721795 1.002366726 -0.706439211 -0.026581907 -0.027228415 0.706750067
1769782184.644971 1.830124435 1.000647638 1.003545716 -0.706145461 -0.026376850 -0.027300993 0.707048447
1769782184.655493 1.831373804 1.000577639 1.004713618 -0.705869919 -0.026142406 -0.027470048 0.707325688
1769782184.666101 1.832608564 1.000499645 1.005905623 -0.705576331 -0.025871409 -0.027656892 0.707621231
1769782184.676741 1.833843493 1.000409274 1.007124992 -0.705257871 -0.025599439 -0.027828260 0.707941800
1769782184.687483 1.835109834 1.000316958 1.008428174 -0.704894729 -0.025272227 -0.028045482 0.708306563
1769782184.698007 1.836297441 1.000215399 1.009705730 -0.704539847 -0.025023400 -0.028251792 0.708660193
1769782184.708604 1.837448283 1.000117131 1.011000068 -0.704165098 -0.024731728 -0.028398251 0.709036949
1769782184.719310 1.838575397 1.000008172 1.012295577 -0.703796303 -0.024441655 -0.028517222 0.709408301
1769782184.729999 1.839745274 0.999887436 1.013618466 -0.703429086 -0.024160046 -0.028742700 0.709772971
1769782184.740602 1.840927407 0.999770934 1.014975293 -0.703052233 -0.023774863 -0.029007264 0.710148501
1769782184.751280 1.842097312 0.999646489 1.016367326 -0.702646682 -0.023373205 -0.029224870 0.710554178
1769782184.761850 1.843263310 0.999522708 1.017790288 -0.702239190 -0.022951214 -0.029477776 0.710960212
1769782184.772717 1.844429138 0.999392472 1.019249779 -0.701820095 -0.022567627 -0.029746924 0.711374991
1769782184.784196 1.845587308 0.999245929 1.020760118 -0.701375142 -0.022179459 -0.029961586 0.711816890
1769782184.795065 1.846705056 0.999090257 1.022281980 -0.700914611 -0.021807475 -0.030127833 0.712274846
1769782184.805756 1.847779137 0.998936262 1.023847493 -0.700386811 -0.021465465 -0.030295049 0.712797137
1769782184.816379 1.848861185 0.998800337 1.025387442 -0.699873648 -0.021114108 -0.030524958 0.713301688
1769782184.826983 1.849948166 0.998661252 1.026952039 -0.699355264 -0.020753318 -0.030755554 0.713810626
1769782184.837502 1.851025473 0.998523329 1.028530091 -0.698839732 -0.020391638 -0.031019980 0.714314336
1769782184.848197 1.852093510 0.998371577 1.030125465 -0.698345977 -0.020000841 -0.031304994 0.714795677
1769782184.859145 1.853170979 0.998198477 1.031867128 -0.697802225 -0.019559156 -0.031553274 0.715327817
1769782184.869976 1.854225125 0.998026176 1.033623837 -0.697269897 -0.019123752 -0.031826667 0.715846377
1769782184.880502 1.855215798 0.997859175 1.035314294 -0.696794097 -0.018743719 -0.032138004 0.716305666
1769782184.891166 1.856237500 0.997693669 1.037012491 -0.696360990 -0.018265236 -0.032472005 0.716724020
1769782184.901893 1.857310639 0.997512272 1.038777218 -0.695958857 -0.017674057 -0.032819494 0.717113505
1769782184.912406 1.858393711 0.997328178 1.040596074 -0.695548584 -0.017038768 -0.033186334 0.717509941
1769782184.923172 1.859488394 0.997151347 1.042431950 -0.695163597 -0.016429425 -0.033624555 0.717876756
1769782184.934033 1.860603462 0.996983561 1.044276906 -0.694832222 -0.015820184 -0.034131794 0.718187250
1769782184.945078 1.861738166 0.996812254 1.046206186 -0.694532717 -0.015182751 -0.034670429 0.718464857
1769782184.955656 1.862799917 0.996638592 1.048117461 -0.694214353 -0.014549058 -0.035111860 0.718764157
1769782184.966596 1.863890188 0.996460936 1.050154953 -0.693861922 -0.013883262 -0.035538985 0.719096564
1769782184.977222 1.864971132 0.996305067 1.052099354 -0.693558925 -0.013240224 -0.035981178 0.719378947
1769782184.987972 1.866113945 0.996170734 1.054084239 -0.693297954 -0.012513493 -0.036489451 0.719617870
1769782184.998466 1.867246154 0.996026286 1.056087127 -0.693051230 -0.011801823 -0.036973280 0.719842821
1769782185.009123 1.868407427 0.995872877 1.058175202 -0.692770752 -0.011072229 -0.037470912 0.720098619
1769782185.019622 1.869561259 0.995732441 1.060265463 -0.692511099 -0.010395134 -0.038013423 0.720329993
1769782185.030581 1.870722681 0.995610941 1.062393722 -0.692324149 -0.009695071 -0.038523004 0.720492371
1769782185.041071 1.871853543 0.995484150 1.064522147 -0.692112881 -0.008967549 -0.038946676 0.720681968
1769782185.051623 1.872996954 0.995343266 1.066684545 -0.691867560 -0.008281564 -0.039373749 0.720902492
1769782185.062193 1.874188041 0.995228819 1.068900938 -0.691619969 -0.007605983 -0.039874948 0.721119931
1769782185.072683 1.875433139 0.995123147 1.071101183 -0.691457900 -0.006904576 -0.040406107 0.721252831
1769782185.083655 1.876668884 0.995028604 1.073307251 -0.691318313 -0.006181210 -0.040913393 0.721364594
1769782185.094424 1.877982830 0.994918474 1.075685777 -0.691157164 -0.005445177 -0.041431655 0.721495352
1769782185.105178 1.879269220 0.994808330 1.078117682 -0.690943877 -0.004781063 -0.041912833 0.721676530
1769782185.115608 1.880458105 0.994725258 1.080363293 -0.690814751 -0.004210918 -0.042341892 0.721778644
1769782185.126243 1.881748984 0.994655186 1.082646043 -0.690736627 -0.003566307 -0.042821265 0.721828603
1769782185.136763 1.883099749 0.994571723 1.085042590 -0.690600347 -0.002899008 -0.043327754 0.721931757
1769782185.147291 1.884454838 0.994497136 1.087424828 -0.690476080 -0.002270035 -0.043802769 0.722024202
1769782185.158026 1.885815383 0.994434106 1.089818458 -0.690397404 -0.001671598 -0.044250786 0.722073749
1769782185.168622 1.887171583 0.994387019 1.092248453 -0.690371650 -0.001113489 -0.044677764 0.722073156
1769782185.179264 1.888498535 0.994335000 1.094654170 -0.690311579 -0.000613450 -0.045074995 0.722106496
1769782185.189747 1.889949188 0.994290024 1.097185616 -0.690187778 -0.000021147 -0.045485704 0.722199336
1769782185.200361 1.891414496 0.994248727 1.099644250 -0.690146825 0.000508921 -0.045894866 0.722212408
1769782185.210894 1.892874561 0.994216454 1.102039587 -0.690207087 0.000968839 -0.046335723 0.722126193
1769782185.221514 1.894309882 0.994182418 1.104480444 -0.690274152 0.001351010 -0.046747188 0.722034951
1769782185.232132 1.895764203 0.994146611 1.106978172 -0.690303875 0.001714404 -0.047086367 0.721983722
1769782185.244517 1.897285849 0.994131517 1.109491335 -0.690295274 0.002109726 -0.047438111 0.721967873
1769782185.257965 1.899111429 0.994137124 1.112345164 -0.690442417 0.002477728 -0.047909982 0.721794821
1769782185.270004 1.901155344 0.994131212 1.115672356 -0.690583174 0.002793679 -0.048350271 0.721629632
1769782185.282109 1.902893328 0.994126695 1.118582890 -0.690627030 0.002968271 -0.048640779 0.721567439
1769782185.294252 1.904827027 0.994154171 1.121630739 -0.690722234 0.003196878 -0.048951506 0.721454313
1769782185.304832 1.906455083 0.994184707 1.124096386 -0.690886728 0.003307561 -0.049210977 0.721278635
1769782185.315882 1.908098646 0.994189433 1.126715418 -0.691040940 0.003300105 -0.049406118 0.721117580
1769782185.326355 1.909654966 0.994198785 1.129173389 -0.691204970 0.003242147 -0.049543562 0.720951187
1769782185.337080 1.911292999 0.994223388 1.131667780 -0.691323017 0.003195493 -0.049720156 0.720826040
1769782185.347870 1.912980724 0.994272897 1.134135911 -0.691565596 0.003056534 -0.049856723 0.720584479
1769782185.358411 1.914601745 0.994337935 1.136577988 -0.691797633 0.002841311 -0.049923570 0.720357966
1769782185.368975 1.916204157 0.994393937 1.139062652 -0.691963725 0.002520969 -0.049953184 0.720197561
1769782185.379461 1.917808557 0.994398271 1.141560608 -0.692069530 0.002152060 -0.049988087 0.720094664
1769782185.390065 1.919497761 0.994403417 1.144064823 -0.692283940 0.001813435 -0.049990773 0.719889283
1769782185.400741 1.921142079 0.994458886 1.146376368 -0.692644568 0.001396985 -0.049854922 0.719552665
1769782185.411228 1.922731114 0.994639834 1.148472055 -0.693017063 0.001012636 -0.049445831 0.719222799
1769782185.421675 1.924355498 0.994977439 1.150265420 -0.693434189 0.000824742 -0.048830353 0.718862951
1769782185.432225 1.925986924 0.995479543 1.151788984 -0.693939902 0.000706367 -0.048072687 0.718426009
1769782185.442752 1.927683706 0.996108950 1.153109277 -0.694663911 0.000651354 -0.047225947 0.717782235
1769782185.453425 1.929305963 0.996790476 1.154143917 -0.695775641 0.000508610 -0.046273255 0.716766897
1769782185.463957 1.930975816 0.997461047 1.155032110 -0.697122219 0.000402062 -0.045323228 0.715518172
1769782185.474589 1.932685132 0.998124957 1.155883550 -0.698612039 0.000321560 -0.044388703 0.714122370
1769782185.485097 1.934379800 0.998773446 1.156696825 -0.700197754 0.000280546 -0.043457396 0.712625064
1769782185.495554 1.936063723 0.999419695 1.157563367 -0.701748754 0.000216818 -0.042499451 0.711155704
1769782185.505977 1.937719993 1.000037580 1.158436958 -0.703238789 0.000144434 -0.041540790 0.709739070
1769782185.516490 1.939431686 1.000646769 1.159297620 -0.704761758 0.000087082 -0.040605308 0.708281064
1769782185.527088 1.941174881 1.001241516 1.160179258 -0.706197528 0.000072897 -0.039687681 0.706901644
1769782185.537600 1.942945741 1.001827478 1.161136010 0.707535800 -0.000092099 0.038778277 -0.705612733
1769782185.548113 1.944614300 1.002399484 1.162076811 0.708843700 -0.000035929 0.037807777 -0.704351602
1769782185.559273 1.946380288 1.002969645 1.163119340 0.710028268 -0.000033231 0.036885873 -0.703206435
1769782185.570196 1.948266712 1.003546090 1.164243404 0.711200195 -0.000049085 0.035987336 -0.702067797
1769782185.580771 1.950031075 1.004066930 1.165295700 0.712218902 -0.000052675 0.035177811 -0.701075427
1769782185.591284 1.951780464 1.004565919 1.166404673 0.713111073 -0.000068870 0.034390414 -0.700207035
1769782185.601846 1.953485158 1.005060822 1.167487460 0.714051835 -0.000020792 0.033559574 -0.699288017
1769782185.612392 1.955231621 1.005531169 1.168604814 0.714855618 -0.000048568 0.032811844 -0.698501844
1769782185.623025 1.957013171 1.005997049 1.169777215 0.715589433 -0.000129427 0.032078085 -0.697784167
1769782185.633504 1.958787079 1.006446352 1.170943224 0.716292595 -0.000195069 0.031370110 -0.697094539
1769782185.644119 1.960492977 1.006877116 1.172114242 0.716898403 -0.000217268 0.030655169 -0.696503333
1769782185.654784 1.962185670 1.007302075 1.173284196 0.717544242 -0.000227824 0.029889981 -0.695871251
1769782185.665417 1.963963096 1.007710009 1.174447286 0.718207088 -0.000281421 0.029197347 -0.695216524
1769782185.676305 1.965763973 1.008099594 1.175648211 0.718775666 -0.000364803 0.028548839 -0.694655579
1769782185.687103 1.967574849 1.008476912 1.176909431 0.719278239 -0.000477569 0.027925854 -0.694160452
1769782185.697723 1.969295347 1.008853975 1.178096066 0.719855241 -0.000499232 0.027215223 -0.693590307
1769782185.708370 1.970954719 1.009210327 1.179279976 0.720343981 -0.000521493 0.026515041 -0.693109825
1769782185.719049 1.972691556 1.009529622 1.180455187 0.720834423 -0.000605771 0.025886319 -0.692623466
1769782185.729590 1.974387138 1.009836501 1.181572409 0.721338192 -0.000671437 0.025287826 -0.692120862
1769782185.740096 1.976141806 1.010133566 1.182740336 0.721778694 -0.000792402 0.024727320 -0.691681609
1769782185.750909 1.977835051 1.010428893 1.183925616 0.722178561 -0.000857329 0.024126385 -0.691285258
1769782185.761436 1.979475705 1.010715231 1.185101311 0.722591294 -0.000860045 0.023472217 -0.690876355
1769782185.771936 1.981114897 1.010978028 1.186219090 0.723028039 -0.000895644 0.022847920 -0.690440168
1769782185.782481 1.982742929 1.011207221 1.187302039 0.723408572 -0.000970057 0.022290912 -0.690059572
1769782185.793252 1.984458024 1.011431211 1.188448079 0.723739564 -0.001086117 0.021760129 -0.689729194
1769782185.803966 1.986182123 1.011653598 1.189597575 0.724105741 -0.001155910 0.021183345 -0.689362608
1769782185.814454 1.987772094 1.011853586 1.190679700 0.724428517 -0.001200723 0.020633837 -0.689040004
1769782185.824987 1.989350919 1.012059283 1.191813367 0.724684961 -0.001223594 0.020052797 -0.688787409
1769782185.835528 1.990936442 1.012234000 1.192914540 0.724909426 -0.001282742 0.019531373 -0.688566049
1769782185.846200 1.992608651 1.012388981 1.194005814 0.725152791 -0.001370566 0.019059298 -0.688322813
1769782185.856862 1.994218008 1.012524764 1.195052060 0.725386567 -0.001439264 0.018589591 -0.688089154
1769782185.867411 1.995851067 1.012649652 1.196132004 0.725569403 -0.001512985 0.018129856 -0.687908468
1769782185.877903 1.997369187 1.012768771 1.197159125 0.725735716 -0.001544896 0.017655071 -0.687745289
1769782185.888596 1.998924916 1.012886725 1.198246526 0.725859421 -0.001565382 0.017171214 -0.687626934
1769782185.899088 2.000417620 1.012993304 1.199282933 0.725975552 -0.001561591 0.016686365 -0.687516273
1769782185.909544 2.001969118 1.013065264 1.200299468 0.726057415 -0.001620841 0.016282974 -0.687439356
1769782185.920242 2.003517604 1.013119233 1.201298265 0.726110254 -0.001691305 0.015891004 -0.687392548
1769782185.930831 2.005041473 1.013164255 1.202274805 0.726171256 -0.001737567 0.015490904 -0.687337122
1769782185.941467 2.006600412 1.013201805 1.203280517 0.726190386 -0.001802254 0.015105019 -0.687325333
1769782185.951945 2.008030868 1.013231533 1.204218060 0.726210827 -0.001801842 0.014708112 -0.687312345
1769782185.962499 2.009448765 1.013254303 1.205166068 0.726213145 -0.001760035 0.014288289 -0.687318860
1769782185.973106 2.010931034 1.013256489 1.206118821 0.726162494 -0.001793909 0.013923347 -0.687379775
1769782185.983608 2.012405782 1.013238904 1.207055646 0.726074340 -0.001864471 0.013612713 -0.687478923
1769782185.994081 2.013866933 1.013208244 1.207955669 0.725990419 -0.001926143 0.013278018 -0.687573920
1769782186.004514 2.015299759 1.013161058 1.208817205 0.725891811 -0.001993725 0.012972979 -0.687683653
1769782186.015084 2.016705077 1.013107688 1.209666504 0.725797153 -0.001995886 0.012655883 -0.687789457
1769782186.025654 2.018070070 1.013049937 1.210495674 0.725679029 -0.001982459 0.012335297 -0.687919950
1769782186.036242 2.019394848 1.012984106 1.211313065 0.725529949 -0.001954703 0.012022780 -0.688082789
1769782186.047100 2.020802297 1.012896134 1.212138399 0.725360231 -0.001964132 0.011746665 -0.688266441
1769782186.057692 2.022216926 1.012785788 1.212928966 0.725182213 -0.001989494 0.011498795 -0.688458116
1769782186.068285 2.023605748 1.012665401 1.213698285 0.724989409 -0.002012037 0.011262681 -0.688664984
1769782186.078923 2.024960634 1.012539833 1.214441097 0.724783657 -0.002009206 0.011043635 -0.688885079
1769782186.089686 2.026310740 1.012403144 1.215186838 0.724526803 -0.002021181 0.010850310 -0.689158253
1769782186.100492 2.027645566 1.012260386 1.215921387 0.724262231 -0.001981179 0.010609147 -0.689440165
1769782186.111089 2.028886337 1.012111914 1.216590922 0.724004480 -0.001927287 0.010367535 -0.689714661
1769782186.121704 2.030147839 1.011943278 1.217236939 0.723740940 -0.001884979 0.010135131 -0.689994766
1769782186.132240 2.031417165 1.011760652 1.217853118 0.723465570 -0.001867080 0.009951148 -0.690286214
1769782186.143063 2.032728058 1.011561331 1.218471787 0.723135557 -0.001878148 0.009826454 -0.690633680
1769782186.153889 2.034026121 1.011356421 1.219049511 0.722811912 -0.001853107 0.009694448 -0.690974329
1769782186.164490 2.035283037 1.011156028 1.219590454 0.722468295 -0.001821111 0.009578576 -0.691335300
1769782186.175072 2.036485184 1.010968923 1.220073443 0.722141654 -0.001777066 0.009438388 -0.691678532
1769782186.185788 2.037681988 1.010786491 1.220520144 0.721810121 -0.001740437 0.009299772 -0.692026469
1769782186.196366 2.038855862 1.010613319 1.220918009 0.721480684 -0.001685833 0.009127761 -0.692372345
1769782186.206974 2.040007919 1.010446946 1.221250369 0.721181270 -0.001656498 0.008951460 -0.692686583
1769782186.217803 2.041228570 1.010264018 1.221539203 0.720877977 -0.001669858 0.008824373 -0.693003813
1769782186.228369 2.042435773 1.010087503 1.221775484 0.720594403 -0.001673866 0.008704631 -0.693300176
1769782186.238992 2.043640043 1.009914090 1.221974753 0.720299498 -0.001700284 0.008613772 -0.693607630
1769782186.249747 2.044784728 1.009751065 1.222105263 0.720035349 -0.001687084 0.008484284 -0.693883468
1769782186.260507 2.045923576 1.009591253 1.222192706 0.719781485 -0.001674769 0.008336054 -0.694148629
1769782186.271098 2.047035110 1.009446928 1.222236137 0.719533959 -0.001661645 0.008173564 -0.694407167
1769782186.281643 2.048119443 1.009307016 1.222225948 0.719314861 -0.001629778 0.008011019 -0.694636090
1769782186.292229 2.049174105 1.009168543 1.222152380 0.719123717 -0.001577753 0.007827218 -0.694836185
1769782186.302852 2.050256145 1.009027431 1.222034513 0.718928934 -0.001553042 0.007668666 -0.695039544
1769782186.313492 2.051356653 1.008879578 1.221877041 0.718720447 -0.001551512 0.007567649 -0.695256243
1769782186.324198 2.052453620 1.008734866 1.221654295 0.718543987 -0.001553133 0.007460636 -0.695439764
1769782186.334893 2.053515818 1.008596370 1.221394950 0.718365541 -0.001539267 0.007349158 -0.695625308
1769782186.345623 2.054578768 1.008467044 1.221080174 0.718213992 -0.001493590 0.007218137 -0.695783249
1769782186.356248 2.055586623 1.008344873 1.220749690 0.718078992 -0.001433201 0.007065990 -0.695924262
1769782186.366868 2.056593093 1.008231561 1.220369255 0.717967651 -0.001370572 0.006897108 -0.696040949
1769782186.377491 2.057570633 1.008117128 1.219960732 0.717870798 -0.001287129 0.006697090 -0.696142952
1769782186.388258 2.058524112 1.008014288 1.219487522 0.717812353 -0.001191027 0.006479703 -0.696205444
1769782186.399001 2.059489630 1.007904763 1.218972750 0.717747360 -0.001065031 0.006272168 -0.696274553
1769782186.409540 2.060462282 1.007784853 1.218410919 0.717694386 -0.000983658 0.006103544 -0.696330775
1769782186.420419 2.061449037 1.007660318 1.217795952 0.717630866 -0.000923067 0.005948677 -0.696397660
1769782186.431099 2.062391706 1.007537623 1.217155462 0.717536387 -0.000855258 0.005800313 -0.696496345
1769782186.441892 2.063356412 1.007415884 1.216441252 0.717422861 -0.000829226 0.005677963 -0.696614321
1769782186.452765 2.064270348 1.007310869 1.215718565 0.717277557 -0.000779211 0.005557537 -0.696764962
1769782186.463837 2.065217319 1.007200128 1.214917060 0.717107733 -0.000737728 0.005451529 -0.696940625
1769782186.474443 2.066105202 1.007088114 1.214109264 0.716931206 -0.000724657 0.005371849 -0.697122848
1769782186.485139 2.066961761 1.007000047 1.213275567 0.716756787 -0.000723665 0.005287157 -0.697302826
1769782186.495599 2.067810823 1.006911714 1.212391761 0.716575969 -0.000712901 0.005200294 -0.697489304
1769782186.506055 2.068618167 1.006824284 1.211475637 0.716416348 -0.000682028 0.005090451 -0.697654096
1769782186.516741 2.069455841 1.006720966 1.210530276 0.716234321 -0.000698697 0.005035754 -0.697841351
1769782186.527716 2.070346555 1.006609767 1.209497499 0.716038766 -0.000728976 0.004991289 -0.698042292
1769782186.538480 2.071209387 1.006495325 1.208453014 0.715865926 -0.000792719 0.004963445 -0.698219673
1769782186.549290 2.072033820 1.006389972 1.207403541 0.715646101 -0.000826338 0.004946725 -0.698445062
1769782186.559874 2.072836795 1.006284672 1.206312442 0.715430180 -0.000866805 0.004909043 -0.698666450
1769782186.570608 2.073630094 1.006181147 1.205167411 0.715224074 -0.000920886 0.004863992 -0.698877684
1769782186.581172 2.074381305 1.006089643 1.204051324 0.714999086 -0.000982429 0.004816870 -0.699108103
1769782186.591774 2.075131600 1.005995005 1.202849574 0.714808190 -0.001058279 0.004755239 -0.699303596
1769782186.602508 2.075862293 1.005912935 1.201589060 0.714628471 -0.001114854 0.004662928 -0.699487786
1769782186.613212 2.076591574 1.005833502 1.200283296 0.714470995 -0.001169929 0.004581535 -0.699649082
1769782186.623786 2.077289265 1.005747670 1.198956860 0.714339966 -0.001213130 0.004500735 -0.699783312
1769782186.634362 2.077947638 1.005671070 1.197611155 0.714207545 -0.001228356 0.004405310 -0.699919043
1769782186.644975 2.078640516 1.005579256 1.196229319 0.714071067 -0.001270285 0.004341580 -0.700058603
1769782186.655638 2.079341591 1.005482751 1.194850903 0.713889842 -0.001327771 0.004333963 -0.700243349
1769782186.666236 2.080033247 1.005382117 1.193447344 0.713673144 -0.001405723 0.004350730 -0.700463946
1769782186.676914 2.080701638 1.005285174 1.192003706 0.713474969 -0.001471531 0.004362398 -0.700665593
1769782186.687527 2.081347518 1.005199520 1.190495205 0.713333962 -0.001536636 0.004342297 -0.700809133
1769782186.698280 2.081980180 1.005123747 1.188934283 0.713190655 -0.001569274 0.004329442 -0.700954979
1769782186.709126 2.082595938 1.005051865 1.187298350 0.713102438 -0.001579104 0.004274770 -0.701045039
1769782186.719712 2.083178054 1.004981780 1.185669506 0.713017756 -0.001595427 0.004208208 -0.701131532
1769782186.730253 2.083736172 1.004907741 1.184062220 0.712899671 -0.001605276 0.004155811 -0.701251889
1769782186.740846 2.084292127 1.004830968 1.182403404 0.712811959 -0.001631412 0.004101845 -0.701341304
1769782186.751412 2.084815712 1.004751448 1.180769926 0.712674186 -0.001655361 0.004049237 -0.701481552
1769782186.762023 2.085350939 1.004677691 1.179060868 0.712543073 -0.001700335 0.003994853 -0.701614937
1769782186.772537 2.085855904 1.004612503 1.177365109 0.712419963 -0.001719665 0.003946752 -0.701740168
1769782186.783911 2.086342589 1.004567434 1.175545720 0.712332566 -0.001703707 0.003874741 -0.701829324
1769782186.794393 2.086843081 1.004494779 1.173684274 0.712273087 -0.001706099 0.003815457 -0.701890006
1769782186.804998 2.087334951 1.004417679 1.171874853 0.712200560 -0.001742464 0.003780137 -0.701963701
1769782186.815774 2.087825376 1.004336087 1.170042232 0.712097604 -0.001782261 0.003789441 -0.702067993
1769782186.826691 2.088315773 1.004245538 1.168149521 0.711972967 -0.001813486 0.003813219 -0.702194179
1769782186.837524 2.088768590 1.004174372 1.166186067 0.711884008 -0.001856213 0.003788469 -0.702284387
1769782186.848132 2.089176171 1.004107250 1.164337526 0.711770118 -0.001873922 0.003770784 -0.702399864
1769782186.858774 2.089580386 1.004055813 1.162357074 0.711738738 -0.001900888 0.003710996 -0.702431907
1769782186.869293 2.089976196 1.003997315 1.160396806 0.711669125 -0.001927746 0.003688190 -0.702502482
1769782186.880051 2.090357396 1.003935786 1.158478212 0.711561351 -0.001956921 0.003676112 -0.702611628
1769782186.890780 2.090720003 1.003867583 1.156454751 0.711492192 -0.001984143 0.003629496 -0.702681828
1769782186.901586 2.091069060 1.003794925 1.154502078 0.711371632 -0.002021232 0.003616850 -0.702803838
1769782186.912270 2.091402255 1.003733257 1.152414619 0.711282081 -0.002056908 0.003572291 -0.702894593
1769782186.923297 2.091733658 1.003680134 1.150271682 0.711227633 -0.002076956 0.003547663 -0.702949752
1769782186.933952 2.092032829 1.003633884 1.148196572 0.711170026 -0.002086257 0.003534838 -0.703008070
1769782186.944586 2.092318161 1.003573673 1.146104721 0.711163592 -0.002087980 0.003480181 -0.703014846
1769782186.955293 2.092576472 1.003509701 1.144009517 0.711131223 -0.002068969 0.003415959 -0.703047960
1769782186.965903 2.092838554 1.003449551 1.141912233 0.711053490 -0.002085563 0.003379067 -0.703126707
1769782186.976505 2.093053721 1.003410577 1.139843007 0.710958567 -0.002077904 0.003324240 -0.703222971
1769782186.987301 2.093303093 1.003364227 1.137706162 0.710909866 -0.002135057 0.003303852 -0.703272130
1769782186.997991 2.093544439 1.003307273 1.135494002 0.710859355 -0.002196733 0.003279259 -0.703323111
1769782187.008513 2.093770653 1.003246345 1.133338037 0.710830359 -0.002226304 0.003273984 -0.703352348
1769782187.019191 2.093973385 1.003182753 1.131186825 0.710782495 -0.002250119 0.003272973 -0.703400646
1769782187.029805 2.094153566 1.003122446 1.129036995 0.710698267 -0.002262385 0.003272556 -0.703485711
1769782187.040395 2.094332548 1.003062840 1.126823293 0.710667682 -0.002294827 0.003280331 -0.703516467
1769782187.051181 2.094485609 1.003017853 1.124605552 0.710635810 -0.002315642 0.003272195 -0.703548631
1769782187.061772 2.094624038 1.002972324 1.122346289 0.710626148 -0.002331544 0.003231998 -0.703558523
1769782187.072384 2.094734198 1.002933228 1.120143549 0.710608799 -0.002339609 0.003171489 -0.703576294
1769782187.083106 2.094839754 1.002879522 1.117968353 0.710523402 -0.002367852 0.003156690 -0.703662507
1769782187.093681 2.094934192 1.002822687 1.115726393 0.710465570 -0.002407503 0.003128258 -0.703720891
1769782187.104237 2.095015205 1.002781192 1.113517595 0.710420270 -0.002453603 0.003108305 -0.703766551
1769782187.115306 2.095093656 1.002742473 1.111188086 0.710404697 -0.002505956 0.003092463 -0.703782156
1769782187.126284 2.095140019 1.002698076 1.108861584 0.710408760 -0.002491289 0.003058214 -0.703778257
1769782187.136937 2.095172904 1.002639399 1.106571263 0.710404035 -0.002503752 0.003024236 -0.703783129
1769782187.147913 2.095192016 1.002588232 1.104317709 0.710332378 -0.002524753 0.003007422 -0.703855450
1769782187.159055 2.095210651 1.002542135 1.101939396 0.710308646 -0.002560813 0.003001460 -0.703879294
1769782187.169807 2.095217056 1.002512799 1.099584026 0.710279451 -0.002607673 0.003003994 -0.703908572
1769782187.180429 2.095203035 1.002482646 1.097364764 0.710229158 -0.002618914 0.003027425 -0.703959174
1769782187.191462 2.095177035 1.002428148 1.095075105 0.710223340 -0.002648160 0.002999645 -0.703965054
1769782187.202223 2.095134960 1.002369203 1.092784133 0.710156087 -0.002665581 0.003017361 -0.704032756
1769782187.213237 2.095074270 1.002336949 1.090494284 0.710100121 -0.002698147 0.003034282 -0.704089008
1769782187.224038 2.095012938 1.002303608 1.088119591 0.710086338 -0.002751234 0.003056117 -0.704102609
1769782187.234758 2.094930731 1.002265301 1.085837297 0.710091178 -0.002763656 0.003045594 -0.704097725
1769782187.245487 2.094822876 1.002212688 1.083546934 0.710083277 -0.002788773 0.003009000 -0.704105751
1769782187.256054 2.094703373 1.002168094 1.081354835 0.710048045 -0.002810151 0.002962399 -0.704141393
1769782187.266630 2.094572685 1.002135675 1.079137325 0.710030210 -0.002835258 0.002936646 -0.704159384
1769782187.277297 2.094447190 1.002109349 1.076886584 0.710022059 -0.002871984 0.002933996 -0.704167465
1769782187.287824 2.094304667 1.002076215 1.074639087 0.710027592 -0.002916257 0.002924541 -0.704161743
1769782187.298371 2.094149340 1.002032349 1.072448846 0.709981942 -0.002937421 0.002950752 -0.704207574
1769782187.309006 2.093976569 1.001989925 1.070272852 0.709930486 -0.002953884 0.002984183 -0.704259237
1769782187.319623 2.093791123 1.001957883 1.068074319 0.709898599 -0.002987758 0.003000331 -0.704291169
1769782187.330265 2.093598835 1.001935335 1.065898461 0.709894389 -0.003035067 0.002987427 -0.704295265
1769782187.341003 2.093384875 1.001893612 1.063607830 0.709938570 -0.003093544 0.002948347 -0.704250640
1769782187.351492 2.093167556 1.001852139 1.061441997 0.709910528 -0.003141939 0.002968821 -0.704278607
1769782187.362046 2.092939662 1.001812963 1.059329970 0.709871917 -0.003170921 0.002995825 -0.704317281
1769782187.372758 2.092689088 1.001782239 1.057147002 0.709857853 -0.003194224 0.003006476 -0.704331305
1769782187.383278 2.092444836 1.001755150 1.055010889 0.709875534 -0.003237557 0.003000576 -0.704313312
1769782187.393897 2.092169307 1.001717790 1.052842626 0.709916199 -0.003255204 0.002964633 -0.704272394
1769782187.405023 2.091862452 1.001677563 1.050616880 0.709924989 -0.003251004 0.002935066 -0.704263677
1769782187.415805 2.091573412 1.001641131 1.048526738 0.709886477 -0.003265956 0.002962704 -0.704302311
1769782187.426222 2.091283735 1.001614610 1.046474284 0.709848130 -0.003265722 0.003005412 -0.704340781
1769782187.442248 2.090993868 1.001587557 1.044507019 0.709879462 -0.003264954 0.003006274 -0.704309202
1769782187.454475 2.090782945 1.001563911 1.043084985 0.709883365 -0.003270352 0.003018444 -0.704305191
1769782187.467654 2.090656088 1.001550402 1.042283166 0.709887624 -0.003268284 0.003020797 -0.704300897
1769782187.481972 2.090386013 1.001515795 1.040609885 0.709915535 -0.003253862 0.003022639 -0.704272823
1769782187.493323 2.089148669 1.001397159 1.033615056 0.709929360 -0.003243113 0.003104926 -0.704258578
1769782187.504167 2.088737286 1.001358400 1.031516148 0.709952147 -0.003275788 0.003074716 -0.704235589
1769782187.514868 2.088311172 1.001337436 1.029523210 0.709962333 -0.003302363 0.003021554 -0.704225426
1769782187.525785 2.087871026 1.001305791 1.027572237 0.709935212 -0.003307410 0.002996253 -0.704252851
1769782187.536418 2.087433033 1.001276127 1.025639839 0.709942448 -0.003326541 0.002962392 -0.704245610
1769782187.547072 2.086982697 1.001256758 1.023730297 0.709966252 -0.003343726 0.002900219 -0.704221790
1769782187.557719 2.086519567 1.001229456 1.021807475 0.709999241 -0.003354998 0.002859766 -0.704188642
1769782187.568375 2.086043785 1.001207321 1.019887039 0.710013255 -0.003352708 0.002838789 -0.704174608
1769782187.579005 2.085587897 1.001174152 1.018113758 0.709985542 -0.003333789 0.002865794 -0.704202530
1769782187.589641 2.085106259 1.001148842 1.016306921 0.709987493 -0.003314180 0.002852330 -0.704200710
1769782187.600274 2.084595717 1.001127571 1.014508943 0.709977574 -0.003293684 0.002839162 -0.704210860
1769782187.610819 2.084078186 1.001112960 1.012724388 0.710007002 -0.003266651 0.002796538 -0.704181487
1769782187.621516 2.083543031 1.001086063 1.010914734 0.710036490 -0.003251775 0.002776262 -0.704151902
1769782187.632020 2.083023354 1.001058623 1.009201881 0.710053594 -0.003250092 0.002761223 -0.704134721
1769782187.642597 2.082467886 1.001029603 1.007503995 0.710060622 -0.003247028 0.002746533 -0.704127706
1769782187.653288 2.081922658 1.001007940 1.005849683 0.710037474 -0.003270135 0.002764886 -0.704150870
1769782187.663858 2.081361893 1.000988624 1.004182948 0.710027353 -0.003295700 0.002773655 -0.704160922
1769782187.674469 2.080798348 1.000967072 1.002535913 0.710047939 -0.003302906 0.002779763 -0.704140105
1769782187.685166 2.080221703 1.000941519 1.000899454 0.710079445 -0.003288282 0.002800908 -0.704108318
1769782187.695934 2.079613193 1.000912910 0.999273358 0.710098729 -0.003249919 0.002796189 -0.704089067
1769782187.706558 2.079003387 1.000888859 0.997702080 0.710100539 -0.003235631 0.002790183 -0.704087331
1769782187.717194 2.078388045 1.000863276 0.996189227 0.710093272 -0.003220574 0.002765471 -0.704094826
1769782187.727836 2.077756678 1.000854995 0.994699226 0.710073985 -0.003216817 0.002758346 -0.704114322
1769782187.738379 2.077117209 1.000825309 0.993198982 0.710108415 -0.003204832 0.002716547 -0.704079817
1769782187.748987 2.076483357 1.000813146 0.991762720 0.710114918 -0.003201811 0.002700076 -0.704073335
1769782187.759646 2.075819018 1.000779881 0.990280292 0.710148379 -0.003202640 0.002669581 -0.704039698
1769782187.770149 2.075153337 1.000763778 0.988893484 0.710155937 -0.003187122 0.002655017 -0.704032199
1769782187.780733 2.074512910 1.000742397 0.987567079 0.710146416 -0.003180487 0.002669307 -0.704041780
1769782187.791516 2.073821002 1.000719299 0.986228416 0.710142583 -0.003168751 0.002649178 -0.704045775
1769782187.802125 2.073141072 1.000699165 0.984935600 0.710116523 -0.003169880 0.002689987 -0.704071899
1769782187.812743 2.072433470 1.000690058 0.983673875 0.710114425 -0.003152251 0.002655617 -0.704074225
1769782187.823428 2.071700193 1.000678458 0.982409855 0.710123645 -0.003122188 0.002611190 -0.704065226
1769782187.834089 2.070950921 1.000667035 0.981158208 0.710146449 -0.003073111 0.002563910 -0.704042615
1769782187.844678 2.070180125 1.000646431 0.979922415 0.710180098 -0.003019391 0.002483649 -0.704009192
1769782187.855288 2.069430757 1.000624696 0.978756032 0.710193592 -0.002981990 0.002425869 -0.703995941
1769782187.865995 2.068652852 1.000610626 0.977591836 0.710207115 -0.002944455 0.002365133 -0.703982663
1769782187.876716 2.067875622 1.000591572 0.976477915 0.710205571 -0.002922325 0.002335662 -0.703984411
1769782187.887426 2.067085645 1.000584534 0.975425192 0.710198664 -0.002887412 0.002268854 -0.703991742
1769782187.898127 2.066284564 1.000566445 0.974380897 0.710190183 -0.002856850 0.002224447 -0.704000564
1769782187.908634 2.065485500 1.000550851 0.973365136 0.710192966 -0.002823737 0.002191908 -0.703997992
1769782187.919258 2.064687616 1.000544770 0.972396712 0.710189855 -0.002786790 0.002172498 -0.704001338
1769782187.929922 2.063885390 1.000519661 0.971451697 0.710186701 -0.002743241 0.002187995 -0.704004642
1769782187.940596 2.063036878 1.000512973 0.970500084 0.710203280 -0.002700163 0.002152957 -0.703988193
1769782187.951283 2.062200293 1.000495359 0.969594059 0.710215522 -0.002677809 0.002128477 -0.703976002
1769782187.962037 2.061356940 1.000470983 0.968724844 0.710215092 -0.002669721 0.002118926 -0.703976495
1769782187.972742 2.060515529 1.000454192 0.967891318 0.710212612 -0.002674980 0.002139601 -0.703978914
1769782187.983365 2.059667696 1.000433062 0.967094767 0.710218985 -0.002696472 0.002147707 -0.703972379
1769782187.994001 2.058769608 1.000426951 0.966344061 0.710210455 -0.002646611 0.002111176 -0.703981284
1769782188.004601 2.057859658 1.000422667 0.965612899 0.710213552 -0.002598558 0.002070656 -0.703978459
1769782188.015275 2.056931304 1.000422458 0.964938372 0.710198067 -0.002543773 0.002011059 -0.703994453
1769782188.025977 2.055993790 1.000429530 0.964297610 0.710173978 -0.002492538 0.001941961 -0.704019131
1769782188.036492 2.055069999 1.000421297 0.963684392 0.710166512 -0.002452725 0.001869149 -0.704026999
1769782188.047117 2.054141842 1.000423646 0.963125188 0.710136391 -0.002415149 0.001838649 -0.704057592
1769782188.057731 2.053191208 1.000420717 0.962573855 0.710123655 -0.002365312 0.001793698 -0.704070723
1769782188.068444 2.052229666 1.000410464 0.962039218 0.710113378 -0.002335685 0.001785070 -0.704081209
1769782188.079009 2.051301762 1.000401113 0.961561604 0.710100339 -0.002326404 0.001783706 -0.704094394
1769782188.089614 2.050337229 1.000397066 0.961108658 0.710094355 -0.002296561 0.001733356 -0.704100653
1769782188.100256 2.049367115 1.000387724 0.960679573 0.710087445 -0.002299299 0.001716685 -0.704107652
1769782188.110892 2.048393673 1.000379733 0.960285760 0.710077528 -0.002308459 0.001704602 -0.704117653
1769782188.121506 2.047423895 1.000366680 0.959923692 0.710066911 -0.002338519 0.001702145 -0.704128266
1769782188.132100 2.046434870 1.000362996 0.959593691 0.710057218 -0.002346391 0.001686825 -0.704138052
1769782188.142648 2.045382193 1.000374160 0.959281857 0.710057230 -0.002272086 0.001607556 -0.704138469
1769782188.153440 2.044331954 1.000377310 0.958991745 0.710065887 -0.002232639 0.001556434 -0.704129980
1769782188.164172 2.043232196 1.000391922 0.958735532 0.710070942 -0.002167623 0.001475148 -0.704125261
1769782188.174752 2.042152821 1.000403926 0.958521149 0.710071200 -0.002118518 0.001387550 -0.704125328
1769782188.185824 2.041062498 1.000401931 0.958346203 0.710066474 -0.002055556 0.001324040 -0.704130402
1769782188.197196 2.039887465 1.000411889 0.958209841 0.710050015 -0.001982681 0.001251131 -0.704147342
1769782188.207932 2.038788152 1.000404414 0.958111152 0.710039666 -0.001926164 0.001208428 -0.704158009
1769782188.219028 2.037676909 1.000417979 0.958076502 0.710004394 -0.001874786 0.001162556 -0.704193790
1769782188.230134 2.036507723 1.000413751 0.958054175 0.709979739 -0.001861788 0.001123174 -0.704218746
1769782188.241116 2.035349380 1.000421573 0.958078068 0.709951691 -0.001815045 0.001092339 -0.704247193
1769782188.252104 2.034178056 1.000424067 0.958142696 0.709919528 -0.001781292 0.001122579 -0.704279654
1769782188.262518 2.033110704 1.000416628 0.958229927 0.709889458 -0.001737770 0.001234915 -0.704309884
1769782188.273198 2.031951788 1.000437979 0.958383423 0.709824660 -0.001621823 0.001286614 -0.704375373
1769782188.283983 2.030764348 1.000446584 0.958543816 0.709772567 -0.001537749 0.001303670 -0.704428022
1769782188.294513 2.029572752 1.000464372 0.958751892 0.709710247 -0.001432349 0.001295747 -0.704491047
1769782188.304998 2.028381225 1.000479310 0.958980867 0.709657289 -0.001322832 0.001288517 -0.704544620
1769782188.315508 2.027219157 1.000480057 0.959226593 0.709616790 -0.001262720 0.001298049 -0.704585504
1769782188.326593 2.026016451 1.000479320 0.959515601 0.709570971 -0.001242682 0.001327228 -0.704631628
1769782188.337143 2.024797185 1.000485267 0.959825495 0.709529454 -0.001201071 0.001320397 -0.704673519
1769782188.347831 2.023608805 1.000485640 0.960164530 0.709484458 -0.001174807 0.001308133 -0.704718889
1769782188.358511 2.022361181 1.000496299 0.960553395 0.709431854 -0.001127805 0.001266872 -0.704771997
1769782188.369368 2.021101051 1.000500981 0.960975240 0.709378593 -0.001100977 0.001226552 -0.704825719
1769782188.380195 2.019893338 1.000508806 0.961440728 0.709305591 -0.001114554 0.001215443 -0.704899183
1769782188.390950 2.018630432 1.000516368 0.961953241 0.709227057 -0.001130724 0.001196798 -0.704978206
1769782188.401640 2.017370300 1.000522017 0.962452315 0.709170879 -0.001130366 0.001175470 -0.705034754
1769782188.412303 2.016089222 1.000546592 0.962996967 0.709101053 -0.001089152 0.001135341 -0.705105113
1769782188.422922 2.014785574 1.000557892 0.963547028 0.709045406 -0.001020791 0.001082506 -0.705161257
1769782188.433721 2.013461645 1.000576121 0.964134170 0.708983980 -0.000942724 0.001027574 -0.705223207
1769782188.444358 2.012126859 1.000590725 0.964711872 0.708942096 -0.000845785 0.000920840 -0.705265582
1769782188.455124 2.010827528 1.000591187 0.965331191 0.708885145 -0.000799615 0.000883104 -0.705322928
1769782188.465828 2.009529443 1.000600033 0.965999863 0.708811372 -0.000770933 0.000878128 -0.705397104
1769782188.476476 2.008239826 1.000594061 0.966681706 0.708739322 -0.000758445 0.000884017 -0.705469501
1769782188.487394 2.006911371 1.000607166 0.967420814 0.708641494 -0.000712644 0.000859841 -0.705567847
1769782188.498269 2.005521785 1.000623810 0.968189617 0.708555519 -0.000665368 0.000831958 -0.705654265
1769782188.508956 2.004178307 1.000629215 0.968957391 0.708470749 -0.000681508 0.000812204 -0.705739381
1769782188.519416 2.002888461 1.000644630 0.969707659 0.708389092 -0.000681750 0.000810550 -0.705821346
1769782188.530122 2.001538853 1.000649546 0.970480839 0.708317422 -0.000668732 0.000783574 -0.705893312
1769782188.540720 2.000146871 1.000663692 0.971292282 0.708228843 -0.000604021 0.000701075 -0.705982330
1769782188.551273 1.998786973 1.000678974 0.972128289 0.708124857 -0.000560630 0.000629204 -0.706086735
1769782188.562002 1.997387114 1.000693156 0.973008876 0.708013204 -0.000484829 0.000535320 -0.706198825
1769782188.572524 1.996025492 1.000705361 0.973882180 0.707906562 -0.000426333 0.000448416 -0.706305824
1769782188.583948 1.994693990 1.000712195 0.974752184 0.707803162 -0.000431755 0.000361942 -0.706409489
1769782188.594986 1.993165126 1.000720368 0.975735845 0.707703068 -0.000441392 0.000262959 -0.706509804
1769782188.605557 1.991811632 1.000719878 0.976622375 0.707611264 -0.000450207 0.000235433 -0.706601756
1769782188.616454 1.990451235 1.000715083 0.977539818 0.707512744 -0.000445616 0.000208968 -0.706700414
1769782188.627279 1.989066285 1.000710002 0.978533098 0.707377407 -0.000456956 0.000195713 -0.706835877
1769782188.637855 1.987711116 1.000712960 0.979511592 0.707237267 -0.000446424 0.000177471 -0.706976108
1769782188.648509 1.986365137 1.000719171 0.980463449 0.707119497 -0.000431835 0.000111778 -0.707093925
1769782188.659141 1.984980789 1.000733347 0.981459311 -0.706983128 0.000378994 -0.000023196 0.707230311
1769782188.669643 1.983595733 1.000734425 0.982407425 -0.706887881 0.000307546 0.000058300 0.707325545
1769782188.680097 1.982247271 1.000723028 0.983354124 -0.706789194 0.000229438 0.000140923 0.707424175
1769782188.690624 1.980896926 1.000718114 0.984345419 -0.706663735 0.000103882 0.000220122 0.707549508
1769782188.701215 1.979558139 1.000719058 0.985391625 -0.706511014 0.000016427 0.000254739 0.707702001
1769782188.711767 1.978247419 1.000716545 0.986418664 -0.706369806 -0.000031029 0.000317891 0.707842917
1769782188.722261 1.976944072 1.000701860 0.987441697 -0.706237520 -0.000091384 0.000369839 0.707974873
1769782188.732689 1.975684113 1.000689927 0.988445759 -0.706106068 -0.000151503 0.000374157 0.708105965
1769782188.743160 1.974425918 1.000684303 0.989455529 -0.705966548 -0.000274753 0.000375429 0.708245026
1769782188.753767 1.973187755 1.000662159 0.990478678 -0.705807562 -0.000341700 0.000355828 0.708403446
1769782188.764484 1.971886554 1.000638306 0.991557538 -0.705611842 -0.000500281 0.000357763 0.708598299
1769782188.775457 1.970585711 1.000616812 0.992679646 -0.705368217 -0.000686330 0.000359504 0.708840658
1769782188.786479 1.969258823 1.000608813 0.993844841 -0.705091113 -0.000909680 0.000370006 0.709116040
1769782188.797334 1.967942384 1.000599102 0.995000599 -0.704819955 -0.001154103 0.000447049 0.709385155
1769782188.808198 1.966682957 1.000577645 0.996115204 -0.704562968 -0.001362856 0.000530079 0.709639969
1769782188.819525 1.965464181 1.000545610 0.997228860 -0.704291179 -0.001585984 0.000592279 0.709909198
1769782188.831407 1.964078802 1.000500876 0.998554085 -0.703937052 -0.001838698 0.000669797 0.710259669
1769782188.842124 1.962879809 1.000471990 0.999784098 -0.703562112 -0.002096097 0.000741192 0.710630292
1769782188.852952 1.961737900 1.000444184 1.000981472 -0.703198315 -0.002327615 0.000812596 0.710989487
1769782188.863710 1.960608916 1.000408701 1.002210519 -0.702819878 -0.002567170 0.000864476 0.711362694
1769782188.874400 1.959499090 1.000377724 1.003413208 -0.702450762 -0.002787663 0.000953613 0.711726244
1769782188.885312 1.958379964 1.000346588 1.004620171 -0.702085431 -0.003064910 0.001101683 0.712085276
1769782188.895998 1.957252733 1.000313118 1.005875111 -0.701707292 -0.003383867 0.001273766 0.712456177
1769782188.909455 1.956264914 1.000276208 1.007054544 -0.701320127 -0.003687745 0.001383159 0.712835582
1769782188.921158 1.954781441 1.000221944 1.008897462 -0.700725446 -0.004145760 0.001625671 0.713417142
1769782188.932395 1.953749544 1.000174808 1.010237155 -0.700295333 -0.004474020 0.001767976 0.713837029
1769782188.943548 1.952685791 1.000131421 1.011608456 -0.699874186 -0.004890382 0.001929388 0.714246796
1769782188.954180 1.951666822 1.000076080 1.012982090 -0.699455867 -0.005262761 0.002110743 0.714653300
1769782188.964752 1.950695810 1.000024491 1.014329639 -0.699049122 -0.005632248 0.002328206 0.715047679
1769782188.975482 1.949741903 0.999970142 1.015763854 -0.698578967 -0.005961734 0.002530368 0.715503656
1769782188.986068 1.948838280 0.999919363 1.017167470 -0.698112344 -0.006272094 0.002725905 0.715955575
1769782188.996748 1.947933301 0.999860328 1.018640866 -0.697610891 -0.006589770 0.002873049 0.716440762
1769782189.007464 1.947043811 0.999804397 1.020097951 -0.697123274 -0.006879279 0.003027251 0.716911886
1769782189.018165 1.946153794 0.999744888 1.021574606 -0.696630900 -0.007179507 0.003225432 0.717386535
1769782189.028790 1.945271811 0.999678956 1.023105049 -0.696107928 -0.007482053 0.003405701 0.717890084
1769782189.039351 1.944401510 0.999625533 1.024696663 -0.695536201 -0.007836192 0.003575020 0.718439424
1769782189.050056 1.943537916 0.999586672 1.026316737 -0.694994905 -0.008211369 0.003780373 0.718957832
1769782189.060681 1.942692742 0.999548324 1.027988908 -0.694459099 -0.008579705 0.004028742 0.719469747
1769782189.071247 1.941860720 0.999509191 1.029638424 -0.693979787 -0.009002091 0.004291262 0.719925414
1769782189.081874 1.941057269 0.999457158 1.031282672 -0.693523009 -0.009448883 0.004545974 0.720358167
1769782189.092577 1.940207198 0.999409346 1.033087172 -0.693008571 -0.009958249 0.004842516 0.720844299
1769782189.103142 1.939390419 0.999359172 1.034863425 -0.692530160 -0.010443307 0.005162952 0.721294848
1769782189.113778 1.938565572 0.999322869 1.036690765 -0.692068113 -0.010979869 0.005487455 0.721727828
1769782189.124577 1.937708245 0.999292691 1.038541592 -0.691667536 -0.011575321 0.005853436 0.722099556
1769782189.135089 1.936909844 0.999248709 1.040346736 -0.691292041 -0.012111666 0.006223058 0.722447157
1769782189.145602 1.936042582 0.999206846 1.042252372 -0.690899408 -0.012699231 0.006681030 0.722808482
1769782189.156397 1.935140208 0.999176233 1.044264886 -0.690471681 -0.013330138 0.007130810 0.723201435
1769782189.166981 1.934216064 0.999152597 1.046283132 -0.690092253 -0.014000170 0.007607861 0.723545989
1769782189.177510 1.933298501 0.999124250 1.048218159 -0.689814099 -0.014652273 0.008142906 0.723792452
1769782189.188197 1.932370369 0.999109048 1.050264609 -0.689475545 -0.015328187 0.008658045 0.724094992
1769782189.198740 1.931447551 0.999080970 1.052394553 -0.689142420 -0.016028675 0.009123380 0.724391172
1769782189.209310 1.930526436 0.999051312 1.054531710 -0.688793968 -0.016731119 0.009552383 0.724701105
1769782189.220540 1.929539139 0.999050513 1.056771829 -0.688495044 -0.017454289 0.010074735 0.724960979
1769782189.231077 1.928596235 0.999035908 1.058961044 -0.688263128 -0.018119330 0.010585310 0.725157574
1769782189.241667 1.927609780 0.999018386 1.061230665 -0.687948790 -0.018790878 0.011104922 0.725430938
1769782189.252834 1.926553360 0.998998618 1.063604104 -0.687642270 -0.019478794 0.011661863 0.725694623
1769782189.264148 1.925427976 0.999002084 1.066064040 -0.687370049 -0.020195267 0.012284976 0.725922617
1769782189.274977 1.924277994 0.999012793 1.068487346 -0.687174409 -0.020948689 0.012895450 0.726075885
1769782189.285589 1.923203315 0.999006139 1.070817675 -0.686965407 -0.021645079 0.013431474 0.726243496
1769782189.296127 1.922100311 0.999003192 1.073277704 -0.686687688 -0.022303149 0.013940303 0.726476605
1769782189.306586 1.921046066 0.999012389 1.075705041 -0.686441851 -0.022836212 0.014448113 0.726682424
1769782189.317106 1.919931038 0.999032826 1.078093134 -0.686279188 -0.023410388 0.015007127 0.726806450
1769782189.327639 1.918724100 0.999045808 1.080581911 -0.686118455 -0.024019802 0.015608761 0.726925637
1769782189.338111 1.917485361 0.999050412 1.083125790 -0.685870154 -0.024634557 0.016170537 0.727127076
1769782189.348751 1.916243976 0.999062236 1.085642261 -0.685701217 -0.025194369 0.016733595 0.727254475
1769782189.359227 1.914982082 0.999083971 1.088151959 -0.685620974 -0.025730255 0.017305738 0.727297975
1769782189.369622 1.913790915 0.999099720 1.090648457 -0.685543159 -0.026186144 0.017802807 0.727343057
1769782189.380466 1.912472305 0.999106874 1.093289782 -0.685431203 -0.026641362 0.018361638 0.727418143
1769782189.391130 1.911099612 0.999129980 1.095927638 -0.685259217 -0.027122676 0.018913460 0.727548244
1769782189.401752 1.909707602 0.999171909 1.098487838 -0.685263773 -0.027587744 0.019469994 0.727511785
1769782189.412528 1.908305695 0.999206603 1.101118959 -0.685277801 -0.028017434 0.019984596 0.727468195
1769782189.423586 1.906879917 0.999229070 1.103904113 -0.685178845 -0.028338912 0.020473317 0.727535360
1769782189.434523 1.905391071 0.999260626 1.106656218 -0.685120446 -0.028658254 0.020994134 0.727563004
1769782189.445936 1.903836267 0.999320594 1.109354778 -0.685165230 -0.028965907 0.021561467 0.727492053
1769782189.457025 1.902399713 0.999360671 1.111851365 -0.685225026 -0.029183526 0.022047932 0.727412451
1769782189.468145 1.900713574 0.999380213 1.114931311 -0.685261799 -0.029315101 0.022571510 0.727356460
1769782189.479604 1.899293298 0.999408038 1.117374566 -0.685352576 -0.029399075 0.023019881 0.727253481
1769782189.490530 1.897372521 0.999477490 1.120529638 -0.685524143 -0.029468651 0.023633435 0.727069260
1769782189.501423 1.895789238 0.999522417 1.123165268 -0.685711440 -0.029413188 0.024085959 0.726880013
1769782189.512516 1.894172961 0.999562276 1.125932017 -0.685852574 -0.029268779 0.024511324 0.726738454
1769782189.523154 1.892542053 0.999612586 1.128619882 -0.685966479 -0.029073588 0.024960070 0.726623500
1769782189.533793 1.890944657 0.999662386 1.131183640 -0.686140322 -0.028820204 0.025360241 0.726455582
1769782189.544248 1.889348413 0.999718927 1.133703355 -0.686398900 -0.028512819 0.025713962 0.726210962
1769782189.554769 1.887783133 0.999759975 1.136201315 -0.686640511 -0.028083306 0.026046330 0.725987414
1769782189.565203 1.886171984 0.999786308 1.138743172 -0.686835193 -0.027587950 0.026410768 0.725809062
1769782189.575885 1.884537388 0.999829720 1.141272259 -0.687091325 -0.027043582 0.026713047 0.725576025
1769782189.586633 1.882937332 0.999892015 1.143719192 -0.687373068 -0.026425379 0.026966343 0.725322536
1769782189.597389 1.881305825 0.999973560 1.146203313 -0.687615277 -0.025702793 0.027221712 0.725109355
1769782189.608434 1.879546944 1.000028883 1.148790432 -0.687938217 -0.024919302 0.027457242 0.724821452
1769782189.618891 1.877933361 1.000046497 1.151242839 -0.688168949 -0.024231002 0.027445310 0.724626188
1769782189.629355 1.876378839 1.000048772 1.153661222 -0.688431023 -0.023646845 0.027113797 0.724408997
1769782189.639826 1.874768090 1.000095683 1.155973368 -0.688814791 -0.023232920 0.026633502 0.724075322
1769782189.650341 1.873147182 1.000219595 1.158077632 -0.689236262 -0.022875704 0.026096372 0.723705089
1769782189.660839 1.871488897 1.000452986 1.160073726 -0.689617031 -0.022499572 0.025559638 0.723373227
1769782189.671461 1.869856642 1.000832035 1.161780557 -0.690157058 -0.022078761 0.025041740 0.722889116
1769782189.681983 1.868246619 1.001329255 1.163137503 -0.690871908 -0.021662535 0.024557385 0.722235194
1769782189.692401 1.866549599 1.001905543 1.164296951 -0.691760061 -0.021343033 0.024140005 0.721408174
1769782189.702953 1.864852973 1.002521702 1.165258547 -0.692931575 -0.021018388 0.023693669 0.720307344
1769782189.713555 1.863149416 1.003140333 1.166153062 -0.694276091 -0.020692188 0.023238743 0.719035815
1769782189.724257 1.861438478 1.003754124 1.167046535 -0.695745293 -0.020362150 0.022758422 0.717639133
1769782189.734724 1.859760005 1.004310430 1.167879624 -0.697210148 -0.020073190 0.022364419 0.716236629
1769782189.745360 1.857973742 1.004864990 1.168744042 -0.698699641 -0.019785881 0.021986200 0.714803426
1769782189.755928 1.856255834 1.005383466 1.169589927 -0.700117757 -0.019488977 0.021613285 0.713434070
1769782189.766369 1.854608411 1.005902628 1.170424826 -0.701541641 -0.019159298 0.021177545 0.712056008
1769782189.776890 1.852912988 1.006407597 1.171292072 -0.702849333 -0.018886429 0.020764625 0.710784741
1769782189.787380 1.851186574 1.006884279 1.172221363 -0.704018313 -0.018653140 0.020405012 0.709643510
1769782189.798020 1.849483606 1.007345139 1.173142117 -0.705163096 -0.018397506 0.020034733 0.708523217
1769782189.808476 1.847810236 1.007796968 1.174099885 -0.706168936 -0.018120081 0.019638990 0.707538978
1769782189.819171 1.846179766 1.008216317 1.175063209 0.707097793 0.017839734 -0.019235741 -0.706628928
1769782189.829719 1.844478273 1.008625355 1.176021610 0.708043165 0.017599572 -0.018861965 -0.705697781
1769782189.840168 1.842774899 1.009005037 1.177007350 0.708807124 0.017437861 -0.018549524 -0.704942762
1769782189.850763 1.841131664 1.009366485 1.177995312 0.709528630 0.017229098 -0.018201186 -0.704230785
1769782189.861356 1.839544799 1.009741981 1.179022108 0.710206506 0.016969995 -0.017791132 -0.703563937
1769782189.871926 1.837908447 1.010092392 1.180056740 0.710803795 0.016765250 -0.017436517 -0.702974295
1769782189.882523 1.836286492 1.010399702 1.181046872 0.711356873 0.016597202 -0.017128344 -0.702426189
1769782189.893152 1.834587138 1.010696831 1.182075879 0.711878366 0.016473352 -0.016851108 -0.701907302
1769782189.903634 1.832994766 1.010986326 1.183044367 0.712408533 0.016296506 -0.016535504 -0.701380840
1769782189.914503 1.831462636 1.011275705 1.184024297 0.712947286 0.016046501 -0.016157985 -0.700847770
1769782189.925177 1.829877088 1.011533380 1.185014582 0.713421143 0.015876095 -0.015811423 -0.700377199
1769782189.935705 1.828283173 1.011771837 1.185993215 0.713827692 0.015765443 -0.015526863 -0.699971709
1769782189.946148 1.826716390 1.011999750 1.186955686 0.714222470 0.015652194 -0.015264631 -0.699577203
1769782189.956845 1.825171764 1.012217016 1.187888448 0.714634570 0.015512006 -0.014954155 -0.699166062
1769782189.967531 1.823727671 1.012418953 1.188793583 0.715045372 0.015308374 -0.014586540 -0.698758186
1769782189.978246 1.822239194 1.012603054 1.189697279 0.715433930 0.015152252 -0.014229133 -0.698371129
1769782189.988944 1.820680474 1.012767416 1.190602222 0.715777025 0.015067199 -0.013977753 -0.698026398
1769782189.999635 1.819172177 1.012923299 1.191464998 0.716132739 0.014954348 -0.013719480 -0.697669007
1769782190.010190 1.817711302 1.013063920 1.192307041 0.716471615 0.014817335 -0.013444795 -0.697329269
1769782190.020836 1.816313758 1.013194786 1.193133195 0.716768886 0.014659606 -0.013165341 -0.697032377
1769782190.031282 1.814982278 1.013327474 1.193964361 0.717032991 0.014456697 -0.012830936 -0.696771168
1769782190.042019 1.813523228 1.013427153 1.194811973 0.717235563 0.014354841 -0.012603304 -0.696568907
1769782190.052769 1.812100583 1.013506779 1.195582331 0.717476704 0.014251219 -0.012386160 -0.696326551
1769782190.063480 1.810703249 1.013573152 1.196333409 0.717722921 0.014118894 -0.012161305 -0.696079427
1769782190.074160 1.809351358 1.013636038 1.197065299 0.717939857 0.013974961 -0.011925212 -0.695862667
1769782190.084744 1.808073251 1.013697636 1.197783745 0.718139941 0.013787356 -0.011650831 -0.695664568
1769782190.095336 1.806805327 1.013740080 1.198494522 0.718292048 0.013620233 -0.011370407 -0.695515447
1769782190.105756 1.805526849 1.013759042 1.199168493 0.718401136 0.013516666 -0.011164246 -0.695408130
1769782190.116501 1.804200133 1.013768012 1.199839515 0.718516412 0.013412673 -0.010980056 -0.695293970
1769782190.127211 1.802942755 1.013771180 1.200484517 0.718607011 0.013277394 -0.010802033 -0.695205718
1769782190.137708 1.801675091 1.013760413 1.201134796 0.718658926 0.013150047 -0.010628528 -0.695157147
1769782190.148242 1.800518565 1.013749971 1.201736304 0.718701379 0.012979009 -0.010409059 -0.695119792
1769782190.158890 1.799388495 1.013732254 1.202325645 0.718721761 0.012790046 -0.010169156 -0.695105771
1769782190.169631 1.798190457 1.013683387 1.202892096 0.718716014 0.012668588 -0.009992783 -0.695116495
1769782190.180295 1.797026567 1.013620499 1.203404477 0.718716779 0.012563364 -0.009841177 -0.695119778
1769782190.191044 1.795826950 1.013548364 1.203938574 0.718670302 0.012468338 -0.009707973 -0.695171413
1769782190.201602 1.794707412 1.013471326 1.204435664 0.718607497 0.012337150 -0.009557279 -0.695240763
1769782190.212267 1.793642634 1.013391534 1.204906178 0.718531811 0.012192382 -0.009390305 -0.695323812
1769782190.222865 1.792618897 1.013309640 1.205354553 0.718445355 0.012015505 -0.009201337 -0.695418748
1769782190.233373 1.791624681 1.013216095 1.205773222 0.718359753 0.011835005 -0.009009953 -0.695512774
1769782190.243886 1.790569192 1.013099163 1.206181181 0.718227453 0.011728612 -0.008907267 -0.695652518
1769782190.254541 1.789520418 1.012973236 1.206567353 0.718082304 0.011624395 -0.008801328 -0.695805443
1769782190.265413 1.788491693 1.012834606 1.206928260 0.717937439 0.011504979 -0.008693143 -0.695958259
1769782190.275994 1.787506776 1.012691843 1.207265662 0.717775668 0.011371612 -0.008566861 -0.696128857
1769782190.286636 1.786575658 1.012550988 1.207574984 0.717599055 0.011226364 -0.008440841 -0.696314812
1769782190.297282 1.785675072 1.012410615 1.207851856 0.717412130 0.011059678 -0.008303467 -0.696511717
1769782190.308122 1.784800878 1.012266851 1.208080866 0.717240408 0.010874693 -0.008151251 -0.696693258
1769782190.318829 1.783882162 1.012110884 1.208278578 0.717041835 0.010751256 -0.008058226 -0.696900626
1769782190.329982 1.782936656 1.011957781 1.208439854 0.716842449 0.010626452 -0.007981967 -0.697108507
1769782190.340626 1.782018857 1.011809052 1.208544165 0.716662998 0.010534111 -0.007920736 -0.697295090
1769782190.351147 1.781180745 1.011677615 1.208593581 0.716506704 0.010414797 -0.007823672 -0.697458576
1769782190.361770 1.780366340 1.011550198 1.208599029 0.716358660 0.010284261 -0.007708612 -0.697613849
1769782190.372425 1.779573118 1.011425339 1.208559123 0.716223644 0.010145353 -0.007587568 -0.697755826
1769782190.383401 1.778835742 1.011309754 1.208473054 0.716120008 0.009981613 -0.007434736 -0.697866196
1769782190.395251 1.777979187 1.011173538 1.208316674 0.716037728 0.009811987 -0.007275659 -0.697954699
1769782190.405873 1.777212111 1.011058028 1.208138051 0.715994909 0.009684622 -0.007169420 -0.698001502
1769782190.416527 1.776446738 1.010942206 1.207917631 0.715977004 0.009565714 -0.007066465 -0.698022558
1769782190.427191 1.775689281 1.010832256 1.207654123 0.715974777 0.009445384 -0.006960240 -0.698027549
1769782190.437705 1.774985094 1.010739681 1.207355097 0.715986646 0.009314614 -0.006837396 -0.698018345
1769782190.448420 1.774328673 1.010646781 1.207021425 0.715994278 0.009139795 -0.006695746 -0.698014202
1769782190.459049 1.773676151 1.010550191 1.206627656 0.716010089 0.008978815 -0.006572246 -0.698001245
1769782190.469696 1.773035148 1.010454258 1.206196396 0.716002089 0.008824512 -0.006452523 -0.698012536
1769782190.480484 1.772450794 1.010373888 1.205724542 0.715986250 0.008636115 -0.006302386 -0.698032511
1769782190.491290 1.771837456 1.010283136 1.205229289 0.715942041 0.008532282 -0.006207205 -0.698079985
1769782190.502125 1.771201518 1.010185869 1.204696581 0.715867941 0.008449063 -0.006137946 -0.698157597
1769782190.512792 1.770585913 1.010091122 1.204132347 0.715787550 0.008375080 -0.006075402 -0.698241456
1769782190.523472 1.769991163 1.009998335 1.203557832 0.715666744 0.008308908 -0.006042421 -0.698366353
1769782190.534094 1.769446271 1.009917547 1.202965338 0.715535739 0.008223604 -0.005985707 -0.698502075
1769782190.544639 1.768926139 1.009830618 1.202331878 0.715402129 0.008138226 -0.005915699 -0.698640514
1769782190.555280 1.768420464 1.009747913 1.201677379 0.715263008 0.008071152 -0.005850321 -0.698784272
1769782190.565927 1.767927471 1.009665895 1.200988862 0.715117429 0.008010700 -0.005778401 -0.698934547
1769782190.576550 1.767460698 1.009590699 1.200254521 0.714979983 0.007939508 -0.005686350 -0.699076715
1769782190.587208 1.767046475 1.009516584 1.199520873 0.714843234 0.007850727 -0.005599059 -0.699218254
1769782190.597989 1.766579361 1.009430606 1.198737869 0.714689975 0.007803119 -0.005552059 -0.699375811
1769782190.608729 1.766118598 1.009336279 1.197929881 0.714533394 0.007779405 -0.005526129 -0.699536254
1769782190.619534 1.765663710 1.009253925 1.197100332 0.714373947 0.007762328 -0.005511486 -0.699699388
1769782190.630240 1.765234300 1.009170819 1.196234971 0.714233357 0.007743256 -0.005490131 -0.699843277
1769782190.640729 1.764840223 1.009100929 1.195341409 0.714121974 0.007724682 -0.005452806 -0.699957429
1769782190.651989 1.764471469 1.009026975 1.194398207 0.713989004 0.007673689 -0.005406373 -0.700093985
1769782190.662957 1.764118565 1.008957399 1.193397630 0.713883575 0.007620575 -0.005350313 -0.700202501
1769782190.673635 1.763782265 1.008896073 1.192384769 0.713792716 0.007574981 -0.005292196 -0.700296059
1769782190.684400 1.763481491 1.008836020 1.191384971 0.713699627 0.007519674 -0.005242748 -0.700391898
1769782190.694954 1.763176448 1.008778486 1.190341463 0.713598650 0.007485429 -0.005197771 -0.700495480
1769782190.705396 1.762923826 1.008724099 1.189341925 0.713476558 0.007436183 -0.005144792 -0.700620750
1769782190.716080 1.762706221 1.008672931 1.188307401 0.713363487 0.007358306 -0.005074080 -0.700737215
1769782190.726767 1.762450693 1.008608367 1.187218049 0.713267656 0.007308893 -0.005044202 -0.700835492
1769782190.737281 1.762186053 1.008541015 1.186105518 0.713189502 0.007296007 -0.005030250 -0.700915258
1769782190.748255 1.761940738 1.008473825 1.184974229 0.713089767 0.007262371 -0.005023146 -0.701017126
1769782190.759276 1.761722765 1.008413045 1.183797741 0.713001414 0.007224304 -0.005001043 -0.701107540
1769782190.769890 1.761527466 1.008350809 1.182639339 0.712892625 0.007200301 -0.004980882 -0.701218547
1769782190.780456 1.761369010 1.008297176 1.181488811 0.712782778 0.007153298 -0.004949156 -0.701330911
1769782190.790999 1.761219418 1.008251026 1.180310983 0.712711327 0.007125628 -0.004908348 -0.701404090
1769782190.801500 1.761091939 1.008202294 1.179132396 0.712629314 0.007079783 -0.004872825 -0.701488128
1769782190.812156 1.760989627 1.008154987 1.177921795 0.712561180 0.007042931 -0.004817706 -0.701558089
1769782190.822753 1.760889707 1.008115474 1.176653771 0.712526763 0.007022135 -0.004742111 -0.701593767
1769782190.833220 1.760787228 1.008076242 1.175413952 0.712482234 0.006998870 -0.004693681 -0.701639545
1769782190.843744 1.760709872 1.008036353 1.174149528 0.712440327 0.006981159 -0.004636173 -0.701682656
1769782190.854399 1.760639190 1.007988960 1.172908256 0.712352943 0.006964660 -0.004610128 -0.701771704
1769782190.865042 1.760600263 1.007947501 1.171617743 0.712269476 0.006936429 -0.004570807 -0.701856957
1769782190.875649 1.760580793 1.007907237 1.170326908 0.712220805 0.006893453 -0.004522310 -0.701907084
1769782190.886319 1.760585207 1.007869384 1.169030866 0.712176091 0.006838160 -0.004467479 -0.701953344
1769782190.896977 1.760566334 1.007813719 1.167702367 0.712124896 0.006805990 -0.004450455 -0.702005701
1769782190.907487 1.760557793 1.007768137 1.166389911 0.712081868 0.006773833 -0.004445982 -0.702049686
1769782190.918207 1.760553868 1.007726161 1.165057511 0.712025175 0.006746951 -0.004462558 -0.702107338
1769782190.928885 1.760580425 1.007684825 1.163696597 0.711947646 0.006720746 -0.004470562 -0.702186154
1769782190.939400 1.760629729 1.007649089 1.162338836 0.711910661 0.006705559 -0.004441930 -0.702223978
1769782190.950130 1.760692512 1.007620917 1.160968458 0.711887182 0.006667866 -0.004415846 -0.702248304
1769782190.960748 1.760759731 1.007593569 1.159573768 0.711864216 0.006639035 -0.004394649 -0.702271990
1769782190.971400 1.760839228 1.007564171 1.158222857 0.711824802 0.006615829 -0.004373513 -0.702312292
1769782190.982024 1.760956547 1.007535441 1.156859918 0.711770146 0.006576219 -0.004340099 -0.702368263
1769782190.992722 1.761071456 1.007501846 1.155454101 0.711747698 0.006560258 -0.004312141 -0.702391331
1769782191.003236 1.761214469 1.007471564 1.154093376 0.711689990 0.006518137 -0.004293199 -0.702450311
1769782191.013837 1.761365363 1.007439784 1.152741936 0.711636409 0.006470451 -0.004284643 -0.702505086
1769782191.024540 1.761533494 1.007414217 1.151360413 0.711597105 0.006421456 -0.004263789 -0.702545476
1769782191.034991 1.761714534 1.007392865 1.149989588 0.711562817 0.006372743 -0.004242647 -0.702580775
1769782191.045640 1.761897872 1.007369099 1.148592322 0.711529663 0.006350543 -0.004224751 -0.702614661
1769782191.056279 1.762080842 1.007342711 1.147207866 0.711496280 0.006354191 -0.004197528 -0.702648596
1769782191.066894 1.762274433 1.007322246 1.145782200 0.711476838 0.006351406 -0.004181167 -0.702668404
1769782191.077488 1.762484321 1.007306589 1.144393408 0.711452415 0.006329474 -0.004165731 -0.702693422
1769782191.088239 1.762694237 1.007293882 1.143043327 0.711412749 0.006324322 -0.004151787 -0.702733709
1769782191.098767 1.762928416 1.007268712 1.141648782 0.711376503 0.006309339 -0.004140305 -0.702770603
1769782191.109292 1.763177020 1.007251011 1.140284469 0.711340703 0.006297794 -0.004119390 -0.702807066
1769782191.120017 1.763439942 1.007232584 1.138918535 0.711277406 0.006299799 -0.004110122 -0.702871163
1769782191.130639 1.763705273 1.007206295 1.137580705 0.711171313 0.006309634 -0.004124896 -0.702978333
1769782191.141246 1.763978540 1.007187794 1.136215345 0.711133705 0.006317819 -0.004120613 -0.703016329
1769782191.152053 1.764267887 1.007169325 1.134838688 0.711092433 0.006316116 -0.004116242 -0.703058116
1769782191.162765 1.764584133 1.007156814 1.133468357 0.711057279 0.006304511 -0.004087817 -0.703093940
1769782191.173317 1.764903571 1.007148910 1.132093888 0.711049602 0.006296492 -0.004052145 -0.703101982
1769782191.184299 1.765220218 1.007138403 1.130715027 0.711052436 0.006298716 -0.004022874 -0.703099264
1769782191.195105 1.765559214 1.007123309 1.129271945 0.711065833 0.006296462 -0.004005938 -0.703085833
1769782191.205642 1.765898000 1.007115590 1.127959815 0.711047113 0.006281305 -0.003979529 -0.703105050
1769782191.216545 1.766254120 1.007113801 1.126632169 0.711020227 0.006259657 -0.003959863 -0.703132543
1769782191.227311 1.766631947 1.007106207 1.125287821 0.711000045 0.006232639 -0.003939893 -0.703153303
1769782191.238017 1.767017210 1.007093030 1.123985383 0.710985006 0.006206183 -0.003905169 -0.703168937
1769782191.248824 1.767408664 1.007083144 1.122685320 0.710949273 0.006185152 -0.003891521 -0.703205326
1769782191.259714 1.767820109 1.007076448 1.121336882 0.710920934 0.006166379 -0.003878740 -0.703234212
1769782191.270225 1.768206646 1.007069370 1.120058888 0.710909360 0.006161587 -0.003869109 -0.703246007
1769782191.280827 1.768599218 1.007062736 1.118816649 0.710889477 0.006143667 -0.003871740 -0.703266249
1769782191.291413 1.768999123 1.007061117 1.117518938 0.710923893 0.006131235 -0.003862915 -0.703231615
1769782191.302060 1.769407538 1.007057578 1.116232624 0.710937524 0.006122928 -0.003863469 -0.703217904
1769782191.312766 1.769827323 1.007051988 1.114959336 0.710958221 0.006118968 -0.003855925 -0.703197055
1769782191.323344 1.770254692 1.007043776 1.113715158 0.710955875 0.006123368 -0.003842195 -0.703199464
1769782191.334095 1.770678397 1.007035410 1.112504868 0.710927099 0.006130298 -0.003851800 -0.703228443
1769782191.344675 1.771118852 1.007034327 1.111292324 0.710920584 0.006126830 -0.003849455 -0.703235072
1769782191.355537 1.771582235 1.007034739 1.110111934 0.710872652 0.006123190 -0.003840926 -0.703283603
1769782191.365995 1.772033376 1.007032186 1.108971249 0.710827644 0.006140748 -0.003831637 -0.703328991
1769782191.376489 1.772500906 1.007031259 1.107824919 0.710802447 0.006142883 -0.003822740 -0.703354486
1769782191.387173 1.772966698 1.007033382 1.106693886 0.710786201 0.006152106 -0.003802790 -0.703370931
1769782191.397726 1.773457690 1.007032194 1.105536969 0.710767028 0.006162336 -0.003788942 -0.703390291
1769782191.408257 1.773941363 1.007035623 1.104437831 0.710735376 0.006161730 -0.003788289 -0.703422282
1769782191.419055 1.774431715 1.007041220 1.103296990 0.710751715 0.006151077 -0.003786047 -0.703405879
1769782191.430066 1.774951245 1.007052661 1.102145409 0.710770824 0.006121459 -0.003772381 -0.703386901
1769782191.440602 1.775478366 1.007056479 1.101011765 0.710814038 0.006093270 -0.003740208 -0.703343648
1769782191.451296 1.775980765 1.007059628 1.099949499 0.710823276 0.006080736 -0.003733140 -0.703334457
1769782191.461814 1.776502008 1.007068175 1.098892186 0.710835634 0.006050287 -0.003723799 -0.703322280
1769782191.472440 1.777034921 1.007071654 1.097833789 0.710844273 0.006038030 -0.003706094 -0.703313746
1769782191.483313 1.777569588 1.007082584 1.096825277 0.710821049 0.006018636 -0.003711854 -0.703337355
1769782191.493765 1.778128723 1.007085429 1.095811604 0.710819881 0.005992769 -0.003687216 -0.703338886
1769782191.504375 1.778655099 1.007102256 1.094860261 0.710784626 0.005975695 -0.003707536 -0.703374552
1769782191.515000 1.779199669 1.007112693 1.093900239 0.710759284 0.005970971 -0.003696919 -0.703400256
1769782191.525640 1.779765830 1.007131497 1.092954577 0.710731604 0.005954804 -0.003673177 -0.703428486
1769782191.536245 1.780326922 1.007142159 1.092004496 0.710718401 0.005949674 -0.003664075 -0.703441917
1769782191.547021 1.780870728 1.007147227 1.091079975 0.710701490 0.005960621 -0.003659909 -0.703458931
1769782191.557664 1.781436901 1.007159361 1.090146119 0.710700778 0.005963836 -0.003642443 -0.703459715
1769782191.568130 1.781988451 1.007172237 1.089249749 0.710700976 0.005963882 -0.003642862 -0.703459511
1769782191.578649 1.782538853 1.007186774 1.088366851 0.710710269 0.005954331 -0.003644792 -0.703450194
1769782191.589255 1.783107999 1.007194859 1.087496613 0.710720783 0.005953141 -0.003607519 -0.703439774
1769782191.599993 1.783676168 1.007210107 1.086643669 0.710703553 0.005968822 -0.003601775 -0.703457077
1769782191.610837 1.784260041 1.007217931 1.085790571 0.710714136 0.005955235 -0.003595984 -0.703446530
1769782191.621817 1.784867533 1.007238334 1.084954026 0.710717612 0.005922173 -0.003582457 -0.703443366
1769782191.632409 1.785433057 1.007245275 1.084165453 0.710712156 0.005915877 -0.003593219 -0.703448877
1769782191.643152 1.786024136 1.007264195 1.083378775 0.710705154 0.005900559 -0.003585314 -0.703456120
1769782191.653809 1.786604866 1.007271709 1.082628891 0.710689068 0.005897892 -0.003574953 -0.703472447
1769782191.664410 1.787179639 1.007285840 1.081906926 0.710647107 0.005903676 -0.003592738 -0.703514696
1769782191.675144 1.787776653 1.007302479 1.081167420 0.710646157 0.005890106 -0.003579494 -0.703515837
1769782191.685726 1.788353021 1.007313985 1.080475511 0.710633798 0.005894817 -0.003565351 -0.703528354
1769782191.696486 1.788951641 1.007330758 1.079768353 0.710643232 0.005874105 -0.003546395 -0.703519093
1769782191.706964 1.789533219 1.007341425 1.079088286 0.710648870 0.005864827 -0.003531876 -0.703513549
1769782191.717842 1.790097522 1.007355767 1.078427941 0.710625854 0.005913019 -0.003511508 -0.703536496
1769782191.728530 1.790691426 1.007377047 1.077785611 0.710602541 0.005938488 -0.003463632 -0.703560065
1769782191.739154 1.791288830 1.007390323 1.077162148 0.710579263 0.005963433 -0.003412027 -0.703583617
1769782191.749926 1.791901789 1.007411717 1.076562407 0.710550469 0.005964153 -0.003364924 -0.703612917
1769782191.760505 1.792502662 1.007432456 1.075960032 0.710550704 0.005956425 -0.003332891 -0.703612897
1769782191.771122 1.793103962 1.007448869 1.075368775 0.710566634 0.005927819 -0.003314454 -0.703597139
1769782191.782338 1.793693415 1.007466109 1.074811852 0.710570440 0.005876462 -0.003340016 -0.703593605
1769782191.794905 1.794394403 1.007482802 1.074147874 0.710607541 0.005773419 -0.003388559 -0.703556755
1769782191.806227 1.795035688 1.007499144 1.073570811 0.710621638 0.005662804 -0.003463263 -0.703543052
1769782191.817294 1.795655540 1.007515118 1.073033832 0.710639500 0.005542098 -0.003536114 -0.703525609
1769782191.828159 1.796257212 1.007532156 1.072516367 0.710653573 0.005439062 -0.003630455 -0.703511717
1769782191.838994 1.796862247 1.007549023 1.072025293 0.710667508 0.005356747 -0.003672720 -0.703498052
1769782191.849782 1.797431781 1.007558596 1.071579038 0.710652979 0.005325950 -0.003709892 -0.703512768
1769782191.860524 1.798022476 1.007577580 1.071131323 0.710646504 0.005279686 -0.003745757 -0.703519467
1769782191.871142 1.798588295 1.007593522 1.070702488 0.710639424 0.005269474 -0.003776671 -0.703526530
1769782191.881897 1.799162882 1.007605751 1.070293026 0.710626729 0.005271453 -0.003784665 -0.703539296
1769782191.892982 1.799756668 1.007617132 1.069870651 0.710638345 0.005253615 -0.003801041 -0.703527608
1769782191.903749 1.800342910 1.007640470 1.069490127 0.710627198 0.005244864 -0.003810096 -0.703538883
1769782191.914402 1.800911089 1.007657714 1.069123144 0.710627369 0.005234477 -0.003817412 -0.703538748
1769782191.925575 1.801479706 1.007665604 1.068755164 0.710628764 0.005251689 -0.003823307 -0.703537179
1769782191.936808 1.802066052 1.007682186 1.068402272 0.710608225 0.005284208 -0.003832507 -0.703557631
1769782191.947606 1.802659627 1.007708275 1.068084358 0.710595360 0.005278258 -0.003802983 -0.703570829
1769782191.958421 1.803249771 1.007730389 1.067777485 0.710585882 0.005271352 -0.003763842 -0.703580664
1769782191.969147 1.803829620 1.007743831 1.067472567 0.710587494 0.005273552 -0.003724125 -0.703579231
1769782191.979812 1.804405994 1.007763147 1.067189287 0.710581356 0.005275679 -0.003698901 -0.703585547
1769782191.990613 1.804979122 1.007785426 1.066919660 0.710571463 0.005291364 -0.003668713 -0.703595578
1769782192.001122 1.805514706 1.007806255 1.066679955 0.710557625 0.005311170 -0.003648879 -0.703609508
1769782192.011614 1.806060820 1.007823006 1.066431457 0.710562492 0.005325302 -0.003632501 -0.703604570
1769782192.022295 1.806589361 1.007832379 1.066198344 0.710556873 0.005362510 -0.003615626 -0.703610049
1769782192.032862 1.807123687 1.007846417 1.065989990 0.710540001 0.005394787 -0.003602426 -0.703626908
1769782192.043335 1.807648215 1.007863803 1.065795096 0.710533941 0.005405576 -0.003586729 -0.703633025
1769782192.053920 1.808172629 1.007877629 1.065610581 0.710525303 0.005421807 -0.003568450 -0.703641716
1769782192.064530 1.808701877 1.007895725 1.065425642 0.710529213 0.005427365 -0.003557513 -0.703637780
1769782192.075088 1.809212119 1.007910534 1.065252514 0.710538010 0.005430897 -0.003559509 -0.703628859
1769782192.085647 1.809717100 1.007926409 1.065107320 0.710523362 0.005436919 -0.003567105 -0.703643565
1769782192.096399 1.810238711 1.007939537 1.064966690 0.710512757 0.005450993 -0.003561618 -0.703654193
1769782192.107164 1.810751165 1.007953440 1.064840961 0.710487084 0.005476336 -0.003564627 -0.703679904
1769782192.117959 1.811251563 1.007967343 1.064717300 0.710470450 0.005523085 -0.003550181 -0.703696406
1769782192.128627 1.811768015 1.007990388 1.064603679 0.710465394 0.005551132 -0.003511286 -0.703701484
1769782192.139275 1.812299293 1.008017962 1.064496597 0.710469317 0.005556529 -0.003445918 -0.703697805
1769782192.149972 1.812816217 1.008041863 1.064397263 0.710470183 0.005568354 -0.003400226 -0.703697059
1769782192.160588 1.813342298 1.008070047 1.064310897 0.710461405 0.005549795 -0.003382975 -0.703706152
1769782192.171269 1.813843352 1.008093292 1.064226018 0.710465009 0.005521566 -0.003389270 -0.703702705
1769782192.181890 1.814317463 1.008114992 1.064149780 0.710465415 0.005495900 -0.003430781 -0.703702295
1769782192.192672 1.814820069 1.008140422 1.064082533 0.710470267 0.005455219 -0.003438649 -0.703697674
1769782192.203375 1.815300287 1.008163276 1.064027450 0.710475374 0.005437716 -0.003448551 -0.703692604
1769782192.214030 1.815777751 1.008187471 1.063983903 0.710484127 0.005437731 -0.003424730 -0.703683883
1769782192.224777 1.816251834 1.008211886 1.063953508 0.710493211 0.005440807 -0.003404054 -0.703674788
1769782192.235271 1.816698026 1.008231408 1.063940162 0.710490310 0.005462029 -0.003390247 -0.703677619
1769782192.245739 1.817154001 1.008247512 1.063935243 0.710482816 0.005473396 -0.003374199 -0.703685174
1769782192.256292 1.817583848 1.008264451 1.063939472 0.710469804 0.005501575 -0.003375239 -0.703698087
1769782192.267171 1.818037858 1.008281283 1.063951035 0.710459381 0.005523587 -0.003367508 -0.703708475
1769782192.277959 1.818484866 1.008293894 1.063969707 0.710450038 0.005555327 -0.003359166 -0.703717698
1769782192.288918 1.818911562 1.008303378 1.064000848 0.710434724 0.005599339 -0.003362016 -0.703732796
1769782192.299499 1.819341464 1.008317130 1.064038217 0.710424286 0.005615449 -0.003361442 -0.703743207
1769782192.310098 1.819777019 1.008333999 1.064083974 0.710418274 0.005615284 -0.003347018 -0.703749346
1769782192.321136 1.820220230 1.008354946 1.064138638 0.710408331 0.005590566 -0.003339139 -0.703759618
1769782192.331763 1.820676143 1.008374107 1.064201874 0.710396592 0.005577073 -0.003328326 -0.703771626
1769782192.342548 1.821119591 1.008397492 1.064267823 0.710395179 0.005553678 -0.003304752 -0.703773348
1769782192.353319 1.821534423 1.008417989 1.064334575 0.710393674 0.005562217 -0.003281345 -0.703774909
1769782192.363948 1.821937214 1.008433977 1.064408631 0.710389803 0.005581751 -0.003271147 -0.703778710
1769782192.374782 1.822343483 1.008452832 1.064491360 0.710384531 0.005583145 -0.003251034 -0.703784113
1769782192.385588 1.822750410 1.008470835 1.064581094 0.710379749 0.005586968 -0.003253252 -0.703788899
1769782192.396110 1.823148542 1.008489996 1.064673309 0.710375069 0.005585490 -0.003243580 -0.703793680
1769782192.406768 1.823536838 1.008509324 1.064766605 0.710369516 0.005588182 -0.003241663 -0.703799271
1769782192.417668 1.823917378 1.008528256 1.064865580 0.710361865 0.005609181 -0.003232788 -0.703806867
1769782192.428274 1.824293389 1.008550099 1.064965276 0.710351272 0.005629889 -0.003234655 -0.703817385
1769782192.439085 1.824646274 1.008568832 1.065071006 0.710335704 0.005651287 -0.003248816 -0.703832861
1769782192.450259 1.825014040 1.008589055 1.065182096 0.710322568 0.005656668 -0.003273241 -0.703845961
1769782192.462184 1.825427564 1.008612194 1.065316370 0.710306319 0.005666224 -0.003297632 -0.703862168
1769782192.473027 1.825765386 1.008632322 1.065431110 0.710290568 0.005683694 -0.003321905 -0.703877809
1769782192.483770 1.826103751 1.008652632 1.065557420 0.710265472 0.005719643 -0.003355443 -0.703902682
1769782192.494231 1.826458289 1.008678045 1.065679264 0.710251282 0.005722263 -0.003356273 -0.703916975
1769782192.504756 1.826816720 1.008703307 1.065804732 0.710232760 0.005722835 -0.003347011 -0.703935702
1769782192.515615 1.827184133 1.008728030 1.065937629 0.710222510 0.005712664 -0.003330168 -0.703946207
1769782192.526528 1.827554252 1.008752391 1.066076336 0.710213301 0.005698603 -0.003318881 -0.703955665
1769782192.537027 1.827879129 1.008773951 1.066203157 0.710210882 0.005696728 -0.003322453 -0.703958104
1769782192.547516 1.828201684 1.008796854 1.066335854 0.710199599 0.005701316 -0.003333786 -0.703969396
1769782192.558329 1.828519996 1.008819948 1.066469461 0.710186562 0.005721690 -0.003346836 -0.703982321
1769782192.568871 1.828833977 1.008842487 1.066597981 0.710183407 0.005741601 -0.003340581 -0.703985371
1769782192.580012 1.829155498 1.008863729 1.066738376 0.710174817 0.005776789 -0.003337073 -0.703993765
1769782192.590632 1.829461524 1.008883491 1.066874261 0.710166227 0.005780584 -0.003344686 -0.704002364
1769782192.601465 1.829766430 1.008903879 1.067009720 0.710162703 0.005794912 -0.003358715 -0.704005734
1769782192.611977 1.830065415 1.008925428 1.067144742 0.710154827 0.005802497 -0.003375617 -0.704013535
1769782192.622486 1.830348748 1.008946794 1.067277452 0.710144765 0.005820688 -0.003389236 -0.704023469
1769782192.633028 1.830627567 1.008969027 1.067408589 0.710142267 0.005841017 -0.003405026 -0.704025745
1769782192.643651 1.830907531 1.008990790 1.067548327 0.710136475 0.005850125 -0.003426467 -0.704031408
1769782192.654298 1.831183024 1.009014305 1.067690603 0.710126922 0.005879553 -0.003427714 -0.704040792
1769782192.664744 1.831454996 1.009039807 1.067829703 0.710120917 0.005896015 -0.003439246 -0.704046654
1769782192.675255 1.831716766 1.009067206 1.067966490 0.710115400 0.005907219 -0.003464254 -0.704052003
1769782192.685837 1.831969974 1.009097931 1.068104354 0.710107620 0.005932049 -0.003485572 -0.704059536
1769782192.696315 1.832207254 1.009128425 1.068242619 0.710095595 0.005965707 -0.003514682 -0.704071235
1769782192.706682 1.832470807 1.009163817 1.068376713 0.710090978 0.005954344 -0.003530909 -0.704075906
1769782192.717098 1.832728768 1.009199228 1.068512813 0.710082271 0.005935750 -0.003562749 -0.704084684
1769782192.727623 1.833000603 1.009235300 1.068654356 0.710070530 0.005911225 -0.003577856 -0.704096654
1769782192.738115 1.833262002 1.009272003 1.068796364 0.710057040 0.005903975 -0.003584145 -0.704110287
1769782192.748751 1.833510118 1.009306312 1.068940594 0.710041342 0.005925580 -0.003582231 -0.704125946
1769782192.759284 1.833758098 1.009341513 1.069081782 0.710023399 0.005931654 -0.003591642 -0.704143940
1769782192.770020 1.833990507 1.009377162 1.069223015 0.710007654 0.005953470 -0.003607813 -0.704159550
1769782192.781063 1.834236451 1.009414292 1.069366541 0.709990766 0.005994234 -0.003587793 -0.704176334
1769782192.791776 1.834460311 1.009449891 1.069504229 0.709976758 0.006059281 -0.003570182 -0.704189990
1769782192.802233 1.834680764 1.009485589 1.069631715 0.709965530 0.006123272 -0.003543096 -0.704200893
1769782192.812735 1.834897604 1.009520370 1.069759688 0.709951870 0.006184089 -0.003517948 -0.704214259
1769782192.823374 1.835105752 1.009555806 1.069887507 0.709938859 0.006242352 -0.003508311 -0.704226910
1769782192.834114 1.835318711 1.009590666 1.070009776 0.709926844 0.006276879 -0.003505036 -0.704238732
1769782192.844609 1.835520088 1.009627656 1.070131407 0.709914207 0.006305937 -0.003520059 -0.704251136
1769782192.855233 1.835721665 1.009664897 1.070245595 0.709906441 0.006314532 -0.003549971 -0.704258737
1769782192.865694 1.835930005 1.009702860 1.070361187 0.709897381 0.006310495 -0.003583470 -0.704267737
1769782192.876078 1.836117617 1.009742475 1.070474153 0.709887397 0.006319370 -0.003622511 -0.704277521
1769782192.886645 1.836308389 1.009781984 1.070582420 0.709878442 0.006327619 -0.003647585 -0.704286343
1769782192.897221 1.836505754 1.009822742 1.070694242 0.709869243 0.006339151 -0.003668647 -0.704295403
1769782192.907787 1.836685439 1.009862442 1.070801194 0.709860853 0.006366582 -0.003690225 -0.704303499
1769782192.918277 1.836879362 1.009904558 1.070910107 0.709850357 0.006381291 -0.003701716 -0.704313884
1769782192.928872 1.837067265 1.009945789 1.071016151 0.709841922 0.006392423 -0.003727238 -0.704322149
1769782192.939460 1.837242603 1.009988133 1.071119179 0.709832953 0.006418830 -0.003741096 -0.704330875
1769782192.950019 1.837426637 1.010031065 1.071218768 0.709825162 0.006425359 -0.003759965 -0.704338567
1769782192.960519 1.837593878 1.010070881 1.071317041 0.709817905 0.006433067 -0.003802850 -0.704345580
1769782192.971011 1.837746375 1.010112849 1.071412859 0.709811299 0.006455926 -0.003842104 -0.704351814
1769782192.981619 1.837916753 1.010155027 1.071504966 0.709807060 0.006463912 -0.003870042 -0.704355860
1769782192.992245 1.838098149 1.010196955 1.071596005 0.709800964 0.006463644 -0.003882560 -0.704361937
1769782193.002902 1.838276152 1.010242306 1.071683527 0.709798977 0.006467735 -0.003895843 -0.704363829
1769782193.013710 1.838455023 1.010285859 1.071766983 0.709796951 0.006478464 -0.003891946 -0.704365793
1769782193.024394 1.838631353 1.010329916 1.071847823 0.709796723 0.006497725 -0.003891349 -0.704365849
1769782193.034941 1.838780149 1.010371212 1.071919826 0.709800817 0.006526743 -0.003909364 -0.704361355
1769782193.045398 1.838932767 1.010413189 1.071992222 0.709804470 0.006560130 -0.003911763 -0.704357350
1769782193.056134 1.839087160 1.010455395 1.072060887 0.709809658 0.006587131 -0.003921305 -0.704351817
1769782193.066597 1.839238349 1.010499064 1.072126803 0.709815947 0.006617897 -0.003927485 -0.704345157
1769782193.076993 1.839378377 1.010542963 1.072188134 0.709825778 0.006630626 -0.003959857 -0.704334948
1769782193.087629 1.839521506 1.010586997 1.072250445 0.709832024 0.006652742 -0.003968107 -0.704328398
1769782193.098507 1.839670150 1.010635446 1.072312868 0.709840419 0.006666195 -0.003994113 -0.704319663
1769782193.109032 1.839811750 1.010683392 1.072370249 0.709848855 0.006684019 -0.004006665 -0.704310921
1769782193.119651 1.839943580 1.010729417 1.072426591 0.709859117 0.006702051 -0.004034453 -0.704300248
1769782193.130246 1.840085485 1.010777801 1.072482926 0.709868309 0.006723361 -0.004038848 -0.704290755
1769782193.141680 1.840234680 1.010829829 1.072540807 0.709877778 0.006741966 -0.004048231 -0.704280979
1769782193.152915 1.840378255 1.010879839 1.072594949 0.709889920 0.006764776 -0.004059237 -0.704268459
1769782193.163602 1.840500224 1.010926338 1.072645925 0.709902316 0.006786836 -0.004091639 -0.704255563
1769782193.174395 1.840638086 1.010976007 1.072696727 0.709912918 0.006808289 -0.004095859 -0.704244645
1769782193.184992 1.840768483 1.011024727 1.072744078 0.709923171 0.006837828 -0.004092854 -0.704234041
1769782193.195850 1.840899141 1.011073011 1.072789304 0.709937423 0.006860745 -0.004105065 -0.704219379
1769782193.206462 1.841021886 1.011120101 1.072829478 0.709953487 0.006895805 -0.004110715 -0.704202809
1769782193.217125 1.841153237 1.011169050 1.072868832 0.709968620 0.006917165 -0.004111433 -0.704187338
1769782193.227632 1.841287021 1.011216036 1.072905950 0.709983878 0.006936007 -0.004105947 -0.704171801
1769782193.238647 1.841411103 1.011260247 1.072940199 0.710002777 0.006957209 -0.004118396 -0.704152465
1769782193.249388 1.841537236 1.011304453 1.072969133 0.710025106 0.006967707 -0.004139641 -0.704129720
1769782193.259845 1.841663861 1.011346729 1.072995950 0.710047319 0.006974367 -0.004157756 -0.704107148
1769782193.270489 1.841799160 1.011391429 1.073025225 0.710067223 0.006989908 -0.004153954 -0.704086944
1769782193.281028 1.841921399 1.011433431 1.073052755 0.710088283 0.007013362 -0.004158575 -0.704065444
1769782193.291522 1.842034447 1.011475487 1.073079236 0.710109630 0.007046285 -0.004165780 -0.704043543
1769782193.302054 1.842146283 1.011518119 1.073105607 0.710129537 0.007066915 -0.004179948 -0.704023173
1769782193.312503 1.842267339 1.011561632 1.073135411 0.710146019 0.007065047 -0.004201140 -0.704006440
1769782193.323031 1.842394910 1.011608925 1.073168196 0.710160883 0.007076772 -0.004196762 -0.703991354
1769782193.333778 1.842524564 1.011659641 1.073200206 0.710181280 0.007098309 -0.004206049 -0.703970505
1769782193.344237 1.842644594 1.011710838 1.073226848 0.710208196 0.007147851 -0.004219186 -0.703942771
1769782193.354801 1.842745197 1.011754194 1.073248393 0.710231025 0.007197549 -0.004221802 -0.703919216
1769782193.365261 1.842807491 1.011778772 1.073263838 0.710241143 0.007220567 -0.004216512 -0.703908803
1769782193.375791 1.842837132 1.011791832 1.073279157 0.710232611 0.007207635 -0.004191647 -0.703917693
1769782193.386244 1.842853450 1.011796983 1.073289946 0.710221036 0.007214214 -0.004137013 -0.703929627
1769782193.396762 1.842859317 1.011799000 1.073294512 0.710215921 0.007227012 -0.004104143 -0.703934849
1769782193.407453 1.842849192 1.011800170 1.073290119 0.710219499 0.007235269 -0.004113741 -0.703931099
1769782193.418631 1.842827388 1.011799909 1.073280845 0.710225970 0.007251164 -0.004133098 -0.703924292
1769782193.429868 1.842812038 1.011799536 1.073277265 0.710227463 0.007264300 -0.004142271 -0.703922596
1769782193.440944 1.842813475 1.011801001 1.073280073 0.710225453 0.007263926 -0.004137867 -0.703924655
1769782193.451863 1.842817072 1.011802831 1.073282594 0.710224002 0.007262301 -0.004131499 -0.703926173
1769782193.462725 1.842815825 1.011803035 1.073281387 0.710224879 0.007264285 -0.004130527 -0.703925273
1769782193.473624 1.842812402 1.011803521 1.073277170 0.710227757 0.007268146 -0.004131170 -0.703922326
1769782193.484120 1.842810594 1.011803550 1.073272385 0.710231077 0.007271648 -0.004129100 -0.703918952
1769782193.494801 1.842809775 1.011804861 1.073270841 0.710231819 0.007275637 -0.004124031 -0.703918192
1769782193.505575 1.842810231 1.011805193 1.073270322 0.710231632 0.007278721 -0.004118208 -0.703918383
1769782193.516685 1.842811531 1.011805906 1.073268293 0.710232217 0.007281677 -0.004111101 -0.703917804
1769782193.527270 1.842811970 1.011806380 1.073266839 0.710232119 0.007284899 -0.004105412 -0.703917902
1769782193.537858 1.842811788 1.011806932 1.073264598 0.710232853 0.007288498 -0.004100403 -0.703917154
1769782193.548509 1.842811088 1.011807482 1.073262114 0.710234514 0.007291628 -0.004096367 -0.703915469
1769782193.558987 1.842810413 1.011808010 1.073260335 0.710235756 0.007294348 -0.004092761 -0.703914209
1769782193.569468 1.842809799 1.011808352 1.073258882 0.710236788 0.007296166 -0.004090476 -0.703913162
1769782193.579954 1.842810029 1.011808729 1.073257306 0.710237475 0.007297673 -0.004087722 -0.703912469
1769782193.590428 1.842810815 1.011808322 1.073255655 0.710237685 0.007298695 -0.004085146 -0.703912262
1769782193.600963 1.842810879 1.011809885 1.073253193 0.710238694 0.007300642 -0.004082322 -0.703911239
1769782193.611460 1.842809874 1.011810163 1.073251121 0.710240700 0.007302237 -0.004080948 -0.703909207
1769782193.623965 1.842808746 1.011810513 1.073249302 0.710242115 0.007302941 -0.004081334 -0.703907769
1769782193.634875 1.842807675 1.011810618 1.073248411 0.710241894 0.007304036 -0.004081894 -0.703907978
1769782193.646981 1.842807506 1.011810935 1.073246832 0.710242855 0.007303801 -0.004081571 -0.703907013
1769782193.658467 1.842806915 1.011811351 1.073244857 0.710243810 0.007303597 -0.004082074 -0.703906048
1769782193.669180 1.842806558 1.011811627 1.073243841 0.710243676 0.007302999 -0.004083178 -0.703906183
1769782193.680045 1.842806603 1.011811709 1.073243476 0.710243882 0.007301299 -0.004084415 -0.703905985
1769782193.690973 1.842806669 1.011811837 1.073242657 0.710244436 0.007299070 -0.004085947 -0.703905441
1769782193.701967 1.842805872 1.011812000 1.073241708 0.710244340 0.007295949 -0.004090397 -0.703905544
1769782193.712631 1.842804687 1.011812094 1.073240975 0.710243945 0.007293866 -0.004094486 -0.703905941
1769782193.723316 1.842803563 1.011812131 1.073240167 0.710244767 0.007290310 -0.004099190 -0.703905121
1769782193.734229 1.842802868 1.011812328 1.073238967 0.710245918 0.007282912 -0.004106926 -0.703903990
1769782193.744920 1.842802234 1.011812475 1.073238276 0.710245985 0.007275377 -0.004115237 -0.703903953
1769782193.755437 1.842801957 1.011812545 1.073237942 0.710245681 0.007268125 -0.004122873 -0.703904289
1769782193.766414 1.842801809 1.011812655 1.073237434 0.710245342 0.007260427 -0.004130906 -0.703904664
1769782193.777011 1.842801101 1.011811796 1.073236699 0.710246192 0.007253608 -0.004138208 -0.703903834
1769782193.787821 1.842799694 1.011812722 1.073236314 0.710246438 0.007249187 -0.004144547 -0.703903594
1769782193.798449 1.842799039 1.011812636 1.073236433 0.710245811 0.007244393 -0.004150561 -0.703904241
1769782193.809008 1.842799269 1.011812762 1.073236632 0.710244325 0.007239591 -0.004155774 -0.703905758
1769782193.819678 1.842799673 1.011812827 1.073236500 0.710244548 0.007233617 -0.004160838 -0.703905564
1769782193.830436 1.842799095 1.011812813 1.073236351 0.710244672 0.007230141 -0.004164845 -0.703905452
1769782193.841147 1.842798460 1.011812757 1.073236591 0.710243391 0.007226607 -0.004169936 -0.703906750
1769782193.851961 1.842798096 1.011812749 1.073236398 0.710243520 0.007221537 -0.004175456 -0.703906639
1769782193.862419 1.842798336 1.011812848 1.073236233 0.710243317 0.007214841 -0.004181872 -0.703906875
1769782193.872977 1.842799166 1.011813008 1.073236073 0.710242855 0.007208640 -0.004187123 -0.703907373
1769782193.883788 1.842799730 1.011813190 1.073235624 0.710243249 0.007202252 -0.004192467 -0.703907010
1769782193.894601 1.842799975 1.011813233 1.073235505 0.710243304 0.007195629 -0.004198610 -0.703906985
1769782193.905146 1.842799616 1.011812355 1.073235174 0.710242728 0.007191913 -0.004203280 -0.703907577
1769782193.916224 1.842799245 1.011813455 1.073234513 0.710243341 0.007187874 -0.004207695 -0.703906973
1769782193.927215 1.842799286 1.011813485 1.073234638 0.710242663 0.007184537 -0.004211357 -0.703907669
1769782193.938022 1.842799881 1.011812588 1.073234741 0.710241925 0.007180297 -0.004215183 -0.703908434
1769782193.948615 1.842800333 1.011812660 1.073234825 0.710240738 0.007175820 -0.004219777 -0.703909650
