1769787677591217152.000000 0.000000000 0.000000000 0.000000000 -0.000000000 -0.000000000 -0.000000000 1.000000000
1769787677657883136.000000 0.000176022 -0.000317461 0.000302445 -0.000409125 -0.000139751 0.001132436 0.999999285
1769787677691217152.000000 0.000033891 -0.000491271 0.000237218 -0.000856212 0.000111943 0.001262242 0.999998868
1769787677757883904.000000 -0.000163850 -0.000528542 0.000268479 -0.000811479 0.000588067 0.001357518 0.999998569
1769787677924549632.000000 -0.000161267 -0.000524727 0.000296548 -0.000849662 0.000498093 0.001716370 0.999998033
1769787678057883136.000000 -0.000101112 -0.000570032 0.000247299 -0.001074750 0.000501618 0.001576134 0.999998093
1769787678157882624.000000 -0.000279232 -0.000540387 0.000073156 -0.000927760 0.000611785 0.001379514 0.999998450
1769787678291217664.000000 -0.000191482 -0.000491312 0.000186067 -0.000984402 0.000630645 0.001011300 0.999998808
1769787678457883136.000000 -0.000153605 -0.000540665 0.000261128 -0.001016835 0.000473996 0.001136797 0.999998748
1769787679924567552.000000 0.000026653 -0.000527854 0.000134060 -0.000985595 0.000339302 0.000599805 0.999999285
1769787684024565504.000000 0.000704233 -0.000212406 0.001142234 0.001524872 0.000233003 -0.004248985 0.999989808
1769787684391232000.000000 0.001339717 -0.000672609 0.001522158 0.002013442 0.002321745 -0.006090756 0.999976754
1769787684724564992.000000 0.000875700 -0.000024513 0.001379951 0.004046671 0.006113227 -0.008200299 0.999939501
1769787684824563968.000000 0.000684597 -0.000000137 0.001406383 0.004326797 0.007396498 -0.008809628 0.999924481
1769787685757898752.000000 -0.001328056 0.000547837 -0.000828436 0.005934264 0.027408455 -0.015078278 0.999493003
1769787685857896704.000000 -0.002791048 -0.000371770 -0.001418618 0.005204999 0.030876100 -0.016082641 0.999380291
1769787686157896704.000000 -0.001968136 0.000517581 -0.000995988 0.002912391 0.038059127 -0.015625987 0.999149084
1769787686357896448.000000 -0.002828137 0.000365767 -0.001335471 0.001716446 0.044396140 -0.013955100 0.998915076
1769787686391230464.000000 -0.002697293 0.000031800 -0.000281321 0.000611762 0.044846252 -0.016362935 0.998859704
1769787686424557056.000000 -0.002607977 0.000004086 -0.000014210 0.000127329 0.045587193 -0.016193539 0.998829126
1769787686724557312.000000 -0.004336925 0.000365246 -0.003174647 -0.003608340 0.054839566 -0.014624881 0.998381555
1769787686857889536.000000 -0.004062861 -0.000720012 -0.001225227 -0.007611810 0.059326839 -0.014441392 0.998105168
1769787686924556544.000000 -0.003774502 -0.001106514 0.000035271 -0.009265592 0.060617704 -0.013272324 0.998029828
1769787686957891328.000000 -0.005150374 -0.000262548 -0.001859338 -0.008995309 0.062841341 -0.014402856 0.997879088
1769787687024556800.000000 -0.004717849 -0.001363761 -0.001487907 -0.012241470 0.064833693 -0.012024978 0.997748554
1769787687124556800.000000 -0.004536162 -0.000765254 -0.000734537 -0.015185729 0.067202590 -0.011580205 0.997556567
1769787687157889792.000000 -0.005300737 -0.001922891 -0.001186517 -0.017103780 0.068324916 -0.010587033 0.997460365
1769787687191224064.000000 -0.006356277 -0.001460744 -0.003688055 -0.017258823 0.068963945 -0.012307216 0.997393906
1769787687457889792.000000 -0.006077086 -0.002093276 -0.002006881 -0.026932310 0.074689560 -0.013223761 0.996755362
1769787687491222784.000000 -0.006071115 -0.002946210 -0.002039271 -0.029537072 0.074554712 -0.011004742 0.996718645
1769787687524556800.000000 -0.007150157 -0.003350238 -0.002737409 -0.028210977 0.077856801 -0.007580989 0.996536493
1769787687557890560.000000 -0.009752936 -0.003584479 -0.007472764 -0.030955536 0.076214418 -0.012457886 0.996532977
1769787687591222784.000000 -0.006674519 -0.002800064 -0.003318600 -0.032283172 0.077035859 -0.011813446 0.996435523
1769787687691223296.000000 -0.007603517 -0.003840747 -0.001951050 -0.034672499 0.081229001 -0.006479898 0.996071100
1769787687724556800.000000 -0.007863187 -0.004152928 -0.001798302 -0.036912311 0.081979841 -0.007187958 0.995924234
1769787687757890816.000000 -0.008143615 -0.003726135 -0.002724150 -0.036905680 0.082109258 -0.006822604 0.995916426
1769787687891223040.000000 -0.008608471 -0.005056932 -0.003764450 -0.042699374 0.084216051 -0.005458671 0.995517254
1769787687924556544.000000 -0.008101136 -0.005256683 -0.002000497 -0.043853976 0.085152082 -0.004197454 0.995393574
1769787687991222784.000000 -0.009011724 -0.005771190 -0.006519755 -0.046222460 0.085419655 -0.002847807 0.995268226
1769787688024556544.000000 -0.009570224 -0.005469130 -0.004002565 -0.046477851 0.087474696 -0.002542911 0.995078683
1769787688291223808.000000 -0.009501949 -0.006993306 -0.004128536 -0.056221865 0.087887466 -0.001400451 0.994541585
1769787688424555776.000000 -0.009641549 -0.006986694 -0.004200274 -0.058248349 0.088960208 0.001144920 0.994329929
1769787688557889792.000000 -0.009384354 -0.008056635 -0.003332826 -0.062416442 0.088548057 0.000692681 0.994114161
1769787688957889792.000000 -0.009424853 -0.008184126 -0.004845963 -0.065535553 0.084119067 0.001703580 0.994296849
1769787689057889024.000000 -0.009129991 -0.008285942 -0.004423912 -0.066366740 0.081446074 0.000975172 0.994465232
1769787689091222784.000000 -0.009450814 -0.008836732 -0.004453025 -0.066843845 0.082114212 0.004098311 0.994370341
1769787689157888256.000000 -0.009160876 -0.009038591 -0.004178550 -0.066877402 0.081319809 0.004641921 0.994431019
1769787689191222016.000000 -0.009362554 -0.008766839 -0.004305015 -0.066313170 0.081073619 0.003361330 0.994494021
1769787689324555520.000000 -0.008643089 -0.008349001 -0.004624461 -0.063668005 0.078654103 0.001575752 0.994865537
1769787689357888768.000000 -0.008551724 -0.008707195 -0.004360517 -0.064439438 0.078161158 0.001428451 0.994854927
1769787689624555520.000000 -0.007726960 -0.007752561 -0.004942138 -0.056754600 0.071332961 0.002221692 0.995834112
1769787689691222272.000000 -0.007458214 -0.007532937 -0.004402260 -0.054488823 0.069458984 0.001744250 0.996094048
1769787689724555520.000000 -0.007252905 -0.007380957 -0.004222653 -0.053809009 0.068087496 0.000708730 0.996226966
1769787689857888256.000000 -0.006191797 -0.006723782 -0.003926083 -0.047356505 0.063336134 -0.002216768 0.996865571
1769787689891222016.000000 -0.006185091 -0.006355097 -0.004317509 -0.045553848 0.061952971 -0.001928770 0.997037113
1769787689924554752.000000 -0.005898399 -0.006154058 -0.004228739 -0.043633394 0.060703292 -0.002169379 0.997199357
1769787689957888768.000000 -0.005843804 -0.006033442 -0.004130313 -0.042283785 0.059909407 -0.001786509 0.997306228
1769787690057888512.000000 -0.005218819 -0.005207998 -0.004827963 -0.036114685 0.055268679 -0.003842103 0.997810781
1769787690091222272.000000 -0.005158216 -0.005081829 -0.004799407 -0.033911832 0.054182664 -0.003806964 0.997947752
1769787690124555264.000000 -0.004859101 -0.004854178 -0.004918473 -0.031861186 0.052410055 -0.004154546 0.998108625
1769787690157887744.000000 -0.004714235 -0.004438697 -0.004801488 -0.029379556 0.051376566 -0.004084969 0.998238802
1769787690191221504.000000 -0.004614613 -0.004353821 -0.004899938 -0.027340597 0.049882326 -0.003673874 0.998374045
1769787690257889536.000000 -0.004052139 -0.003943992 -0.004698775 -0.022996454 0.046873558 -0.005916122 0.998618543
1769787690291222784.000000 -0.003855894 -0.003870907 -0.004722234 -0.020877216 0.045384534 -0.006657592 0.998729229
1769787690324554752.000000 -0.003629821 -0.003740949 -0.004615542 -0.018237339 0.043806203 -0.007944070 0.998842001
1769787690457888256.000000 -0.003173779 -0.002713998 -0.004598685 -0.005430753 0.037795153 -0.009691828 0.999223769
1769787690557888256.000000 -0.002468840 -0.002290793 -0.003986094 0.003953490 0.032254711 -0.012017031 0.999399662
1769787690591221248.000000 -0.002081367 -0.002193480 -0.004399563 0.007199321 0.029997554 -0.013063775 0.999438703
1769787690724554752.000000 -0.002166773 -0.001258908 -0.003698007 0.020746989 0.023149192 -0.015442474 0.999397457
1769787690757887488.000000 -0.002141516 -0.001136482 -0.004086767 0.023874994 0.019824876 -0.015439708 0.999399126
1769787690791222016.000000 -0.002072622 -0.001095665 -0.003324513 0.026755605 0.017548086 -0.017069828 0.999342203
1769787690857887488.000000 -0.002252981 -0.001194425 -0.003855539 0.031889793 0.011964811 -0.017330043 0.999269545
1769787690891221760.000000 -0.002007318 -0.000946685 -0.003177241 0.035210717 0.007733140 -0.017563425 0.999195635
1769787690924553728.000000 -0.001844056 -0.000644148 -0.003121548 0.037331093 0.004359876 -0.019201592 0.999108970
1769787691024555520.000000 -0.001575500 -0.000321221 -0.002706912 0.044399351 -0.006573195 -0.019862710 0.998794794
1769787691057887744.000000 -0.001526125 0.000108239 -0.003882478 0.046805620 -0.009369547 -0.018380519 0.998690963
1769787691091220992.000000 -0.001594163 -0.000090482 -0.002980847 0.047879301 -0.012370368 -0.018002542 0.998614311
1769787691124554752.000000 -0.001700127 0.000278575 -0.002381833 0.050421722 -0.014652351 -0.014345822 0.998517513
1769787691157886720.000000 -0.001593835 0.000439368 -0.002360799 0.051328510 -0.016567741 -0.012053397 0.998471677
1769787691191220992.000000 -0.001805875 0.001022083 -0.002507665 0.053392079 -0.018775104 -0.009265560 0.998354137
1769787691224554752.000000 -0.001094099 0.000922217 -0.002173137 0.053541176 -0.019944439 -0.006924012 0.998342454
1769787691257888768.000000 -0.001389546 0.001209567 -0.001893059 0.054252703 -0.019715007 -0.004271340 0.998323500
1769787691291221760.000000 -0.001426816 0.001553313 -0.002091265 0.054709665 -0.018918518 -0.000936324 0.998322666
1769787691424553984.000000 -0.001393792 0.002112927 -0.001257736 0.028092092 -0.015685154 -0.001170856 0.999481559
1769787691457887232.000000 -0.000792619 0.002347046 -0.001084063 0.023493560 -0.016344974 -0.001954366 0.999588490
1769787691491220736.000000 -0.000440236 0.001997513 -0.000872459 0.020211693 -0.016864039 -0.000819971 0.999653161
1769787691624554496.000000 0.000088590 0.003039260 -0.000398307 0.013232879 -0.018172869 -0.001903390 0.999745488
1769787691691220992.000000 0.000469586 0.003211833 0.000333772 0.011197781 -0.019202583 -0.003063196 0.999748230
1769787691724553984.000000 0.000417248 0.003280068 0.000170924 0.010992615 -0.019047152 -0.004213168 0.999749303
1769787691891221760.000000 0.001657068 0.004508490 0.000780754 0.016849035 -0.023822555 -0.004386770 0.999564588
1769787691924553984.000000 0.001846542 0.004561041 0.000942667 0.018550504 -0.025018170 -0.004755768 0.999503553
1769787691957888000.000000 0.001713887 0.005147421 0.000158340 0.020886600 -0.024691500 -0.002877383 0.999472737
1769787692024553984.000000 0.001842146 0.005514164 0.000499181 0.026040478 -0.025548620 -0.002904167 0.999330163
1769787692057886720.000000 0.002355601 0.005457415 0.000452765 0.029073115 -0.026879771 -0.002259093 0.999213278
1769787692091220736.000000 0.001943800 0.005711637 0.000812277 0.031748321 -0.025256699 -0.001345821 0.999175847
1769787692224554240.000000 0.002672880 0.006424770 0.000892210 0.044629179 -0.027694756 0.000124488 0.998619676
1769787692357886464.000000 0.002546859 0.006750870 0.001405464 0.054337595 -0.027567880 0.001342044 0.998141110
1769787692391220992.000000 0.002611547 0.006503764 0.001264820 0.055677436 -0.027778495 0.001188592 0.998061597
1769787692491219712.000000 0.002581805 0.006563068 0.001775945 0.060563628 -0.027979620 0.000986152 0.997771680
1769787692691220736.000000 0.002921415 0.006995348 0.001735230 0.068959191 -0.030036086 0.002138637 0.997164905
1769787693091220224.000000 0.003298866 0.007230450 0.002077119 0.075659290 -0.035270590 0.005737386 0.996493220
1769787693124553472.000000 0.003323033 0.007241934 0.001682325 0.075876124 -0.035592861 0.005144611 0.996468544
1769787693224553984.000000 0.003515017 0.007097364 0.001918103 0.075982586 -0.037328567 0.005775672 0.996393442
1769787693291221248.000000 0.003519203 0.007268492 0.001046823 0.076512650 -0.038670838 0.006552305 0.996296883
1769787693324552704.000000 0.003544216 0.007122942 0.001354117 0.076204993 -0.039040048 0.006806324 0.996304333
1769787693491219712.000000 0.003797386 0.006977750 0.001323092 0.074535489 -0.041761179 0.007177306 0.996317744
1769787693624553472.000000 0.003971589 0.006681676 0.000786316 0.071967974 -0.043858971 0.007583146 0.996413350
1769787693724553216.000000 0.004334695 0.006209045 0.000942329 0.069492504 -0.045208242 0.006614633 0.996535659
1769787693857885952.000000 0.004361981 0.005887656 0.000518814 0.066364571 -0.047019411 0.007702653 0.996657252
1769787693924552192.000000 0.004367959 0.005826505 -0.000326027 0.063771293 -0.048331920 0.008861926 0.996754110
1769787694224553216.000000 0.005123456 0.003838232 -0.001242096 0.049538776 -0.052584503 0.007838287 0.997356176
1769787694324552448.000000 0.005440501 0.003063139 -0.001382802 0.044100452 -0.053648435 0.008571221 0.997548759
1769787694357885696.000000 0.002932835 0.002547634 -0.015670132 0.042722709 -0.054726474 0.005801967 0.997570097
1769787694391219200.000000 0.005393020 0.002629334 -0.001792027 0.040953342 -0.054599255 0.008055650 0.997635663
1769787694424552704.000000 0.005737490 0.001983661 -0.002245802 0.038598474 -0.055736400 0.007784716 0.997668803
1769787694457885440.000000 0.004922917 0.002583781 -0.003128253 0.037405964 -0.055266049 0.009370599 0.997726738
1769787694491218688.000000 0.005241090 0.001903847 -0.003591441 0.035190735 -0.055513557 0.011875883 0.997766912
1769787694791219456.000000 0.005988710 -0.001574753 -0.004124127 0.012572261 -0.059178986 0.010119291 0.998116970
1769787694857885440.000000 0.006164165 -0.002053323 -0.003819061 0.006977598 -0.060297932 0.010526478 0.998100519
1769787694891219456.000000 0.006048941 -0.002170992 -0.004372758 0.005199972 -0.059772603 0.009906690 0.998149335
1769787694924552192.000000 0.006071073 -0.002548306 -0.005320884 0.003751013 -0.060125589 0.013879046 0.998087287
1769787695024551936.000000 0.006304356 -0.003878910 -0.004480105 -0.004723072 -0.060873151 0.013016566 0.998049438
1769787695057885184.000000 0.005111281 -0.004055508 -0.013763955 -0.006942606 -0.060455538 0.014058056 0.998047769
1769787695124551936.000000 0.006397361 -0.004322016 -0.004343154 -0.011618518 -0.061101962 0.015165688 0.997948706
1769787695257886720.000000 0.006653850 -0.006870660 -0.005655038 -0.021192899 -0.062766559 -0.017523510 0.997649312
1769787695291219200.000000 0.006702209 -0.007122485 -0.005192264 -0.023451520 -0.063576646 -0.029503388 0.997265100
1769787695324551936.000000 0.006579409 -0.007474083 -0.003022449 -0.024739545 -0.064274080 -0.040813196 0.996790409
1769787695391218688.000000 0.006364727 -0.008971337 -0.004277658 -0.030283222 -0.066247866 -0.065346964 0.995200455
1769787695424551680.000000 0.006417264 -0.009203051 -0.004919921 -0.031996589 -0.066849403 -0.077059820 0.994268179
1769787695491218176.000000 0.006707551 -0.009763015 -0.004151110 -0.035524540 -0.067558952 -0.098446079 0.992210746
1769787695524552448.000000 0.006799990 -0.010693388 -0.004339634 -0.037824336 -0.067915909 -0.110991828 0.990776300
1769787695591217920.000000 0.007184392 -0.011714221 -0.003175849 -0.042349625 -0.069627613 -0.130870134 0.988044322
1769787695624552192.000000 0.006972032 -0.011791478 -0.003647388 -0.043591302 -0.069950961 -0.141133428 0.986553669
1769787695657884672.000000 0.007254132 -0.012803955 -0.004414605 -0.048342712 -0.071503095 -0.157432660 0.983750582
1769787695691219200.000000 0.006698823 -0.012590448 -0.005542621 -0.047954816 -0.070900656 -0.163107783 0.982888281
1769787695724551680.000000 0.006820778 -0.013273942 -0.004807540 -0.049821027 -0.071346469 -0.172118574 0.981225133
1769787695757884672.000000 0.006594263 -0.013502526 -0.005125075 -0.050788492 -0.072710924 -0.180423230 0.979582131
1769787695791218688.000000 0.006947249 -0.013935612 -0.005599928 -0.053557221 -0.073603757 -0.192923844 0.976982355
1769787695824551168.000000 0.006357506 -0.013919706 -0.006053993 -0.054614294 -0.073750861 -0.199963331 0.975496173
1769787695891218688.000000 0.006345961 -0.014648539 -0.005479915 -0.057602122 -0.075459845 -0.217583776 0.971413970
1769787695924550912.000000 0.005966850 -0.014543253 -0.007737305 -0.058985591 -0.074655503 -0.227982432 0.969005346
1769787695957885184.000000 0.007148872 -0.015912712 -0.002738702 -0.060805492 -0.076433808 -0.236186013 0.966786802
1769787695991218688.000000 0.006594390 -0.015419521 -0.005585909 -0.061262261 -0.077862047 -0.243527740 0.964820564
1769787696024551424.000000 0.006137838 -0.015804470 -0.005904146 -0.062832914 -0.077585608 -0.252352685 0.962471128
1769787696257886208.000000 0.006434130 -0.017786913 -0.006473398 -0.073343605 -0.081314646 -0.302167088 0.946944416
1769787696291219456.000000 0.006455595 -0.018641250 -0.005583875 -0.074783005 -0.082505219 -0.308685958 0.944623470
1769787696324551424.000000 0.006703211 -0.018931743 -0.004662571 -0.076126896 -0.082875840 -0.315006882 0.942394257
1769787696424550912.000000 0.006385601 -0.019711262 -0.004835878 -0.080292225 -0.083726250 -0.330115199 0.936785460
1769787696591217664.000000 0.005962337 -0.020578671 -0.004904194 -0.085738041 -0.083119512 -0.352620274 0.928115904
1769787696624551424.000000 0.005805810 -0.020538760 -0.004994262 -0.086188249 -0.082947440 -0.356955975 0.926430643
1769787696691218688.000000 0.005608416 -0.021066910 -0.004772439 -0.088505313 -0.082749195 -0.362556517 0.924052000
1769787696724551168.000000 0.005461596 -0.020898338 -0.005401314 -0.088997334 -0.082246162 -0.367136121 0.922239780
1769787696824550656.000000 0.005481862 -0.021206543 -0.005045051 -0.091316380 -0.079854123 -0.374263436 0.919353843
1769787697124550912.000000 0.003525025 -0.021014163 -0.005138030 -0.094371825 -0.071963206 -0.374797910 0.919479132
1769787697191217920.000000 0.003270491 -0.021052998 -0.005943990 -0.096351199 -0.069662124 -0.378444582 0.917956054
1769787697491216896.000000 0.002308463 -0.020494204 -0.005081558 -0.098960698 -0.055611990 -0.365865201 0.923718989
1769787697557884416.000000 0.001868375 -0.019816687 -0.005065617 -0.097343653 -0.051525075 -0.360889375 0.926082194
1769787697624551168.000000 0.002183514 -0.019484129 -0.004690263 -0.097161233 -0.048421744 -0.356274933 0.928053498
1769787697657883392.000000 0.001454202 -0.019124700 -0.005534186 -0.095495783 -0.044995949 -0.348225147 0.931447864
1769787697757884416.000000 0.001288451 -0.018896841 -0.004219798 -0.094948433 -0.039150402 -0.337615460 0.935664415
1769787697824549632.000000 0.000974680 -0.018068766 -0.003878663 -0.093206555 -0.033891629 -0.327925742 0.939483166
1769787697924549888.000000 -0.000338278 -0.017118065 -0.004061719 -0.089925990 -0.023812875 -0.307473958 0.946998417
1769787697957884416.000000 -0.000102642 -0.016888732 -0.003134410 -0.088799007 -0.022262605 -0.300148427 0.949489355
1769787698024549888.000000 -0.001074305 -0.016030535 -0.004012347 -0.085781530 -0.015119758 -0.283704370 0.954947531
1769787698057883392.000000 -0.001211446 -0.016030479 -0.003432760 -0.084920086 -0.012644698 -0.273973435 0.957897305
1769787698091217152.000000 -0.001339094 -0.015598963 -0.003389403 -0.083931074 -0.008939539 -0.262909710 0.961121321
1769787698157883136.000000 -0.001774073 -0.014886784 -0.002999671 -0.080555223 -0.002824307 -0.241449639 0.967059970
1769787698224550656.000000 -0.002793724 -0.014096240 -0.002624886 -0.076719902 0.005199430 -0.216034889 0.973352969
1769787698257883136.000000 -0.002583034 -0.014028007 -0.003319785 -0.074503466 0.005827278 -0.202554271 0.976415396
1769787698291217920.000000 -0.003226554 -0.013820104 -0.003864807 -0.073232867 0.009485546 -0.192146719 0.978583992
1769787698324549632.000000 -0.003387432 -0.013519862 -0.002994161 -0.071301781 0.012979684 -0.182474673 0.980535865
1769787698357883136.000000 -0.003333190 -0.013117133 -0.002113340 -0.068754256 0.015770562 -0.173105374 0.982374012
1769787698391216640.000000 -0.003295120 -0.013133205 -0.001723993 -0.067500196 0.017297348 -0.163241878 0.984122276
1769787698457883392.000000 -0.003699758 -0.012329970 -0.001684762 -0.061404340 0.022823693 -0.151891664 0.986223876
1769787698491216640.000000 -0.004328125 -0.011935838 -0.002768425 -0.058008518 0.025587242 -0.147428721 0.987038553
1769787698524550656.000000 -0.003953648 -0.011964247 -0.002299934 -0.055486292 0.026294671 -0.148098305 0.987064719
1769787698557883648.000000 -0.004277360 -0.011878313 -0.001942053 -0.051871043 0.030223658 -0.146554947 0.987379193
1769787698624549888.000000 -0.004717398 -0.011251113 -0.001364076 -0.043664761 0.036346372 -0.144989625 0.987800777
1769787698657882880.000000 -0.005005429 -0.010969277 -0.001681076 -0.039650615 0.039741423 -0.144463524 0.987916350
1769787698724549888.000000 -0.005086769 -0.010316212 -0.001470846 -0.031401813 0.046040136 -0.146297842 0.987669587
1769787698757882880.000000 -0.005178101 -0.010488115 -0.001745777 -0.029744919 0.048723403 -0.146381631 0.987579703
1769787698824549376.000000 -0.005315825 -0.010220944 -0.001726688 -0.023721324 0.055417586 -0.146642119 0.987351179
1769787698857882624.000000 -0.004898865 -0.010313769 -0.001603126 -0.020872658 0.057109971 -0.148758292 0.987002432
1769787698891216896.000000 -0.005273020 -0.009822813 -0.002062990 -0.017197095 0.060697474 -0.150104567 0.986655295
1769787698991215872.000000 -0.005086797 -0.009769111 -0.002139804 -0.011353852 0.072249092 -0.156997740 0.984887242
1769787699024549632.000000 -0.004942945 -0.009817909 -0.002044342 -0.009844100 0.076288134 -0.157395914 0.984535336
1769787699091216640.000000 -0.005147672 -0.008844982 -0.002822258 -0.003996258 0.086129948 -0.159407020 0.983440399
1769787699124549376.000000 -0.005161384 -0.009315738 -0.001777061 -0.005009820 0.091019385 -0.160926193 0.982747734
1769787699191216384.000000 -0.004669728 -0.008785198 -0.001647915 -0.001796177 0.098031893 -0.166800857 0.981103480
1769787699224549888.000000 -0.005189918 -0.008343655 -0.004164872 -0.001552072 0.101924017 -0.167837769 0.980530262
1769787699257882112.000000 -0.004974669 -0.008651963 -0.003618896 -0.002658621 0.105350412 -0.170632824 0.979682982
1769787699357882368.000000 -0.005359880 -0.008050565 -0.002231998 -0.001502799 0.116328128 -0.173871055 0.977872372
1769787699391215872.000000 -0.005765011 -0.007628547 -0.002206081 -0.001345133 0.118628308 -0.173899144 0.977591217
1769787699624549376.000000 -0.007444587 -0.005908563 -0.002523352 -0.027667649 0.114471510 -0.138865337 0.983283877
1769787699657882368.000000 -0.007726505 -0.005966815 -0.002187526 -0.030863928 0.114738435 -0.130171299 0.984346449
1769787699724549376.000000 -0.008798772 -0.005469616 -0.003699405 -0.035620242 0.112941608 -0.121148601 0.985544741
1769787699757881856.000000 -0.008161950 -0.005481502 -0.002127205 -0.036786541 0.112512730 -0.114831209 0.986306965
1769787699791217408.000000 -0.007953675 -0.004866345 -0.000752414 -0.037341986 0.112472668 -0.111774892 0.986641705
1769787699824548864.000000 -0.008426385 -0.004727160 -0.001277751 -0.037772801 0.112713896 -0.104695715 0.987374067
1769787699891216640.000000 -0.008523559 -0.004774483 0.000608419 -0.038301345 0.112957403 -0.097160473 0.988095880
1769787699924549376.000000 -0.008681647 -0.004101544 -0.000629697 -0.038235705 0.113152474 -0.093631104 0.988416791
1769787700024549376.000000 -0.009045887 -0.003358335 -0.000083875 -0.034754246 0.113777153 -0.084863782 0.989264905
1769787700057882880.000000 -0.009744366 -0.002826416 -0.000661930 -0.031903747 0.115493797 -0.080936484 0.989491105
1769787700124548864.000000 -0.009642030 -0.002562747 0.000440236 -0.026561936 0.116239995 -0.074788697 0.990045130
1769787700157881856.000000 -0.009815220 -0.002319896 -0.000269767 -0.025821120 0.116929270 -0.074876674 0.989976943
1769787700191215616.000000 -0.010253796 -0.002293621 -0.000408760 -0.022967961 0.116748370 -0.074060045 0.990130007
1769787700291216896.000000 -0.010515002 -0.001466039 -0.000101089 -0.012415616 0.118650287 -0.069781698 0.990403175
1769787700357882112.000000 -0.010903365 -0.001398713 -0.000648412 -0.005828175 0.119667940 -0.067345209 0.990510106
1769787700424548864.000000 -0.010447174 -0.001158247 -0.000007072 0.000049842 0.119769439 -0.066269509 0.990587533
1769787700491215872.000000 -0.010728177 -0.001143847 0.000078375 0.005532259 0.120977409 -0.065498747 0.990476549
1769787700957882112.000000 -0.011079683 -0.000289529 0.001299493 0.029100308 0.128757671 -0.061126191 0.989362538
1769787701157881088.000000 -0.011277308 -0.000499491 0.001621081 0.032616526 0.132981285 -0.061596014 0.988664806
1769787701491214592.000000 -0.012037042 -0.000276500 0.001279362 0.033174086 0.138965935 -0.060459226 0.987893045
1769787701824569600.000000 -0.012372208 -0.000782212 0.002122577 0.029564295 0.146627530 -0.058702253 0.987005770
1769787702024569856.000000 -0.011393529 -0.000935178 0.003966980 0.022914665 0.149921358 -0.060721997 0.986565411
1769787702091236608.000000 -0.012165301 -0.001152682 0.002643223 0.020341335 0.150725260 -0.060931288 0.986486435
1769787702257901824.000000 -0.012470956 -0.001156895 0.003021225 0.015512461 0.154212385 -0.060997479 0.986031055
1769787702591236096.000000 -0.014061519 -0.001958475 0.001297766 -0.003458926 0.160157084 -0.064623997 0.984967768
1769787702857901824.000000 -0.019615214 -0.003576705 -0.004575892 -0.019259935 0.165672764 -0.063275836 0.983960271
1769787702891235584.000000 -0.012449182 -0.004928955 0.004387240 -0.023260778 0.164620504 -0.058576323 0.984341323
1769787703357901824.000000 -0.016703865 -0.003722452 -0.000197766 -0.057297971 0.167299494 -0.057554059 0.982555509
1769787703391235584.000000 -0.013622756 -0.003571109 0.005255519 -0.058919493 0.167213440 -0.053819537 0.982685924
1769787704091234816.000000 -0.014350082 -0.006883953 0.004454671 -0.109973349 0.161734849 -0.045334086 0.979638994
1769787704424568064.000000 -0.016432131 -0.008644676 -0.000070186 -0.127381578 0.155505225 -0.042647310 0.978658974
1769787704557901056.000000 -0.017407041 -0.009101249 -0.003430891 -0.133378163 0.151586220 -0.042048413 0.978500843
1769787704591234560.000000 -0.015885193 -0.009319487 0.000290235 -0.135618508 0.149986878 -0.042854238 0.978404403
1769787704857900800.000000 -0.015653558 -0.009944629 -0.000493756 -0.142908081 0.142141968 -0.040580504 0.978634894
1769787704924567040.000000 -0.015415878 -0.010150773 0.000006153 -0.143840253 0.139137745 -0.039557554 0.978971839
1769787704991234304.000000 -0.015546956 -0.010215083 -0.000281696 -0.144708306 0.137823939 -0.038430113 0.979074717
1769787705157899776.000000 -0.016047798 -0.010690271 -0.002328896 -0.146774605 0.132619455 -0.035012793 0.979613960
1769787705357900800.000000 -0.015191754 -0.010777209 -0.001284073 -0.147152573 0.125690341 -0.035184592 0.980464280
1769787705524567296.000000 -0.013796475 -0.010434194 -0.000889752 -0.144822225 0.118874364 -0.034804251 0.981674135
1769787705557901056.000000 -0.014578586 -0.010425452 -0.002124651 -0.144171983 0.117646277 -0.034468871 0.981929600
1769787705591234560.000000 -0.014210953 -0.010279097 -0.001427883 -0.143500060 0.116520897 -0.034620732 0.982156813
1769787705657900288.000000 -0.013711253 -0.010934776 -0.001574286 -0.141888082 0.112768441 -0.032578349 0.982898653
1769787705691234048.000000 -0.013516046 -0.010296545 -0.001750342 -0.141051531 0.110656187 -0.035701800 0.983150601
1769787705824566784.000000 -0.013668614 -0.010454311 -0.002722794 -0.136412218 0.105427504 -0.035071407 0.984401762
1769787705857900032.000000 -0.012737874 -0.010042575 -0.001656751 -0.134865716 0.103456974 -0.033104464 0.984891891
1769787705891233792.000000 -0.012213752 -0.009500148 -0.001467463 -0.133273378 0.101358473 -0.034850631 0.985266566
1769787705957900544.000000 -0.011807859 -0.009501012 -0.000735861 -0.131116822 0.098969847 -0.033947684 0.985830069
1769787705991233280.000000 -0.012093509 -0.009367309 -0.001463723 -0.129005715 0.097444557 -0.034123842 0.986254394
1769787706024568832.000000 -0.011736721 -0.009655327 -0.001675842 -0.128061920 0.095097855 -0.035712924 0.986550152
1769787706091234048.000000 -0.011621575 -0.009216659 -0.002281363 -0.124236099 0.091502480 -0.037461419 0.987314224
1769787706224567296.000000 -0.010849282 -0.008592015 -0.002848699 -0.116488993 0.085096404 -0.034859423 0.988925576
1769787706291235328.000000 -0.012195244 -0.008519618 -0.005869734 -0.112702206 0.081521325 -0.037871081 0.989554584
1769787706324567040.000000 -0.011583714 -0.009013892 -0.005762758 -0.110836133 0.079503529 -0.036952451 0.989964187
1769787706391234048.000000 -0.010888751 -0.007922260 -0.005701873 -0.105866544 0.076348491 -0.037395809 0.990739524
1769787706424566528.000000 -0.011235781 -0.008572474 -0.006168836 -0.104540288 0.075090259 -0.037874617 0.990958273
1769787706457899776.000000 -0.011963882 -0.008465433 -0.007693714 -0.102150843 0.073560156 -0.037834439 0.991323709
1769787706491233024.000000 -0.010929450 -0.008137491 -0.006855554 -0.099827826 0.071113676 -0.037811168 0.991739690
1769787706524566528.000000 -0.011175645 -0.007993479 -0.007185436 -0.097334914 0.069925189 -0.037919659 0.992067754
1769787706557900544.000000 -0.011312264 -0.007642209 -0.008251534 -0.094658673 0.067805417 -0.038844973 0.992438018
1769787706591233280.000000 -0.011200124 -0.007509272 -0.007899748 -0.092979826 0.066799544 -0.039838538 0.992625594
1769787706624566784.000000 -0.011094218 -0.007645958 -0.008340130 -0.090392344 0.065315686 -0.039148681 0.992990673
1769787706657899264.000000 -0.010384407 -0.007195961 -0.007735841 -0.087802038 0.062539205 -0.039848909 0.993373930
1769787706724566784.000000 -0.010432241 -0.007218726 -0.008151570 -0.084059328 0.060210351 -0.042425931 0.993734777
1769787706791234816.000000 -0.009728049 -0.006753998 -0.007636563 -0.077994227 0.055970524 -0.045650158 0.994334102
1769787706857899264.000000 -0.010059895 -0.006691224 -0.008778924 -0.070785135 0.052494083 -0.046782713 0.995010138
1769787706891233792.000000 -0.009281688 -0.006504884 -0.007882223 -0.067809738 0.050078463 -0.049325749 0.995219052
1769787706924565504.000000 -0.008922337 -0.006455073 -0.007410961 -0.063484468 0.048761666 -0.047794335 0.995644391
1769787706991232768.000000 -0.008162982 -0.006132440 -0.006985844 -0.056125034 0.043779783 -0.048636153 0.996276975
1769787707024566528.000000 -0.008275720 -0.006302592 -0.006958221 -0.053336356 0.042260747 -0.049130566 0.996471524
1769787707057899520.000000 -0.007872074 -0.005847403 -0.007095128 -0.049409006 0.039557055 -0.049892120 0.996747077
1769787707124566784.000000 -0.007658193 -0.005750160 -0.006919364 -0.043521777 0.035353366 -0.051408283 0.997102439
1769787707224566528.000000 -0.007353242 -0.005307676 -0.007315028 -0.032125801 0.029625444 -0.050850715 0.997749686
1769787707291235072.000000 -0.007122355 -0.005079243 -0.006773475 -0.024787651 0.024288356 -0.050634209 0.998114169
1769787707324566528.000000 -0.006626172 -0.004991782 -0.005944519 -0.021864122 0.020766312 -0.051665846 0.998209059
1769787707357899264.000000 -0.006945543 -0.004559658 -0.006266181 -0.018245883 0.017354475 -0.053624857 0.998243630
1769787707391233024.000000 -0.006498542 -0.004762221 -0.005861060 -0.015245947 0.013581228 -0.052244134 0.998425603
1769787707491233024.000000 -0.006322213 -0.004463764 -0.005572503 -0.005286616 0.001309214 -0.050003733 0.998734176
1769787707524567296.000000 -0.006206554 -0.004424329 -0.004910975 -0.003379715 -0.002658321 -0.051388267 0.998669505
1769787707557899776.000000 -0.006102655 -0.004499694 -0.004932833 -0.001753615 -0.006701226 -0.050403506 0.998704970
1769787707591233280.000000 -0.005931174 -0.004229598 -0.004734079 0.001360667 -0.010412413 -0.047132969 0.998833418
1769787707624566016.000000 -0.005945669 -0.004151503 -0.004161148 0.001814669 -0.014471353 -0.048384503 0.998722315
1769787707757899008.000000 -0.006103059 -0.003445731 -0.004371583 0.006968995 -0.022847842 -0.032439888 0.999188244
1769787707791234816.000000 -0.005998083 -0.003323425 -0.004386473 0.007481256 -0.023330776 -0.027885923 0.999310851
1769787707891232256.000000 -0.005634762 -0.003318456 -0.002636482 0.000667613 -0.020711990 -0.022150256 0.999539852
1769787707957899776.000000 -0.005733944 -0.002994752 -0.002568329 -0.014295146 -0.019405486 -0.022008352 0.999467194
1769787707991232256.000000 -0.006104972 -0.003190926 -0.001390747 -0.020179665 -0.018091245 -0.020548346 0.999421477
1769787708024566016.000000 -0.005508970 -0.002910730 -0.001083523 -0.024167590 -0.018043449 -0.021280559 0.999318540
1769787708091232512.000000 -0.005559930 -0.002707907 -0.000286037 -0.029316146 -0.018423608 -0.021828132 0.999161959
1769787708257898496.000000 -0.003078918 -0.001640580 0.002735529 -0.034063805 -0.022229653 -0.024589572 0.998869777
1769787708324565760.000000 -0.004776105 -0.001511930 -0.002524001 -0.033118546 -0.023062276 -0.028052064 0.998791456
1769787708391232256.000000 -0.005078898 -0.000874227 -0.003011629 -0.029285457 -0.024265572 -0.029845646 0.998830736
1769787708424565504.000000 -0.004978082 -0.001069417 -0.004667580 -0.027126441 -0.024885936 -0.030700630 0.998850524
1769787708524564992.000000 -0.004771836 -0.001879007 -0.005561613 -0.020251105 -0.026065512 -0.029838072 0.999009609
1769787708591232512.000000 -0.004514517 -0.001035938 -0.006048759 -0.013807451 -0.025996739 -0.031371009 0.999074280
1769787708757897984.000000 -0.003781503 -0.000633785 -0.005537087 -0.001069800 -0.028246189 -0.028105604 0.999205232
1769787708791234304.000000 -0.003720506 -0.000433488 -0.005400189 0.000672352 -0.028331384 -0.028193682 0.999200702
1769787708824564992.000000 -0.003680326 -0.000500238 -0.005402618 0.002947322 -0.028605647 -0.028519278 0.999179542
1769787708957899264.000000 -0.003552997 -0.000328031 -0.004449953 0.009371535 -0.029291026 -0.027066363 0.999160469
1769787709057898496.000000 -0.002990991 0.000057079 -0.005149057 0.013517115 -0.031182438 -0.027171118 0.999052882
1769787709091232000.000000 -0.002726704 -0.000152433 -0.005573722 0.013731754 -0.032116622 -0.027998108 0.998997569
1769787709791230208.000000 -0.002163434 -0.000398689 -0.004471493 0.020468796 -0.039643228 -0.024636908 0.998700380
1769787709857894144.000000 -0.002142495 -0.000487889 -0.004958669 0.019414954 -0.040517017 -0.024117660 0.998699069
1769787710024561408.000000 -0.001787265 -0.000877190 -0.005257865 0.017063830 -0.042835575 -0.023989594 0.998648345
1769787710157894144.000000 -0.001835985 -0.001165868 -0.005390651 0.014881918 -0.044550713 -0.022933412 0.998632967
1769787710324561152.000000 -0.001645752 -0.002053944 -0.005600669 0.009887094 -0.046692569 -0.020262100 0.998654842
1769787710457894144.000000 -0.001588213 -0.001583608 -0.005926441 0.007806940 -0.047426842 -0.022208735 0.998597264
1769787710757893888.000000 -0.001300097 -0.002686508 -0.008499832 -0.005383411 -0.050827235 -0.023342649 0.998420119
1769787710791227904.000000 -0.001181347 -0.003579268 -0.007213012 -0.008372921 -0.051075187 -0.023505362 0.998383045
1769787710857893632.000000 -0.001531571 -0.003647037 -0.008461006 -0.011046167 -0.051355593 -0.022373201 0.998368680
1769787710891227904.000000 -0.001258179 -0.003852176 -0.008923362 -0.013333586 -0.051748596 -0.021434024 0.998341084
1769787710924560384.000000 -0.001371495 -0.003890950 -0.009022807 -0.014598059 -0.051935229 -0.021503095 0.998312175
1769787710957894400.000000 -0.001289288 -0.004753151 -0.008342319 -0.017608555 -0.051840968 -0.021480745 0.998269022
1769787711024560128.000000 -0.001331966 -0.005628753 -0.008511277 -0.023096938 -0.053000726 -0.019659417 0.998133779
1769787711224560384.000000 -0.001381353 -0.008118753 -0.008572630 -0.036114473 -0.052770507 -0.017980779 0.997791409
1769787711457893120.000000 -0.001141959 -0.010640144 -0.009570841 -0.053495687 -0.053131010 -0.016528996 0.997016609
1769787711524559872.000000 -0.001511912 -0.012003262 -0.008741820 -0.059791103 -0.052938040 -0.014273546 0.996704042
1769787711724560384.000000 -0.001412201 -0.014670042 -0.008444822 -0.073530629 -0.055967864 -0.043325335 0.994778275
1769787711757892864.000000 -0.001207334 -0.015227133 -0.009091076 -0.075691767 -0.057455271 -0.055528890 0.993924677
1769787711857892864.000000 -0.000994867 -0.016477993 -0.007518719 -0.082459852 -0.060334608 -0.092023164 0.990500808
1769787711924560128.000000 -0.000914255 -0.017337114 -0.007874057 -0.086003028 -0.063065104 -0.114557780 0.987675488
1769787711991226368.000000 -0.000860013 -0.018792879 -0.009113989 -0.090916529 -0.065464303 -0.138624027 0.983987808
1769787712057893120.000000 -0.000501751 -0.019407926 -0.008022928 -0.094983697 -0.067823447 -0.158502489 0.980436146
1769787712157892864.000000 -0.000291983 -0.019930929 -0.007788428 -0.098758347 -0.071287423 -0.192094892 0.973788679
1769787712357892864.000000 -0.000389051 -0.021966990 -0.007404256 -0.109299079 -0.078825034 -0.249901831 0.958848000
1769787712557893632.000000 -0.001145217 -0.025159337 -0.007949176 -0.119387679 -0.085103646 -0.297563940 0.943376780
1769787712624559616.000000 -0.001377903 -0.025297184 -0.007788951 -0.120928086 -0.086021841 -0.309186459 0.939351022
1769787712657892352.000000 -0.001252672 -0.025742615 -0.008940377 -0.122945614 -0.087749414 -0.316125691 0.936615705
1769787712891226880.000000 -0.001491615 -0.027051458 -0.008509192 -0.130169094 -0.092074677 -0.356785804 0.920479357
1769787713424559360.000000 -0.003540831 -0.028637573 -0.008389347 -0.143565357 -0.086754799 -0.402304232 0.900007725
1769787713457891840.000000 -0.003713889 -0.028836370 -0.008345486 -0.144020393 -0.086269043 -0.403531224 0.899432242
1769787713691226368.000000 -0.004659992 -0.028795583 -0.008397725 -0.147010118 -0.078674078 -0.402692467 0.900020659
1769787713724559104.000000 -0.004782307 -0.028537704 -0.008421709 -0.146949172 -0.077159300 -0.402009726 0.900466919
1769787713824558848.000000 -0.005345288 -0.028530207 -0.007585315 -0.147943497 -0.071569189 -0.396613032 0.903154850
1769787713891226368.000000 -0.005469542 -0.028301531 -0.007738536 -0.147412360 -0.068740636 -0.393555820 0.904797316
1769787713991225344.000000 -0.006057339 -0.027757933 -0.008356128 -0.147169009 -0.062838502 -0.386370867 0.908355772
1769787714124558592.000000 -0.006991437 -0.026781712 -0.008769362 -0.145181119 -0.052873742 -0.373924077 0.914498568
1769787714157891584.000000 -0.007280843 -0.026360750 -0.009653862 -0.144476548 -0.050314412 -0.369907528 0.916386127
1769787714191225856.000000 -0.007133503 -0.026301157 -0.008206504 -0.144324720 -0.048181426 -0.366122246 0.918043256
1769787714224559104.000000 -0.007256630 -0.026320282 -0.007966601 -0.144038767 -0.045962822 -0.361311436 0.920105577
1769787714324558848.000000 -0.007909825 -0.025049508 -0.008771398 -0.140946388 -0.036946982 -0.346297741 0.926739931
1769787714357891840.000000 -0.008183804 -0.024750082 -0.008677407 -0.139638364 -0.033686094 -0.339935780 0.929413795
1769787714391225088.000000 -0.008219751 -0.024600564 -0.007930811 -0.139086246 -0.030716108 -0.333575070 0.931900859
1769787714424558336.000000 -0.008476251 -0.024297781 -0.009055811 -0.137580678 -0.028080376 -0.325888038 0.934922457
1769787714457891584.000000 -0.008657845 -0.024074573 -0.008812132 -0.136896208 -0.024736444 -0.318428099 0.937683880
1769787714524558592.000000 -0.009193104 -0.023031298 -0.009054242 -0.133115947 -0.017335117 -0.302747309 0.943569660
1769787714591224576.000000 -0.009441981 -0.022333819 -0.008928873 -0.129895151 -0.010326591 -0.283270568 0.950146496
1769787714624558336.000000 -0.009913657 -0.022009134 -0.008717981 -0.128427267 -0.005513915 -0.269280314 0.954444408
1769787714657891584.000000 -0.010238800 -0.021231342 -0.008870655 -0.126497567 -0.001600427 -0.258128792 0.957791924
1769787714724558592.000000 -0.010631344 -0.020580474 -0.008944519 -0.122535951 0.005956953 -0.234358355 0.964378357
1769787714757891328.000000 -0.010912385 -0.019997092 -0.008140245 -0.120141611 0.009604743 -0.222736686 0.967399657
1769787714791226368.000000 -0.011237154 -0.020062406 -0.009164587 -0.118378788 0.012990309 -0.212901011 0.969789088
1769787714824557824.000000 -0.011223450 -0.019785021 -0.007854711 -0.116634294 0.016125591 -0.202395454 0.972199857
1769787714857890560.000000 -0.011271464 -0.019650919 -0.008270551 -0.115185209 0.018782957 -0.193966389 0.974041402
1769787714924557824.000000 -0.011456785 -0.018742550 -0.006995077 -0.109692886 0.024123881 -0.182208106 0.976824343
1769787714957892096.000000 -0.011523764 -0.018835766 -0.006087231 -0.106684156 0.026678186 -0.178387016 0.977795899
1769787715057891328.000000 -0.012047096 -0.017908860 -0.006253762 -0.095148437 0.034889705 -0.177391917 0.978908420
1769787715091225600.000000 -0.011783614 -0.017850343 -0.005330369 -0.090917863 0.037542745 -0.177611604 0.979172409
1769787715157891328.000000 -0.011936199 -0.017237758 -0.005172702 -0.083148703 0.043932326 -0.178641081 0.979409814
1769787715191225088.000000 -0.012133128 -0.016912116 -0.005126442 -0.079908364 0.046613749 -0.179564402 0.979386806
1769787715224558336.000000 -0.011994172 -0.016873699 -0.004925520 -0.076445401 0.049644765 -0.179990649 0.979435980
1769787715257890560.000000 -0.012371813 -0.016722731 -0.004825379 -0.073271409 0.053409807 -0.179888681 0.979499280
1769787715291226368.000000 -0.012065356 -0.016736465 -0.004986379 -0.070145585 0.056039661 -0.180254936 0.979513824
1769787715324558080.000000 -0.012196849 -0.016505983 -0.005129453 -0.066996560 0.058712557 -0.184176505 0.978847980
1769787715391224832.000000 -0.011840604 -0.016788736 -0.005009803 -0.062020943 0.064088516 -0.185873985 0.978517711
1769787715424557824.000000 -0.011769458 -0.016325956 -0.004625665 -0.058168672 0.067934737 -0.186096907 0.978452444
1769787715457891072.000000 -0.012020326 -0.016115293 -0.004801272 -0.055305287 0.072680853 -0.186829478 0.978137791
1769787715491224320.000000 -0.011583489 -0.016375504 -0.004153572 -0.055125553 0.076359794 -0.189752385 0.977304637
1769787715557891840.000000 -0.011258863 -0.016035493 -0.003227797 -0.051560022 0.085704952 -0.193020567 0.976083696
1769787715591224064.000000 -0.011376731 -0.015934411 -0.004296134 -0.049540594 0.089228004 -0.197582826 0.974959075
1769787715657890816.000000 -0.011336246 -0.015572838 -0.004022365 -0.048815943 0.097591721 -0.202413812 0.973201692
1769787715724557824.000000 -0.010713891 -0.015289817 -0.002214720 -0.046231955 0.106497183 -0.204676345 0.971920073
1769787715824557056.000000 -0.010845475 -0.014873022 -0.002663778 -0.046375614 0.114105254 -0.212573960 0.969351172
1769787715857890048.000000 -0.010800861 -0.014717772 -0.001974572 -0.046150196 0.116362482 -0.214081034 0.968761742
1769787715991223552.000000 -0.011508179 -0.013642824 -0.002664582 -0.058440920 0.116573103 -0.201287970 0.970813334
1769787716024557824.000000 -0.011540615 -0.013333576 -0.002572924 -0.065643318 0.114200026 -0.195426688 0.971832156
1769787716057890560.000000 -0.011925768 -0.013178362 -0.002277374 -0.071192279 0.113215007 -0.185505405 0.973499775
1769787716091224320.000000 -0.011873984 -0.013014879 -0.002706320 -0.075339280 0.111915395 -0.180432141 0.974291146
1769787716257889792.000000 -0.012270740 -0.011664909 -0.000456463 -0.084811710 0.111273445 -0.153007150 0.978270948
1769787716291225344.000000 -0.012554035 -0.011367366 0.000357225 -0.085369281 0.112483859 -0.145953894 0.979161322
1769787716357890048.000000 -0.012500592 -0.010549298 0.000827369 -0.086202361 0.112302095 -0.141970843 0.979694724
1769787716424557056.000000 -0.012961009 -0.010137927 0.000688470 -0.084623352 0.113295861 -0.132673889 0.981020153
1769787716491223808.000000 -0.013365219 -0.009550935 0.000517264 -0.081511356 0.114574455 -0.125375375 0.982094526
1769787716557890304.000000 -0.014051528 -0.008715319 0.000774825 -0.076550260 0.116528712 -0.120579079 0.982864082
1769787716591224064.000000 -0.013707278 -0.008871228 0.001625415 -0.074402340 0.117330506 -0.117174223 0.983345330
1769787716657890048.000000 -0.014016273 -0.008230415 0.001161598 -0.069052398 0.117767289 -0.115173645 0.983919561
1769787716791225088.000000 -0.014049662 -0.007387961 0.001735572 -0.056374002 0.119215697 -0.112101063 0.984907568
1769787716824557056.000000 -0.014199747 -0.007427126 0.001745750 -0.053025864 0.119593389 -0.110578611 0.985219836
1769787716857889536.000000 -0.014210656 -0.007097387 0.001732245 -0.049011003 0.119889483 -0.110403016 0.985411406
1769787716891224064.000000 -0.014007309 -0.006923718 0.002176185 -0.046715386 0.120212935 -0.111582950 0.985350609
1769787717091223808.000000 -0.014070549 -0.006374618 0.003431818 -0.031463578 0.123077452 -0.107721105 0.986031532
1769787717324572928.000000 -0.014113480 -0.006036041 0.003974488 -0.020680096 0.126807898 -0.106856711 0.985938013
1769787717491238912.000000 -0.014276488 -0.005697874 0.004223612 -0.015988676 0.129499927 -0.108275719 0.985520422
1769787717624572672.000000 -0.014546377 -0.005499657 0.004230345 -0.012565445 0.132327646 -0.107304946 0.985300541
1769787717691239936.000000 -0.014693950 -0.005404446 0.004339702 -0.011784693 0.133804202 -0.107592955 0.985079348
1769787718024573696.000000 -0.015276355 -0.005575948 0.004392193 -0.012831766 0.139594868 -0.107295960 0.984294772
1769787718091239680.000000 -0.015373185 -0.005688855 0.004007646 -0.013488421 0.140394747 -0.107976019 0.984097838
1769787718224572928.000000 -0.015608196 -0.005879850 0.004241217 -0.015449872 0.143652037 -0.107494928 0.983651519
1769787718357905152.000000 -0.016116332 -0.006103913 0.003653561 -0.018077023 0.146257684 -0.108455695 0.983117104
1769787718491238656.000000 -0.016805042 -0.006576855 0.003185090 -0.022572130 0.149334639 -0.108442470 0.982562959
1769787718757904896.000000 -0.017627280 -0.007276461 0.002772323 -0.032396287 0.154432163 -0.105906270 0.981776476
1769787718824571648.000000 -0.017592721 -0.007260237 0.003652107 -0.036108240 0.156281099 -0.107909746 0.981136024
1769787718891239168.000000 -0.018815065 -0.007863171 0.001952857 -0.038253509 0.157811522 -0.106184192 0.980998039
1769787719324571904.000000 -0.018888408 -0.008898755 0.004338241 -0.066536680 0.163257450 -0.110170200 0.978152573
1769787719391238144.000000 -0.019087393 -0.009798547 0.005038782 -0.071442537 0.165393889 -0.107161641 0.977781773
1769787719424571392.000000 -0.015005236 -0.008558864 0.009828621 -0.074182950 0.165213138 -0.106685370 0.977660358
1769787719457905152.000000 -0.018873632 -0.009784013 0.005733116 -0.075748786 0.166416749 -0.106984451 0.977303386
1769787719591238144.000000 -0.019956069 -0.010077634 0.004953346 -0.085162573 0.168354183 -0.105413757 0.976366818
1769787719624571904.000000 -0.017777523 -0.009107199 0.008571171 -0.088480912 0.168032259 -0.104577668 0.976217091
1769787719724571648.000000 -0.018084684 -0.008419955 0.008505511 -0.094881512 0.168529123 -0.104655690 0.975521743
1769787719757904640.000000 -0.018001720 -0.008494651 0.008972632 -0.098060697 0.168655276 -0.106071316 0.975032508
1769787719791239424.000000 -0.017046306 -0.006928056 0.010074022 -0.099754669 0.168606296 -0.104736820 0.975013375
1769787719857904128.000000 -0.017414026 -0.007017726 0.010160907 -0.105645932 0.168488860 -0.105911888 0.974285960
1769787719891238400.000000 -0.017961834 -0.007542121 0.009044317 -0.108050346 0.168722212 -0.105255008 0.974053085
1769787719991237888.000000 -0.017602485 -0.006335974 0.009655176 -0.115303226 0.169115394 -0.102811791 0.973414063
1769787720024570880.000000 -0.017781831 -0.007076893 0.009747908 -0.117944732 0.169019341 -0.102046333 0.973194778
1769787720057904384.000000 -0.017067110 -0.006356114 0.010354280 -0.119247250 0.169055879 -0.100641467 0.973176003
1769787720091238144.000000 -0.018102985 -0.007024211 0.009402093 -0.122608237 0.168715864 -0.100275807 0.972855091
1769787720157903872.000000 -0.017782446 -0.006551022 0.009855906 -0.126888543 0.169191584 -0.099089436 0.972344995
1769787720224571904.000000 -0.017112758 -0.006122147 0.011779956 -0.131433338 0.168424428 -0.099104315 0.971872866
1769787720391237632.000000 -0.016788803 -0.005778958 0.011216088 -0.143521458 0.167495787 -0.095250182 0.970708072
1769787720424570624.000000 -0.017068200 -0.005128536 0.011942272 -0.144966766 0.168383747 -0.094739221 0.970389605
1769787720457904384.000000 -0.017696459 -0.005907605 0.009972319 -0.146997750 0.167805687 -0.093511492 0.970303357
1769787720524570880.000000 -0.017481999 -0.005563932 0.010141030 -0.150525138 0.166188508 -0.094643973 0.969930947
1769787720591237888.000000 -0.017928567 -0.004165748 0.010644403 -0.153484419 0.165488824 -0.096377410 0.969416022
1769787720824570624.000000 -0.022056200 -0.006123282 0.004166681 -0.166246206 0.161001414 -0.100712761 0.967624784
1769787720891237888.000000 -0.020483801 -0.005282666 0.005910018 -0.169381335 0.159761444 -0.095631674 0.967802048
1769787720924570368.000000 -0.021879949 -0.007155435 0.000388199 -0.170300856 0.159421042 -0.095769063 0.967683256
1769787720957904128.000000 -0.021242293 -0.004989611 0.004057707 -0.170778573 0.158238113 -0.095731266 0.967796922
1769787721157903872.000000 -0.026411885 -0.006393278 0.001828196 -0.178779706 0.156991422 -0.092800245 0.966840029
1769787721191237632.000000 -0.022374118 -0.004629742 0.004646752 -0.180048943 0.154014945 -0.092411578 0.967120409
1769787721691237376.000000 -0.025113326 -0.004378436 0.003619844 -0.187464416 0.140025422 -0.085420966 0.968479872
1769787721957903872.000000 -0.026504863 -0.004617822 0.003873321 -0.187377885 0.131239831 -0.085567459 0.969713271
1769787722057903360.000000 -0.026035778 -0.004652213 0.004082248 -0.185661212 0.126912996 -0.084859766 0.970681131
1769787722257902848.000000 -0.027388446 -0.005501566 0.002822221 -0.180011675 0.117860273 -0.084363662 0.972927272
1769787722291238400.000000 -0.027555935 -0.005726721 0.003860657 -0.179170340 0.116587624 -0.083574265 0.973303974
1769787722324569856.000000 -0.027407374 -0.005499043 0.004368060 -0.178141043 0.115630589 -0.083588839 0.973605812
1769787722391236608.000000 -0.027408805 -0.005230418 0.004160336 -0.175753206 0.112824649 -0.083606921 0.974367142
1769787722424569856.000000 -0.027000112 -0.005180232 0.005204704 -0.174879745 0.111499056 -0.081629962 0.974844396
1769787722457903104.000000 -0.027315671 -0.005576348 0.004235636 -0.173619121 0.109154359 -0.082121447 0.975293696
1769787722491236352.000000 -0.027544722 -0.005539208 0.004727468 -0.172609076 0.108322009 -0.082825415 0.975506246
1769787722524573184.000000 -0.026993534 -0.004979837 0.005361024 -0.170585260 0.106129453 -0.084511138 0.975958526
1769787722624570368.000000 -0.028012371 -0.005942483 0.003938779 -0.165644482 0.100448534 -0.084905274 0.977375627
1769787722657903104.000000 -0.028710682 -0.006063049 0.003705531 -0.164252147 0.099969424 -0.083950855 0.977742076
1769787722691236608.000000 -0.028736610 -0.006331564 0.002933115 -0.162627831 0.097603381 -0.084781632 0.978180885
1769787722724570368.000000 -0.027728008 -0.005756121 0.003707730 -0.160353616 0.095377281 -0.084745996 0.978778899
1769787722757902848.000000 -0.029077971 -0.006334900 0.002080522 -0.158874109 0.094451554 -0.084689498 0.979114711
1769787722791237888.000000 -0.027684804 -0.005548598 0.003429204 -0.157603532 0.092024513 -0.087687142 0.979287267
1769787722857902592.000000 -0.028438013 -0.006010992 0.002071901 -0.153181136 0.089458957 -0.084792629 0.980480969
1769787722891237120.000000 -0.027400861 -0.005621864 0.002932400 -0.151320800 0.087744728 -0.085644022 0.980850637
1769787722957902848.000000 -0.027891954 -0.005469219 0.001399438 -0.146929443 0.084590510 -0.085703894 0.981789708
1769787722991236096.000000 -0.027819207 -0.004984031 0.001266809 -0.144799232 0.083674707 -0.086495087 0.982115269
1769787723024569856.000000 -0.025917998 -0.004759626 0.004058260 -0.142965615 0.081229076 -0.085523516 0.982674122
1769787723057903360.000000 -0.026390692 -0.005106075 0.003952430 -0.142085612 0.080515362 -0.085494153 0.982863009
1769787723091236352.000000 -0.026401864 -0.004696574 0.002892536 -0.140226677 0.079406016 -0.087043285 0.983084261
1769787723191236608.000000 -0.025650974 -0.004065322 0.003768233 -0.133906201 0.075121313 -0.089446612 0.984086037
1769787723224570368.000000 -0.025653945 -0.003597789 0.001862608 -0.131398812 0.073008798 -0.089597613 0.984569132
1769787723324569600.000000 -0.024930289 -0.003405281 0.003472551 -0.121689737 0.068364620 -0.091961384 0.985931516
1769787723357902336.000000 -0.024536598 -0.003214305 0.004101836 -0.118960969 0.066706568 -0.091585636 0.986413002
1769787723391236352.000000 -0.024603073 -0.002889855 0.003117223 -0.115221344 0.064846799 -0.093445428 0.986806452
1769787723424569600.000000 -0.024251699 -0.002820298 0.003989347 -0.111538284 0.062534750 -0.092151135 0.987500310
1769787723457902080.000000 -0.024044739 -0.002645925 0.004256047 -0.108556271 0.060737774 -0.093375847 0.987829685
1769787723524569088.000000 -0.023412496 -0.002564833 0.004820456 -0.102523170 0.056271903 -0.094737299 0.988608837
1769787723557902848.000000 -0.023573773 -0.002560344 0.004896905 -0.100220010 0.054658409 -0.094162405 0.988990307
1769787723591235840.000000 -0.023105809 -0.002399063 0.005503747 -0.097238317 0.052290980 -0.095510826 0.989286661
1769787723624569088.000000 -0.023209922 -0.001955253 0.004658061 -0.092900202 0.050616089 -0.094576679 0.989880204
1769787723657901824.000000 -0.023470568 -0.002059287 0.004912224 -0.090909041 0.049536578 -0.095134184 0.990066230
1769787723724569856.000000 -0.023191301 -0.001803902 0.005746012 -0.084087700 0.045370776 -0.096197933 0.990765750
1769787723757901824.000000 -0.022529572 -0.001643538 0.007015920 -0.081389338 0.042560890 -0.096710317 0.991065860
1769787723824569344.000000 -0.022738397 -0.001283484 0.006803892 -0.076127902 0.035789046 -0.096369244 0.991784632
1769787723857901568.000000 -0.022869643 -0.000908061 0.005705111 -0.073201261 0.032211602 -0.095053792 0.992254376
1769787723891235840.000000 -0.022488467 -0.000972334 0.006092471 -0.071155749 0.027514637 -0.097100325 0.992346406
1769787723991235328.000000 -0.022506272 -0.000260863 0.005593061 -0.063020937 0.015078802 -0.094048679 0.993456542
1769787724057902080.000000 -0.022526287 -0.000535440 0.007507939 -0.058479965 0.007886963 -0.088865988 0.994294107
1769787724091235840.000000 -0.022157315 0.000426181 0.006423110 -0.055436686 0.003229645 -0.087115139 0.994649351
1769787724191235840.000000 -0.022130968 0.001210631 0.005702822 -0.050658494 -0.004398873 -0.075559266 0.995843947
1769787724224569344.000000 -0.022169651 0.001209037 0.005730409 -0.050755326 -0.005462250 -0.071663700 0.996121705
1769787724257901312.000000 -0.021996159 0.001431534 0.004958067 -0.049833190 -0.006342217 -0.065786064 0.996568441
1769787724291238400.000000 -0.021955520 0.001578908 0.006351928 -0.049769096 -0.005338041 -0.062273707 0.996803164
1769787724324568832.000000 -0.022302167 0.002098448 0.005225324 -0.049687929 -0.004368784 -0.061584361 0.996854782
1769787724424568576.000000 -0.021719402 0.002065473 0.006276199 -0.073051870 0.000971688 -0.063126095 0.995327890
1769787724457901824.000000 -0.021717150 0.001873615 0.006407964 -0.079269417 0.002295873 -0.063107878 0.994850993
1769787724491235072.000000 -0.021705611 0.002043493 0.005963414 -0.083368309 0.002918003 -0.063612491 0.994482100
1769787724557902336.000000 -0.020944092 0.002139786 0.006783731 -0.089258827 0.002645568 -0.065203294 0.993868411
1769787724591235072.000000 -0.020895192 0.002411549 0.006211035 -0.091229886 0.002543991 -0.065805472 0.993649960
1769787724691235328.000000 -0.020604083 0.003043619 0.006344953 -0.094509318 0.002339659 -0.067404151 0.993236721
1769787724791236608.000000 -0.020360611 0.003460452 0.006603445 -0.094230391 0.001371001 -0.067083828 0.993286729
1769787724824569088.000000 -0.020098386 0.003725772 0.005881948 -0.092752919 0.000907523 -0.067206800 0.993417978
1769787725024568832.000000 -0.019971661 0.005655803 0.004651631 -0.080132745 -0.003074133 -0.064562321 0.994686365
1769787725057901568.000000 -0.019509923 0.005306199 0.006476815 -0.077641845 -0.002925966 -0.064803950 0.994868636
1769787725191234816.000000 -0.019520322 0.006366549 0.005812482 -0.066697896 -0.002535374 -0.064843901 0.995660722
1769787725224569088.000000 -0.019583283 0.006073061 0.005974005 -0.065888174 -0.002070790 -0.064538524 0.995735526
1769787725257900544.000000 -0.018824583 0.006573250 0.005196432 -0.063265406 -0.003111683 -0.064653970 0.995895445
1769787725391230720.000000 -0.019127477 0.006859916 0.005568213 -0.055585854 -0.003184372 -0.064520553 0.996361971
1769787725491229952.000000 -0.018932680 0.006774653 0.005796905 -0.052537672 -0.003767005 -0.065236658 0.996478736
1769787725591230976.000000 -0.018605841 0.006941821 0.005981795 -0.050131597 -0.004811595 -0.067153908 0.996470809
1769787725791231232.000000 -0.018723199 0.007156727 0.006150581 -0.045547139 -0.005981286 -0.064051509 0.996888757
1769787726224563968.000000 -0.018392416 0.007061375 0.004369341 -0.042921539 -0.011593062 -0.062586181 0.997048795
1769787726257896704.000000 -0.018368324 0.007201759 0.004380820 -0.043299716 -0.012673943 -0.063206546 0.996980190
1769787726357896448.000000 -0.018515367 0.006674089 0.003812171 -0.044626109 -0.013320922 -0.061987132 0.996989846
1769787726491230208.000000 -0.018148104 0.006444661 0.004451676 -0.046824172 -0.015103980 -0.061371386 0.996901691
1769787726657896704.000000 -0.018264236 0.006201016 0.003642606 -0.050098412 -0.016955456 -0.060235936 0.996782005
1769787726724563712.000000 -0.018205296 0.006136978 0.003367989 -0.052001316 -0.017591996 -0.060778342 0.996640563
1769787726991229696.000000 -0.018070834 0.005056660 0.003818057 -0.059498262 -0.020050598 -0.057361048 0.996377289
1769787727157895680.000000 -0.018016465 0.003863565 0.003030430 -0.067759849 -0.021510715 -0.056430031 0.995872259
1769787727257895680.000000 -0.018065585 0.002838313 0.002887753 -0.074212097 -0.022662224 -0.055829152 0.995420575
1769787727291230464.000000 -0.018182378 0.002712114 0.003097584 -0.076572865 -0.022214064 -0.056336686 0.995223224
1769787727324563712.000000 -0.018134719 0.002211548 0.003264323 -0.078540668 -0.022645112 -0.054973934 0.995136380
1769787727357896192.000000 -0.018016741 0.002091761 0.003194396 -0.081083916 -0.022805091 -0.056376036 0.994850278
1769787727391229696.000000 -0.020013813 0.001100031 0.000504280 -0.083538413 -0.022422004 -0.057461984 0.994593740
1769787727424562432.000000 -0.018771632 0.001764462 0.001874626 -0.083506174 -0.022340149 -0.052265611 0.994884908
1769787727657895680.000000 -0.019034091 -0.000709496 0.002524403 -0.101069182 -0.022936536 -0.050729979 0.993320405
1769787727691229696.000000 -0.018825144 -0.001077111 0.002680794 -0.102961659 -0.023250226 -0.048417177 0.993234158
1769787727724563200.000000 -0.019116445 -0.001377273 0.001151884 -0.105725564 -0.023841307 -0.052230146 0.992736518
1769787727791230976.000000 -0.018209597 -0.001941336 0.004128230 -0.112439878 -0.024353595 -0.052632987 0.991964698
1769787727891229696.000000 -0.018420679 -0.003323214 0.003611481 -0.118904658 -0.023613723 -0.046169512 0.991550565
1769787727924561920.000000 -0.019370863 -0.003422254 0.002329370 -0.118782178 -0.021354022 -0.042825401 0.991766512
1769787728091229440.000000 -0.018338010 -0.005366093 0.006177921 -0.133651286 -0.021985529 -0.042730805 0.989862680
1769787728124562432.000000 -0.019185985 -0.005426540 0.003992137 -0.134292185 -0.021376986 -0.045850564 0.989649653
1769787728157895424.000000 -0.018535789 -0.005307934 0.005646673 -0.137190774 -0.024700040 -0.059213597 0.988464653
1769787728424562432.000000 -0.018753575 -0.009366229 0.006075699 -0.156861365 -0.038842537 -0.149755672 0.975427628
1769787728457895424.000000 -0.018620286 -0.009131004 0.006604838 -0.159315705 -0.041821573 -0.164745510 0.972485721
1769787728491228672.000000 -0.019031351 -0.009632034 0.005928892 -0.161135018 -0.042892650 -0.173012599 0.970702052
1769787728524562176.000000 -0.018172815 -0.010096516 0.008912314 -0.164162442 -0.045283265 -0.181575626 0.968519747
1769787728557896960.000000 -0.018724559 -0.010378262 0.007873815 -0.165666029 -0.046738539 -0.193255261 0.965930998
1769787728591228672.000000 -0.018106777 -0.010099951 0.008110163 -0.166503578 -0.049053617 -0.202890038 0.963693917
1769787728624562176.000000 -0.018345306 -0.011027569 0.008392092 -0.169307336 -0.050979719 -0.215050265 0.960463166
1769787728657895168.000000 -0.018414021 -0.011046972 0.007664425 -0.171041533 -0.052195933 -0.223022029 0.958270073
1769787728724562688.000000 -0.018445186 -0.012206171 0.007812491 -0.175530344 -0.055980466 -0.242507800 0.952494204
1769787728757894912.000000 -0.018873470 -0.012531688 0.007928762 -0.176966503 -0.056862637 -0.250974894 0.949979544
1769787728824562176.000000 -0.019022020 -0.013456994 0.007055064 -0.181195736 -0.060968559 -0.270102113 0.943660855
1769787728857895168.000000 -0.019306386 -0.013918150 0.007282114 -0.182740331 -0.062307298 -0.277203023 0.941213191
1769787728891229696.000000 -0.019220404 -0.013878359 0.007579478 -0.183886677 -0.063987367 -0.285799533 0.938301623
1769787728924561408.000000 -0.019288769 -0.014190225 0.007541078 -0.185557872 -0.065267265 -0.293276727 0.935573220
1769787729024561920.000000 -0.019426737 -0.015122704 0.007579274 -0.189976409 -0.069630489 -0.315601408 0.927068651
1769787729091228928.000000 -0.019878719 -0.015882671 0.007131366 -0.193110198 -0.071753964 -0.328094393 0.921907723
1769787729191228928.000000 -0.020037426 -0.016530748 0.007260802 -0.196906582 -0.075789280 -0.348104417 0.913404107
1769787729224562688.000000 -0.020093599 -0.016630135 0.007137831 -0.198061228 -0.076862283 -0.354972869 0.910416484
1769787729257894400.000000 -0.020107273 -0.016902270 0.007029765 -0.199144170 -0.078297190 -0.360426515 0.907911837
1769787729357895168.000000 -0.020395502 -0.017440071 0.007548831 -0.202714548 -0.080597959 -0.375526696 0.900772214
1769787729591227904.000000 -0.021014418 -0.018403482 0.008116278 -0.209862262 -0.082908630 -0.402431667 0.887205005
1769787729624562176.000000 -0.021295363 -0.018579239 0.007749656 -0.210517138 -0.082680248 -0.405194789 0.885812461
1769787729657894400.000000 -0.021236418 -0.018624861 0.008090439 -0.211178407 -0.082664981 -0.407866985 0.884429097
1769787729724562432.000000 -0.021667188 -0.018785445 0.007323544 -0.212173194 -0.080980994 -0.413186908 0.881873667
1769787729791228416.000000 -0.021747099 -0.018885901 0.007608903 -0.213601649 -0.080694675 -0.416695952 0.879901826
1769787729857894400.000000 -0.022014765 -0.018867083 0.007684226 -0.214493811 -0.080054872 -0.419415712 0.878449798
1769787729991227392.000000 -0.022593433 -0.018945076 0.007547072 -0.216697544 -0.077058412 -0.421682388 0.877090752
1769787730057894144.000000 -0.022777548 -0.018842738 0.007740369 -0.217419460 -0.075009443 -0.422082394 0.876897275
1769787730157894400.000000 -0.023266038 -0.018840769 0.007531118 -0.218394458 -0.070767231 -0.419889331 0.878059745
1769787730291228416.000000 -0.023784276 -0.018518027 0.007181413 -0.218955681 -0.064428225 -0.416145384 0.880187750
1769787730491227392.000000 -0.024881974 -0.017696360 0.007495405 -0.217972159 -0.050718240 -0.402961195 0.887433410
1769787730557894912.000000 -0.025066560 -0.017151706 0.008235137 -0.217558727 -0.045839958 -0.397046447 0.890461147
1769787730591227648.000000 -0.025180314 -0.017037896 0.008104214 -0.217428431 -0.043698262 -0.394378632 0.891785204
1769787730624561408.000000 -0.025304766 -0.017118871 0.008370148 -0.217247128 -0.041183501 -0.390719056 0.893558204
1769787730724561152.000000 -0.025773827 -0.016180869 0.008341663 -0.215042040 -0.032450158 -0.378311276 0.899769127
1769787730757893888.000000 -0.025834819 -0.015933570 0.008443709 -0.214231342 -0.029152973 -0.372460395 0.902512193
1769787730791228928.000000 -0.024922090 -0.015792314 0.012405069 -0.214020684 -0.026164511 -0.367880523 0.904530048
1769787730824560640.000000 -0.026247198 -0.015650220 0.008406278 -0.212965101 -0.023096150 -0.361157924 0.907566726
1769787730857893888.000000 -0.026401903 -0.015348157 0.008040740 -0.211801454 -0.019908912 -0.355074435 0.910310924
1769787730891228160.000000 -0.026416007 -0.014901974 0.008466280 -0.210294187 -0.016293295 -0.348406702 0.913303733
1769787730924560640.000000 -0.026394777 -0.014808860 0.008870495 -0.209586859 -0.012795974 -0.342193186 0.915867567
1769787730957893888.000000 -0.026835360 -0.014649146 0.008562345 -0.208315164 -0.008580106 -0.333720654 0.919326782
1769787731024561152.000000 -0.026913470 -0.013829417 0.008760313 -0.205827862 -0.000358166 -0.317256540 0.925733805
1769787731057893632.000000 -0.027230877 -0.013209954 0.008980745 -0.202925861 0.005462853 -0.306820929 0.929866731
1769787731091227392.000000 -0.026998701 -0.012772440 0.009802070 -0.201197416 0.009724859 -0.296590894 0.933519602
1769787731124560640.000000 -0.027047796 -0.012406238 0.009882403 -0.198709488 0.014450599 -0.285103291 0.937561631
1769787731157893376.000000 -0.027441319 -0.012231169 0.010174314 -0.198101178 0.019586228 -0.272139192 0.941441774
1769787731191227648.000000 -0.027795954 -0.011996975 0.009570978 -0.195749998 0.023786133 -0.259653598 0.945355058
1769787731224561152.000000 -0.027613493 -0.011994310 0.010536498 -0.194770619 0.027487474 -0.250138253 0.948018849
1769787731257893120.000000 -0.027842231 -0.011401045 0.010136778 -0.191040337 0.031633914 -0.241674855 0.950839758
1769787731291227648.000000 -0.027378073 -0.011077262 0.010974944 -0.190294027 0.033802930 -0.235998258 0.952339470
1769787731324561152.000000 -0.027909340 -0.011062972 0.010200411 -0.187954262 0.037766669 -0.226107180 0.955051005
1769787731391226880.000000 -0.027574705 -0.010522293 0.010469921 -0.183278620 0.042481162 -0.217071816 0.957853913
1769787731424560384.000000 -0.028031610 -0.009791654 0.010700558 -0.178327292 0.046069488 -0.210945591 0.959989071
1769787731457893888.000000 -0.027626889 -0.009896558 0.011000952 -0.176209033 0.047034699 -0.212975055 0.959885299
1769787731491226880.000000 -0.028191207 -0.009721477 0.011208281 -0.172884285 0.050399236 -0.211280316 0.960693300
1769787731524560640.000000 -0.027931944 -0.009405159 0.011213230 -0.168510422 0.052192420 -0.211935624 0.961230218
1769787731624560896.000000 -0.027647877 -0.009378444 0.012200134 -0.159808263 0.058765542 -0.216252178 0.961375535
1769787731691226880.000000 -0.028182305 -0.008701592 0.011744287 -0.151929528 0.065361738 -0.215895355 0.962306857
1769787731724560384.000000 -0.027997881 -0.008886075 0.012600394 -0.149513200 0.067383423 -0.218444750 0.961970508
1769787731791226880.000000 -0.027404942 -0.008675298 0.013702068 -0.143544465 0.072992779 -0.221144140 0.961853623
1769787731824560128.000000 -0.028036766 -0.008241193 0.012466612 -0.138651907 0.076527700 -0.220306098 0.962488651
1769787731891227392.000000 -0.027484508 -0.008118177 0.014068255 -0.133612990 0.083788246 -0.226526171 0.961151898
1769787731924559616.000000 -0.027395528 -0.007898176 0.013674373 -0.130403370 0.087167323 -0.227346212 0.961098611
1769787732124559872.000000 -0.027549006 -0.007845771 0.013725038 -0.124735683 0.110394739 -0.242192626 0.955822587
1769787732291228672.000000 -0.026866581 -0.006228139 0.015105965 -0.119825453 0.126882225 -0.254114717 0.951298356
1769787732324560640.000000 -0.026391611 -0.006190223 0.015467274 -0.120679960 0.127228290 -0.257212549 0.950311005
1769787732357893376.000000 -0.026562061 -0.005526702 0.014726049 -0.119129270 0.129157066 -0.256400079 0.950466037
1769787732391226624.000000 -0.026218623 -0.005094780 0.016231893 -0.119622149 0.130465388 -0.255719513 0.950408757
1769787732424560128.000000 -0.027963270 -0.004978553 0.012464503 -0.124095351 0.129818231 -0.253316432 0.950567365
1769787732457902848.000000 -0.027622674 -0.004434959 0.015143679 -0.130599573 0.131867915 -0.243980035 0.951855242
1769787732491236352.000000 -0.028121766 -0.003763541 0.015124128 -0.136877969 0.132387936 -0.233097732 0.953626394
1769787732591237376.000000 -0.028865313 -0.002712885 0.014763591 -0.147846431 0.131543458 -0.212215677 0.956975579
1769787732691236864.000000 -0.029422127 -0.002089476 0.014986424 -0.154228076 0.132702753 -0.196463987 0.959169269
1769787732724570368.000000 -0.029082181 -0.001747162 0.015499933 -0.154579744 0.132022321 -0.192612574 0.959987283
1769787732757903104.000000 -0.029000543 -0.001568648 0.016140966 -0.155553818 0.132745460 -0.188529283 0.960540712
1769787732791236864.000000 -0.029242167 -0.001268517 0.015831228 -0.155978680 0.133422539 -0.183729932 0.961307645
1769787732891237376.000000 -0.029499680 0.000136335 0.017469328 -0.154045045 0.137064472 -0.170679122 0.963510334
1769787732957903360.000000 -0.030428035 0.000413448 0.015767042 -0.150844648 0.137408301 -0.165579885 0.964856565
1769787733091237632.000000 -0.030540783 0.001416714 0.017061308 -0.141975656 0.139906421 -0.155399963 0.967532933
1769787733157902848.000000 -0.029622966 0.001950150 0.018101629 -0.137876511 0.139544785 -0.155275181 0.968197823
1769787733191236352.000000 -0.029927924 0.002161936 0.017906964 -0.134224445 0.140569180 -0.153885886 0.968784392
1769787733424569344.000000 -0.029621309 0.003552807 0.019270482 -0.112178899 0.142305881 -0.150729150 0.971825957
1769787733591236352.000000 -0.029893631 0.004395925 0.019736338 -0.099863380 0.145901144 -0.148725063 0.972944498
1769787733724569856.000000 -0.029848956 0.004925744 0.020302447 -0.092734449 0.147620663 -0.149011403 0.973346829
1769787733891236864.000000 -0.029966919 0.005260383 0.020837940 -0.086691678 0.151134342 -0.148622558 0.973424017
1769787734457902336.000000 -0.031054094 0.005504165 0.021421606 -0.081897400 0.161632001 -0.148723066 0.972136497
1769787734691235840.000000 -0.031693105 0.005152829 0.020944562 -0.084219858 0.166379049 -0.150012761 0.970938325
1769787734791235328.000000 -0.031800032 0.005007737 0.021064393 -0.085675567 0.167918414 -0.149068192 0.970691383
1769787734957901824.000000 -0.032186482 0.004576736 0.021295499 -0.089883685 0.171652868 -0.147950754 0.969828248
1769787735057902080.000000 -0.032621250 0.004162308 0.020884234 -0.093047783 0.173211679 -0.147502303 0.969320834
1769787735191235840.000000 -0.033348545 0.003656896 0.020553499 -0.098173738 0.176249206 -0.146474198 0.968423188
1769787735224569088.000000 -0.033478249 0.003559089 0.020254025 -0.099170715 0.176418468 -0.146119550 0.968344390
1769787735391235328.000000 -0.034334071 0.002668089 0.019909170 -0.106869198 0.180395260 -0.143633530 0.967163861
1769787735457902080.000000 -0.034267426 0.002419261 0.020528669 -0.109643415 0.181454629 -0.141963363 0.966901720
1769787735657901312.000000 -0.035050016 0.001046864 0.021175602 -0.122164875 0.184568420 -0.142410353 0.964743257
1769787735757901312.000000 -0.035377663 -0.000083452 0.020934418 -0.128983781 0.186441660 -0.141492739 0.963629901
1769787735791235328.000000 -0.035112761 -0.000023124 0.021393845 -0.131250009 0.186743036 -0.141670302 0.963239312
1769787735991234560.000000 -0.036942266 -0.000552423 0.019676283 -0.144656181 0.189475358 -0.139867470 0.961046755
1769787736057901824.000000 -0.036613744 -0.000022584 0.020166820 -0.149786934 0.190305755 -0.140362412 0.960023999
1769787736091235328.000000 -0.036572337 0.000799847 0.019884272 -0.150517613 0.190335840 -0.140556961 0.959875226
1769787736191234048.000000 -0.037724994 -0.000214179 0.019088091 -0.159590155 0.190552339 -0.142322332 0.958105028
1769787736257900544.000000 -0.036360409 0.000885531 0.021191413 -0.164488584 0.191805720 -0.140151396 0.957346141
1769787736291235072.000000 -0.036083899 0.000814778 0.021391105 -0.167021647 0.191524416 -0.138995126 0.957132459
1769787736324569088.000000 -0.036926951 0.000078467 0.020901231 -0.170588657 0.192088872 -0.138652220 0.956439734
1769787736357901312.000000 -0.036672644 0.000375639 0.021462362 -0.172368243 0.192588508 -0.137946546 0.956122160
1769787736457900544.000000 -0.036453184 0.000235856 0.021705946 -0.178999066 0.193193778 -0.134077504 0.955331743
1769787736491234304.000000 -0.037612949 -0.000831377 0.020443998 -0.181930944 0.193125024 -0.133938804 0.954811096
1769787736557901056.000000 -0.036906011 -0.000620580 0.021295203 -0.186322957 0.192877904 -0.131954342 0.954290271
1769787736691234304.000000 -0.036899861 -0.000302459 0.021311101 -0.195790932 0.194211796 -0.127547398 0.952722073
1769787736724567808.000000 -0.037171736 -0.000907782 0.021627411 -0.198485270 0.194191173 -0.127919555 0.952118695
1769787736757900544.000000 -0.037153393 -0.001026015 0.021703623 -0.200105727 0.194048807 -0.126712158 0.951969981
1769787736791235584.000000 -0.038206864 -0.001581169 0.020986997 -0.202777848 0.195153728 -0.124755964 0.951436877
1769787736857900544.000000 -0.037846457 -0.001908214 0.020747149 -0.207456470 0.194662973 -0.125414118 0.950441718
1769787736891234304.000000 -0.038326818 -0.002388741 0.020407658 -0.209168717 0.195466414 -0.124722108 0.949992478
1769787736957901056.000000 -0.038497955 -0.003195636 0.020152070 -0.214106053 0.193978563 -0.124332778 0.949248254
1769787736991233280.000000 -0.038493093 -0.003120129 0.019862782 -0.215924278 0.193026602 -0.124267727 0.949038982
1769787737024567296.000000 -0.039230529 -0.003390275 0.019671816 -0.217729598 0.193423286 -0.122777447 0.948739707
1769787737091234816.000000 -0.039134402 -0.003502902 0.019182106 -0.220522344 0.192040339 -0.122291908 0.948438287
1769787737124567552.000000 -0.039659943 -0.003861662 0.018328156 -0.222864553 0.190899700 -0.124101400 0.947885871
1769787737224567552.000000 -0.038738824 -0.003553192 0.019215565 -0.228504062 0.189094305 -0.123488121 0.946984649
1769787737524566784.000000 -0.039723136 -0.002167627 0.018731993 -0.242237180 0.183322027 -0.120952629 0.945031583
1769787737724567296.000000 -0.042120628 -0.002057120 0.016511168 -0.245944917 0.180178225 -0.118144371 0.945033789
1769787737857900032.000000 -0.042943276 -0.002944804 0.015351026 -0.249474511 0.174476728 -0.117944777 0.945203364
1769787737957900800.000000 -0.044671588 -0.003673194 0.014050337 -0.250667483 0.173009902 -0.116475284 0.945339561
1769787738191233792.000000 -0.044647757 -0.002757563 0.014847351 -0.252628177 0.166573018 -0.113031201 0.946391284
1769787738224566784.000000 -0.045079693 -0.002639545 0.014582001 -0.252256870 0.166140735 -0.112427525 0.946638167
1769787738291234816.000000 -0.045345925 -0.002961016 0.014403685 -0.252445668 0.163810790 -0.112334520 0.947004855
1769787738324567808.000000 -0.044973832 -0.002457471 0.014951941 -0.252290428 0.162554041 -0.112256132 0.947272003
1769787738557900544.000000 -0.045574278 -0.002552770 0.015364992 -0.249808222 0.153664663 -0.110942326 0.949565589
1769787738624566528.000000 -0.045379337 -0.002380298 0.015742647 -0.248401240 0.150112242 -0.110557280 0.950547338
1769787738657899264.000000 -0.045100689 -0.002772404 0.015814107 -0.247734278 0.148420125 -0.109287843 0.951133728
1769787738724566272.000000 -0.045334455 -0.002582841 0.016098287 -0.245905697 0.145508498 -0.109666958 0.952014089
1769787738791232768.000000 -0.046166249 -0.002906221 0.015283051 -0.243501350 0.142937914 -0.109215319 0.953072906
1769787738824566528.000000 -0.045445707 -0.002537280 0.016083531 -0.242748141 0.141023427 -0.109277144 0.953543007
1769787738857900032.000000 -0.045465808 -0.002617554 0.016314123 -0.241467074 0.139974877 -0.108141914 0.954152048
1769787738891233280.000000 -0.045828510 -0.002531499 0.015865691 -0.239744633 0.137873039 -0.108743750 0.954823732
1769787738991232512.000000 -0.046686981 -0.003597302 0.015699320 -0.236572683 0.132414058 -0.109901048 0.956253946
1769787739024566016.000000 -0.046115868 -0.003492584 0.016521325 -0.235170215 0.131114587 -0.109008506 0.956880927
1769787739057900288.000000 -0.046733979 -0.003387172 0.015567524 -0.233360320 0.129716516 -0.108017564 0.957626641
1769787739091233792.000000 -0.046328790 -0.003139220 0.015891565 -0.231477484 0.127671346 -0.109146804 0.958230257
1769787739124566528.000000 -0.046467859 -0.003497290 0.015794987 -0.230067730 0.126540750 -0.108827852 0.958755851
1769787739191232512.000000 -0.048128471 -0.004338122 0.014963720 -0.226265520 0.122721091 -0.109066926 0.960129082
1769787739224566272.000000 -0.049015936 -0.004580170 0.015223451 -0.225175172 0.121714339 -0.108876094 0.960535169
1769787739257898496.000000 -0.048768353 -0.004829476 0.015154813 -0.223354578 0.119702592 -0.109879471 0.961098611
1769787739291233280.000000 -0.048812229 -0.004964912 0.014742227 -0.221536621 0.117323257 -0.110603362 0.961729586
1769787739324567296.000000 -0.048235588 -0.004499069 0.015187866 -0.219175532 0.115436181 -0.110586263 0.962500572
1769787739357899264.000000 -0.047982778 -0.004557041 0.015183336 -0.217250973 0.113963209 -0.110171117 0.963159800
1769787739391233024.000000 -0.047500852 -0.004034333 0.014867555 -0.214284897 0.111702740 -0.110641181 0.964034796
1769787739591232256.000000 -0.047653776 -0.003956933 0.013812905 -0.203775674 0.102083631 -0.113122515 0.967087269
1769787739624566528.000000 -0.047717832 -0.003386565 0.013217001 -0.201754600 0.100752436 -0.113609836 0.967593372
1769787739657898752.000000 -0.047720727 -0.004102075 0.013392832 -0.200855657 0.099357888 -0.114831999 0.967780232
1769787739691232768.000000 -0.047475692 -0.003641288 0.014149828 -0.197967738 0.097547755 -0.115759708 0.968448699
1769787739724565504.000000 -0.047337037 -0.003531614 0.014564979 -0.195937574 0.096208788 -0.116447300 0.968912959
1769787739791234304.000000 -0.047207329 -0.003035593 0.014443615 -0.188981697 0.092793040 -0.117022842 0.970557094
1769787739824566272.000000 -0.046842948 -0.002976092 0.014798081 -0.186013907 0.091094725 -0.117388509 0.971246958
1769787739891232768.000000 -0.046554618 -0.002765172 0.015347312 -0.179202601 0.087300748 -0.117040038 0.972916603
1769787739924564992.000000 -0.046239525 -0.002812878 0.015339468 -0.176410586 0.084935509 -0.118122011 0.973505259
1769787739957899264.000000 -0.045982130 -0.002504072 0.015849294 -0.173302948 0.083216324 -0.118081249 0.974216640
1769787739991232000.000000 -0.045857996 -0.002272664 0.016079821 -0.170332268 0.080713034 -0.118994184 0.974839866
1769787740024565504.000000 -0.045414329 -0.002226121 0.016297717 -0.168776408 0.078699104 -0.120688245 0.975066841
1769787740057899264.000000 -0.045320097 -0.001963028 0.016590409 -0.164755866 0.076446548 -0.119285747 0.976105750
1769787740124565248.000000 -0.045102946 -0.001893394 0.017128164 -0.158835337 0.072669111 -0.120112479 0.977273524
1769787740157898752.000000 -0.044862244 -0.001831297 0.017394960 -0.155772641 0.070581384 -0.120499536 0.977871656
1769787740224565760.000000 -0.044865489 -0.001428178 0.017013891 -0.150372103 0.065200210 -0.120868184 0.979044497
1769787740257897984.000000 -0.044697359 -0.001510531 0.016909726 -0.148426145 0.061391331 -0.122046717 0.979441345
1769787740291232256.000000 -0.044684757 -0.001179036 0.017006710 -0.145433366 0.058153775 -0.120675109 0.980257571
1769787740324561152.000000 -0.044681042 -0.000811050 0.016661540 -0.142218634 0.054258678 -0.120138995 0.981018126
1769787740357893120.000000 -0.044549808 -0.000704200 0.016640931 -0.139129683 0.050377261 -0.118450798 0.981872976
1769787740391226624.000000 -0.044203997 -0.000502282 0.017565805 -0.136318564 0.046118047 -0.118050262 0.982524574
1769787740491225856.000000 -0.044135250 0.000119138 0.017013971 -0.128691450 0.034034781 -0.112246171 0.984723806
1769787740524559104.000000 -0.044153247 0.000166631 0.017097045 -0.127246365 0.029892530 -0.111020595 0.985184908
1769787740557894656.000000 -0.044005733 0.000260786 0.017632650 -0.125186175 0.026939347 -0.108112156 0.985857248
1769787740591226880.000000 -0.043688856 0.000539642 0.017956881 -0.124159701 0.023740940 -0.106285423 0.986267805
1769787740624560128.000000 -0.043588273 0.000826138 0.017980447 -0.122457080 0.021088623 -0.102405228 0.986951232
1769787740657892352.000000 -0.043754190 0.001259741 0.017471701 -0.120644666 0.019523466 -0.096964456 0.987755835
1769787740691226624.000000 -0.043678768 0.001446003 0.016638147 -0.119828880 0.018878531 -0.092860155 0.988261938
1769787740757892352.000000 -0.043426134 0.001720945 0.018038439 -0.118661568 0.019902442 -0.083888240 0.989184558
1769787740824560640.000000 -0.042986717 0.001756357 0.019220944 -0.126617044 0.022891477 -0.082609028 0.988240778
1769787740924559104.000000 -0.042569187 0.002707520 0.021923847 -0.147813320 0.026713323 -0.081989110 0.985248923
1769787741057892864.000000 -0.041180313 0.003554327 0.024572376 -0.158641815 0.027816659 -0.082021005 0.983530164
1769787741091226624.000000 -0.041071091 0.003912230 0.024905767 -0.160326287 0.027027203 -0.083011009 0.983195901
1769787741124559872.000000 -0.040776651 0.005102886 0.025828935 -0.160744280 0.027374748 -0.082159027 0.983189642
1769787741291227648.000000 -0.040615175 0.003832864 0.024805432 -0.160273179 0.023972657 -0.084067963 0.983193994
1769787741324560640.000000 -0.040131189 0.004137504 0.025391404 -0.158959672 0.023148334 -0.084146984 0.983420193
1769787741424558848.000000 -0.039976768 0.004503087 0.024484398 -0.152959064 0.022031516 -0.083670728 0.984437644
1769787741457892352.000000 -0.039784420 0.004526653 0.024575939 -0.150829732 0.021458400 -0.083577126 0.984786689
1769787741491225600.000000 -0.039589260 0.004786391 0.024643319 -0.148129866 0.020902697 -0.083076067 0.985250771
1769787741524558592.000000 -0.039733682 0.004472320 0.024905754 -0.144687280 0.020853873 -0.082471222 0.985814035
1769787741724559360.000000 -0.039057646 0.004853739 0.024785521 -0.130715221 0.019839447 -0.081822969 0.987838507
1769787741757891840.000000 -0.039028876 0.005000315 0.024455309 -0.128477693 0.019849125 -0.082253926 0.988096058
1769787741857892608.000000 -0.039071571 0.005036923 0.025397498 -0.124410063 0.019627849 -0.082269482 0.988619566
1769787742457891584.000000 -0.038343299 0.005501386 0.025753625 -0.111255318 0.014649601 -0.080091782 0.990450859
1769787742524557824.000000 -0.038322236 0.005535775 0.025636865 -0.110736199 0.013610312 -0.079190008 0.990596414
1769787742691225600.000000 -0.038243517 0.005242500 0.025174892 -0.111146048 0.011075257 -0.077829197 0.990689933
1769787742724558336.000000 -0.038186427 0.005276920 0.025059886 -0.111249179 0.010652241 -0.077478141 0.990710497
1769787743024558080.000000 -0.038003579 0.004958838 0.025090871 -0.115504548 0.007348350 -0.076369256 0.990339577
1769787743091225088.000000 -0.038082723 0.004624854 0.024668040 -0.117365628 0.006736679 -0.074703805 0.990252137
1769787743124558592.000000 -0.038097017 0.004537645 0.024763091 -0.117653146 0.006443558 -0.074167766 0.990260243
1769787743157890816.000000 -0.038080234 0.004468572 0.024726728 -0.118730791 0.006312696 -0.074793026 0.990085423
1769787743257890816.000000 -0.038007803 0.003936251 0.024694661 -0.122138299 0.005025575 -0.073830746 0.989750445
1769787743291224832.000000 -0.038026892 0.004009522 0.024531828 -0.122933812 0.004675579 -0.073921777 0.989646912
1769787743391225088.000000 -0.037910011 0.003731168 0.024190659 -0.125752792 0.003680436 -0.073884934 0.989299595
1769787743524557312.000000 -0.038277548 0.002937633 0.023673065 -0.130920395 0.003132702 -0.070700444 0.988863707
1769787743557893120.000000 -0.038019463 0.002285657 0.023401715 -0.133169770 0.002326252 -0.071560599 0.988503695
1769787743691224832.000000 -0.037844963 0.001373700 0.023592012 -0.140313223 0.001024332 -0.070899785 0.987564862
1769787743724557824.000000 -0.038070530 0.000471277 0.023504525 -0.143213466 0.000647898 -0.068308413 0.987331510
1769787743791224320.000000 -0.038001902 0.000353814 0.023603063 -0.147010282 0.000475955 -0.068216182 0.986779809
1769787743824558592.000000 -0.038199455 -0.000062456 0.023485368 -0.148962229 0.000800069 -0.067368895 0.986545026
1769787743857891072.000000 -0.038143173 -0.000317250 0.023518939 -0.151089221 -0.000034055 -0.068016000 0.986177385
1769787743924556800.000000 -0.038119983 -0.001056169 0.022952937 -0.155254781 -0.000508498 -0.066394307 0.985640705
1769787744124557824.000000 -0.038436726 -0.003785362 0.023537673 -0.169978514 0.000368213 -0.060821880 0.983568966
1769787744157890304.000000 -0.038450304 -0.004095404 0.023774385 -0.172256485 0.000369675 -0.059934825 0.983227074
1769787744191224064.000000 -0.038622942 -0.004588383 0.023186313 -0.175312623 -0.000150023 -0.061788820 0.982571959
1769787744257890560.000000 -0.038402271 -0.004982003 0.024937740 -0.178954124 0.000537428 -0.057661641 0.982166111
1769787744291225600.000000 -0.038721975 -0.005651962 0.023994409 -0.182403520 0.000342022 -0.058803115 0.981463730
1769787744324558848.000000 -0.038601853 -0.005546887 0.025158294 -0.184218869 0.001296485 -0.058149979 0.981162786
1769787744357890560.000000 -0.038453057 -0.006146182 0.024768414 -0.186976790 0.000794899 -0.057775505 0.980663598
1769787744391224576.000000 -0.038699958 -0.006678970 0.024659077 -0.188739106 0.001062467 -0.056214172 0.980416477
1769787744457890560.000000 -0.038173590 -0.006963282 0.026062252 -0.194037154 0.001326678 -0.056395411 0.979370892
1769787744557890816.000000 -0.037379097 -0.006839786 0.027863998 -0.201348647 0.001909654 -0.054066654 0.978024483
1769787744591224320.000000 -0.037952863 -0.007757123 0.027037593 -0.204361916 0.000429300 -0.059731174 0.977071285
1769787744624557568.000000 -0.037847508 -0.007860838 0.027489785 -0.206851035 -0.002330391 -0.072275594 0.975696385
1769787744657889792.000000 -0.037666716 -0.008369174 0.028135810 -0.210001677 -0.005829738 -0.083941191 0.974073529
1769787744691224320.000000 -0.037433349 -0.008874824 0.028727228 -0.213181347 -0.007678672 -0.092342876 0.972608626
1769787744724557056.000000 -0.037351258 -0.009026088 0.028965879 -0.215227127 -0.010800727 -0.104856387 0.970858276
1769787744757890048.000000 -0.037214383 -0.008930923 0.028648855 -0.216752023 -0.013714655 -0.116519481 0.969151020
1769787744791223808.000000 -0.036957681 -0.009168750 0.029927395 -0.219635025 -0.015640801 -0.128067315 0.967013240
1769787744824557568.000000 -0.037217762 -0.009926131 0.029521462 -0.221956030 -0.017952612 -0.137939677 0.965083361
1769787744891224576.000000 -0.036793727 -0.010410801 0.030369744 -0.227908522 -0.024079571 -0.162428379 0.959736884
1769787744924557056.000000 -0.036818646 -0.010927249 0.029825583 -0.229438066 -0.026171498 -0.171268776 0.957778811
1769787744957891072.000000 -0.036927614 -0.011014738 0.030305419 -0.231811345 -0.028773157 -0.181360424 0.955271661
1769787744991223552.000000 -0.036350913 -0.011400171 0.031157542 -0.234803528 -0.032229312 -0.192320749 0.952282131
1769787745024556544.000000 -0.036741462 -0.011790501 0.031341050 -0.237023443 -0.034042314 -0.202891096 0.949471533
1769787745057891328.000000 -0.036614548 -0.012019217 0.031563513 -0.238017887 -0.036681946 -0.211821556 0.947171330
1769787745091224320.000000 -0.036903579 -0.012651946 0.031204477 -0.241481438 -0.039037250 -0.222170502 0.943823695
1769787745124557056.000000 -0.036682803 -0.012524237 0.031928126 -0.242569312 -0.040970691 -0.230869487 0.941371799
1769787745291223808.000000 -0.037049435 -0.014070502 0.033024713 -0.252227008 -0.052372895 -0.274414331 0.926463902
1769787745391223296.000000 -0.036693957 -0.015072205 0.033817694 -0.258085102 -0.060295694 -0.298656762 0.916821003
1769787745424557056.000000 -0.037161268 -0.015186504 0.034348607 -0.259278893 -0.060822237 -0.305355996 0.914238930
1769787745457890048.000000 -0.037574414 -0.016218340 0.034002207 -0.261570305 -0.062595889 -0.311765164 0.911298692
1769787745524556032.000000 -0.036997493 -0.016440583 0.034932461 -0.263987720 -0.067620806 -0.326139629 0.905191064
1769787745557890304.000000 -0.037322626 -0.016585434 0.034914091 -0.265416145 -0.069149733 -0.332271636 0.902423501
1769787745591223296.000000 -0.037289198 -0.016772361 0.035023797 -0.266610444 -0.071013100 -0.339711010 0.899150968
1769787745657889536.000000 -0.037992831 -0.017746607 0.033062555 -0.269081742 -0.074489862 -0.352269650 0.893281817
1769787745691223296.000000 -0.038057707 -0.017774999 0.033864908 -0.270121843 -0.076077588 -0.357275456 0.890842676
1769787745724556800.000000 -0.038099233 -0.017567266 0.035299338 -0.271832108 -0.076853551 -0.362886518 0.887983263
1769787745757889536.000000 -0.038097471 -0.017759912 0.035198987 -0.273038268 -0.078398235 -0.369165182 0.884884655
1769787746024556032.000000 -0.039024055 -0.019290447 0.034442369 -0.280631632 -0.085473225 -0.402658284 0.867067754
1769787746057889280.000000 -0.039108083 -0.019203234 0.034824215 -0.281690657 -0.085417710 -0.405163050 0.865561724
1769787746091223552.000000 -0.039701287 -0.019957811 0.032710481 -0.282061368 -0.085766733 -0.407896340 0.864121556
1769787746157888768.000000 -0.039917186 -0.019871209 0.033507690 -0.283668309 -0.085052736 -0.412375093 0.861536503
1769787746257889536.000000 -0.039916608 -0.019965826 0.034468427 -0.285587311 -0.084457256 -0.418206424 0.858143568
1769787746324558080.000000 -0.040163469 -0.020145126 0.034371506 -0.286834240 -0.084195025 -0.421723217 0.856029689
1769787746424556032.000000 -0.040551033 -0.020033846 0.034849983 -0.288559198 -0.082292438 -0.423758715 0.854628623
1769787746591222784.000000 -0.040773716 -0.019464411 0.035806630 -0.289989442 -0.076814741 -0.423303634 0.854879916
1769787746624556288.000000 -0.041065868 -0.019444743 0.035676256 -0.290305108 -0.074901655 -0.422552437 0.855314016
1769787746857888768.000000 -0.041908715 -0.018616550 0.035848763 -0.290491432 -0.061412744 -0.413816094 0.860580862
1769787746991222016.000000 -0.042873643 -0.018202938 0.035670966 -0.289838821 -0.050263923 -0.404505610 0.865934312
1769787747024555776.000000 -0.042486791 -0.018059988 0.035566553 -0.289529502 -0.048347253 -0.402500719 0.867080390
1769787747057888512.000000 -0.043146629 -0.018057330 0.035123989 -0.288895309 -0.045933526 -0.399423391 0.868844390
1769787747091222784.000000 -0.043407612 -0.017831909 0.035315074 -0.288750201 -0.042537734 -0.396402985 0.870447338
1769787747124555776.000000 -0.043251257 -0.017469933 0.035535667 -0.288577229 -0.039814677 -0.392507821 0.872396469
1769787747157888768.000000 -0.043396957 -0.017516874 0.035677623 -0.288181573 -0.037035201 -0.388442338 0.874466896
1769787747257888256.000000 -0.043567225 -0.016697787 0.036444560 -0.286031097 -0.026802395 -0.375621229 0.881122351
1769787747291223808.000000 -0.043797567 -0.016261471 0.036076210 -0.284849018 -0.022618251 -0.369408488 0.884243667
1769787747324557056.000000 -0.043645810 -0.015999980 0.036565349 -0.283819914 -0.019335592 -0.364480495 0.886694074
1769787747357888512.000000 -0.043854535 -0.015634231 0.036666937 -0.282822311 -0.014831943 -0.357838422 0.889799535
1769787747391222272.000000 -0.044096354 -0.015549686 0.036281042 -0.281835973 -0.010557869 -0.350879282 0.892939389
1769787747424555520.000000 -0.044108808 -0.015091911 0.036812432 -0.280329466 -0.005746213 -0.342976123 0.896520913
1769787747457888512.000000 -0.044447418 -0.014620811 0.036508389 -0.278704554 -0.000805522 -0.335830748 0.899744868
1769787747491222016.000000 -0.044573735 -0.014532480 0.036398221 -0.277050525 0.003564148 -0.326804072 0.903564811
1769787747524555008.000000 -0.044571958 -0.014545232 0.036324050 -0.275298446 0.008587284 -0.318235993 0.907117903
1769787747557889024.000000 -0.045674261 -0.013871638 0.035219666 -0.272348702 0.015486558 -0.306357712 0.911993027
1769787747591222016.000000 -0.045053434 -0.013315309 0.036457270 -0.270506829 0.020944728 -0.294988453 0.916170955
1769787747624555776.000000 -0.045426346 -0.013180159 0.035922796 -0.268485248 0.026379662 -0.283432722 0.920263946
1769787747657888256.000000 -0.045869399 -0.013098974 0.035409063 -0.266460568 0.031673711 -0.272964537 0.923843026
1769787747691222784.000000 -0.045320604 -0.012750004 0.036849536 -0.264816761 0.036383331 -0.263369411 0.926922262
1769787747757888256.000000 -0.046239864 -0.012035565 0.035993617 -0.259428203 0.046231747 -0.245877922 0.932793498
1769787747791221760.000000 -0.045434721 -0.011569429 0.037528947 -0.257514566 0.049699027 -0.237840638 0.935226202
1769787747824551680.000000 -0.046035212 -0.011528930 0.036706608 -0.254396051 0.054083087 -0.230087355 0.937772632
1769787747857883648.000000 -0.046683192 -0.011104580 0.036273945 -0.251270026 0.057724182 -0.225880489 0.939419687
1769787747891217664.000000 -0.046576895 -0.011033189 0.036144346 -0.247291937 0.060239885 -0.223113462 0.940977335
1769787747924549632.000000 -0.046641920 -0.010916255 0.036144633 -0.243842825 0.062312249 -0.223133996 0.941737294
1769787747957884160.000000 -0.046828844 -0.010299383 0.036750533 -0.240503341 0.065626666 -0.224221215 0.942112625
1769787747991216128.000000 -0.046300292 -0.009754893 0.037727974 -0.236375183 0.067578487 -0.224922374 0.942851961
1769787748024549632.000000 -0.046778906 -0.009868501 0.036874209 -0.232620731 0.069714487 -0.225437000 0.943507075
1769787748124550144.000000 -0.047278274 -0.009423804 0.036154605 -0.220780611 0.078802876 -0.226248369 0.945440471
1769787748157882624.000000 -0.046912000 -0.008931362 0.037042394 -0.217162192 0.081580214 -0.227629080 0.945711493
1769787748191216896.000000 -0.046810739 -0.008420416 0.037303284 -0.213442519 0.084460534 -0.229431227 0.945869982
1769787748224550400.000000 -0.047219936 -0.008573078 0.036749352 -0.209476769 0.087627120 -0.230464503 0.946217239
1769787748291217152.000000 -0.046667017 -0.008337471 0.037763488 -0.204091981 0.092490204 -0.233654857 0.946148753
1769787748324551168.000000 -0.046535686 -0.008336917 0.037707038 -0.200390100 0.095524400 -0.234532058 0.946421504
1769787748357882624.000000 -0.046745807 -0.008454294 0.037532274 -0.197902769 0.099045753 -0.236796126 0.946019053
1769787748391216640.000000 -0.046480183 -0.008204686 0.037848007 -0.195592791 0.102976434 -0.238597021 0.945627213
1769787748424549888.000000 -0.046520744 -0.008318539 0.037668202 -0.194174975 0.106441841 -0.241724074 0.944741070
1769787748491216384.000000 -0.046265058 -0.007948734 0.038042448 -0.190004975 0.115261085 -0.244873673 0.943742514
1769787748524549120.000000 -0.046197262 -0.007923678 0.037981682 -0.188705355 0.118518122 -0.249637246 0.942350805
1769787748557883136.000000 -0.045803554 -0.007788423 0.038676769 -0.187505141 0.122427449 -0.251445413 0.941609561
1769787748591215872.000000 -0.045659710 -0.007508115 0.038984627 -0.186441109 0.126552299 -0.252937436 0.940875590
1769787748624550144.000000 -0.045762129 -0.007625889 0.038880579 -0.186079398 0.130220279 -0.255596429 0.939727426
1769787748657882624.000000 -0.045627430 -0.007428666 0.039083529 -0.185320288 0.133064434 -0.258809626 0.938598871
1769787748691216896.000000 -0.045617741 -0.006969161 0.039468899 -0.184589535 0.137051865 -0.261982918 0.937287807
1769787748757882368.000000 -0.045510024 -0.006056529 0.039639439 -0.183308303 0.141341329 -0.269655526 0.934722722
1769787748824550912.000000 -0.045864496 -0.005583340 0.039585516 -0.183457211 0.144814610 -0.272760987 0.933259666
1769787748891217152.000000 -0.045787774 -0.005109609 0.039208945 -0.187908456 0.145349190 -0.265539527 0.934372962
1769787748957882624.000000 -0.045345016 -0.004958689 0.040535305 -0.202675313 0.144773930 -0.249885306 0.935692549
1769787748991215616.000000 -0.045233078 -0.004857353 0.040692106 -0.208759069 0.144239649 -0.243001804 0.936250389
1769787749024549120.000000 -0.045877412 -0.004393918 0.040514834 -0.212598830 0.144769326 -0.235620677 0.937190711
1769787749057882112.000000 -0.045280173 -0.004080402 0.040879440 -0.215646550 0.144308552 -0.230691627 0.937791526
1769787749124549632.000000 -0.044935234 -0.003326610 0.041702405 -0.219794169 0.145078778 -0.219836131 0.939316154
1769787749157881600.000000 -0.045534357 -0.003520168 0.040785186 -0.220817015 0.145769641 -0.215090349 0.940067708
1769787749191216128.000000 -0.045266081 -0.002931947 0.041510157 -0.221726462 0.146233350 -0.210518539 0.940816224
1769787749224549888.000000 -0.045024566 -0.002611153 0.041917503 -0.221968248 0.146908715 -0.206346035 0.941578031
1769787749291216384.000000 -0.045588367 -0.002114884 0.041147817 -0.222090974 0.148896202 -0.199268743 0.942760587
1769787749324550656.000000 -0.045780491 -0.002386727 0.040949993 -0.221748382 0.148670450 -0.197204009 0.943310857
1769787749524548864.000000 -0.045316100 -0.001446283 0.042356607 -0.215829268 0.152037844 -0.183921397 0.946823716
1769787749557883904.000000 -0.045392960 -0.001125894 0.042357832 -0.213636771 0.151965156 -0.182863265 0.947537303
1769787749591215616.000000 -0.045369394 -0.000725970 0.042394288 -0.210860789 0.152649760 -0.181182399 0.948371589
1769787749624548864.000000 -0.045287520 -0.000533895 0.042503938 -0.208353758 0.152965605 -0.181148589 0.948881149
1769787749657881856.000000 -0.045565873 -0.000085468 0.041788176 -0.204355404 0.153427467 -0.180115178 0.949872315
1769787749691215872.000000 -0.045553654 0.000056992 0.042447574 -0.201122373 0.154127941 -0.178423464 0.950767815
1769787749724549376.000000 -0.045729883 0.000261292 0.041941792 -0.197934449 0.154233605 -0.179541469 0.951209188
1769787749757882112.000000 -0.045120064 0.000558894 0.042797118 -0.194012061 0.153909266 -0.179217204 0.952130497
1769787750024548864.000000 -0.044770569 0.001347148 0.043915957 -0.174703285 0.155933350 -0.176885039 0.955968201
1769787750057881600.000000 -0.044871759 0.001504579 0.043617524 -0.172812626 0.156556278 -0.177731693 0.956053078
1769787750124548864.000000 -0.044814371 0.001589721 0.043955721 -0.169549778 0.157457426 -0.178085282 0.956423342
1769787750291218688.000000 -0.044943597 0.002043535 0.043946888 -0.161724493 0.160022393 -0.178140983 0.957342029
1769787750357881856.000000 -0.044922356 0.002212191 0.044191912 -0.159709260 0.161266744 -0.178249940 0.957451344
1769787750657881344.000000 -0.045423996 0.002513164 0.044278286 -0.154041260 0.166521683 -0.179625630 0.957223296
1769787750724548608.000000 -0.045635320 0.002584829 0.044303667 -0.153467923 0.168421477 -0.178937063 0.957111955
1769787751057882368.000000 -0.046275914 0.002440973 0.044314727 -0.155095384 0.174243465 -0.180078506 0.955592155
1769787751157880832.000000 -0.046427745 0.002268363 0.044356603 -0.156600028 0.176292002 -0.180890292 0.954817414
1769787751224548864.000000 -0.046481173 0.002165561 0.044370551 -0.157494992 0.177396402 -0.180671602 0.954507053
1769787751391214848.000000 -0.047040600 0.001809548 0.044184633 -0.161563352 0.180962399 -0.180175096 0.953250647
1769787751657880576.000000 -0.047784545 0.001245928 0.044084214 -0.170952618 0.185500041 -0.181163758 0.950549662
1769787751757880576.000000 -0.048128836 0.001038196 0.044670425 -0.175368488 0.188623667 -0.179534361 0.949438989
1769787751791215104.000000 -0.048715897 0.000700135 0.043855429 -0.177140310 0.189412147 -0.179996401 0.948865473
1769787751824548608.000000 -0.048648492 0.000791137 0.044082921 -0.178139344 0.190014288 -0.179232135 0.948702693
1769787751924547328.000000 -0.049015496 0.000018591 0.043524265 -0.184209988 0.190756425 -0.181112602 0.947035849
1769787752191213824.000000 -0.050483089 -0.001744682 0.043219518 -0.200674757 0.195167869 -0.183555245 0.942309260
1769787752224547584.000000 -0.050987389 -0.002217470 0.042744201 -0.202713609 0.196321815 -0.182586685 0.941821158
1769787752257880320.000000 -0.051563494 -0.002362839 0.042236503 -0.204939023 0.197118968 -0.182658643 0.941158831
1769787752324550656.000000 -0.051655862 -0.003121989 0.042399909 -0.209863484 0.198738590 -0.181951001 0.939869225
1769787752424547072.000000 -0.052814759 -0.004282921 0.041460428 -0.217389822 0.199986503 -0.181138158 0.938049078
1769787752457880320.000000 -0.053028449 -0.004220719 0.042058330 -0.219567463 0.201142550 -0.179298371 0.937648058
1769787752491213568.000000 -0.053022351 -0.004288495 0.042004362 -0.221492574 0.201790482 -0.178667694 0.937176347
1769787752524546560.000000 -0.053323746 -0.004744940 0.041510742 -0.223538980 0.201976076 -0.177629083 0.936847866
1769787752624547584.000000 -0.054520551 -0.005709582 0.041270163 -0.230465621 0.205095306 -0.173599496 0.935245812
1769787752691214336.000000 -0.054920420 -0.006166087 0.041359477 -0.234370455 0.205982044 -0.172465682 0.934289813
1769787752724547072.000000 -0.056842618 -0.007070706 0.039259564 -0.236736536 0.205577895 -0.173481882 0.933593929
1769787752791213568.000000 -0.055476483 -0.007247641 0.041210134 -0.241180286 0.207241297 -0.169363946 0.932844579
1769787752857880320.000000 -0.057451311 -0.008120224 0.040368181 -0.245088398 0.208790943 -0.167949334 0.931735516
1769787752924546816.000000 -0.056783125 -0.008956145 0.041802600 -0.250192553 0.208935887 -0.167444825 0.930436313
1769787752957880832.000000 -0.056709483 -0.008893811 0.041411772 -0.251141042 0.208668560 -0.166651934 0.930383146
1769787753057880064.000000 -0.057072889 -0.010412930 0.042530496 -0.259996146 0.210268736 -0.162992090 0.928236365
1769787753091213824.000000 -0.056910485 -0.010851469 0.042259134 -0.261903822 0.210586846 -0.161891356 0.927820444
1769787753124547328.000000 -0.057356566 -0.010658056 0.041760854 -0.262721092 0.210269243 -0.163462564 0.927385807
1769787753157879808.000000 -0.057678729 -0.011148018 0.041893594 -0.265377820 0.210063457 -0.162457883 0.926852405
1769787753291213568.000000 -0.058762573 -0.012696667 0.040364839 -0.274337053 0.210536048 -0.159336627 0.924675941
1769787753324546816.000000 -0.057303209 -0.012905015 0.042605244 -0.276717842 0.210534588 -0.157679200 0.924250901
1769787753357880064.000000 -0.057545654 -0.013061112 0.042501647 -0.278803170 0.210825488 -0.158407986 0.923432887
1769787753391214080.000000 -0.058020063 -0.013738504 0.042260785 -0.281240225 0.210455820 -0.158501253 0.922761977
1769787753424546560.000000 -0.057608042 -0.013706742 0.042269427 -0.283037066 0.209142193 -0.159669429 0.922309756
1769787753557880320.000000 -0.057233259 -0.015109351 0.043633252 -0.291496485 0.207450390 -0.156434819 0.920609713
1769787753591213824.000000 -0.057163581 -0.015322486 0.044480931 -0.293511540 0.207230091 -0.153582066 0.920499444
1769787753624547072.000000 -0.057266161 -0.015826574 0.043488353 -0.295204937 0.207321122 -0.153849006 0.919892669
1769787753657879552.000000 -0.057735734 -0.016410081 0.043153282 -0.297375530 0.205794483 -0.153252363 0.919635892
1769787753924546048.000000 -0.059417650 -0.018886330 0.041292157 -0.310460895 0.202404544 -0.150435328 0.916523695
1769787753957879552.000000 -0.059116393 -0.019494431 0.040838216 -0.311604589 0.201571882 -0.150227636 0.916353106
1769787753991212800.000000 -0.059201524 -0.019910235 0.041433211 -0.314103961 0.200693622 -0.148955703 0.915900111
1769787754024545792.000000 -0.059054844 -0.019338217 0.041792016 -0.314800262 0.199574679 -0.150383845 0.915672183
1769787754057880832.000000 -0.059584651 -0.019702792 0.042106528 -0.315467387 0.199799806 -0.149569362 0.915526807
1769787754091213824.000000 -0.059303306 -0.019931579 0.041514982 -0.315945774 0.199206650 -0.148515061 0.915662766
1769787754257878784.000000 -0.060441583 -0.022212628 0.040510815 -0.321212322 0.194692984 -0.142915860 0.915692329
1769787754657879040.000000 -0.060555201 -0.023029920 0.038685482 -0.326247454 0.183910117 -0.137235969 0.917009234
1769787754691212800.000000 -0.060938284 -0.022911496 0.038248230 -0.326250702 0.182973996 -0.137617484 0.917138159
1769787754724546048.000000 -0.061298300 -0.023527307 0.037634745 -0.326175749 0.181433991 -0.138367519 0.917357922
1769787754791212032.000000 -0.060884289 -0.023681482 0.037976980 -0.326576889 0.179131970 -0.137878090 0.917741179
1769787755091212800.000000 -0.062799051 -0.023795107 0.038149741 -0.322805643 0.167400420 -0.135207579 0.921679199
1769787755124545792.000000 -0.061251044 -0.023191277 0.038800497 -0.322117567 0.165253803 -0.134133369 0.922463953
1769787755157878528.000000 -0.062505141 -0.023647593 0.037816368 -0.320868164 0.163843170 -0.134302020 0.923126280
1769787755191212288.000000 -0.062338281 -0.023586366 0.038250867 -0.320305526 0.162412465 -0.134202704 0.923588753
1769787755257878528.000000 -0.062698744 -0.023904432 0.038553122 -0.318523496 0.160015076 -0.133449823 0.924731910
1769787755291212544.000000 -0.061640803 -0.023268323 0.039246786 -0.317632258 0.158154652 -0.133150890 0.925401390
1769787755357878528.000000 -0.062128086 -0.023294032 0.039056994 -0.315254211 0.155419499 -0.132810950 0.926725864
1769787755391212544.000000 -0.061363064 -0.022662120 0.039463449 -0.313586503 0.153494462 -0.132817239 0.927611232
1769787755424545024.000000 -0.060873665 -0.022731069 0.039196420 -0.312635511 0.151292533 -0.133159265 0.928244710
1769787755524545024.000000 -0.063374937 -0.024167784 0.038564153 -0.308595121 0.147248387 -0.131899357 0.930424392
1769787755557879808.000000 -0.063593276 -0.024704278 0.038588934 -0.307470411 0.145650893 -0.131352276 0.931125343
1769787755591212800.000000 -0.063726254 -0.024440091 0.038549419 -0.305547059 0.143883124 -0.131261766 0.932045579
1769787755624545792.000000 -0.062886216 -0.024514221 0.038062114 -0.303676277 0.141426995 -0.132494003 0.932858229
1769787755657878272.000000 -0.063525289 -0.024161305 0.039253801 -0.302442789 0.140707448 -0.131143466 0.933558345
1769787755724545536.000000 -0.064159736 -0.024709366 0.038204703 -0.298566133 0.136964530 -0.131242290 0.935347199
1769787755757878016.000000 -0.064017758 -0.024719460 0.039283991 -0.297709674 0.135458350 -0.131848976 0.935754180
1769787755791211264.000000 -0.063868955 -0.024708636 0.039418232 -0.296191782 0.133731708 -0.131471813 0.936536908
1769787755824547584.000000 -0.064118907 -0.024965508 0.039300848 -0.294747114 0.131757751 -0.132642865 0.937107205
1769787755857878272.000000 -0.064276353 -0.024916301 0.039225131 -0.291874200 0.131014243 -0.130364761 0.938429415
1769787755924544256.000000 -0.064298473 -0.024999745 0.039651748 -0.288474739 0.127832383 -0.130422711 0.939910233
1769787755957878272.000000 -0.063848473 -0.024636693 0.038979154 -0.285663515 0.125751138 -0.130443633 0.941045940
1769787755991211008.000000 -0.063177936 -0.024449188 0.039711069 -0.285006881 0.124298386 -0.130805284 0.941387832
1769787756057877504.000000 -0.063725002 -0.024499826 0.038412523 -0.281252176 0.122715645 -0.128864378 0.942991078
1769787756091211520.000000 -0.062476888 -0.024124684 0.039745282 -0.279941112 0.119137503 -0.131840736 0.943428457
1769787756124544512.000000 -0.062312663 -0.024359852 0.039509952 -0.278528810 0.117453031 -0.132729083 0.943933010
1769787756157876992.000000 -0.061501011 -0.024079662 0.040105686 -0.275729001 0.115211077 -0.133349076 0.944943368
1769787756191211520.000000 -0.061782919 -0.024063706 0.039405026 -0.272769868 0.113016158 -0.133745149 0.946010649
1769787756224545024.000000 -0.061461568 -0.023838222 0.039703254 -0.269805431 0.110843353 -0.134885952 0.946955442
1769787756257876992.000000 -0.061057013 -0.023529684 0.039546482 -0.266384095 0.108476967 -0.135859907 0.948058188
1769787756291211264.000000 -0.060693055 -0.023447763 0.040066514 -0.263828546 0.106635772 -0.136080235 0.948949695
1769787756324545536.000000 -0.060587551 -0.023139141 0.040239211 -0.259994775 0.104994543 -0.136016995 0.950199068
1769787756357877760.000000 -0.060558848 -0.023143955 0.040422812 -0.257698536 0.103079073 -0.136303574 0.950992882
1769787756391211776.000000 -0.060280502 -0.023069650 0.040356632 -0.254733711 0.100587264 -0.137719050 0.951854229
1769787756491211008.000000 -0.059507430 -0.022462972 0.040115889 -0.245954916 0.093390189 -0.138155103 0.954828620
1769787756524544000.000000 -0.059194535 -0.022039149 0.040486339 -0.242884129 0.091424033 -0.137926534 0.955837488
1769787756557878016.000000 -0.059312575 -0.022125196 0.040373087 -0.239721283 0.089399561 -0.138416544 0.956756175
1769787756591211008.000000 -0.059118070 -0.022108549 0.040518131 -0.236841410 0.087329827 -0.138034955 0.957719207
1769787756657876992.000000 -0.058647901 -0.021976817 0.041294802 -0.230723098 0.082598820 -0.138043717 0.959629238
1769787756691210752.000000 -0.057924785 -0.021867691 0.041874655 -0.228023022 0.078588575 -0.138513312 0.960543275
1769787756757876992.000000 -0.057999238 -0.021367956 0.041375719 -0.222376421 0.071611218 -0.137680694 0.962530315
1769787756791210752.000000 -0.058028467 -0.021169867 0.041311398 -0.219639078 0.068304330 -0.136501372 0.963566601
1769787756857877248.000000 -0.058267795 -0.021300966 0.040741574 -0.213942304 0.060104236 -0.135401443 0.965547860
1769787756957877504.000000 -0.057437301 -0.020559840 0.041125439 -0.206593066 0.046386607 -0.132708222 0.968274832
1769787756991210240.000000 -0.057651158 -0.020733625 0.041024949 -0.204416439 0.042195018 -0.130427331 0.969237983
1769787757057878016.000000 -0.057874732 -0.020457197 0.040259972 -0.199336424 0.037335053 -0.123014271 0.971462071
1769787757124544256.000000 -0.058567338 -0.021388618 0.038021974 -0.197434306 0.034041137 -0.117232732 0.972685695
1769787757157877248.000000 -0.057969786 -0.020559814 0.038923133 -0.196532309 0.033548325 -0.111740805 0.973531485
1769787757191211008.000000 -0.057140358 -0.019350298 0.039224382 -0.195103377 0.033326428 -0.107420087 0.974312544
1769787757224544000.000000 -0.057603136 -0.019568887 0.038770024 -0.194907337 0.034243505 -0.104342595 0.974654377
1769787757357877760.000000 -0.056710929 -0.018256716 0.041114423 -0.216161326 0.040853143 -0.104343116 0.969906092
1769787757457876992.000000 -0.054589964 -0.016176904 0.044789229 -0.228604689 0.040870514 -0.105382420 0.966935396
1769787757491210240.000000 -0.056133818 -0.017137777 0.043017726 -0.231069326 0.041800734 -0.104466461 0.966409028
1769787757557876992.000000 -0.056039251 -0.017699253 0.043115083 -0.234114468 0.041099671 -0.104986332 0.965649605
1769787757624544000.000000 -0.055743687 -0.016304094 0.045333743 -0.236232609 0.041353263 -0.103732586 0.965258300
1769787757691210752.000000 -0.055702638 -0.016634993 0.044864867 -0.236859396 0.039816134 -0.106200114 0.964900970
1769787757757876736.000000 -0.055580597 -0.016289610 0.044671491 -0.235763893 0.040016886 -0.105066039 0.965285003
1769787758357877248.000000 -0.052786496 -0.016447123 0.045195241 -0.205635339 0.032520205 -0.107788168 0.972130775
1769787758691209728.000000 -0.051876456 -0.016321424 0.043854006 -0.199154601 0.028828055 -0.109010130 0.973459423
1769787758791209728.000000 -0.052164450 -0.016450161 0.044287972 -0.197727844 0.029970000 -0.106597856 0.973982811
1769787758824541696.000000 -0.052464675 -0.016638905 0.044873763 -0.197893903 0.029993383 -0.105687179 0.974047542
1769787759057875456.000000 -0.052281596 -0.016378883 0.044494271 -0.196377754 0.028542938 -0.104710475 0.974503398
1769787759424542464.000000 -0.051655322 -0.017228730 0.044307161 -0.201097623 0.025277914 -0.105241038 0.973573387
1769787759824541696.000000 -0.051895142 -0.018977672 0.043324910 -0.211996540 0.024832591 -0.104713693 0.971326888
1769787759891209728.000000 -0.051859699 -0.019021712 0.043753847 -0.214943036 0.024544334 -0.103513256 0.970815182
1769787760157874944.000000 -0.052264586 -0.020310108 0.043397762 -0.224141344 0.026229152 -0.103102244 0.968732536
1769787760291208960.000000 -0.052222334 -0.021260519 0.043420028 -0.229824185 0.026587700 -0.105096266 0.967175663
1769787760457874688.000000 -0.052279327 -0.022115510 0.043922063 -0.237163857 0.027198082 -0.106688365 0.965210438
1769787760491208192.000000 -0.052530419 -0.022212509 0.043893475 -0.238448769 0.028389296 -0.106214158 0.964911819
1769787760624542208.000000 -0.053195529 -0.023086406 0.043953352 -0.244360566 0.030971909 -0.104760028 0.963511288
1769787760657874432.000000 -0.053285055 -0.023332033 0.043566436 -0.245681584 0.031812951 -0.104415424 0.963185310
1769787761024541440.000000 -0.054497119 -0.024902206 0.044243451 -0.258914769 0.038614217 -0.103884093 0.959520817
1769787761224541952.000000 -0.055296645 -0.025842376 0.044087827 -0.265972674 0.043270592 -0.104876772 0.957281053
1769787761291208192.000000 -0.055469200 -0.026121084 0.044331897 -0.267724216 0.044645946 -0.104726873 0.956745923
1769787761324540416.000000 -0.055585850 -0.026280895 0.044355839 -0.268588603 0.045055538 -0.105287790 0.956422865
1769787761691207936.000000 -0.056625128 -0.026983462 0.044940915 -0.277172327 0.052955896 -0.105953358 0.953490973
1769787761757873920.000000 -0.057017133 -0.027118690 0.045077071 -0.278432697 0.054765731 -0.106342189 0.952978134
1769787761991207424.000000 -0.057551514 -0.027334914 0.045259584 -0.280997574 0.058977399 -0.107169338 0.951880693
1769787762291207424.000000 -0.058260031 -0.027403099 0.045534197 -0.283170134 0.064294465 -0.108457290 0.950746000
1769787762357875200.000000 -0.058458630 -0.027393192 0.045500953 -0.283057749 0.065431133 -0.108832181 0.950659096
1769787762424540160.000000 -0.058629800 -0.027279235 0.045418747 -0.283205152 0.066589713 -0.109535970 0.950453877
1769787762657873152.000000 -0.059005354 -0.027244069 0.045565691 -0.283012450 0.069680907 -0.110543169 0.950173020
1769787763224540160.000000 -0.059616912 -0.026626084 0.045631111 -0.280555844 0.075237177 -0.113477491 0.950131953
1769787763357874432.000000 -0.059683487 -0.026518704 0.045574371 -0.279709786 0.075757250 -0.114336491 0.950237095
1769787763391206656.000000 -0.059781611 -0.026401613 0.045671023 -0.279441178 0.076292418 -0.114764564 0.950221658
1769787764257900288.000000 -0.060131982 -0.025753919 0.045455225 -0.275462925 0.078316294 -0.117720172 0.950856864
1769787764724567296.000000 -0.060173456 -0.025536381 0.045427520 -0.274951249 0.077889778 -0.118397698 0.950955868
1769787765057900288.000000 -0.060249139 -0.025496937 0.045460150 -0.274864525 0.077693418 -0.118862204 0.950939059
1769787766624566528.000000 -0.060192093 -0.025572654 0.045366827 -0.274791241 0.077299543 -0.118731804 0.951008558
1769787766724566016.000000 -0.060197886 -0.025598196 0.045373920 -0.274838030 0.077526607 -0.118431322 0.951014102
1769787766824566784.000000 -0.060198322 -0.025552865 0.045344617 -0.274822474 0.077351093 -0.118602619 0.951011479
1769787766891233792.000000 -0.060204159 -0.025529582 0.045443423 -0.274955451 0.077422090 -0.118353993 0.950998247
1769787766924565504.000000 -0.060136173 -0.025490489 0.045414623 -0.274760425 0.077264875 -0.118556686 0.951042116
1769787767057899264.000000 -0.060167801 -0.025584109 0.045338687 -0.274736673 0.077373162 -0.118060872 0.951101899
1769787767157899008.000000 -0.060126040 -0.025579067 0.045369320 -0.274668992 0.077305615 -0.118122429 0.951119304
1769787767457898752.000000 -0.060136136 -0.025438510 0.045329977 -0.274527550 0.077245109 -0.118255936 0.951148450
1769787767691232256.000000 -0.060105361 -0.025565732 0.045294873 -0.274753064 0.077182010 -0.117957063 0.951125562
1769787768191232256.000000 -0.060142890 -0.025563840 0.045416530 -0.274877042 0.077259175 -0.117810816 0.951101601
1769787768924564480.000000 -0.060138971 -0.025591440 0.045315683 -0.274686635 0.077216081 -0.117885828 0.951150835
