1769789857.601678 0.000000000 0.000000000 0.000000000 -0.000000000 -0.000000000 -0.000000000 1.000000000
1769789857.635011 -0.000097140 -0.000017725 -0.000107810 0.000000745 -0.000008512 -0.000039922 1.000000000
1769789857.668359 -0.000095186 0.000185569 -0.000041013 0.000037113 -0.000015029 -0.000137036 1.000000000
1769789857.735017 0.000031303 0.000388328 0.000433248 0.000061884 -0.000120306 -0.000355819 0.999999940
1769789857.768349 0.000270751 0.000569441 0.001258769 0.000060005 -0.000204210 -0.000468251 0.999999881
1769789857.835019 0.000321154 0.000470860 0.001045058 0.000084368 -0.000197461 -0.000420331 0.999999881
1769789857.868353 0.000595331 0.000325419 0.000919296 0.000053554 -0.000212347 -0.000297535 0.999999940
1769789857.901680 0.000263297 0.000626641 0.000955650 0.000118690 -0.000122062 -0.000182106 1.000000000
1769789857.968349 0.000058531 0.000316487 0.000515894 0.000047590 -0.000090828 0.000034954 1.000000000
1769789858.001683 0.000030045 0.000389120 0.000445853 0.000043918 -0.000084057 -0.000007086 1.000000000
1769789858.035008 -0.000543281 0.000510029 0.000768333 0.000101641 0.000027530 -0.000054038 1.000000000
1769789858.101679 -0.000310591 0.000464411 0.001339769 0.000042388 -0.000048592 -0.000009033 1.000000000
1769789858.135009 -0.000160726 0.000614349 0.000896776 0.000091783 -0.000060549 0.000083320 1.000000000
1769789858.168344 -0.000220694 0.000654671 0.001077915 0.000081398 -0.000067824 0.000022055 1.000000000
1769789858.235047 -0.000137508 0.000502807 0.001240122 0.000053165 -0.000067943 0.000118297 1.000000000
1769789858.268349 -0.000238161 0.000558794 0.000703038 0.000085417 -0.000017447 0.000068288 1.000000000
1769789858.301686 -0.000110746 0.001054575 0.001290188 0.000159377 -0.000023661 0.000124990 1.000000000
1769789858.335025 0.000032364 0.000649501 0.001247859 0.000082643 -0.000113861 0.000079531 1.000000000
1769789858.368343 -0.000296770 0.000991376 0.001234293 0.000149720 -0.000006153 0.000084916 1.000000000
1769789858.435035 -0.000241206 0.000861157 0.001444946 0.000127834 -0.000045062 0.000072285 1.000000000
1769789858.501681 -0.000299098 0.000541654 0.001546271 0.000073495 -0.000025285 0.000093991 1.000000000
1769789858.568364 0.000112699 0.000884513 0.001384614 0.000148103 -0.000097641 -0.000007559 1.000000000
1769789858.601693 -0.000195048 0.000886236 0.001026225 0.000109808 -0.000040662 -0.000017281 1.000000000
1769789858.635015 -0.000009791 0.000598627 0.000526202 0.000082551 -0.000016071 0.000028044 1.000000000
1769789858.668359 0.000039159 0.000419599 0.000405464 0.000033200 -0.000035476 -0.000076201 1.000000000
1769789858.735010 0.000085365 0.000281295 0.000340819 0.000025233 -0.000067634 0.000016355 1.000000000
1769789858.801704 -0.000191517 0.000612916 0.000831623 0.000066108 -0.000043363 -0.000141416 1.000000000
1769789858.901680 -0.000453391 0.001237856 0.001990868 0.000187834 -0.000027704 -0.000123634 1.000000000
1769789858.935021 -0.000249066 0.001091083 0.001857987 0.000121461 -0.000109636 -0.000184283 1.000000000
1769789858.968343 -0.000175328 0.001042597 0.002610554 0.000125483 -0.000193449 -0.000287222 0.999999940
1769789859.001678 -0.000528553 0.000889654 0.002583218 0.000063548 -0.000187159 -0.000428285 0.999999881
1769789859.068348 -0.000287389 0.001236030 0.002852817 0.000174419 -0.000203466 -0.000376246 0.999999881
1769789859.101685 -0.000380502 0.001112195 0.003204439 0.000166302 -0.000227815 -0.000484543 0.999999881
1769789859.235015 -0.000943701 0.001760264 0.003036069 0.000244587 -0.000132720 -0.000424599 0.999999881
1769789859.268355 -0.000737040 0.001767581 0.002806879 0.000274623 -0.000159389 -0.000460858 0.999999881
1769789859.301680 -0.000740082 0.001752750 0.003068241 0.000266185 -0.000157989 -0.000523868 0.999999821
1769789859.368350 -0.000906143 0.002193291 0.003495732 0.000314235 -0.000153351 -0.000629564 0.999999762
1769789859.401683 -0.000755587 0.002440846 0.003574369 0.000365737 -0.000170740 -0.000504381 0.999999821
1769789859.435012 -0.000644264 0.001940720 0.003196969 0.000288176 -0.000208329 -0.000469920 0.999999821
1769789859.468367 -0.000545517 0.002088469 0.003765494 0.000319097 -0.000183105 -0.000504125 0.999999821
1769789859.501677 -0.000551460 0.001764846 0.002478443 0.000261754 -0.000201560 -0.000374778 0.999999881
1769789859.535009 -0.000578812 0.001910917 0.002705979 0.000284479 -0.000181471 -0.000339883 0.999999881
1769789859.568346 -0.000902009 0.002173961 0.002998241 0.000300483 -0.000096468 -0.000373044 0.999999881
1769789859.668361 -0.000565490 0.002415506 0.003904564 0.000232134 -0.000352815 -0.000279511 0.999999881
1769789859.701684 -0.000241001 0.002617680 0.004454202 0.000203201 -0.000307698 -0.000101813 0.999999940
1769789859.735017 -0.000029800 0.003005165 0.005480970 0.000172146 -0.000365581 -0.000215816 0.999999940
1769789859.768345 0.000188704 0.002942853 0.005189902 0.000077405 -0.000371572 -0.000077127 0.999999940
1769789859.801683 0.000522381 0.003017527 0.005642581 -0.000063429 -0.000514636 -0.000482233 0.999999762
1769789859.835056 -0.000412301 0.003704335 0.006155105 0.000008190 -0.000424789 -0.000862988 0.999999583
1769789859.935013 0.000630666 0.003269613 0.007318055 -0.000389348 -0.000562332 -0.001041697 0.999999225
1769789859.968346 0.001261183 0.003724389 0.007326160 -0.000180725 -0.000763231 -0.001055348 0.999999166
1769789860.001677 0.002018316 0.002821561 0.006818897 -0.000203320 -0.000864727 -0.001128854 0.999998987
1769789860.035014 0.001730503 0.003007622 0.007997715 -0.000109862 -0.000699650 -0.001184974 0.999999046
1769789860.068352 0.001947521 0.003073178 0.008298416 -0.000046062 -0.000769744 -0.001182702 0.999998987
1769789860.101683 0.002268256 0.003199908 0.009093147 0.000011492 -0.000802107 -0.001172135 0.999998987
1769789860.235007 0.003267671 0.003539841 0.009784313 0.000874923 -0.001252797 -0.001483608 0.999997735
1769789860.268344 0.003839325 0.002770526 0.009369999 0.000955418 -0.001437656 -0.001296993 0.999997675
1769789860.301672 0.004540369 0.002714088 0.009773974 0.001067286 -0.001533059 -0.001467845 0.999997199
1769789860.335007 0.005235637 0.002374896 0.009531931 0.001077385 -0.001773827 -0.001547123 0.999996662
1769789860.368341 0.006051097 0.001312596 0.009130942 0.001070621 -0.001940382 -0.001247359 0.999996781
1769789860.401683 0.006345615 0.000996074 0.009506750 0.001196414 -0.002095610 -0.001167011 0.999996424
1769789860.535016 0.016743198 -0.006997655 -0.001517985 0.001048122 -0.004039911 0.001298186 0.999990463
1769789860.568345 0.017157638 -0.006271220 0.002300155 0.001263666 -0.003997733 0.001174924 0.999990523
1769789860.601693 0.017764775 -0.006412987 0.002558169 0.001432902 -0.004099971 0.001281576 0.999989748
1769789860.668344 0.018696038 -0.006096669 0.002489559 0.001411035 -0.004139201 0.001169389 0.999989808
1769789860.701699 0.019306896 -0.005526589 0.003127674 0.001375162 -0.004085054 0.000918768 0.999990344
1769789860.835013 0.023129208 -0.006208090 0.006306645 0.001179794 -0.004050946 0.000542256 0.999991000
1769789860.868347 0.023358479 -0.009077910 0.006616092 0.000916455 -0.003767612 -0.000034904 0.999992490
1769789860.901678 0.025067531 -0.009649217 0.006528866 0.000852181 -0.003921498 0.000204216 0.999991953
1769789860.935011 0.027083384 -0.010745128 0.004904238 0.000806933 -0.004319787 0.000240693 0.999990344
1769789860.968397 0.028706707 -0.011011099 0.005903908 0.000948087 -0.004466076 0.000382726 0.999989569
1769789861.001687 0.028764039 -0.010066953 0.007901435 0.001661269 -0.004146204 -0.000249331 0.999990046
1769789861.168342 0.037410870 -0.012957539 0.013376247 0.001760681 -0.004685585 0.000583936 0.999987304
1769789861.201681 0.040121399 -0.015379355 0.011199767 0.001579656 -0.005158332 0.001083559 0.999984860
1769789861.235016 0.040575135 -0.015530580 0.013333852 0.001835787 -0.004971090 0.001177434 0.999985337
1769789861.268339 0.041943274 -0.015961474 0.014094357 0.001978766 -0.004948469 0.001058291 0.999985278
1769789861.301709 0.043423310 -0.016822502 0.012809386 0.001839833 -0.005183779 0.000893446 0.999984503
1769789861.335019 0.044653911 -0.016869986 0.015442712 0.002016638 -0.005078019 0.001364394 0.999984145
1769789861.435034 0.050073024 -0.017589098 0.014215415 0.002271382 -0.004710841 0.000894792 0.999985933
1769789861.468349 0.053536147 -0.021280209 0.013116449 0.001631009 -0.005141953 0.001924733 0.999983609
1769789861.501675 0.055670008 -0.022087529 0.013368418 0.001674482 -0.005274209 0.002323846 0.999981999
1769789861.535011 0.057705615 -0.022489440 0.014861380 0.001632780 -0.005408767 0.002459164 0.999981046
1769789861.568350 0.060093235 -0.023515066 0.013504631 0.001547988 -0.005532219 0.002774084 0.999979675
1769789861.635017 0.063607395 -0.025073744 0.014672138 0.001801414 -0.005406591 0.002911305 0.999979615
1769789861.768341 0.069809340 -0.025849013 0.008222242 0.002701576 -0.004234294 0.001839752 0.999985695
1769789861.801679 0.072630100 -0.026352996 0.007801313 0.002847300 -0.004302567 0.002141375 0.999984443
1769789861.835011 0.078130536 -0.029809000 0.006466032 0.002305270 -0.005173437 0.002706451 0.999980330
1769789861.868342 0.082320839 -0.030507352 0.004800966 0.002328631 -0.005331553 0.003080668 0.999978364
1769789861.935007 0.086265519 -0.031197269 0.004993175 0.002528971 -0.004949342 0.003276389 0.999979198
1769789862.035008 0.090520173 -0.030511003 0.007053317 0.002714962 -0.003946196 0.002511068 0.999985397
1769789862.068340 0.092891000 -0.029735813 0.007070709 0.003031946 -0.003854167 0.002500846 0.999984920
1769789862.101675 0.094446547 -0.030132217 0.008045055 0.003013846 -0.003469668 0.002498515 0.999986351
1769789862.135019 0.096902117 -0.029996721 0.009793945 0.003023159 -0.003534668 0.002327222 0.999986529
1769789862.168345 0.098064162 -0.028658375 0.009748251 0.003495530 -0.003318155 0.002183907 0.999985993
1769789862.201681 0.101095624 -0.029643614 0.011024574 0.003330261 -0.003237199 0.002086818 0.999987066
1769789862.301674 0.107232027 -0.025398079 0.017882142 0.003902593 -0.002260049 0.001834820 0.999988139
1769789862.335007 0.109129839 -0.023896985 0.020049918 0.004066076 -0.002238940 0.001871029 0.999987483
1769789862.368349 0.110482655 -0.021900967 0.019608255 0.004275291 -0.001973510 0.001548411 0.999987781
1769789862.401674 0.110900454 -0.018936653 0.025467971 0.004385009 -0.001236524 0.001426273 0.999988675
1769789862.435027 0.115667924 -0.017082455 0.024745464 0.004537691 -0.001553312 0.001733093 0.999987006
1769789862.468351 0.116265394 -0.016535159 0.027387774 0.004656897 -0.001195919 0.001834195 0.999986768
1769789862.568352 0.125850931 -0.016770665 0.026196262 0.005482942 -0.000380766 0.002938532 0.999980628
1769789862.601672 0.127924100 -0.015644042 0.028529810 0.006029002 -0.000205008 0.002704617 0.999978125
1769789862.635008 0.132853940 -0.013199323 0.029124772 0.006693403 -0.000341562 0.003078691 0.999972880
1769789862.668356 0.134615541 -0.011721734 0.029098019 0.007014347 0.000017397 0.002945805 0.999971092
1769789862.701695 0.137187257 -0.010313830 0.030954001 0.007187408 0.000570822 0.002924162 0.999969780
1769789862.735022 0.141359374 -0.010178956 0.030083876 0.007015858 0.000450228 0.003361104 0.999969661
1769789862.835013 0.141947463 -0.007735717 0.034350198 0.006726637 0.002059383 0.001801414 0.999973655
1769789862.868351 0.145056203 -0.006980751 0.036196508 0.006744295 0.002193171 0.001750472 0.999973357
1769789862.901681 0.148773253 -0.002349223 0.036109075 0.007625212 0.002244011 0.001726245 0.999966979
1769789862.968381 0.154122487 0.003030596 0.039526764 0.008074790 0.002883625 0.001925486 0.999961376
1769789863.001681 0.156243101 0.005043366 0.042497441 0.008414109 0.003273833 0.001893781 0.999957442
1769789863.035015 0.160174966 0.008229849 0.041994352 0.008476087 0.003258609 0.001545562 0.999957621
1769789863.101689 0.168676883 0.012933955 0.038629696 0.009361790 0.004140644 0.001159630 0.999946952
1769789863.135020 0.171191961 0.015251432 0.039211802 0.009720875 0.004549717 0.001195983 0.999941766
1769789863.168345 0.173274234 0.019702157 0.041264687 0.010297919 0.004975728 0.000799709 0.999934316
1769789863.201683 0.178826600 0.023326084 0.042986874 0.010714130 0.004837379 0.000428559 0.999930859
1769789863.268351 0.184782207 0.027635032 0.047226287 0.010957772 0.005668427 0.000302220 0.999923885
1769789863.301679 0.186964363 0.031428061 0.047955733 0.011319085 0.005897802 0.000173862 0.999918520
1769789863.368361 0.194016203 0.030939339 0.041903093 0.009352976 0.006271110 0.001672944 0.999935210
1769789863.401684 0.196941584 0.033155888 0.041289560 0.009382708 0.006340644 0.001547091 0.999934733
1769789863.435016 0.198037058 0.035848789 0.043347016 0.009534432 0.006935614 0.001365619 0.999929607
1769789863.468351 0.200677380 0.038111996 0.044706084 0.009482830 0.007406129 0.001047862 0.999927104
1769789863.535016 0.207547590 0.046039913 0.048155636 0.010277146 0.008108272 0.001410441 0.999913335
1769789863.601687 0.213028207 0.054224651 0.046110407 0.010719182 0.009030068 0.002172261 0.999899447
1769789863.635023 0.213768512 0.056891806 0.047266390 0.010363821 0.009730479 0.001919302 0.999897182
1769789863.668345 0.217294380 0.061199293 0.049511310 0.010730867 0.009730047 0.002013410 0.999893069
1769789863.735009 0.223096505 0.071016155 0.056288123 0.011726778 0.010622675 0.002010596 0.999872804
1769789863.768398 0.227834046 0.075211406 0.052535795 0.011560803 0.010673456 0.000704106 0.999875963
1769789863.801682 0.231410652 0.079417758 0.052836131 0.011613443 0.010665984 0.000779298 0.999875367
1769789863.868344 0.235746548 0.087470867 0.058252383 0.012045293 0.011597584 0.000649519 0.999860048
1769789863.901676 0.236042038 0.089559823 0.056300171 0.011814972 0.012131162 0.000588701 0.999856472
1769789863.935014 0.240163550 0.089711659 0.060966052 0.011231697 0.012226547 0.001143947 0.999861538
1769789864.001686 0.248651266 0.109785430 0.062689461 0.012179710 0.012493857 -0.000553551 0.999847651
1769789864.035012 0.250261843 0.111145265 0.063222878 0.011832694 0.013024442 -0.000676833 0.999845028
1769789864.068346 0.252055109 0.113824703 0.062886104 0.011447395 0.013394030 -0.001114529 0.999844193
1769789864.135010 0.255525261 0.122644424 0.068395153 0.011722214 0.014383312 -0.000647858 0.999827683
1769789864.168343 0.258580744 0.124890000 0.069050401 0.011707647 0.014419301 -0.000630259 0.999827325
1769789864.201676 0.265511811 0.133314431 0.071040086 0.011831095 0.013911779 -0.000063459 0.999833286
1769789864.301702 0.269048274 0.136483997 0.070890531 0.010571835 0.015446576 0.000094736 0.999824822
1769789864.335040 0.271643311 0.141681910 0.074963838 0.010764857 0.016274599 -0.000357254 0.999809563
1769789864.368364 0.273219556 0.154360309 0.079404376 0.011878901 0.017399577 -0.001995321 0.999776065
1769789864.435050 0.275789380 0.161398068 0.083204083 0.011946491 0.018426733 -0.002260912 0.999756336
1769789864.468378 0.275130570 0.158794880 0.080582060 0.010502656 0.018444316 -0.001376841 0.999773860
1769789864.501698 0.280242503 0.167950526 0.086715333 0.010814034 0.018079244 -0.002409766 0.999775171
1769789864.568374 0.285585672 0.178803161 0.086551555 0.011209718 0.017553395 -0.002075073 0.999780953
1769789864.635030 0.288172543 0.184975252 0.087566078 0.010489608 0.017651804 -0.002404345 0.999786317
1769789864.668371 0.289362311 0.187243506 0.091169968 0.010249582 0.017897559 -0.002860192 0.999783218
1769789864.701707 0.290962428 0.191855237 0.093350574 0.010224776 0.017946983 -0.003330566 0.999781132
1769789864.735030 0.291648090 0.194607288 0.092009872 0.010074243 0.018164346 -0.003297594 0.999778867
1769789864.801749 0.297447622 0.203045949 0.094224423 0.010033011 0.017225411 -0.002989941 0.999796808
1769789864.868371 0.299248248 0.207650825 0.095103338 0.009305205 0.016836923 -0.003444019 0.999809027
1769789864.901698 0.300504118 0.208617359 0.093871571 0.009054653 0.016427547 -0.003150140 0.999819160
1769789864.935046 0.301890433 0.214783102 0.096800618 0.009306308 0.016328705 -0.004216373 0.999814510
1769789865.001736 0.303842545 0.223194063 0.098000549 0.009748538 0.016186332 -0.005065224 0.999808669
1769789865.035045 0.305191636 0.226437852 0.099101849 0.009858963 0.016228925 -0.005064764 0.999806881
1769789865.068375 0.303162098 0.233076259 0.097658820 0.010764632 0.016915685 -0.005317958 0.999784827
1769789865.135037 0.303824246 0.237655431 0.098363757 0.010565580 0.017417682 -0.006106418 0.999773860
1769789865.168370 0.305359066 0.239629269 0.098970763 0.010401604 0.016912671 -0.006132571 0.999784112
1769789865.201703 0.304925323 0.243997350 0.100123897 0.010790355 0.017056426 -0.006814416 0.999773145
1769789865.301702 0.309783727 0.250503272 0.098860443 0.010576007 0.015109599 -0.007035215 0.999805152
1769789865.335032 0.308461785 0.251226723 0.098680668 0.010047822 0.015361631 -0.007780145 0.999801278
1769789865.368367 0.309391022 0.252705008 0.098808244 0.010112910 0.015070648 -0.007917281 0.999803960
1769789865.435041 0.309289306 0.255707175 0.098873213 0.010243391 0.014882234 -0.007989417 0.999804914
1769789865.468406 0.309254646 0.257765234 0.099224456 0.010326018 0.014752176 -0.008203756 0.999804199
1769789865.535039 0.308684289 0.262082547 0.098422162 0.010921190 0.014644121 -0.008792749 0.999794483
1769789865.568422 0.308078170 0.264170170 0.098891281 0.011303382 0.014533957 -0.008982917 0.999790192
1769789865.635058 0.305711210 0.264658183 0.098603286 0.011614027 0.014153350 -0.009375770 0.999788463
1769789865.668380 0.304903358 0.266771108 0.097330786 0.012016769 0.013735415 -0.009369857 0.999789536
1769789865.701712 0.303953230 0.266662985 0.097162612 0.012164149 0.013247810 -0.009053335 0.999797285
1769789865.735048 0.303361356 0.266851544 0.096707366 0.012815909 0.012286920 -0.008389121 0.999807179
1769789865.801701 0.301005870 0.266790360 0.095388457 0.013149419 0.010798090 -0.008454043 0.999819517
1769789865.835032 0.298255771 0.265363097 0.095074661 0.012968985 0.011189852 -0.008987222 0.999812901
1769789865.901701 0.295682907 0.263266683 0.093843699 0.012603202 0.011915190 -0.009106343 0.999808133
1769789865.935034 0.294338852 0.262086272 0.093298554 0.012801553 0.012085187 -0.009105162 0.999803603
1769789865.968377 0.292318344 0.260439128 0.091359638 0.012960798 0.012042629 -0.009052023 0.999802530
1769789866.001702 0.290316164 0.258937091 0.090488560 0.013178353 0.011955998 -0.008797647 0.999803007
1769789866.068393 0.286119044 0.254497051 0.088620469 0.013579985 0.012003305 -0.008873846 0.999796391
1769789866.101703 0.283612579 0.250121444 0.086634584 0.013248663 0.011956692 -0.008297282 0.999806345
1769789866.168366 0.278289527 0.243961602 0.084617719 0.013371679 0.012145762 -0.008169014 0.999803483
1769789866.235041 0.273801804 0.242609367 0.083876900 0.015257150 0.012193978 -0.008695391 0.999771416
1769789866.268371 0.272233576 0.239695296 0.083091252 0.015627151 0.011810709 -0.008004049 0.999776125
1769789866.301699 0.268144310 0.232097074 0.078308284 0.015025441 0.011913156 -0.007145568 0.999790609
1769789866.335031 0.265240341 0.227705598 0.077381723 0.015290936 0.012110370 -0.006751947 0.999786973
1769789866.401702 0.259049952 0.217954859 0.075191222 0.015605954 0.011922879 -0.006005023 0.999789119
1769789866.435039 0.255958319 0.214205399 0.072328188 0.015975017 0.011813489 -0.006148286 0.999783695
1769789866.501696 0.248886362 0.203052416 0.066105872 0.016750831 0.011611721 -0.003802366 0.999785066
1769789866.535037 0.246782288 0.199952394 0.065983884 0.017522721 0.011197180 -0.003836168 0.999776483
1769789866.601696 0.239499047 0.186767101 0.064072631 0.018017422 0.011061191 -0.002570622 0.999773204
1769789866.635044 0.234516069 0.180423245 0.060181044 0.018363027 0.011290988 -0.002271560 0.999765098
1769789866.701704 0.229862571 0.180166364 0.061806194 0.021899592 0.010793000 -0.003947610 0.999694109
1769789866.801707 0.219811127 0.165985882 0.055961639 0.024581907 0.009696100 -0.003577375 0.999644399
1769789866.835039 0.214641452 0.165788159 0.057479188 0.026640689 0.009607264 -0.004763057 0.999587536
1769789866.901704 0.206423715 0.152407691 0.052387908 0.029388029 0.008889296 -0.004633218 0.999517858
1769789866.935038 0.201440930 0.145990252 0.045885839 0.030788226 0.008420715 -0.003685828 0.999483705
1769789866.968369 0.198419705 0.143598795 0.045570981 0.033440754 0.007375597 -0.003496499 0.999407411
1769789867.001698 0.192896008 0.134129941 0.044583961 0.034971528 0.006924128 -0.002993670 0.999359846
1769789867.035031 0.189012423 0.134008020 0.045446761 0.037546612 0.006423376 -0.006145224 0.999255359
1769789867.068377 0.186908409 0.128531158 0.041261673 0.040079650 0.005373619 -0.006165890 0.999163032
1769789867.168369 0.171279877 0.094286285 0.034457184 0.045960192 0.004021198 -0.004008580 0.998927176
1769789867.201703 0.170100316 0.088497169 0.032543145 0.048309606 0.001948586 -0.003106917 0.998825729
1769789867.235034 0.165215775 0.074599393 0.025305668 0.049270727 0.000187346 -0.002919544 0.998781204
1769789867.268364 0.158703178 0.068496421 0.029346086 0.052064281 -0.001508269 -0.003103509 0.998637795
1769789867.301699 0.156437337 0.059765898 0.026883245 0.054094344 -0.004843877 -0.003788171 0.998516917
1769789867.335047 0.154201522 0.055875998 0.027467195 0.057027370 -0.007828905 -0.004513619 0.998331726
1769789867.435035 0.135219544 0.006985034 0.018519389 0.059328355 -0.015984232 -0.002455367 0.998107553
1769789867.535032 0.117331706 -0.035223030 0.016688306 0.062932841 -0.025609598 -0.002194240 0.997686744
1769789867.568369 0.115686662 -0.049763594 0.012253839 0.062814675 -0.029999999 -0.001018107 0.997573733
1769789867.601710 0.111201495 -0.059944380 0.012703081 0.063482277 -0.033185877 -0.000760862 0.997430742
1769789867.635029 0.105515443 -0.077205457 0.012145609 0.063686080 -0.036937729 0.000319970 0.997286081
1769789867.668363 0.097474977 -0.089004517 0.014205402 0.064829715 -0.039534699 -0.000930969 0.997112513
1769789867.835031 0.063531347 -0.154403552 0.011281581 0.060651422 -0.045591261 0.003153503 0.997112334
1769789867.868373 0.062777855 -0.154832855 0.023921460 0.060862027 -0.045459889 0.003337955 0.997104824
1769789867.901706 0.053207390 -0.176532462 0.014106929 0.057455078 -0.043107592 0.006837651 0.997393608
1769789867.935032 0.055213772 -0.174386114 0.034414951 0.057979356 -0.041034810 0.004985271 0.997461677
1769789867.968362 0.038794786 -0.183888525 0.007993919 0.048617505 -0.038007192 0.005119797 0.998080969
1769789868.001699 0.032249399 -0.183015928 0.015136392 0.036015656 -0.036207356 0.003468572 0.998689115
1769789868.101699 0.009468667 -0.198547333 0.020668149 0.001657365 -0.029555028 0.000779232 0.999561489
1769789868.135040 0.003367803 -0.206800833 0.027050890 -0.006939868 -0.028085547 0.001302473 0.999580622
1769789868.168375 -0.002582451 -0.211854637 0.030595612 -0.013559271 -0.026954053 0.000371780 0.999544680
1769789868.201698 -0.013351649 -0.215980589 0.031764049 -0.018788703 -0.024200862 -0.000478313 0.999530435
1769789868.235038 -0.019151220 -0.217932716 0.039922424 -0.023878979 -0.023319889 -0.001154341 0.999442160
1769789868.268373 -0.029231617 -0.229172066 0.038277961 -0.030984664 -0.021176983 -0.000343853 0.999295473
1769789868.368370 -0.044601578 -0.253442317 0.028068485 -0.046529371 -0.018595710 -0.001868045 0.998742044
1769789868.435031 -0.055362660 -0.255822271 0.040477633 -0.051293999 -0.018321916 -0.004244094 0.998506546
1769789868.468369 -0.064300694 -0.261423260 0.047447365 -0.054220211 -0.017174112 -0.006096070 0.998362720
1769789868.501694 -0.074072458 -0.270380318 0.048824705 -0.057297524 -0.015494396 -0.006823140 0.998213649
1769789868.535032 -0.076348081 -0.292127937 0.030399164 -0.062219337 -0.014917579 -0.003465539 0.997945011
1769789868.568370 -0.081281006 -0.293686867 0.037128471 -0.062571302 -0.014393614 -0.004420774 0.997926891
1769789868.601719 -0.091621801 -0.298286200 0.040813532 -0.063554287 -0.012845256 -0.006408150 0.997875214
1769789868.668367 -0.104240194 -0.329147696 0.034031149 -0.067897782 -0.010889805 -0.004049235 0.997624636
1769789868.701703 -0.108743019 -0.333341271 0.035838697 -0.067197978 -0.010768915 -0.004700563 0.997670531
1769789868.735046 -0.115804926 -0.339161515 0.038824748 -0.066392720 -0.009977748 -0.006522793 0.997722387
1769789868.768362 -0.124082081 -0.356832236 0.034258738 -0.068624578 -0.008470434 -0.005077649 0.997593701
1769789868.801704 -0.127680436 -0.358042538 0.037194908 -0.066726908 -0.008000671 -0.005727502 0.997722745
1769789868.835041 -0.135484174 -0.366866022 0.035988186 -0.065787226 -0.006858428 -0.005793088 0.997793317
1769789868.901705 0.137570664 -0.476664186 0.040891066 -0.073720902 -0.036423884 -0.007205175 0.996587574
1769789868.935029 0.134358540 -0.480473489 0.041816682 -0.071498051 -0.035888888 -0.007341977 0.996767879
1769789869.001699 0.301614910 -0.579062700 0.013550525 -0.076560430 -0.055450678 -0.004315748 0.995512486
1769789869.035038 0.300638825 -0.581569076 0.012657282 -0.073399238 -0.055064272 -0.004171246 0.995772660
1769789869.101694 0.300524622 -0.579256594 -0.001173283 -0.066386931 -0.054450978 -0.004051673 0.996298909
1769789869.135031 0.324260533 -0.656965494 0.009060538 -0.072246678 -0.056558788 -0.002384960 0.995779037
1769789869.235036 0.319092959 -0.662883043 -0.007085007 -0.063538276 -0.055416208 -0.001942457 0.996437728
1769789869.268371 0.319992512 -0.660831451 -0.001183703 -0.060689714 -0.055410150 -0.001480970 0.996616423
1769789869.301700 0.330964476 -0.650943100 0.027244987 -0.058140356 -0.057467293 -0.000859860 0.996652663
1769789869.368364 0.331386715 -0.649107933 0.031425297 -0.053668011 -0.057416052 -0.000460276 0.996906698
1769789869.401695 0.245598689 -0.709092200 0.020248940 -0.058472216 -0.048168976 0.001169526 0.997125566
1769789869.435031 0.245477036 -0.708438039 0.019213865 -0.056245085 -0.048309695 0.001140327 0.997246981
1769789869.501701 0.245550245 -0.706052005 0.024899304 -0.052977096 -0.048367713 0.002122177 0.997421443
1769789869.535032 0.244484231 -0.707244337 0.021219647 -0.052298237 -0.047914900 0.002109571 0.997479141
1769789869.568362 0.247825697 -0.706572652 0.022404974 -0.051641427 -0.048440576 0.002410850 0.997487307
1769789869.601699 0.249057889 -0.706231475 0.023476612 -0.050803918 -0.048908502 0.002855052 0.997506320
1769789869.668366 0.249596253 -0.706955671 0.024774861 -0.048308864 -0.049240906 0.002998366 0.997613430
1769789869.701696 0.249232635 -0.705751479 0.024590790 -0.046411950 -0.049486969 0.003255707 0.997690558
1769789869.801701 0.248313084 -0.705033600 0.023814255 -0.042680137 -0.049971491 0.003801271 0.997831106
1769789869.835031 0.246371105 -0.706644356 0.019417001 -0.042229049 -0.049966622 0.004009141 0.997849703
1769789869.868361 0.247053713 -0.705128193 0.025373822 -0.041759465 -0.050081003 0.003996365 0.997863829
1769789869.901695 0.246951059 -0.706756055 0.021292454 -0.041160006 -0.050486580 0.004265408 0.997867167
1769789869.935033 0.230081707 -0.730019927 0.031880964 -0.042682596 -0.048546236 0.003289686 0.997903168
1769789869.968363 0.231164977 -0.729363024 0.029941408 -0.042081140 -0.049100246 0.003780858 0.997899830
1769789870.068362 0.236069158 -0.730339646 0.029749703 -0.041382950 -0.050546311 0.003957892 0.997856200
1769789870.101732 0.237838164 -0.729041457 0.032118991 -0.041100778 -0.050950382 0.004137625 0.997846484
1769789870.135029 0.235785857 -0.731080949 0.029138241 -0.041297533 -0.051207338 0.004381710 0.997824252
1769789870.168363 0.236807346 -0.730121672 0.027832506 -0.041125875 -0.051630575 0.004956227 0.997806847
1769789870.201695 0.236557484 -0.730700612 0.030614784 -0.041449077 -0.051554933 0.004690106 0.997798681
1769789870.235035 0.235526308 -0.729178190 0.031427648 -0.041495677 -0.051689394 0.004736581 0.997789562
1769789870.401698 0.191415578 -0.723831713 0.019571522 -0.042115688 -0.047878820 0.004150743 0.997956276
1769789870.435034 0.190971538 -0.725083470 0.019625995 -0.042875487 -0.048008498 0.004989349 0.997913837
1769789870.468363 0.192833528 -0.726600707 0.024667626 -0.043914706 -0.048309579 0.005658601 0.997850537
1769789870.501695 0.190339088 -0.723263383 0.024810929 -0.043739159 -0.047895487 0.004698372 0.997883201
1769789870.535028 0.189036801 -0.722187996 0.020672822 -0.043972593 -0.048028372 0.004902827 0.997865617
1769789870.568363 0.191113561 -0.719164789 0.027710645 -0.044516183 -0.048567317 0.004134883 0.997818828
1769789870.768370 0.112021290 -0.653957069 -0.005265162 -0.041041464 -0.041841604 0.004304247 0.998271704
1769789870.801701 0.111240782 -0.651821315 -0.009269834 -0.041834693 -0.041931640 0.003870000 0.998236775
1769789870.835039 0.106540553 -0.648467422 -0.016135897 -0.042305119 -0.041767634 0.003253580 0.998226047
1769789870.868373 0.116163440 -0.639000058 -0.007030656 -0.042169627 -0.042725470 0.004850491 0.998184741
1769789870.901712 0.112796932 -0.649172127 -0.002377348 -0.044064067 -0.042854548 0.004006684 0.998101115
1769789870.935044 0.117616780 -0.640621483 -0.008286915 -0.044212934 -0.043187678 0.005343555 0.998073936
1769789870.968376 0.113638207 -0.648557544 0.000167756 -0.045996882 -0.043353409 0.003816488 0.997993112
1769789871.001704 0.108709149 -0.649024725 -0.012139370 -0.047418315 -0.043007407 0.005326511 0.997934639
1769789871.035035 0.116351940 -0.644768775 -0.006060709 -0.048113301 -0.044272646 0.004554285 0.997849882
1769789871.068373 0.104228303 -0.638229549 -0.016715258 -0.047634486 -0.042913467 0.003283937 0.997937202
1769789871.101695 0.103342742 -0.645041525 -0.017612815 -0.049618758 -0.042619154 0.004152657 0.997849882
1769789871.135040 0.105534755 -0.645549297 -0.013781488 -0.050966550 -0.043309782 0.004757221 0.997749507
1769789871.201705 0.104013652 -0.650912404 -0.020169009 -0.054006513 -0.043299325 0.005332333 0.997587144
1769789871.235040 0.103083082 -0.645764887 -0.022608439 -0.054997347 -0.043261457 0.004914239 0.997536778
1769789871.268368 0.101597697 -0.632220268 -0.022877663 -0.054130964 -0.043336198 0.003992061 0.997585058
1769789871.335032 0.102178611 -0.607154906 -0.021356804 -0.053690948 -0.043554965 0.005519491 0.997592032
1769789871.368362 0.101104498 -0.597738087 -0.025857639 -0.053802866 -0.043631800 0.005097757 0.997584879
1769789871.401700 0.099758618 -0.587131619 -0.023659920 -0.053908978 -0.043655906 0.004837329 0.997579396
1769789871.468376 0.102638051 -0.525738418 -0.026448829 -0.048959829 -0.044136245 0.004879068 0.997813225
1769789871.501699 0.103200875 -0.517743707 -0.026856899 -0.049229696 -0.044110488 0.005145230 0.997799754
1769789871.568368 0.102884501 -0.491344005 -0.028404262 -0.048419531 -0.044260845 0.004953179 0.997833729
1769789871.635028 0.103023514 -0.467347741 -0.028998271 -0.047952235 -0.044278353 0.004900107 0.997855723
1769789871.668398 0.103332445 -0.454357862 -0.028551737 -0.047617521 -0.044428695 0.004480842 0.997867107
1769789871.701703 0.103392899 -0.444096923 -0.029683989 -0.047609553 -0.044155061 0.004266820 0.997880518
1769789871.768373 -0.179980785 -0.175131753 0.004460375 -0.019775800 -0.012059460 0.003500524 0.999725580
1769789871.801717 -0.180535346 -0.168570757 0.003764005 -0.020224528 -0.011983414 0.000077631 0.999723673
1769789871.835051 -0.181933135 -0.154946327 0.004673767 -0.019905176 -0.012765628 -0.011746192 0.999651372
1769789871.901726 -0.185926691 -0.132311642 0.000598882 -0.019221874 -0.013770269 -0.036129288 0.999067426
1769789871.935035 -0.188922375 -0.124182813 -0.004079067 -0.019646261 -0.013970812 -0.048371822 0.998538435
1769789871.968370 -0.190604612 -0.109783389 0.002491624 -0.018567489 -0.014160646 -0.062052630 0.997799695
1769789872.035039 -0.194987908 -0.089368001 0.011488774 -0.019172162 -0.014287339 -0.084237687 0.996158779
1769789872.101707 -0.199085295 -0.068006679 0.010514214 -0.018665643 -0.014721321 -0.106906436 0.993984938
1769789872.135037 -0.201573193 -0.060222730 0.009494234 -0.019157367 -0.015026956 -0.118061192 0.992707789
1769789872.168374 -0.204398721 -0.046876665 0.015428808 -0.018354548 -0.014847239 -0.129535303 0.991293788
1769789872.201710 -0.206987500 -0.035448272 0.024105283 -0.018192861 -0.014881602 -0.140654981 0.989779651
1769789872.268377 -0.212533593 -0.004969279 0.071062393 -0.016347157 -0.015866198 -0.164053395 0.986188412
1769789872.301705 -0.210705802 0.004885891 0.064910814 -0.015642282 -0.016844792 -0.174182385 0.984445095
1769789872.401711 -0.209023342 0.040174365 0.065196186 -0.012554713 -0.018631091 -0.201688781 0.979191959
1769789872.435039 -0.208876222 0.047340401 0.068812974 -0.013154471 -0.019026484 -0.210159570 0.977393448
1769789872.468393 -0.209687904 0.055595346 0.070916146 -0.013373494 -0.018272199 -0.216978312 0.975913823
1769789872.501734 -0.209764600 0.064553678 0.070510276 -0.012854862 -0.017845346 -0.225732341 0.973941088
1769789872.535053 -0.210207373 0.063879989 0.038589045 -0.015105790 -0.017434521 -0.235856235 0.971514106
1769789872.568396 -0.208708555 0.070287235 0.035981387 -0.015050306 -0.017709320 -0.243144855 0.969711542
1769789872.701712 -0.200099662 0.104552642 0.038214702 -0.012682391 -0.018247541 -0.267790377 0.963220954
1769789872.735046 -0.196941212 0.113016099 0.043698929 -0.012274175 -0.018429605 -0.274640113 0.961292207
1769789872.768376 -0.198683798 0.120892704 0.040524054 -0.012433978 -0.016848465 -0.284895331 0.958329916
1769789872.801708 -0.196379155 0.126561493 0.041218542 -0.012206886 -0.016783822 -0.289969921 0.956810772
1769789872.835042 -0.193340465 0.132379934 0.041480694 -0.011605533 -0.016520010 -0.294668943 0.955386102
1769789872.868370 -0.190747291 0.137450993 0.041333899 -0.011677246 -0.016146293 -0.299286962 0.953955054
1769789872.968442 -0.182365656 0.145403296 0.039964385 -0.012378366 -0.015928153 -0.312275380 0.949777484
1769789873.001703 -0.179836541 0.149747327 0.037644356 -0.012184875 -0.015944066 -0.315080017 0.948852956
1769789873.035043 -0.177146971 0.153250977 0.035277244 -0.012174260 -0.015718494 -0.318192124 0.947817802
1769789873.068387 -0.172522232 0.157527745 0.029340373 -0.011864139 -0.015854726 -0.320078671 0.947184086
1769789873.101705 -0.169670671 0.161167726 0.022829387 -0.011779291 -0.015409415 -0.322535545 0.946358681
1769789873.135038 -0.163336381 0.163467258 0.017069316 -0.011308433 -0.016115008 -0.324587077 0.945650995
1769789873.235034 -0.153106838 0.167943865 0.011285594 -0.011055725 -0.016321853 -0.332717240 0.942820609
1769789873.301703 -0.145360634 0.169557393 0.004744005 -0.010938277 -0.016317368 -0.335495740 0.941836894
1769789873.335047 -0.138242334 0.171148255 0.000967729 -0.010380490 -0.016718326 -0.336082727 0.941626906
1769789873.368374 -0.132420540 0.171557367 0.001551342 -0.010062419 -0.017282788 -0.336826950 0.941354215
1769789873.401810 -0.130835801 0.167559773 0.009068931 -0.011496665 -0.016687697 -0.337461352 0.941121280
1769789873.435048 -0.125601590 0.167705804 0.010466553 -0.011110322 -0.016781667 -0.338060021 0.940909326
1769789873.501709 -0.109127119 0.163446173 0.008484533 -0.010819962 -0.018373368 -0.336316079 0.941507757
1769789873.568368 -0.099207804 0.156532913 0.006173925 -0.011815769 -0.018451754 -0.335287005 0.941861212
1769789873.601702 -0.090517484 0.153584898 0.005518817 -0.011591361 -0.018803343 -0.332895339 0.942705035
1769789873.635070 -0.083994001 0.151832998 0.009044413 -0.011025844 -0.019011797 -0.331161082 0.943318248
1769789873.668370 -0.077652849 0.144695893 0.003259426 -0.011893131 -0.019018587 -0.329075724 0.944037139
1769789873.701703 -0.070065260 0.141360968 0.007081734 -0.011979951 -0.019259585 -0.326102316 0.945062399
1769789873.768381 -0.057268869 0.139257267 0.012779134 -0.010589884 -0.018451035 -0.321208596 0.946769476
1769789873.868380 -0.031919777 0.121113680 0.010589824 -0.010743465 -0.019165840 -0.309015632 0.950803161
1769789873.901714 -0.030240539 0.114461482 0.013722284 -0.011724615 -0.018093430 -0.304405123 0.952298701
1769789873.935045 -0.012354101 0.105721682 0.002260557 -0.011228834 -0.019873954 -0.297472775 0.954457402
1769789873.968371 -0.014111983 0.100583076 0.009606463 -0.011877220 -0.018013828 -0.292703778 0.955959737
1769789874.001709 -0.000565073 0.093543611 0.007004654 -0.011431349 -0.019137258 -0.284615517 0.958382607
1769789874.068367 0.015627032 0.074950449 -0.002619575 -0.012137922 -0.018452210 -0.271100968 0.962297559
1769789874.135047 0.032659721 0.058716092 0.004144220 -0.012218192 -0.017700747 -0.252381444 0.967388749
1769789874.168381 0.042777680 0.051513091 0.008116788 -0.011955114 -0.017743068 -0.239985764 0.970540643
1769789874.201710 0.051475760 0.041709788 0.002342763 -0.012175719 -0.017690144 -0.231826499 0.972520113
1769789874.235037 0.061207306 0.033327710 0.007152120 -0.012167745 -0.017803529 -0.220035806 0.975253403
1769789874.268373 0.073423311 0.019677795 0.021832664 -0.013156136 -0.018017270 -0.209738538 0.977503002
1769789874.301701 0.081903741 0.013169203 0.030078283 -0.012182000 -0.017682694 -0.199174121 0.979728878
1769789874.368377 0.107539505 -0.002485662 0.040576812 -0.010937376 -0.018452812 -0.178779557 0.983655274
1769789874.401709 0.114698634 -0.007008255 0.046280812 -0.009762333 -0.017558482 -0.169732690 0.985285401
1769789874.435041 0.128692478 -0.022224465 0.047732037 -0.011241814 -0.019066930 -0.159986198 0.986871064
1769789874.468381 0.134113014 -0.030975994 0.058495276 -0.011239916 -0.017618727 -0.152740404 0.988045335
1769789874.535044 0.150088578 -0.044523373 0.078012981 -0.007789935 -0.016271790 -0.142062977 0.989693224
1769789874.568376 0.156499177 -0.056561522 0.073931947 -0.006414725 -0.015065186 -0.139634520 0.990067720
1769789874.668377 0.197705373 -0.079465710 0.057460025 0.004506984 -0.015787926 -0.134006217 0.990844488
1769789874.701705 0.204100266 -0.083940290 0.064299516 0.009096910 -0.013454798 -0.132966533 0.990987480
1769789874.735037 0.207061499 -0.093368895 0.071795374 0.011611466 -0.010465820 -0.134023204 0.990854919
1769789874.768367 0.212200299 -0.106805481 0.077456057 0.012743750 -0.008054281 -0.134169504 0.990843713
1769789874.801710 0.218494326 -0.112100713 0.085136726 0.016840642 -0.005244389 -0.132881224 0.990975022
1769789874.868371 0.236692697 -0.134200871 0.078035295 0.022349181 -0.001124816 -0.132963821 0.990868270
1769789874.968371 0.255805373 -0.156119034 0.085806951 0.032156453 0.006940234 -0.130444273 0.990909755
1769789875.035039 0.257955909 -0.178796604 0.098086044 0.038404565 0.015750803 -0.131163806 0.990491331
1769789875.068384 0.264040112 -0.188665137 0.093698978 0.041016728 0.019340882 -0.131919920 0.990222573
1769789875.101701 0.272704691 -0.198563024 0.086481847 0.043422095 0.023040889 -0.130850405 0.990182698
1769789875.135035 0.275647223 -0.212823540 0.092276454 0.042998761 0.027974617 -0.128904462 0.990329325
1769789875.168369 0.287056893 -0.216493249 0.091676921 0.045407753 0.031285886 -0.128393322 0.990189135
1769789875.268368 0.288138449 -0.227097720 0.102971792 0.051762104 0.050713394 -0.123864032 0.989649773
1769789875.368416 0.304049045 -0.248052388 0.113018580 0.054550003 0.067361385 -0.122584447 0.988665700
1769789875.401704 0.311120778 -0.256024629 0.120296337 0.054627597 0.073354684 -0.121297985 0.988393545
1769789875.435063 0.316586465 -0.259882987 0.129107982 0.055475254 0.079656214 -0.120195195 0.987993240
1769789875.468415 0.326232404 -0.258717984 0.125547037 0.056788336 0.083603136 -0.118119888 0.987842739
1769789875.568373 0.347092956 -0.283997118 0.136961699 0.052889999 0.096203677 -0.116334349 0.987124026
1769789875.601719 0.364939302 -0.294855744 0.145367831 0.051541697 0.097124763 -0.114318989 0.987340569
1769789875.635052 0.363292187 -0.300210953 0.148379177 0.049475454 0.101167031 -0.115362071 0.986918926
1769789875.668387 0.363057584 -0.308026850 0.138483211 0.047776420 0.102276072 -0.114925377 0.986939311
1769789875.701703 0.362474769 -0.304757982 0.130383879 0.041033372 0.100602262 -0.116432592 0.987238050
1769789875.735038 0.363016665 -0.309359342 0.125105396 0.028312439 0.098086886 -0.112433806 0.988400757
1769789875.801704 0.366973698 -0.314949423 0.100316055 0.003951643 0.086757638 -0.096054845 0.991580069
1769789875.835047 0.375851929 -0.312088192 0.100720219 -0.003796465 0.080255307 -0.087765969 0.992895663
1769789875.868408 0.384241462 -0.313226730 0.101360261 -0.009860160 0.073815085 -0.077554762 0.994202912
1769789875.901706 0.386124671 -0.314328790 0.099624477 -0.015622528 0.068940841 -0.069765940 0.995055735
1769789875.935044 0.352016956 -0.332975000 0.063732974 -0.025293501 0.067153811 -0.063833773 0.995377302
1769789875.968407 0.356764883 -0.333941549 0.064501189 -0.031839073 0.062132079 -0.058635674 0.995835185
1769789876.068387 0.368897676 -0.351125479 0.060810566 -0.048906762 0.050096668 -0.040536322 0.996722281
1769789876.101717 0.373719454 -0.349749446 0.067402333 -0.052390091 0.047327630 -0.034092419 0.996921837
1769789876.135053 0.387124807 -0.350333631 0.065354683 -0.055430599 0.042068649 -0.028257491 0.997175634
1769789876.168375 0.385350466 -0.357581526 0.057648648 -0.059204359 0.039824180 -0.022875305 0.997188926
1769789876.201720 0.376885951 -0.363458365 0.050835948 -0.062356211 0.038380168 -0.019709725 0.997120976
1769789876.235058 0.378695428 -0.362569928 0.059416004 -0.064241402 0.037142724 -0.014993973 0.997130275
1769789876.335046 0.405346215 -0.375979513 0.052601490 -0.068923727 0.027490553 -0.000848630 0.997242808
1769789876.401715 0.411520302 -0.386070818 0.051519416 -0.070233561 0.024703592 0.006941813 0.997200489
1769789876.435037 0.406366616 -0.393354058 0.046855319 -0.071078099 0.024500504 0.008058746 0.997137308
1769789876.468368 0.412579119 -0.400929809 0.042217441 -0.070854202 0.022478763 0.013127929 0.997146964
1769789876.501715 0.415221244 -0.405183554 0.043781370 -0.070847854 0.021820311 0.015448858 0.997128785
1769789876.535041 0.422096908 -0.409710467 0.045718007 -0.070178702 0.020574588 0.018806022 0.997144938
1769789876.601703 0.435676187 -0.409913212 0.045852479 -0.066947713 0.017199533 0.021460373 0.997377396
1769789876.701708 0.431640118 -0.409378082 0.036480512 -0.059727665 0.017248476 0.023029432 0.997800052
1769789876.735035 0.446351349 -0.413004100 0.034249235 -0.057116501 0.014608330 0.025667936 0.997930646
1769789876.768366 0.449963659 -0.429243147 0.043860711 -0.056717038 0.015013789 0.029342255 0.997846067
1769789876.801705 0.459875643 -0.442534894 0.042127330 -0.056443471 0.013839131 0.031041935 0.997827172
1769789876.835033 0.470309675 -0.446177840 0.040308826 -0.054225292 0.012197711 0.031288814 0.997963846
1769789876.901705 0.473946929 -0.432873130 0.042287406 -0.045662753 0.012525409 0.029802633 0.998433709
1769789877.001708 0.489032686 -0.439189315 0.039999515 -0.037094612 0.011407413 0.032854840 0.998706400
1769789877.035056 0.482867062 -0.434231132 0.037411414 -0.034269612 0.012632004 0.030897392 0.998855054
1769789877.068387 0.479154378 -0.440194488 0.031880096 -0.032490157 0.013311164 0.031157838 0.998897672
1769789877.101722 0.467219591 -0.433577776 0.035183825 -0.028317230 0.015503389 0.030729622 0.999006271
1769789877.135055 0.480846971 -0.436590523 0.041493304 -0.027198894 0.013838826 0.032207247 0.999015212
1769789877.168376 0.487531751 -0.439268410 0.046288896 -0.025749324 0.013401561 0.032977924 0.999034524
1769789877.268387 0.478508115 -0.439904362 0.030988002 -0.019979130 0.015565868 0.032801718 0.999140978
1769789877.301713 0.470864713 -0.430357695 0.026595209 -0.017130366 0.016637567 0.031466320 0.999219537
1769789877.335043 0.471487343 -0.431613564 0.023630168 -0.016017713 0.016577123 0.032114621 0.999218345
1769789877.368372 0.474693567 -0.433206439 0.022861978 -0.015021837 0.016533971 0.032833546 0.999211192
1769789877.401719 0.477478027 -0.430585235 0.025203144 -0.013761653 0.016415104 0.032615852 0.999238372
1769789877.435041 0.480120242 -0.422857255 0.026219768 -0.011564994 0.016245209 0.032306366 0.999279082
1769789877.535049 0.481993735 -0.429348826 0.025395537 -0.010345384 0.016267585 0.035722192 0.999175847
1769789877.601707 0.490292311 -0.412484914 0.032145511 -0.007136445 0.015707705 0.034295402 0.999262869
1769789877.635037 0.490356654 -0.410824925 0.030274406 -0.005859708 0.016000990 0.034257211 0.999267817
1769789877.668365 0.489808619 -0.406374723 0.030585060 -0.003964557 0.016617173 0.034575175 0.999256074
1769789877.701708 0.490135103 -0.404530674 0.028831646 -0.003110565 0.016862266 0.033873454 0.999279022
1769789877.735036 0.491825283 -0.401206970 0.029454648 -0.001926593 0.017285252 0.034515306 0.999252856
1769789877.801708 0.494363427 -0.395322114 0.026716938 -0.000499828 0.017542424 0.033912584 0.999270737
1769789877.868375 0.497241259 -0.381441742 0.028757881 0.002094718 0.017727919 0.033022117 0.999295175
1769789877.901701 0.501024961 -0.375302672 0.029027395 0.002930774 0.017470676 0.032948788 0.999300122
1769789877.935038 0.502655268 -0.367251009 0.027605740 0.004285493 0.017244445 0.032829769 0.999303043
1769789877.968375 0.508702517 -0.382577419 0.033074945 0.002011371 0.017024832 0.036132451 0.999199986
1769789878.001699 0.506975114 -0.384529620 0.036735822 0.001284210 0.018287810 0.037187513 0.999140203
1769789878.068367 0.511253715 -0.378338903 0.036229670 0.001845183 0.018263999 0.038108565 0.999105036
1769789878.168370 0.514690459 -0.370649427 0.034432407 0.002104636 0.018249072 0.039249074 0.999060631
1769789878.201708 0.522048354 -0.363290370 0.034243356 0.001491447 0.017524255 0.039209347 0.999076247
1769789878.235040 0.523730040 -0.352710038 0.035044625 0.002532579 0.017270999 0.037920948 0.999128342
1769789878.268374 0.522716165 -0.347256035 0.033922072 0.002908487 0.017728442 0.038082965 0.999113142
1769789878.301704 0.524938941 -0.343773425 0.034912530 0.002565926 0.017460451 0.038138859 0.999116659
1769789878.335050 0.527021468 -0.340547502 0.036214743 0.002442612 0.017541122 0.038565304 0.999099135
1769789878.435036 0.527625740 -0.346115083 0.036586750 -0.000637415 0.018350186 0.042517435 0.998927057
1769789878.468388 0.529451847 -0.343912274 0.037076477 -0.001376298 0.018150087 0.042266238 0.998940587
1769789878.501706 0.529189467 -0.336448848 0.038397886 -0.001363439 0.018231722 0.041222651 0.998982787
1769789878.535072 0.534171700 -0.332069844 0.043295678 -0.001064411 0.018011080 0.043216445 0.998902857
1769789878.568366 0.530384123 -0.328799516 0.040896002 -0.001631188 0.018677562 0.043224297 0.998889446
1769789878.601707 0.529392779 -0.320954025 0.039026532 -0.001450608 0.018834012 0.043155652 0.998889804
1769789878.701710 0.526380479 -0.309346795 0.040400710 -0.003161585 0.020057326 0.043930143 0.998828292
1769789878.735039 0.527178943 -0.303339869 0.043663122 -0.003421973 0.020108212 0.043111313 0.998862088
1769789878.768368 0.528313756 -0.298250586 0.043330934 -0.003918346 0.020148957 0.043468639 0.998843908
1769789878.801719 0.530402899 -0.295514077 0.045113627 -0.004624132 0.019739022 0.043638982 0.998841703
1769789878.835031 0.531672299 -0.290111631 0.044266146 -0.005033001 0.019710751 0.044050701 0.998822153
1769789878.868372 0.529262602 -0.287485689 0.043168548 -0.005453770 0.020147827 0.044986658 0.998769581
1769789878.968365 0.523328364 -0.280150861 0.039064653 -0.008536791 0.021203829 0.045696940 0.998693824
1769789879.001706 0.526530862 -0.275193274 0.043095298 -0.008832219 0.020695476 0.045984186 0.998688698
1769789879.035032 0.527140558 -0.271535754 0.042655285 -0.009439813 0.020498782 0.046056200 0.998683929
1769789879.068364 0.530083895 -0.269738972 0.045347117 -0.010274511 0.020504417 0.048511434 0.998559296
1769789879.135069 0.522956312 -0.261703610 0.043011658 -0.012555595 0.021000633 0.046612758 0.998613358
1769789879.268382 0.522831917 -0.246977448 0.041846801 -0.015799928 0.020522449 0.047684945 0.998526633
1769789879.301695 0.518935621 -0.243752912 0.041532129 -0.016832603 0.021113800 0.047901109 0.998487115
1769789879.335033 0.517675817 -0.239083216 0.041854102 -0.017346650 0.021201126 0.047949791 0.998474061
1769789879.368402 0.513157248 -0.241399676 0.038012456 -0.019200146 0.021777378 0.048081908 0.998421431
1769789879.401690 0.517201781 -0.236542851 0.040568292 -0.019804591 0.020770336 0.048870575 0.998392761
1769789879.468392 0.515529811 -0.228611827 0.039118063 -0.020893672 0.020354096 0.049050864 0.998370230
1769789879.535025 0.513968229 -0.206055135 0.036045201 -0.020309990 0.020403780 0.048374545 0.998414278
1769789879.568367 0.511222720 -0.200721890 0.036047705 -0.021154329 0.020675393 0.047660995 0.998425484
1769789879.601693 0.508313477 -0.195331857 0.036200371 -0.021777943 0.020884955 0.046911824 0.998443186
1769789879.635021 0.511009991 -0.190875277 0.037820529 -0.022147631 0.020058889 0.047870025 0.998406589
1769789879.668370 0.510268688 -0.186467171 0.038693279 -0.022457847 0.020167723 0.048783243 0.998353243
1769789879.768363 0.508253336 -0.176427752 0.037311625 -0.024327628 0.019159976 0.049573597 0.998290360
1769789879.801688 0.505180240 -0.173438489 0.037900172 -0.025259458 0.019225236 0.049166702 0.998286068
1769789879.835027 0.501622617 -0.173648208 0.031957150 -0.026547963 0.019250510 0.049375605 0.998241842
1769789879.901704 0.501583934 -0.167635664 0.036391243 -0.027941223 0.018669199 0.050596289 0.998153687
1769789879.935028 0.503753722 -0.158125967 0.028724516 -0.026783535 0.016471852 0.052041885 0.998149812
1769789879.968358 0.499764144 -0.155284628 0.029541515 -0.027984746 0.016512999 0.051539365 0.998142242
1769789880.035037 0.496468991 -0.148559108 0.032814175 -0.029468514 0.015951367 0.050697181 0.998151779
1769789880.101693 0.495058239 -0.138862714 0.030539243 -0.029110765 0.015707621 0.052683190 0.998063326
1769789880.135022 0.493473619 -0.134223714 0.032052636 -0.029399654 0.015322897 0.051783636 0.998107910
1769789880.168358 0.484693885 -0.135820910 0.019147962 -0.030811556 0.016029593 0.050922468 0.998098493
1769789880.201697 0.484407872 -0.132298678 0.014695248 -0.030582745 0.015679345 0.052380148 0.998035669
1769789880.235022 0.483374983 -0.126599789 0.013414604 -0.029894069 0.015633391 0.052974373 0.998025954
1769789880.301687 0.479841620 -0.121343173 0.010884976 -0.031258199 0.014638736 0.052048977 0.998047888
1769789880.368362 0.474929392 -0.118776031 0.006841440 -0.032430138 0.013994949 0.052598726 0.997990906
1769789880.435022 0.468828350 -0.115590952 0.006561909 -0.033787247 0.013372923 0.051875487 0.997992277
1769789880.468357 0.467476726 -0.112204053 0.006357173 -0.033859495 0.012730280 0.051879656 0.997998059
1769789880.501690 0.465456933 -0.108740941 0.010225898 -0.033830263 0.012608850 0.051715393 0.998009026
1769789880.535019 0.464578927 -0.107164986 0.013990488 -0.034487609 0.012182747 0.050998237 0.998028815
1769789880.568358 0.462536156 -0.105056100 0.013810286 -0.034420673 0.011406277 0.052319195 0.997971833
1769789880.668391 0.454465449 -0.095928311 0.022214022 -0.035354763 0.011296428 0.048217356 0.998147070
1769789880.701692 0.455117881 -0.091601700 0.028190041 -0.034926102 0.010621920 0.047845446 0.998187482
1769789880.768355 0.449744999 -0.090063803 0.027685255 -0.035187989 0.009695873 0.048189245 0.998171210
1769789880.801702 0.446316957 -0.086371936 0.026243541 -0.035098705 0.009784386 0.046303336 0.998262703
1769789880.835021 0.445166320 -0.086192079 0.025624180 -0.035463214 0.009753844 0.047748260 0.998182058
1769789880.868365 0.442252010 -0.083623812 0.029897196 -0.035593823 0.009989141 0.047344014 0.998194277
1769789880.935023 0.437647134 -0.080721490 0.030145703 -0.034705248 0.009271633 0.048315983 0.998185992
1769789881.035029 0.433388352 -0.085064597 0.023876654 -0.036055818 0.007149145 0.048766728 0.998133659
1769789881.068386 0.430622071 -0.088985734 0.020342007 -0.036699515 0.006606992 0.049387690 0.998083353
1769789881.101706 0.427548975 -0.087034054 0.021385221 -0.036019955 0.006264712 0.048622526 0.998147905
1769789881.135025 0.423307687 -0.088762634 0.019137906 -0.036092680 0.006346824 0.048650119 0.998143435
1769789881.168355 0.419615000 -0.090314619 0.016834358 -0.036231190 0.006097654 0.048736740 0.998135686
1769789881.201709 0.416351765 -0.092771783 0.015191383 -0.036611900 0.005938607 0.048501879 0.998134196
1769789881.301692 0.410729021 -0.098083504 0.009654648 -0.035969272 0.004945067 0.049979612 0.998090148
1769789881.368367 0.401779711 -0.098790273 0.015117429 -0.035482395 0.005236577 0.048340868 0.998186767
1769789881.435039 0.397471607 -0.101099141 0.015402538 -0.034436226 0.004626292 0.048156153 0.998235404
1769789881.501692 0.391433269 -0.103887975 0.017645409 -0.033954602 0.003813273 0.046868321 0.998316526
1769789881.601720 0.382357746 -0.110936835 0.014327780 -0.033003062 0.003221891 0.046144765 0.998384237
1769789881.668403 0.376832306 -0.121870585 0.007995205 -0.033221934 0.002580244 0.047304254 0.998324573
1769789881.701710 0.372963101 -0.127834648 0.005185006 -0.033192132 0.002282513 0.047707669 0.998307168
1769789881.735049 0.370139003 -0.137071848 -0.001236226 -0.033440631 0.001716549 0.048256185 0.998273671
1769789881.768373 0.361895680 -0.143614858 -0.005784425 -0.033445921 0.002445934 0.049475539 0.998212218
1769789881.801698 0.360529959 -0.150271147 -0.011336542 -0.032995716 0.001700991 0.052255575 0.998087049
1769789881.868354 0.348194629 -0.163197562 -0.006685636 -0.032872576 0.002622814 0.048706304 0.998268664
1769789881.901692 0.347914606 -0.171654329 -0.011202993 -0.033024758 0.001784479 0.049418658 0.998230457
1769789881.935020 0.342898250 -0.180341452 -0.018286088 -0.033190031 0.001684342 0.049446922 0.998223722
1769789881.968354 0.350070745 -0.197234944 -0.036784053 -0.033782892 -0.001124340 0.051154517 0.998118579
1769789882.001697 0.341202378 -0.215747327 -0.037403870 -0.035993394 -0.000191268 0.049610876 0.998119891
1769789882.035028 0.323397815 -0.223533645 -0.029992949 -0.035957113 0.002453648 0.048540723 0.998170793
1769789882.068361 0.327785105 -0.219722494 -0.047245741 -0.032432642 -0.000243804 0.051843978 0.998128414
1769789882.101706 0.315961629 -0.231315151 -0.052160311 -0.033115525 0.000734444 0.050634611 0.998167813
1769789882.201712 0.299653113 -0.262902528 -0.096088417 -0.032940768 -0.000544304 0.049231913 0.998243868
1769789882.235021 0.291586637 -0.272374839 -0.104145594 -0.031676125 -0.000273788 0.051254693 0.998183131
1769789882.268367 0.281455785 -0.281661391 -0.105426878 -0.031139204 0.000344373 0.051846765 0.998169482
1769789882.301687 0.278244793 -0.287366629 -0.120605499 -0.029147437 -0.000232076 0.053534102 0.998140514
1769789882.335029 0.275027692 -0.296661317 -0.128845200 -0.028213577 -0.000559955 0.055126365 0.998080552
1769789882.368363 0.277805507 -0.298734188 -0.135572821 -0.025481353 -0.002075194 0.056280281 0.998087645
1769789882.501687 0.266971231 -0.340433925 -0.174495384 -0.017621078 -0.004733257 0.058868911 0.998098969
1769789882.535031 0.261774778 -0.348416060 -0.179911673 -0.014510614 -0.004956746 0.059284627 0.998123407
1769789882.568353 0.249104068 -0.365352333 -0.191894248 -0.014258525 -0.004414205 0.056820080 0.998272896
1769789882.601714 0.242896348 -0.377461672 -0.205251738 -0.011081091 -0.004931956 0.059528496 0.998152912
1769789882.635040 0.238831684 -0.390302539 -0.202861980 -0.009331943 -0.005821237 0.059004001 0.998197138
1769789882.668366 0.235297203 -0.393672317 -0.206915930 -0.005348349 -0.006562056 0.059579771 0.998187661
1769789882.801696 0.243943200 -0.394117475 -0.214852214 0.009123170 -0.014604316 0.055862654 0.998290002
1769789882.835024 0.243017063 -0.395896465 -0.217482179 0.013211668 -0.016153602 0.056573655 0.998180330
1769789882.868374 0.237192050 -0.401085109 -0.219834924 0.016855298 -0.016059654 0.058682367 0.998005211
1769789882.901688 0.232442096 -0.410696626 -0.221698344 0.020166785 -0.016187660 0.059968691 0.997865319
1769789882.935022 0.230724096 -0.419509619 -0.226398721 0.022704732 -0.016771300 0.063670576 0.997571707
1769789882.968363 0.227556393 -0.416738033 -0.227252752 0.028608741 -0.018141732 0.065808482 0.997257054
1769789883.101696 0.234934956 -0.443262160 -0.249764711 0.035922285 -0.033046022 0.057352327 0.997160137
1769789883.135025 0.225214124 -0.443529814 -0.243880898 0.040902644 -0.034483213 0.059254043 0.996808350
1769789883.168393 0.213884428 -0.450595230 -0.237235382 0.044924431 -0.036218144 0.062207270 0.996393681
1769789883.201688 0.190519050 -0.463770151 -0.219838470 0.046019055 -0.035856865 0.056567930 0.996692836
1769789883.235019 0.183459789 -0.462667435 -0.211616695 0.051903773 -0.039646160 0.057306882 0.996217906
1769789883.268355 0.168182611 -0.481799603 -0.204769954 0.051452909 -0.040613674 0.055874366 0.996283710
1769789883.401687 0.108424440 -0.500177205 -0.096976958 0.051338572 -0.050140880 0.022507550 0.997167826
1769789883.435024 0.087166123 -0.500247478 -0.052132204 0.052184224 -0.053210910 0.003202716 0.997213721
1769789883.501708 0.093448676 -0.504820108 -0.075340450 0.053749096 -0.064030051 0.007613171 0.996470392
1769789883.535030 0.092280217 -0.506679177 -0.068431139 0.054178841 -0.067120634 0.009328426 0.996229112
1769789883.568353 0.086179927 -0.505901337 -0.080277257 0.054880012 -0.068690002 0.009269825 0.996084332
1769789883.701689 0.085783392 -0.510086417 -0.090210602 0.044753652 -0.072534941 0.014930773 0.996249437
1769789883.735024 0.085331224 -0.503421545 -0.077148743 0.031960655 -0.072092675 0.015366941 0.996767342
1769789883.768375 0.089230314 -0.500205159 -0.040297978 0.016710384 -0.071161173 0.017894613 0.997164309
1769789883.801694 0.088861436 -0.500982285 -0.015794499 0.003989876 -0.069078922 0.018515496 0.997431397
1769789883.835019 0.071298249 -0.489410937 -0.005081495 -0.004457093 -0.065854937 0.013375712 0.997729599
1769789883.868361 0.065036170 -0.491677940 0.014486265 -0.013321666 -0.063075379 0.013137284 0.997833371
1769789883.968364 0.042045105 -0.504475236 0.030090414 -0.033801578 -0.055819992 0.010557540 0.997812688
1769789884.001701 0.034425374 -0.506982982 0.028206548 -0.038732804 -0.052781116 0.011568890 0.997787654
1769789884.035033 0.020651069 -0.504226625 0.050415069 -0.044586070 -0.049657859 0.008969694 0.997730315
1769789884.068354 0.022939134 -0.533725798 0.022861142 -0.053211257 -0.049562607 0.004968225 0.997340202
1769789884.101686 0.016943673 -0.537702084 0.027627710 -0.057681583 -0.047767930 0.003186614 0.997186482
1769789884.135024 0.003058214 -0.540347040 0.032109793 -0.061079584 -0.044435069 0.000787005 0.997143090
1769789884.235022 -0.006992762 -0.574215233 0.009064786 -0.071922004 -0.040387642 0.000431444 0.996592164
1769789884.268359 -0.010777574 -0.572927117 0.011407442 -0.071965590 -0.039170031 0.000397094 0.996637583
1769789884.301687 -0.016089378 -0.576490700 0.014791667 -0.072964154 -0.037781496 -0.001130877 0.996618092
1769789884.335025 -0.022829799 -0.576391459 0.019530674 -0.072887935 -0.036610868 -0.003696816 0.996661186
1769789884.368352 -0.027571036 -0.616646826 -0.026270445 -0.079207435 -0.035025023 -0.000452139 0.996242583
1769789884.401692 -0.033531513 -0.618840218 -0.020235782 -0.078987025 -0.032790788 0.001252584 0.996335447
1769789884.501737 0.172916740 -0.714436650 -0.020735981 -0.086425185 -0.056045126 0.002493762 0.994677544
1769789884.535023 0.172650203 -0.714852452 -0.022130003 -0.084199861 -0.055543594 0.001579825 0.994898379
1769789884.568354 0.172313586 -0.716331005 -0.018327303 -0.082858406 -0.054598939 0.002238168 0.995062053
1769789884.601685 0.172346160 -0.717320204 -0.018805088 -0.081039682 -0.053583488 0.002115004 0.995267272
1769789884.635018 0.167479485 -0.722036600 -0.008497626 -0.079267137 -0.052419581 0.001987707 0.995472252
1769789884.668350 0.167101830 -0.722042561 -0.006477371 -0.076325148 -0.051998179 0.001936156 0.995724380
1769789884.801692 0.172032923 -0.717296481 0.005149625 -0.064820677 -0.049808931 0.002143639 0.996650815
1769789884.835057 0.171425492 -0.718264878 0.003293606 -0.062588796 -0.049324863 0.001795740 0.996818185
1769789884.868351 0.202851668 -0.704310536 0.016256556 -0.058553442 -0.051894944 0.002851598 0.996930480
1769789884.901683 0.204607174 -0.700412154 0.023388116 -0.055998981 -0.051898077 0.002715273 0.997077465
1769789884.935020 0.203507975 -0.705156207 0.023897344 -0.055019330 -0.051475320 0.004551913 0.997147202
1769789884.968365 0.203632325 -0.705029130 0.032174207 -0.053670794 -0.050623313 0.005483521 0.997259617
1769789885.068359 0.207028881 -0.709096372 0.035489969 -0.049790371 -0.050316885 0.008187776 0.997457922
1769789885.101688 0.208200291 -0.712248147 0.037499208 -0.049327806 -0.050443113 0.009329170 0.997464418
1769789885.135017 0.207148403 -0.712628305 0.035498109 -0.048588850 -0.049915466 0.008908033 0.997531116
1769789885.168365 0.209127113 -0.711913288 0.037747204 -0.047908474 -0.049721207 0.010101291 0.997562289
1769789885.201695 0.211366653 -0.711994231 0.044467572 -0.047690645 -0.050105177 0.010716413 0.997547090
1769789885.235023 0.208862573 -0.711027443 0.043329377 -0.046977229 -0.049194813 0.010078230 0.997632921
1769789885.368354 0.170219705 -0.714503884 0.016263783 -0.041073769 -0.044901736 0.003779708 0.998139501
1769789885.401690 0.171763152 -0.711765587 0.020309649 -0.039757542 -0.045144234 0.004439069 0.998179197
1769789885.435020 0.172171205 -0.712353945 0.020215970 -0.039272610 -0.045228798 0.004880717 0.998192489
1769789885.468357 0.171701476 -0.712820351 0.020119308 -0.038892716 -0.045251459 0.004275226 0.998209119
1769789885.501687 0.171261743 -0.713885546 0.016541211 -0.038488235 -0.045415137 0.004406148 0.998216748
1769789885.535025 0.171028495 -0.713451505 0.017352067 -0.037936874 -0.045281794 0.004500169 0.998243511
1769789885.701698 0.170833871 -0.712744474 0.017034719 -0.036731668 -0.045679964 0.005111621 0.998267531
1769789885.735044 0.169121146 -0.713466167 0.015582795 -0.036974736 -0.045828253 0.005516347 0.998249590
1769789885.768388 0.167743787 -0.713838637 0.014386518 -0.037229657 -0.045757998 0.005428062 0.998243809
1769789885.801735 0.168119416 -0.714778244 0.012711196 -0.037305672 -0.045801718 0.005758623 0.998237193
1769789885.835054 0.169421896 -0.713668525 0.015915949 -0.037565529 -0.046090171 0.006079415 0.998212218
1769789885.935021 0.169017896 -0.708849669 0.016267821 -0.037813652 -0.046373177 0.005345623 0.998193979
1769789885.968356 0.169063121 -0.710777879 0.014594441 -0.038718410 -0.046681292 0.005164857 0.998145878
1769789886.001687 0.161954582 -0.708495140 0.010318514 -0.038889900 -0.046510655 0.004979719 0.998148084
1769789886.035078 0.162236989 -0.711025178 0.006496153 -0.039798945 -0.047032546 0.006412534 0.998079658
1769789886.068351 0.160736665 -0.711146295 0.002603110 -0.040225949 -0.047059987 0.006387065 0.998061359
1769789886.101689 0.162488848 -0.709970355 0.004177636 -0.040538494 -0.047417585 0.005843503 0.998035133
1769789886.235028 0.161007211 -0.708238602 0.006382758 -0.043188438 -0.047512930 0.005793230 0.997919679
1769789886.268368 0.160037279 -0.710485041 0.000571455 -0.044369906 -0.047798842 0.006348990 0.997850895
1769789886.301712 0.160541534 -0.705827653 0.007473617 -0.044328462 -0.047850724 0.005556949 0.997854948
1769789886.335027 0.162045255 -0.706405938 0.009825503 -0.045214217 -0.048541173 0.006042488 0.997779012
1769789886.368362 0.101890974 -0.673635125 -0.004979723 -0.042511441 -0.041892588 0.005276052 0.998203397
1769789886.401713 0.100841239 -0.668084741 0.000354198 -0.043504938 -0.041924745 0.005574845 0.998157620
1769789886.501692 0.097456567 -0.637035429 0.001628005 -0.042522430 -0.042370886 0.005916575 0.998179138
1769789886.535026 0.092894703 -0.635089934 -0.009030464 -0.043268844 -0.041842803 0.004736978 0.998175621
1769789886.568351 0.097163819 -0.624957085 -0.004185972 -0.043621525 -0.043082226 0.007130829 0.998093367
1769789886.601701 0.092373356 -0.614576280 -0.013259612 -0.042668920 -0.042166702 0.004715449 0.998187959
1769789886.635031 0.092588514 -0.609623373 -0.013088102 -0.043459088 -0.042221159 0.004446966 0.998152792
1769789886.668361 0.086933188 -0.610043466 -0.029195391 -0.044385366 -0.041978307 0.003117412 0.998127341
1769789886.768421 0.085596398 -0.577223599 -0.018797245 -0.044073332 -0.041935824 0.004670604 0.998136818
1769789886.801692 0.083244503 -0.569032550 -0.019196060 -0.044033535 -0.041661900 0.004398848 0.998151302
1769789886.835016 0.083629653 -0.557919800 -0.021066552 -0.043926362 -0.041651249 0.005416769 0.998151481
1769789886.868377 0.082979530 -0.544591486 -0.017102100 -0.043787632 -0.041719593 0.005518530 0.998154163
1769789886.901708 0.083269432 -0.538109064 -0.024402887 -0.044442862 -0.042196102 0.005027553 0.998107791
1769789886.935026 0.080697097 -0.524635434 -0.021554284 -0.044028219 -0.041788071 0.004622703 0.998145223
1769789887.068358 0.079475030 -0.466629863 -0.027182285 -0.041987117 -0.042402986 0.004586400 0.998207390
1769789887.101736 0.079469651 -0.459700257 -0.028778294 -0.042625464 -0.042389747 0.004999483 0.998178959
1769789887.135029 0.078511395 -0.444958299 -0.027437167 -0.042249791 -0.042348348 0.004210658 0.998200357
1769789887.168358 0.077818155 -0.433158368 -0.031341974 -0.041664924 -0.042372212 0.003397394 0.998227000
1769789887.201695 0.078547694 -0.422749847 -0.034468912 -0.041942794 -0.042704344 0.003054091 0.998202324
1769789887.235035 0.076981969 -0.411242634 -0.036064424 -0.041489311 -0.042219117 0.002506034 0.998243451
1769789887.335028 -0.068106741 -0.348905325 -0.045841567 -0.038276352 -0.026466873 0.006771269 0.998893678
1769789887.368367 -0.066744365 -0.342613280 -0.046775293 -0.039325960 -0.026710309 0.008184467 0.998835862
1769789887.401700 -0.069145344 -0.329941273 -0.049473915 -0.038854666 -0.026557393 0.002822827 0.998887897
1769789887.435033 -0.072541729 -0.318635136 -0.048568249 -0.038240153 -0.027082380 -0.011836532 0.998831391
1769789887.468363 -0.077655032 -0.307880133 -0.050075512 -0.037832927 -0.027143229 -0.024896165 0.998605072
1769789887.501694 -0.079331771 -0.298319578 -0.054223616 -0.037313737 -0.028264577 -0.037044629 0.998216689
1769789887.601694 -0.061370008 -0.288890541 -0.058499046 -0.038230520 -0.033511300 -0.071040340 0.996177077
1769789887.635024 -0.063019469 -0.276346743 -0.053854819 -0.037818052 -0.033834197 -0.081623472 0.995370626
1769789887.668359 -0.066145495 -0.263660222 -0.051163025 -0.037183162 -0.034496598 -0.093781024 0.994300008
1769789887.701697 -0.067411654 -0.255125940 -0.048047420 -0.037118215 -0.035061859 -0.104430296 0.993220687
1769789887.735024 -0.072358079 -0.243012682 -0.047666367 -0.036657259 -0.035028394 -0.116458051 0.991900623
1769789887.768359 -0.100344069 -0.193419561 0.023967255 -0.032528587 -0.029709782 -0.133870780 0.990019143
1769789887.868356 -0.104330100 -0.159413323 0.019923342 -0.030612219 -0.031494193 -0.165014893 0.985312760
1769789887.901691 -0.104338080 -0.148957223 0.021980064 -0.030295087 -0.031989943 -0.173954099 0.983767688
1769789887.935028 -0.103667609 -0.138515204 0.017547237 -0.029348303 -0.032516379 -0.184317648 0.981890261
1769789887.968357 -0.103048548 -0.128228351 0.016024666 -0.028635446 -0.032614000 -0.193342671 0.980170965
1769789888.001696 -0.101771958 -0.115747601 0.014564453 -0.027752031 -0.032627538 -0.202048078 0.978438556
1769789888.035047 -0.101141542 -0.121990807 -0.006190489 -0.029914383 -0.032797277 -0.212751850 0.976097405
1769789888.135033 -0.101009518 -0.084238045 -0.013144670 -0.027684420 -0.032238569 -0.235021546 0.971060872
1769789888.168361 -0.100195177 -0.074091949 -0.013982220 -0.026593128 -0.032555457 -0.244698450 0.968687594
1769789888.201692 -0.096288621 -0.079936258 -0.012759271 -0.027604835 -0.033192750 -0.250496119 0.967154562
1769789888.235023 -0.096965946 -0.075306781 -0.006298330 -0.028879931 -0.033706892 -0.259598523 0.964696050
1769789888.268360 -0.094610155 -0.066437088 -0.005191660 -0.027047392 -0.033360559 -0.263331741 0.963748932
1769789888.301692 -0.092834294 -0.060093857 -0.008444242 -0.026702100 -0.033418037 -0.269973725 0.961917102
1769789888.401696 -0.085552633 -0.043169938 -0.009940082 -0.026345450 -0.033840876 -0.286753505 0.957043946
1769789888.468356 -0.081081726 -0.030619068 -0.000164734 -0.026644224 -0.033479769 -0.300604582 0.952788591
1769789888.501691 -0.075036786 -0.028789464 -0.007636509 -0.025937473 -0.033845536 -0.303259134 0.951953590
1769789888.535025 -0.076069809 -0.020908782 -0.001622998 -0.026536152 -0.032891750 -0.308529198 0.950275660
1769789888.568357 -0.072200082 -0.015327976 -0.002586442 -0.025976477 -0.032831330 -0.311543465 0.949309289
1769789888.601743 -0.067978404 -0.010745647 -0.003375886 -0.025649277 -0.032893494 -0.314444214 0.948359132
1769789888.701690 -0.060714908 -0.004675442 -0.005328316 -0.024770677 -0.033539478 -0.325949401 0.944467306
1769789888.735070 -0.057739481 -0.001016038 -0.006555032 -0.024738314 -0.033412557 -0.328719825 0.943512022
1769789888.768366 -0.054139446 -0.001635633 -0.007621814 -0.025303239 -0.033674452 -0.331277460 0.942592740
1769789888.835023 -0.046532467 0.000774975 -0.004427340 -0.025369523 -0.033736736 -0.335167706 0.941212416
1769789888.868371 -0.037071422 -0.000930194 -0.003683991 -0.025252458 -0.035311818 -0.335960567 0.940875053
1769789888.901699 -0.041845091 0.003494287 0.004493411 -0.025865342 -0.033288185 -0.339115679 0.939799726
1769789888.968372 -0.027769823 0.003334141 0.011611792 -0.025893068 -0.034410797 -0.340248913 0.939348817
1769789889.035026 -0.020869821 0.000774358 0.011572608 -0.026500359 -0.033780601 -0.341120720 0.939038515
1769789889.068356 -0.016321246 -0.001163345 0.011697144 -0.026470924 -0.033541575 -0.341080576 0.939062536
1769789889.135024 -0.002958229 -0.007667658 -0.001795513 -0.026770812 -0.034506533 -0.340113968 0.939369559
1769789889.168358 0.002485142 -0.007053140 0.008180466 -0.025520828 -0.034263123 -0.338199973 0.940104008
1769789889.201689 0.013322460 -0.013604078 0.010667981 -0.027133107 -0.035003226 -0.338494539 0.939925551
1769789889.368369 0.036943372 -0.030373259 0.013219094 -0.026787618 -0.033105835 -0.324558675 0.944906414
1769789889.435031 0.050122060 -0.038376369 0.015504868 -0.026583422 -0.032528047 -0.317420393 0.947353959
1769789889.468367 0.059272625 -0.045280706 0.017471416 -0.026917068 -0.032912463 -0.312417418 0.948993027
1769789889.501693 0.069039941 -0.051432479 0.016944939 -0.026537316 -0.033486802 -0.305509776 0.951229870
1769789889.535024 0.077240154 -0.058197781 0.021744773 -0.026480578 -0.033539601 -0.299137741 0.953252614
1769789889.568360 0.079699807 -0.062411860 0.020462031 -0.026463736 -0.031839933 -0.294469088 0.954763830
1769789889.601700 0.080061674 -0.074217193 0.011749517 -0.027753502 -0.030633267 -0.289299875 0.956345618
1769789889.668365 0.107773557 -0.095486403 0.019226991 -0.029764637 -0.033160344 -0.270538390 0.961677432
1769789889.701700 0.109018989 -0.102280304 0.014121138 -0.029528780 -0.030977948 -0.263429224 0.963728964
1769789889.735039 0.119020931 -0.107345693 0.015605190 -0.028497027 -0.030624036 -0.252892345 0.966589630
1769789889.768356 0.108325675 -0.115519606 -0.010936416 -0.028973645 -0.025226444 -0.247271791 0.968184352
1769789889.801729 0.127526075 -0.116937056 0.001427952 -0.026697421 -0.026486840 -0.234599039 0.971364498
1769789889.835028 0.133718893 -0.124859735 -0.013727037 -0.025944531 -0.025943736 -0.224496514 0.973783910
1769789889.901691 0.145892099 -0.144322231 -0.026462723 -0.026183737 -0.023550685 -0.206394538 0.977834880
1769789889.968381 0.169632658 -0.161807135 -0.014631923 -0.026477808 -0.023783945 -0.187835485 0.981555462
1769789890.001704 0.181820482 -0.169431284 -0.014284060 -0.025778903 -0.023833457 -0.178748503 0.983268201
1769789890.035058 0.192022383 -0.181183040 -0.014823287 -0.025954163 -0.023935797 -0.168209597 0.985118806
1769789890.068368 0.199610308 -0.180622682 0.002436903 -0.023697505 -0.022622488 -0.161261111 0.986367881
1769789890.135035 0.217798948 -0.211671606 -0.003432045 -0.024272060 -0.022610618 -0.149520814 0.988202035
1769789890.168357 0.223764881 -0.218178689 -0.007392077 -0.021401435 -0.021198843 -0.148407787 0.988467395
1769789890.268366 0.266946346 -0.250903398 -0.004796569 -0.014100696 -0.023257161 -0.140855670 0.989656508
1769789890.301691 0.274614453 -0.259448677 -0.005660332 -0.011153530 -0.021911660 -0.140472367 0.989779294
1769789890.335032 0.284797102 -0.269947469 0.001492748 -0.008281046 -0.020349795 -0.138576046 0.990108073
1769789890.368358 0.285457313 -0.270962656 0.003775925 -0.003942551 -0.017058140 -0.138426483 0.990217984
1769789890.435044 0.301391363 -0.288883269 0.004440690 0.002287847 -0.012930629 -0.137987405 0.990346968
1769789890.501688 0.318303108 -0.303603202 0.010488016 0.008457107 -0.008009197 -0.135842115 0.990662098
1769789890.568365 0.325089067 -0.319163799 0.025266552 0.014101681 -0.000464192 -0.135688871 0.990651011
1769789890.635048 0.336328328 -0.333974987 0.027415076 0.021101473 0.005713379 -0.134695143 0.990645885
1769789890.668368 0.348493248 -0.345496267 0.025360098 0.023466744 0.008256320 -0.132691830 0.990845144
1769789890.735027 0.359062761 -0.366215348 0.012412115 0.027344039 0.017413644 -0.132792324 0.990613639
1769789890.801696 0.361427009 -0.370811313 0.025194647 0.031325601 0.029135354 -0.133670360 0.990102053
1769789890.868357 0.347605377 -0.374910802 0.070708916 0.035915919 0.045013051 -0.131648481 0.989622414
1769789890.935031 0.360387713 -0.391348094 0.083616838 0.037233446 0.055565383 -0.129383355 0.989336193
1769789890.968357 0.370299906 -0.398149192 0.084813334 0.038316246 0.059986658 -0.128023908 0.989213526
1769789891.001713 0.364297211 -0.393313497 0.094791047 0.040327992 0.068499386 -0.128371090 0.988535464
1769789891.068357 0.381371379 -0.417502165 0.101516157 0.037839949 0.077122450 -0.127146393 0.988156915
1769789891.135027 0.409480214 -0.438299686 0.124707259 0.037094221 0.084123306 -0.121558703 0.988317192
1769789891.201695 0.433025122 -0.445465654 0.153064713 0.034478925 0.089706205 -0.123969465 0.987621188
1769789891.235029 0.442396849 -0.454010367 0.156294733 0.032594047 0.091075540 -0.123753481 0.987586975
1769789891.268360 0.450147957 -0.461624473 0.158653110 0.030822685 0.091738738 -0.123605497 0.987601042
1769789891.301691 0.458957493 -0.448774874 0.143512174 0.023989370 0.088510305 -0.120858118 0.988424897
1769789891.335032 0.468355358 -0.447873145 0.147067025 0.011687682 0.084713414 -0.117092207 0.989432454
1769789891.368364 0.476649910 -0.452899039 0.139929354 -0.002455010 0.079245873 -0.112971067 0.990430057
1769789891.435030 0.493139178 -0.456850260 0.122860253 -0.024573296 0.066726841 -0.102148876 0.992224455
1769789891.468361 0.500346363 -0.454982311 0.125195652 -0.031267591 0.060703937 -0.094886385 0.993143499
1769789891.535038 0.521538734 -0.462072194 0.134215027 -0.043900803 0.049072217 -0.079462416 0.994660974
1769789891.568365 0.535216331 -0.468494624 0.130177826 -0.050928380 0.042086627 -0.073016621 0.995140076
1769789891.601708 0.531795204 -0.482420057 0.148630574 -0.058881570 0.041576579 -0.077613913 0.994374394
1769789891.635023 0.538212836 -0.481406331 0.156182244 -0.063204803 0.038129833 -0.071743734 0.994688034
1769789891.668358 0.552567899 -0.487167388 0.153556764 -0.067909747 0.032700829 -0.063858584 0.995108545
1769789891.735028 0.577509880 -0.506118596 0.143797040 -0.078038342 0.022398770 -0.052361779 0.995322347
1769789891.801709 0.591299653 -0.514533401 0.145617947 -0.083698556 0.016506493 -0.040296044 0.995539248
1769789891.835031 0.601002514 -0.519194424 0.147006422 -0.086209133 0.013249177 -0.034938458 0.995576143
1769789891.868357 0.612360895 -0.523014426 0.153358296 -0.088118292 0.010174845 -0.029451640 0.995622635
1769789891.901692 0.623345792 -0.532033920 0.154632777 -0.090509027 0.006777069 -0.024362043 0.995574594
1769789891.968357 0.643574476 -0.542158604 0.162139803 -0.092497021 0.001340854 -0.014684892 0.995603800
1769789892.001728 0.652775764 -0.548721969 0.176196292 -0.094014190 -0.000792527 -0.010462905 0.995515645
1769789892.101711 0.683825552 -0.565000713 0.182768315 -0.093171000 -0.007534688 0.003787169 0.995614469
1769789892.135022 0.675275803 -0.607175708 0.158326551 -0.100469194 -0.005778480 -0.010920314 0.994863451
1769789892.168362 0.680845559 -0.613335311 0.161944598 -0.099615231 -0.006041170 -0.007291091 0.994980991
1769789892.201691 0.685366750 -0.616023660 0.159579813 -0.097756758 -0.006358517 -0.004890255 0.995178044
1769789892.268360 0.700389862 -0.629919350 0.155179873 -0.095130228 -0.010166104 -0.000145791 0.995412946
1769789892.301691 0.710002303 -0.634640038 0.156439587 -0.091240227 -0.011223697 0.001603874 0.995764375
1769789892.401700 0.720216036 -0.650198221 0.151226580 -0.084968105 -0.012748927 0.004778606 0.996290624
1769789892.468359 0.699321866 -0.628245533 0.151057899 -0.075326137 -0.008920865 -0.001031039 0.997118533
1769789892.501697 0.693401158 -0.639953077 0.143757030 -0.073523059 -0.008124038 -0.001099746 0.997259855
1769789892.568376 0.767855048 -0.687554002 0.162688568 -0.072209895 -0.017078398 0.013118178 0.997156978
1769789892.601694 0.772370696 -0.688334346 0.164347544 -0.069215804 -0.017047238 0.014493116 0.997350812
1769789892.701702 0.785492718 -0.700891912 0.173645675 -0.064876400 -0.017999751 0.014447546 0.997626364
1769789892.735031 0.794431448 -0.705060005 0.173235074 -0.063319236 -0.018993327 0.015610943 0.997690499
1769789892.768362 0.802351832 -0.711598575 0.173971474 -0.062485952 -0.019946940 0.015780352 0.997721732
1769789892.801700 0.810548604 -0.715209484 0.175186574 -0.060928125 -0.021303585 0.017319750 0.997764528
1769789892.835052 0.814040899 -0.717561126 0.184796184 -0.060055207 -0.021456189 0.017511576 0.997810781
1769789892.868383 0.820250809 -0.712886214 0.193797693 -0.057367057 -0.022048462 0.018769659 0.997933149
1769789892.968367 0.840541601 -0.715993047 0.198073983 -0.053109080 -0.021855675 0.021932404 0.998108566
1769789893.001705 0.841560602 -0.713088155 0.198895201 -0.051539231 -0.021573998 0.022109039 0.998193085
1769789893.035031 0.848093688 -0.710918963 0.194072559 -0.049931236 -0.022294272 0.022713833 0.998245418
1769789893.068376 0.849095285 -0.712840974 0.194381356 -0.050062504 -0.021877902 0.022402119 0.998255134
1769789893.101715 0.856583655 -0.713127553 0.186565459 -0.049722973 -0.023326879 0.023222754 0.998220563
1769789893.135034 0.859514952 -0.711156905 0.189305007 -0.049388140 -0.023674160 0.023197971 0.998229563
1769789893.268365 0.873233259 -0.701649368 0.182361186 -0.044949263 -0.023874395 0.024905758 0.998393357
1769789893.301699 0.869486809 -0.696478426 0.184479818 -0.043119553 -0.022910666 0.024257092 0.998512626
1769789893.335034 0.874054432 -0.681754172 0.193399057 -0.039863538 -0.023483621 0.024010940 0.998640537
1769789893.368362 0.877506375 -0.677945077 0.196232438 -0.039432455 -0.023666184 0.023202088 0.998672485
1769789893.401701 0.900073946 -0.679465711 0.192268640 -0.040299803 -0.027056448 0.025797188 0.998488069
1769789893.435022 0.901845872 -0.674288988 0.193004787 -0.039514784 -0.026890984 0.025166087 0.998540044
1769789893.535026 0.907193959 -0.660230994 0.192088172 -0.037143119 -0.026521396 0.025295280 0.998637676
1769789893.601689 0.911153376 -0.648634970 0.190990627 -0.035274703 -0.026812892 0.025148215 0.998701394
1769789893.635021 0.910701454 -0.645273805 0.188249364 -0.035264697 -0.026484407 0.024755334 0.998720348
1769789893.668360 0.913665056 -0.635949790 0.190702423 -0.034222394 -0.026504176 0.024587881 0.998760104
1769789893.735039 0.915826857 -0.623398125 0.188911051 -0.032974724 -0.026294768 0.024532733 0.998808980
1769789893.835033 0.929087698 -0.597595155 0.190825269 -0.032247487 -0.026955489 0.021710968 0.998880446
1769789893.901692 0.930997670 -0.588373661 0.189114720 -0.032623891 -0.027123526 0.021201698 0.998874664
1769789893.935051 0.931699693 -0.582138240 0.188989758 -0.032273579 -0.027164573 0.021034772 0.998888433
1769789893.968357 0.932425678 -0.569710255 0.188974768 -0.030901168 -0.026823083 0.021165879 0.998938262
1769789894.001699 0.930024922 -0.579870343 0.188268393 -0.033327144 -0.026148813 0.023005247 0.998837531
1769789894.035033 0.929978669 -0.589053810 0.186411619 -0.035567924 -0.025924020 0.024774438 0.998723745
1769789894.101697 0.927873909 -0.575851798 0.183419049 -0.035296593 -0.025010554 0.024957035 0.998752117
1769789894.168391 0.891832113 -0.533332169 0.150306821 -0.030334614 -0.021169646 0.024496811 0.999015331
1769789894.201694 0.891108096 -0.524394274 0.150283054 -0.030223688 -0.020990141 0.023445312 0.999047697
1769789894.235021 0.889527142 -0.512270212 0.151417851 -0.028924363 -0.020529654 0.023464121 0.999095321
1769789894.268360 0.890329003 -0.500551581 0.149142727 -0.028397260 -0.020679260 0.023302162 0.999111176
1769789894.301688 0.889167726 -0.487441599 0.150183529 -0.027610021 -0.020513864 0.022699157 0.999150455
1769789894.368359 0.889119625 -0.471395731 0.141455635 -0.027951078 -0.020494599 0.022212856 0.999152303
1769789894.435029 0.888174713 -0.461412996 0.139591336 -0.028965980 -0.020287422 0.020925082 0.999155402
1769789894.468359 0.883414030 -0.447502345 0.132687837 -0.027789123 -0.019435637 0.021099234 0.999202132
1769789894.501698 0.887164652 -0.447673619 0.137447506 -0.029248541 -0.019875037 0.022024114 0.999131918
1769789894.535036 0.956614077 -0.446034372 0.183079600 -0.031025268 -0.027586117 0.016887294 0.998995125
1769789894.568355 0.956618965 -0.436973095 0.180898443 -0.030949939 -0.027563717 0.016008411 0.999012589
1769789894.635024 0.951766849 -0.411555082 0.181480199 -0.029641220 -0.026705442 0.014081785 0.999104619
1769789894.735028 0.949033141 -0.373125076 0.172995761 -0.028250629 -0.026572112 0.012658747 0.999167442
1769789894.768362 0.950233221 -0.357907981 0.170861050 -0.027814126 -0.026860125 0.012645059 0.999172211
1769789894.801698 0.947728693 -0.344723910 0.172285140 -0.027305555 -0.026333351 0.012394771 0.999203384
1769789894.835076 0.941235662 -0.328615159 0.181752488 -0.026533579 -0.024883732 0.013616098 0.999245465
1769789894.868364 0.847847939 -0.333813995 0.110974714 -0.029251726 -0.014464015 0.016939100 0.999323845
1769789894.901692 0.846547604 -0.328552932 0.109656982 -0.030093255 -0.014512030 0.015525893 0.999321163
1769789895.001702 0.839866996 -0.309921145 0.108237199 -0.032144085 -0.013854920 0.012016715 0.999315023
1769789895.068367 0.825881064 -0.266724020 0.122798488 -0.028115163 -0.011706011 0.018052114 0.999373138
1769789895.101705 0.824615717 -0.258636773 0.124475561 -0.028325627 -0.011713693 0.016753674 0.999389708
1769789895.168360 0.818905294 -0.244131222 0.124033101 -0.029211506 -0.011122769 0.014332360 0.999408603
1769789895.201697 0.814369500 -0.239278138 0.123246282 -0.030025572 -0.010470328 0.013016129 0.999409616
1769789895.301694 0.822378993 -0.194446474 0.126544550 -0.027242726 -0.014386709 0.026587026 0.999171674
1769789895.368363 0.817312837 -0.183966324 0.123587646 -0.028763754 -0.014255928 0.023708194 0.999203384
1769789895.401700 0.815882504 -0.179295555 0.124226525 -0.029624356 -0.014492804 0.021824485 0.999217749
1769789895.435062 0.810404480 -0.173943803 0.125632897 -0.030707041 -0.013669639 0.019945795 0.999235928
1769789895.468369 0.803320169 -0.174615070 0.112399511 -0.030337179 -0.011272195 0.015355768 0.999358177
1769789895.501737 0.800351679 -0.170074314 0.108212262 -0.031275060 -0.011357009 0.014387271 0.999342740
1769789895.568366 0.791809857 -0.160010114 0.105333842 -0.032767929 -0.010996139 0.009965062 0.999352872
1769789895.635028 0.785858214 -0.148689821 0.103198424 -0.033756077 -0.010536933 0.008013023 0.999342501
1769789895.668367 0.789953172 -0.122616641 0.123699419 -0.029829502 -0.012729211 0.019956760 0.999274731
1769789895.701700 0.786119342 -0.117469721 0.120469168 -0.030125117 -0.012590770 0.018960854 0.999286950
1769789895.735035 0.782244623 -0.110800646 0.120485581 -0.030265696 -0.012498169 0.017839838 0.999304593
1769789895.768360 0.780425787 -0.107354201 0.118153721 -0.031310286 -0.012802879 0.016855231 0.999285638
1769789895.835029 0.775245070 -0.101800658 0.120752901 -0.032367237 -0.013531249 0.014629612 0.999277353
1769789895.901698 0.768968046 -0.089526750 0.115226731 -0.032049779 -0.013540877 0.014954737 0.999282658
1769789895.935027 0.768145680 -0.082230717 0.113744467 -0.031479370 -0.014435891 0.015342059 0.999282420
1769789895.968375 0.762992382 -0.079365484 0.114252336 -0.032144729 -0.013971548 0.014429166 0.999281406
1769789896.001705 0.756814361 -0.076353930 0.113882631 -0.032203812 -0.012525214 0.012002226 0.999330759
1769789896.035032 0.752998888 -0.072371751 0.110364668 -0.032387953 -0.012446727 0.011765608 0.999328673
1769789896.101701 0.748402238 -0.065260366 0.105202019 -0.032675035 -0.013438457 0.011292709 0.999311864
1769789896.168358 0.738127053 -0.057543918 0.104292884 -0.032799814 -0.012580639 0.011226243 0.999319732
1769789896.201694 0.734616458 -0.056621015 0.107708052 -0.033346284 -0.011985327 0.008685058 0.999334276
1769789896.235041 0.730541468 -0.054222066 0.104967579 -0.033650834 -0.012141126 0.008689391 0.999322176
1769789896.268358 0.726440132 -0.050036833 0.103007235 -0.033233557 -0.012119833 0.008106063 0.999341309
1769789896.301691 0.721771836 -0.049606230 0.102607429 -0.034071952 -0.011614982 0.007382795 0.999324679
1769789896.401693 0.718000174 -0.046436306 0.098147370 -0.034818180 -0.014251526 0.007047112 0.999267220
1769789896.435028 0.714279771 -0.046391092 0.097349174 -0.035570841 -0.014198475 0.006544528 0.999244869
1769789896.468375 0.709391117 -0.043113023 0.095018633 -0.035425272 -0.014169578 0.006901815 0.999248087
1769789896.501698 0.706075966 -0.039837819 0.093422398 -0.034782279 -0.014243450 0.007384728 0.999266148
1769789896.535036 0.704316676 -0.031846590 0.093136914 -0.033098094 -0.015168834 0.010378076 0.999283135
1769789896.568363 0.698614538 -0.042748000 0.093520068 -0.036193483 -0.014742631 0.006605356 0.999214232
1769789896.701708 0.683991492 -0.045382366 0.087815322 -0.036492970 -0.015990742 0.006017786 0.999187887
1769789896.735031 0.678623974 -0.046454236 0.085706733 -0.036620785 -0.015582521 0.006154124 0.999188840
1769789896.768367 0.673426628 -0.046612088 0.084595814 -0.036258258 -0.014840645 0.006247214 0.999212742
1769789896.801703 0.674578190 -0.048266701 0.083385602 -0.036143064 -0.016683875 0.007240702 0.999181151
1769789896.835029 0.667680264 -0.049671896 0.080731988 -0.036127541 -0.015825199 0.005806849 0.999204993
1769789896.868386 0.667833865 -0.048489410 0.080812082 -0.035248518 -0.016947558 0.007625402 0.999205768
1769789897.001731 0.650052965 -0.056214523 0.078783736 -0.034808870 -0.016018620 0.008106583 0.999232709
1769789897.035041 0.646925628 -0.063590072 0.073975690 -0.035607629 -0.017451681 0.006745618 0.999190688
1769789897.068360 0.646245480 -0.062445235 0.073188744 -0.034401100 -0.018043917 0.009085733 0.999203920
1769789897.101777 0.639865816 -0.071755201 0.071511440 -0.035527028 -0.017758081 0.008102544 0.999178112
1769789897.135047 0.636028528 -0.072428785 0.067197643 -0.034606818 -0.018542593 0.009673458 0.999182165
1769789897.168367 0.631025136 -0.075796597 0.067850173 -0.034256574 -0.018382315 0.011005709 0.999183416
1769789897.268363 0.618962705 -0.091496542 0.062999494 -0.034515906 -0.018686611 0.010248208 0.999176919
1769789897.301698 0.615103543 -0.095343165 0.062869638 -0.034238413 -0.018667975 0.011057971 0.999178171
1769789897.335027 0.614190936 -0.099451721 0.058204930 -0.033019211 -0.020015169 0.014972580 0.999142170
1769789897.368362 0.616200447 -0.109444454 0.049395442 -0.032965913 -0.021838164 0.015705492 0.999094486
1769789897.401699 0.608152449 -0.115761526 0.050980341 -0.033350047 -0.021091592 0.014756795 0.999112189
1769789897.435059 0.596871674 -0.121534795 0.051638290 -0.033809606 -0.019232057 0.011072620 0.999181926
1769789897.568364 0.578620076 -0.148548380 0.042263586 -0.032744817 -0.019746700 0.012814926 0.999186516
1769789897.601699 0.572602332 -0.156543940 0.041731350 -0.033237953 -0.018846583 0.013034359 0.999184787
1769789897.635025 0.569439530 -0.161532581 0.036791459 -0.031796262 -0.019806020 0.014322349 0.999195516
1769789897.668378 0.569748223 -0.168022066 0.034982089 -0.031075813 -0.021220455 0.015163178 0.999176741
1769789897.701692 0.560625792 -0.176389813 0.033794019 -0.030957989 -0.019707432 0.015195039 0.999210894
1769789897.735024 0.555455089 -0.183354974 0.031121464 -0.030446887 -0.019162165 0.016116008 0.999222815
1769789897.868377 0.530515611 -0.223216340 0.032367695 -0.030350743 -0.019250020 0.013725992 0.999259651
1769789897.901694 0.526458085 -0.224582642 0.027308607 -0.027460804 -0.019144239 0.014464286 0.999334872
1769789897.935032 0.523303032 -0.235508442 0.024619851 -0.027565017 -0.019613871 0.015728688 0.999303818
1769789897.968369 0.517799079 -0.240190312 0.024320066 -0.026389828 -0.019493604 0.014716066 0.999353349
1769789898.001696 0.510498643 -0.251236051 0.020544790 -0.026082993 -0.019156257 0.012925201 0.999392629
1769789898.035046 0.510744631 -0.256006181 0.009744727 -0.022965470 -0.020372946 0.014828352 0.999418676
1769789898.201698 0.509733200 -0.239809632 0.028236227 -0.004622157 -0.023313383 0.004159227 0.999708891
1769789898.235028 0.508409977 -0.243748739 0.022906864 -0.000567924 -0.024861027 0.004951146 0.999678552
1769789898.268372 0.502054572 -0.261443406 0.012078254 -0.000485587 -0.025649687 0.006486966 0.999649823
1769789898.301699 0.498980939 -0.261425585 0.002203077 0.004677932 -0.027032549 0.007336344 0.999596715
1769789898.335031 0.497607619 -0.275500387 0.006388958 0.004586190 -0.028893383 0.007550603 0.999543488
1769789898.435037 0.481571257 -0.294203520 0.003533240 0.013215997 -0.031677227 0.007157771 0.999385178
1769789898.468359 0.481649131 -0.295189917 0.000005264 0.017520186 -0.033361763 0.008097455 0.999257028
1769789898.501698 0.478333890 -0.296974480 0.003351194 0.021487374 -0.033734411 0.007836225 0.999169111
1769789898.535032 0.473884135 -0.315370202 0.006417713 0.022592338 -0.034946632 0.006931031 0.999109805
1769789898.568364 0.472445846 -0.320780009 0.005402172 0.026213361 -0.037383139 0.007402800 0.998929739
1769789898.601693 0.465813369 -0.338755637 0.008988190 0.026564153 -0.039896134 0.009641734 0.998804152
1769789898.668358 0.462020189 -0.344151258 0.006817869 0.033704121 -0.046482280 0.006096952 0.998331726
1769789898.701693 0.457521677 -0.348556817 0.006539867 0.036654722 -0.048988219 0.005874800 0.998109281
1769789898.735024 0.455934554 -0.351284653 0.008425003 0.039636921 -0.053313777 0.002328081 0.997788131
1769789898.768364 0.448311776 -0.357392639 0.012849507 0.042589281 -0.056433588 -0.000001633 0.997497618
1769789898.801702 0.453992307 -0.354280114 0.005179974 0.046172112 -0.062472880 0.000305906 0.996978045
1769789898.835030 0.453594387 -0.361112833 0.001129466 0.049228191 -0.067754634 -0.000793673 0.996486485
1769789898.935026 0.458748907 -0.357199341 -0.006953209 0.059971705 -0.085304126 0.001440397 0.994547427
1769789898.968357 0.447967201 -0.355193734 0.005105813 0.063645624 -0.088836223 -0.004159640 0.994002044
1769789899.001739 0.443387121 -0.364661396 -0.001202789 0.064268231 -0.092983454 -0.006580364 0.993569553
1769789899.035059 0.442224383 -0.365418226 -0.004724874 0.066520907 -0.098493055 -0.006324306 0.992891788
1769789899.101689 0.436885536 -0.368243784 -0.008422663 0.068112820 -0.106336862 -0.006215468 0.991975069
1769789899.135028 0.434336424 -0.360012203 0.008890730 0.070797734 -0.110339321 -0.003603932 0.991362691
1769789899.235034 0.436358422 -0.361745417 0.011232250 0.069053188 -0.117749654 0.001583346 0.990638256
1769789899.335026 0.388180226 -0.514168024 0.021642480 0.029474983 -0.108919784 0.009457699 0.993568480
1769789899.368361 0.387914687 -0.515943944 0.051910494 0.014347905 -0.106771410 0.011222272 0.994116724
1769789899.401692 0.386708677 -0.517752469 0.085992724 0.001016138 -0.105212100 0.009450478 0.994404376
1769789899.435024 0.379916757 -0.518390954 0.100943998 -0.009497085 -0.101803452 0.011083475 0.994697452
1769789899.568368 0.294884980 -0.566271365 0.053274717 -0.042581674 -0.083534189 0.007119183 0.995569289
1769789899.601693 0.313514620 -0.580867708 0.026316594 -0.048450101 -0.085814968 0.010266772 0.995079398
1769789899.635032 0.305499583 -0.584713459 0.033962581 -0.054018714 -0.083281532 0.010042967 0.995010257
1769789899.668360 0.269916773 -0.575887144 0.077007905 -0.059063390 -0.076895140 0.003558433 0.995281935
1769789899.701699 0.297101378 -0.614329398 0.014515586 -0.066096567 -0.079802446 0.007825475 0.994586110
1769789899.735025 0.292267442 -0.617338061 0.017679775 -0.069631413 -0.078745611 0.006420649 0.994439244
1769789899.868359 0.266765028 -0.651916802 0.014543344 -0.081921682 -0.071501963 0.003905578 0.994062901
1769789899.901708 0.264432847 -0.653783321 0.016509179 -0.082295433 -0.070616804 0.004223911 0.994094074
1769789899.935028 0.249892488 -0.663028896 0.022469729 -0.084297769 -0.068001874 0.001328176 0.994116664
1769789899.968369 0.241674542 -0.670558333 0.025944678 -0.085449517 -0.065463737 0.001441485 0.994188547
1769789900.001694 0.238393232 -0.681682527 0.022149336 -0.086554565 -0.064590015 0.001570229 0.994149923
1769789900.035023 0.237686247 -0.697812796 0.004114047 -0.086846150 -0.063814014 0.002642415 0.994172275
1769789900.168361 0.171313837 -0.712270856 0.021249361 -0.082367681 -0.054445542 0.001994584 0.995111704
1769789900.201717 0.169053108 -0.714291215 0.024314070 -0.080489837 -0.053309936 0.001821892 0.995327175
1769789900.235031 0.171951249 -0.711731851 0.026262021 -0.078066736 -0.053247273 0.001044486 0.995524585
1769789900.268355 0.170018703 -0.711111307 0.026199017 -0.075136788 -0.051998988 0.001099195 0.995815992
1769789900.301693 0.169227257 -0.713378966 0.024183268 -0.072920829 -0.051368255 0.000646293 0.996013820
1769789900.335030 0.173409432 -0.708835065 0.035964750 -0.069198422 -0.051141325 0.001689813 0.996289790
1769789900.435031 0.177821472 -0.703938901 0.041071855 -0.060842730 -0.050137654 0.000119372 0.996887386
1769789900.468358 0.171552956 -0.708030343 0.040732406 -0.059624068 -0.048649263 0.000321487 0.997034729
1769789900.501691 0.171508223 -0.705892742 0.039459195 -0.057020653 -0.048319053 0.000600784 0.997202873
1769789900.535036 0.171735004 -0.708658934 0.038487166 -0.055445928 -0.047973290 0.001355914 0.997307658
1769789900.568361 0.171961516 -0.707239032 0.042061809 -0.053685389 -0.047757786 0.000875014 0.997414887
1769789900.601697 0.171023324 -0.709129989 0.041048326 -0.052347887 -0.047429755 0.000138714 0.997501910
1769789900.701695 0.173405722 -0.706552088 0.043494184 -0.047204252 -0.046885636 0.001883340 0.997782588
1769789900.735024 0.172475293 -0.707326412 0.044357475 -0.046641301 -0.046265244 0.001804896 0.997838199
1769789900.768359 0.171778977 -0.706987143 0.040325899 -0.045913782 -0.046093300 0.001956992 0.997879505
1769789900.801689 0.172377825 -0.706187367 0.046516720 -0.045647062 -0.045755934 0.002042349 0.997907102
1769789900.835037 0.174851850 -0.702063322 0.048917346 -0.044295277 -0.045716926 0.002702277 0.997968256
1769789900.868369 0.174210593 -0.703247428 0.050414015 -0.043544438 -0.045890328 0.002789126 0.997993112
1769789900.968359 0.170742318 -0.705865383 0.049810212 -0.040442601 -0.045225699 0.003598432 0.998151362
1769789901.035024 0.171589687 -0.705016553 0.049947124 -0.038952500 -0.045262244 0.004044516 0.998207271
1769789901.068378 0.171387807 -0.702653110 0.053162731 -0.038308822 -0.045273729 0.003438137 0.998233914
1769789901.101702 0.170618743 -0.704219282 0.051044777 -0.037867591 -0.045204617 0.003906050 0.998252213
1769789901.135031 0.172964752 -0.703274310 0.053007063 -0.037179869 -0.045553245 0.004099109 0.998261392
1769789901.168363 0.169393882 -0.706962883 0.044195894 -0.037188098 -0.045314319 0.004145535 0.998271823
1769789901.235024 0.169505268 -0.705172539 0.047543675 -0.036450002 -0.045584440 0.004384723 0.998285651
1769789901.301693 0.172477737 -0.698401630 0.047490414 -0.035409544 -0.046463586 0.004169680 0.998283505
1769789901.335022 0.171406940 -0.706946313 0.048046172 -0.036518671 -0.046238732 0.006666960 0.998240471
1769789901.368363 0.171394676 -0.706929743 0.046169598 -0.036695763 -0.046474896 0.006945322 0.998221099
1769789901.401703 0.175704300 -0.704171538 0.035117209 -0.036211431 -0.047483671 0.006244937 0.998195946
1769789901.435026 0.175115511 -0.702720225 0.036689606 -0.036542177 -0.047573514 0.005754316 0.998182595
1769789901.468364 0.164508179 -0.703526437 0.044000491 -0.036728095 -0.046269912 0.005138944 0.998240411
1769789901.601704 0.160022706 -0.705633223 0.029667653 -0.038500238 -0.046689600 0.006091347 0.998148680
1769789901.635067 0.159676030 -0.706040561 0.030745912 -0.039497521 -0.046808977 0.006134960 0.998103917
1769789901.668359 0.157749221 -0.706823349 0.025402423 -0.039929707 -0.046790794 0.006092325 0.998087823
1769789901.701690 0.159706533 -0.706591666 0.032202914 -0.040578071 -0.047152583 0.006438280 0.998042405
1769789901.735026 0.157318279 -0.707479060 0.020016694 -0.040924795 -0.047448043 0.006926816 0.998010993
1769789901.768363 0.165814623 -0.697227061 0.035668116 -0.040796585 -0.048035175 0.005507338 0.997996986
1769789901.901693 0.160965040 -0.698477030 0.029001703 -0.043734491 -0.048464365 0.006535316 0.997845590
1769789901.935022 0.159449235 -0.702426612 0.021169433 -0.045551863 -0.049030993 0.005292059 0.997743964
1769789901.968369 0.159662828 -0.701301873 0.023706080 -0.046483047 -0.048634253 0.005706207 0.997718215
1769789902.001690 0.158505276 -0.702525556 0.018704388 -0.047397919 -0.048956446 0.005241960 0.997661889
1769789902.035023 0.157884121 -0.701271236 0.023239218 -0.048705496 -0.048859190 0.004954457 0.997605205
1769789902.068357 0.155883268 -0.702757359 0.016252365 -0.049775548 -0.049056716 0.004709396 0.997543871
1769789902.168361 0.158369794 -0.694121420 0.024125798 -0.051199291 -0.049357183 0.006050897 0.997449696
1769789902.201701 0.157166138 -0.690010667 0.023938507 -0.052386042 -0.049387168 0.006090928 0.997386396
1769789902.235026 0.152334392 -0.680607855 0.022117645 -0.052505355 -0.048934389 0.001736343 0.997419477
1769789902.268356 0.151951686 -0.667591572 0.020318201 -0.051677499 -0.048937257 0.003249566 0.997458816
1769789902.301698 0.152301043 -0.660822809 0.011128562 -0.051972646 -0.049285367 0.003044633 0.997426987
1769789902.335051 0.151776224 -0.650782287 0.007570622 -0.052068416 -0.049333621 0.002475137 0.997421205
1769789902.435024 0.149137422 -0.624977767 -0.003509259 -0.052845858 -0.049476497 0.001414463 0.997375309
1769789902.468361 0.146644622 -0.591742933 0.015896566 -0.049031530 -0.048854403 0.005298305 0.997587681
1769789902.501697 0.144752353 -0.585020900 0.015665255 -0.049814221 -0.048774883 0.005050617 0.997554123
1769789902.535032 0.141891345 -0.573857605 0.009613568 -0.049919423 -0.048818041 0.001835059 0.997557819
1769789902.568364 0.141565263 -0.562531531 0.008063343 -0.049832195 -0.048883416 0.003261443 0.997555315
1769789902.601691 0.141557068 -0.553050339 0.004714270 -0.050018452 -0.049129527 0.003008097 0.997534752
1769789902.701688 0.143320456 -0.510480344 0.010134220 -0.047961477 -0.049015276 0.004831707 0.997634172
1769789902.735031 0.143015891 -0.502827406 0.009944150 -0.048682991 -0.048865989 0.004839003 0.997606516
1769789902.768356 0.144793853 -0.504339516 -0.009506190 -0.050874863 -0.050133239 0.001262201 0.997445166
1769789902.801700 0.143521041 -0.477073610 0.006935826 -0.047746234 -0.049205955 0.005522915 0.997631550
1769789902.835027 0.145147651 -0.465833813 0.007696091 -0.047797386 -0.049828153 0.005028062 0.997600794
1769789902.868338 0.142548889 -0.455079973 0.004374845 -0.048015982 -0.048702862 0.003184797 0.997653425
1769789902.968331 0.142739266 -0.420081705 0.003838975 -0.047815144 -0.048270009 0.003584689 0.997682750
1769789903.001729 0.138577208 -0.413543791 0.004009385 -0.048740394 -0.047976173 -0.003982352 0.997650683
1769789903.035006 0.134204105 -0.399520636 0.002467644 -0.046954822 -0.047914293 -0.017682595 0.997590542
1769789903.068332 0.129554391 -0.388033450 0.002161400 -0.046067137 -0.047967922 -0.029631533 0.997345924
1769789903.101662 0.126305759 -0.377943903 0.002778251 -0.045570318 -0.048999660 -0.043089684 0.996827841
1769789903.135021 0.123815499 -0.367040038 -0.001241039 -0.045217741 -0.049718820 -0.056378894 0.996145010
1769789903.235060 0.126629904 -0.332453579 -0.011537860 -0.041854654 -0.053824313 -0.088857397 0.993708014
1769789903.268357 0.127696827 -0.326148748 -0.008617988 -0.042136882 -0.054956861 -0.099040441 0.992670774
1769789903.301676 0.127770767 -0.313938200 -0.009419082 -0.040962569 -0.055917364 -0.108136162 0.991716683
1769789903.335006 0.124572612 -0.301206887 -0.004261412 -0.040171314 -0.056189917 -0.120243110 0.990338683
1769789903.368355 0.118546650 -0.289177150 -0.004459847 -0.039123423 -0.056629363 -0.134449348 0.988527119
1769789903.401667 0.122338757 -0.279375434 -0.006334751 -0.037825868 -0.057452500 -0.140286431 0.987718701
1769789903.501670 0.113732345 -0.248176500 -0.020753276 -0.036076125 -0.059052683 -0.175422892 0.982058167
1769789903.568341 0.118601754 -0.231442750 -0.024122076 -0.035981826 -0.060260702 -0.194593385 0.978369772
1769789903.601671 0.114542559 -0.216623992 -0.027835054 -0.032737631 -0.058068212 -0.201126143 0.977294564
1769789903.635000 0.119530812 -0.210820407 -0.031159492 -0.034319606 -0.059859004 -0.212586626 0.974703074
1769789903.668366 0.116176814 -0.197026417 -0.036326069 -0.030770244 -0.058639735 -0.217368215 0.973840654
1769789903.701671 0.121882200 -0.193500891 -0.043384396 -0.032785874 -0.059898097 -0.228898972 0.971052289
1769789903.801664 0.124695957 -0.170346096 -0.039487991 -0.031498048 -0.060669634 -0.251881808 0.965340734
1769789903.868326 0.128484413 -0.155899942 -0.040274132 -0.030421162 -0.061292894 -0.265646935 0.961638987
1769789903.901664 0.126359656 -0.148570806 -0.030687245 -0.030546069 -0.060409520 -0.272896498 0.959658921
1769789903.934995 0.128727168 -0.143182293 -0.029598169 -0.030334046 -0.060666353 -0.278377324 0.958073914
1769789903.968330 0.129995406 -0.135306567 -0.031609647 -0.029585034 -0.060451522 -0.284666866 0.956261098
1769789904.001661 0.134057969 -0.131165639 -0.031477168 -0.029379146 -0.060998905 -0.288882434 0.954967558
1769789904.101674 0.141995162 -0.112112723 -0.023961684 -0.027511306 -0.060047302 -0.304335117 0.950272441
1769789904.168329 0.149849325 -0.105245851 -0.032038946 -0.026930382 -0.060188666 -0.310563982 0.948262691
1769789904.201670 0.154239416 -0.103050105 -0.032136373 -0.027040437 -0.060492322 -0.313819021 0.947167993
1769789904.268335 0.155732095 -0.089001246 -0.025176164 -0.024807669 -0.059602186 -0.322936058 0.944216311
1769789904.301701 0.158050552 -0.091233917 -0.018730577 -0.026446909 -0.060639944 -0.324980706 0.943403900
1769789904.401673 0.166588128 -0.082511067 -0.012133471 -0.026262080 -0.060235806 -0.331840664 0.941043973
1769789904.468330 0.179661736 -0.085208938 -0.010560926 -0.026154632 -0.061662164 -0.334533811 0.940000474
1769789904.501664 0.183263749 -0.085706942 -0.013817849 -0.026392533 -0.061678417 -0.335683227 0.939582884
1769789904.534998 0.188558042 -0.084889658 -0.015910121 -0.025851976 -0.061861325 -0.336976528 0.939122856
1769789904.568341 0.194507033 -0.085813619 -0.021837227 -0.025862051 -0.062458567 -0.337688237 0.938827395
1769789904.601663 0.200739890 -0.085073724 -0.020247150 -0.025659749 -0.062775463 -0.338204712 0.938625872
1769789904.668343 0.210871309 -0.087326460 -0.032131944 -0.024598954 -0.061872400 -0.336799204 0.939219356
1769789904.735001 0.215519264 -0.091204777 -0.014272563 -0.026139479 -0.061195463 -0.336478651 0.939337015
1769789904.768330 0.223108590 -0.095658422 -0.017353402 -0.026419263 -0.061416768 -0.334975660 0.939851761
1769789904.801670 0.233118504 -0.096682496 -0.018198496 -0.025472658 -0.062201105 -0.332458824 0.940719604
1769789904.835012 0.240225345 -0.100996926 -0.015869413 -0.026006812 -0.061971333 -0.331132472 0.941187859
1769789904.868329 0.244906187 -0.102775455 -0.014085275 -0.026153957 -0.062411543 -0.328991741 0.941905081
1769789904.935012 0.258366764 -0.110104389 -0.010359747 -0.026002895 -0.061651714 -0.323274523 0.943936706
1769789905.001663 0.273729712 -0.118733145 -0.007988751 -0.026132498 -0.061755255 -0.316080660 0.946359575
1769789905.034996 0.276076913 -0.127200559 -0.008212175 -0.027359840 -0.060730215 -0.312428564 0.947603106
1769789905.068333 0.280615628 -0.133737460 -0.006933970 -0.028265331 -0.059926998 -0.308610290 0.948878050
1769789905.101661 0.289763570 -0.140232265 -0.007527241 -0.028465133 -0.060576987 -0.302715242 0.950727940
1769789905.134998 0.298304647 -0.144315600 0.000626195 -0.028009979 -0.060225423 -0.296875507 0.952603400
1769789905.201665 0.315685064 -0.159278676 0.010308423 -0.028737694 -0.060315594 -0.282959610 0.956802011
1769789905.268335 0.336127877 -0.175537542 0.021292418 -0.029841425 -0.060680568 -0.265539259 0.961725712
1769789905.301663 0.340333462 -0.182022855 0.015117030 -0.029745895 -0.059000365 -0.257482708 0.964021206
1769789905.335001 0.353535652 -0.190031022 0.030951127 -0.030241339 -0.060155168 -0.248022705 0.966411710
1769789905.368339 0.358087867 -0.197872996 0.036560122 -0.031566065 -0.058890793 -0.239899725 0.968495548
1769789905.401668 0.361330748 -0.206657067 0.032554697 -0.032383215 -0.056775492 -0.230918735 0.970775187
1769789905.468337 0.379389822 -0.221967116 0.038729772 -0.033406962 -0.054919519 -0.210932955 0.975384593
1769789905.535003 0.388623327 -0.229260087 0.039417218 -0.030724697 -0.050015494 -0.193490267 0.979344666
1769789905.568327 0.415153921 -0.251165926 0.033257470 -0.032824542 -0.055386122 -0.179262862 0.981692314
1769789905.601662 0.423867583 -0.260547400 0.032265618 -0.033417340 -0.054628834 -0.171535492 0.983094394
1769789905.635000 0.434988886 -0.270418406 0.024589414 -0.032792814 -0.054750308 -0.161119834 0.984869301
1769789905.668330 0.441597819 -0.276953757 0.038060494 -0.032446966 -0.054023325 -0.154629394 0.985960662
1769789905.735002 0.463949353 -0.297219634 0.038686391 -0.029692458 -0.053679187 -0.144318268 0.987628043
1769789905.801665 0.481397957 -0.314620227 0.044097133 -0.024514005 -0.052047674 -0.140275255 0.988439679
1769789905.834997 0.488825083 -0.323997319 0.044389650 -0.021679284 -0.050820734 -0.140773728 0.988498926
1769789905.868330 0.496238559 -0.332415938 0.047819640 -0.018073056 -0.049117200 -0.139422536 0.988848984
1769789905.901665 0.502472579 -0.343282074 0.054284874 -0.016024411 -0.047502536 -0.139024645 0.989019156
1769789905.934996 0.511277437 -0.346190929 0.055801623 -0.012254696 -0.045668405 -0.139404938 0.989105880
1769789906.001667 0.524126589 -0.361749291 0.067497373 -0.005574274 -0.040653951 -0.137864202 0.989600778
1769789906.101685 0.554788649 -0.391576052 0.059837203 0.002292859 -0.035309263 -0.134003028 0.990348995
1769789906.134995 0.561486125 -0.399706125 0.061454330 0.005310035 -0.032615509 -0.134599030 0.990348995
1769789906.168327 0.567552149 -0.407989383 0.064733490 0.008719047 -0.029859904 -0.134158596 0.990471542
1769789906.201668 0.575904429 -0.419145763 0.064256936 0.011464610 -0.027830282 -0.132978573 0.990661800
1769789906.235007 0.581898987 -0.428951323 0.071609393 0.013954625 -0.024449909 -0.131364733 0.990934312
1769789906.401671 0.595147491 -0.416456044 0.141566679 0.032753844 0.005158151 -0.132475182 0.990631580
1769789906.435010 0.603714049 -0.423266023 0.149555966 0.034594491 0.009856966 -0.130884349 0.990744889
1769789906.468335 0.613208652 -0.438539505 0.146294117 0.033866443 0.013857153 -0.131182492 0.990682781
1769789906.501683 0.628159404 -0.449386984 0.144923821 0.035036769 0.017538315 -0.128445491 0.990942299
1769789906.535020 0.632852674 -0.452883124 0.152233779 0.036463130 0.023073228 -0.127541795 0.990894198
1769789906.568331 0.632503390 -0.457921654 0.162284449 0.036640722 0.029748568 -0.127194643 0.990754306
1769789906.668328 0.606532633 -0.456250787 0.201509401 0.038572133 0.053664826 -0.125581503 0.989879608
1769789906.701702 0.618631899 -0.466545582 0.210679844 0.037671421 0.057452422 -0.124878883 0.989790618
1769789906.735002 0.631421149 -0.478606015 0.218097895 0.035950061 0.060508650 -0.123505831 0.989844799
1769789906.768339 0.643254280 -0.488296300 0.229535624 0.034537848 0.063393570 -0.122168876 0.989880443
1769789906.801662 0.653800488 -0.498071879 0.237100422 0.032050807 0.065323561 -0.122839883 0.989755511
1769789906.834998 0.666649938 -0.510026753 0.236643478 0.030380683 0.065942176 -0.121219896 0.989966869
1769789906.934994 0.693026423 -0.515759706 0.196056649 0.003959587 0.057297420 -0.120235845 0.991082549
1769789907.001677 0.713489294 -0.506119847 0.201498523 -0.016167162 0.045896959 -0.105889902 0.993186533
1769789907.034999 0.713833809 -0.508888066 0.228725374 -0.028924018 0.041985668 -0.104662143 0.993200123
1769789907.068326 0.721584737 -0.505683839 0.234608322 -0.034788501 0.036458462 -0.096619837 0.994044900
1769789907.101665 0.734660745 -0.514680862 0.239990622 -0.043591339 0.029721305 -0.088962339 0.994636714
1769789907.135004 0.746388197 -0.520640314 0.237116471 -0.050274484 0.023004409 -0.082732879 0.995036960
1769789907.235011 0.789139748 -0.569650352 0.198583633 -0.073997177 0.005182510 -0.070481107 0.994751215
1769789907.268332 0.795132399 -0.571834266 0.205623716 -0.079269856 0.001983307 -0.064478450 0.994763732
1769789907.301670 0.803427577 -0.569745719 0.208866045 -0.081996426 -0.001562654 -0.057946946 0.994945407
1769789907.334998 0.814443052 -0.575098574 0.207938999 -0.086068645 -0.005996236 -0.051804528 0.994923413
1769789907.368334 0.827380180 -0.587947726 0.207825661 -0.091639049 -0.011125523 -0.046673324 0.994635642
1769789907.401665 0.836941540 -0.594459891 0.210715920 -0.095193602 -0.014544611 -0.041744541 0.994476795
1769789907.534995 0.877319515 -0.612717032 0.209172651 -0.101221181 -0.025591673 -0.021695692 0.994298100
1769789907.568329 0.884182036 -0.614782929 0.213424310 -0.101491340 -0.027375126 -0.017304953 0.994309187
1769789907.601670 0.893074930 -0.619740069 0.216705605 -0.101942740 -0.029453825 -0.012339970 0.994277656
1769789907.634993 0.902464926 -0.626211762 0.218324006 -0.102670789 -0.031993214 -0.008722557 0.994162500
1769789907.668341 0.908232272 -0.631206632 0.220649898 -0.103143349 -0.033515524 -0.005610461 0.994085908
1769789907.701659 0.916353524 -0.635890067 0.219318643 -0.102458797 -0.035504207 -0.002249757 0.994100988
1769789907.834995 0.918447316 -0.642457843 0.210044667 -0.096123815 -0.037205983 0.002305003 0.994671166
1769789907.868344 0.889508247 -0.663153946 0.184870616 -0.096990436 -0.034162778 0.002440471 0.994695842
1769789907.901660 0.894498944 -0.664829314 0.186601296 -0.094430976 -0.034498431 0.004863146 0.994921684
1769789907.935006 0.901272237 -0.668408930 0.189452142 -0.092380904 -0.035523716 0.006488811 0.995068729
1769789907.968344 0.901627839 -0.669463873 0.188178346 -0.089639820 -0.035666388 0.006741468 0.995312631
1769789908.001678 0.897449255 -0.665120602 0.183444276 -0.085968696 -0.035081547 0.005320883 0.995665789
1769789908.168330 0.921779692 -0.662674546 0.204673603 -0.070201300 -0.036341589 0.006451804 0.996849775
1769789908.201659 0.933849633 -0.659196913 0.207648635 -0.066752933 -0.037725352 0.007549838 0.997027576
1769789908.234991 0.932556331 -0.663644075 0.209047496 -0.064981729 -0.037194785 0.008386795 0.997157812
1769789908.268346 0.933194578 -0.663642704 0.210000977 -0.062641867 -0.036999717 0.008829285 0.997310936
1769789908.301668 0.931876540 -0.661074579 0.204568073 -0.060184080 -0.036813922 0.007787816 0.997477829
1769789908.334995 0.935479105 -0.656066597 0.204840139 -0.057228260 -0.037141707 0.007884374 0.997638822
1769789908.468327 0.937351286 -0.653692722 0.198067099 -0.049396273 -0.036340687 0.007623771 0.998088837
1769789908.535008 0.940389752 -0.660081267 0.201480418 -0.047786176 -0.035800282 0.010027760 0.998165488
1769789908.568331 0.936590493 -0.662233770 0.195504144 -0.046953358 -0.035216294 0.010049806 0.998225570
1769789908.601666 0.929527104 -0.665398955 0.189239740 -0.045377966 -0.033916388 0.012222105 0.998319209
1769789908.635002 0.934389353 -0.663057804 0.191380426 -0.044271309 -0.034458730 0.011666545 0.998356938
1769789908.768334 0.953595817 -0.650147974 0.200456202 -0.041056000 -0.037407264 0.013388441 0.998366594
1769789908.801664 0.958089352 -0.649417281 0.201064304 -0.040553179 -0.037936784 0.013059126 0.998371601
1769789908.835001 0.962875068 -0.643046558 0.206513688 -0.038420290 -0.037699819 0.013890130 0.998453677
1769789908.868335 0.966735303 -0.642441452 0.205513909 -0.037565511 -0.037565142 0.012751007 0.998506486
1769789908.901671 0.969061136 -0.637172759 0.208777472 -0.035989981 -0.037349291 0.013019884 0.998569131
1769789908.934990 0.972293258 -0.630595326 0.211197898 -0.034291454 -0.037412930 0.012946623 0.998627424
1769789909.035008 0.981264651 -0.621153712 0.211218983 -0.032810390 -0.037493650 0.011679264 0.998689830
1769789909.068329 0.982488692 -0.612869203 0.216323018 -0.031636193 -0.037113070 0.010255951 0.998757541
1769789909.101720 0.981326699 -0.623709023 0.205867976 -0.033314567 -0.036565412 0.013446000 0.998685300
1769789909.135020 0.984083354 -0.618523538 0.207270727 -0.032656651 -0.036587600 0.013150416 0.998710155
1769789909.168327 0.987859249 -0.612192571 0.207269952 -0.031812936 -0.036987338 0.012830515 0.998726845
1769789909.234995 0.991983056 -0.596702039 0.213107914 -0.030312242 -0.037170235 0.012368076 0.998772621
1769789909.301681 0.998841941 -0.576967895 0.214401603 -0.027967798 -0.037712205 0.012712856 0.998816252
1769789909.334996 1.001972795 -0.570358396 0.216627583 -0.027749611 -0.037668426 0.012189983 0.998830616
1769789909.368332 1.003321171 -0.560988724 0.212602809 -0.026828548 -0.037418243 0.011817411 0.998869598
1769789909.401667 1.002108812 -0.552499175 0.219074309 -0.026389562 -0.037109844 0.010668485 0.998905718
1769789909.434994 0.999120176 -0.541223705 0.222116187 -0.025108708 -0.036356989 0.010662918 0.998966515
1769789909.468333 1.004285336 -0.538844466 0.214686617 -0.025692752 -0.037042595 0.010040634 0.998932898
1769789909.534993 1.005048752 -0.528797805 0.212651432 -0.024873998 -0.036396399 0.013324667 0.998938978
1769789909.568341 1.008211613 -0.520440876 0.210388765 -0.024498187 -0.036974479 0.012870202 0.998933017
1769789909.601657 1.007845521 -0.511653423 0.210794136 -0.024199072 -0.036756352 0.012140957 0.998957515
1769789909.635003 1.007062912 -0.500212789 0.213005602 -0.023336817 -0.036150325 0.011314031 0.999009788
1769789909.668339 1.008971572 -0.492822498 0.213055402 -0.023123464 -0.036039703 0.012012384 0.999010623
1769789909.701662 1.011814713 -0.484097958 0.214197889 -0.022874378 -0.036308903 0.011880280 0.999008179
1769789909.768326 1.009142995 -0.474144846 0.208317116 -0.023314575 -0.035509344 0.010722020 0.999039888
1769789909.801658 1.005879283 -0.474721640 0.210404173 -0.024239162 -0.034823064 0.011429676 0.999034166
1769789909.868361 1.008972883 -0.496474385 0.196643725 -0.029620197 -0.035330098 0.015862226 0.998810709
1769789909.901661 1.008109927 -0.487146586 0.197133273 -0.029298387 -0.035030406 0.015077054 0.998842955
1769789909.935001 1.006757259 -0.475445926 0.198156193 -0.028657854 -0.034852546 0.013920136 0.998884499
1769789909.968331 1.006300449 -0.463651419 0.197029203 -0.027992070 -0.034525577 0.014059264 0.998912811
1769789910.034992 1.005981445 -0.447080493 0.194383517 -0.028008349 -0.034419268 0.013897114 0.998918295
1769789910.068341 1.004766703 -0.436974794 0.192432478 -0.027711475 -0.034218103 0.012868050 0.998947322
1769789910.168329 1.005861878 -0.409867942 0.185342252 -0.027410252 -0.034103215 0.012885187 0.998959363
1769789910.201664 0.986777365 -0.442662477 0.177493587 -0.033437558 -0.031267889 0.013702728 0.998857617
1769789910.235038 0.985188425 -0.436015666 0.177301511 -0.034169886 -0.031071303 0.012343224 0.998856664
1769789910.268355 0.984695911 -0.426884323 0.173860624 -0.033908613 -0.031273063 0.011816378 0.998865724
1769789910.368354 0.986276150 -0.430953234 0.173536867 -0.038558159 -0.031352699 0.015325913 0.998646796
1769789910.401716 0.983805120 -0.431557626 0.172889635 -0.039914075 -0.030641897 0.016441895 0.998597801
1769789910.468360 0.985328555 -0.422781050 0.173235297 -0.041011322 -0.030718975 0.017497711 0.998533130
1769789910.535019 0.983606219 -0.421425998 0.174378812 -0.043504611 -0.030633897 0.018571828 0.998410821
1769789910.568406 0.990651965 -0.421647042 0.173138008 -0.045002740 -0.031844776 0.020373082 0.998271286
1769789910.601697 0.988168120 -0.415405512 0.173524708 -0.045968190 -0.031824030 0.018595705 0.998262703
1769789910.701699 0.979739487 -0.398406655 0.169617504 -0.047957473 -0.030962093 0.013742857 0.998274803
1769789910.768358 0.975908458 -0.384647876 0.165208727 -0.048417930 -0.030550174 0.012966038 0.998275697
1769789910.835027 0.981231034 -0.357682288 0.159106269 -0.046293870 -0.031907715 0.018732199 0.998242378
1769789910.868376 0.979876399 -0.352597296 0.156600982 -0.047264282 -0.032352433 0.017438725 0.998206139
1769789910.901697 0.976161599 -0.347984999 0.158076346 -0.048273191 -0.032214187 0.015067575 0.998200834
1769789910.968355 0.968837619 -0.338279635 0.158069909 -0.050063539 -0.031490244 0.012310832 0.998173594
1769789911.001703 0.968398869 -0.330985039 0.155621603 -0.049548160 -0.032047763 0.012643480 0.998177409
1769789911.035033 0.974836051 -0.321561128 0.149689749 -0.049038306 -0.033102937 0.017055430 0.998102486
1769789911.068360 0.970595717 -0.316320270 0.147147834 -0.049607676 -0.032650344 0.015793702 0.998110056
1769789911.101696 0.967632174 -0.312714636 0.143176496 -0.050286867 -0.032989789 0.015563894 0.998068452
1769789911.135025 0.963121831 -0.307698816 0.140975103 -0.050988089 -0.032412916 0.014216541 0.998071909
1769789911.201692 0.958488643 -0.296280682 0.132060230 -0.051186442 -0.031969562 0.013890698 0.998080671
1769789911.235033 0.957032979 -0.290812969 0.127972722 -0.051328614 -0.032008003 0.012711481 0.998087883
1769789911.268358 0.962751150 -0.276662320 0.125836655 -0.049928155 -0.033516865 0.015553577 0.998069108
1769789911.301687 0.958719552 -0.271817446 0.121025592 -0.049945682 -0.033132188 0.014552782 0.998096168
1769789911.335031 0.956671894 -0.268349081 0.117220946 -0.050538644 -0.033164848 0.014435660 0.998066962
1769789911.401694 0.949591219 -0.259454757 0.109789588 -0.050983809 -0.032272022 0.013124314 0.998091638
1769789911.468360 0.945907414 -0.251942366 0.114623554 -0.052100137 -0.033400513 0.012018926 0.998010814
1769789911.535019 0.940685689 -0.237733498 0.110012263 -0.051654149 -0.033753086 0.011814153 0.998024583
1769789911.568363 0.937851369 -0.235367805 0.108770698 -0.052737907 -0.034073319 0.011229578 0.997963727
1769789911.601693 0.933659792 -0.233115315 0.105044648 -0.052999105 -0.033938240 0.010618837 0.997961223
1769789911.635027 0.929300785 -0.230743751 0.103095047 -0.053920060 -0.033603344 0.009372506 0.997935712
1769789911.668361 0.926214278 -0.227116004 0.102382518 -0.054096017 -0.033709917 0.009257172 0.997923672
1769789911.801693 0.913703203 -0.207646564 0.102986678 -0.052157857 -0.034362730 0.009934288 0.997998059
1769789911.901698 0.905928850 -0.202450410 0.097534232 -0.053011723 -0.035364319 0.009711092 0.997920275
1769789911.935023 0.901495159 -0.199743509 0.096840411 -0.052515417 -0.034985185 0.009890685 0.997958124
1769789911.968359 0.898064911 -0.197615921 0.095052004 -0.052365132 -0.034967989 0.010164471 0.997963846
1769789912.101691 0.887813747 -0.192516193 0.088620983 -0.053083077 -0.036338612 0.009592810 0.997882605
1769789912.135023 0.884434283 -0.190347061 0.087998345 -0.052807450 -0.036691092 0.009293704 0.997887194
1769789912.168359 0.887458980 -0.186786905 0.079935655 -0.051996253 -0.038437251 0.012729947 0.997826099
1769789912.201691 0.886635661 -0.182758883 0.079164349 -0.051127356 -0.039318189 0.015337184 0.997800052
1769789912.235020 0.883659840 -0.182129666 0.076019503 -0.050835263 -0.039638460 0.016327146 0.997786582
1769789912.268367 0.881786525 -0.184494942 0.075729139 -0.051048104 -0.040503796 0.016420757 0.997739375
1769789912.368376 0.871847034 -0.184653208 0.072910078 -0.050443973 -0.041309979 0.016505172 0.997735739
1769789912.401690 0.866955936 -0.186793506 0.070586003 -0.050579336 -0.040961258 0.016544795 0.997742593
1769789912.435022 0.864000797 -0.187901407 0.070509218 -0.050327737 -0.041402493 0.017060302 0.997728407
1769789912.468357 0.859402359 -0.189095974 0.071985587 -0.049946189 -0.041389268 0.017519990 0.997740149
1769789912.501691 0.844379902 -0.202081978 0.074823357 -0.053256113 -0.038578097 0.009484265 0.997790337
1769789912.535018 0.841879725 -0.204203963 0.074054345 -0.053242445 -0.038989201 0.009956121 0.997770548
1769789912.635018 0.830230057 -0.214711100 0.066447496 -0.053005755 -0.039657678 0.010967360 0.997746170
1769789912.668361 0.828070402 -0.218095332 0.065375835 -0.052723177 -0.040260095 0.012162541 0.997723162
1769789912.701689 0.823218346 -0.221479774 0.062999271 -0.052589130 -0.039998669 0.012502976 0.997736514
1769789912.735032 0.815254152 -0.220284760 0.067513436 -0.052220602 -0.039576221 0.010278137 0.997798145
1769789912.768361 0.811551452 -0.225254625 0.063701168 -0.052332278 -0.039846450 0.010669907 0.997777462
1769789912.801691 0.808899522 -0.230273411 0.061550684 -0.051945280 -0.040329363 0.011845767 0.997765005
1769789912.901701 0.797234833 -0.247355282 0.055919036 -0.051884957 -0.040291846 0.012528527 0.997761250
1769789912.935033 0.795764923 -0.251856774 0.054569665 -0.051631659 -0.041086685 0.013645603 0.997727334
1769789912.968358 0.792155087 -0.255985528 0.053932004 -0.050868183 -0.042236131 0.016212745 0.997680187
1769789913.001691 0.785759151 -0.261642486 0.051841408 -0.050514337 -0.041604258 0.016407378 0.997721553
1769789913.035026 0.781280875 -0.269862115 0.049979337 -0.050805058 -0.041086867 0.016635874 0.997724414
1769789913.068362 0.777216077 -0.274550915 0.055202432 -0.051013120 -0.041723270 0.014416195 0.997721910
1769789913.235028 0.753617823 -0.313834697 0.042567037 -0.050563402 -0.041782532 0.014835135 0.997736216
1769789913.268352 0.750328541 -0.319851249 0.040667027 -0.050056428 -0.042156659 0.015981346 0.997728348
1769789913.301692 0.745229661 -0.328618258 0.035440516 -0.049616713 -0.041979950 0.016605917 0.997747600
1769789913.335020 0.740276575 -0.334172100 0.040676638 -0.048170701 -0.041771833 0.019161072 0.997781336
1769789913.368361 0.737406373 -0.341598779 0.036766846 -0.047573801 -0.042156074 0.020387357 0.997769594
1769789913.401689 0.726123333 -0.343068957 0.044750541 -0.046064544 -0.040857933 0.019590247 0.997910321
1769789913.535021 0.723448634 -0.304672986 0.076547779 -0.035311963 -0.042391717 0.013720290 0.998382568
1769789913.601690 0.715077877 -0.310984552 0.069048412 -0.031312972 -0.043338936 0.012257453 0.998494387
1769789913.635035 0.717949748 -0.321928233 0.059479587 -0.028466357 -0.044495702 0.015810231 0.998478830
1769789913.668365 0.710793853 -0.330441594 0.056632414 -0.027241187 -0.044157490 0.011969690 0.998581350
1769789913.701686 0.700585306 -0.334737480 0.057915755 -0.025489843 -0.043181375 0.009962406 0.998692334
1769789913.835022 0.677806020 -0.339232624 0.076512188 -0.012505359 -0.042779196 0.001188630 0.999005616
1769789913.868365 0.675391972 -0.339911073 0.074369334 -0.007994216 -0.044083830 0.002306327 0.998993218
1769789913.901695 0.668474138 -0.355482906 0.070491396 -0.007509682 -0.044355255 0.003000342 0.998983145
1769789913.935017 0.669867158 -0.355487257 0.069298312 -0.003280369 -0.046922814 0.003316517 0.998887658
1769789913.968353 0.668640554 -0.362333536 0.063515052 -0.000624259 -0.048789702 0.003782977 0.998801708
1769789914.001695 0.666298568 -0.367685884 0.059905045 0.002335696 -0.049960211 0.004886597 0.998736560
1769789914.101696 0.668518841 -0.395482719 0.050266530 0.009878092 -0.055297162 0.006637825 0.998399019
1769789914.135018 0.667611301 -0.399065316 0.047649685 0.014076246 -0.056718811 0.008858121 0.998251736
1769789914.168358 0.662262797 -0.409100354 0.046793245 0.016158633 -0.058705434 0.007544036 0.998116076
1769789914.201700 0.662025094 -0.415544987 0.044229813 0.019273793 -0.062490184 0.008268600 0.997825265
1769789914.235022 0.661619663 -0.424419791 0.039584346 0.021176511 -0.065761745 0.007861512 0.997579634
1769789914.268354 0.662816823 -0.430939764 0.034789488 0.024199242 -0.069874175 0.008479659 0.997226238
1769789914.368358 0.646573901 -0.468113244 0.058427896 0.032794107 -0.080447301 0.007830587 0.996188462
1769789914.401685 0.641171813 -0.476142168 0.058327604 0.035706483 -0.084023923 0.006220786 0.995804429
1769789914.435023 0.630200088 -0.480377674 0.069062479 0.038440242 -0.087233640 0.002229955 0.995443523
1769789914.501688 0.632302344 -0.487920702 0.079094008 0.044860139 -0.099116184 0.004084218 0.994055748
1769789914.535034 0.627372861 -0.489729404 0.081517309 0.047729060 -0.103707388 0.000434651 0.993461907
1769789914.568350 0.631005704 -0.491249532 0.063335642 0.050783262 -0.109225161 0.001552019 0.992717743
1769789914.635026 0.628897488 -0.491279453 0.066507153 0.055542655 -0.119393870 0.003049477 0.991287470
1769789914.668356 0.624411702 -0.496750355 0.065782569 0.055626597 -0.123458579 0.001638639 0.990788043
1769789914.701689 0.629958153 -0.494514883 0.059267510 0.057657242 -0.128625482 0.006373644 0.989995241
1769789914.735027 0.622896731 -0.492253095 0.059534915 0.058518231 -0.131018817 0.005591038 0.989635527
1769789914.768353 0.627834916 -0.500783741 0.043978337 0.056789864 -0.135056555 0.005076856 0.989196122
1769789914.801700 0.619471371 -0.490034699 0.070444934 0.058358140 -0.136436075 0.009250287 0.988885224
1769789914.868361 0.609526038 -0.497692704 0.078112498 0.054242771 -0.135937408 0.008288355 0.989196658
1769789914.935026 0.571954608 -0.616123855 0.155366793 0.015501793 -0.130271196 0.016087191 0.991226733
1769789914.935026 0.571954608 -0.616123855 0.155366793 0.015501793 -0.130271196 0.016087191 0.991226733
1769789914.935026 0.571954608 -0.616123855 0.155366793 0.015501793 -0.130271196 0.016087191 0.991226733
1769789914.935026 0.571954608 -0.616123855 0.155366793 0.015501793 -0.130271196 0.016087191 0.991226733
1769789914.935026 0.571954608 -0.616123855 0.155366793 0.015501793 -0.130271196 0.016087191 0.991226733
1769789915.135017 0.312496245 -0.520182669 0.217636660 -0.029186599 -0.084913790 0.011483935 0.995894551
1769789915.235022 0.309606194 -0.608127713 -0.002702410 -0.057695515 -0.082559645 0.008705294 0.994876564
1769789915.268360 0.299011320 -0.603733540 0.023543740 -0.062166434 -0.080804706 0.007123808 0.994763911
1769789915.301697 0.291911095 -0.613435745 0.018581238 -0.066959143 -0.078947753 0.005625887 0.994611561
1769789915.335021 0.285232276 -0.620814085 0.023378236 -0.071382016 -0.076997206 0.005555570 0.994457245
1769789915.368352 0.275476098 -0.623647392 0.031856179 -0.074344806 -0.074787661 0.004579363 0.994413793
1769789915.401695 0.275321543 -0.634677887 0.023418730 -0.077971876 -0.074135073 0.003328352 0.994189799
1769789915.501722 0.255560845 -0.658384919 0.025015790 -0.084095150 -0.069106437 0.001547299 0.994057298
1769789915.535018 0.210733488 -0.664762020 0.012710695 -0.084328532 -0.063634939 0.002696817 0.994400322
1769789915.568362 0.240339726 -0.672089159 0.030976839 -0.085986063 -0.065679044 0.001012135 0.994128644
1769789915.601684 0.199840471 -0.677723348 0.014898356 -0.085044168 -0.061170589 0.002123089 0.994495451
1769789915.635017 0.194696710 -0.684106171 0.015477629 -0.085039876 -0.059773114 0.002243707 0.994580507
1769789915.668352 0.186525241 -0.694098115 0.017002640 -0.085078165 -0.058162302 0.002068990 0.994673133
1769789915.768354 0.169817612 -0.710912287 0.024273226 -0.081717402 -0.053901896 0.002223175 0.995194435
1769789915.868357 0.168255165 -0.711592972 0.024943870 -0.074602731 -0.051698491 0.001559164 0.995871127
1769789915.901690 0.169294655 -0.710180819 0.026469640 -0.071518362 -0.051241472 0.002005177 0.996120155
1769789915.935030 0.171879336 -0.709642828 0.034496807 -0.068833165 -0.050900716 0.001575630 0.996327579
1769789915.968357 0.171612397 -0.709249973 0.037532117 -0.065684415 -0.050046206 0.002045589 0.996582508
1769789916.001683 0.172471106 -0.709764123 0.035950024 -0.063203983 -0.050005578 0.001468591 0.996746004
1769789916.068354 0.174102008 -0.704415858 0.048709568 -0.058544461 -0.048686877 0.002229710 0.997094333
1769789916.168355 0.173928902 -0.704447627 0.050719239 -0.052891009 -0.047636189 0.002126678 0.997461259
1769789916.201702 0.175215840 -0.704348981 0.051524419 -0.051007878 -0.047393996 0.002324254 0.997570395
1769789916.235024 0.174333885 -0.703356028 0.051786229 -0.049230095 -0.046961062 0.001887733 0.997681081
1769789916.268352 0.173715159 -0.704055011 0.050358269 -0.047901887 -0.046843704 0.002091982 0.997750878
1769789916.301684 0.173538625 -0.701525867 0.053514998 -0.046453364 -0.046589669 0.001546129 0.997832179
1769789916.335018 0.174407050 -0.704180837 0.050102606 -0.046063304 -0.046307765 0.002319107 0.997861922
1769789916.435015 0.173695624 -0.699866831 0.054640885 -0.044146847 -0.045458660 0.002058442 0.997988164
1769789916.468360 0.172782660 -0.702563941 0.048196431 -0.043239817 -0.045475174 0.002749430 0.998025537
1769789916.501689 0.174107805 -0.701314688 0.054936126 -0.041934401 -0.045445636 0.002902923 0.998082101
1769789916.535019 0.173296735 -0.701363623 0.054038007 -0.040794834 -0.045332853 0.002882777 0.998134494
1769789916.568352 0.173058674 -0.699106812 0.051050618 -0.039291941 -0.045602839 0.002828058 0.998182654
1769789916.601686 0.173038676 -0.701899230 0.048825409 -0.038871374 -0.045754727 0.003138024 0.998191237
1769789916.701690 0.172298715 -0.703376114 0.044775713 -0.037590221 -0.045827184 0.003633522 0.998235285
1769789916.768353 0.171875492 -0.704707742 0.042183287 -0.036854587 -0.045982074 0.004088729 0.998253822
1769789916.801687 0.173019588 -0.702547908 0.045228057 -0.036355272 -0.046452165 0.004083395 0.998250425
1769789916.835032 0.171673805 -0.702837408 0.043719549 -0.036187384 -0.046191707 0.004289529 0.998267710
1769789916.868356 0.171631590 -0.701901138 0.045278899 -0.035795119 -0.046249188 0.004155443 0.998279750
1769789916.901690 0.170232639 -0.701637566 0.043070693 -0.035698276 -0.046431608 0.004322468 0.998274088
1769789916.968359 0.170543998 -0.701546609 0.044902362 -0.035946820 -0.046654116 0.004687097 0.998253167
1769789917.035020 0.168789402 -0.702462792 0.040093515 -0.036533501 -0.046781231 0.004913090 0.998224795
1769789917.068362 0.168536037 -0.703178346 0.036238104 -0.036827203 -0.047031328 0.005156267 0.998201072
1769789917.101690 0.167678967 -0.702911258 0.038270380 -0.037282880 -0.046847653 0.005185862 0.998192608
1769789917.135038 0.167336330 -0.702349424 0.035218116 -0.037702296 -0.047010466 0.005208271 0.998169124
1769789917.168355 0.165735871 -0.704182684 0.030476013 -0.038279302 -0.047358342 0.005374937 0.998129785
1769789917.235018 0.167131647 -0.697033346 0.043061342 -0.038635761 -0.047377583 0.004953418 0.998117328
1769789917.335044 0.164538488 -0.699650049 0.035926212 -0.041067667 -0.047814641 0.005021464 0.997999072
1769789917.368350 0.165317237 -0.699957311 0.034458153 -0.041472536 -0.048136316 0.005927908 0.997961819
1769789917.401692 0.164110586 -0.700081229 0.030507339 -0.041945904 -0.048123542 0.006216370 0.997940898
1769789917.435020 0.163806871 -0.700152755 0.031150261 -0.042893894 -0.048383176 0.006042831 0.997889102
1769789917.468358 0.162187204 -0.700131059 0.029659314 -0.043865167 -0.048306365 0.005715698 0.997852564
1769789917.535019 0.161016956 -0.703625381 0.020847546 -0.045850031 -0.048859946 0.006025025 0.997734606
1769789917.635019 0.158531114 -0.703588188 0.013174372 -0.048312742 -0.049171723 0.007346362 0.997594118
1769789917.668360 0.159155577 -0.702516854 0.019483509 -0.049321711 -0.049312096 0.006155516 0.997545958
1769789917.701686 0.160640061 -0.703123689 0.028441163 -0.050358228 -0.049385991 0.006732061 0.997486711
1769789917.735018 0.160248488 -0.698824763 0.030219520 -0.051385947 -0.049495611 0.007030629 0.997426808
1769789917.768350 0.158148184 -0.689658701 0.025023315 -0.051067576 -0.049525201 0.005606067 0.997450709
1769789917.835025 0.153980672 -0.666110754 0.026462048 -0.050550230 -0.048941579 0.005822455 0.997504652
1769789917.901692 0.157877833 -0.656935453 0.008060885 -0.051737320 -0.050291557 0.003299582 0.997388184
1769789917.935026 0.156690434 -0.639554977 0.016176492 -0.050944004 -0.050043724 0.003951090 0.997439146
1769789918.001631 0.150354713 -0.610052466 0.022627713 -0.049532846 -0.049506824 0.005148761 0.997531474
1769789918.034966 0.141508400 -0.615246117 0.018606460 -0.051647093 -0.048332192 0.005434872 0.997480333
1769789918.068310 0.146628842 -0.595848262 0.010208750 -0.050463747 -0.049094882 0.003822890 0.997511148
1769789918.101632 0.145190045 -0.579925299 0.015241236 -0.049530890 -0.049103372 0.004306498 0.997555554
1769789918.168306 0.145123795 -0.556735635 0.012486768 -0.049459796 -0.049177259 0.004163632 0.997556031
1769789918.234964 0.144475654 -0.535139203 0.016105337 -0.049105544 -0.049156088 0.003334939 0.997577727
1769789918.368307 0.139252871 -0.481551409 0.026908493 -0.047270913 -0.048425656 0.005112611 0.997694552
1769789918.401638 0.139564246 -0.469558746 0.027192263 -0.046923187 -0.048638128 0.005091248 0.997700751
1769789918.468336 0.139571488 -0.449508786 0.027145073 -0.047221754 -0.048314691 0.004925640 0.997703135
1769789918.534967 0.146680847 -0.428322375 0.001534188 -0.047619056 -0.049113847 0.004648590 0.997646570
1769789918.568308 0.148163319 -0.420916170 -0.000990956 -0.048286021 -0.049266119 0.005641746 0.997601867
1769789918.601645 0.145744860 -0.409537911 0.000439328 -0.047286086 -0.049597587 -0.005420207 0.997634590
1769789918.634985 0.133907497 -0.401538014 -0.009309331 -0.047458209 -0.049141578 -0.017626716 0.997508049
1769789918.668314 0.129610524 -0.388783783 -0.008031475 -0.046426982 -0.049736377 -0.030021625 0.997230947
1769789918.701639 0.126955301 -0.376318872 -0.008057841 -0.045084357 -0.050522238 -0.041618306 0.996836483
1769789918.768299 0.122839846 -0.354496896 -0.013774962 -0.043803826 -0.051770400 -0.066650622 0.995469153
1769789918.801643 0.120501399 -0.342215955 -0.010613656 -0.042896975 -0.052561939 -0.078907959 0.994570613
1769789918.834971 0.118538506 -0.331746697 -0.010151980 -0.042287331 -0.053001326 -0.089803256 0.993648887
1769789918.868306 0.114175729 -0.321215034 -0.006172023 -0.042083934 -0.053441029 -0.102218971 0.992433548
1769789918.901645 0.113511801 -0.309872031 -0.006638863 -0.041062813 -0.054436442 -0.113573149 0.991187036
1769789918.934966 0.111617230 -0.300097138 -0.011185180 -0.040536601 -0.054697916 -0.125385940 0.989769340
1769789919.001648 0.118775398 -0.278146416 -0.018606074 -0.037983388 -0.057311732 -0.147227064 0.986710131
1769789919.034974 0.108976081 -0.268989325 -0.023348074 -0.037905745 -0.057064299 -0.156529799 0.985294521
1769789919.068309 0.108610317 -0.258652240 -0.028845835 -0.036806818 -0.057988998 -0.166366026 0.983669162
1769789919.101642 0.108628526 -0.251379281 -0.034990482 -0.036565449 -0.058414236 -0.175730512 0.982023239
1769789919.168302 0.116704255 -0.229011714 -0.021863492 -0.034509379 -0.059767392 -0.195639431 0.978244483
1769789919.201664 0.117015533 -0.220498085 -0.024331940 -0.033809111 -0.059510410 -0.204815745 0.976404667
1769789919.301635 0.116090544 -0.191815764 -0.024933022 -0.031903673 -0.059412427 -0.230392411 0.970758319
1769789919.334991 0.119315550 -0.186981738 -0.025852749 -0.031538345 -0.059872556 -0.238381252 0.968811095
1769789919.368307 0.121251546 -0.178950682 -0.028883304 -0.031006301 -0.060302921 -0.245202854 0.967097640
1769789919.401644 0.121424407 -0.168756261 -0.022625159 -0.029877272 -0.060219392 -0.252101362 0.965363085
1769789919.434972 0.121733434 -0.160841718 -0.027391762 -0.029870529 -0.060569234 -0.258729279 0.963586211
1769789919.468313 0.125078261 -0.156252936 -0.026698105 -0.029456455 -0.060721405 -0.266139686 0.961569011
1769789919.568299 0.131115884 -0.135892957 -0.029216122 -0.027935673 -0.060908254 -0.284116715 0.956445217
1769789919.601667 0.133951306 -0.129754886 -0.026481999 -0.027292341 -0.060907830 -0.289258957 0.954921246
1769789919.634985 0.135927260 -0.126809046 -0.027732344 -0.027318520 -0.060937256 -0.294646263 0.953270137
1769789919.668297 0.138964698 -0.121706262 -0.026847702 -0.026847290 -0.060506281 -0.299157411 0.951904953
1769789919.701638 0.138494447 -0.113676935 -0.029051907 -0.026359329 -0.059773576 -0.304218054 0.950359821
1769789919.734976 0.142607465 -0.111539066 -0.030846480 -0.026491497 -0.059856627 -0.308407813 0.948999524
1769789919.834967 0.150577188 -0.094094247 -0.001527423 -0.026273239 -0.060278654 -0.320847720 0.944845498
1769789919.868350 0.154545769 -0.090805747 -0.003658960 -0.025874628 -0.060550094 -0.323745370 0.943850219
1769789919.901638 0.158725560 -0.087798454 -0.008781793 -0.025463726 -0.060837608 -0.326058894 0.943046153
1769789919.934972 0.164382875 -0.086623721 -0.014861155 -0.025549024 -0.061036550 -0.328313440 0.942248464
1769789919.968325 0.169581234 -0.084757224 -0.020788273 -0.025011061 -0.061179183 -0.330182999 0.941600084
1769789920.001645 0.175386637 -0.082061902 -0.026184227 -0.024301806 -0.061393015 -0.331819892 0.941029191
1769789920.101665 0.188605934 -0.082013860 -0.037710030 -0.024364479 -0.061501134 -0.336001188 0.939535677
1769789920.168305 0.197299570 -0.082867742 -0.042140033 -0.024199728 -0.061591260 -0.337190837 0.939107716
1769789920.201635 0.205120400 -0.082921833 -0.045840200 -0.024034748 -0.062193546 -0.336551487 0.939301610
1769789920.234962 0.207896918 -0.086427569 -0.040648028 -0.024291234 -0.061936807 -0.337160558 0.939093471
1769789920.268296 0.211537167 -0.088336468 -0.030250113 -0.024919357 -0.061953846 -0.337297767 0.939026594
1769789920.301660 0.222620040 -0.091241091 -0.028171159 -0.025161769 -0.063128687 -0.337935805 0.938712478
1769789920.401629 0.226332098 -0.096399978 -0.025845002 -0.025278347 -0.060783841 -0.334315419 0.940159321
1769789920.434974 0.240869403 -0.100483447 -0.025164705 -0.025163025 -0.061713759 -0.331195265 0.941205561
1769789920.468303 0.237252310 -0.105985120 -0.023985244 -0.025935706 -0.060675181 -0.330565840 0.941473424
1769789920.534964 0.260018587 -0.112246558 -0.023847142 -0.025885297 -0.061675940 -0.323022068 0.944024861
1769789920.568297 0.263363719 -0.120345980 -0.018530253 -0.027043415 -0.060683865 -0.320882559 0.944785953
1769789920.601638 0.271149576 -0.123810530 -0.016395355 -0.026956739 -0.060712110 -0.317192167 0.946032047
1769789920.668301 0.285407364 -0.136011407 -0.005036103 -0.027842795 -0.060448892 -0.307943016 0.949074209
1769789920.734976 0.299682945 -0.151733071 -0.006980926 -0.029002413 -0.060171410 -0.297467530 0.952392459
1769789920.768302 0.308512539 -0.153114527 0.010837956 -0.028365949 -0.059848264 -0.290184319 0.954676211
1769789920.868311 0.333753616 -0.173413068 0.023925599 -0.029372921 -0.059130173 -0.268020451 0.961148262
1769789920.901679 0.338677824 -0.178062186 0.029581983 -0.029004894 -0.057917524 -0.259950548 0.963446975
1769789920.968310 0.354565322 -0.195140690 0.036685582 -0.030131925 -0.057092406 -0.240744248 0.968439341
1769789921.035012 0.360659420 -0.204203829 0.032214254 -0.028970720 -0.052450407 -0.223477498 0.972865582
1769789921.068302 0.364567548 -0.214806452 0.021978745 -0.028946165 -0.050764773 -0.214229777 0.975033700
1769789921.101634 0.363858134 -0.215802610 0.030856134 -0.027931442 -0.046979945 -0.207243592 0.976761401
1769789921.134969 0.372566223 -0.220303938 0.026892735 -0.025990224 -0.046050247 -0.198259294 0.978722215
1769789921.168308 0.368555903 -0.225520879 0.037894346 -0.025514673 -0.041117191 -0.191966206 0.980207801
1769789921.234971 0.412663370 -0.261989295 0.037009284 -0.030477194 -0.047851127 -0.168684170 0.984036148
1769789921.301633 0.436407566 -0.280273020 0.018642914 -0.027892560 -0.049308900 -0.156905621 0.985987484
1769789921.334964 0.442457438 -0.287412167 0.018534670 -0.025147667 -0.047357269 -0.152210578 0.986892581
1769789921.401634 0.467945457 -0.317659467 0.034812231 -0.025401212 -0.049182944 -0.148141742 0.987415791
1769789921.434962 0.473709881 -0.318412244 0.037201297 -0.020285835 -0.046793904 -0.147363931 0.987766504
1769789921.468299 0.477422357 -0.325485379 0.036193147 -0.016316136 -0.044050802 -0.147962436 0.987876713
1769789921.534967 0.486323327 -0.334510773 0.043468554 -0.007555251 -0.037911572 -0.145664364 0.988578558
1769789921.568300 0.491590858 -0.336588442 0.046266537 -0.002737499 -0.034759767 -0.145154506 0.988794446
1769789921.601641 0.499122053 -0.347398490 0.055320337 -0.000644885 -0.032547474 -0.144100159 0.989027500
1769789921.668295 0.508174062 -0.353866786 0.071426317 0.008060886 -0.025396908 -0.140921965 0.989662111
1769789921.701639 0.530229867 -0.378086835 0.056705385 0.007381979 -0.027076492 -0.140096337 0.989740074
1769789921.734964 0.534423888 -0.381738603 0.061354581 0.011643649 -0.023539776 -0.139543995 0.989867628
1769789921.801631 0.555960238 -0.399949968 0.056793407 0.018445630 -0.020717097 -0.136718512 0.990221500
1769789921.834976 0.563401699 -0.410470515 0.056373298 0.020779703 -0.017599938 -0.136470273 0.990269899
1769789921.868306 0.578769445 -0.429181784 0.053876616 0.021108434 -0.016374171 -0.136410579 0.990292192
1769789921.934965 0.571820796 -0.436846644 0.079708762 0.025248423 -0.003288189 -0.135332465 0.990473032
1769789921.968297 0.574131668 -0.441461235 0.082075357 0.026885550 0.002306357 -0.135679066 0.990385354
1769789922.001630 0.566803992 -0.436365217 0.088265166 0.029874166 0.009600020 -0.134884268 0.990364373
1769789922.101631 0.557989359 -0.434330195 0.108789548 0.035372514 0.030449433 -0.136057675 0.989600956
1769789922.134961 0.567112029 -0.451060265 0.116276942 0.033341125 0.034660496 -0.136188880 0.989514947
1769789922.168301 0.572552323 -0.461846948 0.115708016 0.032394674 0.039658025 -0.135769174 0.989416301
1769789922.201636 0.567050278 -0.455299258 0.132363707 0.035758525 0.048561513 -0.136231348 0.988839805
1769789922.301630 0.599027395 -0.485800326 0.146100953 0.033407230 0.061000798 -0.133383483 0.988621116
1769789922.334970 0.613484979 -0.498771012 0.147513464 0.031665947 0.063420713 -0.132577166 0.988634646
1769789922.401648 0.633993030 -0.529435456 0.156092376 0.024736660 0.067247592 -0.131385848 0.988738418
1769789922.468321 0.652421534 -0.532085776 0.151653171 0.022276383 0.067869879 -0.132880285 0.988554657
1769789922.601641 0.682344019 -0.534600079 0.139068007 -0.027153458 0.049177609 -0.117627971 0.991467595
1769789922.634971 0.691431999 -0.533848107 0.141964063 -0.034782335 0.043293394 -0.109702691 0.992411852
1769789922.701650 0.710877120 -0.548041523 0.134259552 -0.050029848 0.029990466 -0.097621329 0.993512809
1769789922.768313 0.731707096 -0.556755483 0.146424130 -0.063016877 0.019823469 -0.083105706 0.994348705
1769789922.801648 0.745834768 -0.565162897 0.146571204 -0.069575116 0.013687058 -0.075393997 0.994629502
1769789922.834970 0.756931126 -0.569597244 0.145075440 -0.074853495 0.008761452 -0.068302631 0.994814038
1769789922.868311 0.761363387 -0.572925746 0.136387110 -0.078722276 0.005530436 -0.066292979 0.994674563
1769789922.901628 0.767268419 -0.575253010 0.143489674 -0.083065376 0.002411192 -0.061573368 0.994637132
1769789922.934967 0.778373063 -0.580202341 0.146247000 -0.086962588 -0.001227232 -0.054951027 0.994694173
1769789923.001631 0.804687440 -0.596637487 0.145520061 -0.094681896 -0.010374714 -0.043429699 0.994505703
1769789923.034969 0.815321207 -0.600019991 0.155756935 -0.097317122 -0.013430312 -0.038941566 0.994400680
1769789923.068301 0.829298675 -0.606763601 0.157836989 -0.099544667 -0.017301865 -0.032554816 0.994349897
1769789923.101638 0.838901639 -0.615238547 0.160584748 -0.101572156 -0.020188281 -0.027892640 0.994232118
1769789923.134968 0.840069652 -0.617786586 0.151998013 -0.101004943 -0.020199506 -0.023259165 0.994408906
1769789923.168305 0.847019196 -0.621626377 0.155726761 -0.101518482 -0.021970080 -0.018732689 0.994414628
1769789923.234967 0.871017039 -0.636974275 0.157989636 -0.102836877 -0.027488170 -0.009535328 0.994272709
1769789923.268295 0.881219149 -0.640626252 0.159258917 -0.102291375 -0.029833039 -0.005147661 0.994293749
1769789923.368298 0.903777599 -0.654060721 0.155259132 -0.099434070 -0.034255546 0.004556370 0.994443893
1769789923.401631 0.910736918 -0.654913664 0.172413126 -0.098208338 -0.034792736 0.006982463 0.994533062
1769789923.434970 0.915308177 -0.660713077 0.175800964 -0.097114146 -0.035744600 0.008857656 0.994591773
1769789923.468301 0.906152487 -0.655106723 0.172960281 -0.094291136 -0.035014149 0.006323095 0.994908690
1769789923.501644 0.879753470 -0.646936774 0.150166839 -0.090229757 -0.031373233 0.001666275 0.995425344
1769789923.534964 0.883715749 -0.651230872 0.152402610 -0.088318370 -0.031816203 0.002107126 0.995581865
1769789923.634969 0.898933768 -0.663342297 0.156100854 -0.080676086 -0.033345848 0.006611974 0.996160567
1769789923.668298 0.894083261 -0.658422887 0.152385280 -0.076521873 -0.032428306 0.005272591 0.996526539
1769789923.701638 0.892180145 -0.654097974 0.151802927 -0.072438866 -0.031802893 0.004799658 0.996854186
1769789923.734962 0.892047346 -0.651033998 0.154439673 -0.069129236 -0.031611189 0.003981969 0.997098804
1769789923.768295 0.896299124 -0.650061607 0.149352163 -0.065924078 -0.032052211 0.004532631 0.997299492
1769789923.834964 0.889163375 -0.652594566 0.142710373 -0.061149549 -0.030639235 0.004450043 0.997648299
1769789923.934969 0.901897907 -0.660526454 0.139622509 -0.056476761 -0.031781584 0.005330307 0.997883737
1769789923.968301 0.904935002 -0.661422193 0.140435591 -0.054387577 -0.031813737 0.006044634 0.997994721
1769789924.001669 0.910794377 -0.659547865 0.144937545 -0.051883381 -0.032205049 0.007104577 0.998108506
1769789924.034965 0.915258467 -0.661429882 0.147038504 -0.050634090 -0.032572094 0.007290860 0.998159349
1769789924.068308 0.918773353 -0.661092162 0.148592114 -0.049115948 -0.032562558 0.007814498 0.998231590
1769789924.134994 0.929027796 -0.661886394 0.154864505 -0.046644624 -0.033270892 0.009123730 0.998315632
1769789924.234976 0.939897001 -0.654029906 0.162593767 -0.042311970 -0.033985842 0.009072697 0.998485088
1769789924.268337 0.945017278 -0.651030838 0.161759108 -0.041373372 -0.034609102 0.008538305 0.998507738
1769789924.334989 0.949862599 -0.649247169 0.167781606 -0.041098475 -0.035384402 0.008552843 0.998491764
1769789924.368320 0.953202248 -0.648019075 0.164419353 -0.040528800 -0.035951465 0.009852970 0.998482823
1769789924.434966 0.964493990 -0.644272327 0.160794854 -0.038308997 -0.036680367 0.011964869 0.998520792
1769789924.534961 0.969313860 -0.635293424 0.163950413 -0.034951992 -0.036027398 0.012155965 0.998665512
1769789924.568295 0.974841118 -0.627983332 0.167421103 -0.033675540 -0.036433112 0.011835082 0.998698413
1769789924.601638 0.977841437 -0.622772396 0.167789966 -0.032589372 -0.036592778 0.011647160 0.998730838
1769789924.634962 0.979271293 -0.617481768 0.166788742 -0.031616867 -0.036411896 0.011210263 0.998773694
1769789924.668300 0.977484643 -0.619557798 0.165211722 -0.031710111 -0.035612993 0.012254491 0.998787284
1769789924.701647 0.973444045 -0.623187542 0.161515445 -0.032405838 -0.034649473 0.012430862 0.998796701
1769789924.801636 0.968878567 -0.620365024 0.150449499 -0.031878434 -0.033239279 0.013700096 0.998844981
1769789924.834972 0.972411156 -0.619313180 0.154651225 -0.032318629 -0.033365767 0.013926117 0.998823464
1769789924.868295 0.964628339 -0.605274677 0.151006430 -0.030179841 -0.031979855 0.014124395 0.998932958
1769789924.901659 0.975025058 -0.606035411 0.153108686 -0.031274516 -0.033271369 0.013686663 0.998863161
1769789924.934968 0.975521624 -0.600975394 0.151193440 -0.030910471 -0.032892611 0.013271050 0.998892605
1769789924.968360 0.977330506 -0.593068779 0.152470335 -0.030385176 -0.032850187 0.012548563 0.998919487
1769789925.101686 0.979374528 -0.576661766 0.146415398 -0.030523909 -0.032456644 0.012576409 0.998927832
1769789925.135026 0.976785123 -0.575472057 0.144088045 -0.030754583 -0.031809900 0.013362385 0.998931348
1769789925.168356 0.976513028 -0.575726092 0.145088583 -0.031522006 -0.031384945 0.014669862 0.998902500
1769789925.201691 0.977636635 -0.574696898 0.144681111 -0.032367740 -0.031440753 0.014754273 0.998872459
1769789925.235018 0.975793302 -0.565509856 0.142534092 -0.031865362 -0.030954191 0.014482888 0.998907745
1769789925.268355 0.979643345 -0.564311862 0.144571602 -0.032667290 -0.031336568 0.015294380 0.998857856
1769789925.468355 0.982277393 -0.523232579 0.147985011 -0.032985847 -0.030701222 0.015606748 0.998862267
1769789925.501694 0.982370079 -0.513270736 0.145658776 -0.032385413 -0.030783800 0.014827031 0.998891234
1769789925.535035 0.981845260 -0.503979683 0.144771859 -0.032382149 -0.030641895 0.013514061 0.998914301
1769789925.568357 0.981491983 -0.492518187 0.144766480 -0.032228153 -0.030617325 0.012563388 0.998932481
1769789925.601698 0.979881346 -0.479404330 0.144998729 -0.031339772 -0.030167304 0.012382922 0.998976707
1769789925.701687 0.979665220 -0.438648492 0.145169273 -0.029408175 -0.029793303 0.012358841 0.999046981
1769789925.735038 0.981324553 -0.434650749 0.135924980 -0.030053951 -0.029637856 0.013127076 0.999022603
1769789925.768357 0.979770422 -0.429835618 0.137922376 -0.030927144 -0.029457619 0.012942732 0.999003649
1769789925.801698 0.980896831 -0.427950829 0.138290539 -0.031489775 -0.029855112 0.013867620 0.998961926
1769789925.835021 0.979185998 -0.422203988 0.140721902 -0.031900838 -0.029296279 0.014647305 0.998954237
1769789925.868356 0.991991401 -0.429678261 0.134761006 -0.033786505 -0.031425789 0.016968608 0.998790741
1769789925.968363 0.992260158 -0.421573937 0.136198059 -0.036654010 -0.031155102 0.018743133 0.998666406
1769789926.001687 0.991313338 -0.420016587 0.136373773 -0.037806943 -0.030864401 0.019189697 0.998623967
1769789926.035022 0.990320146 -0.419665724 0.132755846 -0.038897283 -0.030940652 0.019568380 0.998572409
1769789926.068367 0.991804063 -0.414815247 0.133911088 -0.039610501 -0.031230528 0.020677872 0.998512983
1769789926.101685 0.988461375 -0.413106322 0.130377635 -0.040289108 -0.030854283 0.018811649 0.998534381
1769789926.135027 0.990641177 -0.409958303 0.135372847 -0.041542985 -0.031118840 0.019671621 0.998458207
1769789926.235026 0.996489882 -0.400526583 0.139211431 -0.043783296 -0.032417122 0.023208795 0.998245239
1769789926.268362 0.993791521 -0.395407766 0.137357801 -0.044493288 -0.032249607 0.021584630 0.998255670
1769789926.301704 0.990563631 -0.387048990 0.136814475 -0.044576470 -0.031689402 0.020415720 0.998294532
1769789926.335030 0.987484455 -0.381842792 0.134987727 -0.045393728 -0.031416900 0.019249691 0.998289526
1769789926.368358 0.986013055 -0.377356291 0.132907033 -0.045926850 -0.031464148 0.018080881 0.998285472
1769789926.401704 0.984959662 -0.371783972 0.133765072 -0.046427075 -0.031663962 0.017140830 0.998272598
1769789926.501699 0.980918169 -0.347485363 0.131020010 -0.046709619 -0.031740665 0.018174961 0.998238683
1769789926.568350 0.977650642 -0.335737169 0.126257643 -0.047796149 -0.032030061 0.017151473 0.998196125
1769789926.601700 0.974519134 -0.331784755 0.126007795 -0.048464376 -0.031748585 0.016075211 0.998190820
1769789926.635042 0.973664999 -0.327289939 0.120912887 -0.048923086 -0.031787377 0.016351489 0.998162746
1769789926.668366 0.972457647 -0.315872461 0.120257728 -0.048467126 -0.032102730 0.016781775 0.998167694
1769789926.701700 0.971316695 -0.309082776 0.120571919 -0.048513979 -0.032703038 0.016792413 0.998145759
1769789926.768358 0.968020141 -0.298710763 0.113765910 -0.049356345 -0.032862090 0.015834834 0.998114944
1769789926.868380 0.959373295 -0.282535851 0.110502243 -0.050460771 -0.032369573 0.013511849 0.998109877
1769789926.935031 0.958533645 -0.266353250 0.107238509 -0.049530495 -0.033500645 0.015347280 0.998092651
1769789927.001685 0.951957166 -0.256731451 0.105749562 -0.050293602 -0.033222605 0.012891883 0.998098493
1769789927.068356 0.944884300 -0.246963456 0.104023747 -0.050858721 -0.032917336 0.012485404 0.998085201
1769789927.168358 0.937043309 -0.232688725 0.098767437 -0.050530676 -0.033670884 0.012586171 0.998075426
1769789927.201709 0.934501112 -0.228896514 0.096959814 -0.050413702 -0.033742487 0.012856990 0.998075485
1769789927.235031 0.930586398 -0.224905699 0.094147801 -0.050931264 -0.033466790 0.011221747 0.998078227
1769789927.268387 0.927703977 -0.219156176 0.094546355 -0.050622467 -0.033837125 0.010535838 0.998088956
1769789927.301690 0.924428642 -0.213559955 0.091850638 -0.050173234 -0.034032863 0.010150641 0.998108983
1769789927.335044 0.925432503 -0.208025903 0.090361819 -0.049684476 -0.035051040 0.012024846 0.998077333
1769789927.401731 0.913793623 -0.208014533 0.091282211 -0.051314380 -0.034092419 0.010574900 0.998044491
1769789927.435053 0.910076559 -0.204162762 0.088803910 -0.051168974 -0.034133203 0.010237008 0.998054087
1769789927.468376 0.905421436 -0.202895686 0.086120352 -0.051886104 -0.033878855 0.008508265 0.998041987
1769789927.501695 0.902541757 -0.201047242 0.084400721 -0.051978998 -0.034113206 0.008539170 0.998028874
1769789927.535043 0.895285547 -0.201197460 0.080452040 -0.052380487 -0.033042353 0.008223637 0.998046517
1769789927.568369 0.893359900 -0.197243065 0.080539867 -0.052014578 -0.033576477 0.007696850 0.998052061
1769789927.601704 0.891450107 -0.193563804 0.080308095 -0.051456001 -0.033707917 0.008497787 0.998070061
1769789927.635041 0.885844886 -0.195358396 0.077165380 -0.052634630 -0.033382066 0.007458070 0.998027921
1769789927.735022 0.880401969 -0.192373335 0.079446130 -0.052901484 -0.035516411 0.008545282 0.997931361
1769789927.768353 0.876921356 -0.192248419 0.077943400 -0.052989658 -0.035779145 0.008564460 0.997917175
1769789927.801686 0.874341428 -0.193991616 0.074988373 -0.053596586 -0.036086895 0.008530620 0.997873962
1769789927.835033 0.872073352 -0.193228677 0.074023373 -0.053084634 -0.036678638 0.008792919 0.997877419
1769789927.868356 0.866231263 -0.193062231 0.074286118 -0.052712493 -0.036568463 0.008928554 0.997900069
1769789927.901688 0.862456501 -0.194224358 0.074623086 -0.052976418 -0.036667045 0.008545099 0.997885823
1769789928.001686 0.854542255 -0.197393417 0.074285768 -0.053083297 -0.037937727 0.009843228 0.997820616
1769789928.035023 0.847122669 -0.199443191 0.078421861 -0.053399961 -0.037300002 0.008430404 0.997840703
1769789928.068359 0.846466482 -0.199788973 0.080828570 -0.053049915 -0.038466096 0.009462750 0.997805893
1769789928.101702 0.843192399 -0.203236148 0.080075048 -0.053496230 -0.038927630 0.009671994 0.997762144
1769789928.135023 0.839154482 -0.203662440 0.083695449 -0.053088587 -0.039400436 0.009995775 0.997762144
1769789928.168358 0.835610449 -0.206890211 0.083803348 -0.053199109 -0.039697297 0.009983670 0.997744679
1769789928.301693 0.820529103 -0.219915554 0.080620959 -0.052864835 -0.040766381 0.010103389 0.997718096
1769789928.335017 0.816789150 -0.224243224 0.075691387 -0.052749932 -0.041109469 0.010165753 0.997709453
1769789928.368351 0.811903358 -0.230425417 0.073252752 -0.053067163 -0.040405467 0.012064420 0.997700214
1769789928.401685 0.806845784 -0.235333100 0.064173885 -0.052721892 -0.040109977 0.011503193 0.997737110
1769789928.435017 0.806160033 -0.238802865 0.062441796 -0.052057840 -0.041421141 0.013002197 0.997699976
1769789928.468353 0.799788952 -0.242443696 0.067566209 -0.052311420 -0.040883586 0.011284249 0.997729778
1769789928.601688 0.784095168 -0.263039857 0.060259517 -0.051037986 -0.041584358 0.014584389 0.997723997
1769789928.635020 0.776728928 -0.269527674 0.065729529 -0.051872965 -0.040976766 0.012002209 0.997740448
1769789928.668360 0.772849381 -0.272996545 0.066121519 -0.050811786 -0.041191526 0.012849687 0.997775674
1769789928.701704 0.768176079 -0.283443540 0.060122635 -0.051116869 -0.041549880 0.013590476 0.997735441
1769789928.735017 0.765434206 -0.287517458 0.060785677 -0.050571971 -0.041790567 0.014435824 0.997741282
1769789928.768350 0.760142267 -0.293437153 0.058522586 -0.049973123 -0.041569259 0.015073427 0.997771323
1769789928.901684 0.746019423 -0.320201933 0.050045211 -0.047815446 -0.042450909 0.017306220 0.997803628
1769789928.935026 0.741034627 -0.326717049 0.049353138 -0.047229905 -0.042255003 0.017002685 0.997845113
1769789928.968354 0.737574220 -0.335531205 0.041930646 -0.046336517 -0.042745370 0.018880287 0.997832298
1769789929.001686 0.730534196 -0.343740225 0.043813288 -0.046549644 -0.042442624 0.017522465 0.997860074
1769789929.035028 0.724573433 -0.350427479 0.043037552 -0.045953475 -0.041918542 0.018267578 0.997896552
1769789929.068361 0.719611108 -0.356276691 0.038903810 -0.044616178 -0.041989110 0.017614422 0.997965991
1769789929.168355 0.705604434 -0.381914735 0.025614070 -0.042171452 -0.042564791 0.017454408 0.998050690
1769789929.201691 0.703770578 -0.388077766 0.020552712 -0.039813221 -0.043583173 0.017792901 0.998097599
1769789929.235016 0.698776484 -0.394874275 0.016108966 -0.037801482 -0.043563213 0.017538136 0.998181224
1769789929.268354 0.695958853 -0.404987812 0.010736255 -0.035883550 -0.044211693 0.017248530 0.998228550
1769789929.301687 0.692864895 -0.410650074 0.004894542 -0.032989576 -0.044814933 0.016847320 0.998308361
1769789929.335024 0.686458468 -0.418023020 0.005469974 -0.030657865 -0.044803597 0.015460462 0.998405576
1769789929.435022 0.670443714 -0.440650880 0.002483040 -0.023588508 -0.045654293 0.012384936 0.998601973
1769789929.468352 0.670017481 -0.444600224 -0.002027062 -0.019912636 -0.047375180 0.013278894 0.998590469
1769789929.501690 0.671140611 -0.447835177 -0.007187624 -0.016258340 -0.049498752 0.014214014 0.998540699
1769789929.535023 0.664609671 -0.456818551 -0.007881654 -0.014184977 -0.050275661 0.014276225 0.998532593
1769789929.568366 0.664589643 -0.459048390 -0.013006888 -0.009907817 -0.052075371 0.016078191 0.998464584
1769789929.601689 0.662419736 -0.470081896 -0.016483691 -0.008051741 -0.053317159 0.017838236 0.998385847
1769789929.701691 0.657108247 -0.506728947 -0.023045842 -0.001299121 -0.056412157 0.019102199 0.998223960
1769789929.735030 0.650990009 -0.511669457 -0.020551438 0.001857269 -0.056903940 0.019393886 0.998189569
1769789929.768355 0.649997413 -0.514699638 -0.023837326 0.005032083 -0.059596084 0.018402746 0.998040259
1769789929.801689 0.639196277 -0.526935160 -0.011061839 0.004090314 -0.060703814 0.012250624 0.998072267
1769789929.835028 0.632423103 -0.521792889 0.004249079 0.009953748 -0.063003823 0.011128156 0.997901618
1769789929.868355 0.629049599 -0.531836271 0.005477099 0.012259064 -0.066313803 0.010564962 0.997667611
1769789929.968396 0.616849840 -0.567984402 0.008250912 0.020211251 -0.078495413 0.009392508 0.996665359
1769789930.035025 0.612232804 -0.586812735 -0.000754869 0.025065618 -0.087272137 0.007984856 0.995837092
1769789930.068385 0.598455429 -0.594080091 0.035212692 0.029088715 -0.090504542 0.005663977 0.995455027
1769789930.101704 0.595763028 -0.596762776 0.034310382 0.032422364 -0.095555902 0.004514344 0.994885683
1769789930.135014 0.593342364 -0.595162988 0.036490411 0.035828490 -0.100347608 0.003104282 0.994302273
1769789930.168377 0.586472332 -0.591427565 0.053470865 0.039446071 -0.105182514 0.003922893 0.993662596
1769789930.301717 0.576114655 -0.585214615 0.076231331 0.047390953 -0.123664066 0.006609756 0.991169810
1769789930.368359 0.574043036 -0.585864723 0.082187623 0.047584131 -0.129497752 0.009667396 0.990390182
1769789930.401701 0.568929017 -0.584883392 0.092206717 0.046631712 -0.130700618 0.008734544 0.990286112
1769789930.435032 0.568983197 -0.581048727 0.104073353 0.046828363 -0.131999388 0.012129265 0.990068793
1769789930.468357 0.561987638 -0.581208646 0.107403770 0.045489378 -0.130454123 0.011758059 0.990340471
1769789930.601693 0.442910641 -0.573564351 0.070803441 -0.007081998 -0.109092280 0.012633412 0.993926108
1769789930.635017 0.441419214 -0.585598707 0.058116525 -0.017579554 -0.106356293 0.012586299 0.994093001
1769789930.668361 0.432882845 -0.589575648 0.062657803 -0.025580045 -0.103145301 0.012035074 0.994264483
1769789930.701693 0.427072853 -0.594560027 0.062606364 -0.032296930 -0.100902595 0.011032660 0.994310796
1769789930.735020 0.417792261 -0.599129319 0.067927413 -0.038905360 -0.098224528 0.010417774 0.994348943
1769789930.768354 0.406517565 -0.596824110 0.081815474 -0.043844052 -0.095251314 0.008647414 0.994449675
1769789930.868351 0.394597411 -0.621093214 0.077431366 -0.061935898 -0.090788625 0.007369455 0.993915081
1769789930.901683 0.387983501 -0.622290432 0.085420489 -0.065873466 -0.089151107 0.005554555 0.993821919
1769789930.935016 0.380646229 -0.626320362 0.092364900 -0.069667287 -0.087610453 0.004734606 0.993704498
1769789930.968359 0.373955727 -0.632657528 0.093526796 -0.073336929 -0.085380830 0.004587010 0.993635118
1769789931.001692 0.372616500 -0.646103919 0.078726932 -0.076935865 -0.084543116 0.004968391 0.993432760
1769789931.035028 0.360601038 -0.643549740 0.095192246 -0.078627758 -0.082224332 0.002597915 0.993503988
1769789931.135016 0.349548012 -0.671870530 0.084088214 -0.084663443 -0.078404352 0.003877229 0.993312538
1769789931.168355 0.345875919 -0.681123912 0.079369515 -0.086000405 -0.077523433 0.002421321 0.993271470
1769789931.201686 0.342565089 -0.685808718 0.080183476 -0.086798847 -0.076296873 0.002956619 0.993295610
1769789931.235024 0.335844576 -0.689717889 0.081365369 -0.086472429 -0.074499913 0.002127219 0.993462503
1769789931.268349 0.334940046 -0.694762349 0.081325650 -0.086538598 -0.073819011 0.001961222 0.993507981
1769789931.301698 0.328492165 -0.705296576 0.077477068 -0.086999416 -0.072417364 0.002069911 0.993570626
1769789931.401686 0.315264732 -0.719847560 0.078526288 -0.085042894 -0.068998605 0.000993478 0.993984878
1769789931.435020 0.312926322 -0.723063946 0.080345348 -0.083802462 -0.068363145 0.001184799 0.994133949
1769789931.468351 0.310767710 -0.726182103 0.082055368 -0.082498014 -0.067509659 0.001619634 0.994300783
1769789931.501683 0.308929116 -0.723951638 0.085503817 -0.080695547 -0.066367604 0.001185863 0.994526148
1769789931.535019 0.299186170 -0.730505526 0.089225709 -0.079650708 -0.065070570 0.000681912 0.994696498
1769789931.568353 0.308170825 -0.724016309 0.086056881 -0.076551251 -0.065318152 0.001259919 0.994923055
1769789931.768370 0.312060654 -0.720618188 0.093255162 -0.064891346 -0.062502027 0.002130458 0.995930791
1769789931.801695 0.312184751 -0.720788360 0.091409169 -0.063232847 -0.062272143 0.002986104 0.996049643
1769789931.835035 0.316454232 -0.718594313 0.100692324 -0.062154863 -0.062345840 0.001889660 0.996115565
1769789931.868355 0.312001079 -0.718781769 0.098231673 -0.061607763 -0.061236862 0.003480327 0.996214092
1769789931.901683 0.311910838 -0.717592180 0.096780024 -0.060958967 -0.060568206 0.003291874 0.996295571
1769789932.035026 0.311667353 -0.719361126 0.094342344 -0.056732289 -0.059279032 0.003868327 0.996620536
1769789932.068348 0.311993361 -0.718313813 0.095102668 -0.055506464 -0.059075166 0.003871984 0.996701658
1769789932.101697 0.311968446 -0.717497706 0.095101506 -0.054368656 -0.059009951 0.003972345 0.996767879
1769789932.135024 0.313157946 -0.716754973 0.096673675 -0.053596955 -0.058949169 0.002843757 0.996817112
1769789932.168357 0.321396708 -0.710490704 0.101282023 -0.052119728 -0.059550799 0.003038858 0.996859133
1769789932.268353 0.309387237 -0.715793431 0.097360685 -0.051447943 -0.057862055 0.004101730 0.996989667
1769789932.301687 0.308031648 -0.716379225 0.098918863 -0.050927743 -0.057418060 0.004119496 0.997041941
1769789932.335025 0.307973385 -0.719520032 0.097138859 -0.051060457 -0.057429057 0.004676805 0.997032046
1769789932.368359 0.306830257 -0.718144178 0.097859487 -0.050673842 -0.056856066 0.004403256 0.997085929
1769789932.401685 0.306398094 -0.717704594 0.098644383 -0.050451629 -0.056701425 0.004271728 0.997106493
1769789932.435013 0.305046409 -0.717401326 0.096474051 -0.050160538 -0.056491002 0.003775400 0.997135103
1769789932.501685 0.305696756 -0.718581557 0.094805777 -0.050134584 -0.056156520 0.004246249 0.997153401
1769789932.601698 0.311630785 -0.715030491 0.091914259 -0.049976073 -0.056777164 0.004342778 0.997125804
1769789932.635031 0.313550919 -0.710759580 0.093626454 -0.049679209 -0.056935199 0.003520143 0.997134924
1769789932.668347 0.314379096 -0.706793368 0.093865432 -0.049462266 -0.056850538 0.003779564 0.997149587
1769789932.701687 0.309395432 -0.711175263 0.094577663 -0.049825139 -0.055969901 0.004476498 0.997178435
1769789932.735022 0.308768868 -0.715441704 0.093184240 -0.050909106 -0.055800594 0.004582381 0.997132719
1769789932.768350 0.308266371 -0.715522349 0.090107173 -0.051301286 -0.055521663 0.005070424 0.997125804
1769789932.901684 0.309081763 -0.718972564 0.082785137 -0.053257175 -0.055301405 0.005704237 0.997032046
1769789932.935031 0.307199955 -0.715048969 0.086055972 -0.053399317 -0.054738380 0.006021775 0.997053683
1769789932.968372 0.317163676 -0.705428958 0.092519999 -0.052758761 -0.055828847 0.004964463 0.997033179
1769789933.001661 0.308346599 -0.694759727 0.087219961 -0.051516842 -0.054555006 0.004924881 0.997168779
1769789933.034996 0.309142262 -0.693483889 0.082443468 -0.052403066 -0.054596737 0.005086532 0.997119486
1769789933.068350 0.309966952 -0.682126284 0.085201845 -0.051345896 -0.054603532 0.005121947 0.997173965
1769789933.201671 0.311488241 -0.655220449 0.080864795 -0.050631680 -0.054259531 0.004515304 0.997232139
1769789933.234993 0.312640548 -0.655399382 0.079046965 -0.051307749 -0.054265670 0.004581677 0.997196972
1769789933.334996 0.312500089 -0.629294276 0.077924863 -0.049817454 -0.053785440 0.004256075 0.997300029
1769789933.368322 0.315888762 -0.618688524 0.081125148 -0.049246989 -0.054187845 0.004147347 0.997307003
1769789933.401669 0.315310806 -0.616801262 0.076332018 -0.049634244 -0.053816848 0.004003633 0.997308433
1769789933.501657 0.322094202 -0.589387894 0.079947464 -0.048647407 -0.054043386 0.003966793 0.997345030
1769789933.535013 0.322874367 -0.585217059 0.082706995 -0.048823915 -0.054023802 0.005020310 0.997332692
1769789933.568334 0.326356471 -0.580182970 0.078187801 -0.048909664 -0.054408960 0.004808947 0.997308612
1769789933.601655 0.327176630 -0.570442140 0.076210052 -0.048034921 -0.054490160 0.004130275 0.997349679
1769789933.635012 0.328552395 -0.561282456 0.078981318 -0.047344230 -0.054565657 0.003774952 0.997380018
1769789933.668334 0.330409467 -0.557674348 0.074285530 -0.047905739 -0.054606806 0.004089979 0.997349679
1769789933.768322 0.337399125 -0.534888327 0.080887437 -0.046673957 -0.054900035 0.003067739 0.997395694
1769789933.801667 0.338825375 -0.527479053 0.080767937 -0.046435546 -0.054732911 0.002572360 0.997417390
1769789933.834997 0.337759912 -0.535021186 0.063863538 -0.048626229 -0.054412279 0.004532797 0.997323573
1769789933.868321 0.343353212 -0.518774152 0.074390024 -0.047037538 -0.054537974 0.003644293 0.997396529
1769789933.901654 0.345793486 -0.515184581 0.071658626 -0.047314271 -0.054587632 0.003862463 0.997379899
1769789933.968316 0.351294547 -0.503165185 0.073773518 -0.047466259 -0.054663230 0.004638706 0.997365296
1769789934.034986 0.357078493 -0.491534531 0.070349947 -0.046731103 -0.055125348 0.004962624 0.997372925
1769789934.068320 0.358580649 -0.485383451 0.070933104 -0.046283860 -0.055144511 0.004388309 0.997395456
1769789934.101654 0.361820459 -0.482400507 0.065233462 -0.046722129 -0.055220865 0.004412543 0.997370660
1769789934.134984 0.362665951 -0.478649765 0.066207513 -0.047099002 -0.055002268 0.003587000 0.997368336
1769789934.168319 0.365445703 -0.473245353 0.069735944 -0.046873741 -0.055261146 0.004105096 0.997362673
1769789934.201656 0.363178104 -0.476121902 0.057749219 -0.048183735 -0.054207537 0.004130104 0.997357965
1769789934.268318 0.367232800 -0.465901226 0.057320543 -0.047591582 -0.053947892 0.003170796 0.997403979
1769789934.301650 0.370447993 -0.461321384 0.057229351 -0.047444988 -0.054282587 0.003169158 0.997392833
1769789934.334986 0.372358948 -0.456474215 0.058088444 -0.047566883 -0.054235540 0.002364073 0.997391820
1769789934.368326 0.373844564 -0.453025401 0.056089304 -0.047307711 -0.054103639 0.002283538 0.997411489
1769789934.401650 0.379143298 -0.449541539 0.057075273 -0.047520299 -0.054712087 0.003219934 0.997365594
1769789934.468324 0.390786946 -0.437391728 0.065903619 -0.046876542 -0.055407371 0.002883603 0.997358680
1769789934.534984 0.395313382 -0.434044987 0.065476350 -0.047896020 -0.055143826 0.003264896 0.997323692
1769789934.601659 0.397176743 -0.432648122 0.059542820 -0.048585445 -0.054985929 0.004285877 0.997295201
1769789934.634986 0.399514705 -0.430242300 0.059861559 -0.048776839 -0.054749344 0.004686985 0.997296989
1769789934.668319 0.403194457 -0.429723948 0.058604993 -0.049178667 -0.054744102 0.005243754 0.997274876
1769789934.701652 0.405805469 -0.430318445 0.053883292 -0.049810149 -0.054756183 0.005421704 0.997241914
1769789934.801660 0.412960261 -0.419261485 0.056842741 -0.048755530 -0.054825887 0.004097097 0.997296453
1769789934.834987 0.415295988 -0.416176677 0.058227658 -0.048268907 -0.054825924 0.003119773 0.997323751
1769789934.935032 0.430251509 -0.406348109 0.065436587 -0.047996994 -0.056193855 0.003953259 0.997257710
1769789934.968343 0.433628231 -0.403085560 0.067425691 -0.047658715 -0.056303654 0.003827161 0.997268319
1769789935.034989 0.437817872 -0.403803021 0.065368190 -0.048278097 -0.055858791 0.004309616 0.997261465
1769789935.134993 0.445531756 -0.402819872 0.061266802 -0.048432101 -0.056210168 0.004855775 0.997231781
1769789935.168340 0.448011786 -0.401867330 0.060757011 -0.048413847 -0.055682477 0.005172049 0.997260690
1769789935.234989 0.452497721 -0.405710280 0.047007885 -0.049222410 -0.055233337 0.005309760 0.997245312
1769789935.268324 0.454144299 -0.407042772 0.039448451 -0.049239174 -0.055052307 0.005586707 0.997253001
1769789935.301654 0.461545229 -0.407672852 0.038598336 -0.049458742 -0.055907767 0.004806378 0.997198641
1769789935.334998 0.463923395 -0.412247151 0.031471483 -0.050185405 -0.055757288 0.005600129 0.997166634
1769789935.401685 0.467866361 -0.414614409 0.021527857 -0.050490838 -0.055653244 0.005740862 0.997156203
1769789935.434988 0.471117020 -0.413772345 0.017738888 -0.050090592 -0.055945281 0.005599234 0.997160852
1769789935.501651 0.480144948 -0.408883721 0.019470971 -0.048927914 -0.056474373 0.005052954 0.997191668
1769789935.535005 0.478993148 -0.415815920 0.010833018 -0.049850129 -0.056119256 0.005958768 0.997161090
1769789935.568322 0.481743991 -0.411350280 0.017283140 -0.049127020 -0.056150015 0.004776334 0.997201562
1769789935.601663 0.482958615 -0.411275327 0.023696799 -0.049058337 -0.056568053 0.004998376 0.997180223
1769789935.668321 0.484966576 -0.411688954 0.021591099 -0.048833169 -0.055922732 0.004386794 0.997230589
1769789935.701652 0.489158392 -0.410616726 0.022896538 -0.048521675 -0.056521818 0.004390493 0.997211993
1769789935.768321 0.492458194 -0.413531214 0.021441747 -0.048889782 -0.056566827 0.004236168 0.997192144
1769789935.801652 0.494232416 -0.412852257 0.022123225 -0.048648559 -0.056461595 0.004217039 0.997209907
1769789935.834981 0.495032579 -0.417736143 0.017100884 -0.049357362 -0.056151845 0.004558112 0.997191131
1769789935.868320 0.499403775 -0.416027069 0.020788074 -0.049203705 -0.056553189 0.004550960 0.997176051
1769789935.934988 0.505835116 -0.414758623 0.013262189 -0.048700448 -0.057336379 0.003989408 0.997158468
1769789935.968319 0.495629787 -0.426646233 0.018621054 -0.050249781 -0.055544574 0.004282653 0.997181773
1769789936.034982 0.497681111 -0.429473072 0.016770435 -0.050317612 -0.055407297 0.004137277 0.997186601
1769789936.068324 0.497286797 -0.427938819 0.021856738 -0.049925648 -0.055048257 0.003817319 0.997227430
1769789936.101648 0.500794828 -0.427336514 0.021958828 -0.049724583 -0.055947490 0.004097011 0.997186363
1769789936.134982 0.512116909 -0.420684665 0.023805995 -0.048621535 -0.057061628 0.004471937 0.997175992
1769789936.201663 0.516920626 -0.422157556 0.022128167 -0.048591744 -0.057683375 0.003260500 0.997146368
1769789936.234982 0.511725187 -0.420589685 0.024808310 -0.047942255 -0.056485500 0.003829854 0.997244418
1769789936.301661 0.513951480 -0.422887594 0.023890624 -0.048109327 -0.056605749 0.003718400 0.997229934
1769789936.334989 0.514120638 -0.421793669 0.025641760 -0.047590911 -0.056185152 0.003590638 0.997279048
1769789936.368321 0.517564774 -0.421958119 0.030533615 -0.047791425 -0.056678016 0.004059553 0.997239769
1769789936.401658 0.517278790 -0.424888730 0.025270423 -0.047931183 -0.056443896 0.004030301 0.997246444
1769789936.468317 0.519210100 -0.426196396 0.025296073 -0.047943305 -0.057115912 0.003267918 0.997210443
1769789936.501656 0.525003850 -0.428721189 0.025547765 -0.048514891 -0.057994641 0.004029636 0.997129261
1769789936.601657 0.526055634 -0.434264362 0.026202846 -0.048730470 -0.057995308 0.004310622 0.997117579
1769789936.635006 0.524047792 -0.436268598 0.024939381 -0.048718028 -0.057764251 0.004406298 0.997131109
1769789936.668318 0.523162603 -0.437065661 0.025090765 -0.048624542 -0.057575174 0.004039882 0.997148156
1769789936.701656 0.524205625 -0.437193483 0.025831642 -0.048732713 -0.057886742 0.004221926 0.997124135
1769789936.801651 0.526744664 -0.438960671 0.030345619 -0.048780639 -0.058206711 0.004977803 0.997099698
1769789936.834990 0.528214097 -0.439113528 0.030286806 -0.048662830 -0.058328040 0.004852966 0.997098923
1769789936.934982 0.529173434 -0.441353738 0.032395098 -0.048740614 -0.058680814 0.004698551 0.997075200
1769789936.968316 0.530783415 -0.443127930 0.030893030 -0.048964448 -0.059114788 0.005202537 0.997036099
1769789937.001653 0.532192528 -0.442028344 0.033696815 -0.048872747 -0.059594464 0.005713055 0.997009277
1769789937.034983 0.539242029 -0.437148780 0.030562833 -0.048227340 -0.060019147 0.004587419 0.997020960
1769789937.101650 0.535757065 -0.439202517 0.033789869 -0.048828900 -0.059393778 0.004284176 0.997030497
1769789937.134989 0.536546946 -0.439701647 0.032222625 -0.048921589 -0.059398074 0.004119754 0.997026384
1769789937.235001 0.537051022 -0.439344049 0.033643477 -0.049047329 -0.059592456 0.003714999 0.997010231
1769789937.268337 0.537309170 -0.438574076 0.036362220 -0.049071390 -0.059501026 0.004150643 0.997012734
1769789937.334989 0.538077652 -0.440022379 0.033303287 -0.049316213 -0.059971888 0.003894123 0.996973515
1769789937.435000 0.538440049 -0.443452209 0.028467085 -0.050076339 -0.060266025 0.003779423 0.996918321
1769789937.468331 0.539308071 -0.442795873 0.031597722 -0.050229058 -0.060337927 0.003623642 0.996906877
1769789937.534997 0.539256454 -0.442919940 0.030573286 -0.050391451 -0.060238250 0.003811248 0.996904016
1769789937.568323 0.540136695 -0.441821039 0.033186089 -0.050204139 -0.060242694 0.003801231 0.996913195
1769789937.601669 0.540139794 -0.442258358 0.032918293 -0.050313354 -0.060372520 0.003360136 0.996901453
1769789937.634991 0.541508734 -0.442259431 0.033429887 -0.050124634 -0.060524855 0.003689170 0.996900558
1769789937.668316 0.542284429 -0.439761460 0.036604732 -0.049665347 -0.061076887 0.003288053 0.996891260
1769789937.701656 0.543076456 -0.440808237 0.038172647 -0.050022606 -0.061184090 0.003936466 0.996864498
1769789937.734994 0.539860785 -0.441527098 0.034108061 -0.049698312 -0.060506847 0.003150054 0.996924818
1769789937.768327 0.539135754 -0.440274715 0.033671692 -0.049236387 -0.060494155 0.003093840 0.996948719
1769789937.801656 0.540584981 -0.439605802 0.035284881 -0.049212135 -0.060870562 0.002998712 0.996927321
1769789937.834993 0.540269494 -0.439301699 0.035679653 -0.049082275 -0.060728129 0.002916397 0.996942580
1769789937.868316 0.540733993 -0.440746576 0.035494681 -0.049401220 -0.060809627 0.002884798 0.996922016
1769789937.901653 0.540380895 -0.440822214 0.034947868 -0.049479946 -0.061005287 0.003089866 0.996905506
1769789937.934997 0.549348295 -0.439675182 0.036748655 -0.049400155 -0.062201731 0.003132144 0.996835411
1769789938.001664 0.550519109 -0.439170748 0.041098878 -0.049389441 -0.062396277 0.003451129 0.996822774
1769789938.034985 0.551108956 -0.440136194 0.040779982 -0.049711589 -0.062600739 0.003611077 0.996793330
1769789938.068319 0.551384807 -0.440358251 0.039447606 -0.049695637 -0.062753804 0.003698046 0.996784210
1769789938.135072 0.551076412 -0.440340757 0.039415170 -0.049651410 -0.062613979 0.003814198 0.996794760
1769789938.168328 0.551574826 -0.439975381 0.039708417 -0.049566276 -0.062825531 0.003756865 0.996785879
1769789938.201653 0.551791310 -0.440345645 0.040787168 -0.049680378 -0.062929191 0.003600856 0.996774256
1769789938.268349 0.551638842 -0.439257413 0.041233711 -0.049431562 -0.062975332 0.003935163 0.996782422
1769789938.335003 0.550246537 -0.440041900 0.039473016 -0.049437381 -0.062538899 0.003517359 0.996811152
1769789938.401664 0.550959289 -0.439952224 0.037676532 -0.049319349 -0.062850192 0.003617561 0.996797085
1769789938.434991 0.549842775 -0.439268380 0.038161531 -0.049376246 -0.062620401 0.003156466 0.996810317
1769789938.468320 0.551410377 -0.438119650 0.041570067 -0.049072869 -0.062792078 0.003941420 0.996811688
1769789938.501647 0.552148819 -0.439609349 0.041450027 -0.049519241 -0.063139595 0.003733422 0.996768475
1769789938.601653 0.554692864 -0.440488726 0.042272922 -0.049863078 -0.063461870 0.004262018 0.996728718
1769789938.634987 0.555006683 -0.441557378 0.041610289 -0.050078832 -0.063541293 0.004628402 0.996711254
1769789938.768317 0.551327169 -0.441894621 0.036605418 -0.049527287 -0.062567219 0.005371764 0.996796668
1769789938.801661 0.552407086 -0.441865116 0.036022414 -0.049554862 -0.062931053 0.005098217 0.996773839
1769789938.834982 0.552400708 -0.442301542 0.037134003 -0.049790855 -0.062926084 0.005153362 0.996762097
1769789938.901652 0.551473856 -0.442187577 0.035924744 -0.049614679 -0.062594019 0.005387457 0.996790528
1769789938.934989 0.551212966 -0.442060858 0.035588041 -0.049556565 -0.062666267 0.005186081 0.996789992
1769789939.001656 0.551009715 -0.441389024 0.036280427 -0.049417552 -0.062581904 0.005301693 0.996801555
1769789939.034992 0.551225483 -0.441217005 0.036523916 -0.049398556 -0.062639624 0.005322692 0.996798754
1769789939.068326 0.551756263 -0.441865921 0.036812596 -0.049582802 -0.062762946 0.005462251 0.996781111
1769789939.101681 0.550981820 -0.441810876 0.036299445 -0.049539857 -0.062597655 0.005239812 0.996794879
1769789939.134988 0.551230550 -0.441509277 0.036868848 -0.049456228 -0.062616087 0.005192668 0.996798098
1769789939.201654 0.551277339 -0.441443712 0.036584094 -0.049421594 -0.062630467 0.005177863 0.996798933
1769789939.268331 0.551692188 -0.441971898 0.035875749 -0.049568247 -0.062853456 0.005047410 0.996778309
