1769781769.560626 1.861987411 1.014163855 1.081012107 0.709926975 0.008442463 -0.004781930 -0.704208455
1769781769.572172 1.862400449 1.014155635 1.081138391 0.709921426 0.008436509 -0.004752924 -0.704214317
1769781769.583362 1.862778062 1.014145100 1.081258327 0.709900698 0.008420430 -0.004750385 -0.704235422
1769781769.594306 1.863146500 1.014133725 1.081365699 0.709879388 0.008404489 -0.004746746 -0.704257117
1769781769.604984 1.863510142 1.014118488 1.081473938 0.709852503 0.008395611 -0.004761683 -0.704284221
1769781769.615848 1.863907448 1.014104311 1.081577402 0.709827318 0.008366402 -0.004753316 -0.704310009
1769781769.626664 1.864296652 1.014088194 1.081672721 0.709801274 0.008336688 -0.004739663 -0.704336700
1769781769.637820 1.864738354 1.014070537 1.081769221 0.709776295 0.008299284 -0.004707487 -0.704362530
1769781769.648509 1.865144802 1.014051463 1.081851424 0.709756834 0.008275305 -0.004678991 -0.704382612
1769781769.659237 1.865553434 1.014031135 1.081925330 0.709743378 0.008242600 -0.004653493 -0.704396722
1769781769.670002 1.865967010 1.014007153 1.081992528 0.709736347 0.008212745 -0.004650955 -0.704404172
1769781769.680458 1.866365382 1.013982644 1.082054815 0.709730953 0.008186946 -0.004644179 -0.704409951
1769781769.691113 1.866770357 1.013957771 1.082110123 0.709728337 0.008160456 -0.004636338 -0.704412946
1769781769.701631 1.867184336 1.013930612 1.082163835 0.709725182 0.008139816 -0.004616590 -0.704416493
1769781769.712211 1.867596476 1.013902067 1.082209383 0.709726094 0.008130148 -0.004589062 -0.704415867
1769781769.723044 1.868021132 1.013870106 1.082251981 0.709729956 0.008120799 -0.004557743 -0.704412287
1769781769.733755 1.868460617 1.013836383 1.082289050 0.709736718 0.008104626 -0.004526020 -0.704405864
1769781769.744562 1.868885784 1.013799495 1.082321159 0.709745599 0.008095059 -0.004511620 -0.704397118
1769781769.755257 1.869315999 1.013765285 1.082344617 0.709758723 0.008070275 -0.004486109 -0.704384342
1769781769.765899 1.869751075 1.013727480 1.082365709 0.709772798 0.008044752 -0.004481574 -0.704370479
1769781769.776598 1.870189551 1.013693695 1.082377922 0.709793506 0.008017933 -0.004467226 -0.704350009
1769781769.787308 1.870637356 1.013661872 1.082376625 0.709823155 0.007989491 -0.004445748 -0.704320589
1769781769.798081 1.871064375 1.013628356 1.082370978 0.709851334 0.007984252 -0.004451889 -0.704292209
1769781769.808712 1.871519805 1.013599226 1.082361083 0.709882079 0.007935858 -0.004437569 -0.704261858
1769781769.819375 1.871992631 1.013571370 1.082344700 0.709918123 0.007881434 -0.004416181 -0.704226270
1769781769.830113 1.872484711 1.013541181 1.082322430 0.709954081 0.007824088 -0.004379350 -0.704190888
1769781769.840601 1.872978785 1.013507597 1.082292787 0.709993642 0.007768853 -0.004338824 -0.704151864
1769781769.851219 1.873458768 1.013472472 1.082255476 0.710036066 0.007734090 -0.004296913 -0.704109726
1769781769.861943 1.873944516 1.013432707 1.082209185 0.710082629 0.007701422 -0.004256373 -0.704063372
1769781769.872429 1.874422065 1.013388816 1.082152624 0.710125158 0.007676375 -0.004228732 -0.704020916
1769781769.882975 1.874899649 1.013341342 1.082091338 0.710162652 0.007639394 -0.004205743 -0.703983635
1769781769.893931 1.875399565 1.013287813 1.082016083 0.710192830 0.007595118 -0.004195536 -0.703953731
1769781769.904468 1.875896957 1.013238522 1.081937068 0.710213331 0.007551667 -0.004173977 -0.703933644
1769781769.915105 1.876395914 1.013192950 1.081852696 0.710227270 0.007520205 -0.004146695 -0.703920078
1769781769.925658 1.876889722 1.013147334 1.081764106 0.710234298 0.007492292 -0.004117865 -0.703913454
1769781769.936392 1.877389327 1.013101727 1.081667968 0.710234849 0.007469749 -0.004099689 -0.703913244
1769781769.946982 1.877883930 1.013058574 1.081574638 0.710221743 0.007441114 -0.004084761 -0.703926857
1769781769.957636 1.878398644 1.013008787 1.081473464 0.710196714 0.007403716 -0.004062004 -0.703952635
1769781769.968292 1.878885918 1.012951727 1.081367133 0.710149311 0.007399646 -0.004063066 -0.704000493
1769781769.979251 1.879411901 1.012894170 1.081255268 0.710091400 0.007379525 -0.004026840 -0.704059324
1769781769.990223 1.879981953 1.012831483 1.081130318 0.710030302 0.007327700 -0.003981069 -0.704121741
1769781770.000793 1.880536989 1.012770935 1.080997760 0.709977685 0.007277402 -0.003934513 -0.704175578
1769781770.011424 1.881101411 1.012712035 1.080857281 0.709925925 0.007228095 -0.003880307 -0.704228570
1769781770.022012 1.881637329 1.012659797 1.080712574 0.709882740 0.007187002 -0.003836459 -0.704272763
1769781770.032935 1.882198074 1.012603287 1.080541012 0.709845957 0.007162233 -0.003795177 -0.704310313
1769781770.043452 1.882716955 1.012548514 1.080368294 0.709807851 0.007142186 -0.003762098 -0.704349097
1769781770.054003 1.883276144 1.012490889 1.080177777 0.709771663 0.007086192 -0.003729106 -0.704386305
1769781770.064525 1.883809362 1.012431415 1.079983673 0.709733652 0.007036227 -0.003721513 -0.704425145
1769781770.075112 1.884343118 1.012372912 1.079770520 0.709706949 0.006985501 -0.003718549 -0.704452569
1769781770.085823 1.884905484 1.012313350 1.079533813 0.709688247 0.006935518 -0.003701257 -0.704471995
1769781770.096422 1.885440914 1.012256903 1.079297101 0.709679064 0.006892672 -0.003687513 -0.704481738
1769781770.108552 1.885836456 1.012213048 1.079114753 0.709679204 0.006846058 -0.003677070 -0.704482106
1769781770.120359 1.886288125 1.012159767 1.078902496 0.709662258 0.006806640 -0.003681814 -0.704499534
1769781770.132972 1.886523857 1.012130431 1.078781034 0.709653834 0.006800072 -0.003688527 -0.704508048
1769781770.144467 1.887878490 1.011983682 1.078126285 0.709589429 0.006684928 -0.003596563 -0.704574494
1769781770.155501 1.888572698 1.011908478 1.077773701 0.709564152 0.006610810 -0.003522528 -0.704601024
1769781770.168825 1.889336981 1.011827991 1.077376446 0.709524863 0.006526972 -0.003460198 -0.704641678
1769781770.179427 1.889919110 1.011760873 1.077054260 0.709484419 0.006475929 -0.003427934 -0.704683029
1769781770.190517 1.890503440 1.011693187 1.076715063 0.709447802 0.006424743 -0.003398498 -0.704720505
1769781770.201507 1.891117812 1.011620173 1.076343779 0.709417184 0.006373856 -0.003354891 -0.704751997
1769781770.212218 1.891714369 1.011548984 1.075985674 0.709379097 0.006321460 -0.003308524 -0.704791025
1769781770.222908 1.892291572 1.011481085 1.075616211 0.709340381 0.006269645 -0.003284217 -0.704830568
1769781770.233743 1.892888915 1.011407704 1.075220869 0.709304131 0.006215735 -0.003261798 -0.704867629
1769781770.244417 1.893454865 1.011334758 1.074842974 0.709251191 0.006168877 -0.003237353 -0.704921423
1769781770.255294 1.894036223 1.011255485 1.074427264 0.709198768 0.006129338 -0.003215464 -0.704974609
1769781770.266037 1.894631246 1.011182316 1.074011652 0.709133350 0.006075464 -0.003185854 -0.705041013
1769781770.277070 1.895261296 1.011104536 1.073575009 0.709078215 0.005991463 -0.003134034 -0.705097415
1769781770.288112 1.895900665 1.011023217 1.073115195 0.709030377 0.005901270 -0.003076222 -0.705146535
1769781770.298910 1.896544985 1.010940789 1.072648800 0.708966236 0.005823033 -0.003008860 -0.705211964
1769781770.309902 1.897175267 1.010863740 1.072187850 0.708902220 0.005757774 -0.002939009 -0.705277146
1769781770.320574 1.897775321 1.010785322 1.071711256 0.708862699 0.005701492 -0.002885174 -0.705317547
1769781770.331689 1.898406197 1.010694878 1.071201823 0.708819895 0.005654871 -0.002812927 -0.705361231
1769781770.342496 1.899017178 1.010610273 1.070710030 0.708756227 0.005609567 -0.002747922 -0.705425823
1769781770.353071 1.899616595 1.010536101 1.070211474 0.708710481 0.005551456 -0.002692260 -0.705472457
1769781770.363683 1.900182303 1.010455821 1.069713674 0.708659790 0.005509544 -0.002660810 -0.705523825
1769781770.374264 1.900779531 1.010360360 1.069160149 0.708643038 0.005435005 -0.002639988 -0.705541307
1769781770.384798 1.901338423 1.010279485 1.068624812 0.708619028 0.005398443 -0.002614681 -0.705565797
1769781770.395689 1.901932944 1.010203107 1.068082860 0.708578828 0.005347856 -0.002567853 -0.705606726
1769781770.406239 1.902555163 1.010118604 1.067503055 0.708581910 0.005257302 -0.002495733 -0.705604570
1769781770.417013 1.903181331 1.010021976 1.066913286 0.708572884 0.005156041 -0.002441166 -0.705614572
1769781770.427779 1.903811568 1.009937465 1.066318017 0.708535370 0.005050004 -0.002392532 -0.705653174
1769781770.438419 1.904425423 1.009855927 1.065730501 0.708494614 0.004948508 -0.002345870 -0.705694971
1769781770.448843 1.905016319 1.009768541 1.065117196 0.708473089 0.004873806 -0.002294896 -0.705717268
1769781770.459630 1.905620155 1.009675565 1.064493505 0.708440473 0.004784449 -0.002245052 -0.705750782
1769781770.470183 1.906210007 1.009594258 1.063877008 0.708399259 0.004707753 -0.002198457 -0.705792812
1769781770.480952 1.906793771 1.009510332 1.063247520 0.708351443 0.004644206 -0.002139500 -0.705841404
1769781770.491784 1.907382691 1.009412700 1.062571931 0.708328831 0.004579222 -0.002094175 -0.705864656
1769781770.502454 1.907961446 1.009322746 1.061892821 0.708305677 0.004510389 -0.002057302 -0.705888441
1769781770.512979 1.908502532 1.009240891 1.061253980 0.708270723 0.004458989 -0.002024197 -0.705923936
1769781770.523620 1.909099789 1.009152358 1.060551579 0.708280145 0.004373245 -0.001960905 -0.705915197
1769781770.534347 1.909717737 1.009056305 1.059824131 0.708290839 0.004265419 -0.001902526 -0.705905287
1769781770.544926 1.910304004 1.008970057 1.059128565 0.708295931 0.004160571 -0.001853077 -0.705900935
1769781770.555770 1.910922329 1.008873791 1.058387466 0.708321828 0.004036980 -0.001795714 -0.705875815
1769781770.566435 1.911507265 1.008781269 1.057659427 0.708331712 0.003937811 -0.001744281 -0.705866586
1769781770.577200 1.912083833 1.008689157 1.056912124 0.708342057 0.003842005 -0.001703887 -0.705856831
1769781770.587976 1.912655857 1.008595063 1.056160510 0.708339516 0.003758967 -0.001650941 -0.705859954
1769781770.598636 1.913214121 1.008502309 1.055408985 0.708338097 0.003683394 -0.001596648 -0.705861902
1769781770.609366 1.913765207 1.008407506 1.054652303 0.708326541 0.003596120 -0.001555386 -0.705874039
1769781770.620050 1.914309663 1.008312162 1.053891078 0.708295551 0.003509836 -0.001515083 -0.705905658
1769781770.630652 1.914825309 1.008217560 1.053135018 0.708261630 0.003448414 -0.001475560 -0.705940078
1769781770.641252 1.915362749 1.008128700 1.052373064 0.708229616 0.003356924 -0.001429108 -0.705972733
1769781770.652041 1.915935611 1.008028373 1.051576569 0.708222352 0.003240203 -0.001344285 -0.705980732
1769781770.662645 1.916503177 1.007924794 1.050775566 0.708209333 0.003141211 -0.001254765 -0.705994405
1769781770.673277 1.917066214 1.007834836 1.049974114 0.708190947 0.003035981 -0.001165780 -0.706013460
1769781770.683781 1.917602640 1.007747154 1.049163533 0.708202321 0.002937844 -0.001090865 -0.706002586
1769781770.694422 1.918112308 1.007647324 1.048344988 0.708221537 0.002861203 -0.001028055 -0.705983719
1769781770.705003 1.918638289 1.007549048 1.047504821 0.708244738 0.002767499 -0.000963622 -0.705960907
1769781770.715782 1.919142404 1.007463120 1.046689720 0.708246186 0.002696936 -0.000897816 -0.705959815
1769781770.726524 1.919646069 1.007364772 1.045841967 0.708262767 0.002621755 -0.000835832 -0.705943539
1769781770.737227 1.920155756 1.007257908 1.044974556 0.708269410 0.002538819 -0.000763566 -0.705937259
1769781770.747703 1.920616222 1.007172808 1.044171243 0.708255199 0.002468751 -0.000710846 -0.705951820
1769781770.758482 1.921073438 1.007083107 1.043347886 0.708246582 0.002382906 -0.000674238 -0.705960797
1769781770.769058 1.921572724 1.006975219 1.042486773 0.708243923 0.002271105 -0.000603464 -0.705963896
1769781770.779549 1.922067378 1.006881816 1.041653951 0.708236911 0.002172453 -0.000502113 -0.705971322
1769781770.790355 1.922568848 1.006793016 1.040801689 0.708229537 0.002071521 -0.000398091 -0.705979089
1769781770.800881 1.923055401 1.006696377 1.039955669 0.708226648 0.001955097 -0.000306822 -0.705982365
1769781770.811440 1.923521990 1.006595762 1.039101526 0.708225753 0.001835764 -0.000235568 -0.705983609
1769781770.822599 1.923969939 1.006507562 1.038226521 0.708247031 0.001752822 -0.000157883 -0.705962496
1769781770.833159 1.924430799 1.006418905 1.037319001 0.708271619 0.001669461 -0.000077829 -0.705938043
1769781770.843728 1.924859725 1.006323044 1.036462130 0.708283270 0.001598675 0.000015326 -0.705926521
1769781770.854323 1.925280606 1.006223183 1.035588410 0.708311014 0.001536113 0.000111993 -0.705898814
1769781770.865337 1.925703497 1.006131559 1.034700563 0.708310625 0.001453539 0.000179566 -0.705899365
1769781770.875971 1.926110217 1.006045515 1.033841732 0.708320366 0.001376880 0.000260473 -0.705889719
1769781770.886564 1.926484170 1.005949611 1.032985525 0.708330284 0.001315013 0.000316484 -0.705879862
1769781770.897494 1.926880971 1.005854894 1.032111077 0.708332647 0.001229764 0.000390608 -0.705877607
1769781770.908200 1.927289369 1.005766378 1.031262553 0.708337641 0.001116346 0.000481056 -0.705872728
1769781770.919242 1.927706870 1.005673983 1.030386954 0.708350620 0.000992837 0.000573893 -0.705859819
1769781770.930526 1.928122687 1.005576670 1.029492692 0.708338769 0.000856509 0.000666335 -0.705871809
1769781770.941324 1.928513716 1.005484832 1.028589503 0.708351609 0.000728501 0.000739511 -0.705858994
1769781770.951846 1.928876851 1.005396492 1.027711745 0.708392079 0.000607133 0.000797787 -0.705818431
1769781770.962399 1.929225582 1.005308053 1.026873693 0.708417461 0.000525888 0.000884675 -0.705792917
1769781770.972908 1.929561722 1.005221328 1.026029765 0.708444441 0.000435615 0.000960888 -0.705765798
1769781770.983455 1.929901578 1.005135732 1.025193315 0.708459531 0.000323394 0.001031544 -0.705750610
1769781770.993911 1.930211896 1.005056409 1.024380923 0.708484285 0.000213383 0.001070770 -0.705725744
1769781771.004342 1.930515441 1.004972527 1.023565256 0.708511990 0.000095235 0.001101915 -0.705697908
1769781771.014872 1.930821692 1.004885948 1.022771395 0.708515888 -0.000012642 0.001160682 -0.705693906
1769781771.025379 1.931111800 1.004806400 1.021979026 0.708522287 -0.000112706 0.001217000 -0.705687378
1769781771.036013 1.931376606 1.004730447 1.021179812 0.708545594 -0.000191260 0.001257332 -0.705663889
1769781771.046456 1.931663563 1.004652033 1.020381511 0.708570230 -0.000277367 0.001334418 -0.705638981
1769781771.057137 1.931958557 1.004567176 1.019586850 0.708588504 -0.000393018 0.001419377 -0.705620410
1769781771.067709 1.932254364 1.004485059 1.018784851 0.708603252 -0.000501774 0.001517507 -0.705605326
1769781771.078254 1.932547221 1.004409533 1.018005771 0.708619254 -0.000616672 0.001622182 -0.705588932
1769781771.088950 1.932821158 1.004334882 1.017225185 0.708656048 -0.000712389 0.001710204 -0.705551680
1769781771.099690 1.933086547 1.004255103 1.016420922 0.708702227 -0.000806949 0.001783794 -0.705505011
1769781771.110081 1.933323062 1.004177519 1.015674740 0.708728658 -0.000905720 0.001841193 -0.705478192
1769781771.120973 1.933568524 1.004103512 1.014928079 0.708755589 -0.000997984 0.001915156 -0.705450814
1769781771.131738 1.933812777 1.004029652 1.014182065 0.708767874 -0.001083624 0.002010657 -0.705438079
1769781771.142564 1.934041037 1.003959910 1.013446689 0.708781882 -0.001157703 0.002091177 -0.705423653
1769781771.153004 1.934259477 1.003890358 1.012743305 0.708815386 -0.001254627 0.002149517 -0.705389647
1769781771.163960 1.934473473 1.003824260 1.012036095 0.708840244 -0.001351936 0.002201637 -0.705364327
1769781771.174666 1.934692888 1.003751877 1.011309568 0.708879170 -0.001446332 0.002264220 -0.705324821
1769781771.185101 1.934883178 1.003685591 1.010638290 0.708909201 -0.001537173 0.002308736 -0.705294302
1769781771.195619 1.935065744 1.003621429 1.009989611 0.708920901 -0.001638348 0.002347330 -0.705282186
1769781771.206123 1.935261694 1.003552626 1.009316860 0.708961850 -0.001753245 0.002385634 -0.705240619
1769781771.216610 1.935443927 1.003494481 1.008650987 0.709010770 -0.001838981 0.002436420 -0.705191045
1769781771.229692 1.935623484 1.003432977 1.007941781 0.709081910 -0.001908096 0.002477267 -0.705119187
1769781771.241420 1.935775048 1.003372725 1.007304586 0.709135830 -0.001938873 0.002531424 -0.705064683
1769781771.253333 1.936018284 1.003284129 1.006457176 0.709200664 -0.002050630 0.002607021 -0.704998877
1769781771.264373 1.936200813 1.003220246 1.005821054 0.709226084 -0.002162382 0.002652024 -0.704972802
1769781771.275241 1.936385303 1.003155779 1.005211364 0.709253530 -0.002273226 0.002714316 -0.704944604
1769781771.285923 1.936538681 1.003098931 1.004638879 0.709276399 -0.002359258 0.002763169 -0.704921122
1769781771.296580 1.936701153 1.003043065 1.004078637 0.709294808 -0.002444815 0.002832645 -0.704902032
1769781771.307457 1.936848604 1.002994546 1.003536443 0.709315984 -0.002507766 0.002900826 -0.704880225
1769781771.318268 1.936995643 1.002948385 1.002991322 0.709336045 -0.002555040 0.002980465 -0.704859535
1769781771.328920 1.937136779 1.002898863 1.002473229 0.709354777 -0.002621777 0.003035761 -0.704840202
1769781771.339375 1.937260483 1.002849224 1.001971730 0.709377146 -0.002680118 0.003078701 -0.704817284
1769781771.350046 1.937391850 1.002799268 1.001483254 0.709405370 -0.002740109 0.003129926 -0.704788419
1769781771.360655 1.937521318 1.002742234 1.000981750 0.709442313 -0.002802032 0.003172998 -0.704750796
1769781771.371178 1.937633083 1.002692024 1.000506792 0.709472361 -0.002863613 0.003194411 -0.704720203
1769781771.381582 1.937753368 1.002646816 1.000051451 0.709505199 -0.002924035 0.003230132 -0.704686731
1769781771.392251 1.937865805 1.002603215 0.999585861 0.709564599 -0.002945538 0.003267802 -0.704626656
1769781771.402723 1.937966288 1.002562260 0.999139601 0.709617721 -0.002959759 0.003293972 -0.704572977
1769781771.413253 1.938072477 1.002523049 0.998709981 0.709668522 -0.002988516 0.003316057 -0.704521583
1769781771.423815 1.938174368 1.002487234 0.998307296 0.709718717 -0.003008954 0.003328490 -0.704470872
1769781771.434505 1.938270491 1.002452281 0.997904272 0.709760831 -0.003028513 0.003343483 -0.704428288
1769781771.445150 1.938366509 1.002416628 0.997516851 0.709794508 -0.003048757 0.003371715 -0.704394132
1769781771.455896 1.938461091 1.002377662 0.997151022 0.709823911 -0.003059233 0.003408547 -0.704364279
1769781771.466440 1.938549218 1.002338493 0.996802061 0.709849092 -0.003066451 0.003440781 -0.704338715
1769781771.477085 1.938636557 1.002300427 0.996462720 0.709864032 -0.003094931 0.003474899 -0.704323365
1769781771.487940 1.938725649 1.002262119 0.996129398 0.709878157 -0.003129857 0.003508532 -0.704308807
1769781771.498662 1.938814377 1.002222188 0.995806503 0.709898520 -0.003157983 0.003533770 -0.704288031
1769781771.509332 1.938900021 1.002185044 0.995506106 0.709912396 -0.003192236 0.003551732 -0.704273799
1769781771.519866 1.938972770 1.002153449 0.995228656 0.709919273 -0.003226585 0.003550479 -0.704266717
1769781771.530368 1.939049445 1.002124898 0.994962313 0.709930013 -0.003263374 0.003550514 -0.704255722
1769781771.540914 1.939130189 1.002096244 0.994705653 0.709941102 -0.003291920 0.003565124 -0.704244336
1769781771.551776 1.939203658 1.002068398 0.994461644 0.709944980 -0.003315022 0.003575169 -0.704240267
1769781771.562763 1.939257453 1.002043101 0.994229176 0.709957082 -0.003318727 0.003558063 -0.704228137
1769781771.573576 1.939317283 1.002018800 0.994009307 0.709963883 -0.003338727 0.003537880 -0.704221287
1769781771.584293 1.939388186 1.001992711 0.993813457 0.709963627 -0.003361705 0.003544269 -0.704221404
1769781771.594904 1.939455670 1.001967132 0.993629276 0.709962738 -0.003372704 0.003552618 -0.704222205
1769781771.605660 1.939517652 1.001940904 0.993454979 0.709960672 -0.003386648 0.003555993 -0.704224204
1769781771.616165 1.939569150 1.001917632 0.993293358 0.709955247 -0.003390438 0.003564848 -0.704229610
1769781771.626775 1.939618262 1.001894455 0.993149192 0.709944949 -0.003393172 0.003572431 -0.704239940
1769781771.637464 1.939674078 1.001869891 0.993016011 0.709929999 -0.003398310 0.003588480 -0.704254904
1769781771.647988 1.939719048 1.001846360 0.992898107 0.709920770 -0.003388903 0.003596841 -0.704264211
1769781771.658636 1.939750062 1.001824188 0.992790092 0.709913736 -0.003369910 0.003591707 -0.704271418
1769781771.669261 1.939775894 1.001802365 0.992697420 0.709900969 -0.003366794 0.003563841 -0.704284444
1769781771.679988 1.939800633 1.001780150 0.992620697 0.709883678 -0.003377586 0.003520676 -0.704302038
1769781771.690716 1.939831091 1.001757106 0.992557591 0.709863626 -0.003390641 0.003488473 -0.704322346
1769781771.701344 1.939852609 1.001735784 0.992509781 0.709841661 -0.003385517 0.003461149 -0.704344642
1769781771.711874 1.939866749 1.001716340 0.992476646 0.709817408 -0.003364850 0.003441379 -0.704369280
1769781771.722615 1.939876931 1.001697902 0.992457135 0.709792058 -0.003329851 0.003430981 -0.704395042
1769781771.736541 1.939887108 1.001681817 0.992449015 0.709765189 -0.003315199 0.003416515 -0.704422255
1769781771.751389 1.939892426 1.001674875 0.992447578 0.709752643 -0.003307631 0.003412617 -0.704434950
1769781771.766228 1.939898229 1.001667158 0.992448385 0.709736728 -0.003309419 0.003396236 -0.704451056
1769781771.780483 1.939908072 1.001635616 0.992521314 0.709630546 -0.003274646 0.003354556 -0.704558381
1769781771.791537 1.939902366 1.001618506 0.992618184 0.709554386 -0.003247108 0.003357318 -0.704635195
1769781771.802733 1.939887500 1.001608217 0.992710822 0.709489489 -0.003212622 0.003369860 -0.704700638
1769781771.813430 1.939869495 1.001598408 0.992822279 0.709415114 -0.003141892 0.003419598 -0.704775589
1769781771.824314 1.939849692 1.001586988 0.992958627 0.709327972 -0.003053749 0.003496002 -0.704863307
1769781771.835105 1.939825628 1.001575690 0.993114396 0.709235595 -0.002979618 0.003557686 -0.704956265
1769781771.845812 1.939796892 1.001563472 0.993288622 0.709135123 -0.002908007 0.003624027 -0.705057293
1769781771.856601 1.939766293 1.001553124 0.993488485 0.709026059 -0.002856593 0.003674350 -0.705166921
1769781771.867417 1.939736134 1.001540776 0.993709993 0.708907218 -0.002822536 0.003719400 -0.705286293
1769781771.878116 1.939705146 1.001528384 0.993946831 0.708781829 -0.002806393 0.003757944 -0.705412164
1769781771.888913 1.939666517 1.001515490 0.994212114 0.708645261 -0.002785735 0.003799326 -0.705549218
1769781771.899787 1.939625269 1.001502199 0.994492442 0.708504334 -0.002773124 0.003837523 -0.705690578
1769781771.910407 1.939582084 1.001487582 0.994791957 0.708359593 -0.002774912 0.003861053 -0.705835731
1769781771.921243 1.939531274 1.001471297 0.995111936 0.708213833 -0.002770769 0.003878423 -0.705981903
1769781771.932017 1.939468216 1.001456532 0.995456129 0.708067631 -0.002752015 0.003890102 -0.706128546
1769781771.942513 1.939401143 1.001440945 0.995803557 0.707933792 -0.002728251 0.003881294 -0.706262868
1769781771.953115 1.939330792 1.001425719 0.996167689 0.707816159 -0.002691458 0.003841037 -0.706381121
1769781771.963711 1.939254872 1.001409726 0.996545417 0.707723022 -0.002632257 0.003775229 -0.706475013
1769781771.974407 1.939170645 1.001396186 0.996943552 0.707651204 -0.002544875 0.003676265 -0.706547792
1769781771.985335 1.939078246 1.001381478 0.997361435 0.707615811 -0.002414934 0.003540690 -0.706584386
1769781771.995899 1.938978545 1.001367875 0.997792712 0.707595164 -0.002283603 0.003362033 -0.706606373
1769781772.006608 1.938868436 1.001357774 0.998255253 0.707577011 -0.002145794 0.003170036 -0.706625869
1769781772.017130 1.938757474 1.001350011 0.998712409 0.707564439 -0.002003396 0.002989773 -0.706639662
1769781772.027901 1.938628472 1.001344449 0.999201782 0.707561832 -0.001837592 0.002791455 -0.706643534
1769781772.038506 1.938500408 1.001339596 0.999720032 0.707544799 -0.001685411 0.002599192 -0.706661702
1769781772.049226 1.938369610 1.001337773 1.000245184 0.707538334 -0.001538931 0.002402703 -0.706669204
1769781772.059922 1.938230256 1.001337836 1.000808405 0.707512586 -0.001386756 0.002222521 -0.706695888
1769781772.070604 1.938092305 1.001335682 1.001419259 0.707458920 -0.001242247 0.002067695 -0.706750350
1769781772.081287 1.937953645 1.001334719 1.002043085 0.707409033 -0.001098522 0.001917620 -0.706800945
1769781772.092318 1.937807430 1.001334982 1.002724676 0.707349431 -0.000951104 0.001775105 -0.706861180
1769781772.102871 1.937669876 1.001336986 1.003417837 0.707260770 -0.000832585 0.001650859 -0.706950341
1769781772.113602 1.937527770 1.001334086 1.004148239 0.707177243 -0.000741083 0.001504552 -0.707034323
1769781772.124315 1.937392053 1.001332463 1.004894738 -0.707079432 0.000664963 -0.001370944 0.707132488
1769781772.135339 1.937245910 1.001333500 1.005706528 -0.706976855 0.000606018 -0.001221716 0.707235369
1769781772.145861 1.937109916 1.001331934 1.006503008 -0.706887849 0.000532730 -0.001096664 0.707324594
1769781772.156610 1.936960693 1.001334434 1.007344354 -0.706794941 0.000450063 -0.000966378 0.707417681
1769781772.167124 1.936814626 1.001336259 1.008200025 -0.706710159 0.000363119 -0.000852281 0.707502575
1769781772.177638 1.936659097 1.001342284 1.009055696 -0.706659036 0.000270372 -0.000712555 0.707553833
1769781772.188312 1.936493284 1.001345079 1.009973035 -0.706585675 0.000195529 -0.000567021 0.707627249
1769781772.199024 1.936307997 1.001350538 1.010917728 -0.706530163 0.000085790 -0.000414866 0.707682803
1769781772.209731 1.936105296 1.001356517 1.011932646 -0.706450192 -0.000066413 -0.000302911 0.707762693
1769781772.220282 1.935909696 1.001358157 1.012953144 -0.706372780 -0.000215768 -0.000218792 0.707839955
1769781772.230981 1.935702102 1.001359920 1.014033509 -0.706287181 -0.000377621 -0.000142470 0.707925318
1769781772.241560 1.935475255 1.001362230 1.015136108 -0.706219547 -0.000540984 -0.000045762 0.707992695
1769781772.252232 1.935245761 1.001363593 1.016268663 -0.706149778 -0.000701890 0.000041941 0.708062141
1769781772.262857 1.934999510 1.001370480 1.017419530 -0.706106387 -0.000855246 0.000145416 0.708105231
1769781772.273511 1.934732764 1.001379005 1.018608107 -0.706079847 -0.001005776 0.000267281 0.708131461
1769781772.284123 1.934473787 1.001388592 1.019823889 -0.706049734 -0.001139353 0.000383146 0.708161230
1769781772.294669 1.934197889 1.001390170 1.021082793 -0.706028581 -0.001260571 0.000516853 0.708182030
1769781772.305262 1.933891606 1.001399381 1.022439881 -0.705941463 -0.001409204 0.000628668 0.708268501
1769781772.315850 1.933579438 1.001411082 1.023806162 -0.705889640 -0.001531870 0.000742924 0.708319785
1769781772.326540 1.933254350 1.001424901 1.025224562 -0.705838260 -0.001651976 0.000857352 0.708370586
1769781772.337271 1.932899497 1.001438920 1.026662855 -0.705836272 -0.001796754 0.000975898 0.708372061
1769781772.347892 1.932537983 1.001441273 1.028094236 -0.705867231 -0.001937276 0.001083221 0.708340685
1769781772.358691 1.932155708 1.001449925 1.029638803 -0.705855469 -0.002076093 0.001176658 0.708351863
1769781772.369215 1.931756392 1.001463992 1.031236751 -0.705804946 -0.002197914 0.001263725 0.708401687
1769781772.379717 1.931354944 1.001476717 1.032847520 -0.705766582 -0.002280151 0.001364498 0.708439461
1769781772.390518 1.930922033 1.001482536 1.034494270 -0.705742906 -0.002364258 0.001454158 0.708462593
1769781772.401145 1.930480788 1.001505959 1.036163093 -0.705727880 -0.002424463 0.001547323 0.708477160
1769781772.411675 1.929982170 1.001529738 1.037880846 -0.705758495 -0.002491723 0.001685201 0.708446116
1769781772.422405 1.929474889 1.001532969 1.039616029 -0.705735116 -0.002566445 0.001783539 0.708468897
1769781772.432978 1.928924445 1.001541756 1.041493004 -0.705673307 -0.002627940 0.001880894 0.708529986
1769781772.443515 1.928359835 1.001564768 1.043352483 -0.705642143 -0.002685868 0.001962999 0.708560583
1769781772.454970 1.927783929 1.001584725 1.045214557 -0.705611895 -0.002764267 0.002013140 0.708590262
1769781772.465663 1.927120604 1.001607232 1.047292162 -0.705626507 -0.002835291 0.002056751 0.708575305
1769781772.476250 1.926482721 1.001613861 1.049256659 -0.705618903 -0.002875277 0.002117543 0.708582538
1769781772.486880 1.925832175 1.001624100 1.051291719 -0.705553155 -0.002895929 0.002157127 0.708647801
1769781772.497960 1.925143390 1.001638456 1.053394908 -0.705520379 -0.002917151 0.002166891 0.708680315
1769781772.508792 1.924399563 1.001670428 1.055517632 -0.705502810 -0.002968495 0.002182761 0.708697544
1769781772.519654 1.923633549 1.001689741 1.057656506 -0.705497323 -0.002993834 0.002195145 0.708702861
1769781772.530256 1.922879281 1.001687890 1.059828567 -0.705457220 -0.003010827 0.002174809 0.708742771
1769781772.540761 1.922102570 1.001701753 1.062048469 -0.705389963 -0.003003083 0.002138499 0.708809853
1769781772.551271 1.921261521 1.001721315 1.064216533 -0.705359529 -0.003013901 0.002168258 0.708840003
1769781772.561838 1.920373698 1.001756993 1.066403230 -0.705354309 -0.003028503 0.002197168 0.708845046
1769781772.572659 1.919413182 1.001768498 1.068732756 -0.705305421 -0.003033092 0.002242377 0.708893529
1769781772.583349 1.918444258 1.001764131 1.071069223 -0.705245751 -0.003013205 0.002286026 0.708952837
1769781772.594035 1.917489857 1.001774121 1.073363067 -0.705218889 -0.002973702 0.002295104 0.708979695
1769781772.604929 1.916467429 1.001801282 1.075738183 -0.705187678 -0.002965534 0.002293405 0.709010779
1769781772.615685 1.915460098 1.001814684 1.078047463 -0.705197248 -0.002921460 0.002290359 0.709001454
1769781772.626807 1.914410363 1.001817364 1.080542025 -0.705134478 -0.002852732 0.002267695 0.709064234
1769781772.638440 1.913223978 1.001828044 1.083180564 -0.705068501 -0.002829617 0.002243930 0.709130007
1769781772.649995 1.911992995 1.001849847 1.085772852 -0.705048009 -0.002799753 0.002267055 0.709150426
1769781772.661156 1.910740950 1.001870762 1.088321351 -0.705063902 -0.002786981 0.002305769 0.709134550
1769781772.671672 1.909544431 1.001873420 1.090770947 -0.705037137 -0.002778940 0.002316405 0.709161157
1769781772.682403 1.908337126 1.001880180 1.093276301 -0.704969899 -0.002734435 0.002314749 0.709228176
1769781772.693040 1.907161536 1.001901423 1.095687022 -0.704955354 -0.002679288 0.002276572 0.709242967
1769781772.703637 1.905951211 1.001923831 1.098141112 -0.704962692 -0.002621967 0.002243724 0.709235993
1769781772.714313 1.904693602 1.001920456 1.100555123 -0.704999655 -0.002586609 0.002221138 0.709199452
1769781772.725297 1.903359466 1.001909320 1.103084332 -0.704945202 -0.002578552 0.002224131 0.709253598
1769781772.736258 1.901945743 1.001918799 1.105663916 -0.704959205 -0.002584321 0.002231276 0.709239637
1769781772.747206 1.900573393 1.001939120 1.108122941 -0.705048308 -0.002550781 0.002220656 0.709151215
1769781772.757963 1.899197383 1.001949486 1.110650392 -0.705004580 -0.002528776 0.002212301 0.709194792
1769781772.768512 1.897891686 1.001948031 1.113131340 -0.704995717 -0.002438039 0.002146083 0.709204124
1769781772.779201 1.896527402 1.001945586 1.115614916 -0.704971137 -0.002395671 0.002094787 0.709228854
1769781772.790120 1.895061427 1.001961340 1.118146397 -0.704951114 -0.002380883 0.002087096 0.709248830
1769781772.800758 1.893605695 1.001973583 1.120582633 -0.705002595 -0.002375511 0.002089417 0.709197668
1769781772.811245 1.892129244 1.001974969 1.123036738 -0.705018934 -0.002367704 0.002104110 0.709181408
1769781772.821851 1.890704148 1.001957474 1.125481341 -0.704991825 -0.002315486 0.002085797 0.709208583
1769781772.832385 1.889309142 1.001952968 1.127935788 -0.705006235 -0.002203616 0.002036077 0.709194760
1769781772.842999 1.887883400 1.001972609 1.130304405 -0.705064003 -0.002108011 0.002016391 0.709137675
1769781772.853739 1.886359738 1.001976053 1.132737952 -0.705048780 -0.002087857 0.002055488 0.709152757
1769781772.864503 1.884770670 1.001977200 1.135221370 -0.705108161 -0.002055998 0.002085745 0.709093720
1769781772.875301 1.883250885 1.001972757 1.137663958 -0.705083116 -0.002010638 0.002096066 0.709118723
1769781772.886021 1.881694983 1.001957553 1.140164527 -0.705027804 -0.001956067 0.002103745 0.709173846
1769781772.896897 1.880264753 1.001957947 1.142489296 -0.705112634 -0.001839166 0.002027515 0.709090037
1769781772.907535 1.878679932 1.001970617 1.144899429 -0.705148965 -0.001824595 0.002005989 0.709054006
1769781772.918280 1.877119634 1.001975887 1.147198761 -0.705170804 -0.001824421 0.002018527 0.709032252
1769781772.929017 1.875488266 1.001965160 1.149644231 -0.705178197 -0.001790966 0.002047442 0.709024902
1769781772.939481 1.873941952 1.001950011 1.152012746 -0.705132936 -0.001744545 0.002053085 0.709070014
1769781772.950036 1.872430167 1.001911161 1.154389846 -0.705074869 -0.001684446 0.002037374 0.709127944
1769781772.961107 1.870903375 1.001906070 1.156668542 -0.705197481 -0.001595336 0.001970460 0.709006407
1769781772.972056 1.869210971 1.001993354 1.158859080 -0.705364587 -0.001593579 0.001939657 0.708840249
1769781772.982469 1.867606015 1.002203655 1.160664474 -0.705499745 -0.001668215 0.001943710 0.708705544
1769781772.993075 1.865991982 1.002570239 1.162238768 -0.705757384 -0.001766524 0.001895410 0.708448871
1769781773.003962 1.864314157 1.003066786 1.163597698 -0.706227183 -0.001900172 0.001841687 0.707980341
1769781773.014476 1.862710250 1.003622952 1.164742420 -0.706933229 -0.001961786 0.001717369 0.707275485
1769781773.025242 1.861096511 1.004176467 1.165764282 0.707811985 0.002033718 -0.001594741 -0.706396146
1769781773.035875 1.859411010 1.004715407 1.166680385 0.708917179 0.002136370 -0.001523726 -0.705286855
1769781773.046380 1.857741006 1.005234573 1.167562891 0.710109896 0.002210821 -0.001448301 -0.704085897
1769781773.057236 1.856029162 1.005748543 1.168504725 0.711292245 0.002296722 -0.001391226 -0.702891266
1769781773.067735 1.854374247 1.006256361 1.169410798 0.712519205 0.002338767 -0.001279691 -0.701647544
1769781773.078112 1.852824876 1.006741178 1.170335677 0.713623088 0.002338830 -0.001114344 -0.700525071
1769781773.088786 1.851209952 1.007218938 1.171302728 0.714680740 0.002370815 -0.000974851 -0.699446116
1769781773.099356 1.849566255 1.007683191 1.172229186 0.715768617 0.002415998 -0.000870600 -0.698332795
1769781773.109885 1.847871282 1.008129937 1.173223189 0.716708986 0.002512579 -0.000819939 -0.697367367
1769781773.120563 1.846195370 1.008566000 1.174244306 0.717606056 0.002586604 -0.000737459 -0.696444050
1769781773.131374 1.844519154 1.009007112 1.175300267 0.718490309 0.002637477 -0.000622719 -0.695531690
1769781773.141897 1.842939418 1.009433632 1.176370278 0.719250473 0.002656072 -0.000451833 -0.694745636
1769781773.152373 1.841320985 1.009829675 1.177481783 0.719885402 0.002739952 -0.000348002 -0.694087443
1769781773.163028 1.839654715 1.010211545 1.178564008 0.720539439 0.002857716 -0.000277707 -0.693408014
1769781773.173610 1.837959636 1.010585440 1.179672228 0.721160960 0.002985453 -0.000187508 -0.692761085
1769781773.184274 1.836293054 1.010938705 1.180797172 0.721703090 0.003112489 -0.000108812 -0.692195746
1769781773.195286 1.834663341 1.011296629 1.181933345 0.722228818 0.003190706 0.000002104 -0.691646842
1769781773.206190 1.832996408 1.011661119 1.183144348 0.722722105 0.003247387 0.000125139 -0.691131101
1769781773.217073 1.831364943 1.011986143 1.184292883 0.723168081 0.003343654 0.000211231 -0.690663957
1769781773.228204 1.829600527 1.012306973 1.185520411 0.723576435 0.003486295 0.000256729 -0.690235411
1769781773.238953 1.827923039 1.012601621 1.186659990 0.723999798 0.003615082 0.000313658 -0.689790639
1769781773.249869 1.826237717 1.012894176 1.187816534 0.724443232 0.003711241 0.000388359 -0.689324365
1769781773.260652 1.824646399 1.013173324 1.188949578 0.724809446 0.003779796 0.000475917 -0.688938861
1769781773.271117 1.823105402 1.013440821 1.190087232 0.725149620 0.003819597 0.000611870 -0.688580471
1769781773.281587 1.821519870 1.013679584 1.191199170 0.725480772 0.003910387 0.000681301 -0.688230989
1769781773.292205 1.819901034 1.013915294 1.192315643 0.725792670 0.004029765 0.000727289 -0.687901325
1769781773.302706 1.818300952 1.014127439 1.193413956 0.726083567 0.004146577 0.000771302 -0.687593532
1769781773.313266 1.816737699 1.014330694 1.194484807 0.726399169 0.004226432 0.000865474 -0.687259511
1769781773.324214 1.815185191 1.014533664 1.195591116 0.726673915 0.004278651 0.000972065 -0.686968536
1769781773.335124 1.813664442 1.014730464 1.196678733 0.726963966 0.004314011 0.001117180 -0.686661148
1769781773.345622 1.812080694 1.014904397 1.197759177 0.727237966 0.004386021 0.001197671 -0.686370359
1769781773.356525 1.810481836 1.015053032 1.198831236 0.727452410 0.004519457 0.001225890 -0.686142159
1769781773.367161 1.808877661 1.015204713 1.199940729 0.727628140 0.004631964 0.001286014 -0.685954941
1769781773.377734 1.807349993 1.015333060 1.200990835 0.727799184 0.004711096 0.001356758 -0.685772785
1769781773.388418 1.805882104 1.015457353 1.201998615 0.727986769 0.004733522 0.001442250 -0.685573320
1769781773.399198 1.804445022 1.015575307 1.203000826 0.728188528 0.004721174 0.001588915 -0.685358778
1769781773.410018 1.802853487 1.015672858 1.204061487 0.728321941 0.004822400 0.001641846 -0.685216170
1769781773.420774 1.801341070 1.015749611 1.205054706 0.728433648 0.004916644 0.001679365 -0.685096655
1769781773.431407 1.799803048 1.015813804 1.206072029 0.728526562 0.004991270 0.001719999 -0.684997209
1769781773.441993 1.798325213 1.015880072 1.207059074 0.728592024 0.005041751 0.001770406 -0.684927083
1769781773.452482 1.796909855 1.015935956 1.208036742 0.728605784 0.005068182 0.001823435 -0.684912111
1769781773.463244 1.795535640 1.015984760 1.208981776 0.728627822 0.005050161 0.001914533 -0.684888551
1769781773.473983 1.794061647 1.016003356 1.209927346 0.728647115 0.005092633 0.001966622 -0.684867563
1769781773.484476 1.792591702 1.016003894 1.210844023 0.728637991 0.005168620 0.001979750 -0.684876664
1769781773.495021 1.791168910 1.016000370 1.211737837 0.728611661 0.005217208 0.001991299 -0.684904273
1769781773.505547 1.789750913 1.015986890 1.212641178 0.728536711 0.005260375 0.001972348 -0.684983722
1769781773.516406 1.788379727 1.015969173 1.213519068 0.728469418 0.005257779 0.002007307 -0.685055205
1769781773.527227 1.787031473 1.015946769 1.214402816 0.728380905 0.005210787 0.002078812 -0.685149461
1769781773.537765 1.785636385 1.015901545 1.215265297 0.728274857 0.005227044 0.002104380 -0.685261981
1769781773.548716 1.784206541 1.015840389 1.216128400 0.728142480 0.005273007 0.002099182 -0.685402304
1769781773.559443 1.782802361 1.015764363 1.216960879 0.727973777 0.005336101 0.002070916 -0.685581080
1769781773.569869 1.781466326 1.015677572 1.217734581 0.727823334 0.005365543 0.002068748 -0.685740567
1769781773.580638 1.780156336 1.015585996 1.218493066 0.727663140 0.005352499 0.002075609 -0.685910633
1769781773.591447 1.778883735 1.015495677 1.219247005 0.727498599 0.005291735 0.002118177 -0.686085490
1769781773.602071 1.777613251 1.015387359 1.219980736 0.727313853 0.005253584 0.002136099 -0.686281572
1769781773.612617 1.776298318 1.015260992 1.220692914 0.727115477 0.005234969 0.002109131 -0.686491973
1769781773.623290 1.774995762 1.015118087 1.221375641 0.726897175 0.005251501 0.002060126 -0.686723143
1769781773.633988 1.773698383 1.014965975 1.222044595 0.726668968 0.005249437 0.002024194 -0.686964742
1769781773.644768 1.772433868 1.014812331 1.222700101 0.726419451 0.005214761 0.002008107 -0.687228896
1769781773.655398 1.771241924 1.014654248 1.223311236 0.726151882 0.005164379 0.001978116 -0.687512080
1769781773.666027 1.770071919 1.014496437 1.223926246 0.725865818 0.005036945 0.001975251 -0.687815049
1769781773.676643 1.768870310 1.014308885 1.224505640 0.725564941 0.004975191 0.001925397 -0.688133022
1769781773.687554 1.767640519 1.014109435 1.225073487 0.725233078 0.004945172 0.001828436 -0.688483249
1769781773.698265 1.766422330 1.013898952 1.225620637 0.724886018 0.004895226 0.001743142 -0.688849228
1769781773.708948 1.765220206 1.013678727 1.226117818 0.724547823 0.004869933 0.001647382 -0.689205356
1769781773.719621 1.764079212 1.013464672 1.226575228 0.724216181 0.004795753 0.001601534 -0.689554464
1769781773.730314 1.762958798 1.013255679 1.227004843 0.723884455 0.004701266 0.001603788 -0.689903342
1769781773.740947 1.761892214 1.013058673 1.227376113 0.723571837 0.004592525 0.001612102 -0.690231922
1769781773.751612 1.760750919 1.012849672 1.227724914 0.723226842 0.004548874 0.001553124 -0.690593825
1769781773.764339 1.759665941 1.012655547 1.227990813 0.722920911 0.004527992 0.001471805 -0.690914385
1769781773.775825 1.758381555 1.012423548 1.228266790 0.722558454 0.004484716 0.001378488 -0.691293909
1769781773.788020 1.757514367 1.012276113 1.228422706 0.722312157 0.004440961 0.001318510 -0.691551652
1769781773.798925 1.755862226 1.011998518 1.228626676 0.721884704 0.004324900 0.001277680 -0.691998654
1769781773.809675 1.754816232 1.011825035 1.228691942 0.721635036 0.004228187 0.001292428 -0.692259580
1769781773.821001 1.753706353 1.011640325 1.228712834 0.721400495 0.004159738 0.001286376 -0.692504417
1769781773.832122 1.752580858 1.011453652 1.228669984 0.721210705 0.004100634 0.001254034 -0.692702484
1769781773.842888 1.751510040 1.011275814 1.228577946 0.721058613 0.004048863 0.001224668 -0.692861158
1769781773.853806 1.750406449 1.011095612 1.228420927 0.720935560 0.003986136 0.001184332 -0.692989630
1769781773.864382 1.749426341 1.010939951 1.228235665 0.720842233 0.003864064 0.001191228 -0.693087386
1769781773.875020 1.748456624 1.010788711 1.227996291 0.720781561 0.003735144 0.001246854 -0.693151091
1769781773.885773 1.747506149 1.010654299 1.227704224 0.720748048 0.003563253 0.001335323 -0.693186678
1769781773.896533 1.746552211 1.010517772 1.227371298 0.720728314 0.003433674 0.001406826 -0.693207709
1769781773.907148 1.745555444 1.010375082 1.226994010 0.720685802 0.003355293 0.001431973 -0.693252239
1769781773.917904 1.744550696 1.010234058 1.226573444 0.720614766 0.003273598 0.001435857 -0.693326460
1769781773.928527 1.743596528 1.010097875 1.226132776 0.720493054 0.003209282 0.001415310 -0.693453283
1769781773.939286 1.742654464 1.009968584 1.225630406 0.720341049 0.003145472 0.001404030 -0.693611497
1769781773.949988 1.741761155 1.009844993 1.225114106 0.720149440 0.003073722 0.001400010 -0.693810764
1769781773.960512 1.740871311 1.009730200 1.224547451 0.719949950 0.003027727 0.001401110 -0.694017967
1769781773.971019 1.740022832 1.009618627 1.223964483 0.719717378 0.002970551 0.001409100 -0.694259379
1769781773.981647 1.739126110 1.009491979 1.223350314 0.719452430 0.002978150 0.001352732 -0.694534018
1769781773.993544 1.738092799 1.009344172 1.222627252 0.719118979 0.003013472 0.001242791 -0.694879319
1769781774.004772 1.737135356 1.009204203 1.221903735 0.718814916 0.003079276 0.001141833 -0.695193737
1769781774.015766 1.736221907 1.009071853 1.221118981 0.718520713 0.003110083 0.001069576 -0.695497784
1769781774.026431 1.735369405 1.008963208 1.220346265 0.718222344 0.003109127 0.000998219 -0.695806008
1769781774.036989 1.734548012 1.008850160 1.219524123 0.717964539 0.003111091 0.000934176 -0.696072100
1769781774.047545 1.733783764 1.008747640 1.218685619 0.717698741 0.003073820 0.000921654 -0.696346336
1769781774.058545 1.732958983 1.008640738 1.217741548 0.717474925 0.003115064 0.000901729 -0.696576784
1769781774.069852 1.732057110 1.008517212 1.216706428 0.717223734 0.003183852 0.000839133 -0.696835185
1769781774.080643 1.731212117 1.008395797 1.215680341 0.716998091 0.003252226 0.000775976 -0.697067112
1769781774.091281 1.730409283 1.008285117 1.214674554 0.716756770 0.003302414 0.000692176 -0.697315100
1769781774.101936 1.729633959 1.008183739 1.213600168 0.716540635 0.003333058 0.000631909 -0.697537102
1769781774.112445 1.728908228 1.008085983 1.212531577 0.716317530 0.003317772 0.000571594 -0.697766338
1769781774.123172 1.728186136 1.007983116 1.211401361 0.716116738 0.003309911 0.000533728 -0.697972476
1769781774.133892 1.727485841 1.007888564 1.210230855 0.715913696 0.003281633 0.000498843 -0.698180894
1769781774.144419 1.726829322 1.007801353 1.209043778 0.715718922 0.003227738 0.000486297 -0.698380820
1769781774.155329 1.726105166 1.007697574 1.207775624 0.715537995 0.003251653 0.000422658 -0.698566121
1769781774.165951 1.725388305 1.007594976 1.206512264 0.715330519 0.003268129 0.000336517 -0.698778545
1769781774.176483 1.724679938 1.007495059 1.205197787 0.715163162 0.003322128 0.000251927 -0.698949606
1769781774.187422 1.723997478 1.007412719 1.203831895 0.715021507 0.003362200 0.000176024 -0.699094349
1769781774.198807 1.723315823 1.007326068 1.202349019 0.714858502 0.003341849 0.000122592 -0.699261138
1769781774.209542 1.722655106 1.007235404 1.200858210 0.714724487 0.003347055 0.000080313 -0.699398097
1769781774.220486 1.722036348 1.007151599 1.199365802 0.714600938 0.003339091 0.000062129 -0.699524372
1769781774.231414 1.721447909 1.007074204 1.197834023 0.714444455 0.003292019 0.000043387 -0.699684416
1769781774.242065 1.720899599 1.006995792 1.196364944 0.714278800 0.003257849 0.000048334 -0.699853684
1769781774.252668 1.720312362 1.006913496 1.194870622 0.714121282 0.003291673 0.000002921 -0.700014257
1769781774.263211 1.719719314 1.006822915 1.193336646 0.713976303 0.003343199 -0.000059262 -0.700161881
1769781774.273877 1.719139048 1.006737622 1.191745816 0.713840000 0.003391278 -0.000109578 -0.700300608
1769781774.284437 1.718571889 1.006670154 1.190095471 0.713727414 0.003443357 -0.000156901 -0.700415090
1769781774.295383 1.718042995 1.006598248 1.188430104 0.713607687 0.003447156 -0.000195608 -0.700537043
1769781774.306302 1.717513921 1.006522432 1.186676383 0.713513795 0.003468428 -0.000218947 -0.700632561
1769781774.317077 1.717008573 1.006444903 1.184942055 0.713407384 0.003454816 -0.000256601 -0.700740967
1769781774.327939 1.716538734 1.006374002 1.183206514 0.713287799 0.003453579 -0.000276280 -0.700862691
1769781774.338814 1.716110617 1.006313595 1.181405667 0.713177789 0.003434298 -0.000253387 -0.700974737
1769781774.349690 1.715670892 1.006250842 1.179625777 0.713066894 0.003411833 -0.000264559 -0.701087651
1769781774.360579 1.715171726 1.006184479 1.177729902 0.712969567 0.003465470 -0.000322440 -0.701186340
1769781774.371237 1.714699957 1.006113650 1.175883154 0.712862958 0.003515838 -0.000374152 -0.701294448
1769781774.381886 1.714259296 1.006046740 1.174016529 0.712790265 0.003555118 -0.000407391 -0.701368115
1769781774.392441 1.713852494 1.005981751 1.172154275 0.712706752 0.003588946 -0.000435739 -0.701452789
1769781774.403042 1.713481851 1.005916362 1.170296784 0.712625950 0.003606851 -0.000441099 -0.701534783
1769781774.413651 1.713113039 1.005853474 1.168393799 0.712501454 0.003616798 -0.000476258 -0.701661151
1769781774.424170 1.712754784 1.005791351 1.166508548 0.712373618 0.003645402 -0.000517926 -0.701790760
1769781774.434586 1.712414678 1.005744275 1.164548738 0.712306049 0.003654551 -0.000547799 -0.701859272
1769781774.445104 1.712093818 1.005700047 1.162571952 0.712281265 0.003613990 -0.000579523 -0.701884608
1769781774.455762 1.711801033 1.005659322 1.160552308 0.712280691 0.003582179 -0.000560312 -0.701885369
1769781774.466263 1.711540236 1.005619714 1.158581094 0.712199416 0.003526702 -0.000555530 -0.701968123
1769781774.476759 1.711253093 1.005560189 1.156610364 0.712099201 0.003530547 -0.000598658 -0.702069729
1769781774.487595 1.710954285 1.005498854 1.154619585 0.711980903 0.003580896 -0.000659647 -0.702189388
1769781774.498292 1.710659179 1.005439125 1.152562956 0.711880428 0.003606585 -0.000730110 -0.702291048
1769781774.508858 1.710370711 1.005393895 1.150419566 0.711862234 0.003657329 -0.000784816 -0.702309168
1769781774.519958 1.710111211 1.005346204 1.148223925 0.711812496 0.003680238 -0.000828378 -0.702359409
1769781774.530861 1.709872026 1.005293095 1.146050957 0.711765752 0.003731711 -0.000852823 -0.702406478
1769781774.541354 1.709660861 1.005232730 1.143955201 0.711681004 0.003790344 -0.000866351 -0.702492015
1769781774.552041 1.709477206 1.005195380 1.141895033 0.711581363 0.003829060 -0.000881437 -0.702592716
1769781774.562747 1.709301688 1.005158036 1.139774655 0.711510301 0.003851768 -0.000909322 -0.702664521
1769781774.573592 1.709125175 1.005125928 1.137542696 0.711468299 0.003867540 -0.000922400 -0.702706945
1769781774.584170 1.708971743 1.005093020 1.135389571 0.711429367 0.003896162 -0.000941845 -0.702746177
1769781774.595160 1.708826075 1.005049424 1.133203992 0.711372398 0.003933991 -0.000960617 -0.702803609
1769781774.605980 1.708713462 1.005008367 1.130960651 0.711325610 0.003953953 -0.000959470 -0.702850854
1769781774.616990 1.708637580 1.004976327 1.128707566 0.711264470 0.003911016 -0.000963289 -0.702912960
1769781774.627675 1.708536463 1.004940108 1.126561438 0.711223706 0.003934093 -0.000981476 -0.702954052
1769781774.638343 1.708427867 1.004903964 1.124225789 0.711223452 0.003976653 -0.001000435 -0.702954043
1769781774.648979 1.708320526 1.004862104 1.122034267 0.711190251 0.004025072 -0.001047551 -0.702987289
1769781774.659739 1.708239960 1.004814518 1.119783472 0.711148395 0.004085291 -0.001095509 -0.703029211
1769781774.670170 1.708188692 1.004771099 1.117675091 0.711061446 0.004111575 -0.001158867 -0.703116897
1769781774.680729 1.708166174 1.004744477 1.115513082 0.710989923 0.004136710 -0.001193800 -0.703189016
1769781774.691303 1.708136726 1.004717854 1.113265634 0.710962971 0.004161867 -0.001237667 -0.703216041
1769781774.701751 1.708135905 1.004699209 1.111037847 0.710965499 0.004169604 -0.001270007 -0.703213382
1769781774.712329 1.708133113 1.004663357 1.108795501 0.710935974 0.004194151 -0.001336908 -0.703242961
1769781774.723006 1.708166911 1.004625263 1.106625083 0.710884296 0.004204521 -0.001364206 -0.703295087
1769781774.733588 1.708206082 1.004592445 1.104380231 0.710845387 0.004239962 -0.001379405 -0.703334170
1769781774.744133 1.708253739 1.004569223 1.102204856 0.710819715 0.004260234 -0.001398910 -0.703359955
1769781774.754786 1.708321401 1.004556813 1.099916320 0.710850379 0.004279384 -0.001400152 -0.703328846
1769781774.765399 1.708377880 1.004531591 1.097713020 0.710804445 0.004291041 -0.001482645 -0.703375028
1769781774.776130 1.708456643 1.004495373 1.095483551 0.710749477 0.004329056 -0.001541644 -0.703430212
1769781774.786867 1.708564859 1.004464841 1.093291205 0.710695353 0.004346512 -0.001584618 -0.703484692
1769781774.797533 1.708662587 1.004441143 1.091102045 0.710633864 0.004369482 -0.001660359 -0.703546489
1769781774.808211 1.708786546 1.004418987 1.088786557 0.710670850 0.004404993 -0.001651955 -0.703508927
1769781774.818864 1.708922796 1.004396253 1.086540556 0.710672839 0.004440974 -0.001651101 -0.703506693
1769781774.829413 1.709067299 1.004367795 1.084382379 0.710661936 0.004493379 -0.001656467 -0.703517362
1769781774.840083 1.709227428 1.004329379 1.082182284 0.710626974 0.004544463 -0.001678642 -0.703552296
1769781774.850779 1.709400412 1.004301054 1.080008923 0.710601689 0.004574185 -0.001707538 -0.703577572
1769781774.861371 1.709590316 1.004282964 1.077774341 0.710638436 0.004600403 -0.001698769 -0.703540307
1769781774.871949 1.709786679 1.004268363 1.075614117 0.710649620 0.004606703 -0.001704557 -0.703528955
1769781774.882514 1.709997830 1.004250585 1.073466899 0.710647533 0.004639231 -0.001714180 -0.703530826
1769781774.893173 1.710217907 1.004216976 1.071359203 0.710592099 0.004676116 -0.001761906 -0.703586454
1769781774.903898 1.710455735 1.004190825 1.069212939 0.710567435 0.004710704 -0.001800404 -0.703611035
1769781774.914484 1.710706416 1.004169764 1.067066688 0.710567563 0.004719686 -0.001817396 -0.703610801
1769781774.925438 1.710967352 1.004151997 1.064856975 0.710596973 0.004713558 -0.001849252 -0.703581058
1769781774.936043 1.711232130 1.004123378 1.062687817 0.710618889 0.004725028 -0.001879186 -0.703558766
1769781774.946658 1.711494868 1.004083427 1.060633957 0.710589559 0.004724863 -0.001950014 -0.703588198
1769781774.957407 1.711788868 1.004048348 1.058520553 0.710613416 0.004749111 -0.001947154 -0.703563947
1769781774.968124 1.712071169 1.004018410 1.056439929 0.710591265 0.004795902 -0.002006663 -0.703585835
1769781774.978784 1.712370645 1.003987643 1.054316205 0.710621934 0.004833357 -0.002023230 -0.703554555
1769781774.989547 1.712682710 1.003947919 1.052219050 0.710668504 0.004835260 -0.002037854 -0.703507459
1769781775.000515 1.713011042 1.003911813 1.050141524 0.710680030 0.004823323 -0.002062169 -0.703495826
1769781775.011185 1.713361256 1.003876553 1.048122092 0.710674642 0.004822653 -0.002070436 -0.703501250
1769781775.022505 1.713726210 1.003853472 1.046153545 0.710659505 0.004815664 -0.002081555 -0.703516556
1769781775.033318 1.714130178 1.003834506 1.043956486 0.710682019 0.004826380 -0.002106595 -0.703493665
1769781775.044048 1.714498976 1.003804262 1.041992243 0.710697371 0.004858063 -0.002150014 -0.703477806
1769781775.054787 1.714895092 1.003766639 1.039974452 0.710736712 0.004910082 -0.002163320 -0.703437657
1769781775.065742 1.715309918 1.003733850 1.038016519 0.710699765 0.004920012 -0.002205491 -0.703474785
1769781775.076137 1.715733393 1.003710175 1.036148825 0.710707749 0.004923464 -0.002211810 -0.703466675
1769781775.086641 1.716164023 1.003692993 1.034273280 0.710726456 0.004921068 -0.002201753 -0.703447824
1769781775.097639 1.716602046 1.003663208 1.032352429 0.710756192 0.004924670 -0.002202211 -0.703417751
1769781775.108118 1.717073594 1.003626943 1.030435975 0.710813049 0.004915411 -0.002164461 -0.703360479
1769781775.118639 1.717526925 1.003596953 1.028642818 0.710821732 0.004895401 -0.002178391 -0.703351800
1769781775.129296 1.718006765 1.003556690 1.026856579 0.710836044 0.004879163 -0.002161991 -0.703337499
1769781775.140079 1.718503350 1.003529825 1.025061601 0.710830045 0.004877603 -0.002184868 -0.703343502
1769781775.150815 1.719007349 1.003503492 1.023266925 0.710845410 0.004862089 -0.002196316 -0.703328045
1769781775.161577 1.719533578 1.003481262 1.021457040 0.710896432 0.004839342 -0.002167383 -0.703276721
1769781775.172251 1.720052164 1.003450205 1.019727028 0.710915976 0.004829363 -0.002163728 -0.703257044
1769781775.182761 1.720581647 1.003422425 1.018051877 0.710923972 0.004817826 -0.002161151 -0.703249049
1769781775.193396 1.721116295 1.003390517 1.016430859 0.710908081 0.004791140 -0.002172793 -0.703265259
1769781775.204028 1.721683897 1.003362855 1.014743228 0.710927854 0.004768811 -0.002166515 -0.703245441
1769781775.214633 1.722229570 1.003325796 1.013136040 0.710935000 0.004758442 -0.002179544 -0.703238247
1769781775.225272 1.722782805 1.003290974 1.011504951 0.710963348 0.004750243 -0.002202648 -0.703209572
1769781775.235983 1.723351173 1.003243388 1.009858426 0.710989809 0.004761272 -0.002235773 -0.703182638
1769781775.246492 1.723885843 1.003199959 1.008325541 0.711000136 0.004765970 -0.002298182 -0.703171963
1769781775.257180 1.724485006 1.003149748 1.006776549 0.711042288 0.004755051 -0.002275876 -0.703129486
1769781775.267797 1.725111957 1.003118410 1.005291721 0.711032219 0.004718881 -0.002243545 -0.703140016
1769781775.278821 1.725764085 1.003085307 1.003778616 0.711045028 0.004717597 -0.002174867 -0.703127288
1769781775.290016 1.726429836 1.003063005 1.002287719 0.711056979 0.004672252 -0.002108975 -0.703115705
1769781775.300778 1.727083475 1.003017534 1.000780701 0.711105118 0.004586874 -0.002140439 -0.703067486
1769781775.311662 1.727740721 1.002974445 0.999327371 0.711139422 0.004474059 -0.002191993 -0.703033357
1769781775.322649 1.728414873 1.002920410 0.997883987 0.711184374 0.004485808 -0.002121115 -0.702988026
1769781775.333829 1.729110043 1.002874880 0.996452567 0.711206889 0.004789817 -0.001766784 -0.702964222
1769781775.344439 1.729778260 1.002825857 0.995135879 0.711208690 0.005564640 -0.000970413 -0.702958244
1769781775.355041 1.730445546 1.002787888 0.993876512 0.711204329 0.006975332 0.000454039 -0.702950597
1769781775.365619 1.731120900 1.002746371 0.992637618 0.711168766 0.009236897 0.002694247 -0.702955480
1769781775.376285 1.731782456 1.002702028 0.991436046 0.711132337 0.011873215 0.005285358 -0.702938042
1769781775.386955 1.732457566 1.002646742 0.990206143 0.711100687 0.014622858 0.007939190 -0.702893273
1769781775.397634 1.733161971 1.002602630 0.989022620 0.711065179 0.017089287 0.010378294 -0.702841773
1769781775.408232 1.733921786 1.002558622 0.987847064 0.711044063 0.019410394 0.012758986 -0.702763677
1769781775.418770 1.734666185 1.002519162 0.986756527 0.710991709 0.021653111 0.015045312 -0.702705892
1769781775.429380 1.735419625 1.002477259 0.985690867 0.710937086 0.023852454 0.017313582 -0.702637716
1769781775.439898 1.736180581 1.002434930 0.984642830 0.710876918 0.026023724 0.019552279 -0.702562796
1769781775.450618 1.736921468 1.002392543 0.983676179 0.710792414 0.028100439 0.021648006 -0.702506849
1769781775.461830 1.737741009 1.002352033 0.982664413 0.710707895 0.030241983 0.023841238 -0.702432421
1769781775.472456 1.738544312 1.002304962 0.981682583 0.710626625 0.032330244 0.025921209 -0.702347953
1769781775.482984 1.739300743 1.002258930 0.980793903 0.710541121 0.034243861 0.027832630 -0.702270616
1769781775.493655 1.740067340 1.002207722 0.979907946 0.710445472 0.036192422 0.029718703 -0.702192380
1769781775.504236 1.740860292 1.002156011 0.979042865 0.710368346 0.038032037 0.031527149 -0.702094307
1769781775.514751 1.741683675 1.002126238 0.978224281 0.710290970 0.039741148 0.033310002 -0.701995600
1769781775.525779 1.742572335 1.002081803 0.977395543 0.710219412 0.041431438 0.035113724 -0.701882361
1769781775.536702 1.743476673 1.002051759 0.976605375 0.710137700 0.043065563 0.036867974 -0.701776714
1769781775.547090 1.744326808 1.002007293 0.975889974 0.710058452 0.044559464 0.038454860 -0.701678468
1769781775.557692 1.745207125 1.001965437 0.975188901 0.709989573 0.045982463 0.040005860 -0.701569633
1769781775.568261 1.746066329 1.001927722 0.974545874 0.709899568 0.047365380 0.041458767 -0.701484351
1769781775.578762 1.746935957 1.001883529 0.973931207 0.709805494 0.048708851 0.042841831 -0.701404438
1769781775.589431 1.747799167 1.001851455 0.973362083 0.709710662 0.049966785 0.044130733 -0.701332000
1769781775.599985 1.748643588 1.001798818 0.972811863 0.709612127 0.051236150 0.045315461 -0.701264568
1769781775.610599 1.749556622 1.001767076 0.972298410 0.709522476 0.052364142 0.046476926 -0.701195942
1769781775.621124 1.750487026 1.001739720 0.971815647 0.709446175 0.053379102 0.047577528 -0.701122796
1769781775.631655 1.751435131 1.001713722 0.971367597 0.709369581 0.054322667 0.048617009 -0.701056511
1769781775.642234 1.752406495 1.001689176 0.970950482 0.709292888 0.055199768 0.049603312 -0.700996502
1769781775.652687 1.753354166 1.001664031 0.970563834 0.709234104 0.055969951 0.050491375 -0.700931503
1769781775.663367 1.754318786 1.001627648 0.970190216 0.709174699 0.056736516 0.051311900 -0.700870390
1769781775.673856 1.755268671 1.001601393 0.969853517 0.709120626 0.057424870 0.052035138 -0.700815715
1769781775.684635 1.756234642 1.001574969 0.969539870 0.709075722 0.058044731 0.052673218 -0.700762415
1769781775.695293 1.757155858 1.001541544 0.969259162 0.709027875 0.058652108 0.053173187 -0.700722495
1769781775.706048 1.758157380 1.001515248 0.968990814 0.709002048 0.059141918 0.053633110 -0.700672405
1769781775.718110 1.759104409 1.001490667 0.968779798 0.708984083 0.059484754 0.054008974 -0.700632689
1769781775.729251 1.760391310 1.001478816 0.968561707 0.708958230 0.059793881 0.054440093 -0.700599170
1769781775.740510 1.761497524 1.001458648 0.968409724 0.708948199 0.059943311 0.054727330 -0.700574172
1769781775.751293 1.762595386 1.001447987 0.968323380 0.708927339 0.059986330 0.054908979 -0.700577384
1769781775.761898 1.763657237 1.001419276 0.968238738 0.708927981 0.059978960 0.055000915 -0.700570155
1769781775.772505 1.764704098 1.001399320 0.968221594 0.708898838 0.059932047 0.054980744 -0.700605242
1769781775.783389 1.765739173 1.001377818 0.968232758 0.708878466 0.059806059 0.054861905 -0.700645936
1769781775.794218 1.766509906 1.001344897 0.968249011 0.708876230 0.059680753 0.054661822 -0.700674521
1769781775.806278 1.767632421 1.001329366 0.968324911 0.708871235 0.059357400 0.054332583 -0.700732647
1769781775.818112 1.769243280 1.001305129 0.968463705 0.708894872 0.058682519 0.053826674 -0.700804617
1769781775.829007 1.770452420 1.001304603 0.968635159 0.708908681 0.058026896 0.053313031 -0.700884499
1769781775.840117 1.771637987 1.001293326 0.968819213 0.708940122 0.057282392 0.052727291 -0.700958246
1769781775.851093 1.772805229 1.001279383 0.969054472 0.708965893 0.056441766 0.051994011 -0.701055142
1769781775.861677 1.773927080 1.001265101 0.969301948 0.709000511 0.055548411 0.051168559 -0.701152214
1769781775.872372 1.775081294 1.001252709 0.969587411 0.709035047 0.054560959 0.050211166 -0.701264032
1769781775.882934 1.776191163 1.001234789 0.969904713 0.709060565 0.053581070 0.049176312 -0.701387107
1769781775.893778 1.777366235 1.001227682 0.970265450 0.709076609 0.052592738 0.048199211 -0.701513509
1769781775.904330 1.778592612 1.001227129 0.970654892 0.709092305 0.051583575 0.047347944 -0.701630536
1769781775.914772 1.779777832 1.001229300 0.971040791 0.709115746 0.050638383 0.046517668 -0.701731230
1769781775.925691 1.781031355 1.001235523 0.971473498 0.709137762 0.049630884 0.045697440 -0.701834848
1769781775.936391 1.782289254 1.001234038 0.971935672 0.709158276 0.048638627 0.044860960 -0.701937545
1769781775.946981 1.783464172 1.001230315 0.972393793 0.709175391 0.047765094 0.044017362 -0.702033640
1769781775.957669 1.784697584 1.001219950 0.972864162 0.709207755 0.046869654 0.043205297 -0.702111742
1769781775.968276 1.785884627 1.001203981 0.973381545 0.709215683 0.046054043 0.042339860 -0.702210421
1769781775.978865 1.787086087 1.001201933 0.973920196 0.709216261 0.045242593 0.041531306 -0.702310867
1769781775.989560 1.788359162 1.001198665 0.974489094 0.709222110 0.044365510 0.040796847 -0.702403956
1769781776.000282 1.789633642 1.001209063 0.975125631 0.709194568 0.043503561 0.040082842 -0.702526775
1769781776.010957 1.790965517 1.001221328 0.975784013 0.709178274 0.042597850 0.039401071 -0.702637285
1769781776.021876 1.792252198 1.001226361 0.976445776 0.709157874 0.041735391 0.038752184 -0.702745711
1769781776.032748 1.793601250 1.001238060 0.977173849 0.709135164 0.040854659 0.038036985 -0.702859449
1769781776.043274 1.794872928 1.001228467 0.977844363 0.709128161 0.040110256 0.037344460 -0.702946520
1769781776.053906 1.796117096 1.001220332 0.978528359 0.709114604 0.039406275 0.036638288 -0.703037168
1769781776.064356 1.797372435 1.001222905 0.979250700 0.709080539 0.038742078 0.035950327 -0.703143950
1769781776.074858 1.798668102 1.001218843 0.979985519 0.709052264 0.038058609 0.035324820 -0.703241485
1769781776.085289 1.799973333 1.001225779 0.980776495 0.708994658 0.037339183 0.034739343 -0.703367286
1769781776.095877 1.801293086 1.001241871 0.981609508 0.708927371 0.036634304 0.034152893 -0.703500882
1769781776.106375 1.802626024 1.001249795 0.982449350 0.708859383 0.035906514 0.033599753 -0.703633537
1769781776.116854 1.803914337 1.001250537 0.983274154 0.708806210 0.035229074 0.033032133 -0.703748213
1769781776.127392 1.805207201 1.001251825 0.984117404 0.708753000 0.034611804 0.032435928 -0.703860155
1769781776.137885 1.806466918 1.001236051 0.984963730 0.708696680 0.034042112 0.031823111 -0.703972613
1769781776.148358 1.807728566 1.001216301 0.985809385 0.708639706 0.033503182 0.031237561 -0.704082040
1769781776.158941 1.809053576 1.001214112 0.986709517 0.708572477 0.032814249 0.030723896 -0.704204737
1769781776.170035 1.810459847 1.001207564 0.987700721 0.708480376 0.032125701 0.030159701 -0.704353525
1769781776.180733 1.811853153 1.001205550 0.988677379 0.708405212 0.031425123 0.029681808 -0.704481020
1769781776.191542 1.813181419 1.001195938 0.989632106 0.708335510 0.030775154 0.029231623 -0.704598615
1769781776.202250 1.814515641 1.001170681 0.990587287 0.708283964 0.030158846 0.028757472 -0.704696585
1769781776.213421 1.815880785 1.001143721 0.991587009 0.708234005 0.029532507 0.028251650 -0.704793778
1769781776.224181 1.817177307 1.001109885 0.992593343 0.708158408 0.028985728 0.027724749 -0.704913353
1769781776.234792 1.818490835 1.001079521 0.993626183 0.708057779 0.028422269 0.027303833 -0.705053797
1769781776.245363 1.819788337 1.001048099 0.994661804 0.707940699 0.027937916 0.026993767 -0.705202649
1769781776.256047 1.821134690 1.001026776 0.995734690 0.707796672 0.027496041 0.026829362 -0.705370842
1769781776.266644 1.822450822 1.000991248 0.996776993 0.707660922 0.027211838 0.026808557 -0.705518842
1769781776.277171 1.823750955 1.000941010 0.997817275 0.707522918 0.026992831 0.026890820 -0.705662519
1769781776.289221 1.825009418 1.000877930 0.998896435 0.707333808 0.026836357 0.026955704 -0.705855568
1769781776.302469 1.826682810 1.000797527 1.000444219 0.706997146 0.026599461 0.026995164 -0.706200230
1769781776.313545 1.828002007 1.000737043 1.001658379 0.706712276 0.026428477 0.027100740 -0.706487682
1769781776.324547 1.829319911 1.000670748 1.002859908 -0.706429309 -0.026235430 -0.027304596 0.706769971
1769781776.335794 1.830676442 1.000599956 1.004117266 -0.706118329 -0.026082991 -0.027541061 0.707077133
1769781776.346622 1.831969217 1.000526480 1.005337685 -0.705821752 -0.025903707 -0.027795986 0.707369802
1769781776.357557 1.833202843 1.000447657 1.006564978 -0.705505277 -0.025615317 -0.027971285 0.707689033
1769781776.368484 1.834455108 1.000345480 1.007875158 -0.705147029 -0.025315988 -0.028075442 0.708052638
1769781776.379113 1.835609805 1.000242415 1.009154635 -0.704780985 -0.025054653 -0.028167312 0.708422636
1769781776.389832 1.836783889 1.000147344 1.010464764 -0.704390508 -0.024785536 -0.028300818 0.708815035
1769781776.400989 1.838031731 1.000041170 1.011824338 -0.704015755 -0.024449565 -0.028510374 0.709190521
1769781776.411701 1.839235226 0.999936310 1.013141963 -0.703654916 -0.024057288 -0.028705367 0.709554091
1769781776.422576 1.840454951 0.999819037 1.014509095 -0.703287585 -0.023644555 -0.028933346 0.709922791
1769781776.433270 1.841643983 0.999698951 1.015921266 -0.702891077 -0.023243489 -0.029191888 0.710318033
1769781776.443782 1.842775776 0.999571556 1.017332452 -0.702484257 -0.022882485 -0.029418046 0.710722759
1769781776.454425 1.843870512 0.999445971 1.018741914 -0.702065471 -0.022503020 -0.029600665 0.711140977
1769781776.465123 1.844976073 0.999310480 1.020181760 -0.701656133 -0.022150497 -0.029793609 0.711547867
1769781776.475674 1.846069513 0.999170325 1.021621708 -0.701221027 -0.021801576 -0.030012068 0.711978256
1769781776.486247 1.847179746 0.999028492 1.023114246 -0.700746150 -0.021429194 -0.030235664 0.712447491
1769781776.496956 1.848274682 0.998883523 1.024648919 -0.700233390 -0.021127789 -0.030485733 0.712949813
1769781776.507553 1.849392575 0.998753781 1.026247608 -0.699678739 -0.020808780 -0.030774731 0.713491116
1769781776.518116 1.850476228 0.998616861 1.027819464 -0.699153425 -0.020555437 -0.031077651 0.714000099
1769781776.528784 1.851511824 0.998468380 1.029422192 -0.698608123 -0.020249068 -0.031282893 0.714533447
1769781776.539518 1.852539019 0.998308564 1.031092071 -0.698031602 -0.019871010 -0.031432213 0.715100721
1769781776.550220 1.853529468 0.998142830 1.032782068 -0.697451048 -0.019519971 -0.031598423 0.715669299
1769781776.560888 1.854611421 0.997984294 1.034546638 -0.696890254 -0.019059253 -0.031870684 0.716215734
1769781776.571453 1.855686469 0.997827176 1.036242640 -0.696441660 -0.018509342 -0.032170193 0.716652983
1769781776.582088 1.856747646 0.997659266 1.037952225 -0.696031401 -0.017929732 -0.032498971 0.717051344
1769781776.592855 1.857844616 0.997475428 1.039773928 -0.695599357 -0.017326892 -0.032884816 0.717467701
1769781776.603458 1.858935737 0.997296576 1.041639501 -0.695169202 -0.016711441 -0.033293822 0.717880234
1769781776.613997 1.859982280 0.997124358 1.043442901 -0.694821246 -0.016114834 -0.033684145 0.718212453
1769781776.624648 1.861031231 0.996966758 1.045245020 -0.694505838 -0.015487341 -0.034093251 0.718511958
1769781776.635269 1.862076542 0.996797235 1.047142492 -0.694168985 -0.014902542 -0.034533323 0.718828759
1769781776.646008 1.863176177 0.996623631 1.049093847 -0.693813425 -0.014239539 -0.034966495 0.719164454
1769781776.656911 1.864304758 0.996469385 1.051077621 -0.693459543 -0.013526109 -0.035432146 0.719496678
1769781776.667378 1.865456058 0.996333917 1.053039655 -0.693201401 -0.012841322 -0.035976522 0.719730928
1769781776.677904 1.866578815 0.996203137 1.054992369 -0.692978606 -0.012179852 -0.036544202 0.719928346
1769781776.688548 1.867703120 0.996051995 1.057023878 -0.692731592 -0.011515026 -0.037095433 0.720148787
1769781776.699296 1.868808979 0.995894202 1.059117081 -0.692459080 -0.010859601 -0.037572909 0.720396258
1769781776.709923 1.869930353 0.995773329 1.061274778 -0.692182439 -0.010136012 -0.038000372 0.720650195
1769781776.720525 1.871071244 0.995662156 1.063325571 -0.692009025 -0.009408674 -0.038461639 0.720802114
1769781776.731079 1.872272970 0.995523558 1.065459645 -0.691859839 -0.008625283 -0.038963745 0.720928147
1769781776.741987 1.873535367 0.995394675 1.067772932 -0.691622636 -0.007855918 -0.039487974 0.721135988
1769781776.752595 1.874741146 0.995281530 1.069965116 -0.691419302 -0.007147054 -0.039993681 0.721310456
1769781776.763345 1.875996259 0.995189587 1.072169319 -0.691312847 -0.006421177 -0.040547082 0.721388419
1769781776.774276 1.877228439 0.995088346 1.074450926 -0.691186731 -0.005750735 -0.041064368 0.721485655
1769781776.784918 1.878455069 0.994972446 1.076828592 -0.691009799 -0.005110551 -0.041528753 0.721633358
1769781776.795973 1.879773946 0.994871442 1.079222413 -0.690849667 -0.004443916 -0.042042335 0.721761339
1769781776.806809 1.881144874 0.994803061 1.081619670 -0.690723127 -0.003719422 -0.042565925 0.721855851
1769781776.817623 1.882512216 0.994725639 1.083996172 -0.690671960 -0.003021708 -0.043065684 0.721878424
1769781776.828199 1.883861632 0.994642875 1.086408903 -0.690561645 -0.002376880 -0.043543444 0.721957709
1769781776.838682 1.885182434 0.994567429 1.088840880 -0.690427061 -0.001841507 -0.044002669 0.722060141
1769781776.849129 1.886449138 0.994523708 1.091131104 -0.690392845 -0.001359370 -0.044419735 0.722068389
1769781776.859772 1.887865851 0.994490394 1.093565874 -0.690337374 -0.000781610 -0.044906687 0.722092161
1769781776.870281 1.889301347 0.994435260 1.096048373 -0.690265766 -0.000246392 -0.045385635 0.722131051
1769781776.880924 1.890756868 0.994382652 1.098528761 -0.690203346 0.000283133 -0.045822321 0.722163122
1769781776.891521 1.892169390 0.994347592 1.100942828 -0.690205380 0.000765343 -0.046180253 0.722138028
1769781776.902011 1.893563486 0.994320683 1.103331437 -0.690289287 0.001214329 -0.046488282 0.722037441
1769781776.912607 1.895070062 0.994294288 1.105847195 -0.690294204 0.001689007 -0.046850100 0.722008399
1769781776.923434 1.896612533 0.994268076 1.108376833 -0.690304870 0.002100391 -0.047208067 0.721973804
1769781776.934038 1.898146109 0.994256842 1.110877708 -0.690360423 0.002489790 -0.047524618 0.721898675
1769781776.944865 1.899674100 0.994263037 1.113376785 -0.690527961 0.002800565 -0.047787930 0.721719894
1769781776.955922 1.901235436 0.994261163 1.115956731 -0.690582799 0.003033773 -0.048097873 0.721645889
1769781776.966833 1.902899234 0.994265105 1.118631009 -0.690624363 0.003215210 -0.048449094 0.721581830
1769781776.977255 1.904471808 0.994277601 1.121098764 -0.690701052 0.003338011 -0.048765496 0.721486549
1769781776.988119 1.906080319 0.994299788 1.123593798 -0.690881230 0.003394656 -0.049037553 0.721295308
1769781776.998720 1.907614943 0.994311589 1.126028032 -0.691069512 0.003358959 -0.049227477 0.721102145
1769781777.009243 1.909255979 0.994322998 1.128576841 -0.691179615 0.003351877 -0.049452444 0.720981249
1769781777.019651 1.910870806 0.994350093 1.130996696 -0.691366980 0.003273781 -0.049656312 0.720787925
1769781777.030272 1.912505723 0.994382750 1.133483996 -0.691523033 0.003101592 -0.049823774 0.720627412
1769781777.040756 1.914082655 0.994444954 1.135896108 -0.691744297 0.002846437 -0.049901169 0.720410715
1769781777.051480 1.915676608 0.994506874 1.138295199 -0.691953283 0.002575437 -0.049957107 0.720207129
1769781777.062322 1.917395490 0.994529174 1.140897871 -0.692059284 0.002302915 -0.049971588 0.720105189
1769781777.073084 1.919103377 0.994523212 1.143482228 -0.692256982 0.001943965 -0.049958475 0.719917109
1769781777.084160 1.920768397 0.994558688 1.145932995 -0.692631116 0.001503464 -0.049792086 0.719569750
1769781777.094793 1.922400629 0.994706308 1.148095493 -0.693014458 0.001166214 -0.049429289 0.719226213
1769781777.105918 1.924175182 0.995033508 1.150128069 -0.693434974 0.000974640 -0.048810619 0.718863346
1769781777.116507 1.925821435 0.995505682 1.151739571 -0.693900883 0.000840940 -0.048066146 0.718463989
1769781777.127335 1.927469793 0.996115190 1.153100371 -0.694598785 0.000704635 -0.047178628 0.717848318
1769781777.138204 1.929201742 0.996802161 1.154193181 -0.695732202 0.000602254 -0.046238846 0.716811209
1769781777.148775 1.930865773 0.997475151 1.155074110 -0.697054006 0.000498017 -0.045307005 0.715585592
1769781777.159512 1.932628700 0.998159085 1.155987155 -0.698479982 0.000455801 -0.044380392 0.714251978
1769781777.170089 1.934275738 0.998814462 1.156808231 -0.700065878 0.000353524 -0.043409285 0.712757515
1769781777.180568 1.935947696 0.999456072 1.157665215 -0.701615887 0.000264627 -0.042456062 0.711289364
1769781777.191905 1.937784422 1.000121458 1.158600664 -0.703240783 0.000201711 -0.041467664 0.709741356
1769781777.202819 1.939573940 1.000750057 1.159471328 -0.704851684 0.000136170 -0.040523624 0.708196244
1769781777.213591 1.941355399 1.001355325 1.160408079 -0.706277922 0.000072960 -0.039642631 0.706823849
1769781777.224465 1.943055365 1.001955978 1.161347308 0.707695276 0.000063949 0.038693618 -0.705457437
1769781777.235286 1.944846856 1.002542525 1.162337930 0.709038093 0.000108693 0.037774752 -0.704157681
1769781777.246115 1.946658686 1.003115994 1.163400947 0.710206124 0.000102970 0.036884626 -0.703026867
1769781777.257098 1.948463488 1.003656512 1.164472123 0.711285107 0.000057373 0.036042927 -0.701978918
1769781777.267814 1.950258341 1.004191852 1.165573552 0.712317247 0.000056790 0.035146342 -0.700977083
1769781777.278556 1.951990907 1.004699878 1.166673043 0.713273762 0.000040628 0.034242716 -0.700048552
1769781777.289511 1.953824631 1.005214565 1.167823667 0.714196422 -0.000038150 0.033380143 -0.699148936
1769781777.300017 1.955581334 1.005682014 1.168955751 0.714936569 -0.000136323 0.032618973 -0.698428011
1769781777.310567 1.957384257 1.006149276 1.170175936 0.715589603 -0.000252917 0.031886907 -0.697792721
1769781777.321477 1.959054611 1.006591503 1.171301549 0.716263655 -0.000258630 0.031143201 -0.697134428
1769781777.332884 1.960964063 1.007062101 1.172594306 0.716962974 -0.000267353 0.030356724 -0.696449920
1769781777.343657 1.962786203 1.007485129 1.173790621 0.717631015 -0.000327045 0.029665920 -0.695791314
1769781777.354245 1.964569503 1.007875583 1.174951696 0.718219948 -0.000426351 0.029057041 -0.695209043
1769781777.365026 1.966326765 1.008257110 1.176169070 0.718735225 -0.000506913 0.028405506 -0.694703207
1769781777.375595 1.968030962 1.008644539 1.177396385 0.719271348 -0.000540221 0.027683615 -0.694177249
1769781777.386440 1.969753319 1.009015357 1.178584270 0.719842821 -0.000567668 0.026956851 -0.693613234
1769781777.397432 1.971524209 1.009354563 1.179763057 0.720376221 -0.000645908 0.026306128 -0.693084173
1769781777.408313 1.973351426 1.009675189 1.180980573 0.720860356 -0.000777014 0.025710016 -0.692602872
1769781777.419035 1.975100562 1.009994656 1.182151886 0.721373221 -0.000842268 0.025070881 -0.692092058
1769781777.429555 1.976749467 1.010297237 1.183308677 0.721816934 -0.000874755 0.024445623 -0.691651617
1769781777.440137 1.978362853 1.010590779 1.184484444 0.722211719 -0.000886810 0.023797185 -0.691261991
1769781777.450670 1.980034646 1.010855352 1.185608810 0.722639610 -0.000957949 0.023188933 -0.690835255
1769781777.461287 1.981740806 1.011100206 1.186722130 0.723057201 -0.001064686 0.022628295 -0.690416621
1769781777.471789 1.983431377 1.011329624 1.187844071 0.723429725 -0.001152682 0.022072812 -0.690044126
1769781777.482435 1.985068411 1.011551339 1.188957872 0.723765427 -0.001196925 0.021539139 -0.689708808
1769781777.493201 1.986726394 1.011779719 1.190096306 0.724134918 -0.001195376 0.020957439 -0.689338797
1769781777.503726 1.988276859 1.011983588 1.191192509 0.724436128 -0.001193963 0.020395626 -0.689039105
1769781777.515647 1.990126736 1.012186009 1.192467707 0.724683665 -0.001295284 0.019840878 -0.688794779
1769781777.526261 1.991778186 1.012345812 1.193552108 0.724949987 -0.001373267 0.019318481 -0.688529176
1769781777.537003 1.993417214 1.012486329 1.194611889 0.725210197 -0.001454458 0.018838129 -0.688268247
1769781777.547574 1.994990442 1.012630461 1.195661008 0.725441294 -0.001490432 0.018334212 -0.688038200
1769781777.558203 1.996548998 1.012756202 1.196737229 0.725580707 -0.001551244 0.017865408 -0.687903379
1769781777.569154 1.998116805 1.012881123 1.197824536 0.725728605 -0.001560052 0.017352587 -0.687760457
1769781777.579812 1.999715932 1.012980541 1.198893985 0.725849677 -0.001616296 0.016910088 -0.687643573
1769781777.591045 2.001393139 1.013068590 1.199999967 0.725936286 -0.001683386 0.016480774 -0.687562403
1769781777.601763 2.002958406 1.013128915 1.201007594 0.726022465 -0.001738302 0.016076734 -0.687480835
1769781777.612796 2.004566006 1.013174849 1.202049321 0.726067753 -0.001805999 0.015671087 -0.687442196
1769781777.623848 2.006090184 1.013225374 1.203050750 0.726121448 -0.001823056 0.015221478 -0.687395539
1769781777.634567 2.007561935 1.013269284 1.204042907 0.726155118 -0.001793473 0.014766457 -0.687369973
1769781777.645297 2.009039216 1.013287396 1.204995103 0.726167962 -0.001806787 0.014365169 -0.687364873
1769781777.655995 2.010576525 1.013279409 1.205964887 0.726105305 -0.001886697 0.014043964 -0.687437483
1769781777.666817 2.012101804 1.013266685 1.206936238 0.726016963 -0.001936489 0.013717224 -0.687537241
1769781777.677409 2.013574612 1.013243317 1.207860111 0.725913514 -0.001983136 0.013396675 -0.687652650
1769781777.688093 2.015009913 1.013203753 1.208737359 0.725825729 -0.002010463 0.013061618 -0.687751673
1769781777.699052 2.016435412 1.013156626 1.209605489 0.725749675 -0.001982576 0.012701136 -0.687838760
1769781777.709704 2.017818785 1.013101416 1.210462055 0.725627263 -0.001958374 0.012377518 -0.687973864
1769781777.720484 2.019241219 1.013024697 1.211302479 0.725484662 -0.001979697 0.012074480 -0.688129561
1769781777.731112 2.020675166 1.012926969 1.212128727 0.725314041 -0.002012345 0.011826849 -0.688313605
1769781777.741895 2.022083246 1.012821819 1.212919982 0.725134783 -0.002043682 0.011587661 -0.688506424
1769781777.752611 2.023464124 1.012708205 1.213699506 0.724929990 -0.002058532 0.011350732 -0.688725949
1769781777.763174 2.024820305 1.012587127 1.214461160 0.724719842 -0.002039491 0.011107518 -0.688951097
1769781777.773736 2.026133529 1.012461610 1.215203917 0.724475397 -0.002011562 0.010871318 -0.689211990
1769781777.785116 2.027207952 1.012352466 1.215812697 0.724257500 -0.001958746 0.010666780 -0.689444310
1769781777.797247 2.028894682 1.012148672 1.216696567 0.723924789 -0.001906821 0.010372168 -0.689798291
1769781777.808060 2.030261687 1.011953521 1.217361575 0.723628991 -0.001940367 0.010209907 -0.690110916
1769781777.818809 2.031616011 1.011756212 1.218003611 0.723326241 -0.001953661 0.010049198 -0.690430552
1769781777.830015 2.032894009 1.011560428 1.218613807 0.722998205 -0.001951707 0.009900123 -0.690776211
1769781777.841160 2.034272984 1.011345597 1.219235852 0.722641128 -0.001910293 0.009739447 -0.691152150
1769781777.851674 2.035456141 1.011161947 1.219748145 0.722327030 -0.001851036 0.009585348 -0.691482723
1769781777.862225 2.036662169 1.010972547 1.220235801 0.721989629 -0.001819873 0.009454531 -0.691836885
1769781777.872794 2.037813891 1.010805494 1.220665954 0.721686367 -0.001730955 0.009257143 -0.692156122
1769781777.883292 2.038997620 1.010624356 1.221038087 0.721390188 -0.001708087 0.009100710 -0.692466935
1769781777.893840 2.040207227 1.010440834 1.221363458 0.721093015 -0.001720488 0.008984205 -0.692777878
1769781777.904410 2.041409976 1.010263427 1.221637960 0.720801580 -0.001736675 0.008864146 -0.693082602
1769781777.914895 2.042587768 1.010089523 1.221868346 0.720510711 -0.001739927 0.008759205 -0.693386302
1769781777.925364 2.043734423 1.009928310 1.222052882 0.720235521 -0.001728078 0.008627827 -0.693673820
1769781777.936029 2.044870875 1.009768198 1.222175834 0.719977131 -0.001706758 0.008484752 -0.693943822
1769781777.946568 2.045979212 1.009615504 1.222260302 0.719726376 -0.001666790 0.008333847 -0.694205814
1769781777.957189 2.047057237 1.009474947 1.222301501 0.719476732 -0.001647340 0.008186322 -0.694466343
1769781777.967741 2.048131366 1.009339762 1.222288148 0.719254844 -0.001593482 0.008007844 -0.694698356
1769781777.978370 2.049247670 1.009183919 1.222214051 0.719048812 -0.001581394 0.007888656 -0.694912997
1769781777.989558 2.050395622 1.009027486 1.222091696 0.718834161 -0.001586881 0.007777678 -0.695136273
1769781778.000803 2.051567537 1.008871520 1.221922374 0.718609443 -0.001578515 0.007652066 -0.695369990
1769781778.011599 2.052692838 1.008722762 1.221686435 0.718423120 -0.001577495 0.007532163 -0.695563799
1769781778.022431 2.053722534 1.008591618 1.221418583 0.718261284 -0.001548675 0.007392728 -0.695732476
1769781778.033243 2.054792251 1.008463038 1.221091257 0.718109099 -0.001497270 0.007226053 -0.695891417
1769781778.044194 2.055809276 1.008341604 1.220750347 0.717977084 -0.001442574 0.007060786 -0.696029432
1769781778.055176 2.056847878 1.008223949 1.220336202 0.717877784 -0.001362590 0.006877497 -0.696133845
1769781778.065829 2.057797996 1.008121863 1.219909917 0.717791719 -0.001222268 0.006654374 -0.696225017
1769781778.076489 2.058795372 1.008005429 1.219431001 0.717724152 -0.001164371 0.006470448 -0.696296502
1769781778.087213 2.059792630 1.007879636 1.218901913 0.717684338 -0.001099789 0.006302529 -0.696339185
1769781778.097914 2.060763165 1.007754409 1.218328965 0.717661001 -0.000990984 0.006125522 -0.696364979
1769781778.108747 2.061736467 1.007629855 1.217685876 0.717650367 -0.000903719 0.005943047 -0.696377638
1769781778.119380 2.062649931 1.007512074 1.217024156 0.717605473 -0.000801330 0.005756877 -0.696425589
1769781778.130063 2.063548283 1.007402157 1.216324613 0.717531677 -0.000718191 0.005580402 -0.696503149
1769781778.140779 2.064456251 1.007296339 1.215578115 0.717425130 -0.000660286 0.005419838 -0.696614220
1769781778.151453 2.065317143 1.007195888 1.214808796 0.717306147 -0.000594553 0.005269982 -0.696737946
1769781778.162147 2.066210486 1.007087146 1.213968151 0.717157062 -0.000576353 0.005169299 -0.696892169
1769781778.172882 2.067062725 1.007008402 1.213095850 0.716984555 -0.000528392 0.005036292 -0.697070660
1769781778.183744 2.067932873 1.006914314 1.212185682 0.716804762 -0.000532422 0.004953410 -0.697256132
1769781778.194789 2.068853091 1.006798876 1.211212513 0.716598181 -0.000582877 0.004905227 -0.697468742
1769781778.205374 2.069729073 1.006689061 1.210242213 0.716402437 -0.000658394 0.004881512 -0.697669897
1769781778.215861 2.070555221 1.006584719 1.209277015 0.716183912 -0.000707516 0.004855795 -0.697894351
1769781778.226407 2.071365818 1.006487578 1.208259374 0.715971781 -0.000746982 0.004813342 -0.698112228
1769781778.236895 2.072176672 1.006385734 1.207201505 0.715746314 -0.000807481 0.004778537 -0.698343560
1769781778.247329 2.072941152 1.006288009 1.206167986 0.715506587 -0.000852692 0.004743529 -0.698589361
1769781778.257944 2.073717229 1.006187707 1.205032682 0.715300706 -0.000924545 0.004708334 -0.698800313
1769781778.268529 2.074469492 1.006097605 1.203887987 0.715066825 -0.000970537 0.004665328 -0.699039862
1769781778.279145 2.075217958 1.006006481 1.202696654 0.714841686 -0.001025912 0.004636593 -0.699270201
1769781778.289796 2.075950107 1.005924885 1.201431944 0.714652542 -0.001083320 0.004577202 -0.699463809
1769781778.300444 2.076645547 1.005852835 1.200138607 0.714491165 -0.001099455 0.004486927 -0.699629212
1769781778.311218 2.077370430 1.005759669 1.198778024 0.714364123 -0.001159288 0.004419546 -0.699759261
1769781778.321820 2.078092214 1.005660047 1.197418193 0.714218755 -0.001227172 0.004382857 -0.699907747
1769781778.332429 2.078809287 1.005567823 1.196024302 0.714055366 -0.001291716 0.004351493 -0.700074518
1769781778.343051 2.079495810 1.005474009 1.194658026 0.713850921 -0.001357865 0.004356326 -0.700282829
1769781778.353653 2.080161221 1.005382736 1.193245622 0.713645792 -0.001424546 0.004354339 -0.700491752
1769781778.364522 2.080827038 1.005289038 1.191761865 0.713439340 -0.001477391 0.004348413 -0.700701945
1769781778.375148 2.081475497 1.005203067 1.190252489 0.713285682 -0.001537454 0.004333978 -0.700858322
1769781778.385758 2.082103121 1.005131532 1.188680198 0.713147424 -0.001592559 0.004305081 -0.700999060
1769781778.396552 2.082693454 1.005058495 1.187095161 0.713037816 -0.001608156 0.004255852 -0.701110815
1769781778.407140 2.083273143 1.004988505 1.185469021 0.712961357 -0.001625042 0.004203209 -0.701188845
1769781778.417735 2.083832596 1.004911516 1.183834881 0.712849469 -0.001636653 0.004154805 -0.701302854
1769781778.428368 2.084375536 1.004833051 1.182208648 0.712720143 -0.001656307 0.004114387 -0.701434478
1769781778.438934 2.084922954 1.004750967 1.180501785 0.712597821 -0.001689914 0.004072109 -0.701558912
1769781778.449687 2.085412947 1.004690328 1.178827976 0.712476894 -0.001684495 0.003995915 -0.701682173
1769781778.460987 2.085959834 1.004620398 1.176998572 0.712376467 -0.001735865 0.003932041 -0.701784365
1769781778.471641 2.086496623 1.004547098 1.175187748 0.712281223 -0.001784322 0.003889292 -0.701881150
1769781778.482363 2.087010280 1.004472129 1.173338858 0.712195371 -0.001825302 0.003850086 -0.701968375
1769781778.492904 2.087493227 1.004395847 1.171554142 0.712099097 -0.001871995 0.003828647 -0.702066031
1769781778.503631 2.087959847 1.004317552 1.169733791 0.712007729 -0.001893611 0.003814951 -0.702158710
1769781778.514652 2.088423012 1.004238702 1.167797143 0.711909008 -0.001887002 0.003795141 -0.702258927
1769781778.525393 2.088854463 1.004169313 1.165898548 0.711808593 -0.001897106 0.003773488 -0.702360796
1769781778.536168 2.089266121 1.004105698 1.163944590 0.711749077 -0.001901316 0.003731896 -0.702421319
1769781778.547058 2.089671869 1.004048854 1.161912860 0.711709647 -0.001907989 0.003669949 -0.702461578
1769781778.557666 2.090067172 1.003986624 1.159923082 0.711679932 -0.001947980 0.003609383 -0.702491887
1769781778.568300 2.090426982 1.003931233 1.158003660 0.711598723 -0.001946038 0.003578098 -0.702574314
1769781778.578765 2.090777589 1.003864362 1.156042831 0.711509402 -0.001940805 0.003552315 -0.702664916
1769781778.589373 2.091106701 1.003802270 1.154070953 0.711424156 -0.001950491 0.003523133 -0.702751345
1769781778.600143 2.091425816 1.003741425 1.152083218 0.711329400 -0.001981531 0.003482223 -0.702847375
1769781778.611208 2.091755415 1.003691338 1.149906119 0.711298691 -0.002016825 0.003430373 -0.702878608
1769781778.622232 2.092079510 1.003629088 1.147739276 0.711241647 -0.002028807 0.003423871 -0.702936327
1769781778.633134 2.092340891 1.003582581 1.145583804 0.711216446 -0.001989601 0.003370953 -0.702962194
1769781778.644267 2.092616361 1.003510044 1.143460641 0.711166296 -0.001971178 0.003362099 -0.703013023
1769781778.657265 2.092953887 1.003430727 1.140816333 0.711088982 -0.002011207 0.003324556 -0.703091290
1769781778.668693 2.093236187 1.003371992 1.138610587 0.710944339 -0.002072010 0.003364764 -0.703237181
1769781778.679394 2.093493472 1.003322871 1.136375030 0.710879743 -0.002120746 0.003392464 -0.703302200
1769781778.690057 2.093712103 1.003265063 1.134229810 0.710832224 -0.002160914 0.003378720 -0.703350172
1769781778.700563 2.093905873 1.003213076 1.132098094 0.710773603 -0.002179839 0.003364852 -0.703409420
1769781778.711266 2.094098847 1.003147684 1.129895577 0.710729203 -0.002227193 0.003337818 -0.703454262
1769781778.721837 2.094261538 1.003092826 1.127768276 0.710645832 -0.002264972 0.003325628 -0.703538422
1769781778.732544 2.094422491 1.003048631 1.125529303 0.710597024 -0.002334413 0.003292779 -0.703587647
1769781778.743254 2.094568817 1.003001241 1.123284296 0.710586321 -0.002364386 0.003260244 -0.703598508
1769781778.753933 2.094687633 1.002960647 1.121072266 0.710582056 -0.002371186 0.003203965 -0.703603051
1769781778.764698 2.094805936 1.002904392 1.118818332 0.710523947 -0.002408667 0.003173173 -0.703661744
1769781778.775375 2.094896458 1.002853808 1.116638009 0.710449940 -0.002412794 0.003158518 -0.703736516
1769781778.786041 2.094978566 1.002810347 1.114418771 0.710386157 -0.002445816 0.003150992 -0.703800822
1769781778.796924 2.095064747 1.002771816 1.112115834 0.710348437 -0.002498412 0.003145395 -0.703838733
1769781778.807578 2.095116596 1.002727977 1.109784472 0.710387624 -0.002512187 0.003070715 -0.703799463
1769781778.818186 2.095158700 1.002674902 1.107565495 0.710358689 -0.002523934 0.003052107 -0.703828706
1769781778.828914 2.095187665 1.002618040 1.105310059 0.710317901 -0.002540358 0.003020330 -0.703869948
1769781778.839484 2.095209559 1.002568352 1.103046922 0.710291795 -0.002582982 0.002992389 -0.703896256
1769781778.850094 2.095216798 1.002537061 1.100801827 0.710264939 -0.002636837 0.002956338 -0.703923308
1769781778.860892 2.095210611 1.002500328 1.098471730 0.710276209 -0.002676297 0.002910620 -0.703911977
1769781778.871660 2.095193123 1.002455646 1.096174192 0.710250541 -0.002684721 0.002907046 -0.703937860
1769781778.882509 2.095145116 1.002405616 1.093907724 0.710187767 -0.002692620 0.002905208 -0.704001169
1769781778.893060 2.095081155 1.002366966 1.091696175 0.710143868 -0.002678569 0.002913997 -0.704045468
1769781778.903952 2.095021416 1.002334900 1.089392028 0.710142600 -0.002699170 0.002922479 -0.704046633
1769781778.914612 2.094953080 1.002297109 1.087092015 0.710129476 -0.002718149 0.002941160 -0.704059720
1769781778.925292 2.094857528 1.002255036 1.084819845 0.710136339 -0.002719688 0.002913788 -0.704052905
1769781778.935869 2.094740669 1.002211398 1.082574876 0.710092307 -0.002729116 0.002912991 -0.704097282
1769781778.946424 2.094620323 1.002168990 1.080378317 0.710057148 -0.002739196 0.002916248 -0.704132686
1769781778.957066 2.094498578 1.002130262 1.078096116 0.710088435 -0.002774647 0.002922206 -0.704100970
1769781778.967758 2.094375448 1.002100231 1.075853526 0.710050794 -0.002836604 0.002954863 -0.704138546
1769781778.978244 2.094239423 1.002065979 1.073656138 0.710021548 -0.002890650 0.002992677 -0.704167657
1769781778.988840 2.094073515 1.002022614 1.071483676 0.709963262 -0.002898590 0.003035798 -0.704226205
1769781778.999399 2.093905010 1.001984390 1.069342539 0.709891786 -0.002928488 0.003104445 -0.704297834
1769781779.009921 2.093720580 1.001952086 1.067128471 0.709907610 -0.002963403 0.003107207 -0.704281726
1769781779.021116 2.093513796 1.001922453 1.064857495 0.709912991 -0.002993916 0.003107610 -0.704276171
1769781779.032130 2.093290615 1.001882711 1.062497291 0.709905379 -0.003068437 0.003108671 -0.704283518
1769781779.042608 2.093065446 1.001836551 1.060376718 0.709862145 -0.003102453 0.003142069 -0.704326797
1769781779.053241 2.092823332 1.001805436 1.058278280 0.709839585 -0.003091200 0.003163591 -0.704349487
1769781779.064405 2.092564746 1.001777004 1.056043900 0.709847051 -0.003112282 0.003171788 -0.704341833
1769781779.075305 2.092269942 1.001745095 1.053731226 0.709884116 -0.003109957 0.003135506 -0.704304649
1769781779.085799 2.091984787 1.001707211 1.051583592 0.709920990 -0.003118495 0.003096382 -0.704267616
1769781779.096602 2.091702157 1.001668069 1.049499768 0.709877880 -0.003138557 0.003103449 -0.704310949
1769781779.107145 2.091417348 1.001634857 1.047424425 0.709861036 -0.003183713 0.003100433 -0.704327737
1769781779.117769 2.091120468 1.001605474 1.045351868 0.709845330 -0.003212228 0.003108823 -0.704343399
1769781779.128430 2.090813132 1.001575766 1.043268816 0.709874984 -0.003228019 0.003088345 -0.704313530
1769781779.139159 2.090474983 1.001537070 1.041146130 0.709911448 -0.003236439 0.003057924 -0.704276871
1769781779.149793 2.090139377 1.001492658 1.039120798 0.709895563 -0.003274998 0.003039697 -0.704292783
1769781779.160387 2.089783030 1.001453524 1.037105596 0.709906251 -0.003315183 0.002998874 -0.704281997
1769781779.170908 2.089420073 1.001421991 1.035101323 0.709903978 -0.003372112 0.002970590 -0.704284137
1769781779.181454 2.089047255 1.001401999 1.033102378 0.709926297 -0.003422820 0.002936072 -0.704261540
1769781779.192099 2.088647718 1.001366045 1.031110082 0.709957764 -0.003421166 0.002899946 -0.704229976
1769781779.202707 2.088233933 1.001331464 1.029135808 0.709968126 -0.003403742 0.002907331 -0.704219584
1769781779.213125 2.087811411 1.001299420 1.027250049 0.709942968 -0.003384205 0.002918381 -0.704244995
1769781779.223891 2.087383638 1.001261264 1.025329435 0.709943203 -0.003396632 0.002926911 -0.704244662
1769781779.234765 2.086931887 1.001243307 1.023353977 0.709971280 -0.003413277 0.002898191 -0.704216396
1769781779.245281 2.086469235 1.001215568 1.021441841 0.710000248 -0.003433624 0.002864164 -0.704187230
1769781779.255872 2.085984672 1.001196989 1.019577272 0.710029012 -0.003429735 0.002811838 -0.704158457
1769781779.266754 2.085490267 1.001175814 1.017764477 0.709978204 -0.003418610 0.002846678 -0.704209599
1769781779.277378 2.084998939 1.001153519 1.015948806 0.709969704 -0.003400338 0.002844245 -0.704218267
1769781779.287993 2.084494253 1.001136287 1.014187986 0.709967480 -0.003376729 0.002824356 -0.704220703
1769781779.298669 2.083970635 1.001123727 1.012392091 0.709979561 -0.003351532 0.002819013 -0.704208664
1769781779.309300 2.083432063 1.001091669 1.010597823 0.710027958 -0.003314977 0.002788924 -0.704160161
1769781779.319747 2.082903760 1.001059624 1.008876254 0.710044891 -0.003279956 0.002785282 -0.704143264
1769781779.330158 2.082370495 1.001033743 1.007237426 0.710028109 -0.003258403 0.002813175 -0.704160176
1769781779.340714 2.081826446 1.001015336 1.005598206 0.710009194 -0.003258589 0.002835839 -0.704179156
1769781779.351392 2.081277470 1.000991674 1.003957060 0.709997459 -0.003249986 0.002873849 -0.704190874
1769781779.362336 2.080682504 1.000970365 1.002249198 0.710043414 -0.003240099 0.002843939 -0.704144704
1769781779.372903 2.080089614 1.000939425 1.000594681 0.710073238 -0.003234325 0.002826647 -0.704114725
1769781779.383523 2.079487615 1.000917734 0.998999110 0.710093434 -0.003206016 0.002787073 -0.704094644
1769781779.394150 2.078888942 1.000888880 0.997468225 0.710094588 -0.003194429 0.002768178 -0.704093608
1769781779.404731 2.078262758 1.000866872 0.995945509 0.710095082 -0.003160860 0.002743243 -0.704093359
1769781779.415711 2.077623736 1.000849914 0.994440668 0.710089532 -0.003124732 0.002741369 -0.704099125
1769781779.426415 2.076976289 1.000822236 0.992913859 0.710107719 -0.003103085 0.002731848 -0.704080915
1769781779.437003 2.076329439 1.000805211 0.991437882 0.710130498 -0.003110296 0.002716112 -0.704057970
1769781779.447596 2.075677006 1.000778529 0.990003462 0.710146058 -0.003118024 0.002703273 -0.704042290
1769781779.458172 2.075019878 1.000759043 0.988624349 0.710164877 -0.003115816 0.002687114 -0.704023379
1769781779.468652 2.074354047 1.000736552 0.987279114 0.710154435 -0.003102021 0.002695734 -0.704033941
1769781779.479232 2.073669936 1.000724740 0.985992329 0.710132261 -0.003079096 0.002690447 -0.704056427
1769781779.489896 2.072976304 1.000709560 0.984701241 0.710119680 -0.003071864 0.002676862 -0.704069200
1769781779.500374 2.072295093 1.000691403 0.983453670 0.710104815 -0.003083068 0.002673712 -0.704084155
1769781779.510973 2.071575160 1.000667496 0.982169913 0.710128769 -0.003074768 0.002651927 -0.704060114
1769781779.521718 2.070833304 1.000656083 0.980942109 0.710150826 -0.003042588 0.002599257 -0.704038203
1769781779.532403 2.070053091 1.000642407 0.979712320 0.710175726 -0.003002726 0.002524912 -0.704013527
1769781779.542882 2.069278586 1.000626494 0.978529455 0.710195493 -0.002963435 0.002459207 -0.703993986
1769781779.553569 2.068507289 1.000615116 0.977404688 0.710211958 -0.002918464 0.002385170 -0.703977818
1769781779.564166 2.067730388 1.000596201 0.976298344 0.710208689 -0.002898085 0.002345426 -0.703981333
1769781779.574872 2.066952869 1.000586871 0.975261884 0.710197323 -0.002870670 0.002290166 -0.703993094
1769781779.585518 2.066150765 1.000567540 0.974221527 0.710191103 -0.002841580 0.002245168 -0.703999632
1769781779.596371 2.065354224 1.000554549 0.973218921 0.710189984 -0.002810494 0.002215898 -0.704000978
1769781779.606905 2.064522730 1.000546604 0.972224007 0.710196284 -0.002772484 0.002161055 -0.703994944
1769781779.617527 2.063715871 1.000521731 0.971282232 0.710202208 -0.002739224 0.002141669 -0.703989157
1769781779.628272 2.062893393 1.000517386 0.970368659 0.710202119 -0.002724358 0.002132039 -0.703989334
1769781779.639040 2.062037417 1.000496635 0.969446814 0.710220131 -0.002707013 0.002086773 -0.703971365
1769781779.649785 2.061200079 1.000480210 0.968605147 0.710208275 -0.002707394 0.002091952 -0.703983309
1769781779.660419 2.060324583 1.000463778 0.967758079 0.710221975 -0.002696061 0.002052123 -0.703969649
1769781779.671164 2.059455572 1.000437269 0.966945681 0.710223614 -0.002724893 0.002046843 -0.703967900
1769781779.681772 2.058611977 1.000427394 0.966222020 0.710207223 -0.002742379 0.002042914 -0.703984379
1769781779.692531 2.057700596 1.000413618 0.965480446 0.710213110 -0.002710721 0.002005448 -0.703978671
1769781779.703117 2.056787150 1.000415732 0.964829079 0.710188010 -0.002652102 0.001975218 -0.704004301
1769781779.713615 2.055834579 1.000424952 0.964187135 0.710173901 -0.002567624 0.001895579 -0.704019066
1769781779.724555 2.054886462 1.000421934 0.963581225 0.710158373 -0.002500382 0.001830334 -0.704035144
1769781779.735175 2.053932154 1.000426800 0.963010924 0.710136044 -0.002436128 0.001776874 -0.704058028
1769781779.745764 2.052983546 1.000422404 0.962467062 0.710122569 -0.002394009 0.001752754 -0.704071824
1769781779.756658 2.052005969 1.000412931 0.961934179 0.710118380 -0.002355201 0.001720612 -0.704076260
1769781779.767248 2.051064851 1.000404401 0.961453617 0.710107512 -0.002355817 0.001720063 -0.704087219
1769781779.777861 2.050089295 1.000396075 0.960995502 0.710099799 -0.002350262 0.001696966 -0.704095073
1769781779.789380 2.049375634 1.000391185 0.960686506 0.710094546 -0.002343908 0.001677352 -0.704100439
1769781779.800959 2.048717486 1.000384688 0.960416585 0.710089436 -0.002346443 0.001662273 -0.704105620
1769781779.813942 2.047681215 1.000378498 0.960026406 0.710081618 -0.002337118 0.001619510 -0.704113635
1769781779.825303 2.045745069 1.000370825 0.959388805 0.710066609 -0.002319058 0.001589710 -0.704128899
1769781779.836746 2.044583803 1.000374584 0.959058075 0.710073597 -0.002267879 0.001555432 -0.704122095
1769781779.848083 2.043449830 1.000381786 0.958780717 0.710078052 -0.002237128 0.001525835 -0.704117765
1769781779.859471 2.042296335 1.000398020 0.958545634 0.710080200 -0.002189008 0.001440912 -0.704115929
1769781779.870201 2.041181241 1.000399024 0.958366336 0.710073127 -0.002132028 0.001373531 -0.704123372
1769781779.880976 2.040101603 1.000412559 0.958246574 0.710049367 -0.002069990 0.001311383 -0.704147635
1769781779.891686 2.038993305 1.000408150 0.958141460 0.710038710 -0.001997326 0.001259662 -0.704158685
1769781779.902480 2.037884853 1.000417071 0.958098666 0.710004764 -0.001944792 0.001212716 -0.704193143
1769781779.913144 2.036750437 1.000421671 0.958065883 0.709985727 -0.001894113 0.001136601 -0.704212602
1769781779.923763 2.035650798 1.000422796 0.958076843 0.709960814 -0.001876072 0.001110592 -0.704237808
1769781779.934393 2.034544405 1.000429340 0.958136926 0.709924563 -0.001847031 0.001114299 -0.704274423
1769781779.944952 2.033426639 1.000426144 0.958212947 0.709898388 -0.001778508 0.001181716 -0.704300873
1769781779.955643 2.032321779 1.000435774 0.958350927 0.709839868 -0.001701852 0.001278806 -0.704359873
1769781779.966283 2.031170477 1.000442095 0.958496633 0.709791316 -0.001626031 0.001324934 -0.704408893
1769781779.976928 2.029980080 1.000450601 0.958697728 0.709726542 -0.001528653 0.001343679 -0.704474339
1769781779.987900 2.028769904 1.000465077 0.958930048 0.709667202 -0.001433648 0.001369705 -0.704534266
1769781779.998850 2.027546809 1.000470682 0.959179163 0.709623335 -0.001363354 0.001378062 -0.704578573
1769781780.009382 2.026321527 1.000483379 0.959458995 0.709575005 -0.001266303 0.001338244 -0.704627503
1769781780.020153 2.025115218 1.000489883 0.959750441 0.709538738 -0.001218524 0.001311315 -0.704664158
1769781780.030766 2.023879285 1.000494561 0.960094784 0.709488959 -0.001158668 0.001273275 -0.704714448
1769781780.041373 2.022664998 1.000499296 0.960465189 0.709439050 -0.001089508 0.001248922 -0.704764846
1769781780.051851 2.021455593 1.000501942 0.960867141 0.709385879 -0.001040576 0.001238013 -0.704818458
1769781780.062556 2.020208433 1.000511629 0.961322668 0.709317792 -0.000978552 0.001203433 -0.704887128
1769781780.073157 2.018964754 1.000524391 0.961814458 0.709241233 -0.000950723 0.001179242 -0.704964240
1769781780.083651 2.017757879 1.000520773 0.962299425 0.709184998 -0.000951944 0.001188424 -0.705020794
1769781780.094305 2.016524045 1.000533111 0.962823182 0.709121093 -0.000954105 0.001204028 -0.705085041
1769781780.104731 2.015231130 1.000550831 0.963372415 0.709056412 -0.000879641 0.001146333 -0.705150280
1769781780.115218 2.013952079 1.000559751 0.963921533 0.709007566 -0.000840073 0.001103857 -0.705199509
1769781780.125807 2.012662759 1.000581491 0.964483970 0.708959978 -0.000787048 0.001030886 -0.705247522
1769781780.136367 2.011352771 1.000583621 0.965075273 0.708915440 -0.000754160 0.000947373 -0.705292445
1769781780.147275 2.010042107 1.000589112 0.965736181 0.708844941 -0.000768867 0.000917463 -0.705363322
1769781780.157953 2.008720172 1.000595099 0.966417566 0.708766114 -0.000738699 0.000867637 -0.705442625
1769781780.168649 2.007407893 1.000600032 0.967127698 0.708685287 -0.000739459 0.000835934 -0.705523861
1769781780.179333 2.006069229 1.000621328 0.967881836 0.708588647 -0.000707213 0.000778456 -0.705621020
1769781780.190168 2.004722789 1.000631685 0.968638739 0.708502533 -0.000698917 0.000717271 -0.705707558
1769781780.200667 2.003425195 1.000641669 0.969391987 0.708420020 -0.000724011 0.000690573 -0.705790389
1769781780.211285 2.002101252 1.000655666 0.970158222 0.708343260 -0.000722290 0.000662730 -0.705867456
1769781780.222553 2.000702237 1.000658371 0.970970699 0.708263971 -0.000732576 0.000632884 -0.705947031
1769781780.233018 1.999322946 1.000673154 0.971812813 0.708164144 -0.000700123 0.000579178 -0.706047250
1769781780.243708 1.997956498 1.000687608 0.972677254 0.708047024 -0.000651786 0.000519681 -0.706164795
1769781780.254871 1.996565229 1.000699969 0.973555259 0.707935201 -0.000572235 0.000455109 -0.706277011
1769781780.265671 1.995086575 1.000715785 0.974504122 0.707822477 -0.000473210 0.000400046 -0.706390088
1769781780.276362 1.993710386 1.000723615 0.975398610 0.707724279 -0.000437681 0.000364169 -0.706488514
1769781780.286906 1.992399617 1.000721079 0.976251113 0.707644509 -0.000431968 0.000335906 -0.706568432
1769781780.308905 1.990956495 1.000712550 0.977200585 0.707552030 -0.000430478 0.000310551 -0.706661053
1769781780.324661 1.990211914 1.000715581 0.977705826 0.707488454 -0.000388932 0.000295084 -0.706724733
1769781780.336938 1.989537453 1.000718161 0.978175694 0.707423971 -0.000345795 0.000266175 -0.706789315
1769781780.348232 1.984713324 1.000727883 0.981668049 -0.706956115 0.000317069 -0.000137361 0.707257331
1769781780.359125 1.983171090 1.000730877 0.982723521 -0.706844416 0.000242711 -0.000027705 0.707369007
1769781780.370009 1.981729581 1.000720271 0.983733449 -0.706737755 0.000171004 0.000074067 0.707475591
1769781780.380486 1.980369379 1.000716115 0.984755456 -0.706600396 0.000109640 0.000180013 0.707612773
1769781780.391020 1.979057056 1.000719044 0.985788761 -0.706446326 0.000059728 0.000266127 0.707766568
1769781780.401620 1.977765692 1.000707494 0.986813781 -0.706308322 0.000056335 0.000327782 0.707904262
1769781780.412256 1.976438698 1.000696420 0.987853273 -0.706170460 0.000000740 0.000390398 0.708041757
1769781780.422935 1.975148774 1.000691154 0.988875155 -0.706033677 -0.000071813 0.000400604 0.708178143
1769781780.433440 1.973873186 1.000680269 0.989914362 -0.705877627 -0.000186834 0.000380372 0.708333676
1769781780.443986 1.972638749 1.000652510 0.990944326 -0.705705452 -0.000285689 0.000334376 0.708505202
1769781780.454946 1.971329425 1.000625727 0.992054977 -0.705479207 -0.000457583 0.000326584 0.708730395
1769781780.466211 1.969991134 1.000610041 0.993224910 -0.705227223 -0.000661589 0.000357435 0.708980958
1769781780.477234 1.968678522 1.000599595 0.994395954 -0.704942666 -0.000920336 0.000362429 0.709263603
1769781780.488762 1.967339881 1.000585823 0.995568031 -0.704668924 -0.001202671 0.000437441 0.709535108
1769781780.499765 1.966049773 1.000556857 0.996700734 -0.704418061 -0.001441752 0.000553169 0.709783636
1769781780.510789 1.964768171 1.000528819 0.997875252 -0.704122575 -0.001729053 0.000676089 0.710076019
1769781780.521677 1.963554472 1.000489622 0.999075673 -0.703788329 -0.001981237 0.000732770 0.710406592
1769781780.532145 1.962407288 1.000459408 1.000263276 -0.703431692 -0.002227949 0.000802500 0.710758924
1769781780.542839 1.961265517 1.000428634 1.001463990 -0.703073093 -0.002462647 0.000910958 0.711112742
1769781780.553762 1.960155379 1.000391437 1.002671944 -0.702699987 -0.002678619 0.001011476 0.711480520
1769781780.564644 1.959050780 1.000359640 1.003882191 -0.702338637 -0.002920965 0.001103464 0.711836139
1769781780.575754 1.957882890 1.000321827 1.005177465 -0.701943436 -0.003221334 0.001232657 0.712224344
1769781780.586404 1.956805878 1.000284273 1.006426682 -0.701555968 -0.003524176 0.001386888 0.712604295
1769781780.597163 1.955735029 1.000236831 1.007734560 -0.701126266 -0.003825247 0.001532877 0.713025228
1769781780.607751 1.954681483 1.000203844 1.009033840 -0.700700386 -0.004193836 0.001688984 0.713441327
1769781780.618316 1.953662539 1.000161117 1.010336109 -0.700291023 -0.004552973 0.001835734 0.713840587
1769781780.629084 1.952649459 1.000115787 1.011636033 -0.699898016 -0.004929000 0.002021174 0.714222926
1769781780.639788 1.951648031 1.000063496 1.012971413 -0.699496017 -0.005323381 0.002195628 0.714613296
1769781780.650413 1.950692648 1.000008883 1.014301386 -0.699095548 -0.005690008 0.002382120 0.715001653
1769781780.661169 1.949718626 0.999957782 1.015746507 -0.698623283 -0.006057417 0.002587443 0.715459378
1769781780.671802 1.948801075 0.999904507 1.017175454 -0.698150620 -0.006391496 0.002753593 0.715917089
1769781780.682636 1.947888877 0.999845980 1.018659426 -0.697649967 -0.006732840 0.002878137 0.716401360
1769781780.693299 1.947015601 0.999787648 1.020109896 -0.697157956 -0.007003165 0.003024031 0.716876974
1769781780.703810 1.946154493 0.999725748 1.021583609 -0.696642668 -0.007235454 0.003198117 0.717374668
1769781780.714388 1.945282907 0.999665027 1.023084320 -0.696130973 -0.007495108 0.003421245 0.717867527
1769781780.725054 1.944421315 0.999605518 1.024688655 -0.695543866 -0.007787919 0.003584921 0.718432479
1769781780.735773 1.943550418 0.999561811 1.026332834 -0.694974192 -0.008147100 0.003773345 0.718978622
1769781780.746259 1.942700187 0.999522766 1.027977054 -0.694438052 -0.008520994 0.004005940 0.719490888
1769781780.756948 1.941865036 0.999488756 1.029628010 -0.693935603 -0.008951301 0.004255353 0.719968850
1769781780.767899 1.941010681 0.999433490 1.031376279 -0.693450346 -0.009418842 0.004533102 0.720428591
1769781780.778430 1.940194510 0.999381611 1.033129071 -0.692945661 -0.009888364 0.004813919 0.720905928
1769781780.789050 1.939376698 0.999332870 1.034917522 -0.692450497 -0.010374402 0.005125575 0.721372587
1769781780.799489 1.938562937 0.999290513 1.036714884 -0.691998613 -0.010875417 0.005462802 0.721796233
1769781780.810028 1.937722896 0.999267754 1.038520557 -0.691579143 -0.011443651 0.005831723 0.722186488
1769781780.820704 1.936901524 0.999225388 1.040330038 -0.691203207 -0.012009153 0.006200784 0.722534052
1769781780.831583 1.936039203 0.999173090 1.042323249 -0.690767836 -0.012607538 0.006592453 0.722936640
1769781780.842143 1.935156878 0.999140885 1.044312994 -0.690334551 -0.013208445 0.007025309 0.723335600
1769781780.852779 1.934274686 0.999117068 1.046264424 -0.689947636 -0.013812339 0.007484269 0.723688789
1769781780.863422 1.933333698 0.999093562 1.048248503 -0.689634791 -0.014508621 0.007998328 0.723967804
1769781780.873918 1.932385786 0.999070291 1.050289822 -0.689320834 -0.015215483 0.008515047 0.724246347
1769781780.884441 1.931467235 0.999044890 1.052401389 -0.688973401 -0.015892243 0.009008248 0.724556375
1769781780.895298 1.930543037 0.999012872 1.054553747 -0.688638644 -0.016530215 0.009514472 0.724853809
1769781780.905849 1.929581541 0.999009649 1.056744632 -0.688327374 -0.017171096 0.010081653 0.725126844
1769781780.916536 1.928600839 0.999002172 1.058925383 -0.688101139 -0.017837351 0.010663390 0.725317133
1769781780.927221 1.927647508 0.998976040 1.061187707 -0.687810508 -0.018462847 0.011192555 0.725569125
1769781780.937751 1.926635515 0.998955896 1.063493331 -0.687506143 -0.019129421 0.011717887 0.725831977
1769781780.948366 1.925593334 0.998951843 1.065789030 -0.687270757 -0.019829286 0.012269716 0.726026969
1769781780.959049 1.924497206 0.998966354 1.068106174 -0.687064774 -0.020611985 0.012816095 0.726190670
1769781780.969743 1.923364598 0.998961002 1.070508883 -0.686885102 -0.021388694 0.013370414 0.726328171
1769781780.980264 1.922266091 0.998951969 1.072922637 -0.686653684 -0.022110419 0.013868292 0.726516014
1769781780.990950 1.921153803 0.998959464 1.075396672 -0.686414963 -0.022784773 0.014360297 0.726711176
1769781781.001478 1.920082134 0.998974487 1.077793545 -0.686275089 -0.023379505 0.014841640 0.726814713
1769781781.012015 1.918883816 0.998996863 1.080289847 -0.686096539 -0.024044975 0.015392092 0.726950109
1769781781.022692 1.917656786 0.999000300 1.082820801 -0.685884828 -0.024669001 0.015950702 0.727116922
1769781781.033612 1.916352035 0.999006729 1.085466206 -0.685702655 -0.025292968 0.016530366 0.727254344
1769781781.044378 1.915034173 0.999030137 1.088035930 -0.685623229 -0.025885567 0.017125944 0.727294595
1769781781.055310 1.913798988 0.999045904 1.090563372 -0.685533606 -0.026389796 0.017648894 0.727348452
1769781781.066066 1.912470679 0.999056065 1.093250349 -0.685423962 -0.026873787 0.018186272 0.727420821
1769781781.076790 1.911081752 0.999073604 1.095931709 -0.685279367 -0.027375520 0.018731954 0.727524490
1769781781.087890 1.909652765 0.999116925 1.098578590 -0.685258529 -0.027850535 0.019304983 0.727511109
1769781781.098731 1.908179026 0.999152208 1.101314570 -0.685283325 -0.028278781 0.019881019 0.727455717
1769781781.109157 1.906830132 0.999176147 1.103976734 -0.685148063 -0.028553218 0.020393533 0.727558210
1769781781.119805 1.905381363 0.999212881 1.106675769 -0.685078043 -0.028810031 0.020951100 0.727598178
1769781781.130425 1.903865633 0.999265527 1.109310077 -0.685141958 -0.029122058 0.021512820 0.727509176
1769781781.140891 1.902355778 0.999305470 1.111926790 -0.685203289 -0.029368969 0.022037138 0.727425791
1769781781.151381 1.900911619 0.999315913 1.114544119 -0.685242861 -0.029473117 0.022521171 0.727369476
1769781781.162450 1.899333707 0.999347535 1.117288021 -0.685271072 -0.029590825 0.023042589 0.727321786
1769781781.172989 1.897728042 0.999405312 1.119918939 -0.685438998 -0.029647523 0.023579400 0.727144013
1769781781.183411 1.896144580 0.999451549 1.122521857 -0.685604474 -0.029643627 0.024093356 0.726971300
1769781781.194015 1.894594401 0.999490249 1.125166203 -0.685759829 -0.029535740 0.024549638 0.726813878
1769781781.204469 1.892998727 0.999532510 1.127844435 -0.685873144 -0.029377864 0.025004979 0.726697820
1769781781.214992 1.891381064 0.999587544 1.130461475 -0.685985439 -0.029174908 0.025452570 0.726584454
1769781781.225451 1.889738558 0.999640334 1.133019012 -0.686207140 -0.028924948 0.025875916 0.726370116
1769781781.236023 1.888122111 0.999682140 1.135578497 -0.686497874 -0.028592790 0.026220649 0.726096136
1769781781.246511 1.886484311 0.999711150 1.138158207 -0.686702566 -0.028186843 0.026574137 0.725905574
1769781781.257281 1.884794679 0.999750424 1.140796670 -0.686893108 -0.027726927 0.026932725 0.725729773
1769781781.267794 1.883126160 0.999810159 1.143313346 -0.687229538 -0.027131890 0.027285737 0.725420507
1769781781.278322 1.881501643 0.999886484 1.145829349 -0.687497568 -0.026394386 0.027623213 0.725180935
1769781781.289188 1.879757906 0.999951032 1.148381309 -0.687792476 -0.025584614 0.028044145 0.724914107
1769781781.299778 1.878056454 0.999978779 1.150923027 -0.688072030 -0.024749735 0.028328371 0.724666706
1769781781.310280 1.876357666 0.999971423 1.153519150 -0.688267095 -0.024082378 0.028350836 0.724503054
1769781781.321025 1.874742187 0.999978636 1.155946066 -0.688696489 -0.023530652 0.028039288 0.724125164
1769781781.331638 1.873000490 1.000082120 1.158237036 -0.689200130 -0.023116763 0.027585510 0.723676609
1769781781.342111 1.871257750 1.000345334 1.160273691 -0.689628922 -0.022705077 0.027088046 0.723299846
1769781781.352651 1.869592721 1.000771192 1.161969991 -0.690089440 -0.022259085 0.026540911 0.722894652
1769781781.363364 1.867871576 1.001358123 1.163371979 -0.690732971 -0.021863500 0.025990848 0.722311862
1769781781.374400 1.866055362 1.002024804 1.164556337 -0.691782388 -0.021470426 0.025463381 0.721337483
1769781781.385038 1.864192194 1.002697164 1.165566119 -0.693227080 -0.021108622 0.024966852 0.719977289
1769781781.395746 1.862410661 1.003330698 1.166501332 -0.694718295 -0.020745636 0.024473776 0.718566033
1769781781.406360 1.860619149 1.003959899 1.167467945 -0.696231924 -0.020402680 0.023969073 0.717126434
1769781781.416934 1.858797430 1.004566063 1.168367991 -0.697810304 -0.020090633 0.023533023 0.715613962
1769781781.427569 1.856979605 1.005143457 1.169259992 -0.699339941 -0.019770974 0.023097206 0.714142335
1769781781.438216 1.855135773 1.005709445 1.170182356 -0.700887357 -0.019458210 0.022616317 0.712647734
1769781781.448754 1.853379185 1.006264247 1.171071964 -0.702383804 -0.019117889 0.022121242 0.711197686
1769781781.459341 1.851532041 1.006798381 1.172067089 -0.703680114 -0.018845964 0.021725476 0.709934596
1769781781.470004 1.849653537 1.007327929 1.173110908 -0.704967219 -0.018541067 0.021311309 0.708677131
1769781781.480634 1.847807803 1.007819882 1.174141914 -0.706137260 -0.018261582 0.020893730 0.707531015
1769781781.491300 1.846016128 1.008293497 1.175194239 0.707215980 0.017954992 -0.020428927 -0.706474228
1769781781.501963 1.844196865 1.008748641 1.176236753 0.708305216 0.017689524 -0.019973226 -0.705401922
1769781781.512532 1.842330766 1.009184456 1.177329242 0.709206824 0.017505373 -0.019589350 -0.704510823
1769781781.523458 1.840453621 1.009604612 1.178479134 0.710027990 0.017304737 -0.019189703 -0.703699194
1769781781.534304 1.838609428 1.010041307 1.179681545 0.710861951 0.017025175 -0.018709439 -0.702876509
1769781781.544891 1.836803633 1.010431833 1.180832767 0.711543104 0.016827922 -0.018280153 -0.702203011
1769781781.555559 1.834987307 1.010778491 1.181977878 0.712160465 0.016698091 -0.017903631 -0.701589699
1769781781.566174 1.833135002 1.011120673 1.183110032 0.712843727 0.016548456 -0.017506263 -0.700909052
1769781781.576835 1.831352859 1.011458624 1.184241213 0.713452214 0.016366262 -0.017101292 -0.700303955
1769781781.587590 1.829617664 1.011780662 1.185399629 0.714003606 0.016140490 -0.016689931 -0.699756945
1769781781.598283 1.827819773 1.012085601 1.186585180 0.714509979 0.015952140 -0.016334742 -0.699252598
1769781781.608756 1.825974566 1.012365209 1.187765138 0.714960953 0.015835818 -0.016039851 -0.698800963
1769781781.619700 1.824179694 1.012626101 1.188869002 0.715487220 0.015673267 -0.015703055 -0.698273442
1769781781.630517 1.822446764 1.012883627 1.190002417 0.715962414 0.015451721 -0.015319677 -0.697799666
1769781781.641067 1.820722278 1.013117063 1.191116099 0.716402210 0.015269292 -0.014963477 -0.697359890
1769781781.651614 1.819002095 1.013327983 1.192170847 0.716858747 0.015123281 -0.014655796 -0.696900302
1769781781.662202 1.817242685 1.013525474 1.193263453 0.717235220 0.015008176 -0.014395294 -0.696520760
1769781781.672672 1.815513949 1.013718082 1.194373388 0.717575789 0.014850750 -0.014102727 -0.696179255
1769781781.683182 1.813911413 1.013897174 1.195433567 0.717927352 0.014633734 -0.013730037 -0.695828756
1769781781.693917 1.812230005 1.014048933 1.196477054 0.718291437 0.014465101 -0.013400688 -0.695462863
1769781781.704539 1.810507460 1.014176752 1.197492051 0.718648318 0.014345632 -0.013122219 -0.695101867
1769781781.715136 1.808809992 1.014295678 1.198502658 0.718956555 0.014238845 -0.012862134 -0.694790107
1769781781.725778 1.807143267 1.014407351 1.199519088 0.719235012 0.014100179 -0.012575600 -0.694509925
1769781781.736323 1.805581141 1.014515350 1.200521907 0.719504456 0.013891994 -0.012215490 -0.694241407
1769781781.751089 1.803598531 1.014622290 1.201750025 0.719787286 0.013690877 -0.011835229 -0.693958753
1769781781.761909 1.801661633 1.014685928 1.202888844 0.719984313 0.013593666 -0.011586173 -0.693760450
1769781781.772733 1.799999219 1.014724052 1.203851174 0.720162723 0.013477745 -0.011328449 -0.693581768
1769781781.784714 1.798274825 1.014755836 1.204868724 0.720337828 0.013301505 -0.011027805 -0.693408156
1769781781.795987 1.796674399 1.014789239 1.205840865 0.720500123 0.013077328 -0.010682651 -0.693249189
1769781781.806644 1.795068776 1.014787161 1.206765003 0.720606994 0.012960364 -0.010440587 -0.693143985
1769781781.817354 1.793487231 1.014769188 1.207642688 0.720697593 0.012853661 -0.010230701 -0.693054901
1769781781.828075 1.791930608 1.014739787 1.208527165 0.720742734 0.012708076 -0.010026467 -0.693013626
1769781781.838883 1.790394363 1.014703795 1.209423698 0.720727386 0.012545801 -0.009812114 -0.693035613
1769781781.849499 1.789000038 1.014677873 1.210265952 0.720703981 0.012327635 -0.009530243 -0.693067800
1769781781.860189 1.787504078 1.014608398 1.211095087 0.720642305 0.012212814 -0.009330568 -0.693136679
1769781781.870739 1.786010851 1.014518012 1.211872534 0.720593464 0.012112921 -0.009152959 -0.693191575
1769781781.881819 1.784487377 1.014415630 1.212657765 0.720531741 0.011988984 -0.008983376 -0.693260105
1769781781.892983 1.782982130 1.014305599 1.213440743 0.720442912 0.011837758 -0.008803223 -0.693357326
1769781781.903729 1.781594668 1.014198216 1.214187470 0.720324079 0.011652309 -0.008588615 -0.693486612
1769781781.914222 1.780237213 1.014079414 1.214901681 0.720198634 0.011460156 -0.008380653 -0.693622633
1769781781.924812 1.778866906 1.013936522 1.215579029 0.720040868 0.011333537 -0.008243399 -0.693790131
1769781781.935362 1.777440843 1.013774946 1.216254115 0.719863123 0.011219138 -0.008131955 -0.693977727
1769781781.945904 1.776089856 1.013615804 1.216899129 0.719668322 0.011080395 -0.008003390 -0.694183461
1769781781.956665 1.774789726 1.013445869 1.217521474 0.719445095 0.010932427 -0.007876859 -0.694418600
1769781781.967558 1.773484332 1.013269594 1.218160286 0.719182072 0.010725831 -0.007700672 -0.694696195
1769781781.978331 1.772190338 1.013078397 1.218747260 0.718932934 0.010530733 -0.007538235 -0.694958786
1769781781.989067 1.770878410 1.012867660 1.219265645 0.718682052 0.010397359 -0.007452346 -0.695221163
1769781781.999735 1.769557954 1.012662780 1.219758415 0.718429196 0.010256950 -0.007358012 -0.695485547
1769781782.010152 1.768293178 1.012462665 1.220183500 0.718181145 0.010144653 -0.007289406 -0.695744058
1769781782.021162 1.767048959 1.012277259 1.220580370 0.717923262 0.009987178 -0.007185408 -0.696013517
1769781782.031650 1.765858865 1.012103643 1.220918835 0.717695297 0.009773136 -0.007013577 -0.696253371
1769781782.042209 1.764664853 1.011931651 1.221209323 0.717476258 0.009613295 -0.006878504 -0.696482656
1769781782.052993 1.763413365 1.011746856 1.221444189 0.717259251 0.009488420 -0.006798609 -0.696708631
1769781782.063519 1.762172955 1.011564224 1.221627108 0.717061564 0.009382945 -0.006748226 -0.696914008
1769781782.074062 1.760978838 1.011396812 1.221758969 0.716877787 0.009242474 -0.006680377 -0.697105578
1769781782.084647 1.759820141 1.011237928 1.221842363 0.716698531 0.009094949 -0.006584169 -0.697292726
1769781782.095298 1.758690318 1.011090335 1.221878648 0.716527028 0.008916180 -0.006434017 -0.697472668
1769781782.105818 1.757601614 1.010953080 1.221863418 0.716372901 0.008748134 -0.006286715 -0.697634441
1769781782.116590 1.756434284 1.010795877 1.221799103 0.716214422 0.008628529 -0.006196730 -0.697799435
1769781782.127145 1.755287319 1.010642187 1.221685068 0.716074265 0.008533505 -0.006121541 -0.697945093
1769781782.137737 1.754149363 1.010491260 1.221526283 0.715948947 0.008424072 -0.006041157 -0.698075672
1769781782.148317 1.753049822 1.010353003 1.221313367 0.715858834 0.008286763 -0.005938590 -0.698170604
1769781782.159071 1.751966636 1.010220059 1.221046175 0.715801676 0.008143955 -0.005820022 -0.698231884
1769781782.169661 1.750967265 1.010102022 1.220737517 0.715768584 0.007916530 -0.005624850 -0.698270022
1769781782.180331 1.749931232 1.009976863 1.220387361 0.715758143 0.007754761 -0.005473978 -0.698283738
1769781782.191259 1.748834961 1.009840995 1.219976166 0.715773356 0.007602651 -0.005358679 -0.698270712
1769781782.201972 1.747752005 1.009707848 1.219531183 0.715794652 0.007446213 -0.005234695 -0.698251508
1769781782.212770 1.746694790 1.009582676 1.219035161 0.715823532 0.007292816 -0.005112918 -0.698224423
1769781782.223320 1.745723075 1.009467475 1.218524130 0.715827906 0.007127418 -0.004985561 -0.698222567
1769781782.233946 1.744757704 1.009360489 1.217942531 0.715816965 0.006943107 -0.004835011 -0.698236699
1769781782.244519 1.743861028 1.009262298 1.217327617 0.715802376 0.006737438 -0.004658285 -0.698254872
1769781782.255309 1.742917952 1.009146272 1.216684892 0.715733521 0.006621229 -0.004537260 -0.698327358
1769781782.266029 1.741911349 1.009023788 1.215986235 0.715614896 0.006561472 -0.004475035 -0.698449885
1769781782.276764 1.740946969 1.008907538 1.215270403 0.715471716 0.006510473 -0.004406763 -0.698597464
1769781782.287520 1.739986542 1.008797079 1.214504527 0.715290771 0.006470962 -0.004368744 -0.698783338
1769781782.298285 1.739051189 1.008690205 1.213712097 0.715078232 0.006409861 -0.004330402 -0.699001634
1769781782.309021 1.738151509 1.008592793 1.212868794 0.714894175 0.006360368 -0.004268110 -0.699190709
1769781782.319706 1.737300291 1.008502383 1.211967975 0.714730622 0.006273931 -0.004168728 -0.699359277
1769781782.330436 1.736417373 1.008408644 1.211040682 0.714562051 0.006230263 -0.004099844 -0.699532308
1769781782.340987 1.735537121 1.008307716 1.210082328 0.714387175 0.006221698 -0.004056610 -0.699711225
1769781782.351483 1.734678340 1.008196018 1.209142986 0.714196368 0.006215012 -0.004026148 -0.699906217
1769781782.362068 1.733811435 1.008085746 1.208121815 0.714044605 0.006234010 -0.004023058 -0.700060893
1769781782.372667 1.732982481 1.007991673 1.207067711 0.713848842 0.006194541 -0.004000310 -0.700260991
1769781782.383168 1.732205250 1.007895766 1.206001574 0.713662092 0.006137878 -0.003968866 -0.700451992
1769781782.393922 1.731426605 1.007802093 1.204895525 0.713467419 0.006079294 -0.003943110 -0.700650937
1769781782.404513 1.730701200 1.007723544 1.203725196 0.713309163 0.005987602 -0.003886887 -0.700813156
1769781782.415004 1.729938706 1.007636174 1.202554576 0.713136634 0.005953166 -0.003880337 -0.700989047
1769781782.425629 1.729172505 1.007541065 1.201349098 0.712956638 0.005952134 -0.003885430 -0.701172096
1769781782.436255 1.728377527 1.007446906 1.200053772 0.712805656 0.005979530 -0.003896968 -0.701325285
1769781782.446929 1.727634515 1.007359381 1.198753522 0.712670265 0.005981919 -0.003898721 -0.701462835
1769781782.457720 1.726908375 1.007276786 1.197356299 0.712552169 0.005979676 -0.003866993 -0.701582993
1769781782.468436 1.726221090 1.007193123 1.195981370 0.712413604 0.005941739 -0.003842238 -0.701724155
1769781782.478974 1.725559700 1.007115578 1.194572489 0.712309008 0.005898316 -0.003799941 -0.701830925
1769781782.489457 1.724954998 1.007041843 1.193184350 0.712188477 0.005843266 -0.003734494 -0.701954047
1769781782.500183 1.724350380 1.006971003 1.191748700 0.712071314 0.005775688 -0.003664999 -0.702073823
1769781782.511056 1.723665793 1.006885694 1.190168428 0.711990156 0.005772766 -0.003640683 -0.702156278
1769781782.521685 1.723025398 1.006807344 1.188645921 0.711894757 0.005747651 -0.003635343 -0.702253234
1769781782.532302 1.722397845 1.006735284 1.187061542 0.711837661 0.005731598 -0.003645400 -0.702311188
1769781782.543178 1.721772329 1.006662581 1.185385569 0.711780323 0.005679297 -0.003661192 -0.702369641
1769781782.553655 1.721224893 1.006603316 1.183835054 0.711677192 0.005600884 -0.003667732 -0.702474735
1769781782.564199 1.720658042 1.006535296 1.182208579 0.711609474 0.005562753 -0.003661389 -0.702543669
1769781782.574743 1.720128456 1.006462666 1.180582023 0.711501686 0.005489373 -0.003648105 -0.702653478
1769781782.585463 1.719639441 1.006405330 1.178909153 0.711397965 0.005430192 -0.003594821 -0.702759223
1769781782.595996 1.719184847 1.006355366 1.177209532 0.711333621 0.005363138 -0.003506947 -0.702825311
1769781782.606469 1.718677716 1.006296997 1.175457583 0.711280197 0.005383046 -0.003456663 -0.702879474
1769781782.616923 1.718172504 1.006231778 1.173706871 0.711219078 0.005416031 -0.003432572 -0.702941183
1769781782.627378 1.717668368 1.006159661 1.171921653 0.711177454 0.005415759 -0.003427024 -0.702983324
1769781782.637929 1.717191410 1.006100016 1.170098655 0.711136085 0.005413854 -0.003418350 -0.703025229
1769781782.648487 1.716756497 1.006033964 1.168275994 0.711074565 0.005378185 -0.003389608 -0.703087867
1769781782.659127 1.716345893 1.005975722 1.166424067 0.711051229 0.005359700 -0.003331932 -0.703111884
1769781782.669631 1.715935160 1.005919320 1.164585379 0.710949034 0.005352589 -0.003309282 -0.703215379
1769781782.680262 1.715530701 1.005874477 1.162716041 0.710843880 0.005371663 -0.003283092 -0.703321651
1769781782.690762 1.715155059 1.005836988 1.160799737 0.710792556 0.005392782 -0.003214432 -0.703373676
1769781782.701332 1.714829196 1.005797969 1.158899701 0.710752881 0.005353169 -0.003133673 -0.703414434
1769781782.711861 1.714476108 1.005746880 1.156883801 0.710765505 0.005348304 -0.003068502 -0.703402002
1769781782.722296 1.714121819 1.005680158 1.154979116 0.710697711 0.005350289 -0.003082000 -0.703470425
1769781782.732876 1.713778019 1.005623389 1.153028807 0.710623623 0.005350243 -0.003104724 -0.703545167
1769781782.743354 1.713432335 1.005561898 1.151050907 0.710546362 0.005381137 -0.003134983 -0.703622827
1769781782.754176 1.713122616 1.005523648 1.149011195 0.710520490 0.005394977 -0.003124695 -0.703648892
1769781782.767704 1.712756170 1.005469842 1.146349539 0.710518838 0.005401008 -0.003069451 -0.703650757
1769781782.778479 1.712481794 1.005428988 1.144242754 0.710496925 0.005387169 -0.003038368 -0.703673125
1769781782.789108 1.712228353 1.005381236 1.142217869 0.710414054 0.005370496 -0.003057269 -0.703756835
1769781782.799887 1.712001859 1.005336616 1.140178777 0.710310777 0.005338147 -0.003082133 -0.703861211
1769781782.810382 1.711791081 1.005298186 1.138085323 0.710267534 0.005350402 -0.003063055 -0.703904838
1769781782.820993 1.711588902 1.005270456 1.135995895 0.710251409 0.005325878 -0.003053001 -0.703921338
1769781782.831567 1.711407323 1.005241659 1.133815587 0.710260965 0.005294427 -0.003021143 -0.703912070
1769781782.842082 1.711276479 1.005215283 1.131682806 0.710278213 0.005216408 -0.002959775 -0.703895510
1769781782.853115 1.711112118 1.005165311 1.129550381 0.710234109 0.005182228 -0.002959363 -0.703940266
1769781782.863971 1.710936365 1.005112301 1.127302595 0.710223839 0.005197688 -0.002973328 -0.703950454
1769781782.874652 1.710778433 1.005074782 1.125174976 0.710175387 0.005171751 -0.003024162 -0.703999309
1769781782.885225 1.710618860 1.005051102 1.123008125 0.710149958 0.005167460 -0.003073148 -0.704024780
1769781782.895998 1.710489263 1.005017224 1.120815643 0.710116317 0.005169456 -0.003103092 -0.704058565
1769781782.906768 1.710396881 1.004978210 1.118596904 0.710105739 0.005178136 -0.003082208 -0.704069262
1769781782.917313 1.710314833 1.004932068 1.116466885 0.710050251 0.005193061 -0.003106793 -0.704125004
1769781782.927831 1.710246743 1.004897563 1.114336906 0.709983991 0.005206449 -0.003141175 -0.704191564
1769781782.938621 1.710189400 1.004881849 1.112094322 0.709968231 0.005215992 -0.003158858 -0.704207303
1769781782.949361 1.710154085 1.004859548 1.109859586 0.709972729 0.005203396 -0.003158888 -0.704202862
1769781782.959963 1.710131868 1.004826522 1.107593749 0.710022026 0.005218062 -0.003134299 -0.704153159
1769781782.970550 1.710132442 1.004785522 1.105443592 0.709990716 0.005213374 -0.003141448 -0.704184731
1769781782.981164 1.710137235 1.004760063 1.103276557 0.709944871 0.005236078 -0.003138549 -0.704230795
1769781782.991858 1.710143834 1.004745949 1.101070550 0.709902478 0.005266324 -0.003149623 -0.704273255
1769781783.002435 1.710171150 1.004735689 1.098897911 0.709890794 0.005275564 -0.003143396 -0.704284991
1769781783.013030 1.710207937 1.004703082 1.096672691 0.709921731 0.005319459 -0.003113209 -0.704253610
1769781783.023673 1.710269106 1.004664016 1.094494862 0.709909041 0.005333814 -0.003082793 -0.704266427
1769781783.034417 1.710346811 1.004636736 1.092302071 0.709879767 0.005355807 -0.003059744 -0.704295868
1769781783.045049 1.710429741 1.004613055 1.090121388 0.709859146 0.005383749 -0.003045210 -0.704316502
1769781783.055948 1.710531563 1.004598296 1.087852358 0.709891263 0.005400813 -0.003024407 -0.704284090
1769781783.066570 1.710648277 1.004575096 1.085624615 0.709907986 0.005412251 -0.002999876 -0.704267251
1769781783.077220 1.710767653 1.004539403 1.083418364 0.709934278 0.005452077 -0.002967934 -0.704240574
1769781783.087953 1.710895019 1.004501683 1.081282054 0.709925404 0.005493230 -0.002959421 -0.704249237
1769781783.099350 1.711049753 1.004480711 1.078984278 0.709897015 0.005504332 -0.002974691 -0.704277702
1769781783.110058 1.711213142 1.004468878 1.076706903 0.709917528 0.005541603 -0.002976614 -0.704256725
1769781783.120973 1.711365927 1.004447494 1.074587655 0.709892028 0.005559548 -0.003033167 -0.704282046
1769781783.131991 1.711550121 1.004416030 1.072338457 0.709903229 0.005574528 -0.003052049 -0.704270555
1769781783.142731 1.711755466 1.004379519 1.070205752 0.709889077 0.005564746 -0.003076307 -0.704284792
1769781783.153220 1.711966108 1.004359424 1.068172447 0.709857806 0.005555440 -0.003111169 -0.704316231
1769781783.163787 1.712205527 1.004341181 1.066000558 0.709919616 0.005550903 -0.003072647 -0.704254134
1769781783.174251 1.712429432 1.004318576 1.063900317 0.709952137 0.005536144 -0.003084306 -0.704221415
1769781783.184782 1.712659911 1.004287659 1.061816150 0.709970334 0.005558186 -0.003099906 -0.704202828
1769781783.195308 1.712909414 1.004250305 1.059806993 0.709955312 0.005562735 -0.003130262 -0.704217802
1769781783.205850 1.713179395 1.004227543 1.057768148 0.709973245 0.005540569 -0.003118183 -0.704199951
1769781783.216499 1.713459361 1.004195707 1.055687412 0.710013063 0.005522810 -0.003113643 -0.704159964
1769781783.227353 1.713748869 1.004165263 1.053609956 0.710070178 0.005493208 -0.003094178 -0.704102687
1769781783.237929 1.714046180 1.004140933 1.051537299 0.710107365 0.005493481 -0.003088706 -0.704065204
1769781783.248518 1.714351190 1.004110881 1.049563252 0.710102742 0.005490285 -0.003091549 -0.704069879
1769781783.259305 1.714680127 1.004076294 1.047555271 0.710106484 0.005515217 -0.003113997 -0.704065812
1769781783.270025 1.715016334 1.004049375 1.045569407 0.710077496 0.005541949 -0.003154304 -0.704094657
1769781783.280643 1.715353655 1.004025944 1.043596023 0.710114198 0.005568601 -0.003147093 -0.704057464
1769781783.291296 1.715712451 1.003994662 1.041608884 0.710166200 0.005584024 -0.003109089 -0.704005057
1769781783.301964 1.716076930 1.003962207 1.039690337 0.710188031 0.005592068 -0.003107468 -0.703982978
1769781783.312520 1.716478069 1.003921350 1.037764894 0.710209203 0.005608524 -0.003079840 -0.703961609
1769781783.323166 1.716863510 1.003894087 1.035892977 0.710209436 0.005607746 -0.003108949 -0.703961253
1769781783.333639 1.717256286 1.003858004 1.033997819 0.710236128 0.005622394 -0.003133550 -0.703934097
1769781783.344244 1.717676583 1.003837174 1.032111519 0.710268885 0.005625458 -0.003139696 -0.703900992
1769781783.354967 1.718109624 1.003805872 1.030286690 0.710299163 0.005621015 -0.003142053 -0.703870464
1769781783.365924 1.718588048 1.003766541 1.028370856 0.710333307 0.005569611 -0.003122745 -0.703836502
1769781783.376533 1.719062686 1.003736045 1.026608667 0.710354646 0.005522896 -0.003074715 -0.703815545
1769781783.387295 1.719544063 1.003705615 1.024836165 0.710379216 0.005491146 -0.003031576 -0.703791181
1769781783.398063 1.720043361 1.003693149 1.023057600 0.710399807 0.005429289 -0.002982459 -0.703771087
1769781783.408778 1.720561529 1.003663954 1.021245861 0.710473710 0.005374727 -0.002918747 -0.703697166
1769781783.419395 1.721053555 1.003635256 1.019553861 0.710492211 0.005318238 -0.002919697 -0.703678911
1769781783.430064 1.721561726 1.003595952 1.017872798 0.710524592 0.005278969 -0.002908617 -0.703646556
1769781783.441003 1.722111221 1.003559240 1.016155331 0.710528604 0.005237295 -0.002899889 -0.703642853
1769781783.451887 1.722645181 1.003526540 1.014494560 0.710531642 0.005213035 -0.002910580 -0.703639921
1769781783.462736 1.723191377 1.003487211 1.012854844 0.710573545 0.005198580 -0.002881940 -0.703597830
1769781783.473347 1.723749137 1.003448546 1.011203011 0.710608628 0.005159048 -0.002888496 -0.703562661
1769781783.483995 1.724290180 1.003406000 1.009632640 0.710642453 0.005138254 -0.002890941 -0.703528638
1769781783.494623 1.724858918 1.003361474 1.008058570 0.710682129 0.005125026 -0.002872679 -0.703488730
1769781783.505415 1.725430397 1.003313290 1.006515034 0.710706577 0.005130988 -0.002864512 -0.703464021
1769781783.516058 1.726015249 1.003268409 1.005046786 0.710720280 0.005147679 -0.002800981 -0.703450311
1769781783.526536 1.726596966 1.003228777 1.003597245 0.710723060 0.005199161 -0.002750877 -0.703447321
1769781783.537128 1.727158617 1.003183559 1.002172298 0.710739167 0.005234778 -0.002755200 -0.703430766
1769781783.547670 1.727759473 1.003139701 1.000729461 0.710774369 0.005160874 -0.002832878 -0.703395434
1769781783.558526 1.728405236 1.003100631 0.999306750 0.710825271 0.005003753 -0.002911198 -0.703344810
1769781783.569046 1.729067943 1.003053786 0.997907069 0.710856908 0.004992826 -0.002857575 -0.703313132
1769781783.579774 1.729743636 1.003017888 0.996542968 0.710887164 0.005292818 -0.002443764 -0.703281917
1769781783.590920 1.730439497 1.002971426 0.995189203 0.710906474 0.006120869 -0.001492509 -0.703258340
1769781783.601725 1.731110755 1.002937630 0.993919715 0.710882422 0.007622570 0.000056136 -0.703269561
1769781783.612157 1.731795268 1.002895435 0.992686633 0.710884211 0.009737343 0.002280528 -0.703237955
1769781783.622782 1.732465143 1.002859332 0.991507197 0.710844308 0.012294870 0.004879520 -0.703224997
1769781783.633701 1.733165855 1.002807870 0.990264215 0.710828080 0.014990443 0.007621195 -0.703164735
1769781783.644731 1.733892716 1.002750871 0.989008550 0.710804649 0.017603836 0.010231660 -0.703094708
1769781783.655438 1.734587170 1.002696333 0.987858434 0.710781555 0.019938252 0.012569428 -0.703017821
1769781783.666057 1.735258953 1.002630940 0.986753487 0.710723410 0.022311094 0.014832649 -0.702961196
1769781783.676528 1.735974296 1.002582380 0.985685539 0.710669272 0.024560640 0.017061563 -0.702890364
1769781783.687072 1.736714328 1.002541939 0.984655241 0.710609301 0.026720128 0.019256177 -0.702815521
1769781783.697772 1.737495762 1.002504461 0.983662270 0.710519635 0.028862587 0.021442395 -0.702758154
1769781783.708493 1.738307055 1.002472460 0.982679139 0.710447364 0.030908697 0.023605666 -0.702674867
1769781783.718908 1.739064586 1.002429578 0.981766185 0.710371100 0.032840923 0.025613273 -0.702594004
1769781783.730340 1.739874927 1.002384628 0.980818982 0.710292411 0.034838211 0.027687877 -0.702498663
1769781783.741409 1.740739121 1.002335245 0.979860084 0.710210646 0.036850270 0.029793312 -0.702392522
1769781783.751993 1.741511180 1.002293063 0.979043106 0.710120471 0.038620013 0.031608883 -0.702309255
1769781783.762734 1.742322284 1.002247416 0.978200190 0.710060798 0.040348163 0.033399800 -0.702189534
1769781783.773287 1.743111192 1.002182014 0.977395729 0.709977148 0.042097241 0.035094219 -0.702088788
1769781783.785182 1.743823603 1.002146666 0.976720427 0.709906916 0.043547861 0.036528691 -0.701998154
1769781783.796403 1.744379925 1.002116054 0.976236916 0.709860539 0.044546889 0.037589423 -0.701926367
1769781783.807406 1.745826671 1.002056943 0.975096179 0.709720432 0.046958630 0.040160101 -0.701768453
1769781783.818731 1.746767703 1.002016685 0.974410560 0.709631128 0.048406929 0.041719382 -0.701669384
1769781783.830310 1.747725138 1.001980409 0.973770823 0.709524153 0.049807287 0.043235808 -0.701587753
1769781783.841033 1.748626200 1.001941764 0.973183745 0.709439320 0.051064960 0.044568912 -0.701499703
1769781783.851659 1.749495587 1.001903824 0.972664542 0.709346018 0.052225291 0.045765545 -0.701431579
1769781783.862340 1.750406936 1.001869335 0.972157427 0.709269660 0.053297234 0.046926765 -0.701351433
1769781783.873406 1.751327767 1.001815953 0.971655962 0.709184803 0.054419448 0.048010663 -0.701277702
1769781783.884152 1.752229373 1.001776325 0.971215884 0.709107602 0.055394415 0.048972693 -0.701212909
1769781783.894799 1.753188495 1.001747753 0.970809745 0.709039804 0.056237354 0.049915100 -0.701147915
1769781783.905366 1.754158208 1.001722248 0.970430841 0.708981469 0.056999166 0.050783621 -0.701083016
1769781783.915917 1.755134151 1.001698837 0.970078944 0.708928420 0.057693433 0.051585562 -0.701021321
1769781783.926579 1.756122402 1.001678349 0.969750800 0.708888466 0.058299191 0.052319368 -0.700957225
1769781783.937285 1.757098494 1.001650859 0.969441103 0.708854090 0.058881834 0.052951468 -0.700895820
1769781783.947887 1.758063500 1.001625872 0.969173834 0.708824481 0.059372533 0.053470585 -0.700844957
1769781783.958479 1.759054907 1.001594472 0.968922966 0.708813488 0.059766058 0.053927011 -0.700787653
1769781783.969221 1.760022359 1.001559735 0.968727478 0.708779257 0.060147424 0.054257600 -0.700764130
1769781783.979874 1.761031997 1.001532138 0.968552819 0.708767755 0.060399380 0.054519952 -0.700733729
1769781783.990662 1.762080018 1.001512244 0.968430309 0.708758458 0.060500700 0.054729418 -0.700718063
1769781784.001194 1.763120581 1.001502481 0.968351300 0.708744924 0.060531306 0.054846423 -0.700719961
1769781784.011878 1.764232082 1.001482226 0.968284350 0.708740760 0.060477121 0.054956307 -0.700720242
1769781784.022597 1.765279219 1.001471834 0.968287583 0.708711710 0.060364053 0.054964071 -0.700758763
1769781784.033155 1.766353161 1.001441341 0.968288594 0.708712191 0.060174660 0.054865304 -0.700782305
1769781784.043682 1.767402875 1.001415903 0.968336704 0.708710023 0.059907278 0.054631090 -0.700825703
1769781784.054502 1.768443097 1.001396148 0.968415876 0.708719675 0.059531093 0.054299203 -0.700873788
1769781784.065416 1.769568020 1.001362409 0.968529952 0.708734983 0.059055888 0.053822432 -0.700935283
1769781784.075999 1.770649267 1.001357148 0.968682498 0.708747432 0.058492909 0.053298824 -0.701009909
1769781784.086519 1.771783954 1.001346055 0.968853382 0.708782112 0.057783505 0.052723761 -0.701077164
1769781784.097244 1.772908636 1.001337145 0.969072923 0.708807188 0.056996131 0.052028754 -0.701168182
1769781784.108177 1.774109951 1.001333087 0.969335255 0.708840774 0.056028422 0.051243249 -0.701270064
1769781784.118915 1.775288101 1.001319756 0.969613649 0.708888321 0.054986703 0.050329342 -0.701370635
1769781784.129697 1.776427151 1.001307113 0.969924195 0.708926454 0.053939296 0.049349389 -0.701483053
1769781784.140293 1.777589603 1.001298232 0.970282467 0.708948887 0.052910563 0.048381034 -0.701606174
1769781784.150989 1.778688912 1.001277307 0.970658002 0.708962399 0.051990639 0.047443558 -0.701725301
1769781784.161527 1.779880834 1.001274049 0.971053720 0.708985995 0.051019174 0.046564707 -0.701831626
1769781784.172051 1.781098984 1.001275432 0.971469254 0.709017262 0.050023074 0.045745685 -0.701925599
1769781784.182623 1.782317272 1.001274926 0.971907683 0.709041638 0.049059803 0.044937908 -0.702021136
1769781784.193168 1.783569902 1.001282706 0.972379335 0.709065547 0.048072673 0.044150526 -0.702115232
1769781784.203742 1.784777670 1.001275653 0.972839147 0.709102633 0.047138122 0.043369017 -0.702189847
1769781784.214268 1.786018569 1.001267162 0.973338611 0.709132479 0.046226883 0.042591604 -0.702267867
1769781784.224796 1.787215070 1.001264220 0.973877234 0.709135046 0.045394080 0.041783981 -0.702368111
1769781784.235337 1.788417882 1.001252624 0.974427812 0.709140147 0.044591090 0.041000468 -0.702460567
1769781784.245754 1.789618761 1.001252736 0.975048596 0.709104466 0.043825727 0.040196385 -0.702591213
1769781784.256304 1.790872854 1.001263987 0.975678618 0.709080805 0.043003931 0.039487536 -0.702706061
1769781784.266777 1.792150911 1.001265889 0.976322777 0.709060841 0.042210225 0.038800133 -0.702812614
1769781784.277539 1.793465373 1.001285461 0.977022269 0.709025046 0.041398681 0.038109903 -0.702934754
1769781784.288172 1.794771056 1.001292276 0.977702396 0.709011589 0.040605741 0.037455618 -0.703029742
1769781784.298744 1.796027101 1.001278898 0.978366266 0.709009744 0.039886769 0.036779445 -0.703108456
1769781784.309243 1.797287466 1.001282138 0.979085853 0.708980921 0.039169560 0.036105617 -0.703212759
1769781784.319668 1.798520237 1.001271717 0.979805597 0.708957822 0.038511027 0.035436275 -0.703306461
1769781784.330322 1.799783483 1.001260482 0.980602865 0.708894663 0.037861497 0.034780645 -0.703438107
1769781784.340974 1.801102049 1.001277137 0.981433052 0.708830926 0.037130045 0.034197642 -0.703569896
1769781784.351544 1.802398707 1.001281298 0.982246694 0.708775010 0.036435531 0.033632292 -0.703689780
1769781784.362280 1.803773251 1.001288354 0.983108603 0.708715882 0.035681433 0.033114700 -0.703812511
1769781784.372758 1.805121160 1.001297610 0.983950703 0.708678398 0.034975336 0.032630199 -0.703908321
1769781784.383264 1.806418799 1.001292269 0.984782220 0.708643999 0.034330208 0.032098961 -0.703999131
1769781784.393952 1.807714550 1.001273265 0.985637108 0.708598232 0.033691326 0.031524483 -0.704102014
1769781784.404436 1.808978534 1.001254835 0.986526266 0.708534447 0.033076812 0.030929664 -0.704221711
1769781784.415164 1.810295629 1.001242325 0.987485858 0.708437763 0.032443674 0.030326271 -0.704374659
1769781784.425858 1.811632348 1.001238590 0.988415236 0.708366858 0.031780363 0.029833674 -0.704497235
1769781784.436580 1.812990419 1.001231525 0.989387596 0.708286616 0.031115884 0.029343183 -0.704628164
1769781784.447523 1.814391949 1.001215325 0.990373715 0.708226802 0.030462784 0.028857838 -0.704736859
1769781784.458281 1.815734717 1.001196211 0.991320579 0.708184780 0.029792838 0.028431581 -0.704825049
1769781784.468843 1.817035444 1.001166408 0.992285313 0.708137572 0.029182703 0.027959458 -0.704916887
1769781784.479377 1.818321853 1.001131352 0.993299264 0.708045958 0.028631826 0.027484427 -0.705050173
1769781784.489832 1.819532314 1.001089912 0.994332680 0.707909621 0.028216962 0.027066673 -0.705219942
1769781784.500361 1.820800782 1.001058696 0.995377485 0.707763126 0.027871995 0.026792956 -0.705391130
1769781784.510862 1.822111151 1.001026267 0.996433650 0.707609307 0.027543679 0.026719871 -0.705561098
1769781784.521575 1.823415711 1.000982150 0.997459990 0.707463283 0.027340495 0.026743432 -0.705714524
1769781784.532127 1.824723900 1.000928890 0.998525507 0.707293954 0.027159896 0.026887115 -0.705885745
1769781784.542619 1.825998687 1.000874594 0.999623225 0.707084518 0.026988329 0.027030370 -0.706096646
1769781784.553120 1.827199537 1.000813320 1.000743749 0.706831507 0.026835770 0.027124330 -0.706352131
1769781784.563569 1.828428969 1.000749134 1.001903673 -0.706559706 -0.026640976 -0.027214629 0.706627911
1769781784.574278 1.829651192 1.000673251 1.003088569 -0.706260087 -0.026497286 -0.027300648 0.706929458
1769781784.584873 1.830887311 1.000605315 1.004244670 -0.705990618 -0.026282610 -0.027487224 0.707199353
1769781784.595384 1.832140453 1.000528818 1.005439174 -0.705696072 -0.026082756 -0.027717794 0.707491673
1769781784.606025 1.833376110 1.000446230 1.006653462 -0.705379747 -0.025862693 -0.027949128 0.707806033
1769781784.616616 1.834622186 1.000354368 1.007902900 -0.705055648 -0.025512098 -0.028114250 0.708135054
1769781784.627271 1.835807504 1.000253470 1.009176543 -0.704699974 -0.025170748 -0.028234745 0.708496422
1769781784.637808 1.836975808 1.000155624 1.010478371 -0.704324614 -0.024871028 -0.028374637 0.708874566
1769781784.648479 1.838112591 1.000046962 1.011782358 -0.703954591 -0.024556620 -0.028463758 0.709249407
1769781784.659049 1.839242739 0.999944559 1.013056280 -0.703595496 -0.024206039 -0.028619242 0.709611433
1769781784.669520 1.840424833 0.999824128 1.014378011 -0.703249044 -0.023832664 -0.028871774 0.709957187
1769781784.680121 1.841586341 0.999703088 1.015743861 -0.702858401 -0.023474977 -0.029132945 0.710345173
1769781784.690988 1.842768843 0.999581090 1.017156595 -0.702458212 -0.023067402 -0.029411842 0.710742780
1769781784.701807 1.843949059 0.999444166 1.018633268 -0.702035325 -0.022688578 -0.029679662 0.711161549
1769781784.712400 1.845065606 0.999315964 1.020062651 -0.701619382 -0.022316997 -0.029913415 0.711573876
1769781784.723124 1.846152735 0.999172409 1.021502872 -0.701189468 -0.021983172 -0.030125519 0.711998963
1769781784.733746 1.847216639 0.999018623 1.023023119 -0.700700892 -0.021683836 -0.030319245 0.712480747
1769781784.744251 1.848299539 0.998874714 1.024562600 -0.700186131 -0.021348902 -0.030540362 0.712987302
1769781784.755840 1.849345651 0.998742795 1.026061954 -0.699678144 -0.021025701 -0.030765146 0.713485754
1769781784.767570 1.850682293 0.998576664 1.027994276 -0.699027904 -0.020553755 -0.031014655 0.714125776
1769781784.778260 1.851761338 0.998426184 1.029604412 -0.698503222 -0.020137382 -0.031224112 0.714641721
1769781784.788839 1.852804882 0.998262416 1.031277641 -0.697961906 -0.019749971 -0.031463940 0.715170705
1769781784.799518 1.853832337 0.998089693 1.032989216 -0.697415768 -0.019342953 -0.031677995 0.715704968
1769781784.810066 1.854832651 0.997928581 1.034697045 -0.696883666 -0.018899785 -0.031910814 0.716224584
1769781784.821255 1.855865145 0.997759964 1.036415983 -0.696432684 -0.018456329 -0.032221868 0.716660750
1769781784.832314 1.857010060 0.997568304 1.038298085 -0.695994980 -0.017843113 -0.032604221 0.717084079
1769781784.843030 1.858105489 0.997383207 1.040133467 -0.695564329 -0.017243272 -0.033000816 0.717498348
1769781784.853703 1.859178012 0.997204900 1.041939470 -0.695170335 -0.016683999 -0.033449816 0.717872523
1769781784.864448 1.860301748 0.997038893 1.043802821 -0.694808402 -0.016061166 -0.033945338 0.718213783
1769781784.875246 1.861391406 0.996873801 1.045648436 -0.694508061 -0.015411953 -0.034405579 0.718496543
1769781784.885796 1.862446800 0.996701415 1.047534588 -0.694189906 -0.014792329 -0.034845468 0.718795767
1769781784.896275 1.863486623 0.996529085 1.049468359 -0.693824535 -0.014218020 -0.035279112 0.719138893
1769781784.906736 1.864554469 0.996373330 1.051429892 -0.693458066 -0.013594465 -0.035712145 0.719482970
1769781784.917248 1.865653721 0.996236050 1.053303710 -0.693240091 -0.012931436 -0.036222562 0.719679707
1769781784.927771 1.866790060 0.996096001 1.055314148 -0.692972129 -0.012261705 -0.036768772 0.719921757
1769781784.938293 1.867930426 0.995947628 1.057352565 -0.692704061 -0.011565238 -0.037295131 0.720164149
1769781784.948758 1.869073771 0.995798318 1.059411824 -0.692458449 -0.010835662 -0.037783685 0.720386200
1769781784.959327 1.870196765 0.995678641 1.061488320 -0.692228486 -0.010132072 -0.038274161 0.720591530
1769781784.969895 1.871332159 0.995559191 1.063584072 -0.692051610 -0.009448655 -0.038777858 0.720743761
1769781784.980359 1.872446788 0.995416094 1.065702499 -0.691871113 -0.008757468 -0.039212850 0.720902228
1769781784.990930 1.873639832 0.995292798 1.067907429 -0.691644636 -0.008056492 -0.039722065 0.721099819
1769781785.004225 1.874848538 0.995177845 1.070095091 -0.691471203 -0.007393754 -0.040263325 0.721243213
1769781785.018277 1.875865176 0.995100636 1.071883615 -0.691347804 -0.006784213 -0.040691251 0.721343476
1769781785.032501 1.878296128 0.994899955 1.076279148 -0.691091066 -0.005301000 -0.041564217 0.721552114
1769781785.044785 1.879873561 0.994768542 1.079303229 -0.690874421 -0.004454593 -0.042084520 0.721735120
1769781785.056020 1.881252541 0.994690921 1.081773693 -0.690776906 -0.003745013 -0.042578003 0.721803543
1769781785.066720 1.882622910 0.994613210 1.084173414 -0.690687424 -0.003048319 -0.043087835 0.721862195
1769781785.077280 1.883988780 0.994530494 1.086583914 -0.690569664 -0.002407697 -0.043581909 0.721947615
1769781785.088375 1.885405445 0.994456210 1.089091471 -0.690453706 -0.001808742 -0.044100112 0.722028800
1769781785.099134 1.886762601 0.994412549 1.091516063 -0.690430315 -0.001262815 -0.044543359 0.722025120
1769781785.109684 1.888126193 0.994367527 1.094005628 -0.690318751 -0.000671975 -0.044910374 0.722109845
1769781785.120314 1.889544236 0.994317068 1.096471831 -0.690262922 -0.000110527 -0.045318813 0.722138001
1769781785.130885 1.890990373 0.994269781 1.098935994 -0.690181902 0.000370813 -0.045782733 0.722186088
1769781785.141368 1.892469294 0.994238799 1.101372171 -0.690205929 0.000815532 -0.046264301 0.722132069
1769781785.152069 1.893894747 0.994205985 1.103776024 -0.690297231 0.001242725 -0.046626743 0.722020869
1769781785.162707 1.895348675 0.994175946 1.106294449 -0.690273808 0.001689054 -0.046923984 0.722023100
1769781785.173445 1.896876343 0.994147607 1.108813433 -0.690301312 0.002087988 -0.047271922 0.721973064
1769781785.183899 1.898429939 0.994146464 1.111286006 -0.690393836 0.002432319 -0.047661201 0.721857912
1769781785.194571 1.899983490 0.994152035 1.113721918 -0.690541555 0.002752806 -0.048006772 0.721692547
1769781785.205209 1.901482119 0.994142015 1.116266313 -0.690609905 0.002958745 -0.048259558 0.721609465
1769781785.215809 1.903038372 0.994148161 1.118819002 -0.690662250 0.003147078 -0.048514356 0.721541481
1769781785.226429 1.904641824 0.994165759 1.121350023 -0.690741232 0.003319361 -0.048787467 0.721446682
1769781785.237000 1.906247114 0.994196821 1.123774111 -0.690916396 0.003448852 -0.049032385 0.721261717
1769781785.247423 1.907800738 0.994206224 1.126232477 -0.691062415 0.003442129 -0.049231573 0.721108274
1769781785.258075 1.909354053 0.994205437 1.128701623 -0.691186234 0.003392910 -0.049406030 0.720977893
1769781785.268651 1.911008576 0.994233674 1.131210979 -0.691353089 0.003307283 -0.049589842 0.720805671
1769781785.279181 1.912637026 0.994277433 1.133634759 -0.691531307 0.003155525 -0.049745994 0.720624611
1769781785.289838 1.914256101 0.994337705 1.136042968 -0.691758364 0.002897683 -0.049898538 0.720397185
1769781785.300423 1.915844895 0.994402068 1.138518683 -0.691942917 0.002500209 -0.049983435 0.720215526
1769781785.311015 1.917486469 0.994417822 1.141075356 -0.691976516 0.002163010 -0.050062633 0.720178836
1769781785.321633 1.919139217 0.994417615 1.143556968 -0.692177612 0.001783411 -0.050084104 0.719985108
1769781785.332294 1.920821187 0.994453523 1.145948280 -0.692521585 0.001366013 -0.049991341 0.719661625
1769781785.342905 1.922444504 0.994609029 1.148114969 -0.692926497 0.000934484 -0.049661695 0.719295289
1769781785.353685 1.924068117 0.994917257 1.149978318 -0.693352820 0.000687370 -0.049073619 0.718925013
1769781785.364145 1.925768915 0.995415238 1.151617028 -0.693825343 0.000585699 -0.048340092 0.718518814
1769781785.374630 1.927413199 0.996016934 1.152933622 -0.694501678 0.000514220 -0.047508814 0.717920655
1769781785.385315 1.929034343 0.996685386 1.154012956 -0.695557587 0.000412098 -0.046525831 0.716962217
1769781785.396270 1.930712189 0.997360923 1.154908124 -0.696906060 0.000350946 -0.045534701 0.715715314
1769781785.406820 1.932473664 0.998043755 1.155792513 -0.698418331 0.000315951 -0.044543436 0.714302189
1769781785.417532 1.934215636 0.998716539 1.156627343 -0.700063294 0.000257551 -0.043576572 0.712749887
1769781785.428243 1.935889844 0.999366369 1.157483601 -0.701635042 0.000182501 -0.042606635 0.711261491
1769781785.438963 1.937627316 1.000012339 1.158404957 -0.703201863 0.000107363 -0.041603428 0.709771993
1769781785.449584 1.939347482 1.000631940 1.159256333 -0.704763365 0.000044790 -0.040643130 0.708277300
1769781785.460400 1.941164675 1.001238758 1.160184877 -0.706209762 0.000072187 -0.039717939 0.706887723
1769781785.471005 1.942894372 1.001821601 1.161093690 0.707618179 -0.000032563 0.038786554 -0.705529670
1769781785.481559 1.944586416 1.002402666 1.162055351 0.708933207 0.000013353 0.037807459 -0.704261531
1769781785.492326 1.946346202 1.002969699 1.163092204 0.710096522 0.000008674 0.036920803 -0.703135680
1769781785.503062 1.948133675 1.003526156 1.164162815 0.711220164 0.000005992 0.036040768 -0.702044828
1769781785.513559 1.949934501 1.004044764 1.165247603 0.712186294 -0.000056006 0.035242516 -0.701105302
1769781785.524226 1.951641845 1.004535960 1.166314372 0.713113781 -0.000050184 0.034417905 -0.700202929
1769781785.534911 1.953366939 1.005034846 1.167412941 0.714058572 -0.000030402 0.033550807 -0.699281558
1769781785.545498 1.955157913 1.005517297 1.168555307 0.714853358 -0.000096290 0.032786911 -0.698505323
1769781785.556094 1.956910917 1.005975680 1.169719476 0.715560290 -0.000169503 0.032066387 -0.697814581
1769781785.566804 1.958724936 1.006436322 1.170929618 0.716232736 -0.000246899 0.031360151 -0.697156473
1769781785.577416 1.960435719 1.006872341 1.172108681 0.716837281 -0.000262137 0.030627238 -0.696567453
1769781785.588068 1.962130372 1.007291141 1.173268006 0.717491715 -0.000260039 0.029876018 -0.695925998
1769781785.598672 1.963909388 1.007703738 1.174426249 0.718158575 -0.000310273 0.029185058 -0.695267141
1769781785.609193 1.965680713 1.008081071 1.175618750 0.718677655 -0.000409313 0.028590366 -0.694755246
1769781785.619646 1.967425098 1.008454340 1.176836894 0.719170977 -0.000469363 0.027992326 -0.694268907
1769781785.630285 1.969109027 1.008820562 1.178015398 0.719691376 -0.000492449 0.027338337 -0.693755502
1769781785.641005 1.970767543 1.009177944 1.179192296 0.720196335 -0.000490535 0.026647303 -0.693258192
1769781785.651560 1.972484394 1.009497080 1.180335597 0.720722093 -0.000550120 0.026014126 -0.692735612
1769781785.662266 1.974277976 1.009809335 1.181522047 0.721207355 -0.000669062 0.025423505 -0.692252230
1769781785.672856 1.976009491 1.010113309 1.182668188 0.721695234 -0.000746887 0.024825957 -0.691765208
1769781785.683557 1.977693125 1.010408972 1.183856152 0.722103468 -0.000802170 0.024211366 -0.691360794
1769781785.694413 1.979369657 1.010703243 1.185063100 0.722509157 -0.000829530 0.023544582 -0.690959827
1769781785.705058 1.981006432 1.010966952 1.186179739 0.722951405 -0.000878067 0.022895967 -0.690518841
1769781785.715650 1.982724378 1.011202270 1.187311963 0.723326647 -0.000985783 0.022347030 -0.690143608
1769781785.726311 1.984408935 1.011426274 1.188429529 0.723690425 -0.001061963 0.021800857 -0.689779504
1769781785.737051 1.986112161 1.011644282 1.189564103 0.724058596 -0.001125335 0.021238940 -0.689410466
1769781785.747632 1.987717787 1.011856722 1.190664141 0.724390063 -0.001154972 0.020684366 -0.689078994
1769781785.758312 1.989306950 1.012057719 1.191816479 0.724626761 -0.001187251 0.020131660 -0.688846401
1769781785.769038 1.990923020 1.012237920 1.192929323 0.724886144 -0.001227447 0.019574551 -0.688589434
1769781785.779712 1.992595010 1.012391097 1.194021611 0.725135903 -0.001318111 0.019093446 -0.688339760
1769781785.790447 1.994229675 1.012526498 1.195070900 0.725384162 -0.001405339 0.018605794 -0.688091322
1769781785.800988 1.995818925 1.012653553 1.196118889 0.725588761 -0.001474169 0.018117340 -0.687888464
1769781785.811661 1.997395196 1.012768198 1.197189204 0.725730255 -0.001547869 0.017655245 -0.687751040
1769781785.822353 1.998898497 1.012893971 1.198249582 0.725864155 -0.001540248 0.017139326 -0.687622789
1769781785.833035 2.000443959 1.012998098 1.199317997 0.725975429 -0.001552124 0.016654184 -0.687517204
1769781785.843871 2.002060668 1.013072365 1.200372227 0.726058198 -0.001623240 0.016239028 -0.687439562
1769781785.854624 2.003595076 1.013127957 1.201364510 0.726122803 -0.001683741 0.015826970 -0.687380788
1769781785.868569 2.005432895 1.013173642 1.202544082 0.726153324 -0.001785076 0.015384127 -0.687358343
1769781785.880906 2.007246132 1.013219280 1.203714347 0.726195479 -0.001814313 0.014895790 -0.687324487
1769781785.892370 2.008919449 1.013250928 1.204827930 0.726213491 -0.001774537 0.014410775 -0.687315900
1769781785.903208 2.010394505 1.013262946 1.205786490 0.726197435 -0.001778340 0.014002255 -0.687341298
1769781785.913904 2.011935409 1.013246783 1.206771277 0.726086861 -0.001873412 0.013697867 -0.687463984
1769781785.924422 2.013422990 1.013222154 1.207697290 0.725991241 -0.001936709 0.013379633 -0.687571053
1769781785.935047 2.014868800 1.013179746 1.208574389 0.725888754 -0.001991393 0.013077665 -0.687684903
1769781785.945514 2.016305342 1.013128293 1.209435548 0.725787248 -0.002019404 0.012773007 -0.687797676
1769781785.956208 2.017658444 1.013073531 1.210263389 0.725681562 -0.001996489 0.012458582 -0.687915016
1769781785.966930 2.019034961 1.013009256 1.211109223 0.725536545 -0.001964417 0.012136362 -0.688073812
1769781785.977737 2.020455804 1.012923906 1.211944461 0.725383215 -0.001964908 0.011840453 -0.688240608
1769781785.988314 2.021837588 1.012820043 1.212722635 0.725216702 -0.001980807 0.011605978 -0.688420012
1769781785.998953 2.023243899 1.012704096 1.213501616 0.725030422 -0.002001388 0.011360988 -0.688620222
1769781786.009559 2.024634210 1.012573991 1.214269853 0.724802484 -0.002033879 0.011165948 -0.688863226
1769781786.020281 2.025967447 1.012446672 1.215011671 0.724559562 -0.002014742 0.010956713 -0.689122146
1769781786.030868 2.027267775 1.012310432 1.215736437 0.724289660 -0.001984211 0.010735191 -0.689409390
1769781786.041616 2.028554629 1.012159637 1.216428635 0.724023905 -0.001928624 0.010506213 -0.689692167
1769781786.052208 2.029790628 1.012000291 1.217072375 0.723767613 -0.001856869 0.010269260 -0.689964881
1769781786.062808 2.031088463 1.011814623 1.217709742 0.723467931 -0.001861707 0.010111848 -0.690281419
1769781786.073396 2.032372853 1.011621373 1.218319796 0.723164524 -0.001854968 0.009951675 -0.690601618
1769781786.084302 2.033659630 1.011418315 1.218903936 0.722839800 -0.001844117 0.009810796 -0.690943537
1769781786.095361 2.034987059 1.011210131 1.219478392 0.722494179 -0.001826969 0.009667962 -0.691306989
1769781786.106130 2.036197595 1.011019885 1.219976212 0.722169263 -0.001788503 0.009513059 -0.691648653
1769781786.116640 2.037407919 1.010834580 1.220433648 0.721849366 -0.001761191 0.009360415 -0.691984663
1769781786.127182 2.038554807 1.010668300 1.220827312 0.721548640 -0.001703640 0.009171560 -0.692300903
1769781786.137773 2.039697638 1.010500767 1.221170235 0.721259074 -0.001654869 0.008989778 -0.692605077
1769781786.148391 2.040896266 1.010325579 1.221465206 0.720972297 -0.001653218 0.008847209 -0.692905435
1769781786.159053 2.042108139 1.010142897 1.221706472 0.720691924 -0.001683724 0.008739665 -0.693198337
1769781786.169575 2.043298081 1.009969676 1.221923122 0.720392552 -0.001694250 0.008633355 -0.693510754
1769781786.180441 2.044472128 1.009804289 1.222068395 0.720120686 -0.001703383 0.008491858 -0.693794771
1769781786.191120 2.045607826 1.009642067 1.222163454 0.719859296 -0.001701771 0.008350518 -0.694067696
1769781786.202374 2.046766531 1.009491332 1.222227812 0.719588402 -0.001665918 0.008182449 -0.694350634
1769781786.213115 2.047924602 1.009340154 1.222227245 0.719346477 -0.001653891 0.008045352 -0.694602896
1769781786.223810 2.048968091 1.009203884 1.222170049 0.719147200 -0.001572279 0.007887366 -0.694811213
1769781786.234418 2.050066419 1.009057580 1.222064013 0.718939317 -0.001534270 0.007745501 -0.695027994
1769781786.245036 2.051165414 1.008911430 1.221917021 0.718727938 -0.001539155 0.007646140 -0.695247667
1769781786.255776 2.052264019 1.008768252 1.221707738 0.718543438 -0.001545296 0.007534576 -0.695439552
1769781786.266403 2.053355810 1.008617900 1.221455702 0.718355961 -0.001543287 0.007432116 -0.695634312
1769781786.277070 2.054391353 1.008493565 1.221154041 0.718205792 -0.001500412 0.007292306 -0.695790925
1769781786.287908 2.055395023 1.008371680 1.220830516 0.718069626 -0.001435047 0.007144079 -0.695933126
1769781786.298815 2.056460104 1.008250376 1.220436955 0.717950234 -0.001360507 0.006962288 -0.696058285
1769781786.309279 2.057444536 1.008133352 1.220026949 0.717860234 -0.001288186 0.006789019 -0.696152954
1769781786.319867 2.058372584 1.008033460 1.219579170 0.717788434 -0.001163880 0.006568639 -0.696229317
1769781786.330539 2.059320125 1.007923866 1.219076129 0.717736251 -0.001056488 0.006343823 -0.696285368
1769781786.341272 2.060308868 1.007800197 1.218510172 0.717701627 -0.000979979 0.006156491 -0.696322850
1769781786.351799 2.061265369 1.007679983 1.217917924 0.717669279 -0.000894012 0.005976519 -0.696357874
1769781786.362540 2.062243525 1.007548500 1.217257510 0.717615849 -0.000853254 0.005810482 -0.696414390
1769781786.373115 2.063161588 1.007431994 1.216579866 0.717532428 -0.000797174 0.005644111 -0.696501776
1769781786.383623 2.064040619 1.007331252 1.215880049 0.717422112 -0.000751119 0.005498460 -0.696616621
1769781786.394326 2.064941250 1.007227806 1.215127239 0.717287925 -0.000713689 0.005372436 -0.696755812
1769781786.405071 2.065817532 1.007118993 1.214333690 0.717131871 -0.000676920 0.005264427 -0.696917288
1769781786.415697 2.066708750 1.007018224 1.213478014 0.716963965 -0.000678651 0.005182997 -0.697090631
1769781786.426426 2.067558729 1.006933460 1.212609878 0.716785148 -0.000654745 0.005101803 -0.697275121
1769781786.436939 2.068369104 1.006854212 1.211691520 0.716615612 -0.000616835 0.004993095 -0.697450180
1769781786.447520 2.069208462 1.006753341 1.210753794 0.716433023 -0.000623857 0.004934339 -0.697638148
1769781786.458224 2.070066230 1.006646212 1.209776802 0.716242973 -0.000671164 0.004907958 -0.697833408
1769781786.469012 2.070950583 1.006527691 1.208738488 0.716030867 -0.000743247 0.004886465 -0.698051121
1769781786.479526 2.071768886 1.006424339 1.207711993 0.715814460 -0.000806231 0.004844209 -0.698273258
1769781786.490208 2.072572642 1.006319006 1.206647076 0.715575269 -0.000870546 0.004809055 -0.698518539
1769781786.500925 2.073360256 1.006217269 1.205544386 0.715333075 -0.000917339 0.004776871 -0.698766722
1769781786.511632 2.074168614 1.006115925 1.204356414 0.715118714 -0.001007642 0.004742987 -0.698986204
1769781786.522470 2.074924954 1.006019352 1.203176342 0.714893016 -0.001073370 0.004707906 -0.699217176
1769781786.533158 2.075663477 1.005938422 1.201936526 0.714685315 -0.001120685 0.004647441 -0.699429801
1769781786.543741 2.076392133 1.005858291 1.200648632 0.714525757 -0.001158475 0.004584964 -0.699593152
1769781786.554736 2.077084980 1.005776398 1.199355902 0.714384982 -0.001178976 0.004527265 -0.699737244
1769781786.565560 2.077804802 1.005691928 1.197903909 0.714252775 -0.001190025 0.004436606 -0.699872755
1769781786.576075 2.078494097 1.005604411 1.196542726 0.714102073 -0.001210139 0.004383537 -0.700026821
1769781786.587069 2.079206691 1.005510116 1.195146122 0.713916214 -0.001264482 0.004385520 -0.700216258
1769781786.599702 2.080042173 1.005383492 1.193462506 0.713641870 -0.001351442 0.004414539 -0.700495515
1769781786.610374 2.080729260 1.005286454 1.191969467 0.713466587 -0.001454119 0.004412671 -0.700673849
1769781786.620878 2.081355270 1.005204526 1.190511636 0.713285557 -0.001511116 0.004397145 -0.700858114
1769781786.631785 2.081990568 1.005131658 1.188923636 0.713153426 -0.001566352 0.004353480 -0.700992714
1769781786.642417 2.082599062 1.005058250 1.187317414 0.713069538 -0.001603494 0.004292339 -0.701078340
1769781786.652998 2.083162448 1.004989500 1.185740841 0.712977615 -0.001605339 0.004228847 -0.701172205
1769781786.663682 2.083740120 1.004911938 1.184052331 0.712902495 -0.001625751 0.004160800 -0.701248941
1769781786.674696 2.084308564 1.004832199 1.182353626 0.712785048 -0.001635966 0.004102173 -0.701368642
1769781786.685653 2.084851993 1.004750852 1.180669914 0.712653496 -0.001649533 0.004068992 -0.701502472
1769781786.697335 2.085426478 1.004670698 1.178816620 0.712520789 -0.001663631 0.004030534 -0.701637451
1769781786.708274 2.085939662 1.004612035 1.177058403 0.712396822 -0.001675542 0.003984432 -0.701763553
1769781786.719168 2.086438089 1.004554531 1.175207428 0.712325835 -0.001675444 0.003905933 -0.701836050
1769781786.730110 2.086935998 1.004483211 1.173363573 0.712244879 -0.001694661 0.003852318 -0.701918457
1769781786.740654 2.087437405 1.004405903 1.171530877 0.712154707 -0.001761411 0.003819819 -0.702009957
1769781786.751208 2.087913191 1.004319962 1.169722526 0.712039406 -0.001793817 0.003823608 -0.702126802
1769781786.761913 2.088381503 1.004233370 1.167850901 0.711968098 -0.001834897 0.003814754 -0.702199052
1769781786.772514 2.088817663 1.004160806 1.165962869 0.711852746 -0.001864841 0.003790564 -0.702316041
1769781786.783287 2.089222973 1.004101436 1.164048250 0.711778398 -0.001874327 0.003742354 -0.702391624
1769781786.793926 2.089633541 1.004046202 1.162065441 0.711739899 -0.001892587 0.003702551 -0.702430797
1769781786.804670 2.090021672 1.003990138 1.160121037 0.711656194 -0.001905630 0.003673238 -0.702515721
1769781786.815326 2.090413028 1.003925056 1.158114060 0.711592846 -0.001943577 0.003641109 -0.702579950
1769781786.826278 2.090772113 1.003855061 1.156135161 0.711491369 -0.001960576 0.003609584 -0.702682830
1769781786.837147 2.091126565 1.003787243 1.154059062 0.711384051 -0.001992994 0.003578326 -0.702791545
1769781786.847787 2.091449439 1.003723245 1.152038626 0.711298694 -0.002031370 0.003530658 -0.702878066
1769781786.858455 2.091758272 1.003679295 1.149981474 0.711270396 -0.002085006 0.003460011 -0.702906896
1769781786.869178 2.092068780 1.003621073 1.147857672 0.711212716 -0.002115383 0.003425928 -0.702965334
1769781786.879700 2.092343303 1.003564558 1.145772090 0.711201249 -0.002097982 0.003367864 -0.702977268
1769781786.890695 2.092617603 1.003499416 1.143621580 0.711157881 -0.002085533 0.003335324 -0.703021333
1769781786.901329 2.092859720 1.003446441 1.141553585 0.711064867 -0.002068030 0.003296948 -0.703115644
1769781786.912031 2.093093056 1.003400427 1.139434731 0.711002141 -0.002088656 0.003245982 -0.703179249
1769781786.922621 2.093342431 1.003353951 1.137323801 0.710911156 -0.002140280 0.003255069 -0.703271037
1769781786.933306 2.093583108 1.003296523 1.135126436 0.710868910 -0.002202919 0.003233093 -0.703313647
1769781786.943826 2.093806944 1.003233125 1.132958648 0.710846721 -0.002247818 0.003209290 -0.703336041
1769781786.954695 2.093997198 1.003170651 1.130852831 0.710780731 -0.002270555 0.003196526 -0.703402715
1769781786.965989 2.094201121 1.003102947 1.128463636 0.710708829 -0.002325928 0.003189806 -0.703475213
1769781786.976591 2.094365949 1.003051683 1.126300155 0.710654598 -0.002358988 0.003193996 -0.703529869
1769781786.987636 2.094523903 1.003008747 1.124011883 0.710628851 -0.002388074 0.003195248 -0.703555771
1769781786.998558 2.094657176 1.002963551 1.121662809 0.710604748 -0.002372522 0.003178705 -0.703580244
1769781787.009280 2.094767549 1.002921534 1.119497780 0.710566573 -0.002380725 0.003152813 -0.703618886
1769781787.019912 2.094875151 1.002860035 1.117293284 0.710483177 -0.002391206 0.003174270 -0.703702963
1769781787.030595 2.094961702 1.002810223 1.115077647 0.710399813 -0.002406534 0.003187923 -0.703787007
1769781787.041275 2.095045512 1.002775009 1.112844084 0.710357509 -0.002460802 0.003193332 -0.703829494
1769781787.052139 2.095110381 1.002734315 1.110522964 0.710340581 -0.002465456 0.003172086 -0.703846659
1769781787.062792 2.095150937 1.002685507 1.108183568 0.710386590 -0.002461524 0.003116081 -0.703800486
1769781787.073400 2.095178084 1.002625747 1.105988623 0.710343440 -0.002454552 0.003105465 -0.703844108
1769781787.083984 2.095195756 1.002579014 1.103745746 0.710316285 -0.002457961 0.003075425 -0.703871633
1769781787.094588 2.095210461 1.002538869 1.101466386 0.710301912 -0.002485651 0.003059639 -0.703886109
1769781787.105049 2.095210935 1.002512720 1.099259771 0.710268540 -0.002508116 0.003059713 -0.703919703
1769781787.115739 2.095192767 1.002474199 1.096994821 0.710270807 -0.002516715 0.003043824 -0.703917453
1769781787.126916 2.095163642 1.002415435 1.094667848 0.710218205 -0.002533200 0.003037290 -0.703970495
1769781787.137759 2.095111101 1.002369400 1.092332302 0.710164518 -0.002571746 0.003022736 -0.704024578
1769781787.148626 2.095048471 1.002336119 1.090027245 0.710123391 -0.002615613 0.003023173 -0.704065898
1769781787.159170 2.094991154 1.002297559 1.087746773 0.710147895 -0.002668713 0.003012117 -0.704041030
1769781787.169691 2.094903542 1.002256612 1.085515179 0.710140566 -0.002690032 0.002980311 -0.704048477
1769781787.181123 2.094783099 1.002207347 1.083116375 0.710120867 -0.002705092 0.002946333 -0.704068431
1769781787.191822 2.094656399 1.002164800 1.080847216 0.710101567 -0.002735081 0.002900729 -0.704087970
1769781787.202263 2.094534185 1.002132101 1.078657295 0.710069986 -0.002770158 0.002910039 -0.704119644
1769781787.212751 2.094406987 1.002100182 1.076387557 0.710095948 -0.002825764 0.002880533 -0.704093362
1769781787.223286 2.094267424 1.002069805 1.074213215 0.710053749 -0.002865806 0.002907557 -0.704135645
1769781787.233818 2.094107270 1.002030830 1.072054229 0.710004410 -0.002880604 0.002938565 -0.704185206
1769781787.244288 2.093933808 1.001989964 1.069890525 0.709962058 -0.002896593 0.002973432 -0.704227694
1769781787.254922 2.093755772 1.001957548 1.067750147 0.709923257 -0.002942567 0.002986335 -0.704266563
1769781787.265631 2.093551339 1.001929424 1.065495416 0.709942424 -0.002977853 0.002972855 -0.704247151
1769781787.276762 2.093325693 1.001888684 1.063141307 0.709953250 -0.003020169 0.002971341 -0.704236063
1769781787.287410 2.093107051 1.001845188 1.060982062 0.709914078 -0.003068546 0.003016434 -0.704275150
1769781787.298401 2.092859205 1.001805750 1.058768974 0.709876888 -0.003113081 0.003011161 -0.704312463
1769781787.309253 2.092613678 1.001779158 1.056577783 0.709868269 -0.003165302 0.003019800 -0.704320880
1769781787.319673 2.092354050 1.001742176 1.054404398 0.709900651 -0.003190906 0.003006850 -0.704288182
1769781787.330320 2.092074347 1.001708775 1.052267673 0.709921275 -0.003181376 0.003005204 -0.704267443
1769781787.340887 2.091785854 1.001673842 1.050144772 0.709899900 -0.003189651 0.003013924 -0.704288914
1769781787.351396 2.091511406 1.001641411 1.048138713 0.709841671 -0.003213365 0.003054454 -0.704347320
1769781787.361954 2.091217168 1.001611254 1.046072055 0.709842955 -0.003247109 0.003051472 -0.704345883
1769781787.372377 2.090917404 1.001578305 1.043999198 0.709856968 -0.003251724 0.003068858 -0.704331664
1769781787.382915 2.090600109 1.001542501 1.041932421 0.709882463 -0.003244663 0.003069707 -0.704305997
1769781787.393407 2.090267828 1.001498605 1.039885857 0.709899912 -0.003265963 0.003042293 -0.704288430
1769781787.404076 2.089937482 1.001456176 1.037907287 0.709873900 -0.003306651 0.003043914 -0.704314452
1769781787.414561 2.089586031 1.001417582 1.035891382 0.709891761 -0.003355807 0.003018016 -0.704296328
1769781787.425179 2.089216839 1.001390493 1.033868864 0.709911732 -0.003382258 0.003004740 -0.704276128
1769781787.435765 2.088827876 1.001357168 1.031847814 0.709942678 -0.003417910 0.002978951 -0.704244871
1769781787.446305 2.088415687 1.001331355 1.029885251 0.709964103 -0.003402810 0.002949503 -0.704223469
1769781787.456865 2.087994929 1.001295306 1.027994403 0.709955961 -0.003375935 0.002955569 -0.704231780
1769781787.467375 2.087550474 1.001271932 1.026075860 0.709949270 -0.003345352 0.002956282 -0.704238669
1769781787.477855 2.087103248 1.001249705 1.024173544 0.709966536 -0.003317820 0.002945621 -0.704221438
1769781787.488417 2.086653969 1.001226601 1.022261455 0.710007307 -0.003317040 0.002919420 -0.704180444
1769781787.499026 2.086186608 1.001209317 1.020392722 0.710011078 -0.003308206 0.002921132 -0.704176676
1769781787.509495 2.085708602 1.001179280 1.018561557 0.710018302 -0.003297821 0.002933762 -0.704169389
1769781787.520137 2.085253793 1.001158479 1.016848738 0.709962402 -0.003311313 0.002985347 -0.704225469
1769781787.530966 2.084748148 1.001132231 1.014995659 0.709953179 -0.003325239 0.002987160 -0.704234693
1769781787.541882 2.084213701 1.001117154 1.013127044 0.709976152 -0.003324383 0.002945951 -0.704211711
1769781787.552406 2.083696265 1.001098343 1.011386415 0.709989234 -0.003328455 0.002925904 -0.704198585
1769781787.563028 2.083161318 1.001061781 1.009606037 0.710038056 -0.003336125 0.002859273 -0.704149596
1769781787.573516 2.082621321 1.001036450 1.007912856 0.710033258 -0.003316493 0.002852202 -0.704154556
1769781787.584004 2.082086211 1.001010500 1.006286599 0.710017441 -0.003315108 0.002855558 -0.704170498
1769781787.594561 2.081529341 1.000991360 1.004633459 0.710007708 -0.003314899 0.002862909 -0.704180282
1769781787.605039 2.080979145 1.000970893 1.003012258 0.710021220 -0.003320046 0.002857173 -0.704166657
1769781787.615500 2.080397789 1.000947773 1.001363322 0.710067997 -0.003324819 0.002806748 -0.704119669
1769781787.626050 2.079808986 1.000912828 0.999764973 0.710094260 -0.003300100 0.002776331 -0.704093419
1769781787.636639 2.079200394 1.000897957 0.998204318 0.710099103 -0.003258073 0.002742636 -0.704088863
1769781787.647038 2.078603070 1.000866570 0.996711325 0.710095143 -0.003230431 0.002722321 -0.704093063
1769781787.657524 2.077985792 1.000858858 0.995249778 0.710087918 -0.003187826 0.002701843 -0.704100622
1769781787.668043 2.077353717 1.000831034 0.993769423 0.710098278 -0.003175435 0.002661568 -0.704090384
1769781787.678510 2.076713217 1.000814637 0.992303162 0.710117015 -0.003154926 0.002636526 -0.704071672
1769781787.689244 2.076063175 1.000792337 0.990850209 0.710144920 -0.003149748 0.002607549 -0.704043658
1769781787.699924 2.075388584 1.000768940 0.989402587 0.710153186 -0.003147671 0.002602539 -0.704035348
1769781787.710378 2.074725136 1.000749368 0.988030412 0.710169997 -0.003125985 0.002586486 -0.704018546
1769781787.720879 2.074062899 1.000726031 0.986723109 0.710151193 -0.003108553 0.002596380 -0.704037555
1769781787.731412 2.073395798 1.000710673 0.985450740 0.710126303 -0.003111352 0.002612693 -0.704062588
1769781787.741894 2.072713469 1.000692750 0.984174217 0.710124321 -0.003111902 0.002618589 -0.704064562
1769781787.752463 2.072011632 1.000683676 0.982946274 0.710115898 -0.003098022 0.002599724 -0.704073189
1769781787.763042 2.071259440 1.000669462 0.981671688 0.710157290 -0.003067167 0.002520599 -0.704031862
1769781787.773712 2.070496404 1.000655698 0.980429765 0.710175325 -0.003037407 0.002458773 -0.704014018
1769781787.784406 2.069734105 1.000635893 0.979228779 0.710196277 -0.003003818 0.002388807 -0.703993267
1769781787.795058 2.068972711 1.000618399 0.978060438 0.710211456 -0.002974011 0.002337744 -0.703978252
1769781787.805695 2.068198481 1.000602311 0.976936426 0.710214413 -0.002945300 0.002310313 -0.703975479
1769781787.816294 2.067421102 1.000587282 0.975867607 0.710208240 -0.002901325 0.002280223 -0.703981988
1769781787.826958 2.066635542 1.000576472 0.974835986 0.710189925 -0.002853632 0.002257677 -0.704000732
1769781787.837540 2.065837904 1.000557815 0.973805186 0.710193546 -0.002809851 0.002247601 -0.703997287
1769781787.848143 2.065044071 1.000546537 0.972817778 0.710186118 -0.002780945 0.002247432 -0.704004896
1769781787.858715 2.064238075 1.000526960 0.971855491 0.710195539 -0.002744671 0.002213069 -0.703995643
1769781787.869378 2.063410990 1.000514803 0.970909822 0.710196397 -0.002731415 0.002195059 -0.703994885
1769781787.879954 2.062583814 1.000503193 0.969992413 0.710209244 -0.002723320 0.002160807 -0.703982062
1769781787.890666 2.061739936 1.000478586 0.969106839 0.710219118 -0.002713640 0.002126634 -0.703972242
1769781787.902141 2.060871829 1.000465125 0.968243736 0.710210558 -0.002712363 0.002133593 -0.703980862
1769781787.913374 2.059973832 1.000436063 0.967365670 0.710225263 -0.002730835 0.002139395 -0.703965937
1769781787.925721 2.059052060 1.000424754 0.966568381 0.710217234 -0.002706938 0.002115944 -0.703974202
1769781787.937283 2.057943328 1.000422811 0.965672759 0.710215639 -0.002655617 0.002048965 -0.703976204
1769781787.948266 2.057009608 1.000421184 0.964988000 0.710199249 -0.002592893 0.002005088 -0.703993099
1769781787.959031 2.056039376 1.000430847 0.964328985 0.710176160 -0.002513233 0.001930338 -0.704016888
1769781787.969877 2.055077641 1.000422002 0.963689771 0.710168661 -0.002456199 0.001853485 -0.704024861
1769781787.980546 2.054140024 1.000423522 0.963122201 0.710145435 -0.002405427 0.001804680 -0.704048591
1769781787.991144 2.053202273 1.000418886 0.962576833 0.710132198 -0.002351990 0.001754278 -0.704062250
1769781788.001627 2.052272375 1.000408189 0.962060529 0.710117025 -0.002341045 0.001744522 -0.704077615
1769781788.012127 2.051314659 1.000403226 0.961565746 0.710115921 -0.002306864 0.001706241 -0.704078935
1769781788.022549 2.050373984 1.000396683 0.961119306 0.710104351 -0.002298824 0.001682925 -0.704090686
1769781788.033005 2.049419524 1.000385891 0.960693853 0.710096826 -0.002302769 0.001665883 -0.704098303
1769781788.043739 2.048421845 1.000378540 0.960289868 0.710088736 -0.002303581 0.001631704 -0.704106539
1769781788.054275 2.047480159 1.000364379 0.959937118 0.710075267 -0.002341280 0.001628615 -0.704120005
1769781788.064816 2.046489296 1.000359495 0.959600199 0.710072974 -0.002357289 0.001570149 -0.704122397
1769781788.075426 2.045448073 1.000369791 0.959292184 0.710065524 -0.002354196 0.001503513 -0.704130066
1769781788.085911 2.044412121 1.000375877 0.959003328 0.710073582 -0.002332654 0.001447276 -0.704122129
1769781788.096399 2.043348046 1.000390644 0.958757626 0.710074008 -0.002283754 0.001387031 -0.704121980
1769781788.106832 2.042300872 1.000404387 0.958546949 0.710073013 -0.002223131 0.001317678 -0.704123311
1769781788.117548 2.041214269 1.000400382 0.958364381 0.710069258 -0.002144716 0.001268244 -0.704127433
1769781788.128247 2.040137064 1.000411013 0.958243764 0.710046289 -0.002072123 0.001232315 -0.704150875
1769781788.138928 2.039040618 1.000405957 0.958135475 0.710037538 -0.001989699 0.001187912 -0.704160014
1769781788.149618 2.037936066 1.000411796 0.958091264 0.710005494 -0.001914963 0.001159291 -0.704192579
1769781788.160158 2.036839096 1.000418313 0.958068335 0.709979775 -0.001836764 0.001097453 -0.704218816
1769781788.170795 2.035730813 1.000415069 0.958075458 0.709955788 -0.001811071 0.001097789 -0.704243064
1769781788.181274 2.034631222 1.000423577 0.958130412 0.709922383 -0.001764569 0.001116467 -0.704276828
1769781788.191848 2.033547411 1.000413910 0.958204027 0.709896158 -0.001733052 0.001208242 -0.704303189
1769781788.202401 2.032434192 1.000425349 0.958337821 0.709840623 -0.001667524 0.001325841 -0.704359107
1769781788.213005 2.031256947 1.000442879 0.958482714 0.709791938 -0.001540995 0.001342716 -0.704408424
1769781788.223544 2.030091963 1.000453992 0.958673164 0.709731226 -0.001464892 0.001371476 -0.704469701
1769781788.234095 2.028915869 1.000471191 0.958889322 0.709676890 -0.001370111 0.001385474 -0.704524602
1769781788.244750 2.027702948 1.000477040 0.959132123 0.709631977 -0.001273802 0.001383110 -0.704570026
1769781788.255266 2.026575398 1.000478165 0.959397017 0.709585498 -0.001250525 0.001423728 -0.704616796
1769781788.265731 2.025372083 1.000484129 0.959683990 0.709549015 -0.001209239 0.001412434 -0.704653630
1769781788.276216 2.024190116 1.000486415 0.960001160 0.709507435 -0.001182161 0.001389177 -0.704695589
1769781788.286977 2.022951543 1.000492991 0.960372262 0.709455019 -0.001150331 0.001332720 -0.704748520
1769781788.297748 2.021699279 1.000496253 0.960778592 0.709402674 -0.001132769 0.001287827 -0.704801322
1769781788.308265 2.020497313 1.000505076 0.961211602 0.709336641 -0.001103792 0.001243448 -0.704867906
1769781788.318819 2.019266971 1.000516544 0.961695325 0.709262185 -0.001093808 0.001207531 -0.704942904
1769781788.330305 2.017932301 1.000515613 0.962233326 0.709192898 -0.001107334 0.001214501 -0.705012576
1769781788.340995 2.016638983 1.000537309 0.962768442 0.709127050 -0.001053586 0.001180421 -0.705078949
1769781788.351477 2.015382521 1.000549262 0.963307155 0.709066303 -0.001012718 0.001156513 -0.705140138
1769781788.361942 2.014081179 1.000564452 0.963858942 0.709009304 -0.000904963 0.001073771 -0.705197728
1769781788.372897 2.012751226 1.000587010 0.964435593 0.708962440 -0.000818798 0.000999691 -0.705245056
1769781788.383740 2.011398790 1.000588441 0.965051756 0.708912632 -0.000754806 0.000935270 -0.705295282
1769781788.394390 2.010100963 1.000597276 0.965696911 0.708844851 -0.000737992 0.000901054 -0.705363467
1769781788.404938 2.008834657 1.000594265 0.966362994 0.708770725 -0.000757698 0.000891134 -0.705437943
1769781788.415509 2.007530142 1.000601318 0.967062240 0.708690750 -0.000742890 0.000839731 -0.705518366
1769781788.426206 2.006212361 1.000620966 0.967803201 0.708595618 -0.000731156 0.000792099 -0.705613979
1769781788.436853 2.004877672 1.000629074 0.968554964 0.708510956 -0.000720789 0.000738169 -0.705699058
1769781788.447404 2.003587280 1.000635133 0.969310450 0.708425297 -0.000751802 0.000734915 -0.705785019
1769781788.458055 2.002246338 1.000657193 0.970074484 0.708347151 -0.000751922 0.000686955 -0.705863497
1769781788.468803 2.000876582 1.000659708 0.970858881 0.708277452 -0.000750649 0.000630199 -0.705933488
1769781788.479378 1.999497137 1.000674776 0.971687004 0.708178575 -0.000716621 0.000570448 -0.706032766
1769781788.490108 1.998113323 1.000691618 0.972553156 0.708062834 -0.000653237 0.000490512 -0.706148962
1769781788.500694 1.996728414 1.000699029 0.973427247 0.707959036 -0.000606251 0.000408917 -0.706253119
1769781788.511293 1.995351417 1.000716124 0.974316757 0.707844379 -0.000528351 0.000329070 -0.706368139
1769781788.521985 1.994010348 1.000723459 0.975191496 0.707746293 -0.000506103 0.000281718 -0.706466453
1769781788.533070 1.992604297 1.000724040 0.976104043 0.707657802 -0.000509673 0.000274516 -0.706555093
1769781788.543876 1.991210743 1.000718470 0.977030452 0.707563377 -0.000503738 0.000264105 -0.706649662
1769781788.554555 1.989914724 1.000710306 0.977924651 0.707458987 -0.000502610 0.000262064 -0.706754172
1769781788.565318 1.988510758 1.000710018 0.978938236 0.707313677 -0.000477363 0.000230242 -0.706899626
1769781788.575889 1.987172952 1.000714574 0.979892285 0.707188790 -0.000473807 0.000210593 -0.707024573
1769781788.586529 1.985793611 1.000723214 0.980881660 -0.707056820 0.000397290 -0.000137744 0.707156613
1769781788.597298 1.984400264 1.000730781 0.981868210 -0.706938689 0.000327223 -0.000080037 0.707274753
1769781788.607904 1.982999926 1.000728415 0.982828884 -0.706837933 0.000219575 -0.000003022 0.707375493
1769781788.618558 1.981634109 1.000720618 0.983794888 -0.706734212 0.000108156 0.000092011 0.707479140
1769781788.629178 1.980287095 1.000716845 0.984822337 -0.706590351 0.000040931 0.000143154 0.707622819
1769781788.639693 1.978951456 1.000719656 0.985873602 -0.706438873 -0.000035742 0.000212738 0.707774027
1769781788.650257 1.977641388 1.000708660 0.986903810 -0.706303640 -0.000064542 0.000257768 0.707908961
1769781788.660920 1.976330244 1.000700116 0.987931187 -0.706161290 -0.000124215 0.000321513 0.708050926
1769781788.671513 1.975040991 1.000692933 0.988955064 -0.706029170 -0.000163544 0.000329774 0.708182657
1769781788.682074 1.973809947 1.000676472 0.989990475 -0.705861541 -0.000210265 0.000283102 0.708349744
1769781788.692767 1.972518238 1.000653787 0.991052941 -0.705676794 -0.000291769 0.000289134 0.708533763
1769781788.703287 1.971269653 1.000622996 0.992110952 -0.705467260 -0.000401121 0.000319812 0.708742324
1769781788.713909 1.969964171 1.000617126 0.993239493 -0.705209052 -0.000600426 0.000386806 0.708999071
1769781788.724712 1.968697089 1.000607362 0.994354977 -0.704947307 -0.000821581 0.000431962 0.709259073
1769781788.735545 1.967417929 1.000591049 0.995489319 -0.704685163 -0.001092427 0.000502683 0.709519115
1769781788.746375 1.966153128 1.000562996 0.996615393 -0.704425274 -0.001353987 0.000561216 0.709776645
1769781788.756927 1.964967929 1.000529727 0.997707747 -0.704152713 -0.001618620 0.000623881 0.710046440
1769781788.767601 1.963766735 1.000495026 0.998877575 -0.703834224 -0.001897554 0.000673734 0.710361409
1769781788.778064 1.962626020 1.000464221 1.000056415 -0.703478073 -0.002150892 0.000742622 0.710713319
1769781788.788649 1.961489082 1.000434842 1.001251278 -0.703125141 -0.002400383 0.000842132 0.711061576
1769781788.799141 1.960412820 1.000399055 1.002420789 -0.702769994 -0.002611368 0.000930426 0.711411731
1769781788.809639 1.959322378 1.000371487 1.003593110 -0.702415749 -0.002870447 0.001016402 0.711760383
1769781788.820175 1.958213761 1.000341451 1.004780682 -0.702068008 -0.003202091 0.001164434 0.712101750
1769781788.830757 1.957137866 1.000305809 1.005999689 -0.701696206 -0.003508293 0.001317449 0.712466414
1769781788.841271 1.956063966 1.000264507 1.007287564 -0.701284193 -0.003833481 0.001474644 0.712869981
1769781788.852096 1.955023527 1.000223555 1.008572286 -0.700876477 -0.004129445 0.001658192 0.713268786
1769781788.862911 1.953955367 1.000185047 1.009941380 -0.700431814 -0.004497867 0.001824076 0.713702821
1769781788.873755 1.952934607 1.000139516 1.011252393 -0.700030532 -0.004861455 0.001991747 0.714093588
1769781788.884442 1.951950555 1.000088182 1.012568087 -0.699637183 -0.005201828 0.002171310 0.714476059
1769781788.895097 1.950981291 1.000037916 1.013896007 -0.699237932 -0.005567448 0.002381289 0.714863377
1769781788.906145 1.950000732 0.999980940 1.015343739 -0.698774259 -0.005949538 0.002547912 0.715312970
1769781788.916677 1.949053799 0.999929346 1.016783392 -0.698297174 -0.006329257 0.002707232 0.715774873
1769781788.927322 1.948159599 0.999875700 1.018213293 -0.697815814 -0.006638545 0.002859413 0.716240772
1769781788.938020 1.947277988 0.999817854 1.019696644 -0.697314666 -0.006885268 0.003025609 0.716725677
1769781788.948447 1.946410008 0.999759284 1.021126601 -0.696832916 -0.007143167 0.003218941 0.717190700
1769781788.959033 1.945530316 0.999702671 1.022623102 -0.696305783 -0.007443021 0.003391827 0.717698651
1769781788.969569 1.944657844 0.999644820 1.024197419 -0.695741657 -0.007741130 0.003559245 0.718241570
1769781788.980055 1.943806933 0.999599559 1.025808178 -0.695169151 -0.008068375 0.003737460 0.718791196
1769781788.990681 1.942974881 0.999563600 1.027438938 -0.694623369 -0.008425364 0.003947165 0.719313429
1769781789.001146 1.942155365 0.999523022 1.029064599 -0.694124770 -0.008823685 0.004151212 0.719788659
1769781789.011626 1.941319713 0.999481837 1.030746940 -0.693622014 -0.009265627 0.004420542 0.720265998
1769781789.022175 1.940514498 0.999428163 1.032441872 -0.693151850 -0.009676213 0.004737584 0.720711065
1769781789.032825 1.939689421 0.999373852 1.034247846 -0.692642479 -0.010168063 0.005037561 0.721191812
1769781789.043285 1.938877489 0.999333413 1.036051956 -0.692161008 -0.010707408 0.005309843 0.721644161
1769781789.053921 1.938067677 0.999302051 1.037812764 -0.691758210 -0.011244473 0.005648826 0.722019550
1769781789.064404 1.937227357 0.999269370 1.039660864 -0.691364844 -0.011818453 0.006042417 0.722383877
1769781789.074847 1.936405610 0.999220800 1.041492598 -0.690977949 -0.012386478 0.006423805 0.722741160
1769781789.085422 1.935534104 0.999183681 1.043438887 -0.690553971 -0.013010191 0.006833971 0.723131555
1769781789.096002 1.934633093 0.999162251 1.045449389 -0.690127514 -0.013641525 0.007278157 0.723522599
1769781789.106604 1.933719233 0.999134676 1.047381874 -0.689822631 -0.014287344 0.007802718 0.723795363
1769781789.117404 1.932768920 0.999114573 1.049430576 -0.689497210 -0.014992897 0.008318305 0.724085365
1769781789.128040 1.931856555 0.999093537 1.051506526 -0.689157154 -0.015672052 0.008798139 0.724388981
1769781789.138659 1.930925591 0.999058084 1.053672222 -0.688817127 -0.016380935 0.009261249 0.724690872
1769781789.149301 1.929982695 0.999042686 1.055842868 -0.688496065 -0.017054860 0.009762578 0.724973787
1769781789.160105 1.929004588 0.999044892 1.058048443 -0.688228233 -0.017770500 0.010285847 0.725203633
1769781789.170829 1.928060246 0.999029302 1.060250896 -0.687984847 -0.018430137 0.010799790 0.725410605
1769781789.181400 1.927046617 0.999005312 1.062542637 -0.687684464 -0.019112045 0.011335083 0.725669570
1769781789.192227 1.925983648 0.998995867 1.064904243 -0.687396672 -0.019844949 0.011873708 0.725913912
1769781789.202905 1.924898876 0.999002034 1.067226746 -0.687211526 -0.020556694 0.012456094 0.726059630
1769781789.213511 1.923790418 0.999010916 1.069570724 -0.686998418 -0.021280680 0.013039514 0.726230182
1769781789.224217 1.922685430 0.999002354 1.071980410 -0.686786126 -0.021952320 0.013615922 0.726400385
1769781789.235015 1.921573655 0.998997424 1.074496609 -0.686538755 -0.022581147 0.014150952 0.726604693
1769781789.245557 1.920482101 0.999012773 1.076949511 -0.686332186 -0.023192683 0.014624762 0.726771179
1769781789.256318 1.919331366 0.999034236 1.079360802 -0.686185213 -0.023831215 0.015159493 0.726878337
1769781789.267081 1.918029113 0.999046107 1.082021324 -0.685965415 -0.024471964 0.015808972 0.727050651
1769781789.277772 1.916761306 0.999047525 1.084618258 -0.685739846 -0.025041340 0.016390153 0.727231158
1769781789.288550 1.915508371 0.999062773 1.087108987 -0.685624747 -0.025589459 0.016966332 0.727307383
1769781789.299115 1.914264477 0.999084341 1.089663483 -0.685563338 -0.026101609 0.017497730 0.727334480
1769781789.309699 1.912975163 0.999097991 1.092300573 -0.685404720 -0.026601589 0.018027801 0.727452901
1769781789.320712 1.911619942 0.999109581 1.094930723 -0.685308356 -0.027082151 0.018582829 0.727511988
1769781789.331556 1.910156604 0.999143028 1.097668291 -0.685233593 -0.027563413 0.019190849 0.727548550
1769781789.342156 1.908746469 0.999184890 1.100268254 -0.685248054 -0.027977414 0.019789819 0.727503080
1769781789.352678 1.907417679 0.999206025 1.102868338 -0.685223711 -0.028281151 0.020289428 0.727500502
1769781789.363294 1.905966072 0.999236734 1.105598359 -0.685094044 -0.028613129 0.020815139 0.727594784
1769781789.373901 1.904480710 0.999285857 1.108238772 -0.685118219 -0.028893433 0.021386079 0.727544384
1769781789.384565 1.902950553 0.999335277 1.110876594 -0.685200861 -0.029142396 0.021983393 0.727438816
1769781789.395290 1.901439882 0.999360943 1.113592097 -0.685233090 -0.029282899 0.022513677 0.727386595
1769781789.405831 1.899955021 0.999375682 1.116234750 -0.685283784 -0.029386617 0.022983136 0.727319969
1769781789.416563 1.898368023 0.999424232 1.118867457 -0.685377107 -0.029551141 0.023468826 0.727209850
1769781789.427613 1.896742559 0.999479628 1.121530880 -0.685552323 -0.029599566 0.023959903 0.727026685
1769781789.438160 1.895127676 0.999518591 1.124270750 -0.685724671 -0.029569122 0.024385961 0.726851201
1769781789.448699 1.893541381 0.999562221 1.126915986 -0.685865210 -0.029464321 0.024817923 0.726708221
1769781789.459268 1.891926652 0.999609079 1.129569500 -0.685950104 -0.029284952 0.025276464 0.726619534
1769781789.470013 1.890243384 0.999671412 1.132215280 -0.686162798 -0.029020722 0.025756797 0.726412417
1769781789.480553 1.888649077 0.999719469 1.134758054 -0.686435945 -0.028647689 0.026162083 0.726154632
1769781789.491259 1.886998071 0.999749871 1.137366545 -0.686656564 -0.028250509 0.026529243 0.725948257
1769781789.501814 1.885318281 0.999782144 1.139980715 -0.686898900 -0.027789426 0.026873801 0.725724086
1769781789.512376 1.883613374 0.999830816 1.142579721 -0.687143778 -0.027294566 0.027213334 0.725498359
1769781789.523038 1.882010508 0.999907754 1.145023141 -0.687463495 -0.026634155 0.027507993 0.725208850
1769781789.533682 1.880261422 0.999978900 1.147621419 -0.687744479 -0.025857885 0.027893007 0.724955779
1769781789.544264 1.878557328 1.000022006 1.150135033 -0.688017687 -0.025050733 0.028239569 0.724711425
1769781789.554850 1.876926489 1.000018186 1.152663445 -0.688229774 -0.024269974 0.028338417 0.724532733
1769781789.565545 1.875228317 1.000016880 1.155248782 -0.688532793 -0.023652489 0.028144200 0.724272778
1769781789.576177 1.873518870 1.000081655 1.157560746 -0.689030204 -0.023176716 0.027772731 0.723829326
1769781789.586975 1.871767292 1.000282733 1.159694399 -0.689485647 -0.022729985 0.027313241 0.723427175
1769781789.597529 1.870025606 1.000673227 1.161570498 -0.689919303 -0.022298652 0.026745257 0.723048281
1769781789.608013 1.868363237 1.001208908 1.163038431 -0.690491022 -0.021891610 0.026168728 0.722535884
1769781789.618603 1.866582782 1.001847154 1.164279467 -0.691398583 -0.021507426 0.025656220 0.721697436
1769781789.629281 1.864791248 1.002500928 1.165313061 -0.692665078 -0.021152126 0.025165737 0.720509794
1769781789.639787 1.863028374 1.003128320 1.166231200 -0.694121986 -0.020792789 0.024691926 0.719133255
1769781789.650551 1.861264451 1.003757181 1.167170873 -0.695638222 -0.020399015 0.024201770 0.717694656
1769781789.661220 1.859384722 1.004383652 1.168130611 -0.697223268 -0.020075319 0.023790030 0.716177862
1769781789.671890 1.857551021 1.004985840 1.169028761 -0.698832019 -0.019732702 0.023326713 0.714632979
1769781789.682385 1.855717884 1.005551845 1.169951961 -0.700345600 -0.019401511 0.022897176 0.713172729
1769781789.692945 1.853958258 1.006097435 1.170830885 -0.701846886 -0.019052725 0.022455742 0.711718822
1769781789.703447 1.852141415 1.006637262 1.171762975 -0.703257565 -0.018743650 0.022015227 0.710346959
1769781789.714130 1.850265533 1.007164106 1.172800472 -0.704504982 -0.018513021 0.021597568 0.709128722
1769781789.724828 1.848421653 1.007672587 1.173824037 -0.705732346 -0.018255518 0.021145353 0.707927585
1769781789.735498 1.846621960 1.008159192 1.174887986 -0.706835000 -0.017953884 0.020659225 0.706848737
1769781789.746167 1.844769241 1.008622639 1.175960358 0.707909867 0.017716477 -0.020192638 -0.705791757
1769781789.756973 1.842944333 1.009062032 1.176995687 0.708917317 0.017510367 -0.019756346 -0.704797355
1769781789.767560 1.841045671 1.009487805 1.178146207 0.709755186 0.017323728 -0.019372666 -0.703968866
1769781789.787758 1.839274666 1.009907376 1.179290455 0.710565896 0.017055044 -0.018920194 -0.703169439
1769781789.801259 1.838121661 1.010169887 1.180028524 0.711059189 0.016907783 -0.018622105 -0.702682129
1769781789.812526 1.833771596 1.011015690 1.182765069 0.712580717 0.016560581 -0.017702476 -0.701171228
1769781789.824030 1.831472143 1.011455767 1.184209747 0.713403498 0.016326079 -0.017154730 -0.700353214
1769781789.834551 1.829744593 1.011769302 1.185348453 0.713957623 0.016129785 -0.016741416 -0.699802878
1769781789.845038 1.827931319 1.012070345 1.186533413 0.714453054 0.015979158 -0.016398655 -0.699308647
1769781789.855705 1.826138908 1.012349527 1.187675050 0.714947773 0.015837952 -0.016063830 -0.698813848
1769781789.866303 1.824333810 1.012617349 1.188811143 0.715434745 0.015696698 -0.015738917 -0.698325873
1769781789.876938 1.822648858 1.012873627 1.189922427 0.715900472 0.015480159 -0.015340065 -0.697862136
1769781789.887816 1.820904387 1.013104634 1.191042822 0.716344723 0.015317085 -0.014962045 -0.697417925
1769781789.898407 1.819123445 1.013319293 1.192126070 0.716805037 0.015207220 -0.014638682 -0.696954079
1769781789.909089 1.817340631 1.013520850 1.193227070 0.717215781 0.015093327 -0.014333950 -0.696540202
1769781789.919751 1.815634305 1.013719800 1.194329628 0.717571835 0.014918616 -0.014018255 -0.696183585
1769781789.931653 1.813883550 1.013916486 1.195492962 0.717924922 0.014685386 -0.013637606 -0.695831993
1769781789.943316 1.812350356 1.014050451 1.196442545 0.718236046 0.014544795 -0.013364972 -0.695519093
1769781789.954405 1.810220585 1.014210058 1.197694956 0.718680564 0.014383443 -0.013032795 -0.695069428
1769781789.965836 1.808411115 1.014338897 1.198782996 0.718995463 0.014252065 -0.012753794 -0.694751570
1769781789.976910 1.806654234 1.014460121 1.199880955 0.719299238 0.014052595 -0.012408017 -0.694447386
1769781789.987493 1.805075204 1.014559607 1.200883456 0.719555466 0.013847317 -0.012079627 -0.694191807
1769781789.997955 1.803438950 1.014638574 1.201877519 0.719760361 0.013710084 -0.011833770 -0.693986325
1769781790.008510 1.801796532 1.014692479 1.202839541 0.719953715 0.013599341 -0.011614495 -0.693791618
1769781790.019037 1.800187164 1.014735504 1.203784865 0.720110761 0.013478853 -0.011387711 -0.693634726
1769781790.029660 1.798636973 1.014769478 1.204711049 0.720262107 0.013317186 -0.011097745 -0.693485393
1769781790.040198 1.797163214 1.014802567 1.205607090 0.720416036 0.013112979 -0.010774282 -0.693334479
1769781790.050654 1.795622455 1.014809166 1.206492368 0.720534938 0.012980153 -0.010514409 -0.693217402
1769781790.061158 1.794061877 1.014790365 1.207358722 0.720622819 0.012896060 -0.010329343 -0.693130398
1769781790.071652 1.792512145 1.014766412 1.208233600 0.720685630 0.012765374 -0.010116760 -0.693070646
1769781790.082304 1.791024969 1.014735982 1.209098145 0.720692089 0.012615790 -0.009890965 -0.693069927
1769781790.093369 1.789545197 1.014709941 1.209996808 0.720669519 0.012399384 -0.009615945 -0.693101171
1769781790.104055 1.788060697 1.014653723 1.210833090 0.720638036 0.012236420 -0.009379038 -0.693140047
1769781790.114611 1.786524846 1.014563969 1.211639182 0.720570968 0.012152134 -0.009242086 -0.693213091
1769781790.125142 1.785077513 1.014469850 1.212383664 0.720526929 0.012037729 -0.009077871 -0.693263031
1769781790.135907 1.783606870 1.014368523 1.213156248 0.720442328 0.011884282 -0.008903772 -0.693355853
1769781790.146630 1.782201226 1.014264929 1.213907409 0.720327690 0.011706568 -0.008703425 -0.693480516
1769781790.157197 1.780892996 1.014154655 1.214611309 0.720215140 0.011506665 -0.008473156 -0.693603600
1769781790.167789 1.779482313 1.014015476 1.215315211 0.720058212 0.011375904 -0.008325073 -0.693770462
1769781790.178261 1.778096389 1.013865139 1.215979688 0.719895718 0.011265016 -0.008210898 -0.693942242
1769781790.188711 1.776732463 1.013706125 1.216631939 0.719713384 0.011133713 -0.008092039 -0.694134860
1769781790.199450 1.775377271 1.013536170 1.217276929 0.719510413 0.010971868 -0.007950488 -0.694349461
1769781790.210052 1.774092009 1.013367484 1.217913590 0.719267963 0.010782619 -0.007800136 -0.694605276
1769781790.220723 1.772838578 1.013187933 1.218500221 0.719036620 0.010572709 -0.007624917 -0.694849924
1769781790.231312 1.771522265 1.012981359 1.219042517 0.718790561 0.010439638 -0.007529605 -0.695107509
1769781790.241882 1.770203378 1.012773959 1.219552942 0.718531641 0.010323702 -0.007445972 -0.695377782
1769781790.252377 1.768944948 1.012573461 1.219993124 0.718291676 0.010195850 -0.007341801 -0.695628644
1769781790.262936 1.767709505 1.012387970 1.220410524 0.718028370 0.010077274 -0.007254627 -0.695903067
1769781790.273396 1.766516581 1.012212191 1.220771490 0.717794473 0.009888901 -0.007104631 -0.696148567
1769781790.284039 1.765354502 1.012043499 1.221086170 0.717577442 0.009692489 -0.006939550 -0.696376704
1769781790.294803 1.764097003 1.011857964 1.221353248 0.717352449 0.009557943 -0.006860038 -0.696611118
1769781790.305411 1.762861207 1.011676862 1.221560478 0.717153173 0.009428246 -0.006782872 -0.696818791
1769781790.315881 1.761653153 1.011501622 1.221722734 0.716957637 0.009321169 -0.006727298 -0.697021955
1769781790.326462 1.760476056 1.011340464 1.221830599 0.716778102 0.009184311 -0.006634242 -0.697209285
1769781790.337071 1.759330877 1.011184679 1.221891511 0.716608535 0.009011904 -0.006501741 -0.697387067
1769781790.347720 1.758240907 1.011047767 1.221909786 0.716447229 0.008809601 -0.006337137 -0.697556879
1769781790.358462 1.757099117 1.010894740 1.221873400 0.716289186 0.008683738 -0.006238315 -0.697721634
1769781790.369067 1.755917358 1.010733364 1.221786847 0.716136036 0.008594239 -0.006185501 -0.697880403
1769781790.379568 1.754765083 1.010581146 1.221649998 0.715998791 0.008487914 -0.006115934 -0.698023124
1769781790.390333 1.753651389 1.010436253 1.221466796 0.715889153 0.008352358 -0.006025899 -0.698137985
1769781790.400931 1.752559410 1.010304245 1.221227429 0.715814705 0.008197716 -0.005898119 -0.698217242
1769781790.411455 1.751547891 1.010183149 1.220945837 0.715769627 0.008014305 -0.005728419 -0.698266995
1769781790.422210 1.750513187 1.010056443 1.220615355 0.715747617 0.007837356 -0.005562721 -0.698292904
1769781790.432942 1.749432173 1.009921510 1.220240210 0.715743612 0.007693350 -0.005435014 -0.698299617
1769781790.443523 1.748357447 1.009792116 1.219815624 0.715769377 0.007559794 -0.005317150 -0.698275573
1769781790.454223 1.747342859 1.009667534 1.219380447 0.715786660 0.007395018 -0.005190536 -0.698260574
1769781790.465327 1.746250291 1.009542523 1.218837414 0.715812775 0.007243245 -0.005059807 -0.698236353
1769781790.476023 1.745277840 1.009430435 1.218287088 0.715801426 0.007065924 -0.004897490 -0.698250962
1769781790.487288 1.744338165 1.009330062 1.217667223 0.715784222 0.006863717 -0.004696332 -0.698271997
1769781790.498779 1.743296034 1.009205032 1.216975783 0.715724193 0.006725444 -0.004557978 -0.698335788
1769781790.510275 1.742209799 1.009068853 1.216233626 0.715601956 0.006653381 -0.004488622 -0.698462186
1769781790.520815 1.741240049 1.008953517 1.215541399 0.715443654 0.006583817 -0.004452055 -0.698625229
1769781790.531265 1.740291905 1.008843313 1.214808181 0.715275225 0.006541951 -0.004418495 -0.698798277
1769781790.541673 1.739391261 1.008737463 1.214054763 0.715078635 0.006495898 -0.004374626 -0.699000152
1769781790.552165 1.738520729 1.008642848 1.213274639 0.714869179 0.006419625 -0.004318964 -0.699215412
1769781790.562720 1.737680317 1.008559440 1.212411135 0.714714934 0.006339337 -0.004234109 -0.699374326
1769781790.573315 1.736812378 1.008459848 1.211501518 0.714565959 0.006267194 -0.004167455 -0.699527587
1769781790.583911 1.735936252 1.008361435 1.210587564 0.714390898 0.006227079 -0.004151539 -0.699706820
1769781790.594441 1.735047173 1.008247590 1.209606761 0.714229863 0.006219423 -0.004129617 -0.699871394
1769781790.604891 1.734200839 1.008143037 1.208646616 0.714050521 0.006189746 -0.004117469 -0.700054703
1769781790.615401 1.733368338 1.008043851 1.207602249 0.713897864 0.006187941 -0.004106559 -0.700210458
1769781790.626107 1.732556661 1.007950683 1.206537747 0.713707008 0.006131944 -0.004069900 -0.700405698
1769781790.636530 1.731796871 1.007853091 1.205454105 0.713528615 0.006067933 -0.004023401 -0.700588259
1769781790.646915 1.731074248 1.007774337 1.204336921 0.713368141 0.006003763 -0.003944109 -0.700752662
1769781790.657409 1.730332060 1.007687808 1.203195155 0.713212187 0.005957394 -0.003902570 -0.700912018
1769781790.667910 1.729554052 1.007589425 1.201994035 0.713051717 0.005959337 -0.003897481 -0.701075277
1769781790.678367 1.728775805 1.007494525 1.200764027 0.712892390 0.005970942 -0.003902551 -0.701237163
1769781790.688800 1.728029924 1.007409058 1.199487710 0.712760381 0.005987497 -0.003900742 -0.701371210
1769781790.699275 1.727326923 1.007331932 1.198186166 0.712632635 0.005963023 -0.003884635 -0.701501304
1769781790.709772 1.726638274 1.007250423 1.196821699 0.712518538 0.005940391 -0.003846476 -0.701617594
1769781790.720276 1.725968301 1.007168729 1.195448864 0.712407352 0.005900552 -0.003818368 -0.701730980
1769781790.731064 1.725322625 1.007095774 1.194021314 0.712293515 0.005839765 -0.003763313 -0.701847336
1769781790.741692 1.724711401 1.007023767 1.192586573 0.712176849 0.005760756 -0.003703755 -0.701966689
1769781790.752317 1.724065807 1.006937960 1.191123514 0.712062262 0.005728824 -0.003682379 -0.702083296
1769781790.762903 1.723415513 1.006856513 1.189603286 0.711992149 0.005728061 -0.003665324 -0.702154495
1769781790.773543 1.722767853 1.006778612 1.188048996 0.711889748 0.005707973 -0.003672858 -0.702258440
1769781790.784236 1.722157044 1.006712770 1.186459671 0.711831552 0.005674399 -0.003681540 -0.702317656
1769781790.795048 1.721557251 1.006645647 1.184814242 0.711748804 0.005623386 -0.003679388 -0.702401936
1769781790.805654 1.720990635 1.006578754 1.183212335 0.711641303 0.005559831 -0.003677497 -0.702511367
1769781790.816171 1.720443601 1.006512657 1.181592501 0.711566684 0.005497135 -0.003677397 -0.702587442
1769781790.826855 1.719942873 1.006450958 1.179952381 0.711457124 0.005416277 -0.003648075 -0.702699165
1769781790.837593 1.719472853 1.006401071 1.178216083 0.711377469 0.005335418 -0.003554696 -0.702780900
1769781790.848098 1.718971447 1.006333938 1.176505265 0.711307391 0.005311112 -0.003521321 -0.702852181
1769781790.858847 1.718458740 1.006276469 1.174743957 0.711248823 0.005344829 -0.003486457 -0.702911367
1769781790.869557 1.717923413 1.006199882 1.172908761 0.711204143 0.005388341 -0.003482494 -0.702956261
1769781790.880170 1.717431028 1.006132715 1.171095535 0.711153958 0.005383680 -0.003473099 -0.703007113
1769781790.890882 1.716972777 1.006077248 1.169256657 0.711092854 0.005378686 -0.003452550 -0.703069059
1769781790.901461 1.716551201 1.006010456 1.167414232 0.711016522 0.005345726 -0.003411912 -0.703146704
1769781790.911972 1.716144335 1.005958242 1.165575453 0.710958052 0.005348315 -0.003369099 -0.703206010
1769781790.922721 1.715733873 1.005901683 1.163740158 0.710828370 0.005355540 -0.003366218 -0.703337056
1769781790.933377 1.715335820 1.005862904 1.161817492 0.710747396 0.005366192 -0.003335361 -0.703418949
1769781790.944057 1.714994876 1.005829257 1.159862717 0.710714254 0.005350310 -0.003244346 -0.703452981
1769781790.954714 1.714641109 1.005777799 1.157926873 0.710678385 0.005331611 -0.003197017 -0.703489578
1769781790.965662 1.714250770 1.005709440 1.155835231 0.710682306 0.005364337 -0.003173614 -0.703485474
1769781790.976379 1.713889652 1.005640803 1.153827727 0.710616410 0.005359490 -0.003180183 -0.703552045
1769781790.987197 1.713546752 1.005585291 1.151842869 0.710531679 0.005373983 -0.003211318 -0.703637365
1769781790.998080 1.713220101 1.005539508 1.149762369 0.710478754 0.005378697 -0.003215125 -0.703690751
1769781791.008888 1.712925044 1.005505472 1.147622059 0.710488692 0.005370003 -0.003167149 -0.703681001
1769781791.019326 1.712645953 1.005459434 1.145610618 0.710476439 0.005367230 -0.003133986 -0.703693541
1769781791.029941 1.712391430 1.005419542 1.143589828 0.710436830 0.005353392 -0.003098972 -0.703733791
1769781791.040556 1.712152781 1.005375356 1.141560043 0.710354787 0.005340142 -0.003095051 -0.703816723
1769781791.051261 1.711939155 1.005333452 1.139492459 0.710270039 0.005328714 -0.003073751 -0.703902429
1769781791.062033 1.711727488 1.005298046 1.137335057 0.710264388 0.005331177 -0.003031261 -0.703908296
1769781791.072829 1.711541045 1.005273239 1.135152243 0.710268907 0.005278027 -0.003002526 -0.703904260
1769781791.083388 1.711394168 1.005250994 1.132991700 0.710294238 0.005212703 -0.002935187 -0.703879470
1769781791.093910 1.711214155 1.005205839 1.130874207 0.710287158 0.005197143 -0.002917178 -0.703886804
1769781791.104434 1.711037409 1.005152885 1.128806669 0.710231021 0.005202848 -0.002936780 -0.703943323
1769781791.114888 1.710871052 1.005105746 1.126655088 0.710204987 0.005236166 -0.002952060 -0.703969278
1769781791.125580 1.710709971 1.005074399 1.124545784 0.710156144 0.005246506 -0.003000623 -0.704018268
1769781791.136161 1.710566930 1.005051151 1.122377480 0.710121764 0.005252649 -0.003043874 -0.704052715
1769781791.146721 1.710452010 1.005015407 1.120195921 0.710103952 0.005236171 -0.003069116 -0.704070692
1769781791.157376 1.710359122 1.004972859 1.118075828 0.710048684 0.005213590 -0.003116296 -0.704126390
1769781791.167922 1.710288344 1.004934132 1.115883629 0.710026960 0.005221266 -0.003128879 -0.704148184
1769781791.178645 1.710223962 1.004898587 1.113705276 0.709966211 0.005228466 -0.003157073 -0.704209256
1769781791.189259 1.710176325 1.004886017 1.111509573 0.709969590 0.005238817 -0.003140628 -0.704205846
1769781791.199793 1.710137436 1.004857881 1.109288257 0.709982381 0.005258231 -0.003110893 -0.704192937
1769781791.210446 1.710126941 1.004828311 1.107092442 0.710012877 0.005283912 -0.003061368 -0.704162213
1769781791.220983 1.710134828 1.004784580 1.104909110 0.709985155 0.005301729 -0.003044063 -0.704190106
1769781791.231531 1.710141488 1.004762723 1.102772821 0.709935011 0.005323774 -0.003042393 -0.704240500
1769781791.241986 1.710152598 1.004755630 1.100607193 0.709903005 0.005356195 -0.003046590 -0.704272500
1769781791.252529 1.710173519 1.004737359 1.098424684 0.709883807 0.005378343 -0.003052697 -0.704291655
1769781791.263430 1.710226754 1.004707709 1.096176865 0.709923900 0.005404916 -0.003015271 -0.704251199
1769781791.274288 1.710291991 1.004664723 1.093914507 0.709885325 0.005430313 -0.003005519 -0.704289929
1769781791.284763 1.710377836 1.004641411 1.091785616 0.709869424 0.005436650 -0.002981092 -0.704306011
1769781791.295314 1.710475181 1.004626015 1.089584305 0.709862808 0.005470525 -0.002948392 -0.704312554
1769781791.305875 1.710554837 1.004608164 1.087437847 0.709863140 0.005492200 -0.002967848 -0.704311969
1769781791.316527 1.710650891 1.004570234 1.085165807 0.709915971 0.005515767 -0.002956484 -0.704258581
1769781791.327064 1.710770088 1.004529531 1.083014735 0.709922575 0.005521531 -0.002957557 -0.704251874
1769781791.337575 1.710917688 1.004503545 1.080880904 0.709909613 0.005530548 -0.002961240 -0.704264854
1769781791.348076 1.711062301 1.004487917 1.078759074 0.709890858 0.005533704 -0.002987774 -0.704283623
1769781791.359008 1.711205406 1.004475380 1.076579432 0.709898838 0.005547688 -0.003017091 -0.704275344
1769781791.369921 1.711369460 1.004446244 1.074359275 0.709892790 0.005562728 -0.003048992 -0.704281184
1769781791.380557 1.711564522 1.004418636 1.072191800 0.709903562 0.005553725 -0.003058173 -0.704270357
1769781791.391162 1.711768664 1.004387517 1.070116337 0.709887124 0.005561229 -0.003054888 -0.704286882
1769781791.401672 1.711977395 1.004363403 1.068028422 0.709866308 0.005569875 -0.003071923 -0.704307720
1769781791.412249 1.712218780 1.004344756 1.065838096 0.709935022 0.005579384 -0.003031140 -0.704238558
1769781791.423021 1.712444845 1.004329114 1.063786141 0.709951501 0.005581286 -0.003038235 -0.704221900
1769781791.433747 1.712702268 1.004297317 1.061600500 0.709981625 0.005587145 -0.003034064 -0.704191501
1769781791.444281 1.712965477 1.004259625 1.059540842 0.709982542 0.005588044 -0.003024795 -0.704190610
1769781791.455131 1.713232211 1.004237398 1.057526517 0.709980484 0.005554162 -0.003029093 -0.704192934
1769781791.465988 1.713528635 1.004208723 1.055374672 0.710054186 0.005536883 -0.002986475 -0.704118937
1769781791.476416 1.713813546 1.004174304 1.053309991 0.710102413 0.005495078 -0.002987460 -0.704070623
1769781791.486925 1.714092345 1.004145408 1.051321077 0.710132296 0.005466704 -0.003016618 -0.704040580
1769781791.497403 1.714399273 1.004110995 1.049340227 0.710124113 0.005434373 -0.003061892 -0.704048887
1769781791.508010 1.714708636 1.004080833 1.047401231 0.710098598 0.005439390 -0.003142105 -0.704074230
1769781791.518534 1.715040197 1.004051092 1.045450947 0.710090435 0.005468006 -0.003180540 -0.704082068
1769781791.529059 1.715376741 1.004026116 1.043484119 0.710117002 0.005481188 -0.003206625 -0.704055053
1769781791.539563 1.715733114 1.003999824 1.041524225 0.710156419 0.005490223 -0.003210374 -0.704015207
1769781791.550097 1.716096625 1.003962429 1.039604659 0.710177612 0.005502019 -0.003224753 -0.703993671
1769781791.560655 1.716486861 1.003926636 1.037728338 0.710193414 0.005488704 -0.003221302 -0.703977849
1769781791.571433 1.716901753 1.003903750 1.035830920 0.710201335 0.005456671 -0.003210095 -0.703970158
1769781791.582232 1.717307755 1.003871288 1.033936797 0.710232124 0.005480123 -0.003188874 -0.703939010
1769781791.592852 1.717700467 1.003841568 1.032023930 0.710274692 0.005536993 -0.003181592 -0.703895646
1769781791.603511 1.718125606 1.003804847 1.030168853 0.710297174 0.005559931 -0.003170341 -0.703872830
1769781791.614025 1.718595262 1.003765754 1.028306739 0.710355075 0.005564989 -0.003100926 -0.703814665
1769781791.624681 1.719061711 1.003735981 1.026568100 0.710356389 0.005548488 -0.003049910 -0.703813692
1769781791.635190 1.719561583 1.003712929 1.024794905 0.710382968 0.005529006 -0.002960466 -0.703787400
1769781791.645858 1.720037602 1.003697109 1.023062200 0.710405730 0.005512779 -0.002916594 -0.703764734
1769781791.656474 1.720546482 1.003678583 1.021305092 0.710448419 0.005461241 -0.002874867 -0.703722214
1769781791.667093 1.721054987 1.003644177 1.019560323 0.710497730 0.005405580 -0.002854125 -0.703672942
1769781791.677655 1.721577289 1.003606835 1.017872254 0.710522349 0.005343333 -0.002857045 -0.703648547
1769781791.688959 1.722080760 1.003569525 1.016254413 0.710522092 0.005298488 -0.002890274 -0.703649010
1769781791.699900 1.722659280 1.003537653 1.014492429 0.710531607 0.005226346 -0.002923200 -0.703639805
1769781791.710647 1.723216978 1.003498547 1.012800263 0.710566834 0.005192677 -0.002942270 -0.703604401
1769781791.721195 1.723746666 1.003461687 1.011219477 0.710590676 0.005161372 -0.002967931 -0.703580445
1769781791.731932 1.724305822 1.003418514 1.009614745 0.710638750 0.005137692 -0.002951183 -0.703532133
1769781791.742896 1.724880983 1.003369749 1.008004256 0.710683839 0.005112781 -0.002942703 -0.703486802
1769781791.753608 1.725446176 1.003323227 1.006491828 0.710693731 0.005091609 -0.002966033 -0.703476865
1769781791.764338 1.726057262 1.003281175 1.004967203 0.710724375 0.005086273 -0.002897857 -0.703446227
1769781791.774923 1.726632887 1.003241245 1.003540737 0.710724992 0.005116842 -0.002859547 -0.703445540
1769781791.785902 1.727224110 1.003192697 1.002050182 0.710743641 0.005144905 -0.002848406 -0.703426537
1769781791.796429 1.727822806 1.003147221 1.000603687 0.710779768 0.005097883 -0.002907768 -0.703390132
1769781791.806967 1.728433245 1.003107841 0.999233245 0.710809919 0.004983307 -0.002970392 -0.703360223
1769781791.817518 1.729090750 1.003054882 0.997835913 0.710863637 0.005023709 -0.002843057 -0.703306170
1769781791.828052 1.729767319 1.003020882 0.996497098 0.710887657 0.005329925 -0.002399364 -0.703281291
1769781791.838645 1.730434624 1.002980514 0.995210970 0.710902287 0.006124319 -0.001485480 -0.703262557
1769781791.849452 1.731118947 1.002946894 0.993938275 0.710885950 0.007588729 0.000075792 -0.703266359
1769781791.860142 1.731799753 1.002905272 0.992697073 0.710880865 0.009740334 0.002309037 -0.703241204
1769781791.870635 1.732486402 1.002866949 0.991495794 0.710846578 0.012320793 0.004958507 -0.703221696
1769781791.881162 1.733171560 1.002820309 0.990295314 0.710831769 0.014912108 0.007607048 -0.703162824
1769781791.891738 1.733851588 1.002768463 0.989122742 0.710812833 0.017336517 0.010049802 -0.703095700
1769781791.902268 1.734534508 1.002711986 0.987971877 0.710783270 0.019701422 0.012391276 -0.703025927
1769781791.913943 1.735251989 1.002649450 0.986820515 0.710745610 0.022083111 0.014741283 -0.702947871
1769781791.926391 1.735866664 1.002598664 0.985865023 0.710682186 0.024166781 0.016717911 -0.702899217
1769781791.937325 1.736875225 1.002541895 0.984455683 0.710596607 0.027138803 0.019705493 -0.702799858
1769781791.948380 1.737681115 1.002498225 0.983426946 0.710506070 0.029358463 0.021948536 -0.702735702
1769781791.962738 1.738756580 1.002451840 0.982135566 0.710404172 0.032070666 0.024782672 -0.702625935
1769781791.973434 1.739550340 1.002406413 0.981206486 0.710322378 0.034041053 0.026836609 -0.702540477
1769781791.984077 1.740343847 1.002364802 0.980304723 0.710240726 0.035956424 0.028820424 -0.702449023
1769781791.994836 1.741142759 1.002314395 0.979429630 0.710167594 0.037791226 0.030721304 -0.702346078
1769781792.005370 1.741923845 1.002276233 0.978615966 0.710077376 0.039554723 0.032522591 -0.702259087
1769781792.016088 1.742762894 1.002221684 0.977772498 0.710015438 0.041281275 0.034323396 -0.702136624
1769781792.026986 1.743549889 1.002167349 0.976991918 0.709930126 0.042988186 0.035969791 -0.702038037
1769781792.037578 1.744383919 1.002118259 0.976232391 0.709854533 0.044596178 0.037590036 -0.701929278
1769781792.048200 1.745242692 1.002074081 0.975536656 0.709770872 0.046069473 0.039149577 -0.701833473
1769781792.058955 1.746120942 1.002045192 0.974868318 0.709687244 0.047478694 0.040666972 -0.701737833
1769781792.069583 1.747038868 1.002008773 0.974223043 0.709607269 0.048812331 0.042152562 -0.701639538
1769781792.080174 1.747912040 1.001980729 0.973658981 0.709508192 0.050051410 0.043506331 -0.701569797
1769781792.090869 1.748795195 1.001943184 0.973092593 0.709426157 0.051259991 0.044799157 -0.701484124
1769781792.101561 1.749685423 1.001903405 0.972569766 0.709332584 0.052422116 0.046005915 -0.701414758
1769781792.112185 1.750586296 1.001868848 0.972072112 0.709255592 0.053484440 0.047130536 -0.701337745
1769781792.122873 1.751472321 1.001820161 0.971603553 0.709178245 0.054508252 0.048165948 -0.701266788
1769781792.133607 1.752371615 1.001775818 0.971164344 0.709096154 0.055508250 0.049101600 -0.701206468
1769781792.144220 1.753321323 1.001745900 0.970758142 0.709030377 0.056352500 0.050018611 -0.701140827
1769781792.154867 1.754273878 1.001716709 0.970388850 0.708966790 0.057122686 0.050848250 -0.701083123
1769781792.165689 1.755309415 1.001695604 0.970022154 0.708917770 0.057817527 0.051676000 -0.701015207
1769781792.176414 1.756299458 1.001674649 0.969702239 0.708876917 0.058406683 0.052387920 -0.700954836
1769781792.187525 1.757271984 1.001649691 0.969402613 0.708847164 0.058944707 0.053000501 -0.700893834
1769781792.198600 1.758326838 1.001621852 0.969115457 0.708823096 0.059442434 0.053544207 -0.700834812
1769781792.209354 1.759338458 1.001586873 0.968870547 0.708808595 0.059835949 0.053986000 -0.700782097
1769781792.220007 1.760316338 1.001556031 0.968683281 0.708781831 0.060167052 0.054307944 -0.700755941
1769781792.230533 1.761296874 1.001526784 0.968520982 0.708773317 0.060389385 0.054531813 -0.700728042
1769781792.241392 1.762354868 1.001512197 0.968412479 0.708760897 0.060464201 0.054725671 -0.700719040
1769781792.252199 1.763449724 1.001495735 0.968328627 0.708751817 0.060478515 0.054838186 -0.700718192
1769781792.262887 1.764545626 1.001479262 0.968282807 0.708738538 0.060404743 0.054927172 -0.700731016
1769781792.273544 1.765606840 1.001468523 0.968292437 0.708712325 0.060265883 0.054912045 -0.700770670
1769781792.284154 1.766685502 1.001435306 0.968296610 0.708718001 0.060059077 0.054780168 -0.700793004
1769781792.294739 1.767733949 1.001415045 0.968364160 0.708712079 0.059760906 0.054516742 -0.700845024
1769781792.305404 1.768788285 1.001393140 0.968447809 0.708726544 0.059366937 0.054141745 -0.700892947
1769781792.316350 1.769852767 1.001364279 0.968575209 0.708734104 0.058901661 0.053649894 -0.700962376
1769781792.327724 1.771038101 1.001360257 0.968747892 0.708753840 0.058255602 0.053042742 -0.701042614
1769781792.338485 1.772226532 1.001346562 0.968943372 0.708786987 0.057483901 0.052404846 -0.701120774
1769781792.349179 1.773345165 1.001340446 0.969176609 0.708810374 0.056662531 0.051674506 -0.701218195
1769781792.359938 1.774525681 1.001336618 0.969440235 0.708849159 0.055680697 0.050852158 -0.701317751
1769781792.370413 1.775680885 1.001322901 0.969728390 0.708891855 0.054635549 0.049936956 -0.701422551
1769781792.380924 1.776802139 1.001310533 0.970050882 0.708920524 0.053625450 0.048949622 -0.701541115
1769781792.391532 1.777941489 1.001301435 0.970406657 0.708941754 0.052646002 0.048021076 -0.701658011
1769781792.402003 1.779061475 1.001279624 0.970792020 0.708955027 0.051738863 0.047060348 -0.701777160
1769781792.412486 1.780229581 1.001278714 0.971189118 0.708974442 0.050808682 0.046185459 -0.701883624
1769781792.422949 1.781422816 1.001276549 0.971603104 0.709000363 0.049856804 0.045380311 -0.701978214
1769781792.433384 1.782639107 1.001279596 0.972049708 0.709019052 0.048922067 0.044558926 -0.702077714
1769781792.444038 1.783890909 1.001286148 0.972521208 0.709045092 0.047960137 0.043783033 -0.702166596
1769781792.454723 1.785099446 1.001274470 0.972979290 0.709084424 0.047067816 0.042999420 -0.702235680
1769781792.465306 1.786358890 1.001272261 0.973505921 0.709102068 0.046140440 0.042217638 -0.702326838
1769781792.475813 1.787564294 1.001268492 0.974038897 0.709116158 0.045290233 0.041439760 -0.702414276
1769781792.486407 1.788770935 1.001255445 0.974609281 0.709119562 0.044438434 0.040680982 -0.702509595
1769781792.497050 1.789999348 1.001259445 0.975253152 0.709088459 0.043595641 0.039914569 -0.702637748
1769781792.507551 1.791264891 1.001260801 0.975885323 0.709078408 0.042740149 0.039234358 -0.702738754
1769781792.518111 1.792567832 1.001269943 0.976548565 0.709059380 0.041887494 0.038603352 -0.702844232
1769781792.528699 1.793857418 1.001288481 0.977227358 0.709036553 0.041070730 0.037958134 -0.702950596
1769781792.539296 1.795163516 1.001286814 0.977902612 0.709033350 0.040278525 0.037340418 -0.703032746
1769781792.549950 1.796452428 1.001281569 0.978587234 0.709035819 0.039519061 0.036699798 -0.703107087
1769781792.560707 1.797738831 1.001284471 0.979327770 0.709006434 0.038781987 0.036023881 -0.703212709
1769781792.571404 1.799022322 1.001270217 0.980076298 0.708980454 0.038096727 0.035341334 -0.703310988
1769781792.582082 1.800293621 1.001267917 0.980892619 0.708907988 0.037432570 0.034674244 -0.703452887
1769781792.592860 1.801618827 1.001285180 0.981738127 0.708838298 0.036717115 0.034059147 -0.703590858
1769781792.603469 1.802958168 1.001286132 0.982581016 0.708774772 0.036026262 0.033462815 -0.703719171
1769781792.614153 1.804328846 1.001297389 0.983440710 0.708715863 0.035302411 0.032949598 -0.703839391
1769781792.624876 1.805665118 1.001303566 0.984283310 0.708676845 0.034648205 0.032413575 -0.703936070
1769781792.635399 1.806974475 1.001288145 0.985138693 0.708632468 0.034022813 0.031880073 -0.704035606
1769781792.646054 1.808248756 1.001272369 0.985988932 0.708583599 0.033424975 0.031333910 -0.704137941
1769781792.657291 1.809544834 1.001253968 0.986928340 0.708502827 0.032832372 0.030728382 -0.704273772
1769781792.667839 1.810909034 1.001245261 0.987917724 0.708397593 0.032199340 0.030154936 -0.704433625
1769781792.678519 1.812262908 1.001238227 0.988871608 0.708324889 0.031562018 0.029671994 -0.704556075
1769781792.689090 1.813575899 1.001228188 0.989818023 0.708248301 0.030961248 0.029207356 -0.704679130
1769781792.699768 1.814926026 1.001210834 0.990752381 0.708202446 0.030334718 0.028765846 -0.704770620
1769781792.710304 1.816248564 1.001189640 0.991713106 0.708150820 0.029666751 0.028307374 -0.704869486
1769781792.720926 1.817530519 1.001156001 0.992675805 0.708100151 0.029047912 0.027819611 -0.704965576
1769781792.731550 1.818827096 1.001117608 0.993721687 0.707991483 0.028509146 0.027357391 -0.705114786
1769781792.742185 1.820067896 1.001079186 0.994775738 0.707852660 0.028101207 0.026966440 -0.705285577
1769781792.752834 1.821351812 1.001045190 0.995828227 0.707703083 0.027762283 0.026753963 -0.705457176
1769781792.763495 1.822660400 1.001008669 0.996877804 0.707547310 0.027460353 0.026726870 -0.705626252
1769781792.774239 1.823984405 1.000960466 0.997922978 0.707395585 0.027268267 0.026798403 -0.705783093
1769781792.784860 1.825300294 1.000906432 0.999017570 0.707207214 0.027074922 0.026930638 -0.705974253
1769781792.795583 1.826586930 1.000852680 1.000158767 0.706972000 0.026867601 0.027060854 -0.706212740
1769781792.806420 1.827838783 1.000781755 1.001334593 0.706701446 0.026699182 0.027143880 -0.706486681
1769781792.816944 1.829050497 1.000713303 1.002495022 -0.706423721 -0.026496800 -0.027208025 0.706769530
1769781792.827594 1.830272539 1.000639897 1.003672796 -0.706126393 -0.026303539 -0.027294408 0.707070474
1769781792.838191 1.831521220 1.000569011 1.004845046 -0.705854761 -0.026055262 -0.027478495 0.707343702
1769781792.848819 1.832783299 1.000487764 1.006072594 -0.705545514 -0.025783803 -0.027656074 0.707655187
1769781792.859473 1.834010244 1.000401868 1.007288310 -0.705224311 -0.025485060 -0.027832206 0.707979202
1769781792.870155 1.835262112 1.000304985 1.008575934 -0.704880409 -0.025169687 -0.028045841 0.708324450
1769781792.881021 1.836462500 1.000202544 1.009882351 -0.704513276 -0.024911922 -0.028254663 0.708690422
1769781792.891973 1.837680306 1.000098081 1.011245778 -0.704126328 -0.024657973 -0.028481736 0.709074671
1769781792.902918 1.838821672 0.999982514 1.012560453 -0.703752135 -0.024468636 -0.028697128 0.709443932
1769781792.913749 1.840047541 0.999864854 1.013946209 -0.703363435 -0.024116011 -0.028950821 0.709831068
1769781792.924303 1.841188747 0.999744152 1.015262644 -0.703001067 -0.023735126 -0.029171280 0.710193762
1769781792.934883 1.842361476 0.999620276 1.016667223 -0.702597160 -0.023307656 -0.029391065 0.710598444
1769781792.945515 1.843536855 0.999494541 1.018113890 -0.702175111 -0.022893025 -0.029638467 0.711018695
1769781792.956172 1.844621099 0.999366999 1.019471733 -0.701794006 -0.022545921 -0.029884468 0.711395651
1769781792.967029 1.845758779 0.999222861 1.020975491 -0.701339480 -0.022143711 -0.030078394 0.711848214
1769781792.977778 1.846843994 0.999070391 1.022478738 -0.700872961 -0.021777435 -0.030223260 0.712312706
1769781792.988607 1.847922259 0.998919706 1.024039883 -0.700351570 -0.021417489 -0.030384737 0.712829388
1769781792.999219 1.849021385 0.998780780 1.025603904 -0.699828151 -0.021042313 -0.030593097 0.713345528
1769781793.009812 1.850098209 0.998643098 1.027171836 -0.699292139 -0.020677131 -0.030791269 0.713873138
1769781793.020406 1.851186444 0.998501955 1.028753699 -0.698779511 -0.020298707 -0.031034385 0.714375268
1769781793.031058 1.852260177 0.998345240 1.030388004 -0.698253382 -0.019893942 -0.031278934 0.714890253
1769781793.041780 1.853313161 0.998175150 1.032106666 -0.697700680 -0.019440239 -0.031483088 0.715433193
1769781793.052303 1.854304719 0.998010605 1.033769156 -0.697188257 -0.019015111 -0.031689954 0.715934848
1769781793.062965 1.855310660 0.997844804 1.035497240 -0.696681148 -0.018572276 -0.031950155 0.716428389
1769781793.073718 1.856363863 0.997671854 1.037228755 -0.696257594 -0.018057072 -0.032269985 0.716838861
1769781793.084419 1.857437058 0.997488613 1.039016639 -0.695842126 -0.017492726 -0.032656924 0.717238639
1769781793.095122 1.858512049 0.997307284 1.040823782 -0.695421259 -0.016929191 -0.033079986 0.717640850
1769781793.105789 1.859600460 0.997130061 1.042649195 -0.695043671 -0.016382184 -0.033569955 0.717996502
1769781793.116428 1.860714808 0.996973333 1.044489149 -0.694707676 -0.015757143 -0.034078215 0.718311654
1769781793.126937 1.861784665 0.996804713 1.046328085 -0.694415730 -0.015128751 -0.034544919 0.718585112
1769781793.137483 1.862831385 0.996631986 1.048225761 -0.694095405 -0.014500447 -0.034978672 0.718886499
1769781793.148117 1.863874257 0.996463594 1.050174319 -0.693747677 -0.013907166 -0.035418190 0.719212280
1769781793.158909 1.864967652 0.996308604 1.052147047 -0.693430818 -0.013278728 -0.035898869 0.719505835
1769781793.169559 1.866122975 0.996172060 1.054123966 -0.693205531 -0.012546296 -0.036419434 0.719709877
1769781793.180182 1.867259837 0.996025225 1.056154949 -0.692937740 -0.011820870 -0.036900701 0.719955481
1769781793.190842 1.868423451 0.995871470 1.058240861 -0.692663273 -0.011106190 -0.037426090 0.720203812
1769781793.201555 1.869608011 0.995726456 1.060385845 -0.692407431 -0.010426044 -0.037994199 0.720430211
1769781793.212168 1.870747648 0.995617450 1.062481968 -0.692179556 -0.009763579 -0.038527919 0.720630095
1769781793.222977 1.871874914 0.995481011 1.064587683 -0.692024502 -0.009119142 -0.039028757 0.720760492
1769781793.233698 1.873051467 0.995338055 1.066822436 -0.691762123 -0.008427611 -0.039490873 0.720995569
1769781793.244190 1.874267142 0.995222588 1.069068137 -0.691507530 -0.007668369 -0.039937034 0.721223659
1769781793.254993 1.875477778 0.995115588 1.071198667 -0.691384087 -0.006935273 -0.040406526 0.721323269
1769781793.265572 1.876760774 0.995023534 1.073493426 -0.691216380 -0.006185658 -0.040946492 0.721460351
1769781793.276053 1.878025293 0.994914515 1.075787679 -0.691062873 -0.005513895 -0.041485243 0.721582065
1769781793.287227 1.879272257 0.994804642 1.078145129 -0.690895363 -0.004856076 -0.041952117 0.721720192
1769781793.297781 1.880532046 0.994718135 1.080508289 -0.690769675 -0.004174799 -0.042343556 0.721821897
1769781793.308339 1.881832277 0.994645934 1.082801303 -0.690706668 -0.003475649 -0.042792300 0.721859431
1769781793.319059 1.883201075 0.994565604 1.085218642 -0.690585989 -0.002799119 -0.043306056 0.721947188
1769781793.329662 1.884573391 0.994489241 1.087628836 -0.690473376 -0.002191201 -0.043818660 0.722026067
1769781793.340297 1.885937739 0.994428133 1.090030385 -0.690412306 -0.001602038 -0.044293646 0.722057030
1769781793.350957 1.887267073 0.994383446 1.092421404 -0.690404337 -0.001058585 -0.044701788 0.722040498
1769781793.361671 1.888657476 0.994333126 1.094942686 -0.690292438 -0.000502990 -0.045112183 0.722122557
1769781793.372191 1.890102001 0.994287793 1.097417981 -0.690234662 0.000049860 -0.045539155 0.722151158
1769781793.382712 1.891550412 0.994246130 1.099863887 -0.690184666 0.000567742 -0.045941157 0.722173258
1769781793.393440 1.893033245 0.994215279 1.102294367 -0.690243683 0.001037589 -0.046379745 0.722088291
1769781793.404015 1.894449485 0.994179202 1.104727386 -0.690321261 0.001395690 -0.046761247 0.721988915
1769781793.414715 1.895962040 0.994148694 1.107305121 -0.690280082 0.001816090 -0.047104840 0.722005017
1769781793.425617 1.897499925 0.994130583 1.109818234 -0.690326213 0.002209961 -0.047437557 0.721938026
1769781793.436369 1.899083648 0.994133257 1.112300893 -0.690465159 0.002581855 -0.047792793 0.721780470
1769781793.446967 1.900660498 0.994134414 1.114815742 -0.690594425 0.002843978 -0.048153165 0.721631848
1769781793.457457 1.902116803 0.994124404 1.117305631 -0.690640895 0.002980934 -0.048403926 0.721570044
1769781793.468040 1.903704941 0.994139670 1.119886516 -0.690663729 0.003163258 -0.048677544 0.721529004
1769781793.478526 1.905279137 0.994167041 1.122312320 -0.690789419 0.003303391 -0.048949213 0.721389660
1769781793.489189 1.906898063 0.994188352 1.124785055 -0.690943543 0.003380923 -0.049204531 0.721224309
1769781793.499705 1.908452826 0.994193797 1.127295473 -0.691076566 0.003334644 -0.049373839 0.721085490
1769781793.510374 1.910043251 0.994205398 1.129769710 -0.691223451 0.003310712 -0.049525641 0.720934387
1769781793.521118 1.911715892 0.994234750 1.132279290 -0.691426002 0.003208367 -0.049677047 0.720730172
1769781793.531876 1.913380440 0.994286137 1.134730443 -0.691624559 0.003066482 -0.049817761 0.720530539
1769781793.542531 1.915002121 0.994351761 1.137199379 -0.691859398 0.002785321 -0.049894694 0.720300864
1769781793.553173 1.916618121 0.994399956 1.139715794 -0.692012907 0.002429123 -0.049928418 0.720152337
1769781793.564042 1.918302630 0.994401739 1.142309973 -0.692099423 0.002072789 -0.050000296 0.720065318
1769781793.574896 1.920020168 0.994413031 1.144819564 -0.692387689 0.001666996 -0.049983762 0.719790340
1769781793.585838 1.921689781 0.994509955 1.147135124 -0.692790553 0.001234590 -0.049732657 0.719420870
1769781793.596420 1.923316814 0.994744822 1.149139726 -0.693200850 0.000919861 -0.049246827 0.719059445
1769781793.606933 1.924937799 0.995142714 1.150828398 -0.693645098 0.000718566 -0.048599572 0.718675200
1769781793.617428 1.926623352 0.995710024 1.152309897 -0.694191690 0.000629917 -0.047839681 0.718198347
1769781793.627912 1.928265457 0.996359869 1.153489832 -0.695082018 0.000519290 -0.046958670 0.717395011
1769781793.638447 1.929875914 0.997028165 1.154456971 -0.696277527 0.000387780 -0.046008036 0.716296528
1769781793.649050 1.931550764 0.997691665 1.155315464 -0.697654040 0.000323469 -0.045054528 0.715016661
1769781793.659664 1.933273911 0.998356595 1.156155968 -0.699199809 0.000265126 -0.044102454 0.713564665
1769781793.670107 1.934968893 0.998999619 1.156972008 -0.700792408 0.000215447 -0.043174295 0.712057536
1769781793.680629 1.936647422 0.999647651 1.157868568 -0.702327700 0.000114380 -0.042193322 0.710602218
1769781793.691141 1.938312271 1.000257037 1.158738295 -0.703822041 0.000044282 -0.041243592 0.709178045
1769781793.701660 1.940059038 1.000872499 1.159610467 -0.705348514 0.000021902 -0.040279836 0.707715344
1769781793.712117 1.941826157 1.001455919 1.160533322 0.706716042 -0.000044963 0.039390502 -0.706399903
1769781793.722572 1.943506205 1.002022219 1.161434338 0.708072923 -0.000004312 0.038463678 -0.705090973
1769781793.733162 1.945196232 1.002589025 1.162400318 0.709334948 0.000039650 0.037528047 -0.703871846
1769781793.743685 1.946954116 1.003147039 1.163457575 0.710462963 0.000041942 0.036652832 -0.702779444
1769781793.754959 1.948803981 1.003711374 1.164550912 0.711599782 0.000041944 0.035782435 -0.701673262
1769781793.765381 1.950620143 1.004228635 1.165669235 0.712523725 -0.000012716 0.035004281 -0.700774315
1769781793.775816 1.952277850 1.004710167 1.166724173 0.713433208 0.000010158 0.034164791 -0.699889866
1769781793.786350 1.953988679 1.005195725 1.167804575 0.714308750 0.000007584 0.033357933 -0.699035234
1769781793.796814 1.955760683 1.005665672 1.168949050 0.715058627 -0.000063822 0.032614003 -0.698303288
1769781793.807994 1.957554405 1.006134065 1.170143674 0.715774606 -0.000144473 0.031865466 -0.697603960
1769781793.818693 1.959425101 1.006603690 1.171393055 0.716450851 -0.000230391 0.031118433 -0.696943160
1769781793.829472 1.961094252 1.007030718 1.172564373 0.717057074 -0.000251031 0.030365598 -0.696352655
1769781793.840260 1.962849558 1.007453861 1.173744805 0.717744123 -0.000289385 0.029595851 -0.695677638
1769781793.850807 1.964647561 1.007858663 1.174911845 0.718384257 -0.000371381 0.028918907 -0.695045048
1769781793.861428 1.966398804 1.008225533 1.176098604 0.718906324 -0.000464031 0.028312122 -0.694529989
1769781793.871979 1.968150676 1.008600891 1.177321427 0.719421153 -0.000531537 0.027679240 -0.694022176
1769781793.882532 1.969818855 1.008971375 1.178493657 0.719961963 -0.000533956 0.026982799 -0.693488584
1769781793.893089 1.971483368 1.009308509 1.179656493 0.720465359 -0.000563674 0.026311031 -0.692991399
1769781793.906111 1.973464244 1.009673693 1.180969970 0.721066029 -0.000639094 0.025589212 -0.692393361
1769781793.917124 1.975377349 1.010001476 1.182223471 0.721586769 -0.000763784 0.024965941 -0.691873292
1769781793.928452 1.977091884 1.010300215 1.183393129 0.722023633 -0.000830418 0.024377145 -0.691438311
1769781793.940873 1.978867111 1.010606735 1.184663396 0.722433955 -0.000871371 0.023715318 -0.691032565
1769781793.952471 1.980936858 1.010955093 1.186106173 0.722980735 -0.000889925 0.022887659 -0.690488392
1769781793.963259 1.982667069 1.011193003 1.187264009 0.723341327 -0.000989636 0.022353487 -0.690128007
1769781793.974023 1.984371255 1.011419429 1.188394710 0.723705174 -0.001057245 0.021811272 -0.689763707
1769781793.984627 1.986060875 1.011634749 1.189515297 0.724068350 -0.001117084 0.021267370 -0.689399359
1769781793.995572 1.987718161 1.011844404 1.190640584 0.724410273 -0.001166940 0.020699916 -0.689057260
1769781794.006444 1.989308198 1.012056357 1.191787748 0.724680781 -0.001179777 0.020092551 -0.688790725
1769781794.017342 1.990979339 1.012237561 1.192951975 0.724896212 -0.001260894 0.019554210 -0.688579352
1769781794.028126 1.992642580 1.012389256 1.194038547 0.725148401 -0.001348893 0.019061333 -0.688327424
1769781794.038974 1.994322097 1.012529675 1.195132422 0.725392567 -0.001434668 0.018542596 -0.688084106
1769781794.049840 1.995974628 1.012659061 1.196220587 0.725584163 -0.001512346 0.018059481 -0.687894753
1769781794.060721 1.997576218 1.012777156 1.197304588 0.725743710 -0.001560370 0.017578338 -0.687738784
1769781794.071440 1.999091837 1.012900598 1.198369516 0.725892188 -0.001536628 0.017060843 -0.687595155
1769781794.082111 2.000628319 1.013004493 1.199430755 0.725989622 -0.001550719 0.016605337 -0.687503401
1769781794.092757 2.002198250 1.013074576 1.200455897 0.726068313 -0.001602570 0.016219931 -0.687429379
1769781794.103467 2.003764751 1.013130731 1.201467598 0.726130024 -0.001666943 0.015811194 -0.687373563
1769781794.114366 2.005357328 1.013168560 1.202486521 0.726156658 -0.001770218 0.015433707 -0.687353748
1769781794.125314 2.006894078 1.013209248 1.203479600 0.726202241 -0.001802930 0.015001491 -0.687315073
1769781794.136430 2.008426729 1.013234904 1.204482813 0.726215884 -0.001813571 0.014577410 -0.687309755
1769781794.147187 2.009912952 1.013255445 1.205466179 0.726205521 -0.001806994 0.014136240 -0.687329937
1769781794.157858 2.011358547 1.013250853 1.206391584 0.726154111 -0.001851255 0.013785927 -0.687391248
1769781794.168532 2.012906913 1.013227617 1.207369790 0.726037880 -0.001941843 0.013484265 -0.687519745
1769781794.179034 2.014359629 1.013194015 1.208258550 0.725944324 -0.001996436 0.013160969 -0.687624637
1769781794.189791 2.015803777 1.013141352 1.209125305 0.725845407 -0.002033851 0.012858154 -0.687734670
1769781794.200311 2.017196722 1.013090429 1.209972460 0.725742962 -0.002027608 0.012522812 -0.687848982
1769781794.210790 2.018542997 1.013028950 1.210796546 0.725607508 -0.002010337 0.012210075 -0.687997541
1769781794.221358 2.019890652 1.012958327 1.211618447 0.725438121 -0.001991633 0.011908911 -0.688181476
1769781794.232062 2.021306176 1.012858327 1.212425312 0.725270734 -0.002011512 0.011645228 -0.688362335
1769781794.242530 2.022688730 1.012744724 1.213189231 0.725092794 -0.002036802 0.011414764 -0.688553553
1769781794.253716 2.024078931 1.012623789 1.213960190 0.724895338 -0.002041078 0.011181314 -0.688765244
1769781794.264541 2.025541950 1.012483604 1.214769070 0.724624041 -0.002069930 0.011003573 -0.689053435
1769781794.275040 2.026815928 1.012356375 1.215481658 0.724370859 -0.002034087 0.010792235 -0.689323036
1769781794.285547 2.028098083 1.012209295 1.216175379 0.724107155 -0.001985556 0.010574695 -0.689603554
1769781794.296322 2.029338343 1.012057194 1.216836841 0.723838318 -0.001916796 0.010356000 -0.689889244
1769781794.307140 2.030633278 1.011882531 1.217496929 0.723554490 -0.001865095 0.010144295 -0.690190202
1769781794.317913 2.031959851 1.011682410 1.218126085 0.723245491 -0.001874452 0.010003153 -0.690516027
1769781794.330734 2.033170022 1.011496912 1.218685670 0.722951193 -0.001868679 0.009868568 -0.690826094
1769781794.345154 2.034926716 1.011217804 1.219453545 0.722495492 -0.001832999 0.009695480 -0.691305216
1769781794.358780 2.036180356 1.011020813 1.219966598 0.722162677 -0.001775059 0.009550356 -0.691655050
1769781794.370510 2.038057598 1.010734456 1.220656889 0.721663165 -0.001716925 0.009307631 -0.692179671
1769781794.381442 2.039237427 1.010562533 1.221032978 0.721362068 -0.001665297 0.009100284 -0.692496338
1769781794.392222 2.040445095 1.010385649 1.221358708 0.721062040 -0.001651541 0.008927569 -0.692811017
1769781794.402994 2.041675821 1.010202365 1.221624778 0.720774223 -0.001667323 0.008785655 -0.693112221
1769781794.413803 2.042920474 1.010018077 1.221853128 0.720477351 -0.001704657 0.008679490 -0.693422056
1769781794.424468 2.044063627 1.009857235 1.222023761 0.720201819 -0.001699176 0.008558949 -0.693709736
1769781794.435004 2.045222980 1.009690923 1.222136030 0.719939772 -0.001686042 0.008436431 -0.693983219
1769781794.445619 2.046333194 1.009539063 1.222206939 0.719690117 -0.001659053 0.008307130 -0.694243743
1769781794.456064 2.047405419 1.009403304 1.222235504 0.719449557 -0.001618661 0.008155935 -0.694494921
1769781794.466604 2.048489966 1.009256130 1.222200578 0.719240334 -0.001592345 0.008016471 -0.694713280
1769781794.477046 2.049528975 1.009123108 1.222114757 0.719051223 -0.001518656 0.007837921 -0.694911217
1769781794.487696 2.050621373 1.008979242 1.221985964 0.718842601 -0.001518649 0.007691884 -0.695128653
1769781794.498189 2.051714219 1.008834396 1.221809228 0.718645893 -0.001537138 0.007572375 -0.695333284
1769781794.508781 2.052782816 1.008692405 1.221581289 0.718466919 -0.001538137 0.007449185 -0.695519540
1769781794.519305 2.053837816 1.008554074 1.221309755 0.718299447 -0.001529250 0.007341273 -0.695693662
1769781794.529844 2.054852456 1.008432405 1.220997927 0.718157400 -0.001479838 0.007193196 -0.695841948
1769781794.540461 2.055868072 1.008311184 1.220654436 0.718027040 -0.001413237 0.007042092 -0.695978147
1769781794.551158 2.056867691 1.008196369 1.220263229 0.717925314 -0.001336999 0.006865015 -0.696085000
1769781794.561782 2.057850484 1.008082238 1.219830672 0.717845538 -0.001261869 0.006676166 -0.696169247
1769781794.572634 2.058803971 1.007980547 1.219346137 0.717776918 -0.001130229 0.006443907 -0.696242410
1769781794.583238 2.059746381 1.007869229 1.218822523 0.717741379 -0.001028427 0.006227523 -0.696281174
1769781794.593888 2.060722997 1.007744044 1.218246542 0.717705522 -0.000950200 0.006059606 -0.696319727
1769781794.604783 2.061710530 1.007618344 1.217615066 0.717655500 -0.000865750 0.005882973 -0.696372907
1769781794.615353 2.062663377 1.007491484 1.216940590 0.717592437 -0.000819432 0.005728597 -0.696439233
1769781794.626080 2.063573997 1.007382761 1.216244872 0.717487145 -0.000769712 0.005577616 -0.696548989
1769781794.636578 2.064471166 1.007280451 1.215514381 0.717357946 -0.000721645 0.005436776 -0.696683212
1769781794.647183 2.065356978 1.007174690 1.214744586 0.717222645 -0.000692557 0.005316816 -0.696823457
1769781794.658008 2.066231392 1.007069195 1.213933949 0.717043785 -0.000670086 0.005228730 -0.697008193
1769781794.668526 2.067117837 1.006977360 1.213063031 0.716865594 -0.000660280 0.005154202 -0.697192024
1769781794.679049 2.067938180 1.006893565 1.212187927 0.716700414 -0.000642178 0.005065941 -0.697362489
1769781794.689972 2.068779382 1.006802467 1.211240216 0.716512153 -0.000622257 0.004976945 -0.697556577
1769781794.702143 2.069596914 1.006701536 1.210322386 0.716327738 -0.000647282 0.004940095 -0.697746192
1769781794.713774 2.070692615 1.006562520 1.209043273 0.716082765 -0.000724550 0.004896391 -0.697997833
1769781794.724547 2.071547696 1.006449704 1.207997572 0.715870661 -0.000795506 0.004865010 -0.698215508
1769781794.735472 2.072370917 1.006342452 1.206915319 0.715637004 -0.000853468 0.004818756 -0.698455245
1769781794.746410 2.073177103 1.006241989 1.205793076 0.715400233 -0.000904812 0.004785894 -0.698697920
1769781794.757047 2.073959921 1.006142167 1.204651663 0.715164923 -0.000940925 0.004758626 -0.698938912
1769781794.767582 2.074740302 1.006042872 1.203453747 0.714964723 -0.001017973 0.004740102 -0.699143720
1769781794.778155 2.075480262 1.005957490 1.202258268 0.714728742 -0.001071040 0.004705422 -0.699385113
1769781794.788589 2.076185131 1.005880536 1.201016062 0.714549952 -0.001109648 0.004656259 -0.699568049
1769781794.799112 2.076896533 1.005799638 1.199712334 0.714398548 -0.001143127 0.004604595 -0.699722949
1769781794.809609 2.077567845 1.005722599 1.198399370 0.714264593 -0.001147479 0.004537000 -0.699860122
1769781794.820300 2.078259870 1.005634011 1.197006181 0.714141779 -0.001157899 0.004455211 -0.699985950
1769781794.830921 2.078957498 1.005541007 1.195624143 0.713989491 -0.001199693 0.004417241 -0.700141454
1769781794.841487 2.079651362 1.005445210 1.194237728 0.713785913 -0.001268760 0.004421334 -0.700348850
1769781794.851889 2.080316838 1.005345209 1.192854289 0.713578051 -0.001352360 0.004419276 -0.700560495
1769781794.862523 2.080966958 1.005252693 1.191401633 0.713426221 -0.001452599 0.004393369 -0.700715075
1769781794.873289 2.081611209 1.005170109 1.189855549 0.713264581 -0.001506479 0.004364329 -0.700879676
1769781794.883793 2.082213326 1.005103014 1.188297079 0.713158067 -0.001542051 0.004316343 -0.700988276
1769781794.894356 2.082813590 1.005030404 1.186691480 0.713065960 -0.001574761 0.004258461 -0.701082251
1769781794.904905 2.083382639 1.004958246 1.185089275 0.712958030 -0.001595638 0.004193256 -0.701192355
1769781794.915447 2.083941965 1.004885853 1.183431729 0.712881883 -0.001638651 0.004112100 -0.701270152
1769781794.926118 2.084479349 1.004805764 1.181819522 0.712743843 -0.001668304 0.004056823 -0.701410702
1769781794.936674 2.085021731 1.004725791 1.180120884 0.712614050 -0.001707923 0.004010053 -0.701542742
1769781794.947194 2.085529611 1.004660049 1.178454542 0.712500117 -0.001743026 0.003954628 -0.701658682
1769781794.957851 2.086023908 1.004601759 1.176762193 0.712367482 -0.001753487 0.003908578 -0.701793573
1769781794.968454 2.086505159 1.004545575 1.174956138 0.712305983 -0.001749456 0.003832854 -0.701856420
1769781794.979190 2.086996816 1.004474743 1.173123178 0.712242483 -0.001773486 0.003766858 -0.701921157
1769781794.989835 2.087501664 1.004394133 1.171292279 0.712152874 -0.001839052 0.003749953 -0.702011994
1769781795.000651 2.087993216 1.004304777 1.169413039 0.712048641 -0.001869141 0.003761835 -0.702117575
1769781795.011337 2.088450595 1.004226259 1.167583697 0.711942226 -0.001892701 0.003778775 -0.702225323
1769781795.022009 2.088883502 1.004156812 1.165689291 0.711847892 -0.001916374 0.003768662 -0.702320940
1769781795.032868 2.089300973 1.004092496 1.163707815 0.711772367 -0.001896135 0.003738947 -0.702397695
1769781795.043533 2.089709617 1.004039891 1.161714421 0.711716154 -0.001923022 0.003695380 -0.702454812
1769781795.054108 2.090087587 1.003981998 1.159813982 0.711617368 -0.001939441 0.003666803 -0.702554990
1769781795.064968 2.090479152 1.003919188 1.157786236 0.711559890 -0.001974108 0.003631654 -0.702613291
1769781795.075568 2.090822132 1.003847777 1.155859109 0.711445344 -0.001980947 0.003608439 -0.702729378
1769781795.086040 2.091163767 1.003780403 1.153865608 0.711354935 -0.002015276 0.003566766 -0.702821011
1769781795.096604 2.091478318 1.003722285 1.151847991 0.711287756 -0.002044972 0.003508568 -0.702889206
1769781795.107181 2.091787337 1.003674850 1.149809358 0.711228167 -0.002066113 0.003469394 -0.702949634
1769781795.118018 2.092090307 1.003617428 1.147663447 0.711225555 -0.002087424 0.003409989 -0.702952505
1769781795.128549 2.092365457 1.003560076 1.145592752 0.711202609 -0.002073783 0.003357154 -0.702976016
1769781795.138962 2.092623858 1.003498780 1.143524557 0.711157506 -0.002057195 0.003325384 -0.703021843
1769781795.149662 2.092877487 1.003442375 1.141418640 0.711079516 -0.002059408 0.003294304 -0.703100866
1769781795.160326 2.093093450 1.003404422 1.139374435 0.710989088 -0.002063418 0.003256300 -0.703192474
1769781795.170841 2.093347611 1.003354021 1.137228912 0.710922284 -0.002112125 0.003270589 -0.703259801
1769781795.181402 2.093579948 1.003295620 1.135057535 0.710879399 -0.002160898 0.003256626 -0.703303068
1769781795.191972 2.093812269 1.003232502 1.132896546 0.710835934 -0.002223842 0.003267825 -0.703346750
1769781795.202423 2.094006129 1.003168087 1.130767906 0.710768371 -0.002255706 0.003260238 -0.703414959
1769781795.212893 2.094193124 1.003107460 1.128607370 0.710718840 -0.002318001 0.003248112 -0.703464858
1769781795.223556 2.094367099 1.003051814 1.126452281 0.710626081 -0.002354421 0.003282365 -0.703558282
1769781795.234149 2.094519880 1.003009582 1.124235611 0.710612631 -0.002382161 0.003263945 -0.703571859
1769781795.244669 2.094657063 1.002964890 1.122009559 0.710592838 -0.002387318 0.003247043 -0.703591910
1769781795.255181 2.094761010 1.002926910 1.119862639 0.710537798 -0.002367558 0.003224466 -0.703647664
1769781795.265708 2.094868702 1.002869595 1.117670247 0.710485393 -0.002402999 0.003208488 -0.703700531
1769781795.276205 2.094957989 1.002819302 1.115524523 0.710396660 -0.002418804 0.003224919 -0.703789979
1769781795.286838 2.095037326 1.002778848 1.113296421 0.710361176 -0.002454513 0.003223428 -0.703825678
1769781795.297409 2.095110432 1.002734975 1.110981832 0.710366569 -0.002471588 0.003204901 -0.703820259
1769781795.307939 2.095151475 1.002697196 1.108774384 0.710362232 -0.002443744 0.003178364 -0.703824855
1769781795.318452 2.095182496 1.002638305 1.106532401 0.710362420 -0.002455820 0.003138624 -0.703824801
1769781795.329060 2.095198931 1.002587898 1.104334112 0.710313094 -0.002471515 0.003107359 -0.703874665
1769781795.339883 2.095214143 1.002548003 1.102052659 0.710273970 -0.002503091 0.003108380 -0.703914029
1769781795.350758 2.095217885 1.002518133 1.099700105 0.710248883 -0.002553800 0.003081735 -0.703939276
1769781795.361291 2.095203885 1.002487278 1.097484294 0.710233896 -0.002581091 0.003061478 -0.703954387
1769781795.371849 2.095177669 1.002432086 1.095236342 0.710205153 -0.002600325 0.003049223 -0.703983367
1769781795.382361 2.095138219 1.002377168 1.093043117 0.710154977 -0.002616694 0.003048508 -0.704033926
1769781795.393004 2.095080752 1.002341473 1.090820968 0.710116963 -0.002656155 0.003037892 -0.704072166
1769781795.403688 2.095017878 1.002308506 1.088515773 0.710105329 -0.002704080 0.003037433 -0.704083719
1769781795.414302 2.094939292 1.002264707 1.086208036 0.710148103 -0.002735634 0.002987575 -0.704040669
1769781795.424955 2.094833751 1.002219062 1.083965725 0.710131102 -0.002749646 0.002946087 -0.704057936
1769781795.435894 2.094713412 1.002173471 1.081663264 0.710098036 -0.002768880 0.002909375 -0.704091364
1769781795.446924 2.094577799 1.002139492 1.079391132 0.710080838 -0.002783188 0.002882077 -0.704108763
1769781795.458004 2.094447434 1.002113848 1.077057951 0.710069268 -0.002814579 0.002885563 -0.704120292
1769781795.468668 2.094301291 1.002079207 1.074737337 0.710074945 -0.002865159 0.002868546 -0.704114433
1769781795.479187 2.094146056 1.002038197 1.072549077 0.710033622 -0.002876385 0.002892903 -0.704155958
1769781795.489848 2.093976658 1.001997195 1.070401050 0.709980736 -0.002876473 0.002943436 -0.704209071
1769781795.500415 2.093787394 1.001959504 1.068180329 0.709946733 -0.002889499 0.002967551 -0.704243197
1769781795.510989 2.093590967 1.001933114 1.065971965 0.709971142 -0.002916378 0.002951283 -0.704218547
1769781795.521652 2.093383932 1.001896366 1.063773756 0.709979123 -0.002957942 0.002937173 -0.704210386
1769781795.532316 2.093164155 1.001853594 1.061559267 0.709968172 -0.003006464 0.002943662 -0.704221194
1769781795.542905 2.092933176 1.001812230 1.059425553 0.709921354 -0.003050866 0.002968378 -0.704268097
1769781795.553423 2.092686747 1.001784153 1.057291376 0.709886638 -0.003065904 0.003008014 -0.704302856
1769781795.564209 2.092432653 1.001752474 1.055074204 0.709924715 -0.003109858 0.003004629 -0.704264297
1769781795.574687 2.092165654 1.001721561 1.052936246 0.709921042 -0.003136615 0.003011858 -0.704267850
1769781795.585235 2.091878740 1.001683824 1.050821278 0.709933483 -0.003155915 0.002979255 -0.704255361
1769781795.595758 2.091596745 1.001645764 1.048778242 0.709893489 -0.003202201 0.002980189 -0.704295462
1769781795.606410 2.091314882 1.001620891 1.046741392 0.709832512 -0.003253313 0.003004394 -0.704356582
1769781795.616931 2.091010107 1.001590417 1.044644359 0.709868802 -0.003306758 0.002969238 -0.704319908
1769781795.627555 2.090700855 1.001552612 1.042580103 0.709883816 -0.003342255 0.002958334 -0.704304654
1769781795.638129 2.090369378 1.001512558 1.040499587 0.709905264 -0.003350558 0.002962361 -0.704282979
1769781795.648783 2.090025440 1.001467089 1.038452917 0.709889514 -0.003362482 0.002983127 -0.704298709
1769781795.659356 2.089690076 1.001436205 1.036499937 0.709871471 -0.003394036 0.003003522 -0.704316658
1769781795.669935 2.089316904 1.001401314 1.034448689 0.709901052 -0.003437098 0.002979697 -0.704286734
1769781795.680627 2.088930900 1.001373587 1.032434943 0.709919559 -0.003473942 0.002957484 -0.704267992
1769781795.691190 2.088530303 1.001346890 1.030460881 0.709947411 -0.003478043 0.002913370 -0.704240079
1769781795.701823 2.088092527 1.001310252 1.028495261 0.709945257 -0.003436323 0.002915266 -0.704242447
1769781795.712529 2.087655333 1.001287323 1.026564414 0.709943603 -0.003399683 0.002914034 -0.704244298
1769781795.723281 2.087211595 1.001257516 1.024667918 0.709950370 -0.003365839 0.002910601 -0.704237653
1769781795.733807 2.086744526 1.001239961 1.022707347 0.709990643 -0.003301952 0.002918349 -0.704197321
1769781795.744314 2.086286427 1.001217285 1.020834457 0.710008922 -0.003259465 0.002943654 -0.704178984
1769781795.755012 2.085826686 1.001191312 1.019028209 0.709996134 -0.003226685 0.002983628 -0.704191860
1769781795.765671 2.085339585 1.001159611 1.017176114 0.709981974 -0.003224176 0.003008307 -0.704206043
1769781795.776307 2.084860486 1.001139544 1.015425875 0.709957163 -0.003248463 0.003004777 -0.704230960
1769781795.786963 2.084346348 1.001123797 1.013631064 0.709965492 -0.003261011 0.002963173 -0.704222682
1769781795.797560 2.083821030 1.001103107 1.011829122 0.709995634 -0.003247520 0.002943249 -0.704192438
1769781795.808209 2.083302412 1.001073936 1.010082335 0.710015067 -0.003234688 0.002928761 -0.704172964
1769781795.818835 2.082745341 1.001041544 1.008311636 0.710038912 -0.003230522 0.002892123 -0.704149091
1769781795.829711 2.082191925 1.001012752 1.006625221 0.710021462 -0.003250028 0.002886869 -0.704166619
1769781795.840451 2.081637887 1.000995365 1.004955838 0.710006427 -0.003279892 0.002889408 -0.704181630
1769781795.851195 2.081064313 1.000971047 1.003274509 0.710017983 -0.003298438 0.002875546 -0.704169948
1769781795.861839 2.080487530 1.000950508 1.001613709 0.710059275 -0.003330811 0.002824989 -0.704128363
1769781795.872872 2.079874315 1.000918660 0.999941903 0.710082135 -0.003330039 0.002776602 -0.704105505
1769781795.883774 2.079253258 1.000898985 0.998327812 0.710098234 -0.003313769 0.002741266 -0.704089485
1769781795.894809 2.078622446 1.000864931 0.996738482 0.710102760 -0.003290871 0.002718945 -0.704085114
1769781795.905652 2.077978474 1.000860488 0.995217378 0.710082223 -0.003242462 0.002709553 -0.704106087
1769781795.916332 2.077333285 1.000831296 0.993698024 0.710107130 -0.003224151 0.002659075 -0.704081244
1769781795.926812 2.076694689 1.000813721 0.992251899 0.710125785 -0.003205563 0.002609891 -0.704062698
1769781795.937250 2.076045567 1.000789289 0.990791488 0.710147654 -0.003227060 0.002566172 -0.704040702
1769781795.947643 2.075388344 1.000769656 0.989399343 0.710160811 -0.003229843 0.002522900 -0.704027575
1769781795.958244 2.074746437 1.000753259 0.988063775 0.710152796 -0.003224036 0.002527271 -0.704035670
1769781795.968770 2.074060802 1.000726694 0.986711404 0.710156755 -0.003216011 0.002484190 -0.704031867
1769781795.979425 2.073402946 1.000708223 0.985446286 0.710124952 -0.003215023 0.002530002 -0.704063786
1769781795.990201 2.072699338 1.000695779 0.984156922 0.710120799 -0.003191408 0.002537391 -0.704068056
1769781796.000820 2.071960107 1.000682881 0.982864214 0.710120079 -0.003146457 0.002533737 -0.704068997
1769781796.011563 2.071213821 1.000671364 0.981604492 0.710148791 -0.003077998 0.002505907 -0.704040440
1769781796.022261 2.070456418 1.000653371 0.980364476 0.710176017 -0.003006220 0.002470150 -0.704013413
1769781796.032952 2.069684286 1.000634022 0.979153915 0.710195686 -0.002936597 0.002437992 -0.703993977
1769781796.043524 2.068926705 1.000615551 0.977989328 0.710212217 -0.002880215 0.002409281 -0.703977632
1769781796.055020 2.068161866 1.000599102 0.976876096 0.710213755 -0.002842988 0.002399248 -0.703976266
1769781796.065558 2.067303221 1.000586953 0.975707682 0.710213690 -0.002778017 0.002353426 -0.703976746
1769781796.076047 2.066533487 1.000573676 0.974697775 0.710190758 -0.002739265 0.002341060 -0.704000074
1769781796.087783 2.065722819 1.000553432 0.973654046 0.710198115 -0.002706887 0.002301371 -0.703992907
1769781796.098673 2.064823884 1.000545597 0.972556325 0.710190872 -0.002681613 0.002271477 -0.704000409
1769781796.109200 2.064033751 1.000522344 0.971618486 0.710190384 -0.002668693 0.002249753 -0.704001019
1769781796.119678 2.063206577 1.000514348 0.970687080 0.710200967 -0.002649576 0.002205017 -0.703990556
1769781796.130187 2.062393466 1.000498598 0.969794172 0.710215223 -0.002652145 0.002160606 -0.703976303
1769781796.141138 2.061538421 1.000473518 0.968905825 0.710216420 -0.002666663 0.002120684 -0.703975162
1769781796.151877 2.060684814 1.000460908 0.968062409 0.710210275 -0.002677420 0.002125673 -0.703981305
1769781796.162473 2.059842793 1.000435188 0.967253136 0.710224858 -0.002713107 0.002111212 -0.703966500
1769781796.172934 2.058967994 1.000427089 0.966502435 0.710213284 -0.002708165 0.002077053 -0.703978297
1769781796.183525 2.058065917 1.000424382 0.965772975 0.710216290 -0.002659698 0.002023094 -0.703975606
1769781796.194151 2.057152647 1.000421612 0.965089380 0.710208986 -0.002601484 0.001968785 -0.703983347
1769781796.204679 2.056225245 1.000428314 0.964452748 0.710178737 -0.002545352 0.001904292 -0.704014244
1769781796.215316 2.055297537 1.000425911 0.963829039 0.710176233 -0.002473840 0.001827671 -0.704017228
1769781796.226003 2.054362558 1.000423056 0.963251027 0.710154291 -0.002415861 0.001791956 -0.704039655
1769781796.236638 2.053412599 1.000422358 0.962694577 0.710134690 -0.002368744 0.001762062 -0.704059661
1769781796.247273 2.052466993 1.000413076 0.962163231 0.710124935 -0.002340210 0.001747825 -0.704069631
1769781796.257982 2.051537328 1.000404908 0.961674488 0.710111638 -0.002340853 0.001755403 -0.704083021
1769781796.268796 2.050536261 1.000397748 0.961189587 0.710108527 -0.002322645 0.001715730 -0.704086316
1769781796.279282 2.049581794 1.000386798 0.960761266 0.710099379 -0.002326066 0.001703187 -0.704095562
1769781796.290024 2.048605289 1.000378774 0.960356405 0.710092415 -0.002319830 0.001675060 -0.704102673
1769781796.300588 2.047622182 1.000364776 0.959983764 0.710080718 -0.002342178 0.001675111 -0.704114396
1769781796.311112 2.046647587 1.000358752 0.959647100 0.710074888 -0.002361497 0.001674028 -0.704120213
1769781796.321916 2.045612963 1.000368628 0.959336379 0.710068237 -0.002340098 0.001622607 -0.704127112
1769781796.332655 2.044541685 1.000373451 0.959036863 0.710074086 -0.002314145 0.001588511 -0.704121377
1769781796.343254 2.043466906 1.000386937 0.958779073 0.710078381 -0.002258830 0.001519658 -0.704117377
1769781796.354038 2.042401002 1.000401517 0.958563735 0.710073992 -0.002214055 0.001448036 -0.704122096
1769781796.364583 2.041303355 1.000400817 0.958376047 0.710072733 -0.002131446 0.001359753 -0.704123798
1769781796.375165 2.040247418 1.000411239 0.958255500 0.710046535 -0.002079372 0.001298467 -0.704150487
1769781796.385836 2.039158284 1.000405865 0.958143740 0.710036718 -0.002015766 0.001225373 -0.704160702
1769781796.396468 2.038057814 1.000413407 0.958093175 0.710006348 -0.001946455 0.001168017 -0.704191617
1769781796.407313 2.036943578 1.000417409 0.958075162 0.709972195 -0.001899342 0.001116011 -0.704226263
1769781796.417906 2.035809793 1.000414538 0.958071888 0.709953994 -0.001821816 0.001054642 -0.704244911
1769781796.428698 2.034688853 1.000422508 0.958124838 0.709920398 -0.001770029 0.001063521 -0.704278897
1769781796.439209 2.033592917 1.000412736 0.958193593 0.709897209 -0.001723000 0.001138189 -0.704302271
1769781796.449738 2.032468729 1.000425808 0.958325787 0.709842800 -0.001630859 0.001229989 -0.704357173
1769781796.460618 2.031289836 1.000443476 0.958476386 0.709789397 -0.001508690 0.001251295 -0.704411222
1769781796.471083 2.030106349 1.000455433 0.958666833 0.709730642 -0.001420990 0.001274449 -0.704470561
1769781796.481685 2.028903193 1.000474102 0.958886635 0.709674999 -0.001300271 0.001277623 -0.704526843
1769781796.492338 2.027726823 1.000479676 0.959123135 0.709630433 -0.001215505 0.001276232 -0.704571886
1769781796.502919 2.026542298 1.000482259 0.959398348 0.709584200 -0.001193052 0.001312492 -0.704618419
1769781796.513473 2.025377252 1.000487276 0.959683342 0.709544358 -0.001176124 0.001321632 -0.704658552
1769781796.524235 2.024168558 1.000487762 0.960004821 0.709504658 -0.001144999 0.001308627 -0.704698600
1769781796.534826 2.022934110 1.000494159 0.960380038 0.709451018 -0.001099176 0.001307986 -0.704752675
1769781796.545400 2.021724233 1.000499391 0.960773115 0.709399954 -0.001055544 0.001292691 -0.704804171
1769781796.556093 2.020515773 1.000501127 0.961209127 0.709338558 -0.001054741 0.001294757 -0.704865959
1769781796.567085 2.019238118 1.000515140 0.961714149 0.709256351 -0.001037322 0.001261368 -0.704948765
1769781796.577787 2.017989218 1.000515326 0.962209382 0.709195865 -0.001072046 0.001256972 -0.705009571
1769781796.588491 2.016716727 1.000534848 0.962733793 0.709131681 -0.001044298 0.001215852 -0.705074244
1769781796.599306 2.015394993 1.000553153 0.963295598 0.709067408 -0.001004705 0.001163868 -0.705139026
1769781796.609916 2.014103684 1.000562507 0.963852095 0.709010484 -0.000959979 0.001097575 -0.705196432
1769781796.620965 2.012741075 1.000589708 0.964440900 0.708961517 -0.000882527 0.000976243 -0.705245940
1769781796.632024 2.011354632 1.000589384 0.965072888 0.708910788 -0.000841680 0.000895879 -0.705297089
1769781796.642792 2.010032773 1.000597298 0.965734540 0.708841195 -0.000824343 0.000858894 -0.705367098
1769781796.653215 2.008779641 1.000596111 0.966394440 0.708768006 -0.000840363 0.000848946 -0.705440633
1769781796.664282 2.007403324 1.000603417 0.967141629 0.708675106 -0.000802142 0.000815015 -0.705534044
1769781796.674774 2.006107785 1.000620138 0.967865289 0.708588893 -0.000767331 0.000803934 -0.705620681
1769781796.685285 2.004799190 1.000627037 0.968600203 0.708506256 -0.000739057 0.000782353 -0.705703710
1769781796.695862 2.003525422 1.000635258 0.969347543 0.708420960 -0.000744043 0.000793368 -0.705789317
1769781796.706423 2.002188703 1.000648383 0.970111689 0.708348289 -0.000748180 0.000776857 -0.705862266
1769781796.716912 2.000829094 1.000660094 0.970889967 0.708267589 -0.000698262 0.000685664 -0.705943386
1769781796.727359 1.999476102 1.000673304 0.971701202 0.708175450 -0.000669558 0.000629868 -0.706035896
1769781796.737900 1.998090352 1.000689920 0.972570165 0.708060271 -0.000604731 0.000532770 -0.706151544
1769781796.748386 1.996721710 1.000702075 0.973431796 0.707957598 -0.000563640 0.000415862 -0.706254592
1769781796.758785 1.995403491 1.000712791 0.974289026 0.707854143 -0.000563851 0.000318302 -0.706358332
1769781796.769455 1.994046397 1.000723035 0.975171811 0.707754384 -0.000561939 0.000222808 -0.706458326
1769781796.781626 1.993144617 1.000723843 0.975750439 0.707700092 -0.000583602 0.000187445 -0.706512707
1769781796.795490 1.992157099 1.000721944 0.976391637 0.707638243 -0.000583086 0.000163310 -0.706574660
1769781796.809475 1.989865120 1.000713572 0.977950307 0.707463689 -0.000579491 0.000136588 -0.706749442
1769781796.822016 1.987436715 1.000715099 0.979703947 0.707217499 -0.000521585 0.000140298 -0.706995840
1769781796.834312 1.985910404 1.000724347 0.980790728 -0.707073185 0.000436643 -0.000092072 0.707140235
1769781796.845306 1.984350298 1.000734529 0.981890904 -0.706942450 0.000334554 -0.000013406 0.707270995
1769781796.855911 1.982996337 1.000726907 0.982822292 -0.706851147 0.000263247 0.000058305 0.707362272
1769781796.866446 1.981623023 1.000723309 0.983796192 -0.706737916 0.000136910 0.000161268 0.707475422
1769781796.877040 1.980276440 1.000718830 0.984816077 -0.706601308 0.000060162 0.000215678 0.707611858
1769781796.887833 1.978926806 1.000719756 0.985881215 -0.706445288 -0.000029884 0.000255292 0.707767610
1769781796.898424 1.977584846 1.000712046 0.986933437 -0.706306119 -0.000118682 0.000286789 0.707906470
1769781796.908967 1.976316617 1.000696412 0.987942095 -0.706169655 -0.000161380 0.000284994 0.708042591
1769781796.919902 1.974983086 1.000694000 0.988995548 -0.706025894 -0.000272311 0.000274474 0.708185913
1769781796.930964 1.973710254 1.000675250 0.990061976 -0.705853971 -0.000344074 0.000186648 0.708357268
1769781796.941585 1.972405776 1.000652037 0.991134100 -0.705667413 -0.000472128 0.000149248 0.708543052
1769781796.952351 1.971123316 1.000620994 0.992222436 -0.705446256 -0.000635764 0.000151141 0.708763114
1769781796.962917 1.969834839 1.000614738 0.993341696 -0.705188353 -0.000847005 0.000201201 0.709019484
1769781796.973570 1.968552082 1.000605447 0.994471198 -0.704928175 -0.001053721 0.000285835 0.709277855
1769781796.984225 1.967315942 1.000590190 0.995567848 -0.704672410 -0.001258085 0.000402182 0.709531571
1769781796.994970 1.966081875 1.000563993 0.996664970 -0.704424522 -0.001501333 0.000495149 0.709777143
1769781797.005521 1.964895054 1.000525495 0.997767967 -0.704150983 -0.001735770 0.000561131 0.710047932
1769781797.016105 1.963700052 1.000496558 0.998928567 -0.703826356 -0.002026695 0.000635253 0.710368883
1769781797.026847 1.962533280 1.000464354 1.000136587 -0.703466266 -0.002243615 0.000723653 0.710724739
1769781797.037481 1.961387830 1.000433951 1.001352955 -0.703101599 -0.002470958 0.000828849 0.711084628
1769781797.048196 1.960287343 1.000397862 1.002558975 -0.702728374 -0.002659654 0.000928074 0.711452667
1769781797.058868 1.959201546 1.000366712 1.003720102 -0.702381489 -0.002875496 0.001035026 0.711794144
1769781797.069567 1.958058168 1.000337454 1.004954334 -0.702011121 -0.003189811 0.001204898 0.712157819
1769781797.080314 1.956968978 1.000303080 1.006194633 -0.701625161 -0.003480159 0.001377362 0.712536402
1769781797.091032 1.955884824 1.000261666 1.007500199 -0.701205012 -0.003820992 0.001534157 0.712947808
1769781797.101696 1.954831271 1.000221783 1.008818538 -0.700776909 -0.004168385 0.001667229 0.713366364
1769781797.112317 1.953812058 1.000179967 1.010135473 -0.700352963 -0.004528850 0.001804830 0.713780050
1769781797.123003 1.952811885 1.000137592 1.011423067 -0.699960726 -0.004894731 0.001984195 0.714161807
1769781797.133610 1.951830183 1.000085884 1.012744236 -0.699560630 -0.005233404 0.002156166 0.714550829
1769781797.144313 1.950853983 1.000035180 1.014086868 -0.699158449 -0.005606595 0.002369889 0.714940846
1769781797.155117 1.949909223 0.999978665 1.015494213 -0.698707139 -0.005934184 0.002559610 0.715378619
1769781797.165976 1.948948533 0.999926373 1.016971311 -0.698210235 -0.006281689 0.002758539 0.715859901
1769781797.176960 1.948030120 0.999868694 1.018447966 -0.697714810 -0.006595706 0.002914964 0.716339335
1769781797.187735 1.947144830 0.999810930 1.019915557 -0.697219424 -0.006884852 0.003062869 0.716818173
1769781797.198317 1.946230518 0.999749791 1.021429583 -0.696705136 -0.007223074 0.003213603 0.717314055
1769781797.208819 1.945375211 0.999685379 1.022908717 -0.696188332 -0.007540926 0.003332418 0.717811839
1769781797.219462 1.944496606 0.999634249 1.024499513 -0.695610312 -0.007877643 0.003493855 0.718367615
1769781797.230333 1.943617784 0.999589983 1.026162003 -0.695031422 -0.008227495 0.003682204 0.718922855
1769781797.240982 1.942785345 0.999551876 1.027811965 -0.694493170 -0.008567283 0.003923639 0.719437588
1769781797.251831 1.941930515 0.999509848 1.029517215 -0.693978616 -0.008932285 0.004212759 0.719927877
1769781797.262504 1.941112125 0.999462230 1.031191827 -0.693483990 -0.009348536 0.004493447 0.720397369
1769781797.273203 1.940278361 0.999410657 1.032956359 -0.692992989 -0.009834867 0.004778892 0.720861398
1769781797.283929 1.939431672 0.999359143 1.034808244 -0.692479253 -0.010359959 0.005079227 0.721345518
1769781797.294719 1.938606461 0.999321916 1.036636304 -0.692010991 -0.010897427 0.005396223 0.721784535
1769781797.305360 1.937774059 0.999289100 1.038443293 -0.691620465 -0.011437210 0.005779621 0.722147435
1769781797.316187 1.936934903 0.999251776 1.040333358 -0.691208384 -0.012011196 0.006161700 0.722529401
1769781797.326854 1.936071023 0.999204850 1.042235978 -0.690812396 -0.012619482 0.006575408 0.722894007
1769781797.337524 1.935172255 0.999175175 1.044248633 -0.690377382 -0.013253981 0.007010923 0.723294026
1769781797.348147 1.934256468 0.999154174 1.046250553 -0.689984431 -0.013888337 0.007494660 0.723652147
1769781797.358856 1.933338474 0.999123648 1.048185051 -0.689708682 -0.014539605 0.008037803 0.723896351
1769781797.369573 1.932386852 0.999106748 1.050278294 -0.689380004 -0.015234743 0.008575422 0.724188908
1769781797.380227 1.931468784 0.999079800 1.052409639 -0.689021720 -0.015912760 0.009053233 0.724509415
1769781797.390881 1.930540380 0.999050457 1.054558341 -0.688694436 -0.016602545 0.009530273 0.724798940
1769781797.401494 1.929576666 0.999048186 1.056744189 -0.688405968 -0.017286963 0.010063955 0.725049723
1769781797.412307 1.928633025 0.999037784 1.058922128 -0.688164180 -0.017939454 0.010606020 0.725255644
1769781797.423031 1.927652830 0.999018457 1.061182742 -0.687874089 -0.018587288 0.011151062 0.725506309
1769781797.433603 1.926615002 0.998998732 1.063508685 -0.687574502 -0.019271899 0.011694669 0.725763828
1769781797.444318 1.925552200 0.998998303 1.065831111 -0.687323587 -0.020012376 0.012233833 0.725972537
1769781797.455399 1.924446702 0.999007447 1.068163113 -0.687158859 -0.020783324 0.012785820 0.726097293
1769781797.466193 1.923304822 0.999006972 1.070625818 -0.686914358 -0.021541977 0.013352449 0.726296304
1769781797.477060 1.922171146 0.998999614 1.073140874 -0.686666402 -0.022229910 0.013882450 0.726500076
1769781797.487872 1.921087714 0.999005924 1.075630017 -0.686427292 -0.022836556 0.014372246 0.726697670
1769781797.498529 1.919926851 0.999030540 1.078113239 -0.686258751 -0.023485344 0.014908627 0.726825356
1769781797.509094 1.918733477 0.999040373 1.080584968 -0.686099610 -0.024130441 0.015465711 0.726942817
1769781797.519589 1.917475043 0.999049831 1.083153942 -0.685854785 -0.024773298 0.016026360 0.727140050
1769781797.530304 1.916218674 0.999059036 1.085707597 -0.685670311 -0.025362487 0.016566580 0.727281594
1769781797.540862 1.914970385 0.999081536 1.088187904 -0.685605920 -0.025914109 0.017127490 0.727309859
1769781797.551469 1.913746027 0.999098592 1.090751170 -0.685518609 -0.026372213 0.017646306 0.727363287
1769781797.562146 1.912433188 0.999105119 1.093379222 -0.685369371 -0.026814330 0.018237107 0.727473178
1769781797.573250 1.910992830 0.999128708 1.096123461 -0.685266526 -0.027267714 0.018873029 0.727536988
1769781797.584105 1.909554145 0.999170867 1.098776062 -0.685255887 -0.027734468 0.019472704 0.727513561
1769781797.595187 1.908115013 0.999203918 1.101487719 -0.685267322 -0.028159505 0.020020897 0.727471582
1769781797.605780 1.906711165 0.999221052 1.104220569 -0.685186344 -0.028470650 0.020507973 0.727522178
1769781797.616319 1.905223842 0.999263287 1.106942135 -0.685083092 -0.028796698 0.021063269 0.727590713
1769781797.627102 1.903697168 0.999320122 1.109578668 -0.685175084 -0.029067271 0.021661375 0.727475761
1769781797.637671 1.902177608 0.999359118 1.112230812 -0.685236012 -0.029298246 0.022194456 0.727393035
1769781797.648212 1.900710756 0.999375121 1.114908830 -0.685241806 -0.029424620 0.022656484 0.727368230
1769781797.658862 1.899198661 0.999400560 1.117509528 -0.685334308 -0.029538930 0.023137868 0.727261285
1769781797.669684 1.897546937 0.999462493 1.120207337 -0.685486685 -0.029627986 0.023667425 0.727096995
1769781797.680168 1.895977102 0.999505278 1.122806297 -0.685631145 -0.029613840 0.024148396 0.726945533
1769781797.690822 1.894420803 0.999541658 1.125467616 -0.685781786 -0.029501532 0.024586411 0.726793306
1769781797.701539 1.892747520 0.999591167 1.128222841 -0.685895346 -0.029353817 0.025059626 0.726675954
1769781797.712000 1.891159483 0.999639131 1.130800520 -0.686007441 -0.029137625 0.025493477 0.726563743
1769781797.722683 1.889483189 0.999701059 1.133427735 -0.686243983 -0.028841602 0.025948334 0.726336039
1769781797.733093 1.887912849 0.999745847 1.135932483 -0.686518821 -0.028434354 0.026331049 0.726078558
1769781797.743671 1.886240040 0.999768720 1.138560038 -0.686730622 -0.027997846 0.026732002 0.725880551
1769781797.754216 1.884594198 0.999805640 1.141104180 -0.686999451 -0.027515471 0.027055592 0.725632584
1769781797.764683 1.882934829 0.999864596 1.143624402 -0.687264698 -0.026967375 0.027377505 0.725389873
1769781797.775303 1.881264476 0.999948504 1.146145940 -0.687560503 -0.026251924 0.027713960 0.725122974
1769781797.785871 1.879578313 1.000008534 1.148605850 -0.687849624 -0.025500847 0.028084820 0.724861258
1769781797.796497 1.877877170 1.000035465 1.151175187 -0.688076185 -0.024724184 0.028302997 0.724664625
1769781797.807168 1.876212106 1.000020590 1.153795733 -0.688325220 -0.024001825 0.028226237 0.724455370
1769781797.817687 1.874538278 1.000038280 1.156218514 -0.688714662 -0.023503478 0.027968164 0.724111513
1769781797.828355 1.872815367 1.000149859 1.158438028 -0.689225763 -0.023059390 0.027547199 0.723655487
1769781797.838957 1.871065477 1.000422615 1.160474298 -0.689668967 -0.022611847 0.027050744 0.723265980
1769781797.849649 1.869368835 1.000881028 1.162186939 -0.690166500 -0.022107639 0.026516300 0.722826632
1769781797.860283 1.867639896 1.001472375 1.163565683 -0.690859053 -0.021678865 0.025988932 0.722196906
1769781797.870827 1.865837105 1.002128032 1.164735786 -0.691889973 -0.021327243 0.025483656 0.721237823
1769781797.881429 1.864062663 1.002768303 1.165693498 -0.693255140 -0.020996579 0.024990761 0.719952718
1769781797.892112 1.862299213 1.003393267 1.166626527 -0.694733850 -0.020620947 0.024494393 0.718553880
1769781797.902849 1.860458481 1.004033332 1.167594919 -0.696294849 -0.020251488 0.024013922 0.717068123
1769781797.913363 1.858627601 1.004637026 1.168514843 -0.697834639 -0.019953171 0.023598821 0.715591911
1769781797.924084 1.856798997 1.005219812 1.169425154 -0.699375945 -0.019642751 0.023136722 0.714109335
1769781797.934662 1.854977095 1.005787813 1.170360088 -0.700898719 -0.019329816 0.022637197 0.712639390
1769781797.945293 1.853149510 1.006338089 1.171277876 -0.702375319 -0.019066351 0.022142890 0.711206775
1769781797.955977 1.851340922 1.006864154 1.172230586 -0.703716002 -0.018791560 0.021694955 0.709901398
1769781797.966561 1.849426971 1.007390838 1.173299164 -0.704979389 -0.018553332 0.021267475 0.708666021
1769781797.977208 1.847657257 1.007881214 1.174305415 -0.706144190 -0.018239257 0.020819997 0.707526847
1769781797.988038 1.845830405 1.008357973 1.175386261 0.707213565 0.017929942 -0.020383488 -0.706478594
1769781797.999194 1.843872373 1.008835743 1.176506389 0.708324941 0.017663548 -0.019953120 -0.705383336
1769781798.009778 1.842030666 1.009264895 1.177577834 0.709269082 0.017421866 -0.019552118 -0.704451249
1769781798.020369 1.840204979 1.009678400 1.178708431 0.710068664 0.017197055 -0.019189405 -0.703660800
1769781798.031238 1.838422344 1.010099098 1.179862028 0.710883690 0.016911927 -0.018728847 -0.702856739
1769781798.041958 1.836581760 1.010485206 1.181026185 0.711580687 0.016704167 -0.018335903 -0.702166427
1769781798.052734 1.834692054 1.010847842 1.182209099 0.712245671 0.016539788 -0.017956868 -0.701505588
1769781798.063509 1.832846149 1.011189479 1.183350403 0.712895676 0.016403173 -0.017574640 -0.700857920
1769781798.074205 1.831098659 1.011531081 1.184473645 0.713514207 0.016195382 -0.017142548 -0.700243756
1769781798.084773 1.829335606 1.011842711 1.185620966 0.714073593 0.016016782 -0.016731551 -0.699687374
1769781798.095390 1.827540029 1.012132477 1.186784071 0.714566237 0.015877430 -0.016396086 -0.699195372
1769781798.106046 1.825705305 1.012417357 1.187937918 0.715088203 0.015722951 -0.016047795 -0.698673113
1769781798.116555 1.823940841 1.012679691 1.189063103 0.715544185 0.015581424 -0.015723530 -0.698216663
1769781798.127233 1.822282871 1.012931094 1.190157723 0.716001735 0.015358940 -0.015326234 -0.697761223
1769781798.138027 1.820478620 1.013163337 1.191302278 0.716458466 0.015204511 -0.014961306 -0.697303556
1769781798.148569 1.818713228 1.013369009 1.192370550 0.716913523 0.015097926 -0.014649482 -0.696844635
1769781798.159483 1.816990422 1.013567281 1.193437713 0.717337442 0.014953340 -0.014327319 -0.696418064
1769781798.170481 1.815206586 1.013773024 1.194610386 0.717689515 0.014764242 -0.013999454 -0.696065940
1769781798.181313 1.813522878 1.013952871 1.195712910 0.718042911 0.014559885 -0.013627688 -0.695713068
1769781798.192202 1.811794770 1.014094808 1.196765280 0.718395531 0.014419780 -0.013337136 -0.695357500
1769781798.202739 1.810055755 1.014224616 1.197790862 0.718744879 0.014297308 -0.013060650 -0.695004176
1769781798.213299 1.808359625 1.014343101 1.198816740 0.719025366 0.014175718 -0.012805888 -0.694721226
1769781798.224074 1.806781258 1.014455093 1.199802869 0.719301799 0.013983986 -0.012484579 -0.694444746
1769781798.234695 1.805162067 1.014559232 1.200830551 0.719549374 0.013792483 -0.012133447 -0.694198275
1769781798.245336 1.803509575 1.014636341 1.201833868 0.719754306 0.013670408 -0.011872096 -0.693992732
1769781798.256022 1.801882458 1.014696013 1.202789975 0.719946752 0.013570881 -0.011624507 -0.693799233
1769781798.266706 1.800197976 1.014739065 1.203784696 0.720089729 0.013469375 -0.011389918 -0.693656707
1769781798.277171 1.798679644 1.014773607 1.204696705 0.720237454 0.013295269 -0.011107604 -0.693511260
1769781798.287898 1.797236339 1.014807519 1.205579561 0.720376707 0.013094270 -0.010804143 -0.693375230
1769781798.298600 1.795583669 1.014811154 1.206527124 0.720495298 0.012964434 -0.010552337 -0.693258319
1769781798.309125 1.794041056 1.014794279 1.207381320 0.720606028 0.012860321 -0.010333425 -0.693148459
1769781798.319662 1.792494747 1.014769197 1.208252680 0.720659706 0.012763617 -0.010127801 -0.693097472
1769781798.330283 1.790991026 1.014737929 1.209122164 0.720676744 0.012627512 -0.009884864 -0.693085757
1769781798.340873 1.789573854 1.014712176 1.209982895 0.720668894 0.012430121 -0.009594290 -0.693101571
1769781798.351466 1.788099955 1.014656273 1.210809722 0.720641212 0.012292292 -0.009358683 -0.693136032
1769781798.362030 1.786623290 1.014572624 1.211591071 0.720596227 0.012191886 -0.009197387 -0.693186731
1769781798.372517 1.785138057 1.014475864 1.212356563 0.720530416 0.012091780 -0.009051513 -0.693258810
1769781798.383093 1.783716070 1.014379961 1.213102002 0.720452030 0.011944627 -0.008877568 -0.693345071
1769781798.393741 1.782329987 1.014276630 1.213839309 0.720356935 0.011758621 -0.008688600 -0.693449442
1769781798.404437 1.780983402 1.014167598 1.214565661 0.720252760 0.011534995 -0.008454295 -0.693564294
1769781798.415062 1.779572674 1.014026194 1.215270579 0.720101991 0.011405106 -0.008320132 -0.693724600
1769781798.425740 1.778155285 1.013874126 1.215948687 0.719943085 0.011283737 -0.008202420 -0.693892896
1769781798.436545 1.776741054 1.013708770 1.216623415 0.719762089 0.011138425 -0.008078050 -0.694084445
1769781798.447181 1.775393843 1.013537731 1.217259033 0.719561789 0.010980318 -0.007946556 -0.694296131
1769781798.457899 1.774144794 1.013376559 1.217883091 0.719329977 0.010753492 -0.007774146 -0.694541798
1769781798.468611 1.772819927 1.013183713 1.218498557 0.719078833 0.010568245 -0.007622474 -0.694806334
1769781798.479196 1.771527337 1.012981958 1.219030645 0.718837048 0.010420677 -0.007528804 -0.695059728
1769781798.489880 1.770211041 1.012773100 1.219545898 0.718569529 0.010287178 -0.007459033 -0.695339031
1769781798.500531 1.768906515 1.012565971 1.220000864 0.718318026 0.010155850 -0.007364534 -0.695601779
1769781798.511154 1.767644807 1.012374899 1.220430188 0.718046142 0.010002966 -0.007270703 -0.695885634
1769781798.521830 1.766473690 1.012203167 1.220786382 0.717805812 0.009810344 -0.007121730 -0.696137813
1769781798.533463 1.765165262 1.012012797 1.221138456 0.717550654 0.009624761 -0.006954728 -0.696405094
1769781798.544264 1.763893320 1.011825045 1.221398046 0.717318880 0.009499476 -0.006885241 -0.696646236
1769781798.554950 1.762647485 1.011641075 1.221600506 0.717111781 0.009378375 -0.006811611 -0.696861781
1769781798.565669 1.761398991 1.011462677 1.221758172 0.716911477 0.009266138 -0.006749029 -0.697069956
1769781798.576194 1.760249751 1.011306993 1.221858154 0.716735474 0.009113134 -0.006641919 -0.697253968
1769781798.586763 1.759155110 1.011160269 1.221912410 0.716568794 0.008946561 -0.006500529 -0.697428753
1769781798.597439 1.758024016 1.011013341 1.221920268 0.716406275 0.008762452 -0.006342005 -0.697599489
1769781798.607927 1.756917405 1.010865281 1.221877055 0.716254295 0.008637238 -0.006240561 -0.697758008
1769781798.618569 1.755717088 1.010701867 1.221774989 0.716110648 0.008565560 -0.006189886 -0.697906767
1769781798.629441 1.754564311 1.010550614 1.221631254 0.715975964 0.008454846 -0.006102498 -0.698047057
1769781798.640074 1.753459996 1.010408322 1.221436825 0.715874328 0.008325995 -0.005995957 -0.698153760
1769781798.650759 1.752371363 1.010276954 1.221183898 0.715807262 0.008174331 -0.005858194 -0.698225483
1769781798.661482 1.751381151 1.010160810 1.220896464 0.715766763 0.007966474 -0.005662552 -0.698271016
1769781798.672201 1.750302348 1.010030560 1.220548222 0.715746673 0.007821969 -0.005514830 -0.698294425
1769781798.682875 1.749228064 1.009895943 1.220165716 0.715749527 0.007685721 -0.005392822 -0.698293965
1769781798.694037 1.748113892 1.009761356 1.219716602 0.715772152 0.007534466 -0.005272059 -0.698273345
1769781798.704612 1.747070436 1.009635344 1.219256209 0.715784087 0.007368146 -0.005141080 -0.698263862
1769781798.715048 1.746067949 1.009519738 1.218745087 0.715793776 0.007217944 -0.005026721 -0.698256331
1769781798.725843 1.745113578 1.009412727 1.218194222 0.715771418 0.007036643 -0.004870657 -0.698282206
1769781798.736435 1.744194288 1.009312797 1.217583717 0.715746190 0.006832066 -0.004687504 -0.698311350
1769781798.746934 1.743244725 1.009199552 1.216956917 0.715679145 0.006728067 -0.004572366 -0.698381836
1769781798.757617 1.742279674 1.009077533 1.216305995 0.715549891 0.006641463 -0.004509509 -0.698515503
1769781798.768018 1.741281635 1.008957654 1.215588971 0.715416153 0.006591484 -0.004487352 -0.698653093
1769781798.778468 1.740352004 1.008848010 1.214873425 0.715248751 0.006526508 -0.004461509 -0.698825246
1769781798.789118 1.739431963 1.008743147 1.214100801 0.715060013 0.006457895 -0.004421390 -0.699019259
1769781798.799719 1.738537590 1.008645360 1.213297912 0.714862205 0.006383298 -0.004372371 -0.699222542
1769781798.810434 1.737693883 1.008561825 1.212428586 0.714702114 0.006291655 -0.004262648 -0.699387684
1769781798.821087 1.736816003 1.008460472 1.211506754 0.714559218 0.006255255 -0.004173991 -0.699534541
1769781798.831681 1.735933811 1.008363107 1.210585185 0.714397813 0.006248051 -0.004129712 -0.699699702
1769781798.842196 1.735051634 1.008250702 1.209611538 0.714238351 0.006241051 -0.004093949 -0.699862749
1769781798.852789 1.734188213 1.008143523 1.208630272 0.714065591 0.006233575 -0.004072428 -0.700039205
1769781798.863452 1.733333303 1.008042699 1.207556202 0.713906767 0.006230118 -0.004047786 -0.700201349
1769781798.874003 1.732554149 1.007953221 1.206531664 0.713713503 0.006150352 -0.004017611 -0.700399220
1769781798.884821 1.731759956 1.007849292 1.205399794 0.713540989 0.006088682 -0.003976875 -0.700575742
1769781798.895828 1.731033022 1.007770940 1.204274090 0.713369374 0.006012199 -0.003918919 -0.700751476
1769781798.910784 1.730214315 1.007676863 1.203023395 0.713171231 0.005970736 -0.003888470 -0.700953654
1769781798.924012 1.729839888 1.007634273 1.202442075 0.713093856 0.005977352 -0.003880728 -0.701032355
1769781798.935626 1.728123197 1.007424053 1.199655483 0.712762056 0.006005955 -0.003892947 -0.701369392
1769781798.946816 1.727372072 1.007343144 1.198274155 0.712626812 0.005982781 -0.003884227 -0.701507054
1769781798.957725 1.726655606 1.007257588 1.196859228 0.712485580 0.005915369 -0.003861960 -0.701651189
1769781798.968637 1.725953679 1.007173224 1.195406864 0.712401896 0.005874922 -0.003838142 -0.701736626
1769781798.979444 1.725308200 1.007098218 1.193972544 0.712283086 0.005777545 -0.003799243 -0.701858241
1769781798.990255 1.724693637 1.007024474 1.192540098 0.712172803 0.005690842 -0.003746600 -0.701971136
1769781799.000903 1.724023469 1.006938368 1.191018519 0.712068991 0.005672829 -0.003720219 -0.702076727
1769781799.011507 1.723380819 1.006856513 1.189522041 0.711973798 0.005657313 -0.003704670 -0.702173469
1769781799.022327 1.722737601 1.006779541 1.187966609 0.711899720 0.005669621 -0.003690533 -0.702248549
1769781799.032930 1.722107172 1.006711188 1.186321323 0.711842441 0.005651686 -0.003677953 -0.702306820
1769781799.043618 1.721519386 1.006644775 1.184701813 0.711750503 0.005610868 -0.003667293 -0.702400377
1769781799.054338 1.720960409 1.006577415 1.183120254 0.711641468 0.005554784 -0.003666588 -0.702511297
1769781799.067584 1.720379172 1.006507490 1.181388227 0.711560797 0.005520125 -0.003651533 -0.702593358
1769781799.079873 1.719826596 1.006440258 1.179494327 0.711421669 0.005438145 -0.003581776 -0.702735232
1769781799.091261 1.719291775 1.006376971 1.177576538 0.711344066 0.005378420 -0.003497733 -0.702814668
1769781799.102729 1.718652118 1.006298483 1.175404906 0.711260526 0.005359891 -0.003498274 -0.702899351
1769781799.114964 1.718071895 1.006225284 1.173425434 0.711212566 0.005393140 -0.003502968 -0.702947600
1769781799.125825 1.717520651 1.006148621 1.171469058 0.711132778 0.005385494 -0.003523277 -0.703028274
1769781799.137041 1.717030399 1.006086473 1.169519825 0.711078442 0.005397571 -0.003482223 -0.703083345
1769781799.148166 1.716589714 1.006018160 1.167618394 0.711012361 0.005391518 -0.003423545 -0.703150505
1769781799.159097 1.716169145 1.005962282 1.165746934 0.710914658 0.005366317 -0.003399459 -0.703249596
1769781799.169756 1.715752602 1.005908078 1.163854904 0.710832052 0.005370535 -0.003384430 -0.703333134
1769781799.180528 1.715360190 1.005863127 1.161960184 0.710753279 0.005371691 -0.003350370 -0.703412892
1769781799.191439 1.715017544 1.005832474 1.159989233 0.710719987 0.005331047 -0.003264604 -0.703447242
1769781799.202466 1.714631851 1.005775182 1.157878114 0.710698312 0.005304665 -0.003212543 -0.703469580
1769781799.213137 1.714265055 1.005712814 1.155906444 0.710681306 0.005312238 -0.003196566 -0.703486775
1769781799.223731 1.713914437 1.005644956 1.153955903 0.710623495 0.005314451 -0.003202144 -0.703545131
1769781799.234464 1.713567945 1.005588035 1.151956018 0.710538958 0.005326445 -0.003227413 -0.703630302
1769781799.245102 1.713247002 1.005545874 1.149933122 0.710475411 0.005350896 -0.003227819 -0.703694280
1769781799.255858 1.712957925 1.005512036 1.147853872 0.710461834 0.005337726 -0.003190225 -0.703708258
1769781799.266501 1.712668551 1.005469971 1.145739309 0.710489594 0.005353854 -0.003129329 -0.703680382
1769781799.277169 1.712405761 1.005423262 1.143708039 0.710432088 0.005352220 -0.003108288 -0.703738545
1769781799.287925 1.712167892 1.005377389 1.141682294 0.710344058 0.005344971 -0.003104742 -0.703827472
1769781799.299094 1.711941606 1.005336173 1.139489165 0.710265005 0.005341417 -0.003089770 -0.703907341
1769781799.309833 1.711727551 1.005300169 1.137373237 0.710208323 0.005328844 -0.003086022 -0.703964643
1769781799.320482 1.711545856 1.005276656 1.135205222 0.710254942 0.005312226 -0.003022867 -0.703918006
1769781799.331095 1.711390325 1.005251310 1.133036542 0.710268368 0.005262180 -0.002954940 -0.703905123
1769781799.341679 1.711206340 1.005207043 1.130905437 0.710242891 0.005256756 -0.002949564 -0.703930893
1769781799.352321 1.711025250 1.005151374 1.128804181 0.710201065 0.005258304 -0.002969788 -0.703972995
1769781799.362945 1.710855547 1.005106299 1.126669493 0.710158932 0.005293251 -0.002990198 -0.704015150
1769781799.373807 1.710687305 1.005072057 1.124452574 0.710108082 0.005324746 -0.003017980 -0.704066084
1769781799.384436 1.710548010 1.005047375 1.122297644 0.710093858 0.005351710 -0.003021620 -0.704080210
1769781799.395128 1.710437695 1.005013685 1.120116730 0.710077055 0.005356994 -0.003021870 -0.704097114
1769781799.405734 1.710344970 1.004965183 1.117948559 0.710026795 0.005356417 -0.003040532 -0.704147722
1769781799.416322 1.710279716 1.004929243 1.115771740 0.710009511 0.005355158 -0.003048602 -0.704165124
1769781799.427006 1.710213871 1.004897960 1.113640173 0.709932199 0.005358566 -0.003087477 -0.704242874
1769781799.437586 1.710171257 1.004884198 1.111406536 0.709954718 0.005343227 -0.003071802 -0.704220358
1769781799.448184 1.710133722 1.004856539 1.109172741 0.709983471 0.005339670 -0.003051019 -0.704191486
1769781799.458861 1.710121407 1.004824908 1.106997454 0.709983031 0.005322086 -0.003040362 -0.704192110
1769781799.469602 1.710133576 1.004784581 1.104761051 0.709996810 0.005340736 -0.002992647 -0.704178280
1769781799.480385 1.710147041 1.004760433 1.102585344 0.709942856 0.005352717 -0.002985583 -0.704232615
1769781799.491136 1.710158637 1.004752654 1.100375891 0.709910282 0.005377306 -0.002992469 -0.704265235
1769781799.501716 1.710183950 1.004732597 1.098131141 0.709912660 0.005401527 -0.002986287 -0.704262679
1769781799.512282 1.710237476 1.004705796 1.095957589 0.709929096 0.005395910 -0.002984569 -0.704246161
1769781799.522800 1.710305765 1.004662630 1.093788771 0.709920478 0.005404961 -0.002973220 -0.704254827
1769781799.533303 1.710399290 1.004638110 1.091617074 0.709906399 0.005378979 -0.002959315 -0.704269276
1769781799.543777 1.710489563 1.004625781 1.089475994 0.709894905 0.005396238 -0.002952442 -0.704280759
1769781799.554479 1.710571607 1.004605332 1.087252441 0.709901388 0.005415525 -0.002967376 -0.704274013
1769781799.565081 1.710667767 1.004574101 1.085024842 0.709957229 0.005445266 -0.002936443 -0.704217622
1769781799.575670 1.710791253 1.004531688 1.082878498 0.709953772 0.005470265 -0.002922345 -0.704220972
1769781799.586177 1.710937726 1.004504108 1.080744533 0.709941291 0.005490681 -0.002912713 -0.704233435
1769781799.596867 1.711082437 1.004487210 1.078597841 0.709921796 0.005505014 -0.002932585 -0.704252893
1769781799.607646 1.711223730 1.004473116 1.076420939 0.709905312 0.005519950 -0.002972677 -0.704269225
1769781799.618219 1.711397248 1.004445590 1.074226584 0.709942466 0.005535776 -0.002973947 -0.704231642
1769781799.629358 1.711589757 1.004414359 1.072078668 0.709939005 0.005506113 -0.003011315 -0.704235205
1769781799.640498 1.711809934 1.004380523 1.069825584 0.709919523 0.005472854 -0.003060721 -0.704254891
1769781799.651768 1.712038965 1.004355605 1.067568943 0.709901845 0.005472924 -0.003097084 -0.704272550
1769781799.662582 1.712280525 1.004344776 1.065392410 0.709949135 0.005466211 -0.003094878 -0.704224942
1769781799.673323 1.712521134 1.004320619 1.063216835 0.709972074 0.005464512 -0.003129881 -0.704201673
1769781799.683828 1.712767515 1.004291057 1.061151832 0.709985117 0.005459620 -0.003148503 -0.704188478
1769781799.694622 1.713025947 1.004258155 1.059105022 0.709974755 0.005473807 -0.003150695 -0.704198806
1769781799.705362 1.713302469 1.004230774 1.057041242 0.709983733 0.005473874 -0.003119803 -0.704189891
1769781799.715953 1.713594178 1.004203389 1.054901630 0.710059784 0.005482949 -0.003062136 -0.704113389
1769781799.726463 1.713866340 1.004172987 1.052894922 0.710084167 0.005468338 -0.003066060 -0.704088895
1769781799.736912 1.714155383 1.004138877 1.050872925 0.710126841 0.005451259 -0.003069188 -0.704045974
1769781799.747451 1.714463898 1.004104995 1.048919799 0.710122829 0.005430200 -0.003097467 -0.704050059
1769781799.758076 1.714767400 1.004074741 1.047016052 0.710088404 0.005447675 -0.003160950 -0.704084362
1769781799.768695 1.715112244 1.004045712 1.045005521 0.710108619 0.005478574 -0.003172789 -0.704063682
1769781799.779314 1.715458997 1.004019082 1.043014118 0.710144880 0.005488545 -0.003178888 -0.704027002
1769781799.789953 1.715817374 1.003991704 1.041062079 0.710179821 0.005510020 -0.003176156 -0.703991601
1769781799.800642 1.716200295 1.003956095 1.039088799 0.710193856 0.005527889 -0.003180947 -0.703977280
1769781799.811135 1.716576445 1.003922488 1.037264656 0.710195425 0.005517133 -0.003194184 -0.703975722
1769781799.821584 1.716994330 1.003900410 1.035391369 0.710223308 0.005475590 -0.003175772 -0.703947999
1769781799.832104 1.717392371 1.003869333 1.033526958 0.710252138 0.005468944 -0.003189359 -0.703918901
1769781799.842570 1.717775453 1.003835183 1.031668860 0.710281339 0.005519550 -0.003220109 -0.703888901
1769781799.853179 1.718202118 1.003799329 1.029822879 0.710302995 0.005531614 -0.003219846 -0.703866954
1769781799.863675 1.718654396 1.003764535 1.028046099 0.710338185 0.005524388 -0.003184598 -0.703831657
1769781799.874225 1.719129695 1.003733812 1.026276280 0.710348852 0.005483942 -0.003143998 -0.703821391
1769781799.884673 1.719627919 1.003706874 1.024535160 0.710369123 0.005430132 -0.003084054 -0.703801614
1769781799.895277 1.720100172 1.003692607 1.022819435 0.710402394 0.005391624 -0.003039586 -0.703768520
1769781799.906070 1.720625801 1.003669788 1.021018832 0.710444451 0.005336371 -0.002988388 -0.703726705
1769781799.916621 1.721134289 1.003635577 1.019289215 0.710508755 0.005320301 -0.002909128 -0.703662234
1769781799.927335 1.721653199 1.003597411 1.017622262 0.710519135 0.005307129 -0.002865477 -0.703652032
1769781799.937872 1.722169199 1.003560381 1.015978610 0.710525675 0.005303920 -0.002835840 -0.703645572
1769781799.948341 1.722701554 1.003529891 1.014360313 0.710543225 0.005282714 -0.002814611 -0.703628095
1769781799.959105 1.723220578 1.003497210 1.012767108 0.710554066 0.005287320 -0.002822227 -0.703617082
1769781799.969822 1.723793543 1.003455123 1.011081742 0.710611825 0.005271157 -0.002788793 -0.703559004
1769781799.980646 1.724347555 1.003414760 1.009499088 0.710645172 0.005228697 -0.002810424 -0.703525551
1769781799.991817 1.724936466 1.003364431 1.007851119 0.710692504 0.005198561 -0.002815784 -0.703477940
1769781800.002713 1.725531955 1.003316003 1.006274454 0.710708098 0.005169177 -0.002836327 -0.703462319
1769781800.013186 1.726120556 1.003275571 1.004808180 0.710728739 0.005175299 -0.002792236 -0.703441596
1769781800.023683 1.726689141 1.003238118 1.003396885 0.710717661 0.005193666 -0.002790784 -0.703452659
1769781800.034194 1.727261075 1.003190969 1.001961103 0.710745077 0.005208963 -0.002807226 -0.703424781
1769781800.045042 1.727855696 1.003145043 1.000521294 0.710781299 0.005116888 -0.002928603 -0.703388360
1769781800.055604 1.728480821 1.003101942 0.999125171 0.710811564 0.004930126 -0.003071503 -0.703358500
1769781800.066122 1.729135731 1.003056239 0.997737918 0.710859442 0.004926250 -0.002986971 -0.703310504
1769781800.076666 1.729813505 1.003018310 0.996394266 0.710887812 0.005251064 -0.002525842 -0.703281285
1769781800.087188 1.730483848 1.002979549 0.995118355 0.710895796 0.006076689 -0.001568980 -0.703269350
1769781800.097700 1.731144742 1.002946671 0.993884905 0.710884076 0.007545472 -0.000002434 -0.703268723
1769781800.108185 1.731805197 1.002906845 0.992679742 0.710864112 0.009711690 0.002237287 -0.703258766
1769781800.118827 1.732503408 1.002867136 0.991455869 0.710850226 0.012292921 0.004912592 -0.703218818
1769781800.129573 1.733192519 1.002820365 0.990263877 0.710829130 0.014899929 0.007587773 -0.703165959
1769781800.140064 1.733885493 1.002766874 0.989064073 0.710807744 0.017400722 0.010094192 -0.703098622
1769781800.150836 1.734583775 1.002710498 0.987905230 0.710782153 0.019766684 0.012457032 -0.703024062
1769781800.161536 1.735266434 1.002651558 0.986796541 0.710729259 0.022124263 0.014747509 -0.702962978
1769781800.172119 1.735976215 1.002592126 0.985708526 0.710675806 0.024429828 0.016984487 -0.702890183
1769781800.182632 1.736713228 1.002553523 0.984679788 0.710614701 0.026594774 0.019173203 -0.702817083
1769781800.193676 1.737499144 1.002512573 0.983667667 0.710532433 0.028756003 0.021389131 -0.702751207
1769781800.204982 1.738329128 1.002476867 0.982649188 0.710439203 0.030943570 0.023643519 -0.702680310
1769781800.215807 1.739167387 1.002432743 0.981655599 0.710381391 0.032961885 0.025794276 -0.702571312
1769781800.226418 1.739939837 1.002392660 0.980769900 0.710295854 0.034858412 0.027767292 -0.702491045
1769781800.237063 1.740733389 1.002345386 0.979884571 0.710218986 0.036725612 0.029709443 -0.702394170
1769781800.247641 1.741526285 1.002301269 0.979046134 0.710136757 0.038508910 0.031567448 -0.702300752
1769781800.258527 1.742330337 1.002259372 0.978212962 0.710053263 0.040294335 0.033380606 -0.702201157
1769781800.269117 1.743162560 1.002197950 0.977392858 0.709983765 0.042005257 0.035131849 -0.702085725
1769781800.279725 1.743947753 1.002150237 0.976636574 0.709896774 0.043671406 0.036729293 -0.701990269
1769781800.290494 1.744793035 1.002098873 0.975904171 0.709817908 0.045225929 0.038321974 -0.701886443
1769781800.301499 1.745688160 1.002063192 0.975203604 0.709727224 0.046728176 0.039909587 -0.701791258
1769781800.312388 1.746601351 1.002027446 0.974528595 0.709641063 0.048166469 0.041447371 -0.701692004
1769781800.323235 1.747506823 1.001995907 0.973927627 0.709540494 0.049488663 0.042894138 -0.701614747
1769781800.334170 1.748431466 1.001959754 0.973325904 0.709450115 0.050795058 0.044297071 -0.701525599
1769781800.344663 1.749316742 1.001920009 0.972781684 0.709366084 0.051984858 0.045542913 -0.701443637
1769781800.355227 1.750178338 1.001886123 0.972296661 0.709275575 0.053082543 0.046670154 -0.701378856
1769781800.366012 1.751102026 1.001844180 0.971800648 0.709204119 0.054132461 0.047781189 -0.701296051
1769781800.376603 1.751975179 1.001790387 0.971349356 0.709126345 0.055149295 0.048746492 -0.701229037
1769781800.387360 1.752898629 1.001760147 0.970935979 0.709053457 0.056048691 0.049657597 -0.701167500
1769781800.397970 1.753875510 1.001731001 0.970543108 0.708991645 0.056845694 0.050553996 -0.701101781
1769781800.408734 1.754840347 1.001702704 0.970181374 0.708932283 0.057593570 0.051351431 -0.701042815
1769781800.419480 1.755836493 1.001684612 0.969844116 0.708896076 0.058197466 0.052111201 -0.700973488
1769781800.430252 1.756839453 1.001659584 0.969528136 0.708859114 0.058778968 0.052793660 -0.700911278
1769781800.441195 1.757834291 1.001638463 0.969242475 0.708831914 0.059287337 0.053366373 -0.700852595
1769781800.452037 1.758867096 1.001603038 0.968975828 0.708815105 0.059729893 0.053847488 -0.700795216
1769781800.462914 1.759847045 1.001574331 0.968768893 0.708792050 0.060078278 0.054226413 -0.700759536
1769781800.473429 1.760829908 1.001542834 0.968589327 0.708773998 0.060380581 0.054485090 -0.700731746
1769781800.484085 1.761864408 1.001518416 0.968451670 0.708764483 0.060532296 0.054690483 -0.700712280
1769781800.494619 1.762907073 1.001512220 0.968368929 0.708749625 0.060566336 0.054823132 -0.700714001
1769781800.505195 1.763970693 1.001489583 0.968295648 0.708740833 0.060566699 0.054893104 -0.700717385
1769781800.515731 1.765045085 1.001481754 0.968284275 0.708714579 0.060465072 0.054921948 -0.700750455
1769781800.526456 1.766121618 1.001458808 0.968288987 0.708704372 0.060292559 0.054844686 -0.700781693
1769781800.536934 1.767166375 1.001429522 0.968323813 0.708702028 0.060052968 0.054638531 -0.700820739
1769781800.547415 1.768223145 1.001412435 0.968405503 0.708703315 0.059688406 0.054334293 -0.700874232
1769781800.557856 1.769238664 1.001379319 0.968495884 0.708719977 0.059281462 0.053918589 -0.700924025
1769781800.568427 1.770310640 1.001362582 0.968643903 0.708725346 0.058753482 0.053421959 -0.701001074
1769781800.578993 1.771410934 1.001354621 0.968804380 0.708756863 0.058085199 0.052875974 -0.701066295
1769781800.589887 1.772579269 1.001342406 0.969013530 0.708788433 0.057278221 0.052213489 -0.701150422
1769781800.600668 1.773781814 1.001337909 0.969270307 0.708821988 0.056327687 0.051441477 -0.701250565
1769781800.611175 1.774899297 1.001328173 0.969528372 0.708864713 0.055359019 0.050613829 -0.701344735
1769781800.621758 1.776060002 1.001314876 0.969826926 0.708911191 0.054277428 0.049676505 -0.701449306
1769781800.632537 1.777229424 1.001303731 0.970170791 0.708941122 0.053225039 0.048690548 -0.701568821
1769781800.643043 1.778373819 1.001295018 0.970537819 0.708962242 0.052239625 0.047799327 -0.701682824
1769781800.653814 1.779506610 1.001275294 0.970926603 0.708980726 0.051324004 0.046859051 -0.701795131
1769781800.664580 1.780727729 1.001276554 0.971341098 0.709008411 0.050338735 0.045995482 -0.701895648
1769781800.675282 1.781961199 1.001275658 0.971776118 0.709034278 0.049364817 0.045184944 -0.701991330
1769781800.686215 1.783210660 1.001283178 0.972245532 0.709052603 0.048408857 0.044345023 -0.702092948
1769781800.696872 1.784499328 1.001285799 0.972732441 0.709086132 0.047406913 0.043545923 -0.702177466
1769781800.707418 1.785700911 1.001271872 0.973203875 0.709120490 0.046541812 0.042752944 -0.702249369
1769781800.718019 1.786911128 1.001271507 0.973742102 0.709121472 0.045682185 0.041959318 -0.702352683
1769781800.728598 1.788141366 1.001264321 0.974286661 0.709134981 0.044847978 0.041175499 -0.702439190
1769781800.739206 1.789341992 1.001255728 0.974901158 0.709110731 0.044047611 0.040374021 -0.702560828
1769781800.749902 1.790612740 1.001266014 0.975553702 0.709081702 0.043210962 0.039611970 -0.702685452
1769781800.760559 1.791877713 1.001264444 0.976193472 0.709064329 0.042404342 0.038907066 -0.702791497
1769781800.771224 1.793185672 1.001280291 0.976880554 0.709032294 0.041576151 0.038219102 -0.702911040
1769781800.781895 1.794506639 1.001293580 0.977570781 0.709014523 0.040768764 0.037552493 -0.703012179
1769781800.792954 1.795820232 1.001286017 0.978255492 0.709015502 0.039978811 0.036915693 -0.703090282
1769781800.803824 1.797133640 1.001281670 0.978994636 0.708997944 0.039231098 0.036232770 -0.703185625
1769781800.815023 1.798485066 1.001277453 0.979775907 0.708966236 0.038485834 0.035541959 -0.703294025
1769781800.825973 1.799756985 1.001264941 0.980573477 0.708908836 0.037817235 0.034852764 -0.703422635
1769781800.836765 1.801133942 1.001277710 0.981453688 0.708835185 0.037075340 0.034206948 -0.703568038
1769781800.847172 1.802437603 1.001284025 0.982268749 0.708780878 0.036376613 0.033674032 -0.703684922
1769781800.857858 1.803750071 1.001283645 0.983095510 0.708727429 0.035691942 0.033126478 -0.703799796
1769781800.868616 1.805132819 1.001298995 0.983960324 0.708682252 0.034926797 0.032590321 -0.703908698
1769781800.879114 1.806445670 1.001293978 0.984797632 0.708647580 0.034261366 0.032023478 -0.704002317
1769781800.889816 1.807750561 1.001273762 0.985660118 0.708602098 0.033618541 0.031451774 -0.704104855
1769781800.900539 1.809073246 1.001261980 0.986570812 0.708537744 0.032969254 0.030857992 -0.704226582
1769781800.911162 1.810326825 1.001242752 0.987508309 0.708435308 0.032423666 0.030252189 -0.704381236
1769781800.921855 1.811672558 1.001237757 0.988455181 0.708357532 0.031790706 0.029752562 -0.704509576
1769781800.932435 1.813028108 1.001230055 0.989426058 0.708274716 0.031159354 0.029289303 -0.704640446
1769781800.942963 1.814348821 1.001218300 0.990356895 0.708214592 0.030571350 0.028861421 -0.704744281
1769781800.953721 1.815699064 1.001199279 0.991300833 0.708176878 0.029924894 0.028447673 -0.704826745
1769781800.964325 1.817009481 1.001170887 0.992276410 0.708126239 0.029289252 0.027996318 -0.704922390
1769781800.974890 1.818286891 1.001135122 0.993276475 0.708046568 0.028714043 0.027552330 -0.705043566
1769781800.985563 1.819532754 1.001094860 0.994328378 0.707914950 0.028274259 0.027136860 -0.705209601
1769781800.996233 1.820808300 1.001065287 0.995385414 0.707767712 0.027921162 0.026885234 -0.705381073
1769781801.006928 1.822116451 1.001025582 0.996442188 0.707624313 0.027621482 0.026798632 -0.705540019
1769781801.017580 1.823435736 1.000983153 0.997482761 0.707474453 0.027340191 0.026807086 -0.705700923
1769781801.028245 1.824747290 1.000929690 0.998539679 0.707309509 0.027146049 0.026928853 -0.705869101
1769781801.038934 1.826056120 1.000876782 0.999664195 0.707098726 0.026925253 0.027058712 -0.706083741
1769781801.049532 1.827331792 1.000814461 1.000846766 0.706832823 0.026701482 0.027137584 -0.706355394
1769781801.060071 1.828517977 1.000746292 1.001962301 -0.706575307 -0.026498902 -0.027177629 0.706619077
1769781801.070691 1.829745642 1.000671057 1.003162190 -0.706271051 -0.026322873 -0.027248968 0.706927014
1769781801.081322 1.830987065 1.000601780 1.004330436 -0.705986702 -0.026122028 -0.027392832 0.707212874
1769781801.091992 1.832223395 1.000525757 1.005511187 -0.705700160 -0.025851343 -0.027563385 0.707502122
1769781801.102568 1.833478674 1.000437918 1.006745609 -0.705381346 -0.025565060 -0.027720172 0.707824256
1769781801.113169 1.834705749 1.000349499 1.007992534 -0.705042307 -0.025260741 -0.027923084 0.708164911
1769781801.123875 1.835917078 1.000248779 1.009274458 -0.704692234 -0.024962776 -0.028115652 0.708516214
1769781801.134577 1.837098058 1.000148848 1.010598119 -0.704304892 -0.024692759 -0.028277741 0.708904264
1769781801.145204 1.838232970 1.000042949 1.011892745 -0.703941294 -0.024430536 -0.028448763 0.709267560
1769781801.155881 1.839373942 0.999928231 1.013190447 -0.703575989 -0.024131242 -0.028608549 0.709633752
1769781801.166431 1.840574834 0.999809101 1.014557821 -0.703202869 -0.023732173 -0.028858384 0.710006833
1769781801.176989 1.841729649 0.999686154 1.015916360 -0.702812621 -0.023423560 -0.029151624 0.710391398
1769781801.187584 1.842888621 0.999565552 1.017316899 -0.702405520 -0.023105306 -0.029491387 0.710790327
1769781801.198342 1.844040624 0.999439289 1.018751084 -0.701988117 -0.022734483 -0.029776860 0.711202619
1769781801.208930 1.845147078 0.999302646 1.020158563 -0.701592085 -0.022340154 -0.029961282 0.711598051
1769781801.219687 1.846257489 0.999157471 1.021646107 -0.701138509 -0.021931292 -0.030118154 0.712051056
1769781801.230238 1.847305720 0.999003560 1.023146198 -0.700652079 -0.021597859 -0.030264253 0.712533698
1769781801.240726 1.848375167 0.998862617 1.024681931 -0.700138334 -0.021240119 -0.030450493 0.713041329
1769781801.251323 1.849461455 0.998727123 1.026240466 -0.699614951 -0.020884219 -0.030682668 0.713555424
1769781801.262014 1.850526670 0.998588708 1.027783011 -0.699104428 -0.020556829 -0.030923103 0.714054744
1769781801.273417 1.851567175 0.998450756 1.029317834 -0.698603539 -0.020169788 -0.031155409 0.714545740
1769781801.286238 1.852366356 0.998329742 1.030553373 -0.698214131 -0.019868306 -0.031344680 0.714926422
1769781801.301047 1.853458307 0.998150089 1.032346247 -0.697645395 -0.019464860 -0.031626784 0.715480097
1769781801.313159 1.854975875 0.997902140 1.034901753 -0.696883421 -0.018844790 -0.032029542 0.716220971
1769781801.324936 1.856678592 0.997621615 1.037738829 -0.696166166 -0.018047748 -0.032575222 0.716914084
1769781801.335722 1.857786060 0.997430813 1.039588779 -0.695737223 -0.017493762 -0.033016885 0.717323895
1769781801.346303 1.858861806 0.997251208 1.041402280 -0.695323159 -0.016941398 -0.033465572 0.717717737
1769781801.357017 1.859948897 0.997077870 1.043215126 -0.694962641 -0.016384030 -0.033956892 0.718056697
1769781801.367630 1.861062811 0.996917695 1.045074888 -0.694636045 -0.015766826 -0.034480383 0.718361521
1769781801.378356 1.862124580 0.996747717 1.046927775 -0.694341084 -0.015191473 -0.034982284 0.718634760
1769781801.389098 1.863202505 0.996571532 1.048893908 -0.693989155 -0.014555686 -0.035425328 0.718966085
1769781801.399783 1.864270083 0.996401976 1.050898704 -0.693632914 -0.013865739 -0.035789068 0.719305405
1769781801.410320 1.865364434 0.996253757 1.052814656 -0.693380528 -0.013118288 -0.036182199 0.719543051
1769781801.420920 1.866491184 0.996122935 1.054778131 -0.693126778 -0.012385594 -0.036673020 0.719775630
1769781801.432247 1.867714519 0.995962339 1.056968742 -0.692834236 -0.011649971 -0.037226470 0.720041102
1769781801.443028 1.868908625 0.995807934 1.059111840 -0.692568679 -0.010880936 -0.037733457 0.720282178
1769781801.454107 1.870113223 0.995673663 1.061304831 -0.692330050 -0.010117495 -0.038230180 0.720496490
1769781801.465013 1.871282729 0.995554785 1.063482464 -0.692103318 -0.009406289 -0.038735941 0.720696916
1769781801.475425 1.872389829 0.995412986 1.065575753 -0.691928735 -0.008741855 -0.039170830 0.720849396
1769781801.486189 1.873568329 0.995285441 1.067784257 -0.691662378 -0.008001713 -0.039585846 0.721090902
1769781801.496862 1.874823567 0.995172207 1.070068742 -0.691443040 -0.007263552 -0.040094799 0.721280923
1769781801.507758 1.876094183 0.995066658 1.072289807 -0.691334393 -0.006556759 -0.040656313 0.721360402
1769781801.518523 1.877397776 0.994969221 1.074635752 -0.691152122 -0.005803228 -0.041191292 0.721511153
1769781801.529321 1.878657940 0.994856525 1.076961439 -0.690999422 -0.005122844 -0.041681851 0.721634381
1769781801.540028 1.879898766 0.994752916 1.079347978 -0.690828041 -0.004505453 -0.042134517 0.721776282
1769781801.550667 1.881181901 0.994682888 1.081654777 -0.690724226 -0.003837504 -0.042581200 0.721853281
1769781801.561486 1.882481531 0.994603663 1.083941277 -0.690663370 -0.003147132 -0.043033537 0.721888025
1769781801.572448 1.883940011 0.994519332 1.086519126 -0.690511624 -0.002411908 -0.043530969 0.722006187
1769781801.583028 1.885291269 0.994449639 1.088895575 -0.690408870 -0.001854055 -0.044036511 0.722075439
1769781801.593925 1.886676413 0.994403097 1.091332303 -0.690394837 -0.001287599 -0.044520865 0.722060388
1769781801.604477 1.888004936 0.994353802 1.093765586 -0.690349000 -0.000729786 -0.044869276 0.722083426
1769781801.615069 1.889415408 0.994301088 1.096261416 -0.690249574 -0.000134283 -0.045249529 0.722155099
1769781801.625756 1.890862220 0.994257296 1.098711548 -0.690188450 0.000392377 -0.045676925 0.722186519
1769781801.636580 1.892370465 0.994226753 1.101201470 -0.690208477 0.000877999 -0.046131610 0.722138049
1769781801.647208 1.893843379 0.994194384 1.103655478 -0.690281208 0.001330518 -0.046542095 0.722041492
1769781801.658043 1.895270712 0.994156642 1.106150583 -0.690326634 0.001676541 -0.046880172 0.721975469
1769781801.668597 1.896798265 0.994135042 1.108703180 -0.690287128 0.002065870 -0.047256619 0.721987691
1769781801.679375 1.898385906 0.994134861 1.111215568 -0.690395234 0.002412198 -0.047657636 0.721856877
1769781801.690139 1.899951828 0.994137379 1.113672191 -0.690551693 0.002754820 -0.047987550 0.721684117
1769781801.700746 1.901483340 0.994127382 1.116238980 -0.690626425 0.002990233 -0.048245607 0.721594457
1769781801.711332 1.902985827 0.994128144 1.118723917 -0.690680631 0.003148266 -0.048498149 0.721524971
1769781801.722146 1.904599415 0.994150541 1.121272082 -0.690752910 0.003290132 -0.048810524 0.721434075
1769781801.732710 1.906265681 0.994184649 1.123787866 -0.690927785 0.003405732 -0.049087545 0.721247260
1769781801.743283 1.907829011 0.994191781 1.126257363 -0.691075295 0.003421555 -0.049285029 0.721092376
1769781801.754360 1.909415922 0.994197122 1.128797206 -0.691221743 0.003334654 -0.049456858 0.720940636
1769781801.765339 1.911176657 0.994223740 1.131480953 -0.691357560 0.003241754 -0.049674294 0.720795866
1769781801.775836 1.912804358 0.994268462 1.133870815 -0.691577453 0.003121163 -0.049789421 0.720577476
1769781801.786397 1.914420885 0.994328513 1.136282718 -0.691787870 0.002922236 -0.049870927 0.720370665
1769781801.796987 1.915991317 0.994386162 1.138730845 -0.691954916 0.002591498 -0.049909141 0.720208828
1769781801.807568 1.917617247 0.994398859 1.141259013 -0.692062191 0.002212117 -0.049955409 0.720103803
1769781801.818215 1.919320805 0.994402418 1.143819883 -0.692226618 0.001826482 -0.050012898 0.719942833
1769781801.828985 1.920987040 0.994450956 1.146172753 -0.692584451 0.001388080 -0.049911255 0.719606641
1769781801.839603 1.922595019 0.994619937 1.148319186 -0.692950795 0.000983565 -0.049532263 0.719280740
1769781801.850502 1.924273575 0.994956999 1.150194675 -0.693373856 0.000759177 -0.048929154 0.718914499
1769781801.861480 1.925962388 0.995471838 1.151775421 -0.693899690 0.000616389 -0.048166314 0.718458661
1769781801.872341 1.927721389 0.996125556 1.153137234 -0.694656118 0.000565785 -0.047289490 0.717785666
1769781801.883007 1.929362986 0.996816297 1.154183219 -0.695795185 0.000431806 -0.046316614 0.716745174
1769781801.893592 1.931035207 0.997487015 1.155072291 -0.697151697 0.000353235 -0.045342101 0.715488281
1769781801.904037 1.932722609 0.998142967 1.155908594 -0.698642158 0.000298974 -0.044385164 0.714093133
1769781801.914449 1.934398364 0.998781568 1.156710886 -0.700215664 0.000280001 -0.043441331 0.712608445
1769781801.925072 1.936078249 0.999425533 1.157572189 -0.701774313 0.000231412 -0.042457908 0.711132960
1769781801.935591 1.937774360 1.000057432 1.158462417 -0.703309437 0.000167971 -0.041462130 0.709673657
1769781801.946177 1.939488463 1.000667827 1.159328782 -0.704831147 0.000115811 -0.040523574 0.708216691
1769781801.956856 1.941250389 1.001268783 1.160222280 -0.706289400 0.000059897 -0.039633318 0.706812903
1769781801.967429 1.943043853 1.001860642 1.161190675 0.707659515 -0.000013483 0.038774087 -0.705488894
1769781801.977986 1.944692025 1.002422416 1.162118029 0.708960066 0.000092452 0.037861512 -0.704231583
1769781801.988624 1.946439113 1.002983929 1.163145347 0.710135794 0.000124615 0.036980797 -0.703092853
1769781801.999571 1.948285855 1.003547670 1.164242318 0.711279329 0.000106717 0.036101840 -0.701981739
1769781802.010422 1.950092232 1.004081881 1.165327972 0.712305866 0.000056830 0.035234737 -0.700984211
1769781802.021484 1.951874570 1.004593331 1.166463385 0.713215039 0.000015081 0.034392949 -0.700101016
1769781802.033104 1.953793216 1.005145670 1.167681568 0.714232229 0.000034061 0.033462062 -0.699108441
1769781802.043939 1.955630583 1.005632740 1.168863773 0.715038781 -0.000012117 0.032682568 -0.698320407
1769781802.054456 1.957406739 1.006097361 1.170032320 0.715761126 -0.000092388 0.031950958 -0.697613889
1769781802.064956 1.959172985 1.006537188 1.171207190 0.716406178 -0.000188266 0.031253791 -0.696983037
1769781802.075419 1.960840436 1.006965119 1.172367842 0.717026043 -0.000193191 0.030502009 -0.696378665
1769781802.085842 1.962511262 1.007379348 1.173513057 0.717657180 -0.000223647 0.029763647 -0.695760194
1769781802.096447 1.964278768 1.007780098 1.174667006 0.718296242 -0.000309730 0.029073621 -0.695129583
1769781802.106962 1.966027949 1.008155696 1.175834804 0.718839850 -0.000413082 0.028422489 -0.694594315
1769781802.118089 1.967838341 1.008533677 1.177094430 0.719333121 -0.000543277 0.027781819 -0.694109312
1769781802.129328 1.969645429 1.008932435 1.178350403 0.719929120 -0.000569094 0.027013055 -0.693521473
1769781802.140306 1.971356059 1.009288957 1.179564500 0.720428391 -0.000596081 0.026311521 -0.693029784
1769781802.150820 1.973122978 1.009612381 1.180752398 0.720922607 -0.000686419 0.025689051 -0.692538949
1769781802.161428 1.974815785 1.009912757 1.181862037 0.721429531 -0.000760341 0.025091698 -0.692032702
1769781802.171968 1.976564044 1.010207750 1.183034996 0.721863114 -0.000867204 0.024526939 -0.691600551
1769781802.182578 1.978246229 1.010499743 1.184214687 0.722267106 -0.000920746 0.023918512 -0.691199888
1769781802.193140 1.979838567 1.010776587 1.185350818 0.722684952 -0.000911855 0.023275591 -0.690784971
1769781802.203773 1.981533229 1.011038204 1.186493403 0.723121024 -0.000953960 0.022669691 -0.690348579
1769781802.214221 1.983175486 1.011264620 1.187593373 0.723472267 -0.001036315 0.022145336 -0.689997384
1769781802.224802 1.984855705 1.011484444 1.188713436 0.723801892 -0.001132310 0.021623829 -0.689668000
1769781802.235326 1.986514776 1.011695622 1.189820442 0.724160191 -0.001189995 0.021068508 -0.689308871
1769781802.245783 1.988120987 1.011896527 1.190917520 0.724479059 -0.001224911 0.020521616 -0.688990171
1769781802.256259 1.989642548 1.012095846 1.192015183 0.724730593 -0.001217917 0.019956187 -0.688742212
1769781802.266687 1.991257861 1.012264537 1.193123354 0.724948426 -0.001293746 0.019459178 -0.688527012
1769781802.277190 1.992880181 1.012413980 1.194182322 0.725197187 -0.001360051 0.018992399 -0.688277908
1769781802.287817 1.994503270 1.012549937 1.195244772 0.725426678 -0.001430081 0.018508349 -0.688049076
1769781802.298241 1.996076567 1.012669343 1.196286293 0.725605897 -0.001503657 0.018050605 -0.687872079
1769781802.308787 1.997615378 1.012790062 1.197329272 0.725776759 -0.001529949 0.017556686 -0.687704528
1769781802.319296 1.999113543 1.012903390 1.198378966 0.725890827 -0.001546027 0.017085373 -0.687595962
1769781802.329887 2.000635747 1.013006435 1.199424935 0.726000832 -0.001552009 0.016615834 -0.687491307
1769781802.340937 2.002242273 1.013076107 1.200473073 0.726079310 -0.001614036 0.016209495 -0.687417982
1769781802.351871 2.003877707 1.013131841 1.201532203 0.726137193 -0.001691904 0.015782427 -0.687366590
1769781802.362479 2.005391584 1.013172223 1.202504276 0.726182892 -0.001766461 0.015384307 -0.687327149
1769781802.373097 2.006904655 1.013211427 1.203486916 0.726203604 -0.001813118 0.014985989 -0.687313944
1769781802.383977 2.008420401 1.013238547 1.204479851 0.726217150 -0.001823429 0.014559161 -0.687308778
1769781802.394622 2.009825043 1.013257493 1.205413780 0.726208964 -0.001794950 0.014145838 -0.687326134
1769781802.405371 2.011347260 1.013252565 1.206382692 0.726153397 -0.001837020 0.013793744 -0.687391884
1769781802.416213 2.012860944 1.013228549 1.207338079 0.726040962 -0.001924642 0.013499922 -0.687516232
1769781802.427004 2.014350850 1.013193243 1.208246813 0.725955698 -0.001965325 0.013165680 -0.687612629
1769781802.437586 2.015805306 1.013141534 1.209123178 0.725843723 -0.002008606 0.012880082 -0.687736112
1769781802.448336 2.017219697 1.013088713 1.209984310 0.725730997 -0.002000147 0.012563014 -0.687860953
1769781802.459222 2.018570302 1.013029449 1.210812206 0.725603298 -0.001963372 0.012237702 -0.688001626
1769781802.469825 2.019972165 1.012950145 1.211665124 0.725426584 -0.001959260 0.011937808 -0.688193230
1769781802.480567 2.021385890 1.012852978 1.212472403 0.725253450 -0.001979514 0.011678346 -0.688380077
1769781802.491381 2.022776982 1.012738602 1.213242215 0.725079105 -0.002005078 0.011429044 -0.688567824
1769781802.501972 2.024196029 1.012611437 1.214024960 0.724868254 -0.002033176 0.011192985 -0.688793581
1769781802.512882 2.025557536 1.012482573 1.214778886 0.724621845 -0.002043357 0.010995106 -0.689055958
1769781802.523694 2.026926128 1.012343113 1.215539952 0.724337801 -0.002029535 0.010782949 -0.689357933
1769781802.534223 2.028196558 1.012196904 1.216223181 0.724080114 -0.001995711 0.010554269 -0.689632231
1769781802.544801 2.029438954 1.012042382 1.216885387 0.723816567 -0.001928722 0.010314355 -0.689912655
1769781802.555351 2.030681537 1.011874253 1.217513814 0.723548239 -0.001895131 0.010108636 -0.690197196
1769781802.566082 2.031981324 1.011677889 1.218131468 0.723247831 -0.001903385 0.009967907 -0.690514007
1769781802.576896 2.033310788 1.011474578 1.218746170 0.722921167 -0.001891205 0.009825588 -0.690858066
1769781802.587693 2.034593894 1.011270456 1.219312625 0.722592251 -0.001864703 0.009685616 -0.691204130
1769781802.598154 2.035812262 1.011074583 1.219817448 0.722271181 -0.001835840 0.009550893 -0.691541576
1769781802.608500 2.036968991 1.010895640 1.220273112 0.721971578 -0.001780074 0.009384025 -0.691856785
1769781802.618939 2.038151203 1.010715750 1.220689984 0.721657812 -0.001759672 0.009240642 -0.692186042
1769781802.629625 2.039293054 1.010549147 1.221055100 0.721359574 -0.001691740 0.009049360 -0.692499540
1769781802.640239 2.040473184 1.010376350 1.221370876 0.721071156 -0.001661884 0.008895864 -0.692801912
1769781802.650749 2.041671958 1.010197013 1.221626596 0.720790976 -0.001672631 0.008780145 -0.693094857
1769781802.661210 2.042838011 1.010026906 1.221845338 0.720514312 -0.001676015 0.008664076 -0.693383913
1769781802.671855 2.044014380 1.009857621 1.222021802 0.720233971 -0.001689727 0.008568304 -0.693676262
1769781802.682526 2.045187280 1.009690334 1.222134584 0.719970871 -0.001682661 0.008437965 -0.693950945
1769781802.693003 2.046277440 1.009538200 1.222211320 0.719714445 -0.001653976 0.008313745 -0.694218455
1769781802.703421 2.047373876 1.009399091 1.222238020 0.719477822 -0.001621558 0.008169352 -0.694465475
1769781802.714098 2.048463651 1.009253987 1.222203786 0.719267195 -0.001581725 0.008024185 -0.694685405
1769781802.724673 2.049497182 1.009120078 1.222121874 0.719071148 -0.001502767 0.007845037 -0.694890554
1769781802.735114 2.050596084 1.008975891 1.221995100 0.718861842 -0.001507839 0.007704265 -0.695108641
1769781802.745641 2.051684557 1.008831390 1.221822721 0.718658401 -0.001527788 0.007583611 -0.695320256
1769781802.756110 2.052739315 1.008692901 1.221599034 0.718480942 -0.001531155 0.007460199 -0.695504951
1769781802.766574 2.053780568 1.008556510 1.221330197 0.718314981 -0.001522447 0.007345787 -0.695677590
1769781802.777065 2.054797587 1.008433221 1.221020986 0.718169294 -0.001466075 0.007210413 -0.695829524
1769781802.787732 2.055814986 1.008312281 1.220678236 0.718037783 -0.001392879 0.007063275 -0.695966890
1769781802.798330 2.056816344 1.008198816 1.220285696 0.717933918 -0.001322427 0.006890251 -0.696075905
1769781802.809036 2.057771228 1.008089218 1.219871846 0.717845187 -0.001234940 0.006683402 -0.696169588
1769781802.819808 2.058753044 1.007982167 1.219369990 0.717786635 -0.001129957 0.006451653 -0.696232322
1769781802.830454 2.059694133 1.007874184 1.218853577 0.717740087 -0.001013990 0.006253823 -0.696282291
1769781802.840977 2.060665929 1.007749989 1.218281284 0.717695875 -0.000921815 0.006098734 -0.696329367
1769781802.851858 2.061647676 1.007625116 1.217655094 0.717645724 -0.000853067 0.005937024 -0.696382538
1769781802.862724 2.062611223 1.007500414 1.216981573 0.717565495 -0.000796099 0.005774955 -0.696466637
1769781802.873235 2.063529607 1.007386266 1.216288799 0.717460440 -0.000770367 0.005635614 -0.696576029
1769781802.883664 2.064417647 1.007286444 1.215568300 0.717333032 -0.000736343 0.005483370 -0.696708484
1769781802.894193 2.065288737 1.007183621 1.214818936 0.717186154 -0.000719649 0.005356868 -0.696860680
1769781802.904671 2.066168428 1.007075163 1.214007149 0.717020234 -0.000714403 0.005248004 -0.697032232
1769781802.915252 2.067029768 1.006986698 1.213166394 0.716846648 -0.000731445 0.005153755 -0.697211436
1769781802.925869 2.067871092 1.006900236 1.212280973 0.716667572 -0.000716943 0.005052112 -0.697396267
1769781802.936395 2.068688723 1.006811926 1.211348960 0.716506945 -0.000686436 0.004939842 -0.697562129
1769781802.946948 2.069521606 1.006711129 1.210410094 0.716324743 -0.000701852 0.004893072 -0.697749545
1769781802.957436 2.070370404 1.006603862 1.209428999 0.716124771 -0.000726606 0.004865877 -0.697954946
1769781802.967935 2.071214609 1.006493765 1.208404601 0.715948749 -0.000796510 0.004840684 -0.698135605
1769781802.978432 2.072030368 1.006390311 1.207367336 0.715723282 -0.000842512 0.004823716 -0.698366813
1769781802.988964 2.072816470 1.006287538 1.206305406 0.715497338 -0.000890664 0.004795614 -0.698598432
1769781802.999950 2.073611845 1.006185428 1.205163388 0.715278939 -0.000946374 0.004766055 -0.698822172
1769781803.011317 2.074440417 1.006084754 1.203936168 0.715026872 -0.001011347 0.004737535 -0.699080185
1769781803.022050 2.075197607 1.005990491 1.202730577 0.714806330 -0.001071127 0.004714965 -0.699305750
1769781803.032635 2.075930909 1.005907479 1.201462556 0.714615420 -0.001128225 0.004644940 -0.699501218
1769781803.043531 2.076672072 1.005826832 1.200139056 0.714447195 -0.001164703 0.004604281 -0.699673245
1769781803.054373 2.077373845 1.005742412 1.198801898 0.714312623 -0.001182419 0.004541803 -0.699811011
1769781803.065456 2.078077320 1.005658044 1.197363712 0.714189921 -0.001198520 0.004437566 -0.699936874
1769781803.076062 2.078769781 1.005565689 1.195986287 0.714050909 -0.001253416 0.004362347 -0.700079065
1769781803.086991 2.079466686 1.005466966 1.194608823 0.713860913 -0.001324450 0.004343135 -0.700272790
1769781803.097737 2.080186483 1.005361840 1.193124172 0.713640345 -0.001418583 0.004343111 -0.700497383
1769781803.108439 2.080844028 1.005268447 1.191679204 0.713445670 -0.001488472 0.004334620 -0.700695562
1769781803.119005 2.081486158 1.005185618 1.190144961 0.713317903 -0.001543050 0.004315893 -0.700825628
1769781803.129637 2.082094026 1.005114720 1.188611440 0.713184802 -0.001572650 0.004292100 -0.700961157
1769781803.141586 2.082553831 1.005060903 1.187386866 0.713114211 -0.001585449 0.004254989 -0.701033169
1769781803.154290 2.082870955 1.005025041 1.186518071 0.713060081 -0.001592330 0.004227338 -0.701088379
1769781803.165699 2.083913199 1.004894370 1.183513801 0.712866605 -0.001615158 0.004133690 -0.701285610
1769781803.176401 2.084596094 1.004790507 1.181449808 0.712702481 -0.001637689 0.004084596 -0.701452641
1769781803.186966 2.085139488 1.004710322 1.179746273 0.712571632 -0.001672999 0.004041324 -0.701585731
1769781803.197907 2.085665751 1.004643360 1.178003363 0.712434451 -0.001705015 0.003993993 -0.701725227
1769781803.208738 2.086158539 1.004589128 1.176240967 0.712312361 -0.001704755 0.003933952 -0.701849499
1769781803.219695 2.086654050 1.004526812 1.174385099 0.712273777 -0.001726002 0.003853881 -0.701889048
1769781803.230572 2.087159487 1.004449529 1.172510654 0.712191072 -0.001743159 0.003821540 -0.701973100
1769781803.241457 2.087679872 1.004364942 1.170609626 0.712094193 -0.001794905 0.003825681 -0.702071223
1769781803.252117 2.088154122 1.004276056 1.168793458 0.711989763 -0.001839254 0.003826040 -0.702177012
1769781803.262835 2.088601286 1.004203388 1.166935071 0.711872843 -0.001884883 0.003808287 -0.702295522
1769781803.273322 2.089029485 1.004131977 1.165045175 0.711764850 -0.001926541 0.003781729 -0.702405000
1769781803.284000 2.089425749 1.004078154 1.163114165 0.711727919 -0.001937314 0.003717997 -0.702442732
1769781803.294728 2.089827989 1.004021192 1.161153276 0.711669909 -0.001965436 0.003681970 -0.702501616
1769781803.305340 2.090217204 1.003957263 1.159182453 0.711591456 -0.001985971 0.003645614 -0.702581216
1769781803.315894 2.090588374 1.003894550 1.157187343 0.711547709 -0.002006852 0.003601778 -0.702625688
1769781803.326490 2.090928635 1.003822105 1.155277584 0.711423356 -0.002014295 0.003584947 -0.702751663
1769781803.337020 2.091263455 1.003756442 1.153259296 0.711357818 -0.002048527 0.003535384 -0.702818156
1769781803.347617 2.091579878 1.003700511 1.151217956 0.711297733 -0.002074302 0.003483877 -0.702879147
1769781803.358160 2.091880423 1.003657855 1.149190636 0.711239158 -0.002100729 0.003445272 -0.702938530
1769781803.368976 2.092179323 1.003600720 1.147063385 0.711226801 -0.002125848 0.003390017 -0.702951226
1769781803.379709 2.092449780 1.003541465 1.144937692 0.711204466 -0.002110922 0.003318521 -0.702974210
1769781803.390369 2.092712495 1.003476401 1.142861690 0.711135878 -0.002118520 0.003280521 -0.703043749
1769781803.401056 2.092950153 1.003429362 1.140749896 0.711053217 -0.002128175 0.003223329 -0.703127587
1769781803.411695 2.093180604 1.003385251 1.138666493 0.710945974 -0.002139998 0.003211211 -0.703236042
1769781803.422255 2.093427751 1.003331099 1.136526087 0.710917861 -0.002203006 0.003201481 -0.703264312
1769781803.433015 2.093657924 1.003269425 1.134334421 0.710868952 -0.002242332 0.003187376 -0.703313689
1769781803.443434 2.093882107 1.003210146 1.132149147 0.710826977 -0.002272812 0.003209171 -0.703355916
1769781803.454229 2.094069499 1.003146674 1.130020434 0.710751167 -0.002277621 0.003223538 -0.703432442
1769781803.464750 2.094258014 1.003089269 1.127838987 0.710677399 -0.002308641 0.003260191 -0.703506699
1769781803.484983 2.094461765 1.003028217 1.125115234 0.710609207 -0.002341953 0.003292406 -0.703575319
1769781803.498913 2.094560819 1.002996770 1.123558346 0.710600998 -0.002353212 0.003276410 -0.703583648
1769781803.510709 2.094720950 1.002945528 1.120704194 0.710570250 -0.002353586 0.003247321 -0.703614835
1769781803.522015 2.094895360 1.002852696 1.117014842 0.710464815 -0.002382347 0.003244563 -0.703721212
1769781803.533286 2.095023399 1.002779181 1.113635093 0.710364073 -0.002424337 0.003251955 -0.703822727
1769781803.543968 2.095101445 1.002741440 1.111305477 0.710350695 -0.002481913 0.003225356 -0.703836151
1769781803.554600 2.095147646 1.002699049 1.109005350 0.710355790 -0.002476813 0.003175129 -0.703831255
1769781803.565208 2.095180927 1.002646420 1.106775313 0.710347058 -0.002491446 0.003138319 -0.703840181
1769781803.575704 2.095197471 1.002595358 1.104565335 0.710285495 -0.002485399 0.003135803 -0.703902341
1769781803.586559 2.095215047 1.002547415 1.102245988 0.710269095 -0.002501444 0.003125997 -0.703918875
1769781803.597360 2.095221179 1.002517026 1.099969921 0.710257324 -0.002537961 0.003099620 -0.703930739
1769781803.607799 2.095206135 1.002486228 1.097735419 0.710219497 -0.002551698 0.003100225 -0.703968851
1769781803.618322 2.095179309 1.002439450 1.095501588 0.710220449 -0.002578897 0.003068870 -0.703967929
1769781803.628896 2.095145416 1.002377483 1.093302292 0.710169056 -0.002604741 0.003077670 -0.704019641
1769781803.639362 2.095087192 1.002340606 1.091096014 0.710121811 -0.002633394 0.003066153 -0.704067239
1769781803.649960 2.095023096 1.002312212 1.088800128 0.710114630 -0.002687667 0.003055684 -0.704074322
1769781803.660480 2.094956587 1.002276021 1.086588891 0.710096404 -0.002734672 0.003043368 -0.704092576
1769781803.671016 2.094853322 1.002231206 1.084323054 0.710125075 -0.002770652 0.002964865 -0.704063854
1769781803.681438 2.094741970 1.002184478 1.082138944 0.710080129 -0.002790841 0.002940160 -0.704109208
1769781803.691994 2.094611269 1.002150321 1.079932248 0.710058137 -0.002793330 0.002912624 -0.704131491
1769781803.702431 2.094482928 1.002122038 1.077685914 0.710063340 -0.002788681 0.002928939 -0.704126195
1769781803.712960 2.094352809 1.002092901 1.075494929 0.710047146 -0.002802698 0.002963330 -0.704142325
1769781803.723555 2.094199900 1.002053548 1.073259273 0.710031417 -0.002811875 0.002993064 -0.704158024
1769781803.734116 2.094035616 1.002007087 1.071114124 0.709976505 -0.002801844 0.003045202 -0.704213205
1769781803.744683 2.093855419 1.001970601 1.068924030 0.709936735 -0.002827813 0.003075671 -0.704253062
1769781803.755197 2.093660552 1.001944574 1.066729380 0.709932293 -0.002851226 0.003066877 -0.704257484
1769781803.765722 2.093459798 1.001911008 1.064517739 0.709966250 -0.002883543 0.003043842 -0.704223221
1769781803.776304 2.093246844 1.001871425 1.062322529 0.709958852 -0.002915858 0.003052152 -0.704230510
1769781803.786880 2.093022304 1.001824491 1.060201345 0.709920283 -0.002953820 0.003079506 -0.704269113
1769781803.797818 2.092773005 1.001791649 1.058000791 0.709895062 -0.002984011 0.003079960 -0.704294406
1769781803.808320 2.092530891 1.001769688 1.055859849 0.709880298 -0.003025198 0.003086926 -0.704309081
1769781803.818818 2.092261576 1.001731943 1.053667665 0.709937325 -0.003066056 0.003033855 -0.704251652
1769781803.829484 2.091974723 1.001692725 1.051524264 0.709951655 -0.003098677 0.002985138 -0.704237272
1769781803.839981 2.091692200 1.001657748 1.049469808 0.709920385 -0.003146006 0.002967499 -0.704268659
1769781803.850417 2.091411507 1.001627769 1.047431722 0.709879994 -0.003228090 0.002952371 -0.704309063
1769781803.860938 2.091121866 1.001603133 1.045405423 0.709857342 -0.003300267 0.002941509 -0.704331605
1769781803.871522 2.090812022 1.001566864 1.043293524 0.709896815 -0.003351096 0.002910667 -0.704291709
1769781803.882227 2.090484968 1.001525547 1.041210560 0.709919417 -0.003388093 0.002891291 -0.704268829
1769781803.892718 2.090150462 1.001482232 1.039175231 0.709912336 -0.003415532 0.002898742 -0.704275803
1769781803.903296 2.089806924 1.001443158 1.037162773 0.709897805 -0.003439421 0.002932121 -0.704290196
1769781803.913767 2.089459970 1.001414306 1.035199446 0.709896670 -0.003469906 0.002952460 -0.704291105
1769781803.924210 2.089086846 1.001389442 1.033206788 0.709932407 -0.003474178 0.002961205 -0.704255024
1769781803.934757 2.088695910 1.001353526 1.031232457 0.709950055 -0.003431943 0.002994585 -0.704237299
1769781803.945611 2.088263989 1.001329100 1.029249402 0.709954941 -0.003378838 0.003007497 -0.704232575
1769781803.956331 2.087830588 1.001300586 1.027333751 0.709923509 -0.003327000 0.003033543 -0.704264396
1769781803.966846 2.087389691 1.001267807 1.025411435 0.709940935 -0.003305985 0.003016550 -0.704247001
1769781803.977407 2.086936798 1.001249645 1.023504068 0.709966860 -0.003261941 0.002995427 -0.704221162
1769781803.987955 2.086476872 1.001223283 1.021607558 0.710001007 -0.003229660 0.002977788 -0.704186958
1769781803.998541 2.086003905 1.001201757 1.019712679 0.710011157 -0.003212974 0.002973101 -0.704176821
1769781804.008973 2.085555053 1.001170446 1.017977894 0.709967641 -0.003217793 0.003020437 -0.704220471
1769781804.019863 2.085064751 1.001147139 1.016142932 0.709968537 -0.003224948 0.003013439 -0.704219564
1769781804.030798 2.084547398 1.001127776 1.014323319 0.709954667 -0.003237079 0.003011378 -0.704233501
1769781804.041607 2.084011510 1.001112210 1.012476502 0.709983672 -0.003248442 0.002950623 -0.704204464
1769781804.052332 2.083471253 1.001082104 1.010650504 0.710014353 -0.003247763 0.002909147 -0.704173705
1769781804.062938 2.082949175 1.001052382 1.008936512 0.710038649 -0.003252417 0.002873394 -0.704149333
1769781804.073440 2.082390254 1.001022074 1.007237625 0.710037590 -0.003260642 0.002839542 -0.704150500
1769781804.083906 2.081852026 1.001002495 1.005599008 0.710022632 -0.003290679 0.002837621 -0.704165450
1769781804.094364 2.081307175 1.000981786 1.003989371 0.710018807 -0.003319629 0.002824028 -0.704169226
1769781804.104807 2.080743723 1.000964072 1.002346096 0.710041895 -0.003349020 0.002799260 -0.704145905
1769781804.115319 2.080164961 1.000935508 1.000718704 0.710085184 -0.003364014 0.002756171 -0.704102349
1769781804.126012 2.079571032 1.000910740 0.999144719 0.710097486 -0.003341568 0.002725146 -0.704090171
1769781804.136511 2.078968138 1.000883913 0.997593602 0.710100310 -0.003328348 0.002710908 -0.704087440
1769781804.147128 2.078355586 1.000861878 0.996100057 0.710094168 -0.003296176 0.002682483 -0.704093894
1769781804.157835 2.077726368 1.000851821 0.994613634 0.710076169 -0.003288549 0.002667334 -0.704112139
1769781804.168325 2.077076130 1.000821744 0.993095170 0.710111791 -0.003275803 0.002604993 -0.704076507
1769781804.178817 2.076438455 1.000808046 0.991659424 0.710120240 -0.003260871 0.002585026 -0.704068128
1769781804.189323 2.075789076 1.000777036 0.990214280 0.710154009 -0.003245482 0.002561853 -0.704034223
1769781804.199749 2.075129218 1.000762870 0.988841682 0.710164137 -0.003226217 0.002543573 -0.704024162
1769781804.210236 2.074485950 1.000740570 0.987518590 0.710154340 -0.003217779 0.002542540 -0.704034086
1769781804.221131 2.073808502 1.000718666 0.986211623 0.710150685 -0.003192662 0.002530859 -0.704037930
1769781804.231924 2.073108725 1.000697931 0.984885829 0.710127858 -0.003176174 0.002566179 -0.704060900
1769781804.242798 2.072355953 1.000688244 0.983553163 0.710123802 -0.003132884 0.002543933 -0.704065267
1769781804.253434 2.071618383 1.000676619 0.982286884 0.710136212 -0.003075837 0.002513662 -0.704053110
1769781804.264660 2.070876719 1.000664502 0.981046986 0.710161364 -0.003027495 0.002472813 -0.704028093
1769781804.275838 2.070031450 1.000645014 0.979706678 0.710192125 -0.002957158 0.002402769 -0.703997605
1769781804.286638 2.069269513 1.000620356 0.978515031 0.710207067 -0.002911976 0.002380010 -0.703982796
1769781804.297420 2.068479471 1.000605961 0.977344031 0.710218821 -0.002869960 0.002352578 -0.703971204
1769781804.308153 2.067707067 1.000590131 0.976250168 0.710209966 -0.002831169 0.002366883 -0.703980246
1769781804.318702 2.066923816 1.000579867 0.975207880 0.710204190 -0.002785443 0.002333472 -0.703986367
1769781804.329248 2.066140176 1.000562824 0.974192513 0.710194191 -0.002759650 0.002317750 -0.703996608
1769781804.339899 2.065338897 1.000550144 0.973176885 0.710191297 -0.002749202 0.002302932 -0.703999616
1769781804.350680 2.064530159 1.000540703 0.972203211 0.710188205 -0.002743129 0.002271684 -0.704002861
1769781804.361489 2.063709220 1.000518518 0.971241161 0.710190002 -0.002744852 0.002248068 -0.704001117
1769781804.372096 2.062873024 1.000510467 0.970307506 0.710205245 -0.002738018 0.002190715 -0.703985947
1769781804.382782 2.062022663 1.000488426 0.969392851 0.710219871 -0.002733669 0.002147524 -0.703971342
1769781804.393431 2.061188023 1.000471352 0.968550168 0.710213448 -0.002726368 0.002130702 -0.703977901
1769781804.404060 2.060359391 1.000451070 0.967730226 0.710212132 -0.002749617 0.002141647 -0.703979105
1769781804.414643 2.059490246 1.000431131 0.966932600 0.710223507 -0.002747802 0.002113850 -0.703967721
1769781804.425511 2.058580633 1.000430077 0.966190551 0.710209105 -0.002677174 0.002070004 -0.703982652
1769781804.436286 2.057646136 1.000421010 0.965441582 0.710217136 -0.002611914 0.002032417 -0.703974905
1769781804.446855 2.056722088 1.000426031 0.964793075 0.710193755 -0.002529482 0.001967476 -0.703998978
1769781804.457724 2.055775693 1.000430480 0.964152408 0.710171369 -0.002468166 0.001897922 -0.704021969
1769781804.468307 2.054831610 1.000421822 0.963538490 0.710163834 -0.002416077 0.001826562 -0.704029939
1769781804.478970 2.053905078 1.000424435 0.962984860 0.710136727 -0.002378790 0.001791322 -0.704057499
1769781804.489516 2.052953323 1.000418647 0.962438377 0.710126480 -0.002335440 0.001751143 -0.704068080
1769781804.500077 2.052018083 1.000409988 0.961928217 0.710117652 -0.002324164 0.001724286 -0.704077087
1769781804.510823 2.051073925 1.000399869 0.961448432 0.710104466 -0.002334212 0.001715501 -0.704090374
1769781804.521615 2.050083425 1.000393760 0.960984630 0.710102207 -0.002317039 0.001663821 -0.704092834
1769781804.532673 2.049076553 1.000384642 0.960551242 0.710093011 -0.002322152 0.001647497 -0.704102129
1769781804.543560 2.048065408 1.000377598 0.960154221 0.710081266 -0.002325184 0.001618729 -0.704114032
1769781804.554521 2.047063701 1.000361609 0.959789130 0.710071507 -0.002351431 0.001624666 -0.704123772
1769781804.565116 2.046061982 1.000366217 0.959472969 0.710064249 -0.002316022 0.001587393 -0.704131293
1769781804.575690 2.044998571 1.000375294 0.959166704 0.710065288 -0.002249038 0.001526185 -0.704130598
1769781804.586386 2.043947123 1.000380642 0.958891872 0.710073633 -0.002202595 0.001481897 -0.704122424
1769781804.597248 2.042859021 1.000399040 0.958656327 0.710072586 -0.002133797 0.001402277 -0.704123855
1769781804.608136 2.041748938 1.000398364 0.958447118 0.710070407 -0.002098756 0.001352945 -0.704126255
1769781804.618744 2.040676022 1.000407467 0.958302555 0.710055911 -0.002042516 0.001294401 -0.704141148
1769781804.629401 2.039579855 1.000412148 0.958182014 0.710043222 -0.002001879 0.001239931 -0.704154158
1769781804.640200 2.038480590 1.000408014 0.958102012 0.710026002 -0.001957376 0.001203447 -0.704171710
1769781804.650929 2.037365094 1.000420330 0.958078098 0.709988758 -0.001916168 0.001151944 -0.704209461
1769781804.661830 2.036252470 1.000412388 0.958063541 0.709967524 -0.001908679 0.001126562 -0.704230930
1769781804.672461 2.035124498 1.000420041 0.958096996 0.709938790 -0.001869098 0.001105873 -0.704260036
1769781804.683490 2.034007377 1.000416474 0.958164524 0.709908511 -0.001841594 0.001155231 -0.704290551
1769781804.694689 2.032818679 1.000418603 0.958276721 0.709867072 -0.001765201 0.001271105 -0.704332314
1769781804.705619 2.031619544 1.000437874 0.958434291 0.709806250 -0.001646633 0.001328020 -0.704393791
1769781804.716312 2.030420303 1.000450152 0.958612271 0.709748935 -0.001529723 0.001338476 -0.704451785
1769781804.727139 2.029215210 1.000468069 0.958825717 0.709692404 -0.001417959 0.001345675 -0.704508956
1769781804.737725 2.027995222 1.000478539 0.959063620 0.709644149 -0.001300795 0.001333388 -0.704557813
1769781804.748327 2.026829921 1.000482707 0.959325979 0.709598889 -0.001247420 0.001350213 -0.704603461
1769781804.758930 2.025681524 1.000481309 0.959601719 0.709562212 -0.001257727 0.001373459 -0.704640333
1769781804.769702 2.024427348 1.000487600 0.959928251 0.709519851 -0.001206426 0.001343131 -0.704683135
1769781804.780341 2.023217985 1.000491223 0.960286116 0.709469815 -0.001181311 0.001317881 -0.704733602
1769781804.791161 2.021978042 1.000498767 0.960681804 0.709417803 -0.001138352 0.001273324 -0.704786112
1769781804.801981 2.020710991 1.000502953 0.961122454 0.709357800 -0.001101115 0.001244076 -0.704846616
1769781804.812762 2.019481720 1.000513367 0.961613234 0.709277387 -0.001104177 0.001226617 -0.704927560
1769781804.823502 2.018245305 1.000516457 0.962109123 0.709209258 -0.001103064 0.001200292 -0.704996149
1769781804.834236 2.016975499 1.000529901 0.962620970 0.709150171 -0.001072282 0.001166574 -0.705055689
1769781804.844824 2.015674290 1.000551854 0.963177818 0.709080642 -0.001000104 0.001112653 -0.705125808
1769781804.855495 2.014370262 1.000558609 0.963730758 0.709027777 -0.000923334 0.001057473 -0.705179155
1769781804.866134 2.013057373 1.000584238 0.964309507 0.708967998 -0.000823547 0.000973928 -0.705239499
1769781804.876831 2.011719962 1.000589972 0.964892648 0.708929387 -0.000755732 0.000882542 -0.705278508
1769781804.887489 2.010421638 1.000592850 0.965527271 0.708864722 -0.000749444 0.000838329 -0.705343563
1769781804.898228 2.009120478 1.000600687 0.966207140 0.708787400 -0.000755140 0.000822413 -0.705421274
1769781804.908846 2.007845752 1.000594167 0.966899471 0.708708596 -0.000783445 0.000823357 -0.705500414
1769781804.919588 2.006498433 1.000614025 0.967650549 0.708607928 -0.000743741 0.000766611 -0.705601632
1769781804.930304 2.005176188 1.000625203 0.968385826 0.708526951 -0.000742312 0.000720097 -0.705682995
1769781804.940944 2.003858209 1.000631504 0.969152533 0.708440812 -0.000794556 0.000702216 -0.705769432
1769781804.951572 2.002520582 1.000652214 0.969920146 0.708362120 -0.000821921 0.000658212 -0.705848425
1769781804.962341 2.001184917 1.000654697 0.970690478 0.708287956 -0.000824055 0.000615175 -0.705922881
1769781804.973077 1.999762966 1.000669730 0.971524985 0.708198716 -0.000763244 0.000549784 -0.706012531
1769781804.983745 1.998390568 1.000686874 0.972375621 0.708087695 -0.000684290 0.000492863 -0.706124001
1769781804.994268 1.996996013 1.000699596 0.973255334 0.707980732 -0.000605823 0.000404951 -0.706231373
1769781805.004927 1.995626189 1.000710723 0.974142834 0.707872400 -0.000566219 0.000334285 -0.706340027
1769781805.015602 1.994261127 1.000721091 0.975034131 0.707764241 -0.000531569 0.000258186 -0.706448463
1769781805.026310 1.992899324 1.000722217 0.975908922 0.707684852 -0.000551327 0.000204863 -0.706527992
1769781805.036865 1.991549895 1.000718929 0.976801157 0.707591279 -0.000571308 0.000171141 -0.706621699
1769781805.048183 1.990133312 1.000715657 0.977758775 0.707485036 -0.000551530 0.000145853 -0.706728094
1769781805.058966 1.988785356 1.000706698 0.978745050 0.707345729 -0.000563931 0.000163234 -0.706867509
1769781805.069757 1.987378725 1.000714703 0.979747052 0.707206793 -0.000501477 0.000160606 -0.707006559
1769781805.080228 1.986023785 1.000721214 0.980711795 -0.707080194 0.000427911 -0.000125810 0.707133227
1769781805.090955 1.984646764 1.000732388 0.981696824 -0.706952628 0.000341080 -0.000073583 0.707260815
1769781805.101446 1.983253028 1.000731050 0.982649643 -0.706855056 0.000241687 -0.000005481 0.707358376
1769781805.112527 1.981871959 1.000719110 0.983631256 -0.706747769 0.000157402 0.000059883 0.707465591
1769781805.123216 1.980491183 1.000717972 0.984663336 -0.706611330 0.000037317 0.000140585 0.707601871
1769781805.134174 1.979110495 1.000717811 0.985745805 -0.706456110 -0.000031153 0.000199418 0.707756826
1769781805.145531 1.977690882 1.000711240 0.986854054 -0.706311718 -0.000099175 0.000274645 0.707900891
1769781805.156275 1.976375067 1.000695150 0.987894256 -0.706177896 -0.000115228 0.000331615 0.708034361
1769781805.166873 1.975092164 1.000690256 0.988921549 -0.706031672 -0.000185082 0.000339616 0.708180153
1769781805.177359 1.973852098 1.000676907 0.989948368 -0.705875515 -0.000279600 0.000280509 0.708335797
1769781805.187857 1.972594371 1.000654562 0.990977677 -0.705701318 -0.000387406 0.000249067 0.708509307
1769781805.198783 1.971274347 1.000625529 0.992087737 -0.705483744 -0.000563822 0.000270688 0.708725825
1769781805.209440 1.969995946 1.000610106 0.993202892 -0.705234872 -0.000731801 0.000295373 0.708973308
1769781805.220052 1.968734162 1.000607897 0.994309930 -0.704970098 -0.000977345 0.000359928 0.709236262
1769781805.230716 1.967465664 1.000592468 0.995428310 -0.704712596 -0.001204400 0.000456949 0.709491718
1769781805.241241 1.966246746 1.000567972 0.996512252 -0.704467181 -0.001428438 0.000539848 0.709734922
1769781805.252054 1.965025754 1.000534299 0.997640259 -0.704187377 -0.001667618 0.000622959 0.710011950
1769781805.262650 1.963857395 1.000496142 0.998781761 -0.703870483 -0.001903057 0.000670287 0.710325469
1769781805.273331 1.962664711 1.000469079 1.000004454 -0.703504152 -0.002181863 0.000737649 0.710687416
1769781805.283866 1.961539334 1.000440045 1.001192175 -0.703141109 -0.002433259 0.000789925 0.711045735
1769781805.294540 1.960438586 1.000403787 1.002391945 -0.702777283 -0.002671287 0.000859349 0.711404397
1769781805.305315 1.959328652 1.000371000 1.003586473 -0.702419555 -0.002886160 0.000977826 0.711756617
1769781805.316090 1.958193804 1.000340702 1.004809474 -0.702052324 -0.003202753 0.001148760 0.712117236
1769781805.326763 1.957092795 1.000305154 1.006050196 -0.701678224 -0.003529871 0.001298016 0.712484052
1769781805.337239 1.956029531 1.000266309 1.007328579 -0.701261427 -0.003854577 0.001441072 0.712892331
1769781805.347887 1.954990607 1.000229713 1.008612153 -0.700848334 -0.004147784 0.001636016 0.713296384
1769781805.358721 1.953959893 1.000183758 1.009941290 -0.700422024 -0.004417777 0.001832775 0.713712906
1769781805.369331 1.952922890 1.000143268 1.011279246 -0.699998354 -0.004785554 0.002012911 0.714125585
1769781805.379970 1.951972422 1.000090902 1.012550835 -0.699617339 -0.005139262 0.002145255 0.714496022
1769781805.390535 1.950994246 1.000039891 1.013891185 -0.699212570 -0.005545865 0.002325738 0.714888534
1769781805.401072 1.950041678 0.999987616 1.015292281 -0.698762627 -0.005915504 0.002502908 0.715324775
1769781805.411772 1.949127089 0.999933868 1.016697945 -0.698302689 -0.006240583 0.002679147 0.715770377
1769781805.422284 1.948220859 0.999880209 1.018135906 -0.697813217 -0.006568445 0.002844434 0.716244008
1769781805.433197 1.947334199 0.999822033 1.019616154 -0.697310726 -0.006838063 0.002990542 0.716730109
1769781805.443915 1.946422666 0.999761598 1.021111484 -0.696814870 -0.007147286 0.003183578 0.717208350
1769781805.454589 1.945536530 0.999700394 1.022619545 -0.696296962 -0.007463498 0.003344753 0.717707217
1769781805.465378 1.944668320 0.999641166 1.024193472 -0.695725759 -0.007766256 0.003510573 0.718256939
1769781805.476130 1.943778810 0.999598046 1.025854918 -0.695148109 -0.008119500 0.003715000 0.718811087
1769781805.487048 1.942931640 0.999560799 1.027522503 -0.694591054 -0.008514115 0.003889898 0.719343900
1769781805.497844 1.942071567 0.999522157 1.029223292 -0.694079091 -0.008979210 0.004094888 0.719831106
1769781805.509102 1.941232772 0.999470381 1.030928761 -0.693595352 -0.009414453 0.004372934 0.720290034
1769781805.519986 1.940357885 0.999420750 1.032780728 -0.693061519 -0.009874327 0.004726284 0.720795319
1769781805.531099 1.939484528 0.999365246 1.034680024 -0.692546288 -0.010368045 0.005087149 0.721280988
1769781805.541589 1.938672698 0.999327436 1.036481532 -0.692083356 -0.010882540 0.005403625 0.721715318
1769781805.552208 1.937835704 0.999299448 1.038296038 -0.691677903 -0.011429576 0.005783104 0.722092514
1769781805.563105 1.937031477 0.999254182 1.040103789 -0.691305894 -0.011948109 0.006172845 0.722437056
1769781805.574067 1.936113645 0.999208166 1.042125689 -0.690876095 -0.012589095 0.006623910 0.722833217
1769781805.584563 1.935235983 0.999178152 1.044089049 -0.690451060 -0.013209042 0.007045842 0.723224178
1769781805.595152 1.934325205 0.999155723 1.046084230 -0.690071492 -0.013870767 0.007514518 0.723569257
1769781805.606127 1.933373548 0.999128703 1.048088746 -0.689776747 -0.014549679 0.008064609 0.723830994
1769781805.616759 1.932425652 0.999111303 1.050169358 -0.689441181 -0.015240017 0.008597999 0.724130288
1769781805.627412 1.931513908 0.999083999 1.052274466 -0.689108858 -0.015905562 0.009084052 0.724426307
1769781805.638211 1.930569320 0.999052678 1.054463016 -0.688750011 -0.016583024 0.009570234 0.724746049
1769781805.648855 1.929602864 0.999052153 1.056650838 -0.688456324 -0.017276021 0.010098938 0.725001683
1769781805.659510 1.928687220 0.999039641 1.058762382 -0.688234091 -0.017949091 0.010571727 0.725189564
1769781805.670103 1.927698899 0.999024205 1.061054354 -0.687913579 -0.018657696 0.011056125 0.725468511
1769781805.681330 1.926904331 0.999004952 1.062838874 -0.687694971 -0.019197626 0.011459863 0.725655393
1769781805.692852 1.925510776 0.999003752 1.065911746 -0.687322504 -0.020141701 0.012160641 0.725971216
1769781805.704973 1.924323102 0.999016050 1.068414020 -0.687128619 -0.020932915 0.012792170 0.726121501
1769781805.716629 1.923088339 0.999008403 1.071092761 -0.686883007 -0.021717519 0.013427204 0.726319347
1769781805.727712 1.921889044 0.999002729 1.073775641 -0.686601257 -0.022440356 0.013972189 0.726553455
1769781805.738389 1.920805608 0.999013617 1.076249031 -0.686376936 -0.023004593 0.014482881 0.726737736
1769781805.749267 1.919626378 0.999038565 1.078738148 -0.686219315 -0.023623963 0.015073417 0.726854698
1769781805.759986 1.918370415 0.999042917 1.081315877 -0.686063199 -0.024232782 0.015729322 0.726968121
1769781805.770556 1.917104517 0.999049598 1.083910384 -0.685807983 -0.024819491 0.016323075 0.727176017
1769781805.781198 1.915858109 0.999064162 1.086403423 -0.685676109 -0.025355047 0.016912377 0.727268428
1769781805.792058 1.914588361 0.999086438 1.088975986 -0.685617355 -0.025877235 0.017488532 0.727291800
1769781805.803201 1.913273674 0.999103405 1.091690351 -0.685506209 -0.026363680 0.018041967 0.727365576
1769781805.813802 1.911942845 0.999111199 1.094317923 -0.685369612 -0.026828914 0.018584300 0.727463627
1769781805.824564 1.910562613 0.999143912 1.096918997 -0.685257821 -0.027299936 0.019135796 0.727537115
1769781805.835219 1.909146126 0.999186446 1.099525076 -0.685269421 -0.027750987 0.019703303 0.727493974
1769781805.845913 1.907785064 0.999212979 1.102152650 -0.685257274 -0.028120291 0.020188385 0.727477936
1769781805.856811 1.906366786 0.999234386 1.104869047 -0.685161953 -0.028440272 0.020657062 0.727542119
1769781805.867486 1.904825210 0.999281210 1.107656181 -0.685099354 -0.028763677 0.021220346 0.727572143
1769781805.878047 1.903337280 0.999334730 1.110212123 -0.685207151 -0.029013779 0.021781695 0.727444100
1769781805.888628 1.901851917 0.999367874 1.112854925 -0.685256799 -0.029198351 0.022266629 0.727375263
1769781805.899317 1.900372124 0.999385519 1.115532313 -0.685273862 -0.029312592 0.022706733 0.727340986
1769781805.910012 1.898843826 0.999420442 1.118122413 -0.685401436 -0.029415245 0.023166684 0.727202118
1769781805.920672 1.897242597 0.999481796 1.120754083 -0.685514473 -0.029487872 0.023645202 0.727077216
1769781805.931355 1.895679322 0.999526418 1.123364678 -0.685690287 -0.029420070 0.024090635 0.726899533
1769781805.942088 1.894113287 0.999563867 1.126033337 -0.685837053 -0.029282203 0.024501099 0.726752905
1769781805.952950 1.892464733 0.999614042 1.128747278 -0.685958629 -0.029096058 0.024939005 0.726630734
1769781805.963668 1.890842365 0.999663903 1.131341821 -0.686137119 -0.028838493 0.025349676 0.726458250
1769781805.974543 1.889221765 0.999720807 1.133909486 -0.686417039 -0.028487320 0.025725965 0.726194393
1769781805.985451 1.887590748 0.999763862 1.136509250 -0.686657591 -0.028054246 0.026064443 0.725971733
1769781805.996116 1.885938770 0.999794555 1.139106178 -0.686866507 -0.027560920 0.026416708 0.725780239
1769781806.006926 1.884272366 0.999839973 1.141672213 -0.687162653 -0.026982888 0.026730879 0.725510077
1769781806.017709 1.882669898 0.999906046 1.144128757 -0.687439405 -0.026345163 0.026986385 0.725261837
1769781806.028491 1.880995015 0.999984116 1.146651789 -0.687712314 -0.025591654 0.027249414 0.725020213
1769781806.039267 1.879298752 1.000034419 1.149149890 -0.688040012 -0.024834972 0.027455532 0.724727783
1769781806.050097 1.877645146 1.000049825 1.151667705 -0.688277140 -0.024171452 0.027379922 0.724527887
1769781806.060792 1.876074365 1.000056248 1.154121162 -0.688570630 -0.023641290 0.026933377 0.724283211
1769781806.071382 1.874421185 1.000119460 1.156439946 -0.688964836 -0.023279619 0.026399660 0.723939619
1769781806.082355 1.872759616 1.000265564 1.158547755 -0.689391632 -0.022892933 0.025874545 0.723564509
1769781806.092979 1.871064103 1.000535000 1.160535391 -0.689793627 -0.022477502 0.025358462 0.723212598
1769781806.103492 1.869440894 1.000954958 1.162147132 -0.690380682 -0.022025715 0.024853624 0.722683664
1769781806.114019 1.867803506 1.001478207 1.163449787 -0.691115282 -0.021612927 0.024418376 0.722008512
1769781806.124742 1.866067498 1.002085744 1.164575805 -0.692091513 -0.021263583 0.024005993 0.721097018
1769781806.135630 1.864300869 1.002726077 1.165547471 -0.693341261 -0.020911978 0.023576616 0.719919946
1769781806.146232 1.862618901 1.003337238 1.166434696 -0.694705881 -0.020563983 0.023111268 0.718628367
1769781806.156884 1.860917811 1.003934206 1.167305095 -0.696195943 -0.020234657 0.022665285 0.717208514
1769781806.167604 1.859137503 1.004500430 1.168178692 -0.697715304 -0.019953859 0.022291489 0.715750158
1769781806.178219 1.857396980 1.005037649 1.169024725 -0.699180572 -0.019659353 0.021899479 0.714339171
1769781806.188892 1.855689472 1.005565815 1.169884018 -0.700595138 -0.019331968 0.021504502 0.712972850
1769781806.199825 1.853936938 1.006106148 1.170773254 -0.702041225 -0.018996606 0.021072737 0.711570929
1769781806.210489 1.852234324 1.006599790 1.171658230 -0.703315036 -0.018706295 0.020680389 0.710331160
1769781806.221502 1.850464436 1.007077426 1.172617138 -0.704469517 -0.018483113 0.020320113 0.709202486
1769781806.232153 1.848674938 1.007555836 1.173593767 -0.705618145 -0.018242087 0.019894577 0.708078009
1769781806.242805 1.847022353 1.008001900 1.174569075 -0.706599251 -0.017965228 0.019437567 0.707118753
1769781806.253433 1.845361065 1.008412836 1.175535918 0.707516421 0.017747012 -0.019026130 -0.706217788
1769781806.263972 1.843684348 1.008803590 1.176485191 0.708379841 0.017560437 -0.018664626 -0.705366049
1769781806.274630 1.841955012 1.009186079 1.177506984 0.709147306 0.017350222 -0.018335300 -0.704608320
1769781806.285346 1.840318563 1.009556372 1.178522535 0.709852351 0.017115431 -0.017971605 -0.703913150
1769781806.296000 1.838710103 1.009925094 1.179562719 0.710514029 0.016850218 -0.017578509 -0.703261602
1769781806.306732 1.837039095 1.010259786 1.180592378 0.711106495 0.016671841 -0.017238604 -0.702675198
1769781806.317418 1.835373273 1.010557086 1.181600459 0.711636953 0.016539687 -0.016959433 -0.702147893
1769781806.328045 1.833747315 1.010849718 1.182585467 0.712162435 0.016388692 -0.016664915 -0.701625511
1769781806.338501 1.832188860 1.011142002 1.183563051 0.712697396 0.016168445 -0.016321300 -0.701095299
1769781806.349203 1.830656797 1.011413565 1.184540571 0.713192956 0.015948357 -0.015962899 -0.700604484
1769781806.359864 1.829103921 1.011655362 1.185494428 0.713634321 0.015798836 -0.015656782 -0.700165208
1769781806.370823 1.827401783 1.011898061 1.186535336 0.714041387 0.015708341 -0.015388097 -0.699758067
1769781806.381469 1.825839382 1.012124319 1.187484835 0.714456394 0.015574680 -0.015092132 -0.699343777
1769781806.392220 1.824345672 1.012332811 1.188399057 0.714868133 0.015414071 -0.014752764 -0.698933698
1769781806.403062 1.822847826 1.012531695 1.189336084 0.715276782 0.015216099 -0.014375074 -0.698527704
1769781806.413507 1.821373286 1.012699802 1.190205771 0.715633580 0.015089992 -0.014091374 -0.698170685
1769781806.424366 1.819805873 1.012861109 1.191106821 0.715970346 0.015001845 -0.013859855 -0.697831866
1769781806.435064 1.818292791 1.013011486 1.191980547 0.716321762 0.014871435 -0.013582839 -0.697479377
1769781806.445518 1.816891624 1.013141535 1.192795230 0.716637229 0.014728579 -0.013308393 -0.697163566
1769781806.456407 1.815520670 1.013280859 1.193638754 0.716926287 0.014530206 -0.012970427 -0.696876847
1769781806.466961 1.814101280 1.013389947 1.194489710 0.717140313 0.014401576 -0.012700625 -0.696664238
1769781806.477618 1.812690423 1.013477035 1.195268570 0.717366889 0.014301658 -0.012476990 -0.696437028
1769781806.488277 1.811285064 1.013550558 1.196029397 0.717596714 0.014194628 -0.012256910 -0.696206318
1769781806.498954 1.809906774 1.013614302 1.196775375 0.717816295 0.014073621 -0.012007540 -0.695986723
1769781806.509487 1.808608205 1.013675613 1.197488960 0.718023946 0.013920502 -0.011730995 -0.695780293
1769781806.520214 1.807355764 1.013729020 1.198206011 0.718181401 0.013743370 -0.011458247 -0.695625836
1769781806.530933 1.806041281 1.013755066 1.198916113 0.718314382 0.013597041 -0.011214019 -0.695495374
1769781806.541948 1.804677073 1.013769737 1.199615982 0.718425630 0.013482753 -0.011033768 -0.695385566
1769781806.552582 1.803381304 1.013772441 1.200269662 0.718531900 0.013364739 -0.010854632 -0.695280857
1769781806.563187 1.802145423 1.013766559 1.200899729 0.718604794 0.013227612 -0.010666222 -0.695211056
1769781806.573825 1.800909518 1.013755375 1.201538208 0.718641529 0.013083056 -0.010468292 -0.695178827
1769781806.584415 1.799777724 1.013742825 1.202138699 0.718668460 0.012889384 -0.010224423 -0.695158234
1769781806.595117 1.798627271 1.013701145 1.202694050 0.718679665 0.012738593 -0.010033738 -0.695152208
1769781806.606251 1.797376014 1.013641363 1.203257869 0.718673618 0.012620248 -0.009884247 -0.695162759
1769781806.617017 1.796182170 1.013571806 1.203791136 0.718647606 0.012512854 -0.009744244 -0.695193568
1769781806.627617 1.795054592 1.013496948 1.204287150 0.718595812 0.012392066 -0.009609877 -0.695251139
1769781806.638439 1.793926352 1.013417739 1.204792654 0.718518787 0.012234671 -0.009446268 -0.695335770
1769781806.649053 1.792880017 1.013331839 1.205244875 0.718433163 0.012070615 -0.009276235 -0.695429394
1769781806.659494 1.791921150 1.013248431 1.205663112 0.718353062 0.011867441 -0.009077440 -0.695518255
1769781806.669931 1.790876050 1.013134339 1.206073644 0.718234358 0.011755111 -0.008953495 -0.695644348
1769781806.680679 1.789808973 1.013011013 1.206471904 0.718090149 0.011646148 -0.008851066 -0.695796353
1769781806.691556 1.788784541 1.012876131 1.206834857 0.717949249 0.011531760 -0.008741144 -0.695945032
1769781806.702528 1.787760336 1.012730076 1.207187187 0.717785650 0.011393289 -0.008627993 -0.696117455
1769781806.713334 1.786811634 1.012587264 1.207504641 0.717617600 0.011230187 -0.008497684 -0.696294946
1769781806.724189 1.785867672 1.012439239 1.207798067 0.717422437 0.011072562 -0.008376075 -0.696500026
1769781806.735157 1.784990213 1.012295296 1.208037633 0.717250215 0.010878049 -0.008212223 -0.696682393
1769781806.746058 1.784045346 1.012136211 1.208246979 0.717055701 0.010749594 -0.008099208 -0.696885909
1769781806.756632 1.783157615 1.011992518 1.208406535 0.716871135 0.010646606 -0.008015176 -0.697078319
1769781806.767349 1.782241009 1.011843510 1.208522874 0.716696821 0.010558981 -0.007942958 -0.697259697
1769781806.778192 1.781358848 1.011705790 1.208586236 0.716532329 0.010452626 -0.007840417 -0.697431496
1769781806.788778 1.780548651 1.011579674 1.208599793 0.716389072 0.010331611 -0.007720356 -0.697581788
1769781806.799504 1.779741420 1.011452884 1.208567684 0.716254804 0.010196720 -0.007600192 -0.697722953
1769781806.810307 1.778977524 1.011333605 1.208490716 0.716143279 0.010038741 -0.007457569 -0.697841251
1769781806.820916 1.778234802 1.011216384 1.208362503 0.716066459 0.009880853 -0.007311297 -0.697923878
1769781806.831608 1.777466630 1.011096506 1.208199221 0.716011157 0.009729475 -0.007205100 -0.697983844
1769781806.842135 1.776701590 1.010980729 1.207994505 0.715984326 0.009594994 -0.007104656 -0.698014258
1769781806.852862 1.775931369 1.010865199 1.207743083 0.715980572 0.009466791 -0.007011383 -0.698020802
1769781806.863531 1.775223678 1.010768649 1.207463133 0.715996103 0.009324110 -0.006898574 -0.698007916
1769781806.874239 1.774542800 1.010673356 1.207133371 0.716029409 0.009151732 -0.006760906 -0.697977378
1769781806.884837 1.773882391 1.010573083 1.206753132 0.716066041 0.008982736 -0.006616776 -0.697943374
1769781806.895449 1.773245355 1.010477454 1.206333624 0.716087610 0.008826593 -0.006480944 -0.697924511
1769781806.906163 1.772646838 1.010392050 1.205868804 0.716099163 0.008658145 -0.006316305 -0.697916277
1769781806.916809 1.772062724 1.010310077 1.205382385 0.716084795 0.008514741 -0.006186250 -0.697933948
1769781806.927447 1.771438198 1.010212556 1.204874521 0.716014951 0.008432771 -0.006112891 -0.698007243
1769781806.938200 1.770813608 1.010118368 1.204308328 0.715941401 0.008357518 -0.006033589 -0.698084278
1769781806.948835 1.770217207 1.010026100 1.203743500 0.715829321 0.008297003 -0.005997790 -0.698200236
1769781806.959543 1.769654913 1.009941517 1.203159971 0.715679620 0.008233012 -0.005944237 -0.698354899
1769781806.970187 1.769119634 1.009857815 1.202528032 0.715544992 0.008164741 -0.005869479 -0.698494274
1769781806.980678 1.768608182 1.009772042 1.201884931 0.715390132 0.008091002 -0.005806787 -0.698654261
1769781806.991380 1.768110587 1.009691176 1.201211093 0.715243824 0.008036668 -0.005744188 -0.698805187
1769781807.001989 1.767626631 1.009612538 1.200494414 0.715091032 0.007975618 -0.005670700 -0.698962838
1769781807.012663 1.767200321 1.009540365 1.199771230 0.714939808 0.007880626 -0.005592479 -0.699119225
1769781807.023380 1.766757523 1.009462431 1.199013014 0.714796416 0.007822950 -0.005535619 -0.699266932
1769781807.034397 1.766281661 1.009368287 1.198204615 0.714624611 0.007788245 -0.005518231 -0.699443034
1769781807.045057 1.765818031 1.009282849 1.197379113 0.714447752 0.007760292 -0.005513958 -0.699624030
1769781807.055907 1.765377731 1.009198157 1.196514300 0.714299904 0.007739185 -0.005501298 -0.699775312
1769781807.066576 1.764967864 1.009126845 1.195631231 0.714165555 0.007710223 -0.005478893 -0.699912919
1769781807.077218 1.764601023 1.009052472 1.194719645 0.714036952 0.007663690 -0.005440386 -0.700044928
1769781807.087883 1.764253869 1.008986995 1.193787990 0.713917469 0.007608924 -0.005397274 -0.700167709
1769781807.098754 1.763908991 1.008916717 1.192780185 0.713806750 0.007560825 -0.005355038 -0.700281430
1769781807.109308 1.763596675 1.008858775 1.191779464 0.713720288 0.007507889 -0.005303252 -0.700370515
1769781807.119836 1.763297690 1.008804609 1.190771038 0.713644903 0.007468675 -0.005259029 -0.700448081
1769781807.130573 1.763024563 1.008744531 1.189759759 0.713520284 0.007416361 -0.005218772 -0.700575882
1769781807.141090 1.762790070 1.008693411 1.188703297 0.713415462 0.007340436 -0.005145264 -0.700683968
1769781807.151730 1.762548248 1.008633182 1.187644566 0.713324244 0.007292599 -0.005089069 -0.700777742
1769781807.162336 1.762295180 1.008568810 1.186574244 0.713217766 0.007267120 -0.005066993 -0.700886534
1769781807.172959 1.762038662 1.008504437 1.185432751 0.713148165 0.007267703 -0.005035722 -0.700957571
1769781807.183624 1.761808332 1.008441183 1.184310097 0.713054820 0.007258818 -0.005013315 -0.701052779
1769781807.194286 1.761607659 1.008381450 1.183174815 0.712946126 0.007249398 -0.004983011 -0.701163631
1769781807.205202 1.761434849 1.008325522 1.181983006 0.712832521 0.007219002 -0.004936800 -0.701279767
1769781807.215702 1.761276542 1.008274567 1.180839996 0.712730683 0.007200566 -0.004897587 -0.701383732
1769781807.227558 1.761127874 1.008220789 1.179547820 0.712657544 0.007171921 -0.004844885 -0.701458705
1769781807.239447 1.761005467 1.008167463 1.178149853 0.712571339 0.007122196 -0.004777630 -0.701547244
1769781807.250558 1.760896850 1.008124395 1.176843611 0.712528582 0.007092630 -0.004713698 -0.701591402
1769781807.261590 1.760791078 1.008081387 1.175514891 0.712478645 0.007042464 -0.004673104 -0.701642890
1769781807.272055 1.760711990 1.008040575 1.174246238 0.712446396 0.006995587 -0.004639877 -0.701676326
1769781807.282571 1.760642900 1.007991135 1.173007151 0.712362449 0.006954342 -0.004629228 -0.701762031
1769781807.293230 1.760604609 1.007951382 1.171743670 0.712287931 0.006903352 -0.004609692 -0.701838299
1769781807.303759 1.760582746 1.007910610 1.170435536 0.712238536 0.006847768 -0.004573499 -0.701889207
1769781807.314753 1.760588682 1.007874025 1.169113653 0.712188920 0.006773446 -0.004528527 -0.701940564
1769781807.325832 1.760569809 1.007818648 1.167753489 0.712133753 0.006729320 -0.004520321 -0.701997009
1769781807.336523 1.760560613 1.007772381 1.166415768 0.712084703 0.006696878 -0.004513753 -0.702047117
1769781807.347232 1.760557631 1.007729151 1.165051716 0.712027003 0.006683356 -0.004513986 -0.702105763
1769781807.357802 1.760583028 1.007690625 1.163742008 0.711946598 0.006676357 -0.004502984 -0.702187433
1769781807.368643 1.760632950 1.007652801 1.162357482 0.711902802 0.006674869 -0.004465250 -0.702232090
1769781807.379595 1.760698222 1.007621827 1.160942589 0.711874588 0.006641054 -0.004436092 -0.702261197
1769781807.390263 1.760764987 1.007594464 1.159563787 0.711856656 0.006612155 -0.004414638 -0.702279781
1769781807.400960 1.760847015 1.007563546 1.158179609 0.711817892 0.006596274 -0.004388055 -0.702319388
1769781807.411561 1.760964531 1.007536057 1.156831400 0.711766111 0.006563277 -0.004344547 -0.702372445
1769781807.422423 1.761078880 1.007503593 1.155422260 0.711749038 0.006562219 -0.004296590 -0.702390051
1769781807.433101 1.761224622 1.007473804 1.154027848 0.711694852 0.006527279 -0.004263466 -0.702445482
1769781807.443987 1.761381583 1.007442528 1.152629372 0.711637710 0.006484098 -0.004247436 -0.702503868
1769781807.454787 1.761553423 1.007416659 1.151230315 0.711602480 0.006434973 -0.004221659 -0.702540161
1769781807.465528 1.761738090 1.007394561 1.149831168 0.711579562 0.006383117 -0.004199724 -0.702563979
1769781807.476196 1.761920365 1.007369716 1.148437830 0.711529075 0.006349546 -0.004204423 -0.702615386
1769781807.486969 1.762106101 1.007344731 1.147030412 0.711501527 0.006348862 -0.004185155 -0.702643405
1769781807.497769 1.762303868 1.007321535 1.145587233 0.711483287 0.006344293 -0.004176932 -0.702661964
1769781807.508478 1.762514402 1.007304815 1.144190818 0.711446974 0.006321687 -0.004176766 -0.702698936
1769781807.519115 1.762732580 1.007290012 1.142811575 0.711416982 0.006307630 -0.004169270 -0.702729470
1769781807.530041 1.762971684 1.007262674 1.141408669 0.711369578 0.006290573 -0.004163602 -0.702777644
1769781807.541332 1.763243010 1.007246857 1.139943991 0.711329878 0.006285715 -0.004131852 -0.702818058
1769781807.552286 1.763518582 1.007225445 1.138537509 0.711254607 0.006292256 -0.004116692 -0.702894263
1769781807.563013 1.763787915 1.007203817 1.137188167 0.711158271 0.006304971 -0.004119861 -0.702991598
1769781807.573739 1.764070022 1.007184708 1.135789423 0.711130114 0.006312605 -0.004104184 -0.703020104
1769781807.584416 1.764361153 1.007169511 1.134448421 0.711095080 0.006307909 -0.004087642 -0.703055679
1769781807.595294 1.764684076 1.007157974 1.133060301 0.711058256 0.006304489 -0.004055524 -0.703093139
1769781807.606104 1.765013303 1.007147881 1.131648204 0.711055796 0.006303994 -0.004010990 -0.703095887
1769781807.616727 1.765335123 1.007136680 1.130251585 0.711080114 0.006316936 -0.003960938 -0.703071460
1769781807.627659 1.765662233 1.007122843 1.128893541 0.711059728 0.006319226 -0.003954490 -0.703092094
1769781807.638950 1.766019070 1.007116065 1.127534263 0.711042627 0.006291663 -0.003936527 -0.703109736
1769781807.649967 1.766405547 1.007112311 1.126099382 0.711027233 0.006261326 -0.003924661 -0.703125641
1769781807.660609 1.766780445 1.007102480 1.124794064 0.710992479 0.006223022 -0.003922226 -0.703161137
1769781807.671133 1.767170956 1.007090361 1.123485779 0.710987144 0.006197917 -0.003888578 -0.703166941
1769781807.681586 1.767556158 1.007081526 1.122221999 0.710947515 0.006168487 -0.003890718 -0.703207254
1769781807.692059 1.767934659 1.007075746 1.120971208 0.710908981 0.006158870 -0.003892986 -0.703246282
1769781807.702479 1.768325761 1.007070299 1.119699174 0.710895536 0.006155260 -0.003876332 -0.703259998
1769781807.712915 1.768718157 1.007062353 1.118453709 0.710883141 0.006149067 -0.003868101 -0.703272626
1769781807.723330 1.769111921 1.007059259 1.117180724 0.710909850 0.006146588 -0.003856443 -0.703245712
1769781807.733832 1.769517313 1.007058590 1.115925795 0.710932579 0.006139327 -0.003839654 -0.703222891
1769781807.744269 1.769932452 1.007049484 1.114675579 0.710948887 0.006142043 -0.003823682 -0.703206466
1769781807.754840 1.770352155 1.007038308 1.113447763 0.710950989 0.006147064 -0.003811593 -0.703204363
1769781807.765643 1.770777546 1.007034542 1.112224426 0.710941912 0.006152957 -0.003809256 -0.703213501
1769781807.776245 1.771210946 1.007030389 1.111037293 0.710922578 0.006145627 -0.003816799 -0.703233070
1769781807.786849 1.771656935 1.007028024 1.109888965 0.710891139 0.006128517 -0.003820924 -0.703264979
1769781807.797805 1.772105073 1.007023745 1.108741460 0.710858429 0.006127915 -0.003827052 -0.703298014
1769781807.808573 1.772598871 1.007022214 1.107520666 0.710831906 0.006121376 -0.003837900 -0.703324819
1769781807.819240 1.773077220 1.007026135 1.106360386 0.710830706 0.006143590 -0.003796298 -0.703326063
1769781807.829996 1.773567437 1.007023389 1.105221907 0.710796368 0.006166314 -0.003783432 -0.703360637
1769781807.840499 1.774051514 1.007032084 1.104106046 0.710765759 0.006165668 -0.003799204 -0.703391488
1769781807.851145 1.774548337 1.007039311 1.102967233 0.710776081 0.006155341 -0.003797319 -0.703381159
1769781807.871269 1.774965232 1.007046901 1.102049264 0.710779536 0.006149744 -0.003780704 -0.703377806
1769781807.882695 1.775450652 1.007050679 1.101009484 0.710809417 0.006142140 -0.003743501 -0.703347875
1769781807.893749 1.776171931 1.007055525 1.099506665 0.710819639 0.006116991 -0.003737112 -0.703337798
1769781807.905171 1.776688852 1.007068889 1.098475337 0.710812610 0.006094848 -0.003731030 -0.703345125
1769781807.916991 1.777397492 1.007075379 1.097109656 0.710792755 0.006080142 -0.003731143 -0.703365318
1769781807.927969 1.778350386 1.007091961 1.095390647 0.710764404 0.006032312 -0.003718105 -0.703394448
1769781807.939116 1.778927361 1.007104214 1.094351068 0.710740028 0.006011365 -0.003735715 -0.703419164
1769781807.950136 1.779487206 1.007122343 1.093399918 0.710722365 0.005986239 -0.003708353 -0.703437369
1769781807.961628 1.780080231 1.007132999 1.092398994 0.710700489 0.005971290 -0.003700664 -0.703459639
1769781807.973242 1.780692516 1.007142171 1.091361182 0.710713985 0.005958545 -0.003670762 -0.703446269
1769781807.984245 1.781283194 1.007150783 1.090384284 0.710708437 0.005952958 -0.003658101 -0.703451987
1769781807.995193 1.781858132 1.007166318 1.089449215 0.710710558 0.005948600 -0.003653513 -0.703449905
1769781808.006134 1.782440004 1.007182024 1.088515467 0.710722761 0.005943524 -0.003646683 -0.703437654
1769781808.016816 1.783020107 1.007191270 1.087616756 0.710727058 0.005953858 -0.003615568 -0.703433386
1769781808.027345 1.783578191 1.007204717 1.086781072 0.710707767 0.005969575 -0.003607460 -0.703452785
1769781808.037841 1.784147415 1.007212599 1.085946797 0.710702701 0.005984415 -0.003596174 -0.703457834
1769781808.048715 1.784740617 1.007234065 1.085116006 0.710697263 0.005973832 -0.003585343 -0.703463474
1769781808.059213 1.785302854 1.007241542 1.084339769 0.710684591 0.005972981 -0.003590049 -0.703476259
1769781808.069687 1.785869540 1.007258942 1.083569992 0.710669194 0.005977999 -0.003589364 -0.703491774
1769781808.080179 1.786443605 1.007268337 1.082823329 0.710662855 0.005963899 -0.003578996 -0.703498351
1769781808.090727 1.787015998 1.007279705 1.082104257 0.710627725 0.005963963 -0.003588991 -0.703533785
1769781808.101301 1.787598228 1.007298984 1.081381594 0.710621966 0.005943086 -0.003583981 -0.703539805
1769781808.111777 1.788178018 1.007309288 1.080675690 0.710625372 0.005941196 -0.003558134 -0.703536511
1769781808.122282 1.788757246 1.007325105 1.079986255 0.710643294 0.005923464 -0.003525544 -0.703518721
1769781808.132821 1.789344045 1.007338265 1.079301541 0.710659893 0.005895192 -0.003505858 -0.703502290
1769781808.143347 1.789910105 1.007349080 1.078636016 0.710654362 0.005917215 -0.003485646 -0.703507793
1769781808.154017 1.790484723 1.007371617 1.078000932 0.710646313 0.005933865 -0.003432167 -0.703516046
1769781808.164516 1.791074260 1.007385056 1.077378518 0.710628615 0.005950453 -0.003379258 -0.703534039
1769781808.175107 1.791683600 1.007400725 1.076766797 0.710614590 0.005946293 -0.003320520 -0.703548520
1769781808.185872 1.792279396 1.007426020 1.076185176 0.710603207 0.005929196 -0.003277354 -0.703560364
1769781808.196592 1.792889233 1.007441801 1.075572230 0.710617227 0.005912787 -0.003249444 -0.703546471
1769781808.207261 1.793502361 1.007459941 1.074995392 0.710624296 0.005867754 -0.003241890 -0.703539742
1769781808.218003 1.794105740 1.007475469 1.074413289 0.710648181 0.005801907 -0.003274510 -0.703516012
1769781808.228590 1.794695698 1.007493353 1.073874550 0.710659637 0.005707549 -0.003339055 -0.703504908
1769781808.239128 1.795272939 1.007506697 1.073361846 0.710659420 0.005609229 -0.003424761 -0.703505505
1769781808.249607 1.795857545 1.007521678 1.072859976 0.710668127 0.005496065 -0.003510517 -0.703497180
1769781808.260218 1.796418469 1.007538351 1.072380868 0.710668455 0.005401267 -0.003621499 -0.703497021
1769781808.270810 1.797014882 1.007554170 1.071906813 0.710669632 0.005317810 -0.003676739 -0.703496181
1769781808.281304 1.797581719 1.007563967 1.071469189 0.710639327 0.005286418 -0.003738800 -0.703526703
1769781808.291833 1.798146656 1.007582600 1.071041986 0.710625711 0.005244033 -0.003790847 -0.703540495
1769781808.302387 1.798707042 1.007595990 1.070623733 0.710603730 0.005243876 -0.003831774 -0.703562476
1769781808.313316 1.799284240 1.007606298 1.070210452 0.710593738 0.005254667 -0.003836865 -0.703572460
1769781808.323970 1.799860194 1.007618691 1.069808488 0.710599046 0.005246693 -0.003851130 -0.703567080
1769781808.334499 1.800421439 1.007642465 1.069446859 0.710590512 0.005247406 -0.003843650 -0.703575736
1769781808.345040 1.800990662 1.007658185 1.069080468 0.710596474 0.005242569 -0.003836798 -0.703569787
1769781808.355615 1.801533911 1.007664232 1.068726062 0.710598408 0.005272516 -0.003836605 -0.703567611
1769781808.366101 1.802072177 1.007680953 1.068403130 0.710587462 0.005298276 -0.003834213 -0.703578486
1769781808.376571 1.802647239 1.007705778 1.068093901 0.710586273 0.005280623 -0.003801658 -0.703579997
1769781808.387389 1.803231251 1.007729317 1.067788182 0.710588585 0.005261677 -0.003762334 -0.703578015
1769781808.398954 1.803842417 1.007745991 1.067469889 0.710600385 0.005249444 -0.003715975 -0.703566435
1769781808.409851 1.804460629 1.007765678 1.067165687 0.710598631 0.005252003 -0.003689391 -0.703568327
1769781808.420320 1.805006150 1.007786825 1.066912186 0.710587735 0.005267721 -0.003657694 -0.703579380
1769781808.431012 1.805553157 1.007807262 1.066665018 0.710576055 0.005288750 -0.003637277 -0.703591123
1769781808.441874 1.806118799 1.007822790 1.066406604 0.710583910 0.005298218 -0.003622919 -0.703583193
1769781808.452690 1.806654040 1.007831764 1.066172313 0.710580193 0.005326908 -0.003609597 -0.703586799
1769781808.463270 1.807180312 1.007847684 1.065968064 0.710564027 0.005356534 -0.003597854 -0.703602961
1769781808.473805 1.807717610 1.007864120 1.065772528 0.710554624 0.005370693 -0.003580773 -0.703612436
1769781808.485196 1.808281712 1.007880933 1.065578578 0.710538083 0.005395940 -0.003562847 -0.703629038
1769781808.496035 1.808811719 1.007898779 1.065395319 0.710538209 0.005400279 -0.003557950 -0.703628902
1769781808.506894 1.809339721 1.007911697 1.065220566 0.710537344 0.005410855 -0.003573525 -0.703629616
1769781808.517632 1.809864175 1.007928438 1.065074493 0.710523705 0.005416040 -0.003570432 -0.703643364
1769781808.528440 1.810380029 1.007941622 1.064940325 0.710507816 0.005432742 -0.003569677 -0.703659283
1769781808.539275 1.810882415 1.007953649 1.064816718 0.710483395 0.005456156 -0.003586106 -0.703683675
1769781808.549933 1.811398063 1.007971829 1.064691482 0.710474369 0.005467696 -0.003585189 -0.703692704
1769781808.560472 1.811900249 1.007997400 1.064584295 0.710467711 0.005477043 -0.003564513 -0.703699458
1769781808.571070 1.812429930 1.008023908 1.064479156 0.710470501 0.005471874 -0.003509865 -0.703696957
1769781808.582029 1.812960160 1.008049027 1.064380517 0.710468324 0.005480944 -0.003465990 -0.703699301
1769781808.592723 1.813485754 1.008076828 1.064292669 0.710464216 0.005484504 -0.003427181 -0.703703611
1769781808.603313 1.813985366 1.008098806 1.064207609 0.710468410 0.005503866 -0.003389509 -0.703699408
1769781808.613859 1.814450446 1.008119186 1.064135458 0.710468527 0.005525604 -0.003383972 -0.703699147
1769781808.624470 1.814945792 1.008144561 1.064069697 0.710477195 0.005527988 -0.003352834 -0.703690525
1769781808.634995 1.815418013 1.008167792 1.064016844 0.710485846 0.005521980 -0.003347382 -0.703681864
1769781808.645468 1.815881672 1.008191308 1.063978572 0.710488595 0.005532576 -0.003331540 -0.703679080
1769781808.656091 1.816345115 1.008215222 1.063952718 0.710491966 0.005525670 -0.003326323 -0.703675755
1769781808.666599 1.816791122 1.008233589 1.063940982 0.710490629 0.005534478 -0.003320519 -0.703677063
1769781808.677175 1.817245375 1.008250038 1.063935791 0.710487083 0.005540149 -0.003307893 -0.703680658
1769781808.687839 1.817689837 1.008266493 1.063942940 0.710472057 0.005556761 -0.003322211 -0.703695631
1769781808.698427 1.818126520 1.008281301 1.063956058 0.710460305 0.005568969 -0.003327010 -0.703707377
1769781808.708963 1.818561328 1.008291944 1.063978206 0.710446203 0.005587356 -0.003332697 -0.703721442
1769781808.719434 1.818966108 1.008302006 1.064008739 0.710434133 0.005622157 -0.003340735 -0.703733312
1769781808.730016 1.819395984 1.008317262 1.064044477 0.710430510 0.005623748 -0.003337520 -0.703736971
1769781808.740469 1.819827321 1.008334486 1.064089311 0.710429166 0.005615015 -0.003324166 -0.703738462
1769781808.750994 1.820270109 1.008355011 1.064144840 0.710420232 0.005596872 -0.003307627 -0.703747702
1769781808.761449 1.820700938 1.008373770 1.064204947 0.710410029 0.005584673 -0.003291946 -0.703758172
1769781808.771968 1.821133654 1.008396629 1.064269517 0.710406700 0.005559086 -0.003274090 -0.703761818
1769781808.782486 1.821543434 1.008416948 1.064336021 0.710400841 0.005559653 -0.003264428 -0.703767774
1769781808.792961 1.821936833 1.008432955 1.064407439 0.710396256 0.005565824 -0.003270066 -0.703772327
1769781808.803480 1.822342238 1.008452728 1.064489455 0.710392404 0.005556127 -0.003262098 -0.703776329
1769781808.813931 1.822722999 1.008468575 1.064574397 0.710388382 0.005557816 -0.003268874 -0.703780344
1769781808.824601 1.823123270 1.008487707 1.064664046 0.710388182 0.005555389 -0.003252731 -0.703780639
1769781808.835208 1.823504497 1.008508507 1.064754091 0.710387890 0.005559805 -0.003248066 -0.703780921
1769781808.845818 1.823886552 1.008527394 1.064851185 0.710383868 0.005569425 -0.003246780 -0.703784911
1769781808.856357 1.824250205 1.008549948 1.064946141 0.710376563 0.005582606 -0.003251589 -0.703792157
1769781808.866821 1.824607096 1.008569838 1.065050226 0.710364550 0.005613198 -0.003255079 -0.703804023
1769781808.877332 1.824963337 1.008587893 1.065158354 0.710349462 0.005631469 -0.003268387 -0.703819044
1769781808.888015 1.825316240 1.008607218 1.065271725 0.710333378 0.005648529 -0.003284075 -0.703835067
1769781808.898516 1.825664949 1.008627164 1.065385983 0.710318855 0.005666134 -0.003289686 -0.703849556
1769781808.909213 1.825987497 1.008644892 1.065506911 0.710297482 0.005704968 -0.003327965 -0.703870631
1769781808.919726 1.826339119 1.008668904 1.065629989 0.710281430 0.005703339 -0.003336175 -0.703886803
1769781808.930416 1.826688700 1.008693601 1.065751750 0.710268976 0.005702755 -0.003341450 -0.703899350
1769781808.940987 1.827060924 1.008719360 1.065886556 0.710250696 0.005699966 -0.003319207 -0.703917923
1769781808.951461 1.827415739 1.008742242 1.066018489 0.710241629 0.005687555 -0.003308646 -0.703927222
1769781808.962208 1.827751563 1.008764700 1.066148021 0.710237283 0.005686614 -0.003300364 -0.703931652
1769781808.972738 1.828081254 1.008787586 1.066283327 0.710227713 0.005687637 -0.003315763 -0.703941228
1769781808.983268 1.828398152 1.008809711 1.066415912 0.710213581 0.005706411 -0.003324372 -0.703955293
1769781808.993984 1.828714492 1.008833624 1.066547617 0.710204774 0.005720423 -0.003342936 -0.703963977
1769781809.004447 1.829024340 1.008855061 1.066678978 0.710199600 0.005735624 -0.003345425 -0.703969061
1769781809.014868 1.829314214 1.008873719 1.066809573 0.710188458 0.005763965 -0.003353602 -0.703980031
1769781809.025670 1.829620758 1.008893952 1.066944597 0.710180647 0.005772722 -0.003358639 -0.703987815
1769781809.036262 1.829922112 1.008915454 1.067078220 0.710177563 0.005783869 -0.003380834 -0.703990728
1769781809.046886 1.830220607 1.008937875 1.067213313 0.710174653 0.005786111 -0.003396390 -0.703993571
1769781809.057545 1.830499860 1.008959651 1.067346786 0.710168120 0.005800134 -0.003419079 -0.703999936
1769781809.068257 1.830788755 1.008983700 1.067482826 0.710166892 0.005798416 -0.003441107 -0.704001081
1769781809.079019 1.831064626 1.009005454 1.067624941 0.710158260 0.005823530 -0.003453187 -0.704009523
1769781809.089652 1.831346534 1.009030345 1.067767410 0.710149883 0.005841718 -0.003453164 -0.704017822
1769781809.100415 1.831616228 1.009057499 1.067910630 0.710139384 0.005864387 -0.003475685 -0.704028113
1769781809.110999 1.831879607 1.009087512 1.068046588 0.710134391 0.005884850 -0.003489117 -0.704032912
1769781809.121657 1.832120885 1.009117385 1.068190046 0.710116507 0.005919008 -0.003521577 -0.704050503
1769781809.132195 1.832382127 1.009152047 1.068327952 0.710109116 0.005937803 -0.003522351 -0.704057795
1769781809.142857 1.832647511 1.009187023 1.068466768 0.710099643 0.005943033 -0.003528618 -0.704067274
1769781809.153747 1.832919952 1.009225174 1.068612686 0.710086221 0.005956975 -0.003513984 -0.704080766
1769781809.164758 1.833197956 1.009263074 1.068759417 0.710072028 0.005975423 -0.003489548 -0.704095046
1769781809.175249 1.833449508 1.009296992 1.068905186 0.710055571 0.005989132 -0.003496011 -0.704111493
1769781809.185852 1.833701939 1.009332084 1.069047976 0.710038288 0.005993242 -0.003504082 -0.704128847
1769781809.196950 1.833943043 1.009368210 1.069194494 0.710020587 0.006006148 -0.003530195 -0.704146455
1769781809.207493 1.834178981 1.009404625 1.069332467 0.710005420 0.006002388 -0.003554876 -0.704161656
1769781809.218176 1.834403217 1.009440712 1.069468614 0.709991395 0.006018467 -0.003580238 -0.704175531
1769781809.228769 1.834619137 1.009475349 1.069596835 0.709981427 0.006048524 -0.003598549 -0.704185230
1769781809.239511 1.834842822 1.009510544 1.069727660 0.709967135 0.006079883 -0.003598048 -0.704199372
1769781809.250412 1.835056622 1.009546585 1.069858916 0.709954497 0.006103401 -0.003625608 -0.704211769
1769781809.260985 1.835274191 1.009582659 1.069983196 0.709943100 0.006135061 -0.003627845 -0.704222973
1769781809.271477 1.835476715 1.009618524 1.070103580 0.709930732 0.006165823 -0.003636343 -0.704235128
1769781809.282175 1.835677174 1.009656426 1.070218770 0.709922966 0.006197679 -0.003649831 -0.704242607
1769781809.292861 1.835889813 1.009695912 1.070334509 0.709914081 0.006207218 -0.003665290 -0.704251400
1769781809.303500 1.836085429 1.009735416 1.070450921 0.709904284 0.006227325 -0.003694844 -0.704260944
1769781809.314159 1.836278869 1.009774975 1.070562052 0.709895701 0.006245817 -0.003714520 -0.704269327
1769781809.324886 1.836479034 1.009815014 1.070674474 0.709885824 0.006258026 -0.003731866 -0.704279083
1769781809.335615 1.836662733 1.009855304 1.070783557 0.709877060 0.006291441 -0.003749468 -0.704287526
1769781809.346228 1.836854616 1.009898046 1.070891798 0.709867610 0.006322231 -0.003747316 -0.704296786
1769781809.356862 1.837044411 1.009940340 1.070998943 0.709857913 0.006361099 -0.003742404 -0.704306236
1769781809.367425 1.837217408 1.009981071 1.071101370 0.709848773 0.006415357 -0.003732149 -0.704315010
1769781809.377913 1.837403680 1.010024244 1.071202531 0.709840804 0.006449079 -0.003724751 -0.704322773
1769781809.388617 1.837574380 1.010063923 1.071301727 0.709832368 0.006474839 -0.003744259 -0.704330935
1769781809.399113 1.837728193 1.010106134 1.071399660 0.709824876 0.006509180 -0.003776446 -0.704337997
1769781809.409754 1.837896597 1.010148396 1.071492551 0.709820677 0.006525170 -0.003802257 -0.704341942
1769781809.420262 1.838077890 1.010191259 1.071584020 0.709814844 0.006530889 -0.003811158 -0.704347719
1769781809.430846 1.838251631 1.010234716 1.071669217 0.709812465 0.006539911 -0.003823320 -0.704349968
1769781809.441488 1.838429780 1.010278617 1.071752915 0.709810051 0.006546634 -0.003825885 -0.704352323
1769781809.452237 1.838605717 1.010322286 1.071834079 0.709809373 0.006554769 -0.003832746 -0.704352894
1769781809.463115 1.838762352 1.010365411 1.071910213 0.709813335 0.006568459 -0.003867440 -0.704348584
1769781809.473702 1.838916309 1.010406591 1.071983215 0.709817369 0.006588087 -0.003880165 -0.704344266
1769781809.484309 1.839071901 1.010449819 1.072052932 0.709821357 0.006600296 -0.003901465 -0.704340014
1769781809.494883 1.839222197 1.010491643 1.072117919 0.709827031 0.006616097 -0.003919960 -0.704334045
1769781809.505760 1.839372106 1.010538323 1.072182971 0.709836325 0.006622366 -0.003958717 -0.704324402
1769781809.516734 1.839517963 1.010584327 1.072246638 0.709841660 0.006643430 -0.003968522 -0.704318772
1769781809.527480 1.839666980 1.010633951 1.072308498 0.709850662 0.006656976 -0.003992349 -0.704309438
1769781809.538210 1.839808947 1.010680856 1.072365331 0.709860080 0.006673904 -0.004004177 -0.704299718
1769781809.549016 1.839945299 1.010728560 1.072423410 0.709870872 0.006688741 -0.004036414 -0.704288516
1769781809.559606 1.840084849 1.010776541 1.072478393 0.709880045 0.006705669 -0.004046275 -0.704279052
1769781809.570228 1.840224404 1.010825123 1.072531860 0.709889179 0.006721826 -0.004056132 -0.704269635
1769781809.580866 1.840362085 1.010873224 1.072583328 0.709901409 0.006744550 -0.004064725 -0.704257040
1769781809.591521 1.840482169 1.010919257 1.072632955 0.709912887 0.006766400 -0.004094088 -0.704245090
1769781809.602168 1.840618377 1.010968427 1.072683637 0.709923434 0.006793252 -0.004097321 -0.704234181
1769781809.612720 1.840752033 1.011017956 1.072731416 0.709934152 0.006837180 -0.004077132 -0.704223068
1769781809.623343 1.840878496 1.011066412 1.072775210 0.709947982 0.006863372 -0.004085149 -0.704208825
1769781809.633972 1.841001869 1.011112824 1.072814977 0.709964511 0.006896399 -0.004090873 -0.704191805
1769781809.644451 1.841127148 1.011159659 1.072853708 0.709980120 0.006919584 -0.004098077 -0.704175798
1769781809.655156 1.841265101 1.011206758 1.072891865 0.709995223 0.006935696 -0.004090839 -0.704160454
1769781809.665986 1.841390610 1.011253495 1.072927758 0.710011845 0.006955315 -0.004100978 -0.704143441
1769781809.676625 1.841514493 1.011296431 1.072957886 0.710032844 0.006970676 -0.004117178 -0.704122020
1769781809.687251 1.841641323 1.011339528 1.072985971 0.710054611 0.006976656 -0.004138705 -0.704099884
1769781809.697959 1.841778526 1.011385066 1.073015885 0.710075180 0.006986567 -0.004142237 -0.704079021
1769781809.708578 1.841906875 1.011429748 1.073044738 0.710096399 0.006999264 -0.004154169 -0.704057425
1769781809.719301 1.842020702 1.011472128 1.073071242 0.710118288 0.007025847 -0.004169948 -0.704034990
1769781809.730032 1.842134011 1.011514712 1.073097879 0.710139546 0.007042263 -0.004192708 -0.704013248
1769781809.740608 1.842257406 1.011558866 1.073128167 0.710157006 0.007047485 -0.004208121 -0.703995491
1769781809.751193 1.842385360 1.011605193 1.073161240 0.710171181 0.007072245 -0.004192242 -0.703981038
1769781809.761743 1.842511399 1.011655898 1.073192069 0.710189915 0.007103671 -0.004188658 -0.703961844
1769781809.772340 1.842632544 1.011707732 1.073219002 0.710217474 0.007152102 -0.004205566 -0.703933448
1769781809.782964 1.842733754 1.011751607 1.073240298 0.710242139 0.007199589 -0.004216015 -0.703908016
1769781809.793771 1.842802431 1.011779881 1.073256185 0.710255618 0.007212510 -0.004224781 -0.703894231
1769781809.804418 1.842833751 1.011792990 1.073271241 0.710248215 0.007190777 -0.004211913 -0.703902000
1769781809.815102 1.842850504 1.011798767 1.073282720 0.710236245 0.007196493 -0.004157025 -0.703914346
1769781809.825810 1.842857859 1.011801019 1.073287977 0.710229603 0.007210521 -0.004119828 -0.703921122
1769781809.836623 1.842848629 1.011801259 1.073283908 0.710233012 0.007218866 -0.004127228 -0.703917554
1769781809.847230 1.842828129 1.011802112 1.073274390 0.710239832 0.007235278 -0.004143814 -0.703910406
1769781809.858179 1.842813106 1.011801959 1.073269568 0.710243116 0.007247915 -0.004152422 -0.703906912
1769781809.868986 1.842814648 1.011802550 1.073272026 0.710240787 0.007248148 -0.004147570 -0.703909288
1769781809.879730 1.842818201 1.011805570 1.073275070 0.710238320 0.007247374 -0.004139971 -0.703911830
1769781809.890672 1.842817590 1.011805650 1.073274720 0.710237484 0.007250875 -0.004136256 -0.703912660
1769781809.901479 1.842814180 1.011805096 1.073270714 0.710240309 0.007254920 -0.004136385 -0.703909767
1769781809.912199 1.842812675 1.011807093 1.073265955 0.710243464 0.007258365 -0.004133691 -0.703906564
1769781809.922812 1.842812055 1.011807358 1.073265020 0.710243570 0.007262593 -0.004127904 -0.703906447
1769781809.933354 1.842812562 1.011807585 1.073264696 0.710242957 0.007267228 -0.004119471 -0.703907068
1769781809.943833 1.842813871 1.011808127 1.073263126 0.710243007 0.007271447 -0.004110179 -0.703907028
1769781809.954768 1.842814873 1.011808599 1.073261275 0.710243806 0.007275332 -0.004101986 -0.703906229
1769781809.965530 1.842814646 1.011808029 1.073259491 0.710244404 0.007279105 -0.004096740 -0.703905618
1769781809.976133 1.842813951 1.011809517 1.073257062 0.710245979 0.007281849 -0.004093252 -0.703904020
1769781809.987258 1.842813272 1.011809902 1.073255035 0.710247171 0.007284668 -0.004089728 -0.703902809
1769781809.998230 1.842812970 1.011809305 1.073253636 0.710247928 0.007287563 -0.004085618 -0.703902039
1769781810.008767 1.842813254 1.011810610 1.073252435 0.710247805 0.007289485 -0.004082619 -0.703902160
1769781810.019574 1.842814190 1.011811066 1.073250914 0.710248824 0.007289939 -0.004079745 -0.703901144
1769781810.030592 1.842814682 1.011811474 1.073249240 0.710249809 0.007290328 -0.004078071 -0.703900156
1769781810.041270 1.842814007 1.011810915 1.073247413 0.710250830 0.007291723 -0.004077279 -0.703899115
1769781810.051988 1.842813486 1.011812139 1.073246466 0.710251117 0.007293201 -0.004075950 -0.703898819
1769781810.062639 1.842813164 1.011812306 1.073245799 0.710250595 0.007294089 -0.004075472 -0.703899339
1769781810.073355 1.842813000 1.011812666 1.073244271 0.710251528 0.007294243 -0.004075325 -0.703898396
1769781810.084098 1.842812998 1.011812970 1.073242923 0.710251741 0.007294133 -0.004075672 -0.703898181
1769781810.094601 1.842812909 1.011812115 1.073242350 0.710252167 0.007293170 -0.004076642 -0.703897756
1769781810.105342 1.842812846 1.011813183 1.073241790 0.710252527 0.007292170 -0.004077649 -0.703897397
1769781810.115887 1.842813318 1.011813368 1.073241422 0.710252487 0.007290813 -0.004078376 -0.703897446
1769781810.126498 1.842813342 1.011813542 1.073241042 0.710252216 0.007289593 -0.004079721 -0.703897725
1769781810.136969 1.842812641 1.011813557 1.073240731 0.710252193 0.007286626 -0.004083723 -0.703897756
1769781810.147460 1.842811518 1.011813545 1.073240190 0.710252029 0.007284435 -0.004087898 -0.703897919
1769781810.158173 1.842811087 1.011812788 1.073239344 0.710252574 0.007280612 -0.004092347 -0.703897383
1769781810.168766 1.842810875 1.011813942 1.073238510 0.710252946 0.007275981 -0.004097362 -0.703897027
1769781810.179334 1.842811440 1.011814170 1.073238279 0.710252616 0.007270915 -0.004101765 -0.703897387
1769781810.190132 1.842811269 1.011814246 1.073237926 0.710252829 0.007265949 -0.004106846 -0.703897193
1769781810.200600 1.842810857 1.011814296 1.073237746 0.710252221 0.007259587 -0.004114064 -0.703897830
1769781810.211266 1.842809704 1.011813220 1.073237656 0.710252021 0.007253151 -0.004122289 -0.703898050
1769781810.221919 1.842808950 1.011814132 1.073237965 0.710250013 0.007246467 -0.004131000 -0.703900095
1769781810.232647 1.842808917 1.011814167 1.073237727 0.710250212 0.007240516 -0.004136579 -0.703899922
1769781810.243233 1.842809395 1.011813349 1.073237498 0.710249977 0.007235250 -0.004141149 -0.703900186
1769781810.253928 1.842809201 1.011813385 1.073237198 0.710250348 0.007228555 -0.004147830 -0.703899842
1769781810.264571 1.842808868 1.011814312 1.073237135 0.710250088 0.007219187 -0.004157723 -0.703900142
1769781810.275118 1.842807738 1.011814284 1.073236885 0.710249317 0.007211986 -0.004167126 -0.703900938
1769781810.285717 1.842807154 1.011813395 1.073236367 0.710249130 0.007205629 -0.004174723 -0.703901147
1769781810.296352 1.842807157 1.011814461 1.073236217 0.710248065 0.007200596 -0.004180498 -0.703902238
1769781810.306960 1.842807862 1.011814537 1.073236089 0.710248118 0.007197373 -0.004182560 -0.703902206
1769781810.317965 1.842807586 1.011814487 1.073236419 0.710246277 0.007194561 -0.004186686 -0.703904067
1769781810.329897 1.842806575 1.011814367 1.073236249 0.710246726 0.007191746 -0.004190685 -0.703903619
1769781810.341578 1.842804958 1.011814189 1.073236234 0.710246590 0.007191082 -0.004193799 -0.703903744
1769781810.352968 1.842803922 1.011814070 1.073235937 0.710246645 0.007188605 -0.004197857 -0.703903690
1769781810.364563 1.842803776 1.011814075 1.073236106 0.710244994 0.007187707 -0.004200006 -0.703905352
1769781810.375581 1.842803846 1.011814078 1.073236393 0.710242814 0.007185454 -0.004203567 -0.703907554
