1770030031371895040.000000 0.000000000 0.000000000 0.000000000 -0.000000000 -0.000000000 -0.000000000 1.000000000
1770030031405238016.000000 0.000530537 -0.000028798 0.000351291 0.000082357 -0.000101167 -0.000071828 1.000000000
1770030031438581248.000000 0.001447414 -0.000557094 -0.000029243 0.000151062 -0.000214281 0.000060172 1.000000000
1770030031471909632.000000 0.001782736 -0.000282348 0.000134944 0.000389670 -0.000288217 -0.000046646 0.999999881
1770030031505233920.000000 0.001791258 -0.000792210 -0.000273760 0.000597230 -0.000294305 -0.000181656 0.999999762
1770030031538581248.000000 0.002604462 -0.001277557 -0.000838936 0.000810732 -0.000302526 -0.000310444 0.999999583
1770030031671900160.000000 0.004425777 -0.002532566 -0.001595796 0.001808306 -0.000458391 -0.000591847 0.999998093
1770030031705227776.000000 0.004885800 -0.002987876 -0.000852243 0.001899626 -0.000531470 -0.000521418 0.999997914
1770030031738588928.000000 0.005440791 -0.003555448 -0.001251920 0.002004418 -0.000569208 -0.000456604 0.999997735
1770030031771908864.000000 0.006509982 -0.002981901 0.001048283 0.002023274 -0.000583793 -0.000705262 0.999997556
1770030031805245440.000000 0.006839677 -0.002769484 -0.001061969 0.001925282 -0.000548877 -0.000732107 0.999997735
1770030031838591488.000000 0.007331494 -0.003844698 -0.002039480 0.001550754 -0.000481832 -0.000659661 0.999998450
1770030031971928576.000000 0.012656732 -0.005554890 0.002821099 0.001003813 -0.000223303 -0.000726154 0.999999225
1770030032005225728.000000 0.014493619 -0.006562561 0.002040461 0.001066127 -0.000263298 -0.000523562 0.999999285
1770030032038562048.000000 0.015144416 -0.006182941 0.004332178 0.001247784 -0.000093861 -0.000771793 0.999998927
1770030032071893504.000000 0.017666567 -0.007983949 0.002797836 0.001280706 -0.000503835 -0.000338416 0.999999046
1770030032105250304.000000 0.017883457 -0.007529745 0.003722155 0.001747929 -0.000255907 -0.000607478 0.999998271
1770030032138578688.000000 0.019930584 -0.007566696 0.006136279 0.002025113 -0.000344349 -0.000656407 0.999997675
1770030032271893248.000000 0.027070871 -0.009255115 0.009851271 0.002331053 -0.000255461 -0.000410579 0.999997199
1770030032305232384.000000 0.028090177 -0.010764437 0.010144358 0.002503867 -0.000096561 -0.000183751 0.999996841
1770030032338569728.000000 0.030596890 -0.012109926 0.009044316 0.002392758 -0.000409968 -0.000159873 0.999997079
1770030032371897600.000000 0.030974889 -0.013481415 0.008953026 0.002428505 -0.000261749 -0.000127454 0.999997020
1770030032405249536.000000 0.004883641 -0.024076506 -0.038439203 0.001709276 0.000825243 -0.001114037 0.999997616
1770030032438583296.000000 0.001584493 -0.018874841 -0.039609522 0.002062313 0.001203778 -0.002377519 0.999994338
1770030032605244928.000000 0.012332081 -0.028123178 -0.033749089 0.002148123 0.002307159 -0.002740433 0.999991298
1770030032638573056.000000 0.013897586 -0.029366000 -0.032705329 0.001856416 0.002409890 -0.002918561 0.999991179
1770030032671921920.000000 0.014725517 -0.029867766 -0.032189291 0.001951705 0.002551656 -0.002874370 0.999990702
1770030032705236992.000000 0.015229497 -0.029876119 -0.030483712 0.002277964 0.002904630 -0.003115094 0.999988377
1770030032738581760.000000 0.017120292 -0.029882224 -0.030997941 0.002571326 0.003247837 -0.003366420 0.999985754
1770030032771904256.000000 0.019304913 -0.030970821 -0.031322785 0.002646283 0.003369449 -0.002929401 0.999986589
1770030032871945984.000000 0.023976926 -0.028935965 -0.037006784 0.003107577 0.003535016 -0.002119803 0.999986708
1770030032905225728.000000 0.027368760 -0.032059219 -0.036706459 0.002730689 0.003546553 -0.002145862 0.999987721
1770030032938561792.000000 0.030162282 -0.031462014 -0.035275057 0.003028774 0.003807981 -0.001881503 0.999986410
1770030032971896320.000000 0.032493521 -0.031965863 -0.033834971 0.003246606 0.004172611 -0.001680599 0.999984682
1770030033005244160.000000 0.034612443 -0.033324983 -0.034967985 0.003080921 0.004176177 -0.001969224 0.999984622
1770030033038567680.000000 0.038734049 -0.029724611 -0.034125354 0.004110882 0.003999927 -0.002017699 0.999981523
1770030033138571776.000000 0.048381515 -0.032080781 -0.031877205 0.003685744 0.004155945 -0.002494820 0.999981523
1770030033171908096.000000 0.050649170 -0.032215446 -0.029186124 0.003682254 0.004555471 -0.002442449 0.999979913
1770030033205233664.000000 0.053554151 -0.031501483 -0.028230155 0.003911723 0.004697495 -0.002133582 0.999979079
1770030033238564864.000000 0.056514621 -0.029707517 -0.023912162 0.004099119 0.004893127 -0.002392571 0.999976814
1770030033271912448.000000 0.058171939 -0.029786076 -0.024542758 0.004269752 0.005059772 -0.002570014 0.999974787
1770030033305226752.000000 0.060997307 -0.028951792 -0.022864552 0.004314992 0.005456869 -0.002772545 0.999971986
1770030033405229312.000000 0.063338339 -0.030103521 -0.027376737 0.004431942 0.007300761 -0.001945782 0.999961674
1770030033438561024.000000 0.067188814 -0.029424392 -0.025041468 0.004403453 0.007232589 -0.002183159 0.999961793
1770030033471902976.000000 0.071430601 -0.028367234 -0.023681084 0.004306477 0.007526691 -0.002521054 0.999959290
1770030033505224704.000000 0.074349329 -0.027961487 -0.020780973 0.003976822 0.008028807 -0.002122234 0.999957681
1770030033538563840.000000 0.080011338 -0.030884294 -0.034932144 0.002985236 0.007470136 -0.001198626 0.999966919
1770030033571896064.000000 0.081673652 -0.029767631 -0.034296259 0.003181351 0.007797473 -0.001306077 0.999963701
1770030033671896576.000000 0.090983346 -0.022364317 -0.024391677 0.005476290 0.009604883 -0.000145554 0.999938846
1770030033738566912.000000 0.092529856 -0.021615250 -0.023682659 0.006059428 0.010827439 -0.000109681 0.999923050
1770030033771902208.000000 0.094323345 -0.017618377 -0.017443689 0.006463550 0.011931483 -0.000318246 0.999907911
1770030033805231360.000000 0.099830493 -0.015402738 -0.015910717 0.006639159 0.011859458 -0.000341415 0.999907613
1770030033838566656.000000 0.125839502 -0.023394493 -0.029292950 0.005940003 0.009631788 -0.000819309 0.999935687
1770030033871889408.000000 0.127453968 -0.022390259 -0.029646281 0.006098885 0.009906502 -0.000926900 0.999931931
1770030033971892736.000000 0.132201001 -0.016167717 -0.024360474 0.006730257 0.012307533 -0.001560402 0.999900460
1770030034038558720.000000 0.141740426 -0.011602549 -0.024954915 0.006609262 0.012710363 0.000115512 0.999897420
1770030034071893248.000000 0.143559545 -0.009639908 -0.024738966 0.006970463 0.013325362 -0.000011671 0.999886990
1770030034138562816.000000 0.144624695 -0.004206087 -0.023289515 0.007275445 0.014979837 -0.000899782 0.999861002
1770030034171896320.000000 0.149310455 -0.005039812 -0.024404708 0.006940119 0.015145958 -0.000460296 0.999861181
1770030034271899648.000000 0.147378877 -0.002757410 -0.033881433 0.006558859 0.017303260 0.000070277 0.999828815
1770030034338567936.000000 0.142217681 0.002682606 -0.037341394 0.007130965 0.019634638 -0.000855646 0.999781430
1770030034371895808.000000 0.143939674 0.005303742 -0.038611662 0.007274830 0.019835120 -0.000879388 0.999776483
1770030034438565888.000000 0.145340919 0.006099204 -0.039833941 0.007047425 0.021640109 -0.000082232 0.999741018
1770030034471908352.000000 0.172211498 0.001808435 -0.042779233 0.005916738 0.019688513 -0.001137845 0.999788046
1770030034505234176.000000 0.175425202 0.003781692 -0.041981854 0.005732727 0.019912405 -0.001141659 0.999784708
1770030034538560768.000000 0.176440135 0.005775902 -0.042133879 0.005687546 0.021039858 -0.001262255 0.999761701
1770030034638558976.000000 0.176305890 0.012705838 -0.045242425 0.005836735 0.023197781 -0.002480343 0.999710858
1770030034671890688.000000 0.175665572 0.016564388 -0.047267638 0.005846535 0.024204487 -0.002487581 0.999686837
1770030034705234688.000000 0.177625149 0.021541063 -0.046048835 0.005893645 0.024881089 -0.002529867 0.999669909
1770030034738564352.000000 0.167647883 0.023315737 -0.028421702 0.005150456 0.024579840 0.000444773 0.999684513
1770030034805241088.000000 0.180660263 0.033195410 -0.018115858 0.005532504 0.025386283 0.000126162 0.999662399
1770030034838566656.000000 0.184591487 0.038552228 -0.012564539 0.005892036 0.026137240 -0.000299996 0.999641001
1770030034905230080.000000 0.191918686 0.047986954 -0.007572445 0.005813721 0.026953137 -0.001520759 0.999618649
1770030035005272064.000000 0.197871238 0.057858415 -0.005694302 0.005216225 0.028742474 -0.002194332 0.999570847
1770030035038617088.000000 0.212945670 0.077676199 -0.029912133 0.005042948 0.028892895 -0.000334291 0.999569714
1770030035071920640.000000 0.212928906 0.080456659 -0.029578464 0.004360593 0.029820086 -0.000952033 0.999545336
1770030035105259008.000000 0.214735538 0.085335001 -0.028910322 0.004803679 0.030490456 -0.001356522 0.999522626
1770030035138570496.000000 0.216863364 0.088938475 -0.029210625 0.004381570 0.030823391 -0.002044394 0.999513149
1770030035171892480.000000 0.218516693 0.094081610 -0.028666932 0.004300957 0.031375166 -0.002350896 0.999495685
1770030035305225472.000000 0.227645516 0.108046010 -0.026003832 0.002736611 0.033072010 -0.004064731 0.999441028
1770030035338560768.000000 0.232363790 0.100276425 -0.030270105 0.001826095 0.032834653 0.003273977 0.999453783
1770030035371909888.000000 0.233403310 0.103853501 -0.029798690 0.001684096 0.033643413 0.002467700 0.999429464
1770030035405232640.000000 0.235346466 0.105075382 -0.029396057 0.000799823 0.034850657 0.002428186 0.999389291
1770030035438568192.000000 0.235792354 0.110559084 -0.028612489 0.000944400 0.035889808 0.001768366 0.999353826
1770030035471901440.000000 0.238765419 0.110263325 -0.027541073 -0.000065236 0.036608305 0.001857108 0.999328017
1770030035571895040.000000 0.253490716 0.137638703 -0.021525603 0.000321674 0.036320802 0.000451660 0.999340057
1770030035605228032.000000 0.254708439 0.140836447 -0.021772899 -0.000167738 0.036407072 0.000255224 0.999337077
1770030035638591744.000000 0.254446149 0.144663051 -0.021749105 -0.000504690 0.036730342 -0.000630234 0.999324918
1770030035671903744.000000 0.256792754 0.149308860 -0.021437675 -0.000903522 0.036624238 -0.001376056 0.999327779
1770030035705233152.000000 0.258686870 0.151561305 -0.021110872 -0.001238761 0.036396135 -0.001152913 0.999336064
1770030035738578688.000000 0.259091944 0.156766772 -0.020134889 -0.001371996 0.036972146 -0.002366498 0.999312639
1770030035805231104.000000 0.270905554 0.161164910 -0.027444493 -0.002266279 0.036023479 -0.000678873 0.999348164
1770030035838562304.000000 0.273445249 0.165053159 -0.026245547 -0.002433348 0.035946891 -0.000830681 0.999350429
1770030035905228800.000000 0.276652157 0.172917679 -0.024571642 -0.003142126 0.035762873 -0.001527102 0.999354184
1770030035938558464.000000 0.277700275 0.177612886 -0.025424855 -0.002998867 0.035433490 -0.001784912 0.999365985
1770030035971900928.000000 0.278976440 0.180351138 -0.025452515 -0.003248475 0.035063785 -0.002005034 0.999377847
1770030036005222912.000000 0.279658616 0.187175825 -0.025856411 -0.002573493 0.035257105 -0.002177519 0.999372602
1770030036105246720.000000 0.283693880 0.204585820 -0.010235049 -0.002171003 0.036280271 -0.002409306 0.999336421
1770030036171904256.000000 0.284092695 0.205181360 -0.010799687 -0.004009003 0.036637157 -0.002787697 0.999316692
1770030036338573568.000000 0.286606073 0.224016786 -0.009806649 -0.003406874 0.036149997 -0.004580185 0.999330103
1770030036471903744.000000 0.295898438 0.237263948 -0.007359940 -0.003266686 0.033705920 -0.004510176 0.999416292
1770030036505237760.000000 0.295268208 0.239479512 -0.008259136 -0.003447544 0.033618186 -0.005228876 0.999415159
1770030036538587136.000000 0.296419472 0.240518764 -0.009381975 -0.003439524 0.033050340 -0.004648890 0.999436975
1770030036571904256.000000 0.294259876 0.242124930 -0.009095972 -0.003355627 0.033267364 -0.005217047 0.999427199
1770030036605240576.000000 0.292162538 0.243341297 -0.008909205 -0.003460624 0.033596393 -0.005556467 0.999414027
1770030036638577664.000000 0.293501914 0.245990291 -0.009922662 -0.002588088 0.032971609 -0.005435447 0.999438226
1770030036738574080.000000 0.291987479 0.246489912 -0.010473746 -0.002651681 0.031718999 -0.006051134 0.999475002
1770030036771915520.000000 0.289259821 0.246998176 -0.010942483 -0.002437426 0.031567715 -0.005935319 0.999481022
1770030036805238528.000000 0.289432466 0.245575473 -0.010012713 -0.002497685 0.030469548 -0.005898123 0.999515235
1770030036838584576.000000 0.291536719 0.240849704 -0.013778542 -0.002977672 0.029091723 -0.005080803 0.999559402
1770030036871915264.000000 0.289905965 0.242771253 -0.013400571 -0.002313302 0.028443618 -0.005371055 0.999578297
1770030036905226496.000000 0.289654911 0.240475282 -0.014434158 -0.002765518 0.027974728 -0.004883653 0.999592900
1770030037038577920.000000 0.283115745 0.236762866 -0.017574642 -0.002249546 0.028997179 -0.005065502 0.999564171
1770030037071915776.000000 0.283258975 0.235714212 -0.017459303 -0.002043578 0.028415175 -0.004864834 0.999582350
1770030037105235456.000000 0.278577238 0.234613702 -0.018588232 -0.001368367 0.028908605 -0.004696025 0.999570131
1770030037138590976.000000 0.276335239 0.233198285 -0.017291598 -0.000962028 0.028820911 -0.004853829 0.999572337
1770030037171921152.000000 0.274328262 0.229716748 -0.019087268 -0.000805880 0.028698402 -0.004233382 0.999578834
1770030037205227264.000000 0.272229224 0.226238444 -0.021267140 -0.000648793 0.028259244 -0.003806164 0.999593198
1770030037338565632.000000 0.251381516 0.215000957 -0.023862923 0.002409471 0.028833190 -0.004481709 0.999571323
1770030037371927552.000000 0.248726398 0.212477177 -0.023001183 0.002930619 0.028733386 -0.004300582 0.999573648
1770030037405227776.000000 0.244689047 0.208067879 -0.023831001 0.003535553 0.028786348 -0.003613590 0.999572873
1770030037438580224.000000 0.241663426 0.204216346 -0.023596963 0.003859982 0.028573211 -0.003318359 0.999578774
1770030037471934720.000000 0.236124799 0.197255045 -0.025862452 0.003716116 0.028499076 -0.003373150 0.999581277
1770030037505231104.000000 0.232448488 0.191857815 -0.025608165 0.004260563 0.028326886 -0.003309349 0.999584198
1770030037638581504.000000 0.217140228 0.171388522 -0.031206125 0.006879497 0.026882909 -0.001737326 0.999613464
1770030037671934720.000000 0.213269114 0.163525224 -0.032877062 0.007130110 0.026826693 -0.001203625 0.999614000
1770030037705254400.000000 0.206572428 0.173408523 -0.036221884 0.010223775 0.026699446 -0.003310080 0.999585748
1770030037738588672.000000 0.203565508 0.169458628 -0.036165915 0.011134992 0.026312862 -0.003250796 0.999586463
1770030037771944704.000000 0.199720591 0.163078651 -0.038338821 0.011930143 0.026088858 -0.002564711 0.999585152
1770030037805285120.000000 0.195197672 0.159895062 -0.039580971 0.013525416 0.025508204 -0.002356424 0.999580383
1770030037905250816.000000 0.183474258 0.141993865 -0.044012748 0.016938206 0.023951808 -0.001669216 0.999568284
1770030037938578176.000000 0.177419618 0.136128858 -0.041459568 0.018691281 0.023847751 -0.002572518 0.999537587
1770030037971912960.000000 0.153405547 0.115055785 -0.048413530 0.019445362 0.023414094 -0.000675117 0.999536514
1770030038005247232.000000 0.148542240 0.111999407 -0.049947105 0.021980662 0.022622442 -0.001223850 0.999501705
1770030038038568192.000000 0.146853462 0.105103575 -0.052455693 0.023860814 0.021084225 -0.000333589 0.999492884
1770030038071895808.000000 0.143688098 0.098045073 -0.054463461 0.025889199 0.019720661 -0.000128550 0.999470294
1770030038171897088.000000 0.131320953 0.068910874 -0.060311068 0.033144895 0.017216291 -0.004334047 0.999292910
1770030038238559744.000000 0.125408188 0.056427665 -0.065130457 0.039727181 0.014779510 -0.004144785 0.999092638
1770030038271908096.000000 0.124193631 0.043841690 -0.068901166 0.041487340 0.012340633 -0.003152584 0.999057889
1770030038305229056.000000 0.130576625 0.045451075 -0.045959104 0.046371240 0.008577180 -0.004486045 0.998877406
1770030038338561536.000000 0.129699975 0.037061751 -0.050387893 0.048703607 0.005237674 -0.004077306 0.998791218
1770030038371900928.000000 0.127190143 0.025826715 -0.052812744 0.050840974 0.001836148 -0.003779147 0.998697996
1770030038471896064.000000 0.113954507 -0.011448367 -0.067819633 0.055839531 -0.007589383 -0.002788012 0.998407066
1770030038538558976.000000 0.107082590 -0.034213655 -0.072965614 0.059604593 -0.015595482 -0.001619201 0.998098910
1770030038571890432.000000 0.101620287 -0.047100328 -0.066774771 0.061912939 -0.019735970 -0.003871834 0.997878969
1770030038638559488.000000 0.090201885 -0.071446322 -0.070407182 0.065197669 -0.027411211 -0.003612936 0.997489333
1770030038671900672.000000 0.083242349 -0.085453205 -0.061877862 0.066200033 -0.031277701 -0.004685547 0.997305036
1770030038705231360.000000 0.075557120 -0.093970135 -0.062714905 0.067896910 -0.034719054 -0.005029119 0.997075379
1770030038771899648.000000 0.063358992 -0.127511308 -0.066053420 0.068045035 -0.041446138 -0.004178740 0.996812224
1770030038838571776.000000 0.050020844 -0.153179646 -0.062195372 0.067514874 -0.045873594 -0.002942906 0.996658802
1770030038871908608.000000 0.044224620 -0.171064138 -0.061278708 0.065643854 -0.046928443 -0.001652249 0.996737599
1770030038971891712.000000 0.022424551 -0.209806457 -0.066142619 0.062888809 -0.044364892 0.003441333 0.997028112
1770030039005242368.000000 0.018208761 -0.212275833 -0.062106393 0.062552534 -0.042069685 0.002820906 0.997150660
1770030039071918592.000000 0.008580041 -0.220972076 -0.069808051 0.039990608 -0.036520287 0.006643123 0.998510361
1770030039138562816.000000 -0.012902905 -0.224407896 -0.050891045 0.015335377 -0.031349890 0.004475058 0.999380887
1770030039171890176.000000 -0.019393336 -0.225901276 -0.044061542 0.006295168 -0.029984768 0.005413804 0.999515891
1770030039205235200.000000 -0.028901666 -0.235585675 -0.028580699 -0.002238324 -0.027881192 0.004061090 0.999600470
1770030039238555392.000000 -0.032975655 -0.235633865 -0.023462692 -0.007698935 -0.027238209 0.003471217 0.999593318
1770030039271906816.000000 -0.041600291 -0.236901879 -0.017948823 -0.013797678 -0.025388142 0.002531056 0.999579251
1770030039371894528.000000 -0.081870861 -0.261817902 -0.026506200 -0.031080188 -0.019076014 -0.001214887 0.999334157
1770030039405233664.000000 -0.083708681 -0.262690693 -0.023248782 -0.034815315 -0.019290136 -0.001432613 0.999206603
1770030039438594304.000000 -0.094760649 -0.267275751 -0.020948816 -0.039236903 -0.017194983 -0.002957659 0.999077678
1770030039505263104.000000 -0.118708514 -0.290430069 -0.026514379 -0.047482800 -0.013833105 -0.004779580 0.998764873
1770030039538567424.000000 -0.122545846 -0.298082143 -0.024466347 -0.050683279 -0.013731227 -0.004952904 0.998608112
1770030039571921664.000000 -0.134275630 -0.301035255 -0.017488841 -0.052402765 -0.012230141 -0.006840851 0.998527765
1770030039638560000.000000 -0.151192129 -0.323422909 -0.021895174 -0.056330550 -0.010084838 -0.007032265 0.998336494
1770030039705230592.000000 -0.160823271 -0.333881825 -0.019456154 -0.057791393 -0.009375689 -0.007210576 0.998258591
1770030039738589440.000000 -0.167867139 -0.341118306 -0.015835786 -0.058071990 -0.008938280 -0.008033377 0.998240113
1770030039805239296.000000 -0.199236885 -0.355977952 -0.000201997 -0.057786282 -0.005979701 -0.010099027 0.998259962
1770030039838608384.000000 -0.202188507 -0.363716960 -0.000421031 -0.057015356 -0.006265807 -0.009412354 0.998309314
1770030039871894016.000000 -0.204237804 -0.369625717 -0.001182727 -0.055954847 -0.006094516 -0.009126621 0.998373032
1770030039938557184.000000 -0.227485418 -0.393481553 0.001077204 -0.053943250 -0.003492390 -0.009475853 0.998492956
1770030039971921664.000000 -0.228023961 -0.398909271 0.001283018 -0.051679734 -0.003886842 -0.008130391 0.998623133
1770030040005249536.000000 -0.228326410 -0.398831218 -0.003133274 -0.048588313 -0.003967317 -0.008290134 0.998776674
1770030040071899392.000000 -0.251827449 -0.429030567 -0.008258305 -0.045617454 -0.001473857 -0.009252511 0.998915136
1770030040105242112.000000 -0.254453182 -0.434053957 -0.009443699 -0.042894077 -0.000977963 -0.008664383 0.999041677
1770030040138570496.000000 -0.252231568 -0.434554309 -0.013216004 -0.039242890 -0.001511961 -0.007625541 0.999199510
1770030040238568960.000000 -0.281780511 -0.470372885 -0.017493332 -0.031947758 0.000683720 -0.007502116 0.999461174
1770030040271908096.000000 -0.282518834 -0.471450925 -0.018573673 -0.028602228 0.000923057 -0.006712083 0.999567986
1770030040305249280.000000 -0.286115110 -0.473932713 -0.020663500 -0.026017414 0.000906061 -0.006476186 0.999640167
1770030040371907584.000000 -0.287427723 -0.480247855 -0.025378663 -0.021689316 0.001122558 -0.005525968 0.999748945
1770030040405245440.000000 -0.293595672 -0.485946298 -0.028502339 -0.019987557 0.001538730 -0.005034568 0.999786377
1770030040438569472.000000 -0.287399054 -0.484529465 -0.029764785 -0.017791849 0.000844452 -0.003510653 0.999835193
1770030040571891200.000000 -0.331234246 -0.509584308 -0.028394388 -0.012132964 0.004025024 -0.005632638 0.999902487
1770030040605264640.000000 -0.331555724 -0.508478224 -0.028012706 -0.011062297 0.004140086 -0.005377830 0.999915838
1770030040638555904.000000 -0.332058281 -0.509201944 -0.030562874 -0.010539745 0.004153845 -0.005086631 0.999922931
1770030040671895552.000000 -0.332475662 -0.510644436 -0.031870823 -0.009998206 0.003803653 -0.004131060 0.999934316
1770030040705227008.000000 -0.337769210 -0.508743107 -0.036066268 -0.008587599 0.004586667 -0.005370199 0.999938250
1770030040738568704.000000 -0.345938951 -0.515953958 -0.045504421 -0.007988905 0.005052159 -0.004951302 0.999943078
1770030040838566400.000000 -0.371348590 -0.509204805 -0.040642932 -0.002667775 0.006070153 -0.004996677 0.999965549
1770030040871911680.000000 -0.373603851 -0.510152161 -0.042240001 -0.001981009 0.005759144 -0.005024697 0.999968886
1770030040905226752.000000 -0.375581384 -0.507200181 -0.043800477 -0.000527303 0.005752228 -0.004946157 0.999971092
1770030040938652160.000000 -0.378655195 -0.505906582 -0.046082765 0.000215763 0.005748834 -0.005257954 0.999969661
1770030040971908864.000000 -0.389774978 -0.506852746 -0.060504843 0.001064766 0.006688368 -0.005929532 0.999959528
1770030041005227264.000000 -0.392371237 -0.508432150 -0.066325769 0.001646795 0.006494861 -0.005674262 0.999961495
1770030041138575872.000000 -0.412474066 -0.472168416 -0.053764846 0.006518037 0.006573861 -0.006057341 0.999938846
1770030041171921664.000000 -0.413870931 -0.469755858 -0.055372510 0.006991285 0.006223846 -0.006352683 0.999936044
1770030041205236480.000000 -0.416144162 -0.467197269 -0.055755589 0.007366021 0.006051679 -0.006475405 0.999933660
1770030041305231360.000000 -0.418087482 -0.463757396 -0.058834642 0.007511299 0.005556278 -0.006906533 0.999932528
1770030041338572288.000000 -0.419983298 -0.461140394 -0.057473578 0.007717257 0.005617814 -0.006732034 0.999931872
1770030041438565888.000000 -0.442339003 -0.411736310 -0.056866229 0.010034130 0.006434827 -0.006905567 0.999905169
1770030041471923712.000000 -0.441767931 -0.408475012 -0.057880666 0.010126988 0.005910769 -0.007047073 0.999906421
1770030041505225728.000000 -0.443881214 -0.402488202 -0.059514750 0.010201806 0.005850841 -0.007381408 0.999903679
1770030041538563328.000000 -0.447960109 -0.395759135 -0.061761461 0.010225269 0.006432681 -0.008252699 0.999893069
1770030041571890432.000000 -0.448718667 -0.396526486 -0.063344322 0.009287125 0.006509919 -0.008377937 0.999900579
1770030041605229568.000000 -0.461475253 -0.364948452 -0.062656380 0.011330392 0.006957473 -0.006547889 0.999890208
1770030041705222144.000000 -0.467209280 -0.350925654 -0.063449025 0.011425391 0.006723010 -0.008779166 0.999873638
1770030041771903488.000000 -0.468163162 -0.316671729 -0.068249665 0.011505600 0.006057294 -0.006945745 0.999891400
1770030041805237760.000000 -0.468948036 -0.314319879 -0.068973079 0.010782294 0.005832172 -0.007431740 0.999897301
1770030041838562816.000000 -0.471124202 -0.306277394 -0.069721356 0.011087023 0.006017082 -0.008158646 0.999887168
1770030041871892736.000000 -0.474991381 -0.304106236 -0.073976837 0.010366375 0.006728700 -0.008937329 0.999883711
1770030041905224704.000000 -0.476300001 -0.298100591 -0.073546320 0.009784142 0.006806440 -0.009418891 0.999884665
1770030042005224192.000000 -0.494474590 -0.240776196 -0.064232327 0.010888536 0.006531822 -0.006419909 0.999898791
1770030042071901952.000000 -0.498672605 -0.231221989 -0.063337892 0.008697532 0.007184335 -0.006805666 0.999913275
1770030042138589440.000000 -0.506070316 -0.217500895 -0.065735213 0.009414585 0.008152612 -0.009835707 0.999874115
1770030042171942400.000000 -0.507840157 -0.217317760 -0.067760497 0.008211887 0.008111056 -0.010887040 0.999874175
1770030042205233408.000000 -0.508041024 -0.208419636 -0.067688599 0.007833437 0.007986161 -0.011150416 0.999875307
1770030042338567168.000000 -0.499094307 -0.118049070 -0.022146570 0.008043860 0.005838075 -0.005657925 0.999934614
1770030042371921408.000000 -0.498164952 -0.114181183 -0.022308603 0.006414756 0.005628889 -0.005316413 0.999949515
1770030042405235200.000000 -0.496682972 -0.105197951 -0.023166895 0.005734836 0.005584199 -0.004068758 0.999959767
1770030042438572288.000000 -0.495653629 -0.095159873 -0.023236262 0.005229635 0.005257464 -0.003131405 0.999967635
1770030042471913216.000000 -0.493195176 -0.083264910 -0.024459513 0.005178352 0.004798914 -0.001377639 0.999974191
1770030042505249536.000000 -0.485646188 -0.073370978 -0.024756286 0.004044161 0.003512339 0.002254938 0.999983132
1770030042638558976.000000 -0.488649994 -0.020287385 -0.049977981 0.003761088 0.004749547 -0.004315400 0.999972403
1770030042671896320.000000 -0.487927675 -0.012645663 -0.051179051 0.003183763 0.004584052 -0.004852081 0.999972701
1770030042705231872.000000 -0.488145560 -0.005842006 -0.052553982 0.003115684 0.004699764 -0.005382705 0.999969661
1770030042738566656.000000 -0.488215089 -0.001267353 -0.052192248 0.002267031 0.004639592 -0.006278848 0.999967039
1770030042771888128.000000 -0.488247156 0.002683305 -0.051789369 0.001482386 0.004887057 -0.007004309 0.999962509
1770030042805227776.000000 -0.487493902 0.008722249 -0.052258193 0.001331883 0.004781808 -0.007563271 0.999959111
1770030042905239040.000000 -0.495916069 0.071258187 -0.045891836 -0.000134633 0.006076404 -0.022934109 0.999718547
1770030042938560768.000000 -0.498962075 0.074778199 -0.044470176 -0.002581588 0.006839944 -0.034964092 0.999361873
1770030042971895808.000000 -0.501782537 0.084230393 -0.046982892 -0.004142948 0.007373910 -0.047078133 0.998855472
1770030043005242880.000000 -0.503806889 0.097335540 -0.050018623 -0.005188811 0.007433102 -0.058740802 0.998232186
1770030043038568192.000000 -0.523806393 0.112091534 -0.035664089 -0.005090259 0.009120138 -0.072699949 0.997299194
1770030043071891712.000000 -0.521488428 0.117814489 -0.036768477 -0.007114045 0.008785271 -0.083948150 0.996406019
1770030043205263616.000000 -0.520027459 0.162516937 -0.044937324 -0.011317363 0.009351961 -0.127289444 0.991756976
1770030043238561536.000000 -0.522676587 0.170131594 -0.048043143 -0.012721025 0.009567380 -0.139155298 0.990142643
1770030043271917824.000000 -0.523599684 0.177915961 -0.049328774 -0.014091536 0.009888580 -0.149173111 0.988661289
1770030043305236736.000000 -0.521991313 0.186695695 -0.047220483 -0.015558130 0.009498596 -0.158195972 0.987239480
1770030043338590208.000000 -0.513731301 0.218115628 -0.048161738 -0.015759381 0.008772689 -0.168041661 0.985614896
1770030043371914752.000000 -0.519484937 0.231576294 -0.049323466 -0.015776433 0.009893083 -0.179330319 0.983612716
1770030043505239296.000000 -0.524049878 0.253418267 -0.040979050 -0.020953095 0.009181790 -0.217455238 0.975802183
1770030043538621696.000000 -0.523850203 0.259813696 -0.039550535 -0.022644019 0.009659303 -0.226093516 0.973794520
1770030043571913728.000000 -0.521317542 0.265983045 -0.039614819 -0.023710852 0.009813383 -0.233820617 0.971941054
1770030043605231104.000000 -0.519080698 0.274779201 -0.040645309 -0.024465924 0.010619514 -0.240341187 0.970322013
1770030043638558464.000000 -0.518145442 0.281122625 -0.043015674 -0.025759511 0.011076449 -0.248239130 0.968292892
1770030043671896064.000000 -0.524416864 0.295286238 -0.050495990 -0.024584608 0.013318544 -0.257068038 0.965988755
1770030043838570240.000000 -0.517334223 0.323398024 -0.050547116 -0.028957693 0.015023693 -0.288844794 0.956820011
1770030043871888896.000000 -0.506994963 0.328136533 -0.050980411 -0.031218043 0.013524143 -0.292494327 0.955661893
1770030043905228544.000000 -0.505234182 0.329750061 -0.052056562 -0.032439511 0.014039562 -0.297488004 0.954070985
1770030043938565376.000000 -0.503101349 0.336796254 -0.051524155 -0.032317817 0.014949825 -0.302639425 0.952439785
1770030043971901952.000000 -0.499868780 0.343671530 -0.052341890 -0.032719739 0.015568073 -0.307337373 0.950910509
1770030044071904000.000000 -0.497858644 0.361352623 -0.054769449 -0.032779325 0.018194478 -0.322564036 0.945804894
1770030044105230336.000000 -0.495888770 0.362161845 -0.055213597 -0.033945717 0.018421967 -0.326063246 0.944558680
1770030044138581760.000000 -0.493286967 0.365169793 -0.056752473 -0.034510184 0.018738138 -0.328746051 0.943601608
1770030044171888896.000000 -0.487926722 0.368375123 -0.057014775 -0.034309506 0.018677004 -0.331982762 0.942476273
1770030044205229824.000000 -0.486762613 0.372391492 -0.059971061 -0.034644276 0.019436682 -0.334712714 0.941482604
1770030044238555648.000000 -0.483302146 0.371878564 -0.057193007 -0.035850685 0.019341120 -0.337046891 0.940606236
1770030044371890432.000000 -0.459427655 0.378994375 -0.059916936 -0.035982065 0.018041918 -0.342267871 0.938739836
1770030044405252096.000000 -0.456396282 0.379013807 -0.063100293 -0.036026631 0.018259730 -0.343152940 0.938410759
1770030044438556416.000000 -0.454722941 0.379910260 -0.064607397 -0.035907496 0.019300485 -0.344247371 0.937993586
1770030044471885568.000000 -0.449587345 0.378560275 -0.066440754 -0.035988860 0.019342434 -0.344413012 0.937928736
1770030044505236992.000000 -0.445546985 0.380507767 -0.068862274 -0.035333086 0.019942917 -0.345495343 0.937542975
1770030044538571776.000000 -0.440252721 0.376769811 -0.067505583 -0.035840314 0.020082209 -0.344940305 0.937725127
1770030044705224192.000000 -0.403434157 0.357811660 -0.075768545 -0.035612904 0.019940438 -0.339198977 0.939828813
1770030044738552320.000000 -0.398459285 0.353106260 -0.079967424 -0.035628736 0.020049242 -0.337007284 0.940614045
1770030044771903744.000000 -0.391324580 0.346749783 -0.082003519 -0.035969611 0.019981803 -0.334407032 0.941530108
1770030044805222400.000000 -0.384349942 0.342201918 -0.087932616 -0.035738371 0.020131189 -0.331457496 0.942578077
1770030044838550272.000000 -0.376241714 0.336759329 -0.086821154 -0.035367075 0.020167945 -0.328560293 0.943605125
1770030044871887872.000000 -0.369804680 0.327748746 -0.090861224 -0.035722546 0.020225087 -0.326004386 0.944476664
1770030045005221376.000000 -0.341863841 0.309439331 -0.073244981 -0.032451712 0.022576017 -0.307408363 0.950756192
1770030045038582272.000000 -0.337487996 0.305675596 -0.079028711 -0.030530641 0.023514817 -0.302500278 0.952369988
1770030045105220096.000000 -0.314867795 0.286485553 -0.075255923 -0.029514410 0.022996705 -0.288131028 0.956859708
1770030045138564352.000000 -0.307281852 0.281035751 -0.074252784 -0.028068230 0.023496890 -0.280114651 0.959268451
1770030045171902720.000000 -0.304717898 0.270289302 -0.081212528 -0.026021942 0.024174044 -0.273252308 0.961286485
1770030045305223936.000000 -0.269262552 0.221905842 -0.092938609 -0.023234509 0.025261968 -0.230620161 0.972438335
1770030045338558720.000000 -0.267185330 0.228934571 -0.081467263 -0.019160369 0.026180534 -0.219908327 0.974981010
1770030045371888896.000000 -0.246104911 0.203431875 -0.081293881 -0.019094853 0.024873925 -0.211250335 0.976928890
1770030045405225472.000000 -0.234915853 0.202062756 -0.079611376 -0.017586628 0.025623647 -0.199563652 0.979391932
1770030045438567936.000000 -0.225864604 0.183375493 -0.091308206 -0.016627165 0.025702775 -0.191583738 0.980998755
1770030045471898368.000000 -0.216637582 0.178677768 -0.090228140 -0.014482828 0.026013706 -0.183232114 0.982618749
1770030045571890944.000000 -0.185451835 0.143613204 -0.088266209 -0.010027518 0.026530748 -0.161403522 0.986480892
1770030045605229824.000000 -0.182670131 0.139352098 -0.089961655 -0.007119859 0.027306644 -0.157859430 0.987058282
1770030045638574592.000000 -0.170450300 0.129899234 -0.086776197 -0.004319608 0.027215505 -0.153889745 0.987703681
1770030045671903488.000000 -0.160022661 0.118220210 -0.080650166 -0.001917895 0.027732160 -0.151271790 0.988101304
1770030045705230848.000000 -0.154609531 0.102041230 -0.095808238 0.001092398 0.029980110 -0.151735142 0.987965822
1770030045738557696.000000 -0.145114675 0.093229815 -0.084750019 0.004372220 0.031406160 -0.151767284 0.987907529
1770030045771894272.000000 -0.140746772 0.099935062 -0.083538420 0.010167340 0.033059891 -0.150067344 0.988070548
1770030045838565120.000000 -0.079468563 0.085838892 -0.070520066 0.018207138 0.033821680 -0.147470623 0.988320291
1770030045871887872.000000 -0.071426399 0.080638327 -0.069102645 0.022565043 0.036313750 -0.147261441 0.988173187
1770030045905227264.000000 -0.063197896 0.075328521 -0.071566619 0.026679678 0.038711477 -0.146430656 0.988103092
1770030045938568704.000000 -0.057259463 0.067940168 -0.065947957 0.030426744 0.042048976 -0.146184012 0.987894952
1770030045971887360.000000 -0.049973253 0.064128339 -0.062573113 0.034529056 0.045298103 -0.145389244 0.987733722
1770030046038553856.000000 -0.048385195 0.035469353 -0.055956159 0.040985018 0.052420404 -0.145401597 0.987132549
1770030046071893760.000000 -0.046413127 0.035141725 -0.051947165 0.045866929 0.056210969 -0.146667138 0.986521840
1770030046171887360.000000 -0.026693501 0.004237434 -0.049612466 0.055987917 0.068049185 -0.144090235 0.985633135
1770030046205224448.000000 -0.019657189 -0.001429203 -0.045639515 0.058730856 0.073126882 -0.143639773 0.985175490
1770030046238555392.000000 -0.015415185 -0.009654074 -0.042769425 0.060525604 0.078843571 -0.143342078 0.984669209
1770030046271894272.000000 0.007676606 -0.035960004 -0.040937867 0.062486973 0.082888886 -0.139492556 0.984767318
1770030046305232896.000000 -0.007190010 -0.025827346 -0.042916805 0.064252630 0.090140827 -0.141874909 0.983675659
1770030046405228288.000000 0.050894290 -0.067173883 -0.038135134 0.067239054 0.105335787 -0.140283242 0.982193410
1770030046538563840.000000 0.042070102 -0.095085636 -0.057553466 0.070846595 0.128217414 -0.133790419 0.980123103
1770030046571902976.000000 0.091983013 -0.107002661 -0.035074357 0.068375312 0.131947085 -0.137338489 0.979312479
1770030046605250560.000000 0.096786357 -0.114011660 -0.035176530 0.067223273 0.136349618 -0.137219384 0.978805780
1770030046638562560.000000 0.106402114 -0.120487794 -0.032357477 0.066821411 0.140528381 -0.136361107 0.978362083
1770030046738579968.000000 0.126952469 -0.167174622 -0.028647376 0.059577372 0.145668939 -0.136677802 0.978033900
1770030046771906304.000000 0.131198987 -0.168660164 -0.025456496 0.053298999 0.145259142 -0.135688215 0.978594780
1770030046805232896.000000 0.146784216 -0.169976637 -0.025795249 0.040110037 0.142341152 -0.132073596 0.980146289
1770030046838553856.000000 0.150251701 -0.163307965 -0.019752309 0.028186506 0.139290094 -0.126291886 0.981760800
1770030046871923712.000000 0.148709849 -0.178289041 -0.029126240 0.012964840 0.133539155 -0.118447192 0.983854413
1770030046905242624.000000 0.160964102 -0.172128454 -0.036336243 0.006174437 0.126381323 -0.108572938 0.986002862
1770030047038562304.000000 0.240747333 -0.203114837 -0.007504772 -0.024834396 0.100764349 -0.085602224 0.990909755
1770030047071905792.000000 0.249098822 -0.201833352 -0.000442338 -0.029326659 0.096708611 -0.078461535 0.991781831
1770030047105243392.000000 0.254347414 -0.197305262 0.009241491 -0.032868847 0.093941361 -0.072554044 0.992386341
1770030047138554368.000000 0.266426623 -0.192517146 0.013371090 -0.035731215 0.089604549 -0.066462137 0.993114889
1770030047171890176.000000 0.260824502 -0.199637651 0.010312737 -0.040890340 0.087355718 -0.061323009 0.993446827
1770030047205219584.000000 0.312249124 -0.234356433 0.005479239 -0.047853466 0.076659046 -0.056013584 0.994331896
1770030047305222400.000000 0.311061829 -0.251642346 -0.001856730 -0.056571968 0.069771901 -0.042396981 0.995054781
1770030047338563584.000000 0.317826360 -0.253265917 -0.001967554 -0.057711568 0.067095801 -0.037851308 0.995356679
1770030047371899136.000000 0.326615989 -0.249872372 0.002587588 -0.057226803 0.065005310 -0.033224043 0.995688498
1770030047405222656.000000 0.324184060 -0.249450862 0.002484766 -0.058237705 0.064181753 -0.031580515 0.995736778
1770030047438557696.000000 0.324878961 -0.251897693 -0.004934781 -0.057091191 0.062365413 -0.025909172 0.996082306
1770030047471944448.000000 0.338372290 -0.254193544 -0.000925125 -0.058781318 0.059056342 -0.024869945 0.996212125
1770030047571889408.000000 0.347950220 -0.260095865 0.000678206 -0.055366870 0.055744864 -0.016900998 0.996765435
1770030047671898112.000000 0.360003859 -0.258617729 0.000552159 -0.049759611 0.051941194 -0.013301061 0.997321010
1770030047705229312.000000 0.360079020 -0.274760514 -0.002224801 -0.050099116 0.052068871 -0.011456132 0.997320294
1770030047738568192.000000 0.394828171 -0.284712553 -0.007825869 -0.047752682 0.046765983 -0.008721848 0.997725666
1770030047771890944.000000 0.398699909 -0.286221355 -0.008118191 -0.044679310 0.046170034 -0.006853445 0.997910380
1770030047805229824.000000 0.402971774 -0.288607001 -0.004049458 -0.041775189 0.045918908 -0.005882506 0.998053908
1770030047871894784.000000 0.410687804 -0.290057480 -0.003143709 -0.034838311 0.045064911 -0.003761750 0.998369336
1770030048005225216.000000 0.414669752 -0.343382478 -0.018750623 -0.027929477 0.043885157 -0.002209075 0.998643696
1770030048038555392.000000 0.419909120 -0.353288800 -0.027692387 -0.025820432 0.042759806 0.000252429 0.998751700
1770030048071894528.000000 0.423282683 -0.354841113 -0.029109545 -0.022438150 0.042693447 0.001531932 0.998835087
1770030048105263872.000000 0.421848089 -0.358158618 -0.033354945 -0.020294819 0.042823281 0.001121021 0.998875916
1770030048171891712.000000 0.418246895 -0.355012298 -0.034389507 -0.015121382 0.043798417 -0.000293569 0.998925984
1770030048271909888.000000 0.430569351 -0.356057882 -0.045201316 -0.009702628 0.041868180 -0.002338484 0.999073327
1770030048305222656.000000 0.427610725 -0.357877076 -0.046936929 -0.007706657 0.042774227 -0.002005084 0.999053121
1770030048338562816.000000 0.440125108 -0.377789378 -0.049941108 -0.009763709 0.040768046 -0.002443266 0.999118030
1770030048371902208.000000 0.442550361 -0.379865348 -0.050989747 -0.008741418 0.040675685 -0.002583760 0.999130905
1770030048405226496.000000 0.441620231 -0.381272405 -0.050189998 -0.007595669 0.041354757 -0.002639166 0.999112248
1770030048438557440.000000 0.443722010 -0.383179158 -0.052163552 -0.006561460 0.041520230 -0.002799120 0.999112248
1770030048538573568.000000 0.453343660 -0.382721275 -0.049647979 -0.003572551 0.040772244 -0.000701581 0.999161839
1770030048571891456.000000 0.440013438 -0.354776651 -0.046207223 0.002195913 0.043140247 0.000790428 0.999066353
1770030048605225984.000000 0.488511622 -0.347634345 -0.042908136 0.004112342 0.037499379 0.001526904 0.999287009
1770030048638577664.000000 0.490368098 -0.345660001 -0.043421973 0.004455661 0.037074618 0.001630264 0.999301255
1770030048671913728.000000 0.491685003 -0.345725566 -0.041444220 0.004500988 0.037049890 0.001598103 0.999302030
1770030048705221888.000000 0.495302409 -0.343828231 -0.041503031 0.005742798 0.036822110 0.002141335 0.999303043
1770030048838597376.000000 0.473921806 -0.295577526 -0.053839829 0.015667176 0.041667748 -0.001980469 0.999006689
1770030048871935744.000000 0.474377334 -0.292498082 -0.054538213 0.016452998 0.041965403 -0.002050861 0.998981535
1770030048905231872.000000 0.473132223 -0.289994389 -0.055628490 0.016849885 0.042451099 -0.002666673 0.998952925
1770030048938595584.000000 0.473205507 -0.289249837 -0.057955336 0.017107405 0.042550333 -0.002477092 0.998944759
1770030048971912960.000000 0.473414689 -0.287146688 -0.059663817 0.017310880 0.043071996 -0.002156105 0.998919666
1770030049005221120.000000 0.476105273 -0.292311728 -0.065025829 0.016570749 0.042704038 -0.000356622 0.998950303
1770030049171891456.000000 0.517469883 -0.308755070 -0.062388957 0.014135967 0.040563751 0.007090868 0.999051809
1770030049238557696.000000 0.522846580 -0.300670832 -0.062026415 0.013404435 0.040145364 0.005753344 0.999087453
1770030049271917312.000000 0.519889772 -0.295608699 -0.061886344 0.013206986 0.040902767 0.005392319 0.999061286
1770030049305243904.000000 0.526035786 -0.289771885 -0.064547710 0.013061979 0.040022381 0.004469891 0.999103487
1770030049338570240.000000 0.522584319 -0.279976219 -0.065332547 0.013672970 0.040797777 0.003379630 0.999068201
1770030049471917568.000000 0.542963266 -0.214311481 -0.040634941 0.017767226 0.041109558 0.001113421 0.998996079
1770030049505242624.000000 0.544512391 -0.207862198 -0.038913921 0.017635431 0.041114487 0.001130243 0.998998165
1770030049538588416.000000 0.543122113 -0.200465560 -0.039000656 0.017001901 0.041329611 -0.000006377 0.999000907
1770030049571902976.000000 0.547438025 -0.194254875 -0.042678729 0.016418101 0.040339570 -0.001002793 0.999050677
1770030049605255936.000000 0.549152911 -0.185187355 -0.043633498 0.017026493 0.040423121 -0.000502684 0.999037504
1770030049638584832.000000 0.549971521 -0.168737292 -0.045005020 0.018583313 0.040432200 -0.001015147 0.999009013
1770030049771925504.000000 0.557680011 -0.157926530 -0.045309570 0.015044852 0.041260798 0.006334897 0.999015093
1770030049805231104.000000 0.558445752 -0.152560204 -0.047172975 0.014126839 0.041060522 0.005446583 0.999042034
1770030049838569984.000000 0.557196140 -0.145892084 -0.046320960 0.013424905 0.041544877 0.005251970 0.999032676
1770030049871930112.000000 0.557605743 -0.140073568 -0.047592804 0.012608713 0.041369453 0.004851658 0.999052644
1770030049905218304.000000 0.557191968 -0.131630272 -0.045131717 0.012086536 0.041949742 0.004430773 0.999036789
1770030049938554112.000000 0.553654671 -0.116856560 -0.049667418 0.012617663 0.042656545 0.002580116 0.999006808
1770030050071930624.000000 0.558959126 -0.073774919 -0.037724152 0.011562001 0.042581595 0.002406910 0.999023199
1770030050105219072.000000 0.553844392 -0.051935744 -0.040433660 0.014148893 0.043774411 0.003087249 0.998936474
1770030050138555136.000000 0.551975310 -0.043909471 -0.041649807 0.013434811 0.043894082 0.002062917 0.998943746
1770030050171885568.000000 0.553920567 -0.038694095 -0.037982017 0.011848097 0.043746956 0.001885040 0.998970628
1770030050205216768.000000 0.551294029 -0.028973188 -0.038243022 0.011554853 0.044268556 0.001446723 0.998951852
1770030050238549248.000000 0.552975595 -0.020024315 -0.038432721 0.011124952 0.043594819 0.000478457 0.998987257
1770030050338551296.000000 0.555365264 0.022784557 -0.038483948 0.012822295 0.041437164 0.002102313 0.999056637
1770030050371904768.000000 0.556291401 0.026750473 -0.036394916 0.010664754 0.040966537 0.001288954 0.999102831
1770030050405220608.000000 0.556774318 0.032172564 -0.034492303 0.009090544 0.041317716 0.000783835 0.999104500
1770030050438560768.000000 0.552878499 0.038897980 -0.035906147 0.008432897 0.041981027 0.000268129 0.999082804
1770030050471887104.000000 0.551182687 0.062013317 -0.047201905 0.011539244 0.043613687 0.000964253 0.998981357
1770030050571885568.000000 0.547386408 0.078953654 -0.052484319 0.007665862 0.042890649 -0.001941223 0.999048531
1770030050605234688.000000 0.545239508 0.083636083 -0.054885492 0.005428073 0.042511456 -0.003758466 0.999074221
1770030050671884288.000000 0.528149128 0.125900209 -0.032152597 0.009014692 0.044807117 -0.003705641 0.998948097
1770030050705223424.000000 0.525756180 0.131545320 -0.031251576 0.007901536 0.045264758 -0.004139465 0.998935223
1770030050738567936.000000 0.525853574 0.106440820 -0.051144492 0.000006926 0.044696420 -0.008631117 0.998963356
1770030050771892992.000000 0.527670383 0.150075629 -0.032085493 0.008060008 0.044348639 -0.004265754 0.998974502
1770030050805248256.000000 0.522871792 0.148328036 -0.031862956 0.005044090 0.045971721 -0.005883909 0.998912692
1770030050838575872.000000 0.523530304 0.157624722 -0.030696617 0.005065780 0.045075677 -0.005886349 0.998953462
1770030050938580736.000000 0.520134091 0.182154894 -0.036083147 0.004635418 0.045298308 -0.002520022 0.998959601
1770030050971910912.000000 0.518530548 0.186616406 -0.036755312 0.003764449 0.045556035 -0.001741817 0.998953223
1770030051005241600.000000 0.514948547 0.193839446 -0.037955940 0.003223639 0.045496456 -0.003112615 0.998954535
1770030051038566912.000000 0.514535129 0.202018872 -0.038358755 0.003169440 0.044784945 -0.003301228 0.998986185
1770030051105241856.000000 0.511212885 0.222429231 -0.024267277 0.002536059 0.043804854 -0.006957110 0.999012709
1770030051138580224.000000 0.511889935 0.223025054 -0.025228197 0.000458248 0.043348715 -0.006518474 0.999038637
1770030051238570752.000000 0.505905390 0.244117916 -0.033007767 0.000756076 0.042819776 -0.005211438 0.999068916
1770030051271897344.000000 0.502931714 0.248489380 -0.035571743 -0.000217927 0.042516503 -0.005760264 0.999079168
1770030051371918336.000000 0.484446555 0.260801941 -0.036725413 -0.004697195 0.042154200 -0.013290002 0.999011755
1770030051405244160.000000 0.477853984 0.267413765 -0.039072867 -0.005011941 0.042513456 -0.014388466 0.998979747
1770030051438562304.000000 0.484711349 0.286744446 -0.042544469 -0.000210480 0.042635646 -0.004577022 0.999080181
1770030051571908608.000000 0.464906275 0.303287059 -0.043002784 -0.003038006 0.042531200 -0.008085364 0.999057829
1770030051605249536.000000 0.464348346 0.304990470 -0.042838287 -0.003857306 0.041662406 -0.007245673 0.999098063
1770030051638568704.000000 0.465163529 0.310188025 -0.042541470 -0.003679589 0.040424954 -0.006591759 0.999154091
1770030051671974144.000000 0.459474623 0.314111650 -0.043370347 -0.003978877 0.040601902 -0.007901997 0.999136269
1770030051705234688.000000 0.453159779 0.318586886 -0.040388387 -0.004078064 0.041588407 -0.007502008 0.999098361
1770030051738557184.000000 0.447127819 0.322120935 -0.044823576 -0.004410075 0.040924933 -0.009156363 0.999110579
1770030051838553856.000000 0.448203802 0.325038552 -0.054809868 -0.006353587 0.037895326 -0.009368803 0.999217629
1770030051871890688.000000 0.433788717 0.333730757 -0.044010401 -0.004758898 0.039627083 -0.009061718 0.999162138
1770030051905222656.000000 0.424991667 0.328117698 -0.046752933 -0.007523686 0.040184606 -0.011442423 0.999098480
1770030051938558208.000000 0.429142147 0.332842052 -0.058230478 -0.006511976 0.039413422 -0.009065943 0.999160647
1770030051971888128.000000 0.423555553 0.331546187 -0.055533312 -0.007693327 0.039510678 -0.009279042 0.999146461
1770030052005227520.000000 0.416073471 0.335617274 -0.058150720 -0.007079678 0.040117797 -0.009693640 0.999122918
1770030052138559232.000000 0.399283111 0.336791843 -0.052130267 -0.007073481 0.037519962 -0.009105045 0.999229372
1770030052171890432.000000 0.399250239 0.340984017 -0.060028028 -0.006282553 0.037013475 -0.008954647 0.999254942
1770030052205225216.000000 0.395437837 0.339866251 -0.044817198 -0.005617074 0.037181582 -0.007839147 0.999262035
1770030052238558976.000000 0.391768098 0.340685219 -0.047322769 -0.005239824 0.036737934 -0.008140774 0.999278069
1770030052271890688.000000 0.392468154 0.340379715 -0.051332481 -0.004607935 0.035338778 -0.007218479 0.999338746
1770030052305225216.000000 0.376454890 0.340341508 -0.051178496 -0.005722112 0.036437064 -0.010791153 0.999261320
1770030052438556416.000000 0.355299413 0.334134698 -0.040150553 -0.004295642 0.036779132 -0.010235372 0.999261796
1770030052471897600.000000 0.355483323 0.336086363 -0.057502545 -0.003592211 0.034573678 -0.010388472 0.999341726
1770030052505218816.000000 0.350127459 0.330732375 -0.062175613 -0.004043645 0.033436466 -0.010560694 0.999376893
1770030052538559232.000000 0.343713611 0.326809794 -0.039614804 -0.003553538 0.035503775 -0.009562016 0.999317527
1770030052571883264.000000 0.339019686 0.323582381 -0.040058263 -0.003146646 0.035055283 -0.009321952 0.999336958
1770030052605235456.000000 0.337114930 0.321371078 -0.045226749 -0.002627058 0.034232497 -0.008857163 0.999371171
1770030052738568192.000000 0.318777800 0.297049522 -0.059647024 -0.002149523 0.031158024 -0.010182059 0.999460280
1770030052771888384.000000 0.316760838 0.294960886 -0.054836709 -0.000941723 0.030957608 -0.008606160 0.999483228
1770030052805228288.000000 0.312821150 0.289324343 -0.056779414 -0.000335552 0.030667651 -0.007717068 0.999499798
1770030052838558208.000000 0.309615999 0.286015809 -0.061716568 0.000697077 0.029969417 -0.006065390 0.999532223
1770030052871897856.000000 0.305036038 0.280791134 -0.059590466 0.001030236 0.029545534 -0.006094106 0.999544382
1770030052905229312.000000 0.298143983 0.274658114 -0.059462842 0.001534825 0.029516717 -0.005650977 0.999547184
1770030053005229568.000000 0.260595948 0.248370335 -0.048767414 0.000207127 0.032175351 -0.005013405 0.999469638
1770030053071913472.000000 0.253817320 0.244112536 -0.048949528 0.003718988 0.031612165 -0.003186064 0.999488235
1770030053105233920.000000 0.263957858 0.235316753 -0.082447194 0.005214191 0.027062854 -0.001867317 0.999618411
1770030053138565376.000000 0.242366374 0.224879131 -0.054211371 0.004295669 0.031124428 -0.002488666 0.999503195
1770030053171908352.000000 0.239886895 0.215396032 -0.056205552 0.002831683 0.029987857 -0.008640933 0.999508917
1770030053205232384.000000 0.234286368 0.208156601 -0.055360690 0.003098408 0.030196920 -0.008274748 0.999504924
1770030053338555904.000000 0.209894642 0.187088296 -0.049454115 0.009543004 0.029714681 -0.004684733 0.999501884
1770030053371888640.000000 0.205896556 0.181253925 -0.050135199 0.011008541 0.028946063 -0.004251551 0.999511361
1770030053405232384.000000 0.195755213 0.170049891 -0.068614915 0.011463390 0.028124969 -0.002466724 0.999535620
1770030053438553856.000000 0.192840159 0.169778138 -0.067912109 0.014621754 0.027806856 -0.003378137 0.999500692
1770030053471887104.000000 0.184968203 0.162432447 -0.067563266 0.016415188 0.028079445 -0.003891983 0.999463320
1770030053505239552.000000 0.174677029 0.137910709 -0.079226032 0.016523590 0.027041994 -0.005107634 0.999484718
1770030053605226496.000000 0.162153915 0.112038903 -0.088399969 0.023825901 0.024784558 -0.003352741 0.999403238
1770030053638567936.000000 0.159254745 0.107249580 -0.089353748 0.027249219 0.023483885 -0.003258178 0.999347448
1770030053671892992.000000 0.141285554 0.108632587 -0.098895468 0.032111458 0.023940921 -0.008114776 0.999164581
1770030053705273600.000000 0.137074307 0.100779980 -0.101808287 0.035155296 0.023012770 -0.006321241 0.999096930
1770030053738573824.000000 0.152911693 0.083191924 -0.096608780 0.036585428 0.018793179 -0.001803192 0.999152243
1770030053771897856.000000 0.146341905 0.074238583 -0.098088473 0.038869891 0.017804388 -0.003005037 0.999081194
1770030053905238016.000000 0.121797182 0.066726916 -0.078511827 0.053455662 0.013973629 -0.006185406 0.998453379
1770030053938592256.000000 0.121225253 0.061940849 -0.079178452 0.057081085 0.011960714 -0.006152621 0.998278975
1770030053971910912.000000 0.120027415 0.060820956 -0.076367617 0.061288588 0.011413585 -0.006471616 0.998033881
1770030054005236992.000000 0.123869337 0.056760091 -0.072007336 0.064803228 0.009616157 -0.007148601 0.997826219
1770030054038593024.000000 0.108760282 0.039608166 -0.059250422 0.067681730 0.008423992 -0.007566541 0.997642756
1770030054071915520.000000 0.122503765 0.041151848 -0.077352300 0.071393982 0.003549241 -0.007403541 0.997414410
1770030054205245440.000000 0.087174565 -0.016935235 -0.075132035 0.080293082 -0.009368482 -0.010307234 0.996674001
1770030054238562304.000000 0.084616840 -0.028856473 -0.073487371 0.082137682 -0.013651517 -0.010281976 0.996474445
1770030054271880704.000000 0.086827070 -0.033707246 -0.076913103 0.085552163 -0.019399669 -0.009837990 0.996096253
1770030054305233408.000000 0.071807101 -0.056327842 -0.074905761 0.088049233 -0.023819262 -0.010042926 0.995780647
1770030054338548224.000000 0.080117702 -0.055931296 -0.073802181 0.090305716 -0.029398454 -0.008001437 0.995447993
1770030054371894272.000000 0.075543135 -0.077613369 -0.101155959 0.091686964 -0.035712048 -0.004847017 0.995135546
1770030054505212672.000000 0.022165142 -0.132588714 -0.040271491 0.100216404 -0.055874534 -0.010309374 0.993342102
1770030054538544640.000000 0.008749708 -0.146430552 -0.044075027 0.101110049 -0.060199320 -0.011739281 0.992982864
1770030054571881728.000000 0.014177762 -0.142137080 -0.031384695 0.102193512 -0.065277435 -0.008287446 0.992585897
1770030054605214720.000000 -0.006728862 -0.181269169 -0.061699890 0.099721394 -0.068420567 -0.011005425 0.992599189
1770030054638548224.000000 -0.009864651 -0.184625357 -0.055725206 0.100031607 -0.071796454 -0.010353628 0.992336512
1770030054671887104.000000 -0.028234808 -0.207119092 -0.056884967 0.097786784 -0.073074929 -0.008762334 0.992482305
1770030054771878656.000000 -0.046233416 -0.231667504 -0.040038273 0.086829953 -0.073375583 0.000120653 0.993517339
1770030054838558976.000000 -0.057371579 -0.229727477 -0.029311175 0.058555160 -0.068731911 0.004154698 0.995906651
1770030054871892480.000000 -0.062509470 -0.245844036 -0.038152911 0.043356191 -0.062969320 0.005685541 0.997057140
1770030054905224448.000000 -0.076900631 -0.244594023 -0.046165660 0.034217697 -0.060260881 0.003033004 0.997591436
1770030054938547200.000000 -0.082906999 -0.247107834 -0.039781153 0.025020136 -0.056862202 0.002961783 0.998064160
1770030054971888384.000000 -0.096264757 -0.249835968 -0.031873275 0.017985558 -0.053224418 0.000465293 0.998420537
1770030055071876864.000000 -0.128181443 -0.275968701 -0.028469378 -0.002839113 -0.044304285 -0.001826777 0.999012470
1770030055138557952.000000 -0.145464763 -0.280585647 -0.018952949 -0.012480848 -0.040039346 -0.005910919 0.999102712
1770030055171887360.000000 -0.148415178 -0.300359666 -0.033192668 -0.019870279 -0.037493218 -0.001990155 0.999097407
1770030055205227520.000000 -0.164826453 -0.288804889 -0.011001331 -0.020376641 -0.035460673 -0.008716115 0.999125361
1770030055238551296.000000 -0.172216624 -0.286912978 -0.001648038 -0.024081415 -0.034350615 -0.012172872 0.999045551
1770030055271877888.000000 -0.176555380 -0.315806359 -0.024801185 -0.028499654 -0.031528912 -0.007393267 0.999069095
1770030055338552320.000000 -0.192109734 -0.332197696 -0.003097817 -0.034461629 -0.027919479 -0.005709291 0.998999655
1770030055405230592.000000 -0.209237665 -0.347697228 0.000103838 -0.037009954 -0.024634650 -0.007457121 0.998983383
1770030055438561024.000000 -0.211826667 -0.352235645 0.005176772 -0.036718778 -0.023761518 -0.010098844 0.998992085
1770030055471878912.000000 -0.223389462 -0.367873579 -0.002228541 -0.038489185 -0.021637019 -0.007996932 0.998992741
1770030055505215232.000000 -0.220376581 -0.363023877 0.012452276 -0.036006257 -0.022074720 -0.010842031 0.999048948
1770030055538546176.000000 -0.244480848 -0.361823082 0.005748495 -0.034900680 -0.018397294 -0.016239926 0.999089479
1770030055605223680.000000 -0.248685494 -0.402383566 -0.006883613 -0.036106199 -0.016535303 -0.008013655 0.999179065
1770030055738558720.000000 -0.272382170 -0.435468554 -0.014235591 -0.029114399 -0.012270313 -0.008396492 0.999465525
1770030055771879936.000000 -0.272159517 -0.434503347 -0.014662247 -0.025429016 -0.012100860 -0.008221671 0.999569595
1770030055805217280.000000 -0.273292154 -0.445769638 -0.013951800 -0.023337806 -0.011187009 -0.005994332 0.999647141
1770030055838547456.000000 -0.290607661 -0.457774758 -0.019504581 -0.021970874 -0.009095930 -0.008568441 0.999680519
1770030055871887360.000000 -0.296270669 -0.465206861 -0.016765039 -0.020088021 -0.008133319 -0.008945690 0.999725103
1770030055905221888.000000 -0.299718559 -0.468725801 -0.009662927 -0.018056920 -0.006882128 -0.006956554 0.999789059
1770030056005211904.000000 -0.320202231 -0.492075861 -0.033702493 -0.013189181 -0.004519721 -0.007400298 0.999875426
1770030056038555648.000000 -0.314957172 -0.491111577 -0.011050466 -0.011022733 -0.004276008 -0.004211867 0.999921262
1770030056071894272.000000 -0.325709045 -0.480750591 -0.006247048 -0.008035481 -0.003400773 -0.006342849 0.999941826
1770030056105228288.000000 -0.331448257 -0.505849779 -0.041494910 -0.007818057 -0.002643863 -0.003878074 0.999958456
1770030056138551808.000000 -0.339789808 -0.503991127 -0.036182858 -0.007227167 -0.001943014 -0.007208871 0.999946058
1770030056171917312.000000 -0.337740004 -0.519125402 -0.050832245 -0.006524850 -0.001586160 -0.001396573 0.999976516
1770030056305276928.000000 -0.358552396 -0.522641003 -0.051903483 -0.005569682 0.001025603 -0.003087080 0.999979198
1770030056338551808.000000 -0.363225430 -0.528342545 -0.056665849 -0.005314985 0.001700347 -0.002535580 0.999981225
1770030056371883520.000000 -0.375829846 -0.508018315 -0.042635437 -0.002124451 0.002010573 -0.006647769 0.999973655
1770030056405228800.000000 -0.385359377 -0.510656953 -0.039648969 -0.000754123 0.003306805 -0.007000683 0.999969840
1770030056438582528.000000 -0.389942169 -0.516221404 -0.044123687 -0.000219964 0.003465837 -0.006710925 0.999971449
1770030056471898880.000000 -0.394206971 -0.516528308 -0.048821811 0.000723576 0.003770150 -0.006141263 0.999973834
1770030056638576384.000000 -0.413051099 -0.487949461 -0.055434331 0.006415874 0.004497226 -0.007672558 0.999939919
1770030056705211648.000000 -0.423941165 -0.488457859 -0.051378734 0.007259008 0.005716523 -0.006481813 0.999936342
1770030056738554112.000000 -0.422001511 -0.481583416 -0.059061643 0.007558607 0.004842826 -0.007204694 0.999933779
1770030056771877888.000000 -0.428194225 -0.476733327 -0.061522979 0.008176512 0.005481652 -0.008222659 0.999917805
1770030056805227008.000000 -0.431650072 -0.474340141 -0.063721329 0.008241370 0.005713772 -0.008722072 0.999911666
1770030056938555392.000000 -0.447739184 -0.449889660 -0.080461286 0.009568636 0.005931457 -0.010001703 0.999886692
1770030056971881984.000000 -0.449921489 -0.428833604 -0.068680197 0.010897815 0.006247519 -0.008034457 0.999888837
1770030057005241088.000000 -0.451976329 -0.427737892 -0.085307166 0.011059942 0.006398415 -0.008755337 0.999880075
1770030057038562048.000000 -0.452224255 -0.424334496 -0.064901792 0.009405595 0.006403355 -0.007284321 0.999908805
1770030057071912192.000000 -0.454841882 -0.411233932 -0.064429156 0.010641497 0.006413285 -0.005999576 0.999904871
1770030057105242368.000000 -0.458557010 -0.403799295 -0.065616868 0.010743246 0.006387854 -0.006774400 0.999898970
1770030057205240320.000000 -0.470970035 -0.366693795 -0.071870059 0.012469629 0.006592493 -0.008870456 0.999861240
1770030057238556928.000000 -0.467952698 -0.362966418 -0.054373667 0.012353644 0.006394740 -0.008050453 0.999870837
1770030057271891200.000000 -0.469238847 -0.349735439 -0.074149653 0.012870852 0.006457735 -0.008093528 0.999863565
1770030057305241344.000000 -0.475807667 -0.347869366 -0.067752309 0.011142414 0.006751874 -0.008911768 0.999875426
1770030057338587648.000000 -0.476548135 -0.337966979 -0.064972661 0.010946475 0.006522905 -0.008058053 0.999886394
1770030057371895040.000000 -0.478905320 -0.324119091 -0.062777787 0.011661951 0.006418879 -0.007345969 0.999884486
1770030057505229824.000000 -0.482982665 -0.274654865 -0.071595117 0.011898894 0.006112571 -0.007477634 0.999882579
1770030057538551296.000000 -0.481159747 -0.285490006 -0.062814631 0.008455109 0.005773424 -0.004276267 0.999938488
1770030057571890432.000000 -0.480962038 -0.277186155 -0.061854720 0.007684727 0.005740352 -0.002530572 0.999950826
1770030057605215488.000000 -0.483430088 -0.257708907 -0.069816172 0.009195979 0.005737962 -0.006021689 0.999923170
1770030057638552832.000000 -0.483450264 -0.247074589 -0.069978289 0.009573705 0.005478421 -0.005871202 0.999921978
1770030057671892992.000000 -0.486419201 -0.237897366 -0.068920925 0.009574586 0.005662943 -0.007154489 0.999912560
1770030057771883264.000000 -0.482949764 -0.202479795 -0.065011568 0.008662966 0.004949768 -0.004620600 0.999939620
1770030057805217280.000000 -0.490824610 -0.175050572 -0.069039591 0.009055138 0.005613623 -0.006736016 0.999920547
1770030057838545408.000000 -0.483884633 -0.189074665 -0.063096859 0.006409824 0.004960204 -0.005010809 0.999954581
1770030057871883520.000000 -0.483767420 -0.177876309 -0.063022800 0.006373431 0.004897656 -0.004476054 0.999957681
1770030057905234688.000000 -0.485153258 -0.158291996 -0.074378647 0.006189516 0.004756306 -0.003108504 0.999964774
1770030057938551296.000000 -0.485367358 -0.146009132 -0.074001543 0.006029262 0.004731880 -0.002661708 0.999967158
1770030058005228800.000000 -0.493779808 -0.108475439 -0.071712904 0.007411560 0.005562805 -0.007600228 0.999928176
1770030058105227008.000000 -0.491275311 -0.063572541 -0.048452761 0.005875850 0.004744458 -0.005657381 0.999955475
1770030058138585600.000000 -0.494054586 -0.066800244 -0.073465385 0.005224419 0.005729505 -0.006427913 0.999949276
1770030058171876864.000000 -0.494067878 -0.061687689 -0.086963795 0.003061575 0.005588104 -0.006394499 0.999959290
1770030058205227264.000000 -0.486965239 -0.040876858 -0.050165109 0.002683190 0.004632240 -0.003824783 0.999978364
1770030058238563584.000000 -0.486649781 -0.030355690 -0.050999086 0.002558437 0.004480054 -0.003859289 0.999979258
1770030058271884800.000000 -0.481019855 -0.026995007 -0.050713409 0.001222221 0.003643316 -0.003281069 0.999987245
1770030058405236224.000000 -0.486975998 0.036705215 -0.047451314 0.002325008 0.004985460 -0.005744951 0.999968410
1770030058438555136.000000 -0.474288076 0.014563180 -0.049926557 -0.001948448 0.003336757 -0.002289148 0.999989927
1770030058471915264.000000 -0.471827120 0.039209124 -0.054496910 -0.001752268 0.003332294 -0.006893132 0.999969184
1770030058505241344.000000 -0.476200223 0.044988547 -0.053364962 -0.004530827 0.004111983 -0.020197840 0.999777317
1770030058538589440.000000 -0.489215881 0.076891355 -0.036731783 -0.002600751 0.006216676 -0.035701256 0.999339879
1770030058571890688.000000 -0.494260371 0.093262859 -0.047659572 -0.002846544 0.005913206 -0.048437096 0.998804688
1770030058671879936.000000 -0.502043009 0.130657375 -0.050291572 -0.006193473 0.007058887 -0.085897721 0.996259689
1770030058705217792.000000 -0.502076268 0.141492665 -0.047582649 -0.007207531 0.007370233 -0.096606463 0.995269358
1770030058738563584.000000 -0.502784073 0.149656013 -0.048165031 -0.008912269 0.007172623 -0.107795440 0.994107306
1770030058771887360.000000 -0.507755876 0.158454359 -0.048082840 -0.010554509 0.007558041 -0.119850516 0.992707133
1770030058805236480.000000 -0.509188414 0.166747913 -0.048746895 -0.011591455 0.008073863 -0.131289139 0.991243482
1770030058838549760.000000 -0.515480638 0.181127548 -0.052429184 -0.011629059 0.008644470 -0.144618571 0.989381433
1770030058938566656.000000 -0.525743484 0.208799154 -0.037495427 -0.016607754 0.008192018 -0.172516346 0.984832585
1770030059005232128.000000 -0.526987553 0.227100834 -0.032991223 -0.018170977 0.008138819 -0.193097606 0.980977595
1770030059038563072.000000 -0.528223872 0.234328210 -0.034469299 -0.019284975 0.009051920 -0.201610297 0.979234159
1770030059071912704.000000 -0.526083291 0.241139531 -0.028222397 -0.020881001 0.009308372 -0.210097030 0.977413237
1770030059105237248.000000 -0.524621010 0.258057088 -0.043343198 -0.021005334 0.010411826 -0.219435155 0.975345373
1770030059138543616.000000 -0.521752119 0.255192786 -0.029702134 -0.023421673 0.010322683 -0.225892007 0.973816097
1770030059238547200.000000 -0.521985948 0.291094601 -0.043320753 -0.024300477 0.012159735 -0.251772076 0.967405021
1770030059271876352.000000 -0.519741178 0.296050549 -0.042427558 -0.025480490 0.012383542 -0.259090900 0.965437353
1770030059305210624.000000 -0.517631948 0.302294910 -0.045169961 -0.026852883 0.012305726 -0.264981002 0.963801146
1770030059371880448.000000 -0.516870618 0.312407941 -0.044689566 -0.028035214 0.012942683 -0.278436691 0.959958076
1770030059405217536.000000 -0.516483426 0.317433804 -0.041986354 -0.028778456 0.013511728 -0.284993351 0.958002150
1770030059438543872.000000 -0.512525916 0.323645979 -0.046313554 -0.029424030 0.013357031 -0.289974898 0.956488609
1770030059505215744.000000 -0.505737603 0.334939271 -0.042741843 -0.030232813 0.013728852 -0.299413413 0.953545630
1770030059571881216.000000 -0.503608465 0.352185696 -0.049019340 -0.031717673 0.016292641 -0.310105920 0.950033069
1770030059605215488.000000 -0.499914646 0.348078847 -0.048628233 -0.032360703 0.016295645 -0.313806444 0.948795438
1770030059671945216.000000 -0.496449620 0.364950597 -0.047362920 -0.032653086 0.018465852 -0.322099626 0.945962250
1770030059705223680.000000 -0.491359800 0.366110563 -0.047846451 -0.033147059 0.017987017 -0.325251102 0.944875419
1770030059738544640.000000 -0.487868279 0.370608479 -0.050168470 -0.033072814 0.018002581 -0.328428417 0.943778038
1770030059805239296.000000 -0.482773423 0.373345941 -0.051766254 -0.034706566 0.018177815 -0.334672511 0.941519737
1770030059871901696.000000 -0.470224440 0.377582550 -0.064478338 -0.035529714 0.018509747 -0.339256167 0.939840615
1770030059905227520.000000 -0.464861333 0.378907353 -0.065311886 -0.035510410 0.018130716 -0.341308475 0.939105332
1770030059938554880.000000 -0.459800899 0.378381014 -0.067027658 -0.035807252 0.018177370 -0.342533171 0.938647211
1770030059971883264.000000 -0.456420779 0.379047692 -0.067911655 -0.035852004 0.018401783 -0.343730927 0.938203156
1770030060005226496.000000 -0.451682836 0.379244089 -0.065357365 -0.035948515 0.018446183 -0.344708830 0.937839746
1770030060071875328.000000 -0.444046050 0.377526879 -0.068033278 -0.036305778 0.018713733 -0.346637070 0.937109649
1770030060138545664.000000 -0.433753490 0.374196172 -0.073322602 -0.036079772 0.019307155 -0.346941233 0.936993778
1770030060171874816.000000 -0.428655744 0.370671988 -0.077715419 -0.036377151 0.019761099 -0.345817059 0.937388241
1770030060205212928.000000 -0.423751235 0.370181471 -0.081330165 -0.035800599 0.019903967 -0.346087366 0.937307656
1770030060238546688.000000 -0.422053069 0.366469443 -0.087066010 -0.035445027 0.021255553 -0.346418619 0.937169194
1770030060271879168.000000 -0.412988424 0.361267716 -0.076011322 -0.036005948 0.020584244 -0.344188571 0.937984109
1770030060338541312.000000 -0.397530645 0.354047328 -0.078600630 -0.035778061 0.020213937 -0.339973360 0.939536870
1770030060471876864.000000 -0.370484620 0.333545774 -0.090485707 -0.034226190 0.021615006 -0.327313751 0.944048285
1770030060538548224.000000 -0.352655113 0.330069423 -0.059562661 -0.032265481 0.022545891 -0.322341621 0.945804715
1770030060571881216.000000 -0.338603377 0.319833964 -0.067783855 -0.031500358 0.021869022 -0.314031273 0.948637903
1770030060605214720.000000 -0.332175106 0.311945736 -0.073055603 -0.030683700 0.021932831 -0.308856577 0.950360537
1770030060671894528.000000 -0.308931500 0.295804143 -0.063170291 -0.030278016 0.021367453 -0.292788923 0.955458701
1770030060771885056.000000 -0.285462707 0.269337475 -0.072762199 -0.027347254 0.022630299 -0.269191563 0.962432325
1770030060805245184.000000 -0.275061578 0.262701184 -0.064886354 -0.025642246 0.022613343 -0.260920048 0.964754820
1770030060838562816.000000 -0.268881232 0.246665746 -0.076579154 -0.026027197 0.023437824 -0.250038087 0.967602313
1770030060871905280.000000 -0.254656374 0.244273201 -0.069941692 -0.022449112 0.022800051 -0.239043117 0.970481634
1770030060905228544.000000 -0.245789602 0.228199229 -0.072050512 -0.022563316 0.023315324 -0.228907943 0.972907245
1770030060971898880.000000 -0.225314036 0.212516174 -0.070373267 -0.018845147 0.023551427 -0.208398402 0.977578819
1770030061105255424.000000 -0.180918962 0.178156152 -0.062025368 -0.012363723 0.023549544 -0.171912059 0.984753191
1770030061138588928.000000 -0.174536869 0.170667425 -0.062023241 -0.010272777 0.024366425 -0.164283514 0.986058652
1770030061171903232.000000 -0.165804043 0.160121828 -0.067533463 -0.008368395 0.024690583 -0.159467980 0.986858845
1770030061205259264.000000 -0.155523613 0.151289925 -0.067259014 -0.005073961 0.025069926 -0.155797139 0.987457871
1770030061271902720.000000 -0.138488472 0.133823335 -0.063489772 0.001006224 0.027023001 -0.152485728 0.987935662
1770030061338561536.000000 -0.123086505 0.115174137 -0.065369837 0.007947771 0.029923497 -0.150471598 0.988129437
1770030061371890432.000000 -0.118407309 0.108324789 -0.051037569 0.012024298 0.031789143 -0.150960535 0.987955391
1770030061405238528.000000 -0.109395504 0.100164503 -0.050552644 0.016554734 0.033765811 -0.150382787 0.987912416
1770030061438576384.000000 -0.101537719 0.092514649 -0.056376219 0.019548502 0.036165133 -0.149218276 0.987949371
1770030061471881728.000000 -0.089637384 0.083135657 -0.057702851 0.023189045 0.038244467 -0.147468999 0.988054931
1770030061505226496.000000 -0.082688302 0.074170306 -0.053798709 0.026632320 0.040715527 -0.147099614 0.987924457
1770030061638552064.000000 -0.057459231 0.042342789 -0.063603729 0.042134263 0.053831730 -0.145233929 0.987032890
1770030061671908864.000000 -0.050978217 0.035907544 -0.042072721 0.045980621 0.056406409 -0.144341394 0.986848414
1770030061705227264.000000 -0.046712030 0.026706351 -0.045118392 0.049552824 0.060107496 -0.144542366 0.986427486
1770030061738550784.000000 -0.042925462 0.016610755 -0.036207091 0.052891653 0.064863212 -0.144615069 0.985942066
1770030061771880448.000000 -0.032864973 0.003949303 -0.058663901 0.055954527 0.069018535 -0.143789068 0.985611618
1770030061805219840.000000 -0.027551938 -0.000601283 -0.046008024 0.058964036 0.073803388 -0.143544614 0.985125005
1770030061971888384.000000 0.009543088 -0.056490760 -0.053574253 0.066839516 0.101955883 -0.139840409 0.982640386
1770030062071889152.000000 0.036372300 -0.079448543 -0.049849689 0.070795313 0.118660733 -0.137022346 0.980883598
1770030062105220608.000000 0.043138620 -0.094709888 -0.053520590 0.069877736 0.124013118 -0.135761634 0.980462492
1770030062138548992.000000 0.050599001 -0.106930524 -0.057988748 0.069209248 0.128550246 -0.135100007 0.980016828
1770030062271935488.000000 0.093126319 -0.153340161 -0.055021349 0.063239552 0.143628985 -0.133877635 0.978492856
1770030062305214976.000000 0.084971868 -0.174851820 -0.066388637 0.059827883 0.145126939 -0.130376279 0.978959084
1770030062338560768.000000 0.094035335 -0.174899176 -0.061667129 0.059638176 0.146188647 -0.130669355 0.978773594
1770030062371884288.000000 0.118134648 -0.170146957 -0.053827792 0.051383276 0.145129845 -0.132833958 0.979107916
1770030062405309696.000000 0.129351690 -0.168193728 -0.047301136 0.037478883 0.141912714 -0.129738748 0.980624318
1770030062438568704.000000 0.136661455 -0.160795376 -0.039179526 0.025676683 0.138647214 -0.123802498 0.982237637
1770030062571898112.000000 0.194617137 -0.190321341 -0.039968837 -0.014262660 0.110659681 -0.099563621 0.988755882
1770030062605251072.000000 0.184920117 -0.178871304 -0.017767403 -0.017755993 0.110123128 -0.092507958 0.989444256
1770030062638579968.000000 0.194042742 -0.182121500 -0.015613834 -0.022013625 0.105545811 -0.084416136 0.990580320
1770030062671879168.000000 0.216324210 -0.186968029 -0.024848590 -0.028221441 0.097996101 -0.081236564 0.991464078
1770030062705224960.000000 0.237322450 -0.206290439 -0.029593434 -0.035359658 0.091334723 -0.073958419 0.992440343
1770030062738560000.000000 0.248144031 -0.202787220 -0.025666853 -0.038098034 0.087129489 -0.067692414 0.993164062
1770030062871879168.000000 0.291235894 -0.227221951 -0.014315438 -0.052981108 0.072417051 -0.045869034 0.994909465
1770030062905221376.000000 0.296673894 -0.227134198 -0.009640645 -0.054451056 0.070507877 -0.041914627 0.995141685
1770030062938551040.000000 0.305362731 -0.226475820 -0.008475780 -0.054767746 0.067999825 -0.038005486 0.995455742
1770030062971891456.000000 0.308656305 -0.226269096 -0.003090361 -0.055825546 0.066516168 -0.034766328 0.995615661
1770030063005218816.000000 0.308891565 -0.230297506 -0.000878595 -0.057019450 0.065729573 -0.032050282 0.995691359
1770030063038569472.000000 0.328018874 -0.246899515 -0.005285757 -0.059553988 0.061073650 -0.028528815 0.995946527
1770030063171898368.000000 0.351343572 -0.272328377 -0.000793401 -0.056945488 0.054739542 -0.013891295 0.996778727
1770030063205221888.000000 0.354620129 -0.276744783 -0.001214157 -0.055621848 0.053727530 -0.011382247 0.996940374
1770030063238567424.000000 0.360513121 -0.279375166 0.000381452 -0.053962544 0.052644931 -0.010060639 0.997103512
1770030063271881216.000000 0.364237100 -0.286629558 0.000847856 -0.053231437 0.052304640 -0.009836636 0.997162938
1770030063305218816.000000 0.373268992 -0.290636331 -0.002928589 -0.050083615 0.050282415 -0.007032309 0.997453690
1770030063338548736.000000 0.378960639 -0.300818682 -0.009039536 -0.049631618 0.048801843 -0.007044329 0.997549772
1770030063471893760.000000 0.404553950 -0.333343536 -0.020738594 -0.041060198 0.043853685 -0.002100609 0.998191655
1770030063505214464.000000 0.408760101 -0.334332973 -0.019689405 -0.037383869 0.043699589 -0.001858756 0.998343289
1770030063538546432.000000 0.411665291 -0.338886172 -0.019682944 -0.034238324 0.043820925 -0.001257004 0.998451829
1770030063571882496.000000 0.415614963 -0.337262601 -0.020078775 -0.029666426 0.043340061 -0.001109532 0.998619258
1770030063605232640.000000 0.419442028 -0.337311685 -0.022849912 -0.026192553 0.042474907 -0.001394515 0.998753190
1770030063638548736.000000 0.421480149 -0.334681362 -0.021114882 -0.023450570 0.042524010 -0.002547156 0.998816967
1770030063738552320.000000 0.421421379 -0.337477028 -0.024269205 -0.015544532 0.042884845 -0.002734425 0.998955369
1770030063771900160.000000 0.439294666 -0.358635753 -0.030877536 -0.015595362 0.040750653 0.000199714 0.999047637
1770030063805225728.000000 0.443156213 -0.360020399 -0.031262469 -0.013309991 0.040856481 0.000291780 0.999076426
1770030063838546688.000000 0.446465522 -0.365081251 -0.028904598 -0.011937493 0.040821843 0.000364609 0.999095082
1770030063871896576.000000 0.454862356 -0.372446805 -0.031828847 -0.010643092 0.039874330 0.000844652 0.999147713
1770030063905242624.000000 0.461392999 -0.372827530 -0.029060395 -0.008596832 0.039544675 0.001665049 0.999179482
1770030064005224704.000000 0.478799909 -0.380112857 -0.030332424 -0.004759625 0.038544979 0.003329408 0.999240041
1770030064038547968.000000 0.484158128 -0.381218463 -0.032032914 -0.003345012 0.037821572 0.003456657 0.999272943
1770030064071883008.000000 0.481515974 -0.382382482 -0.030585883 -0.002372013 0.038556129 0.003762873 0.999246597
1770030064105218048.000000 0.489587545 -0.378725082 -0.030456990 -0.000935900 0.037772056 0.003763954 0.999278843
1770030064138550784.000000 0.496731758 -0.379179895 -0.033156801 -0.000245141 0.037163079 0.004698379 0.999298155
1770030064171881984.000000 0.499660522 -0.376384795 -0.026844982 0.000475139 0.036818311 0.005083111 0.999309003
1770030064271895552.000000 0.515115380 -0.367830783 -0.029386995 0.002099554 0.034885120 0.005278700 0.999375224
1770030064338585344.000000 0.523235857 -0.360852033 -0.027819632 0.005423269 0.035550002 0.006113264 0.999334574
1770030064371905792.000000 0.523735404 -0.355671316 -0.028747514 0.007251689 0.035927683 0.005234558 0.999314427
1770030064405247488.000000 0.510000587 -0.350274891 -0.039163943 0.009002054 0.038028132 0.005977751 0.999218285
1770030064438558464.000000 0.512271702 -0.347747982 -0.039558031 0.009455473 0.038087286 0.005930407 0.999212146
1770030064471895808.000000 0.516179204 -0.344081521 -0.038020797 0.010176457 0.037902635 0.005884325 0.999212325
1770030064571911424.000000 0.523857594 -0.325166106 -0.040181011 0.013340626 0.038353831 0.005611804 0.999159455
1770030064605232128.000000 0.525924504 -0.321956098 -0.037614446 0.013379510 0.038557854 0.004962568 0.999154508
1770030064638545408.000000 0.526394844 -0.312931865 -0.036145132 0.014595174 0.038860053 0.004432993 0.999128282
1770030064705213184.000000 0.525946498 -0.300174952 -0.040244184 0.016120389 0.039360855 0.003930071 0.999087274
1770030064771902976.000000 0.530614436 -0.288825780 -0.039757121 0.015800407 0.039484214 0.003466582 0.999089301
1770030064871891968.000000 0.539470136 -0.261491805 -0.043179650 0.017856799 0.039204460 0.002893626 0.999067485
1770030064905212160.000000 0.542163491 -0.257298142 -0.041689008 0.018137386 0.039382782 0.003379318 0.999053836
1770030064938555648.000000 0.544413745 -0.256127506 -0.046173200 0.016814392 0.039574180 0.005271397 0.999061286
1770030065005211392.000000 0.543705583 -0.249030218 -0.044706166 0.014906072 0.040279713 0.004093446 0.999068856
1770030065038557440.000000 0.540458143 -0.240350306 -0.049442839 0.015795289 0.040920306 0.003339317 0.999032021
1770030065071884544.000000 0.542705715 -0.226414666 -0.052586444 0.017058603 0.040627975 0.002390993 0.999025881
1770030065138559488.000000 0.544210136 -0.208190396 -0.054984327 0.017275957 0.040958446 0.001571712 0.999010265
1770030065205213440.000000 0.542062879 -0.191515118 -0.053879470 0.017231135 0.041672122 0.001580116 0.998981535
1770030065238543872.000000 0.541352332 -0.192115128 -0.058473904 0.016034359 0.041749030 0.002077121 0.998997331
1770030065271886080.000000 0.538028359 -0.189422861 -0.064240552 0.015848830 0.042480931 0.002412337 0.998968720
1770030065338552064.000000 0.555591464 -0.155386105 -0.043245841 0.016212607 0.041496381 0.004218085 0.998998225
1770030065371888384.000000 0.555219412 -0.148437396 -0.042820077 0.015642883 0.041638512 0.004098882 0.999001861
1770030065405229568.000000 0.553484738 -0.143422246 -0.045230918 0.014758639 0.042055577 0.003865154 0.998998821
1770030065505219328.000000 0.553461373 -0.113967016 -0.048003696 0.014870789 0.042535566 0.002659213 0.998980761
1770030065538548480.000000 0.552128673 -0.101164550 -0.046419781 0.015612453 0.042790033 0.002173936 0.998959720
1770030065571879168.000000 0.553442836 -0.087212704 -0.047947630 0.015307367 0.042590588 0.000686047 0.998975098
1770030065638543360.000000 0.548180521 -0.073512785 -0.047008563 0.014296289 0.043880392 0.000696427 0.998934269
1770030065671886080.000000 0.546902776 -0.064368561 -0.045819648 0.014053538 0.044343192 0.000575507 0.998917401
1770030065705220608.000000 0.547066927 -0.063742228 -0.049368951 0.013171613 0.044146113 0.001722473 0.998936832
1770030065771890944.000000 0.555358112 -0.024787972 -0.040798925 0.013744987 0.043147497 0.001911508 0.998972356
1770030065838549504.000000 0.551640153 -0.012005743 -0.041777711 0.011484353 0.043886315 0.000393404 0.998970509
1770030065871887360.000000 0.530992866 -0.018893633 -0.043735277 0.010359597 0.046405133 -0.000160521 0.998869002
1770030065938552064.000000 0.548578084 0.009747894 -0.042781267 0.008769649 0.044186093 -0.001035307 0.998984337
1770030065971879424.000000 0.550128102 0.012549362 -0.042845465 0.007787089 0.044059653 0.000400774 0.998998523
1770030066005220608.000000 0.548722863 0.022702079 -0.044360474 0.007592543 0.044084527 0.000009917 0.998999000
1770030066071879936.000000 0.543681085 0.056890581 -0.042890187 0.009023366 0.044851679 -0.001554090 0.998951733
1770030066138548480.000000 0.543375373 0.073127411 -0.043657292 0.007990588 0.044802055 -0.001558817 0.998962760
1770030066171893248.000000 0.558048785 0.085880466 -0.029024856 0.009266037 0.043381695 0.001331692 0.999014735
1770030066205236224.000000 0.559019089 0.091901183 -0.028474165 0.008485924 0.043327566 0.001099788 0.999024332
1770030066271893504.000000 0.556075454 0.103797182 -0.026464749 0.007469366 0.044259224 0.001925083 0.998990357
1770030066305229056.000000 0.555860519 0.109932363 -0.026597772 0.006752850 0.043544732 0.001441345 0.999027669
1770030066338562816.000000 0.553131044 0.108776420 -0.031649400 0.004409783 0.043026090 0.002184633 0.999061882
1770030066438544384.000000 0.554089129 0.142171845 -0.022158874 0.004992912 0.042777013 0.001571114 0.999070942
1770030066471876608.000000 0.543385327 0.165057734 -0.024296617 0.005285172 0.043524466 -0.001228479 0.999037623
1770030066505232896.000000 0.541063726 0.171322539 -0.026146710 0.004193195 0.043543790 -0.001688352 0.999041319
1770030066538551040.000000 0.539575160 0.176954553 -0.027040120 0.003656355 0.043236084 -0.001897831 0.999056458
1770030066605227520.000000 0.536426723 0.195982113 -0.025453199 0.003348970 0.042905394 -0.003395976 0.999067724
1770030066638543360.000000 0.535359144 0.203481317 -0.025300229 0.002505312 0.042736553 -0.003864364 0.999075770
1770030066771886336.000000 0.518675804 0.242572397 -0.027730435 0.003002037 0.043121044 -0.003339089 0.999059796
1770030066805215488.000000 0.517742991 0.244855702 -0.028557710 0.001666273 0.042630997 -0.002962534 0.999085188
1770030066838543616.000000 0.516803086 0.253073364 -0.029503303 0.001587901 0.042465452 -0.003968437 0.999088764
1770030066871878656.000000 0.512844682 0.259424627 -0.029805327 0.001274761 0.042754181 -0.004393222 0.999075234
1770030066938544384.000000 0.507802427 0.274970412 -0.028785389 0.001336717 0.042392604 -0.004471423 0.999090195
1770030066971883264.000000 0.504212320 0.277082741 -0.030355318 -0.000003026 0.042135466 -0.005583558 0.999096334
1770030067071887616.000000 0.491203099 0.303392857 -0.032209124 0.000954733 0.041886512 -0.006007035 0.999103904
1770030067105215488.000000 0.489174634 0.307716340 -0.033332143 0.000540671 0.041405074 -0.006347221 0.999122202
1770030067138549760.000000 0.486095130 0.311620444 -0.034547359 0.000185135 0.041341722 -0.006393839 0.999124587
1770030067171891456.000000 0.482062370 0.317491651 -0.035628572 0.000264194 0.040995724 -0.007051037 0.999134421
1770030067238551296.000000 0.476090819 0.326776326 -0.035148043 -0.000418270 0.040520534 -0.007815128 0.999148071
1770030067371907328.000000 0.457724333 0.339630395 -0.035199475 -0.001244765 0.040015765 -0.007299094 0.999171615
1770030067405226240.000000 0.454189062 0.343055993 -0.035460386 -0.001161139 0.039620966 -0.007848282 0.999183297
1770030067438554880.000000 0.450256675 0.346236110 -0.035665259 -0.001481521 0.039598957 -0.007854363 0.999183774
1770030067471900416.000000 0.448953092 0.349556178 -0.036791939 -0.001094482 0.038890392 -0.007840952 0.999212146
1770030067538546688.000000 0.438825697 0.356103897 -0.036027111 -0.001353829 0.039046094 -0.008235589 0.999202609
1770030067571883008.000000 0.433724493 0.358016938 -0.036856238 -0.001571540 0.038931869 -0.008345243 0.999205768
1770030067638582272.000000 0.418494910 0.357325256 -0.033448175 -0.002613610 0.038988132 -0.008707735 0.999198318
1770030067671880960.000000 0.416440874 0.358713537 -0.032053135 -0.003058315 0.038554054 -0.008969722 0.999211609
1770030067705244416.000000 0.410665303 0.361984164 -0.031669613 -0.002142006 0.038796779 -0.008714868 0.999206841
1770030067738571520.000000 0.405532718 0.361164153 -0.033238392 -0.002351156 0.038373724 -0.009500596 0.999215603
1770030067805247744.000000 0.398726702 0.360230058 -0.035804953 -0.002581751 0.037670940 -0.009645340 0.999240339
1770030067838613760.000000 0.392124623 0.362034827 -0.034985296 -0.002175255 0.037665721 -0.009838680 0.999239624
1770030067905235200.000000 0.384229183 0.359589249 -0.036546938 -0.001912155 0.037084345 -0.009146211 0.999268472
1770030067938561536.000000 0.382332653 0.359685391 -0.036206741 -0.001214217 0.036334686 -0.008817642 0.999300122
1770030068005239808.000000 0.372162104 0.350382149 -0.037881739 -0.001516067 0.035870735 -0.007756149 0.999325216
1770030068038560000.000000 0.370685458 0.352821201 -0.044409614 -0.001022478 0.034469891 -0.007824552 0.999374568
1770030068071888896.000000 0.363394350 0.336723745 -0.050960369 -0.002740172 0.033950422 -0.006799552 0.999396682
1770030068171879424.000000 0.356423885 0.342992961 -0.042080205 0.000928217 0.032570038 -0.006988706 0.999444664
1770030068205211904.000000 0.353234679 0.337760419 -0.041503992 0.000959999 0.032091770 -0.005994482 0.999466538
1770030068238547712.000000 0.336635947 0.330485672 -0.043237351 0.000358225 0.033425890 -0.006731415 0.999418497
1770030068305209856.000000 0.331525356 0.326163799 -0.045375478 0.001981045 0.032554630 -0.005444455 0.999453187
1770030068338545408.000000 0.324819922 0.320843697 -0.047409974 0.002207127 0.032226525 -0.005317782 0.999464035
1770030068371901696.000000 0.320548773 0.314981103 -0.045070864 0.002122729 0.032029614 -0.005604186 0.999468923
1770030068438544384.000000 0.301331341 0.300135404 -0.042574674 0.002270231 0.032308180 -0.004568179 0.999464989
1770030068471878144.000000 0.298479825 0.299070269 -0.040316064 0.003488627 0.032029711 -0.004442532 0.999471009
1770030068505210624.000000 0.294756711 0.293644398 -0.041298561 0.003893359 0.031588927 -0.003510302 0.999487281
1770030068571883520.000000 0.279655665 0.276384801 -0.045354992 0.003692322 0.031465255 -0.002862582 0.999494016
1770030068605222400.000000 0.267946541 0.265035212 -0.042108674 0.003149111 0.031611592 -0.004788395 0.999483824
1770030068638549248.000000 0.264486432 0.259950757 -0.041484062 0.004279235 0.031067947 -0.003816448 0.999500871
1770030068705208064.000000 0.252896875 0.247168347 -0.043028098 0.005547226 0.030904479 -0.003517554 0.999500751
1770030068771876352.000000 0.243530661 0.237678826 -0.042030737 0.007930086 0.030301830 -0.002567508 0.999506056
1770030068805214208.000000 0.234380871 0.223477066 -0.046523917 0.007268160 0.030526934 -0.002541460 0.999504268
1770030068838542080.000000 0.234802216 0.228401408 -0.044315588 0.010083460 0.029897870 -0.002584803 0.999498785
1770030068905177856.000000 0.222362906 0.212308288 -0.049255658 0.011953032 0.029202921 -0.002026778 0.999499977
1770030068938519808.000000 0.210657388 0.203961954 -0.049291749 0.012762161 0.030221606 -0.001849061 0.999460042
1770030068971843840.000000 0.206165463 0.196758911 -0.050531469 0.014359968 0.029352900 -0.000778651 0.999465704
1770030069071853568.000000 0.184121490 0.159002483 -0.049562957 0.015563513 0.028130237 -0.003259796 0.999477804
1770030069138508032.000000 0.173089042 0.145317718 -0.052498039 0.020398067 0.027954599 -0.003969043 0.999393225
1770030069238507008.000000 0.150678977 0.123218253 -0.065239310 0.029971844 0.026497619 -0.003895312 0.999191940
1770030069271849472.000000 0.147690311 0.115619801 -0.066262014 0.033033229 0.025503233 -0.004549784 0.999118507
1770030069305177344.000000 0.134776741 0.107890368 -0.050416145 0.035944071 0.025038304 -0.007334748 0.999013186
1770030069371855872.000000 0.131280735 0.094002411 -0.066476904 0.042120349 0.021568984 -0.006913492 0.998855829
1770030069405175296.000000 0.126372591 0.093077548 -0.053204473 0.046037152 0.020364312 -0.007898988 0.998700917
1770030069438508544.000000 0.116475329 0.079386778 -0.064468943 0.048273414 0.018845418 -0.007595822 0.998627484
1770030069571841024.000000 0.103384875 0.055464502 -0.068350323 0.061338659 0.013216830 -0.008831235 0.997990489
1770030069605193216.000000 0.099762119 0.044130165 -0.065435462 0.064752907 0.011374142 -0.008768973 0.997798026
1770030069638530304.000000 0.092296645 0.041298576 -0.061624616 0.068723932 0.010362721 -0.008794775 0.997543156
1770030069671846400.000000 0.092726789 0.028247744 -0.074308850 0.070732743 0.006068758 -0.008522100 0.997440517
1770030069738524416.000000 0.094724655 0.007052840 -0.085530855 0.074871197 -0.002619802 -0.008923014 0.997149944
1770030069771842560.000000 0.089305341 -0.005880487 -0.085267447 0.077292524 -0.005996415 -0.008703180 0.996952474
1770030069871845120.000000 0.070353203 -0.041389342 -0.085491210 0.085581221 -0.019229220 -0.010560102 0.996089637
1770030069905179392.000000 0.067899600 -0.043672521 -0.081614695 0.089589193 -0.024484666 -0.011301998 0.995613635
1770030069938516736.000000 0.071274899 -0.052945130 -0.085229695 0.091304794 -0.030446062 -0.011935796 0.995285928
1770030070038521344.000000 0.033418771 -0.099693410 -0.052991152 0.098031878 -0.045755357 -0.011130763 0.994068623
1770030070071853056.000000 0.027096000 -0.104572386 -0.043660235 0.100487314 -0.051147480 -0.010282418 0.993569613
1770030070171847936.000000 -0.006536509 -0.160886586 -0.049997505 0.100547031 -0.065046318 -0.011178040 0.992740810
1770030070205191424.000000 -0.017907005 -0.171559736 -0.034660898 0.100945398 -0.068744265 -0.010380355 0.992459893
1770030070238530048.000000 -0.026326889 -0.191479623 -0.059634980 0.099166371 -0.071249545 -0.009772117 0.992468655
1770030070271843840.000000 -0.028177453 -0.192436442 -0.034182195 0.098798104 -0.074052252 -0.006045514 0.992329895
1770030070305185536.000000 -0.043206505 -0.218146995 -0.049423132 0.095573001 -0.073832765 -0.005408571 0.992665768
1770030070338529536.000000 -0.049483109 -0.224645644 -0.048728794 0.094650902 -0.073977098 -0.002034396 0.992756009
1770030070405275392.000000 -0.058384512 -0.230956778 -0.051713269 0.070697047 -0.070031568 0.001878406 0.995034635
1770030070505173504.000000 -0.089109592 -0.247243896 -0.056901261 0.031600151 -0.058154084 0.001626829 0.997806013
1770030070538523136.000000 -0.091515206 -0.247042015 -0.052541580 0.023399770 -0.055655595 0.001235520 0.998175025
1770030070571874304.000000 -0.099700041 -0.248315349 -0.046049979 0.016608292 -0.052592102 0.001048972 0.998477459
1770030070605190656.000000 -0.113363631 -0.250819445 -0.038639303 0.009885253 -0.049151994 -0.000550370 0.998742223
1770030070638534656.000000 -0.123930544 -0.265399188 -0.029538445 0.001756105 -0.045781206 -0.000232452 0.998949945
1770030070705172480.000000 -0.137860999 -0.268946469 -0.019951465 -0.008636631 -0.041927304 -0.002350601 0.999080598
1770030070738514944.000000 -0.148293972 -0.281737953 -0.017737471 -0.014813248 -0.038673043 -0.001871656 0.999140382
1770030070805190400.000000 -0.163909122 -0.286560178 -0.005948310 -0.022453448 -0.034988381 -0.004461409 0.999125540
1770030070838532608.000000 -0.171354741 -0.298319757 -0.004625274 -0.026661132 -0.032577120 -0.003747546 0.999106586
1770030070871849216.000000 -0.176514611 -0.306736797 0.005389406 -0.029921539 -0.031386230 -0.002111789 0.999057174
1770030070905187072.000000 -0.188576385 -0.318278462 -0.002051294 -0.032538615 -0.028967127 -0.003890299 0.999043047
1770030070938534656.000000 -0.194555804 -0.322181314 0.002789226 -0.034080073 -0.027792249 -0.004690646 0.999021590
1770030071005192704.000000 -0.209982783 -0.337484777 0.003771791 -0.036250468 -0.024743937 -0.006472099 0.999015391
1770030071071857408.000000 -0.230090603 -0.365309805 0.006534379 -0.037859384 -0.021488525 -0.006794982 0.999028921
1770030071105181696.000000 -0.237899095 -0.378739715 0.005409422 -0.038197447 -0.020147592 -0.005881205 0.999049783
1770030071138521600.000000 -0.252454877 -0.391509861 0.003355566 -0.037635822 -0.018146124 -0.007581907 0.999098003
1770030071171856896.000000 -0.259914577 -0.400319159 0.006460315 -0.036903083 -0.016762828 -0.008207713 0.999144614
1770030071305179392.000000 -0.271377355 -0.415529013 -0.004851263 -0.030040283 -0.013130031 -0.007904765 0.999431252
1770030071405200640.000000 -0.293555468 -0.443272173 -0.001058665 -0.023243383 -0.009842147 -0.010372400 0.999627650
1770030071438515456.000000 -0.302013367 -0.451941639 -0.007592275 -0.020629756 -0.008351165 -0.010517907 0.999696970
1770030071471841280.000000 -0.308645606 -0.462506741 -0.014976548 -0.018579826 -0.007450542 -0.010795373 0.999741375
1770030071505181952.000000 -0.318200529 -0.467781574 -0.015781762 -0.016746584 -0.005878832 -0.011543989 0.999775887
1770030071571899392.000000 -0.320202947 -0.474493295 -0.027271764 -0.013422902 -0.005017679 -0.007033147 0.999872684
1770030071605185280.000000 -0.325720578 -0.477751434 -0.024843790 -0.012107384 -0.003884783 -0.006672942 0.999896944
1770030071705179136.000000 -0.344272166 -0.488197535 -0.025012519 -0.007473387 -0.001769644 -0.007706180 0.999940813
1770030071805186048.000000 -0.358783156 -0.499366045 -0.036502544 -0.004490039 0.000054343 -0.007408033 0.999962509
1770030071871851008.000000 -0.367339939 -0.497672468 -0.040636610 -0.003583366 0.001145680 -0.006956683 0.999968767
1770030071905190144.000000 -0.370729804 -0.497999907 -0.039822914 -0.003278155 0.001570760 -0.006505237 0.999972284
1770030072005200640.000000 -0.386814356 -0.497152776 -0.039731130 0.000496714 0.003116823 -0.007234007 0.999968886
1770030072038541824.000000 -0.394514054 -0.495785028 -0.045406707 0.001825132 0.003238006 -0.007744702 0.999963164
1770030072071859712.000000 -0.399149865 -0.494564176 -0.046918288 0.002830679 0.003844088 -0.006914428 0.999964714
1770030072105219840.000000 -0.404497147 -0.494232535 -0.053362150 0.003591721 0.004245687 -0.006911146 0.999960661
1770030072138530048.000000 -0.408963501 -0.486523747 -0.047952950 0.004836883 0.004486265 -0.006985856 0.999953866
1770030072171865600.000000 -0.415432185 -0.488243699 -0.054988433 0.005362655 0.004807220 -0.007128093 0.999948680
1770030072305182976.000000 -0.429530680 -0.468200266 -0.062131431 0.008668065 0.005416771 -0.007783640 0.999917507
1770030072338516736.000000 -0.430133849 -0.465577543 -0.063149571 0.009167564 0.005439527 -0.006756093 0.999920428
1770030072371889408.000000 -0.433585346 -0.459827572 -0.061824638 0.009485666 0.005316652 -0.007433905 0.999913275
1770030072405201152.000000 -0.437949538 -0.454231918 -0.062780634 0.010133112 0.005354510 -0.007331079 0.999907494
1770030072438509056.000000 -0.439054608 -0.446400166 -0.059817698 0.010380451 0.005334428 -0.007364407 0.999904811
1770030072471850496.000000 -0.443325937 -0.441572994 -0.064410813 0.010833936 0.005902697 -0.007507223 0.999895751
1770030072638509312.000000 -0.460228950 -0.402551591 -0.066169120 0.012015104 0.006272512 -0.007674347 0.999878764
1770030072671860736.000000 -0.460663527 -0.391660601 -0.064729191 0.012430754 0.005963909 -0.007839840 0.999874234
1770030072705195776.000000 -0.469149083 -0.379605860 -0.059747469 0.012536190 0.006989222 -0.009127006 0.999855399
1770030072738536960.000000 -0.473698586 -0.368871510 -0.057444494 0.013136750 0.007341524 -0.010030959 0.999836504
1770030072771904000.000000 -0.472836405 -0.361264795 -0.057195403 0.013163580 0.006831031 -0.009276834 0.999846995
1770030072938503680.000000 -0.480181694 -0.316736400 -0.056591168 0.012494433 0.006766384 -0.007608954 0.999870181
1770030072971843584.000000 -0.480185300 -0.303638697 -0.054490589 0.012928155 0.006046401 -0.008013748 0.999866068
1770030073005177856.000000 -0.482737482 -0.292198092 -0.053940043 0.012734042 0.006307022 -0.008118786 0.999866128
1770030073038526208.000000 -0.484072387 -0.278747231 -0.057889406 0.013300227 0.006469311 -0.009626268 0.999844313
1770030073071838464.000000 -0.488484442 -0.271460861 -0.058817424 0.012805467 0.006689111 -0.008985882 0.999855280
1770030073105176832.000000 -0.489749134 -0.262358665 -0.060169097 0.012221958 0.007037498 -0.008727954 0.999862492
1770030073238516480.000000 -0.484706759 -0.214476332 -0.050463986 0.011952340 0.005181298 -0.007318969 0.999888420
1770030073271849984.000000 -0.483753592 -0.209197581 -0.049769595 0.010495572 0.005000717 -0.006145594 0.999913573
1770030073305172992.000000 -0.482258052 -0.201517940 -0.048924632 0.009569039 0.004999871 -0.004865094 0.999929905
1770030073338520576.000000 -0.481348753 -0.190293849 -0.048834272 0.009547768 0.004615216 -0.004073762 0.999935567
1770030073371847168.000000 -0.480651081 -0.181190804 -0.047906745 0.008555280 0.004453919 -0.003561152 0.999947131
1770030073405180672.000000 -0.481331557 -0.165997922 -0.048489615 0.008565977 0.004407843 -0.004941132 0.999941468
1770030073505177088.000000 -0.481342375 -0.134530976 -0.052368373 0.007385481 0.004375298 -0.003649252 0.999956489
1770030073538509312.000000 -0.484678209 -0.119038932 -0.055258416 0.007784126 0.004615035 -0.006286934 0.999939322
1770030073571840000.000000 -0.486125499 -0.110346772 -0.052438173 0.006980025 0.004784086 -0.005825989 0.999947250
1770030073605176576.000000 -0.485456854 -0.098688543 -0.051719297 0.006596632 0.004368966 -0.005285069 0.999954760
1770030073638507008.000000 -0.485151112 -0.087748975 -0.053212117 0.006218301 0.004507508 -0.005280764 0.999956548
1770030073671844608.000000 -0.483677447 -0.079543196 -0.052893333 0.005376880 0.004400632 -0.004790796 0.999964416
1770030073771844352.000000 -0.483182609 -0.041877743 -0.053320579 0.005182785 0.004421656 -0.006426917 0.999956131
1770030073805178624.000000 -0.481995404 -0.029368395 -0.055796903 0.004332510 0.004418570 -0.005585299 0.999965250
1770030073838511872.000000 -0.480991632 -0.019645507 -0.054238558 0.004227727 0.004102237 -0.006339405 0.999962568
1770030073871858688.000000 -0.478221983 -0.016998084 -0.063047089 0.002099186 0.003664702 -0.004488000 0.999981046
1770030073905192960.000000 -0.477619559 -0.001417165 -0.056028631 0.002256878 0.003820077 -0.003467853 0.999984205
1770030073938516992.000000 -0.478044331 0.015100894 -0.051496156 0.002752788 0.004220505 -0.005007962 0.999974787
1770030074005181440.000000 -0.476344943 0.042073876 -0.056035016 0.002382699 0.004647644 -0.004805466 0.999974847
1770030074071842304.000000 -0.473152548 0.066309489 -0.051597949 0.000921917 0.004454259 -0.011097210 0.999928117
1770030074105174016.000000 -0.476357341 0.072750978 -0.057866488 -0.000927893 0.005124794 -0.024170047 0.999694347
1770030074138519552.000000 -0.479624152 0.087171555 -0.056749433 -0.001871023 0.005308772 -0.037691053 0.999273598
1770030074171840512.000000 -0.480082512 0.093027361 -0.052314445 -0.003279467 0.004853747 -0.049512327 0.998756349
1770030074205197568.000000 -0.480907053 0.096612178 -0.069741614 -0.006419519 0.005366043 -0.060204361 0.998151064
1770030074271863296.000000 -0.483599544 0.127944037 -0.047445428 -0.007051892 0.005156589 -0.085918896 0.996263921
1770030074338521088.000000 -0.489898622 0.151282027 -0.056316242 -0.008900664 0.006394717 -0.109605819 0.993914783
1770030074371876608.000000 -0.484593302 0.163538098 -0.042961206 -0.010096631 0.005303659 -0.120527089 0.992644548
1770030074405202688.000000 -0.490183115 0.172169998 -0.062215187 -0.010968275 0.006637316 -0.131844372 0.991187572
1770030074438588928.000000 -0.494061232 0.180901632 -0.063526176 -0.012545631 0.006849604 -0.143254861 0.989582658
1770030074471889664.000000 -0.495973706 0.187628448 -0.064757884 -0.014535343 0.006570448 -0.153133169 0.988076866
1770030074571878144.000000 -0.500478148 0.221175551 -0.065445602 -0.016988872 0.006647052 -0.183732465 0.982807040
1770030074638529280.000000 -0.499390423 0.238740832 -0.065236747 -0.019368500 0.007518261 -0.202891290 0.978980899
1770030074671872000.000000 -0.496348172 0.249592677 -0.064995937 -0.021048458 0.007818179 -0.211841032 0.977046192
1770030074738548736.000000 -0.499725342 0.260882288 -0.066022903 -0.022587070 0.009862837 -0.229365408 0.973028302
1770030074771838720.000000 -0.495811731 0.270582765 -0.063713618 -0.023191564 0.009536429 -0.236698583 0.971259475
1770030074805181952.000000 -0.497180194 0.279309273 -0.067663833 -0.023928238 0.010317869 -0.245131537 0.969139636
1770030074971849472.000000 -0.491861105 0.315900326 -0.071425363 -0.028205106 0.011735595 -0.278751284 0.959877372
1770030075005181184.000000 -0.484900504 0.319954604 -0.066964664 -0.028680045 0.011559371 -0.284999520 0.958028734
1770030075038509824.000000 -0.482635230 0.324511588 -0.067858115 -0.030269032 0.011659288 -0.289875716 0.956514478
1770030075071846912.000000 -0.487193316 0.333346963 -0.069998272 -0.030365059 0.012868327 -0.295165539 0.954876840
1770030075105171200.000000 -0.486160874 0.336928874 -0.072273843 -0.030932074 0.013344927 -0.300399274 0.953218460
1770030075238505728.000000 -0.475961149 0.356717706 -0.077843666 -0.033020798 0.016349902 -0.317674160 0.947483778
1770030075271835136.000000 -0.470923126 0.358517855 -0.080223806 -0.033469815 0.016486170 -0.321800351 0.946072221
1770030075305182976.000000 -0.463447601 0.366818428 -0.079582252 -0.032456074 0.016246570 -0.326168180 0.944614708
1770030075338512896.000000 -0.461276263 0.365826339 -0.081182823 -0.033867098 0.016225683 -0.329324096 0.943469882
1770030075371844608.000000 -0.460425913 0.369250298 -0.082137585 -0.034033295 0.016594756 -0.332573622 0.942316890
1770030075405171712.000000 -0.454377174 0.370582014 -0.085635781 -0.034587655 0.016145118 -0.334571719 0.941596985
1770030075505179392.000000 -0.443922132 0.378051251 -0.085573800 -0.034816172 0.017030558 -0.341130584 0.939216554
1770030075538516480.000000 -0.439746916 0.376692683 -0.087972127 -0.035443749 0.017066633 -0.342394203 0.938732505
1770030075571838208.000000 -0.435280621 0.378557026 -0.088863559 -0.035055678 0.017234972 -0.343966156 0.938169122
1770030075605190912.000000 -0.430718720 0.380198896 -0.090539634 -0.034873035 0.017759154 -0.344962955 0.937800169
1770030075638512384.000000 -0.424522460 0.375867337 -0.093485177 -0.035788994 0.016968738 -0.344476789 0.937958956
1770030075671837696.000000 -0.420878172 0.374727845 -0.090431258 -0.036054559 0.017306179 -0.345795721 0.937457144
1770030075771846400.000000 -0.414176852 0.370475739 -0.103875592 -0.035682794 0.019721506 -0.345757127 0.937437952
1770030075805182208.000000 -0.407021821 0.366289318 -0.106516756 -0.035863735 0.019653829 -0.345344543 0.937584519
1770030075838519040.000000 -0.401130944 0.363280207 -0.106813148 -0.035671052 0.019611198 -0.342679471 0.938570082
1770030075871852032.000000 -0.395390868 0.362973481 -0.099920779 -0.035325352 0.019975912 -0.342397451 0.938678384
1770030075905169152.000000 -0.390909135 0.357862055 -0.100527547 -0.035192478 0.020851282 -0.341074049 0.939146042
1770030075938522368.000000 -0.378622890 0.355050296 -0.096475095 -0.034876395 0.019806052 -0.337923676 0.940318584
1770030076038518272.000000 -0.355247200 0.340103120 -0.087789498 -0.034214515 0.019344678 -0.328627259 0.943641543
1770030076105181440.000000 -0.343112797 0.329544336 -0.091728985 -0.032981247 0.020268871 -0.321627259 0.946074724
1770030076138523648.000000 -0.335279673 0.323924929 -0.094652638 -0.032551393 0.020305656 -0.316918671 0.947676480
1770030076171855616.000000 -0.326570094 0.319770634 -0.078078300 -0.031340729 0.020652777 -0.312331468 0.949231505
1770030076205225728.000000 -0.313147545 0.313983381 -0.071390778 -0.030584764 0.019963261 -0.305521876 0.951484382
1770030076238539008.000000 -0.303357989 0.309862763 -0.061111961 -0.029412393 0.020031819 -0.299801558 0.953337669
1770030076338508032.000000 -0.284707040 0.279869944 -0.068755373 -0.027732145 0.021811636 -0.277353138 0.960120022
1770030076438514944.000000 -0.257302552 0.250104934 -0.076044247 -0.024009241 0.022392476 -0.247987688 0.968206704
1770030076471889152.000000 -0.247792676 0.239193350 -0.079983875 -0.022860358 0.022598721 -0.236889407 0.971004725
1770030076505196032.000000 -0.238003209 0.228062585 -0.082362503 -0.021037685 0.022833940 -0.226388007 0.973542273
1770030076538507264.000000 -0.227410838 0.220278203 -0.086040512 -0.018971611 0.023105850 -0.216291904 0.975870907
1770030076638525952.000000 -0.196663111 0.199874625 -0.066833928 -0.014230547 0.023074759 -0.188150316 0.981766045
1770030076671880192.000000 -0.185302511 0.188704878 -0.064772137 -0.013424841 0.023160350 -0.178546414 0.983567357
1770030076705208832.000000 -0.172941506 0.176501185 -0.065928906 -0.011910046 0.022768335 -0.170078754 0.985095441
1770030076738516736.000000 -0.164972171 0.170747668 -0.056654535 -0.009816616 0.023479654 -0.163168073 0.986270010
1770030076771856384.000000 -0.153193101 0.160543442 -0.052469742 -0.007799477 0.023600353 -0.157163754 0.987259746
1770030076805190144.000000 -0.144426361 0.152105227 -0.047458064 -0.005038984 0.024348004 -0.152947798 0.987921417
1770030076938529024.000000 -0.113553405 0.117453508 -0.047359347 0.008847912 0.029343361 -0.149832115 0.988236368
1770030076971854336.000000 -0.106440142 0.107508220 -0.043716121 0.012602813 0.031025177 -0.148899943 0.988285124
1770030077005190144.000000 -0.100614794 0.099698864 -0.040048845 0.016568627 0.033287089 -0.148598030 0.988198400
1770030077038511360.000000 -0.093438298 0.092078447 -0.039175373 0.020374035 0.035788581 -0.147944272 0.988137960
1770030077071837952.000000 -0.084731057 0.084331855 -0.045847569 0.024379496 0.038378932 -0.147207171 0.988060117
1770030077105178112.000000 -0.083234251 0.074122846 -0.058623284 0.028037800 0.041809991 -0.147689760 0.987751782
1770030077238503936.000000 -0.059916422 0.040275127 -0.054257412 0.042591989 0.054426715 -0.145447642 0.986949205
1770030077305177600.000000 -0.049494334 0.025684912 -0.045506023 0.051309817 0.061590381 -0.144868255 0.986198366
1770030077338514176.000000 -0.037368003 0.012357005 -0.055035535 0.053950157 0.065647885 -0.144384354 0.985866606
1770030077371865344.000000 -0.030951601 0.004825127 -0.043972768 0.056678686 0.070122659 -0.143173829 0.985581875
1770030077405174784.000000 -0.026079629 -0.008224951 -0.052039541 0.058372833 0.074976377 -0.142851189 0.985172451
1770030077538504448.000000 0.002551943 -0.044823416 -0.055676430 0.066355638 0.096962504 -0.140537858 0.983079016
1770030077571858432.000000 0.005292709 -0.051826071 -0.043187816 0.067337230 0.103544421 -0.139431506 0.982498467
1770030077605176576.000000 0.017936330 -0.063407876 -0.054709084 0.069165073 0.108487390 -0.138781637 0.981929958
1770030077638548736.000000 0.032210629 -0.074334778 -0.060118042 0.070070803 0.112923943 -0.137909546 0.981488347
1770030077671856128.000000 0.038396347 -0.090003297 -0.055375081 0.068968236 0.119285800 -0.136603877 0.980996251
1770030077705173504.000000 0.048088979 -0.099413767 -0.054559976 0.068842441 0.124499306 -0.135638133 0.980491221
1770030077805199104.000000 0.078102902 -0.136984468 -0.055027977 0.066449523 0.137277141 -0.133774340 0.979205787
1770030077838511104.000000 0.076867521 -0.147999018 -0.055438261 0.064911477 0.142067522 -0.133611694 0.978647649
1770030077871845632.000000 0.082635015 -0.149095893 -0.057320051 0.063218497 0.145002693 -0.133897021 0.978288949
1770030077905189120.000000 0.085291162 -0.153286532 -0.063207775 0.061803218 0.146974027 -0.135256618 0.977898121
1770030077938519552.000000 0.102504268 -0.171441749 -0.057459012 0.058427911 0.146847829 -0.134130895 0.978279531
1770030077971848192.000000 0.081133887 -0.163623944 -0.072644383 0.048430793 0.146584496 -0.133606002 0.978936672
1770030078071842048.000000 0.160976693 -0.169705227 -0.044890065 0.010618771 0.129456922 -0.117815427 0.984503806
1770030078105173760.000000 0.168065146 -0.178714499 -0.039677508 -0.000739880 0.123089097 -0.110385306 0.986237109
1770030078138504960.000000 0.136199489 -0.206239149 -0.065157279 -0.008776817 0.118408918 -0.098503903 0.988027990
1770030078171856640.000000 0.131541550 -0.204942554 -0.055367082 -0.014635256 0.115300126 -0.090225726 0.989116311
1770030078238502912.000000 0.215500668 -0.193115100 -0.027344001 -0.025489988 0.100663513 -0.084991097 0.990955949
1770030078271837184.000000 0.222178861 -0.191672072 -0.020402268 -0.029994655 0.097004294 -0.079203136 0.991674006
1770030078405186560.000000 0.269720882 -0.222250849 -0.018185794 -0.049214046 0.079023905 -0.056555677 0.994049668
1770030078471842048.000000 0.281591773 -0.219487384 -0.009193650 -0.052178491 0.074555673 -0.046672639 0.994756520
1770030078505170688.000000 0.289647907 -0.204112038 0.002587835 -0.050485980 0.072306618 -0.041166492 0.995252907
1770030078571836416.000000 0.311007053 -0.236808822 -0.003197436 -0.057037614 0.065601423 -0.032805432 0.995674133
1770030078605178880.000000 0.318738550 -0.237438440 0.001020389 -0.057017367 0.063780129 -0.028862800 0.995915711
1770030078705172480.000000 0.339635402 -0.242465764 0.007754281 -0.055508845 0.058559287 -0.020724719 0.996523976
1770030078738515456.000000 0.345396072 -0.242756501 0.010867485 -0.054210246 0.057711784 -0.018337669 0.996691704
1770030078771843840.000000 0.347785354 -0.274190098 -0.005648271 -0.057095923 0.054547273 -0.014245054 0.996775687
1770030078805200640.000000 0.350861341 -0.278818905 -0.001536169 -0.056301981 0.054118767 -0.012265224 0.996870577
1770030078871848448.000000 0.378394186 -0.308206171 -0.006273139 -0.055815034 0.049031720 -0.006972891 0.997212112
1770030078905250560.000000 0.393616498 -0.321617812 -0.012737305 -0.054694444 0.046192959 -0.004870861 0.997422278
1770030079005184512.000000 0.396900117 -0.320447028 -0.019260515 -0.045165017 0.045144655 -0.002622252 0.997955501
1770030079038524416.000000 0.399724603 -0.324549586 -0.019598631 -0.042081594 0.044770923 -0.001781676 0.998108983
1770030079071838208.000000 0.410160333 -0.325640231 -0.014728784 -0.038240530 0.043775912 -0.000164219 0.998309255
1770030079105184512.000000 0.412438542 -0.336785108 -0.016643235 -0.036796071 0.043538932 -0.000697690 0.998373628
1770030079171836928.000000 0.417921960 -0.339158684 -0.015937373 -0.028384222 0.044085983 0.001581092 0.998623192
1770030079205171712.000000 0.421075433 -0.340103626 -0.014419303 -0.025759678 0.043418992 -0.000006657 0.998724878
1770030079305170944.000000 0.432748735 -0.353105903 -0.024893692 -0.018920286 0.041907221 -0.000184322 0.998942375
1770030079338503168.000000 0.436977327 -0.356615603 -0.023239294 -0.016837284 0.041675266 0.000388805 0.998989344
1770030079371833600.000000 0.439761370 -0.356190830 -0.022506297 -0.014128058 0.041894715 0.000303342 0.999022126
1770030079405182464.000000 0.449502438 -0.361000836 -0.021702014 -0.012549759 0.041015912 0.001183615 0.999078989
1770030079471834112.000000 0.469545454 -0.375641584 -0.024078561 -0.010076751 0.038884260 0.002128440 0.999190629
1770030079505170688.000000 0.479142636 -0.381378204 -0.022466561 -0.009025452 0.038078718 0.002370090 0.999231160
1770030079605187072.000000 0.494136602 -0.386465251 -0.026057743 -0.005200712 0.036850847 0.002867349 0.999303222
1770030079638502144.000000 0.493853390 -0.379343987 -0.022371704 -0.002979996 0.037319634 0.001705664 0.999297500
1770030079671838208.000000 0.496461660 -0.379476160 -0.021620823 -0.001993102 0.037190326 0.001878629 0.999304473
1770030079705180160.000000 0.511357844 -0.379546285 -0.024481351 -0.001489513 0.035323877 0.001499527 0.999373734
1770030079738504704.000000 0.518713117 -0.382938385 -0.024561431 -0.001105421 0.034911830 0.002552775 0.999386609
1770030079771840000.000000 0.515886426 -0.378658861 -0.024950825 -0.000194619 0.035160918 0.002532155 0.999378443
1770030079905223936.000000 0.509610236 -0.360853314 -0.037333619 0.004817382 0.036189448 0.005438317 0.999318540
1770030079938500352.000000 0.509669483 -0.360068381 -0.035646934 0.005624878 0.037079331 0.004838608 0.999284804
1770030079971846912.000000 0.511212409 -0.355140269 -0.038004626 0.007581130 0.037373945 0.005076727 0.999259710
1770030080005180160.000000 0.513454378 -0.351790935 -0.036439326 0.008437588 0.037372883 0.004548025 0.999255478
1770030080038515200.000000 0.514343023 -0.351518571 -0.036430135 0.008603257 0.037752550 0.004792407 0.999238610
1770030080071850240.000000 0.513017356 -0.349787682 -0.037132621 0.009342508 0.038277727 0.004558876 0.999213099
1770030080205178624.000000 0.522207558 -0.330796242 -0.037767146 0.011941697 0.039009597 0.004470843 0.999157548
1770030080238505728.000000 0.524926424 -0.332474977 -0.042841960 0.011639541 0.038888983 0.005351022 0.999161482
1770030080271852288.000000 0.527513742 -0.317697972 -0.044099495 0.013369439 0.038806822 0.004485500 0.999147236
1770030080305196800.000000 0.530203223 -0.306977957 -0.042518206 0.014404655 0.038984496 0.004786477 0.999124527
1770030080338510080.000000 0.538882732 -0.295719862 -0.042243253 0.015034477 0.038194258 0.004381624 0.999147654
1770030080371858176.000000 0.536691487 -0.289906442 -0.041402377 0.015356288 0.038937118 0.004743664 0.999112427
1770030080505167872.000000 0.547606826 -0.266217083 -0.043209657 0.015962347 0.039083470 0.005365488 0.999094069
1770030080571852544.000000 0.548677444 -0.254328996 -0.043718219 0.015257752 0.039474946 0.004950637 0.999091804
1770030080605165568.000000 0.548850179 -0.239906102 -0.042463131 0.016560785 0.039587002 0.004536058 0.999068618
1770030080638500096.000000 0.549571157 -0.233243600 -0.043318797 0.016427262 0.039711699 0.004159092 0.999067545
1770030080671860736.000000 0.550657272 -0.223390937 -0.044771660 0.016806049 0.040013585 0.003174737 0.999052823
1770030080838507520.000000 0.554822326 -0.174440175 -0.044927500 0.016781988 0.040989392 0.002453367 0.999015629
1770030080871857664.000000 0.554616570 -0.166934565 -0.043770660 0.016618783 0.041243169 0.002453082 0.999007940
1770030080905170432.000000 0.553496420 -0.158843189 -0.045958407 0.016867694 0.041314032 0.002365041 0.999001026
1770030080971857408.000000 0.558064222 -0.137131706 -0.044548374 0.017270442 0.041204698 0.003792413 0.998994291
1770030081005180416.000000 0.558681548 -0.132455930 -0.044785049 0.015952347 0.040965866 0.003033116 0.999028563
1770030081138517504.000000 0.557885706 -0.099101663 -0.044650290 0.014905497 0.042088930 0.002184696 0.999000371
1770030081171844608.000000 0.557966769 -0.086835817 -0.042677928 0.014999091 0.042421196 0.001851567 0.998985589
1770030081205188096.000000 0.555315316 -0.074723653 -0.047075562 0.015294824 0.042665955 0.001349597 0.998971462
1770030081238519552.000000 0.554775953 -0.060286850 -0.045239877 0.015687317 0.042999953 0.000543903 0.998951793
1770030081271843584.000000 0.553359985 -0.053117629 -0.044055689 0.014629423 0.043211736 -0.000136043 0.998958826
1770030081305176576.000000 0.553238511 -0.042714812 -0.047155153 0.014685224 0.043210503 -0.000150909 0.998958111
1770030081438516736.000000 0.556990206 -0.007363854 -0.039423570 0.012511174 0.043142810 0.001870045 0.998988867
1770030081471837952.000000 0.557030022 -0.003136521 -0.039373450 0.010980194 0.043242943 0.001558022 0.999003053
1770030081505186816.000000 0.557384074 0.003803736 -0.038272038 0.010350078 0.043474864 0.001357238 0.999000013
1770030081538526976.000000 0.558035791 0.011124253 -0.038401641 0.009378051 0.043144885 0.000647052 0.999024630
1770030081571847424.000000 0.559710681 0.016510235 -0.037288867 0.008763966 0.042885970 0.001647573 0.999040246
1770030081605193216.000000 0.559193313 0.023756515 -0.038193334 0.008315588 0.042893000 0.002342521 0.999042332
1770030081738509056.000000 0.557294309 0.051417015 -0.034053031 0.005385327 0.042762514 0.002472009 0.999067724
1770030081771841024.000000 0.558273554 0.087015651 -0.026443051 0.008847122 0.043511454 0.000688923 0.999013543
1770030081805197312.000000 0.557355583 0.093049206 -0.027456382 0.008054233 0.043491546 0.000655468 0.999021173
1770030081838513920.000000 0.556239247 0.101007767 -0.026699325 0.007607101 0.043697875 0.000759243 0.999015570
1770030081871862528.000000 0.555430472 0.107030943 -0.028088262 0.006551272 0.043403368 0.000560826 0.999036014
1770030081905175808.000000 0.554220855 0.113351658 -0.025421320 0.006102897 0.043438241 0.000516988 0.999037385
1770030082005185536.000000 0.547078550 0.149214506 -0.024366001 0.006192785 0.043481372 -0.000549707 0.999034882
1770030082038522368.000000 0.543243051 0.156840205 -0.026522512 0.005895550 0.043941170 -0.001546778 0.999015570
1770030082071853568.000000 0.540576220 0.165270999 -0.027294846 0.005473593 0.044105221 -0.002859746 0.999007821
1770030082105188096.000000 0.538654089 0.172374085 -0.028377578 0.004657990 0.043998659 -0.002697642 0.999017119
1770030082138513920.000000 0.539042890 0.183876291 -0.024639323 0.004815325 0.043631461 -0.002530388 0.999032915
1770030082171847936.000000 0.537591994 0.192634702 -0.026134862 0.004572611 0.043351278 -0.002644451 0.999045968
1770030082271852544.000000 0.525889695 0.220891401 -0.025941493 0.003882483 0.043616578 -0.002571036 0.999037504
1770030082305171456.000000 0.524335265 0.223300338 -0.026589463 0.002499441 0.043605268 -0.002227038 0.999043286
1770030082338502144.000000 0.521691382 0.229552865 -0.028330432 0.001987757 0.043439545 -0.002970311 0.999049723
1770030082371838208.000000 0.518672645 0.234926283 -0.028618537 0.001371183 0.043108616 -0.003458007 0.999063492
1770030082405167104.000000 0.518076956 0.244193435 -0.028243534 0.001163028 0.042761017 -0.004099838 0.999076247
1770030082438498816.000000 0.513102114 0.257195324 -0.028292662 0.002255452 0.043054607 -0.004203537 0.999061346
1770030082538513920.000000 0.503125489 0.275194913 -0.029373676 0.000035247 0.042547423 -0.005911950 0.999077022
1770030082571851008.000000 0.498299360 0.284523338 -0.029004097 0.001321440 0.042967346 -0.005454735 0.999060750
1770030082605170432.000000 0.497736067 0.293741107 -0.027668171 0.000266397 0.042396128 -0.007019706 0.999076188
1770030082638520064.000000 0.491302848 0.299327493 -0.029350942 0.000082789 0.042573560 -0.007908707 0.999062061
1770030082671837696.000000 0.488158047 0.297047466 -0.029596398 -0.000864439 0.042520769 -0.006164875 0.999076247
1770030082705165312.000000 0.485638201 0.309316397 -0.025746226 0.000302495 0.042488307 -0.006472032 0.999076009
1770030082871832320.000000 0.465658665 0.333596945 -0.025143681 -0.001051285 0.042256668 -0.008295158 0.999071836
1770030082905171456.000000 0.460437000 0.334963411 -0.030946098 -0.000704715 0.040993549 -0.006958990 0.999134958
1770030082938505216.000000 0.455861002 0.337264866 -0.033422306 -0.000864343 0.040808026 -0.006890655 0.999142945
1770030083005171712.000000 0.451198667 0.344148815 -0.034562346 -0.000497364 0.039785270 -0.006735161 0.999185443
1770030083038510080.000000 0.443670809 0.347603709 -0.032819640 -0.000646610 0.040385675 -0.007752919 0.999153912
1770030083138512896.000000 0.425202996 0.353841573 -0.035246205 -0.001691914 0.041090436 -0.007812650 0.999123454
1770030083171841536.000000 0.424788982 0.356011331 -0.035210334 -0.001418371 0.040155798 -0.007367885 0.999165237
1770030083238501888.000000 0.413451344 0.360041827 -0.033405952 -0.001443838 0.039968297 -0.007655426 0.999170601
1770030083271846656.000000 0.408335268 0.358629018 -0.032043628 -0.002242131 0.039826903 -0.008900998 0.999164462
1770030083305189376.000000 0.405620873 0.363150090 -0.032547571 -0.001383627 0.039347455 -0.008635866 0.999187350
1770030083338508288.000000 0.401440173 0.363383144 -0.031658605 -0.001075504 0.039057147 -0.008814320 0.999197602
1770030083438502144.000000 0.391739577 0.361909389 -0.035963509 -0.001452642 0.037694935 -0.009046955 0.999247253
1770030083471835904.000000 0.387233347 0.365226656 -0.039883491 -0.000252226 0.037504278 -0.008533058 0.999260068
1770030083505168128.000000 0.383568108 0.364957064 -0.036023494 0.000347347 0.036852870 -0.007511889 0.999292493
1770030083538529280.000000 0.376516610 0.354987681 -0.036981858 -0.001187308 0.036837868 -0.008267254 0.999286354
1770030083605168896.000000 0.372260123 0.352941066 -0.038189560 -0.000283865 0.035353523 -0.007431753 0.999347210
1770030083638526976.000000 0.368890464 0.351879001 -0.041693036 0.000029335 0.034707155 -0.007579519 0.999368787
1770030083738512384.000000 0.361761898 0.345610917 -0.049279071 0.001297139 0.032305248 -0.005694172 0.999460995
1770030083771835136.000000 0.345628917 0.334812939 -0.042778991 -0.000748696 0.034282342 -0.006887699 0.999388218
1770030083805174272.000000 0.347748131 0.341793746 -0.042685531 0.002500820 0.032191738 -0.006020173 0.999460518
1770030083838511616.000000 0.343777448 0.333122790 -0.047264013 0.002045265 0.031523008 -0.004423657 0.999491155
1770030083905170176.000000 0.328151524 0.319185138 -0.047450703 0.000660584 0.032673374 -0.004471171 0.999455929
1770030083938529024.000000 0.325045556 0.317375600 -0.049810912 0.001617511 0.032072153 -0.004108990 0.999475837
1770030084038530304.000000 0.298388183 0.297880292 -0.043670554 0.001967985 0.032495342 -0.005213926 0.999456346
1770030084071865344.000000 0.293596298 0.295386791 -0.042104345 0.002561904 0.032637049 -0.005345035 0.999449730
1770030084105186816.000000 0.288146317 0.290418357 -0.043849986 0.003029704 0.032551192 -0.004907268 0.999453425
1770030084138537984.000000 0.284094840 0.284758180 -0.045310140 0.003879985 0.031725004 -0.004550912 0.999478757
1770030084205178624.000000 0.269046038 0.264695972 -0.043310221 0.003632529 0.031278081 -0.004497330 0.999494016
1770030084238520832.000000 0.271668911 0.260572493 -0.046478666 0.004952962 0.029691515 -0.002229061 0.999544382
1770030084305172224.000000 0.254303575 0.245653316 -0.047603395 0.005716724 0.030322604 -0.003386719 0.999518156
1770030084338498048.000000 0.246232197 0.239018604 -0.045357808 0.006478565 0.030622102 -0.002541757 0.999506831
1770030084371839488.000000 0.241613671 0.230299845 -0.045339648 0.006452139 0.030440135 -0.002183239 0.999513388
1770030084405156608.000000 0.233787626 0.220594555 -0.047562573 0.007388031 0.030539131 -0.000892032 0.999505937
1770030084471827968.000000 0.221486703 0.204985321 -0.050303143 0.008445699 0.029629571 -0.001863128 0.999523520
1770030084505156096.000000 0.218917757 0.199304476 -0.049560606 0.009986311 0.028799657 -0.001425385 0.999534309
1770030084571841024.000000 0.209858820 0.184722543 -0.056217421 0.011681807 0.027776478 -0.001162261 0.999545276
1770030084605159424.000000 0.204501346 0.175430670 -0.060253058 0.012864928 0.026922261 -0.000478325 0.999554694
1770030084671852032.000000 0.186382413 0.154975131 -0.059477221 0.015250323 0.027286200 -0.002478777 0.999508262
1770030084705160704.000000 0.182774842 0.150698200 -0.059692230 0.018253153 0.026931506 -0.002584194 0.999467254
1770030084738496000.000000 0.175623775 0.141657516 -0.064902306 0.020484194 0.026985412 -0.002515177 0.999422789
1770030084838487552.000000 0.157088608 0.116087355 -0.074807703 0.028861785 0.024808178 -0.002858798 0.999271452
1770030084871851264.000000 0.149648160 0.111101292 -0.079686232 0.032470457 0.024273397 -0.003410809 0.999172151
1770030084905163520.000000 0.145563066 0.098871075 -0.081725754 0.035218731 0.023628592 -0.002808958 0.999096334
1770030084971825152.000000 0.123755448 0.088150963 -0.062440768 0.042142697 0.021904394 -0.006912744 0.998847604
1770030085038506240.000000 0.116444655 0.078747928 -0.065038227 0.048981290 0.018548660 -0.007316519 0.998600662
1770030085138503424.000000 0.106473185 0.061406408 -0.074650094 0.058786243 0.013799625 -0.007600708 0.998146296
1770030085171923456.000000 0.102384038 0.053811286 -0.074596912 0.062478639 0.012947889 -0.008310805 0.997927725
1770030085205207040.000000 0.100182466 0.044953413 -0.078678958 0.065651178 0.010874825 -0.007723880 0.997753501
1770030085271835136.000000 0.092995428 0.029890390 -0.077507325 0.072000071 0.005106367 -0.007794620 0.997361183
1770030085305173760.000000 0.090034217 0.017554590 -0.080843076 0.073910624 0.001650996 -0.007596618 0.997234583
1770030085338521088.000000 0.084537745 0.002444992 -0.077147312 0.076012142 -0.001889813 -0.010435635 0.997050524
1770030085471827712.000000 0.068895467 -0.044465628 -0.090657316 0.085972607 -0.019911200 -0.011342362 0.996033967
1770030085505165056.000000 0.065235026 -0.058350213 -0.095701829 0.088164702 -0.025369877 -0.011656941 0.995714605
1770030085538488576.000000 0.058755126 -0.073741235 -0.099629760 0.090371795 -0.030402808 -0.010713836 0.995386302
1770030085571821568.000000 0.051678639 -0.088301636 -0.087495252 0.092500106 -0.036230609 -0.011611219 0.994985580
1770030085638503424.000000 0.033951424 -0.107126258 -0.062662318 0.097831354 -0.046873692 -0.012463480 0.994020402
1770030085671819520.000000 0.027790839 -0.115626007 -0.063840382 0.099880807 -0.052182913 -0.012933672 0.993545949
1770030085771825920.000000 -0.008017899 -0.165002987 -0.055447526 0.100686222 -0.065599710 -0.012089163 0.992679596
1770030085805164032.000000 -0.010895502 -0.171575561 -0.034318011 0.100838445 -0.069771387 -0.010422915 0.992398620
1770030085871842816.000000 -0.035011757 -0.210945264 -0.056073405 0.097081751 -0.073527530 -0.007400362 0.992529154
1770030085938506496.000000 -0.044453893 -0.219860256 -0.055007756 0.094110072 -0.074112162 -0.001723708 0.992797911
1770030085971832832.000000 -0.046701439 -0.225516707 -0.054290213 0.081238851 -0.072311468 0.001271995 0.994067252
1770030086071830016.000000 -0.085719191 -0.237749994 -0.043895699 0.040300380 -0.060849357 0.000203933 0.997333050
1770030086105154048.000000 -0.089201659 -0.234556645 -0.036860704 0.031124149 -0.058144856 0.000593635 0.997822702
1770030086138507264.000000 -0.082531109 -0.226138785 -0.012261588 0.023040311 -0.056086712 0.004326595 0.998150706
1770030086171830016.000000 -0.097743526 -0.235931829 -0.004611752 0.015067313 -0.051951706 0.003622146 0.998529434
1770030086205157120.000000 -0.130514115 -0.261629611 -0.007005386 0.007464868 -0.047282614 -0.003325594 0.998848140
1770030086238508288.000000 -0.140185162 -0.270485312 -0.006371926 0.000619919 -0.044431642 -0.003952687 0.999004483
1770030086338535680.000000 -0.149285540 -0.283776760 -0.016496412 -0.015931878 -0.038257658 -0.001325027 0.999140084
1770030086371830272.000000 -0.152970746 -0.289739400 -0.001533677 -0.020993389 -0.036788620 -0.000087199 0.999102533
1770030086405160960.000000 -0.161092162 -0.297717959 -0.002023187 -0.024981879 -0.034764301 -0.000853171 0.999082923
1770030086438487552.000000 -0.171862647 -0.302524000 -0.000723573 -0.027306462 -0.032866865 -0.003102611 0.999081850
1770030086471832576.000000 -0.183636501 -0.308302253 0.003769468 -0.029950002 -0.030300647 -0.005230214 0.999078393
1770030086505161728.000000 -0.192260414 -0.318650842 -0.000990423 -0.032440733 -0.028600108 -0.005111477 0.999051332
1770030086605181440.000000 -0.212046757 -0.342008114 0.002629767 -0.036451552 -0.024360178 -0.007248900 0.999012232
1770030086671850240.000000 -0.223675668 -0.358580619 0.002243612 -0.037402939 -0.021840338 -0.007473075 0.999033630
1770030086705227264.000000 -0.232335344 -0.368070930 0.001220443 -0.037283838 -0.020127710 -0.007432185 0.999074399
1770030086738540288.000000 -0.239359528 -0.374458283 0.004793534 -0.036647532 -0.018945992 -0.007563499 0.999120057
1770030086771844608.000000 -0.246155605 -0.377868742 0.006751035 -0.034912348 -0.017642377 -0.008579509 0.999197841
1770030086805191168.000000 -0.253116786 -0.385640740 0.008400256 -0.033820283 -0.016546052 -0.009475309 0.999246061
1770030086905152512.000000 -0.274121791 -0.415164858 -0.000697775 -0.029011363 -0.012719019 -0.009398093 0.999454021
1770030086971823872.000000 -0.285334945 -0.434270024 -0.010519398 -0.025277968 -0.010578471 -0.008021360 0.999592304
1770030087038486272.000000 -0.297076434 -0.442594826 -0.004199783 -0.019327696 -0.008641115 -0.009577382 0.999729991
1770030087071827968.000000 -0.303494513 -0.456114948 -0.013776143 -0.018344631 -0.007615945 -0.008486156 0.999766707
1770030087105154304.000000 -0.305664271 -0.462280452 -0.015667729 -0.016607516 -0.006712240 -0.006652978 0.999817431
1770030087205155072.000000 -0.321313351 -0.477891982 -0.022039253 -0.011689614 -0.004458962 -0.006299145 0.999901891
1770030087271820800.000000 -0.335596591 -0.487999737 -0.033923805 -0.008856105 -0.002804241 -0.006792045 0.999933779
1770030087305157632.000000 -0.337814152 -0.488864601 -0.030000258 -0.007104505 -0.002430768 -0.005876449 0.999954581
1770030087338493952.000000 -0.345636100 -0.495010674 -0.031302389 -0.006303451 -0.001821242 -0.006976492 0.999954164
1770030087371831040.000000 -0.350689530 -0.497525990 -0.035928987 -0.005040316 -0.001046964 -0.006997668 0.999962330
1770030087405165568.000000 -0.356367260 -0.496002167 -0.041740619 -0.004463375 -0.000042173 -0.007035655 0.999965310
1770030087471823360.000000 -0.364710122 -0.493718207 -0.038561769 -0.003307541 0.001035170 -0.006578824 0.999972403
1770030087571825152.000000 -0.381450415 -0.498531550 -0.050852712 -0.000740451 0.002646461 -0.006455023 0.999975383
1770030087605170944.000000 -0.386683941 -0.495837688 -0.045913827 0.000813090 0.002992653 -0.006574550 0.999973655
1770030087671837184.000000 -0.397382855 -0.495161146 -0.054375179 0.002939184 0.003602423 -0.007093375 0.999964058
1770030087705176064.000000 -0.398156196 -0.490396380 -0.055412643 0.003906959 0.003876791 -0.006891159 0.999961138
1770030087771834368.000000 -0.408646107 -0.485214293 -0.054235332 0.005762985 0.004153363 -0.007064182 0.999949872
1770030087871925760.000000 -0.422680795 -0.470869392 -0.059479866 0.008253427 0.004969636 -0.006863392 0.999930084
1770030087905165824.000000 -0.426189125 -0.467070699 -0.063791223 0.008761138 0.005184667 -0.007359415 0.999921143
1770030087938513408.000000 -0.429890931 -0.461454362 -0.063678794 0.009369229 0.005343385 -0.007070942 0.999916911
1770030087971842304.000000 -0.436894417 -0.455029190 -0.066923343 0.009961650 0.005719871 -0.008090509 0.999901295
1770030088005158144.000000 -0.437869191 -0.450383425 -0.069512405 0.010275907 0.005621251 -0.008001218 0.999899447
1770030088038493952.000000 -0.441185862 -0.448453456 -0.076032653 0.010329399 0.005821880 -0.007229799 0.999903619
1770030088138502912.000000 -0.448859274 -0.426455408 -0.065057084 0.011408367 0.006039615 -0.007374084 0.999889553
1770030088171877632.000000 -0.453063667 -0.417504221 -0.064662635 0.011460816 0.006470125 -0.007152151 0.999887884
1770030088205168128.000000 -0.455753148 -0.407141417 -0.061684866 0.011755269 0.006373647 -0.006874294 0.999886990
1770030088238498560.000000 -0.459523797 -0.398069680 -0.062549427 0.012267632 0.006207432 -0.007730599 0.999875605
1770030088271840768.000000 -0.458207488 -0.390799820 -0.064419545 0.012349900 0.005849506 -0.006934960 0.999882638
1770030088305161472.000000 -0.460829556 -0.381769031 -0.061499406 0.012522244 0.005915814 -0.006646179 0.999882042
1770030088438504960.000000 -0.472076654 -0.347237855 -0.065796077 0.012844980 0.006366658 -0.008046640 0.999864936
1770030088471830528.000000 -0.471745372 -0.333038777 -0.063079961 0.012838094 0.006189316 -0.007687883 0.999868870
1770030088505164800.000000 -0.471903116 -0.327037841 -0.062539414 0.012349234 0.005799292 -0.007481748 0.999878943
1770030088538501632.000000 -0.473661870 -0.318254679 -0.064311594 0.012454882 0.005552602 -0.007629339 0.999877930
1770030088571825920.000000 -0.471338749 -0.309680790 -0.062132869 0.011825725 0.005321852 -0.004450650 0.999906003
1770030088605166080.000000 -0.474609047 -0.301295221 -0.060868431 0.011323645 0.005382093 -0.005034155 0.999908745
1770030088838491648.000000 -0.482584566 -0.221891627 -0.060672913 0.010648654 0.004925415 -0.005414372 0.999916553
1770030088871821568.000000 -0.480609566 -0.204962239 -0.056056939 0.011031528 0.004605474 -0.005941421 0.999910951
1770030088905157120.000000 -0.481601357 -0.196025670 -0.056623977 0.010516712 0.004745291 -0.006147402 0.999914587
1770030088938486784.000000 -0.482764989 -0.180670619 -0.057199933 0.010900041 0.004661445 -0.007067194 0.999904752
1770030088971821824.000000 -0.483099520 -0.174213618 -0.057476826 0.009882902 0.004847473 -0.006090747 0.999920905
1770030089105156352.000000 -0.482375771 -0.129788220 -0.058786627 0.007986321 0.004428247 -0.005296745 0.999944270
1770030089138484480.000000 -0.480906516 -0.119762689 -0.057279900 0.007608263 0.004212206 -0.005277012 0.999948263
1770030089171819008.000000 -0.485069573 -0.105284981 -0.055437256 0.007874104 0.004445499 -0.006129202 0.999940395
1770030089205154816.000000 -0.485357463 -0.091146015 -0.054915611 0.007656846 0.004225891 -0.006660926 0.999939620
1770030089238494976.000000 -0.486315161 -0.079805620 -0.055235617 0.007211518 0.004526999 -0.006808352 0.999940634
1770030089271821056.000000 -0.484612435 -0.070774361 -0.054105964 0.006233114 0.004449186 -0.005570593 0.999955237
1770030089371823360.000000 -0.481594533 -0.038609434 -0.052726027 0.004672865 0.004164219 -0.005355213 0.999966085
1770030089405150464.000000 -0.481458455 -0.026357228 -0.055235524 0.004703823 0.004328407 -0.005266046 0.999965727
1770030089438489088.000000 -0.482785404 -0.014550033 -0.053267434 0.004290341 0.004248193 -0.005889693 0.999964416
1770030089471823360.000000 -0.479193509 -0.005636387 -0.054062601 0.003807967 0.003585602 -0.005023473 0.999973714
1770030089505156352.000000 -0.480604351 0.004447136 -0.053560153 0.003071489 0.004236307 -0.004851099 0.999974549
1770030089538488576.000000 -0.478549361 0.014745841 -0.054151602 0.002875477 0.004409607 -0.004764963 0.999974847
1770030089638486784.000000 -0.476043522 0.046170898 -0.058971521 0.001093966 0.004841754 -0.004194987 0.999978900
1770030089671819008.000000 -0.473536015 0.055849563 -0.057409994 -0.000288660 0.004588096 -0.012051345 0.999916852
1770030089705157632.000000 -0.477581769 0.065783486 -0.057614665 -0.001763251 0.005001372 -0.026748642 0.999628186
1770030089738494464.000000 -0.479304731 0.078662515 -0.056591757 -0.002840437 0.005121636 -0.039173368 0.999215305
1770030089771821568.000000 -0.482780546 0.094046272 -0.054594688 -0.003480188 0.005225865 -0.052258424 0.998613894
1770030089805159936.000000 -0.482518226 0.104291223 -0.054331914 -0.005170754 0.005215791 -0.064339273 0.997901082
1770030089905151488.000000 -0.491393656 0.140658453 -0.057885312 -0.007960088 0.006394191 -0.099699892 0.994965196
1770030089971820032.000000 -0.489021987 0.156306162 -0.052354358 -0.011867680 0.005977362 -0.121620938 0.992487669
1770030090005153792.000000 -0.492809862 0.167593077 -0.058066584 -0.012739388 0.006461013 -0.133382753 0.990961671
1770030090038489856.000000 -0.499097556 0.182975069 -0.062407125 -0.012848296 0.007000600 -0.144839197 0.989347041
1770030090071826176.000000 -0.502102315 0.190791741 -0.067860633 -0.014347329 0.007265713 -0.155257761 0.987743139
1770030090105152256.000000 -0.504403472 0.200086355 -0.066565633 -0.015943008 0.007232366 -0.165397048 0.986071706
1770030090238492160.000000 -0.506671786 0.240110666 -0.071990371 -0.019739702 0.008613752 -0.204414278 0.978647530
1770030090271819776.000000 -0.503261745 0.249957845 -0.065802634 -0.020659737 0.008572455 -0.212936193 0.976810098
1770030090305150720.000000 -0.503700435 0.260785520 -0.068170056 -0.021055549 0.009388716 -0.221895471 0.974797904
1770030090338491392.000000 -0.501028836 0.265539795 -0.063837156 -0.022562223 0.009691851 -0.229795992 0.972929001
1770030090371818496.000000 -0.502593577 0.269261599 -0.067177735 -0.024381170 0.009929388 -0.237272173 0.971086442
1770030090405150976.000000 -0.500402749 0.279636562 -0.061408833 -0.024851585 0.010319211 -0.245127976 0.969117224
1770030090571826432.000000 -0.492576271 0.314987719 -0.064827219 -0.028565791 0.011689004 -0.279154092 0.959750235
1770030090671818752.000000 -0.487564296 0.335552096 -0.069946051 -0.030197758 0.013148438 -0.297358066 0.954197824
1770030090705159680.000000 -0.484929889 0.341623366 -0.069530584 -0.030278811 0.013566356 -0.303009212 0.952409923
1770030090738495232.000000 -0.481973410 0.347679496 -0.069797277 -0.030660121 0.014169087 -0.307395786 0.950982213
1770030090871835648.000000 -0.470465273 0.366543502 -0.072882593 -0.031720757 0.016959948 -0.324300140 0.945270121
1770030090905160960.000000 -0.465539992 0.366420925 -0.077148631 -0.032697391 0.016253673 -0.327149570 0.944266856
1770030090938505472.000000 -0.462650478 0.370489120 -0.078098536 -0.032868419 0.016342428 -0.330543429 0.943076670
1770030090971833600.000000 -0.460164249 0.372565508 -0.080572776 -0.033635505 0.016352981 -0.332829505 0.942245066
1770030091005167360.000000 -0.458137274 0.373502642 -0.081539959 -0.034219846 0.016814489 -0.336157352 0.941033781
1770030091038496000.000000 -0.452111602 0.375586361 -0.079549678 -0.034927733 0.016573684 -0.337443203 0.940551758
1770030091105184000.000000 -0.444942832 0.380540729 -0.079781406 -0.034624282 0.017030457 -0.341441423 0.939110696
1770030091138505728.000000 -0.440615624 0.379761934 -0.083330981 -0.034915518 0.017194252 -0.343169123 0.938466966
1770030091171824896.000000 -0.434388220 0.378599584 -0.080892459 -0.035481181 0.016871266 -0.343716681 0.938251197
1770030091205164288.000000 -0.430984944 0.377388537 -0.083664395 -0.035455331 0.017290153 -0.344772667 0.937857032
1770030091238504448.000000 -0.427628666 0.376426816 -0.086952269 -0.035726938 0.017609956 -0.346015692 0.937382877
1770030091271829248.000000 -0.420770288 0.377251387 -0.088294201 -0.035573579 0.017435828 -0.346087635 0.937365413
1770030091371829760.000000 -0.406061560 0.369013101 -0.089868791 -0.036117326 0.018025799 -0.346081883 0.937335610
1770030091405173248.000000 -0.400125206 0.365002364 -0.096024007 -0.035937663 0.018084655 -0.344990253 0.937743664
1770030091438496000.000000 -0.393235356 0.365322769 -0.089152932 -0.035319883 0.018791614 -0.343321443 0.938365459
1770030091471821824.000000 -0.386092365 0.363542140 -0.085990593 -0.034846447 0.018724823 -0.342362165 0.938734949
1770030091505173504.000000 -0.379594624 0.359271020 -0.082338057 -0.034826890 0.018771159 -0.339692563 0.939704061
1770030091571825152.000000 -0.368532777 0.346951306 -0.088547520 -0.035315696 0.019173877 -0.334507912 0.941535771
1770030091705156352.000000 -0.341914147 0.325225174 -0.084895059 -0.033455197 0.020297766 -0.320787102 0.946342647
1770030091738522112.000000 -0.331031978 0.321295887 -0.069830291 -0.032843083 0.020335037 -0.315048099 0.948289335
1770030091771840512.000000 -0.325257480 0.315218121 -0.071861647 -0.032092087 0.020627329 -0.310820132 0.949702859
1770030091805162496.000000 -0.315276057 0.309273511 -0.068521053 -0.030835368 0.020585964 -0.304126143 0.951910079
1770030091838497536.000000 -0.307994813 0.302857697 -0.066978052 -0.030202046 0.021137252 -0.296898991 0.954197109
1770030091871830528.000000 -0.299275666 0.296143293 -0.071612701 -0.028827308 0.021218209 -0.291140646 0.956010461
1770030091971816704.000000 -0.277689248 0.269042283 -0.079846710 -0.025768431 0.022837671 -0.266758382 0.963148236
1770030092038491648.000000 -0.256942689 0.250792682 -0.070233315 -0.023487587 0.022633925 -0.246894673 0.968493223
1770030092071892480.000000 -0.250183761 0.243955344 -0.070609689 -0.021601953 0.023415003 -0.236199901 0.971182168
1770030092105160192.000000 -0.239449561 0.234589502 -0.069464833 -0.020140449 0.023464549 -0.225642920 0.973719239
1770030092138503168.000000 -0.229023382 0.222738057 -0.069885679 -0.019188458 0.023466801 -0.214616209 0.976227999
1770030092171820032.000000 -0.218122512 0.214117572 -0.066334799 -0.017715767 0.023421558 -0.204848424 0.978353143
1770030092271831040.000000 -0.189286500 0.187262088 -0.062231470 -0.012627040 0.024136743 -0.179031804 0.983466148
1770030092338484224.000000 -0.169712052 0.167798221 -0.056870099 -0.009779248 0.024146656 -0.163415641 0.986213267
1770030092405166592.000000 -0.149988651 0.151651740 -0.053881548 -0.004079064 0.025321240 -0.154610932 0.987642527
1770030092438488576.000000 -0.144299358 0.142530650 -0.056020245 -0.001094430 0.026768323 -0.153453499 0.987792671
1770030092471831040.000000 -0.133251220 0.135013655 -0.054928575 0.002285495 0.027483495 -0.151666999 0.988046885
1770030092538502400.000000 -0.117815927 0.113165610 -0.057476658 0.008638556 0.030271132 -0.149729192 0.988225818
1770030092605199872.000000 -0.099681951 0.096767120 -0.055872358 0.016730914 0.033944979 -0.148210242 0.988231540
1770030092638502912.000000 -0.093244798 0.088707767 -0.054899145 0.020573601 0.036533441 -0.147959515 0.988104284
1770030092671835648.000000 -0.086392358 0.080196522 -0.053261388 0.024382809 0.039400395 -0.147772193 0.987935483
1770030092705188352.000000 -0.080475569 0.071872227 -0.059658546 0.028608596 0.042077534 -0.147471681 0.987756670
1770030092738512384.000000 -0.072942279 0.063210078 -0.064607933 0.032261547 0.045243159 -0.146805704 0.987603426
1770030092771846144.000000 -0.067650773 0.059547357 -0.054729164 0.036471974 0.048603300 -0.146321103 0.987369061
1770030092905167616.000000 -0.044380289 0.022531331 -0.056552108 0.051564574 0.062273853 -0.145140916 0.986101985
1770030092938483968.000000 -0.037400316 0.015041033 -0.057884280 0.054964967 0.066368543 -0.144665420 0.985721052
1770030092971817216.000000 -0.032473393 0.007552594 -0.058847886 0.057336342 0.071156941 -0.144198790 0.985320270
1770030093005148416.000000 -0.023605427 -0.003239715 -0.052458931 0.059727233 0.075921297 -0.143505603 0.984923780
1770030093038484736.000000 -0.016369782 -0.014993547 -0.053414568 0.061534397 0.081132866 -0.142423809 0.984553933
1770030093071822848.000000 -0.013550249 -0.023183882 -0.053450108 0.063641086 0.087299474 -0.142304227 0.983909667
1770030093205152768.000000 0.020108867 -0.069016755 -0.055566158 0.068381943 0.109344184 -0.138344079 0.981951475
1770030093238483456.000000 0.024715433 -0.074057810 -0.044059522 0.069335938 0.115743734 -0.138019547 0.981196463
1770030093271823360.000000 0.034168340 -0.085151993 -0.051469192 0.069724172 0.121108882 -0.137201950 0.980635941
1770030093305148160.000000 0.040857866 -0.099158712 -0.050072100 0.068988428 0.126828417 -0.135941863 0.980140328
1770030093338489344.000000 0.056686714 -0.116162755 -0.056920566 0.067671604 0.130280524 -0.135690868 0.979814053
1770030093371817728.000000 0.065981619 -0.124354772 -0.055991940 0.067924410 0.134673625 -0.134076715 0.979424715
1770030093505147648.000000 0.105820462 -0.170149535 -0.054792408 0.060750078 0.145858273 -0.133691743 0.978346229
1770030093538483712.000000 0.108685479 -0.173673168 -0.058171380 0.057075396 0.146111056 -0.134068638 0.978478193
1770030093571816704.000000 0.122983344 -0.174579456 -0.050853688 0.045533128 0.144101769 -0.132838622 0.979548573
1770030093605153536.000000 0.133590072 -0.170359567 -0.045371953 0.032659195 0.140838534 -0.128249153 0.981147349
1770030093638488064.000000 0.149004370 -0.169493616 -0.040583685 0.019649329 0.135494679 -0.122621991 0.982964396
1770030093671813120.000000 0.159433708 -0.173595369 -0.034063362 0.007751045 0.129418597 -0.116096050 0.984739840
1770030093805164544.000000 0.208617836 -0.192665517 -0.031812124 -0.021438474 0.104104586 -0.090376332 0.990219533
1770030093838488064.000000 0.217200607 -0.192167446 -0.029557137 -0.026613453 0.099572890 -0.084538184 0.991075337
1770030093871841280.000000 0.225394905 -0.201851591 -0.025530979 -0.033087261 0.095434763 -0.078655556 0.991771519
1770030093905157376.000000 0.239667609 -0.205077857 -0.026106315 -0.037075058 0.090477303 -0.072322495 0.992576838
1770030093938558464.000000 0.250167847 -0.207962453 -0.025148755 -0.041140240 0.086265698 -0.066714987 0.993184268
1770030093971855616.000000 0.266962737 -0.212948963 -0.021870682 -0.044872981 0.081490949 -0.060567174 0.993819594
1770030094071833344.000000 0.287273437 -0.223535657 -0.008574659 -0.053272236 0.072828248 -0.045306932 0.994889677
1770030094138510848.000000 0.300109953 -0.230051935 -0.006189790 -0.056107726 0.068144523 -0.036575690 0.995424807
1770030094171845376.000000 0.311296880 -0.235065296 -0.003430372 -0.056691144 0.065042861 -0.031884171 0.995760500
1770030094205191680.000000 0.319965065 -0.246094376 -0.005537923 -0.058648631 0.062361635 -0.028528379 0.995920479
1770030094238483712.000000 0.326025277 -0.254045933 -0.004662686 -0.059071112 0.060389787 -0.024737528 0.996118367
1770030094271823360.000000 0.334089279 -0.259005606 -0.004155356 -0.058728438 0.058509737 -0.021289991 0.996330440
1770030094338486784.000000 0.347484082 -0.271834433 -0.002199827 -0.058327571 0.055353355 -0.015712162 0.996637881
1770030094438490880.000000 0.370951355 -0.293468595 -0.009011848 -0.054813702 0.050101552 -0.007665915 0.997209430
1770030094471835392.000000 0.373506069 -0.297078997 -0.007492549 -0.052849356 0.049631737 -0.006861342 0.997344792
1770030094505159424.000000 0.384172648 -0.301617891 -0.005464904 -0.050831839 0.047883857 -0.004933039 0.997546434
1770030094538482176.000000 0.384965807 -0.305530399 -0.008171970 -0.049158804 0.047551319 -0.004925416 0.997646272
1770030094571821568.000000 0.390864968 -0.312825471 -0.014042337 -0.046960078 0.046296496 -0.003746867 0.997816324
1770030094638513408.000000 0.401291430 -0.327150613 -0.018889580 -0.041976810 0.044556249 -0.001446352 0.998123586
1770030094705159936.000000 0.410459369 -0.335550606 -0.018517619 -0.036097772 0.043887857 -0.000697335 0.998383880
1770030094738481152.000000 0.412484318 -0.338322490 -0.021156756 -0.032430962 0.043728985 -0.000452601 0.998516798
1770030094771817216.000000 0.415960699 -0.337353289 -0.018306572 -0.029222008 0.043341421 -0.001557414 0.998631656
1770030094805162240.000000 0.425342381 -0.343847960 -0.019415777 -0.026301455 0.042276304 -0.000830804 0.998759389
1770030094838487040.000000 0.424475312 -0.350809276 -0.023598928 -0.024032500 0.042541489 -0.000298671 0.998805583
1770030094905161472.000000 0.426728457 -0.354477793 -0.024361810 -0.018454539 0.042797305 -0.000186648 0.998913348
1770030095005152768.000000 0.428936452 -0.358851880 -0.034473829 -0.011592511 0.042552043 0.000464999 0.999026895
1770030095038484736.000000 0.430514514 -0.361897916 -0.034659997 -0.010260757 0.042422179 -0.000506633 0.999047041
1770030095071826688.000000 0.436513245 -0.365700126 -0.036992956 -0.008286000 0.041677311 0.000761143 0.999096453
1770030095105159680.000000 0.446153492 -0.371450007 -0.038503278 -0.007262499 0.040850818 0.000911818 0.999138534
1770030095138489600.000000 0.449814826 -0.377169609 -0.041318171 -0.005867160 0.040749013 0.002487393 0.999149144
1770030095171820800.000000 0.456594706 -0.375569969 -0.040356871 -0.004592530 0.040043280 0.001562530 0.999186158
1770030095305149440.000000 0.477694064 -0.368328393 -0.035964102 0.001240227 0.038831692 0.002891837 0.999240816
1770030095338506752.000000 0.484828770 -0.368069142 -0.039250121 0.001709733 0.038161963 0.003106162 0.999265313
1770030095371825152.000000 0.491643995 -0.371013105 -0.037179634 0.001726448 0.037490431 0.004593131 0.999284923
1770030095405146112.000000 0.495662332 -0.367884368 -0.035908770 0.002022795 0.037059307 0.004773268 0.999299645
1770030095438489088.000000 0.496876538 -0.367390007 -0.034904383 0.002325798 0.037019864 0.004806963 0.999300301
1770030095638503424.000000 0.518444121 -0.348657668 -0.037964508 0.009280724 0.037287850 0.005226659 0.999247849
1770030095671834112.000000 0.518313706 -0.343429625 -0.037903540 0.010196322 0.037761182 0.004724519 0.999223590
1770030095705145856.000000 0.517009556 -0.341187626 -0.038872913 0.010745698 0.038381875 0.004564269 0.999194980
1770030095738497536.000000 0.526302516 -0.332731366 -0.041929491 0.012214135 0.037964985 0.005185991 0.999190986
1770030095771821824.000000 0.527449071 -0.325644225 -0.038752899 0.012962097 0.038370520 0.004819099 0.999167919
1770030095805146112.000000 0.526282549 -0.321739286 -0.041024588 0.013381246 0.038794689 0.004533011 0.999147356
1770030095938514944.000000 0.532832682 -0.294450492 -0.042313766 0.015356899 0.039196748 0.004564453 0.999103129
1770030095971823104.000000 0.534945071 -0.290097773 -0.041676383 0.015459196 0.039433934 0.005210378 0.999089003
1770030096005157120.000000 0.538053632 -0.285645992 -0.039374754 0.015194645 0.039584488 0.004963600 0.999088347
1770030096038499328.000000 0.539257646 -0.277780682 -0.039309278 0.015568895 0.039809342 0.004129715 0.999077499
1770030096071837696.000000 0.541417837 -0.277403146 -0.039422173 0.015127921 0.039974842 0.004897188 0.999074161
1770030096105148672.000000 0.543117166 -0.271632195 -0.039310843 0.015203948 0.039835986 0.004929638 0.999078453
1770030096205165056.000000 0.545031309 -0.245100901 -0.038068701 0.015891764 0.040463474 0.004587934 0.999044120
1770030096238487040.000000 0.550455391 -0.235437691 -0.039931353 0.016135678 0.039920684 0.004218433 0.999063730
1770030096271832576.000000 0.550658107 -0.230901048 -0.041464206 0.015491238 0.040243380 0.004897770 0.999057829
1770030096305178624.000000 0.550406218 -0.220684811 -0.041415237 0.016045509 0.040636066 0.004524082 0.999034941
1770030096371827712.000000 0.554691553 -0.196411818 -0.043802537 0.016882854 0.040643360 0.004934628 0.999018908
1770030096405176832.000000 0.554920495 -0.190606132 -0.042646617 0.016166931 0.040880844 0.004370358 0.999023676
1770030096505179648.000000 0.555541098 -0.163569734 -0.044110075 0.016021453 0.041235272 0.004116097 0.999012530
1770030096538523648.000000 0.552859843 -0.150275260 -0.046247736 0.016156748 0.041917749 0.003489152 0.998984337
1770030096571843328.000000 0.555319607 -0.142777309 -0.043982487 0.015727434 0.041607242 0.003256740 0.999004960
1770030096605184256.000000 0.554513752 -0.129711613 -0.044429611 0.016083311 0.041826535 0.002740772 0.998991728
1770030096638513408.000000 0.550767004 -0.120527834 -0.042722877 0.015900495 0.042594090 0.002371901 0.998963177
1770030096671826944.000000 0.553193510 -0.108889058 -0.045494363 0.015706344 0.042304922 0.002039675 0.998979270
1770030096771831552.000000 0.553449214 -0.091022134 -0.045516051 0.014219700 0.043008011 0.003955506 0.998965740
1770030096838493952.000000 0.556135595 -0.061047047 -0.042481426 0.014967393 0.042786885 0.002544201 0.998968899
1770030096871812352.000000 0.555449605 -0.055124853 -0.043241542 0.013816483 0.042882204 0.001905440 0.998982847
1770030096905165568.000000 0.549305677 -0.048640706 -0.044047132 0.012622759 0.043896452 0.000657346 0.998956144
1770030096938481920.000000 0.551162183 -0.040907133 -0.044937674 0.012360612 0.043609887 0.000657602 0.998971999
1770030096971823872.000000 0.554626465 -0.037743982 -0.043010648 0.011544514 0.043258779 0.002278913 0.998994648
1770030097038487296.000000 0.557389736 -0.024872385 -0.043523449 0.010253180 0.042905308 0.003376421 0.999020875
1770030097138481920.000000 0.561611474 -0.001909830 -0.036504604 0.008571838 0.042914126 0.004344904 0.999032617
1770030097171819776.000000 0.559986711 0.019515421 -0.033627532 0.010102421 0.043310691 0.003069497 0.999005914
1770030097205150720.000000 0.554234445 0.035441153 -0.037075639 0.010276699 0.043784685 0.002192148 0.998985767
1770030097238483200.000000 0.553521395 0.046552617 -0.038642567 0.010141268 0.043667864 0.002277182 0.998992085
1770030097338481920.000000 0.552103460 0.078229025 -0.031787086 0.009584713 0.044254534 0.001632089 0.998972952
1770030097405153792.000000 0.554516196 0.095389672 -0.028138349 0.008403142 0.043738436 0.000936196 0.999007225
1770030097438480640.000000 0.553391933 0.103450932 -0.027470982 0.007831584 0.043754995 0.000462083 0.999011517
1770030097471813376.000000 0.555167317 0.114139467 -0.023635378 0.007286252 0.043579392 0.000110355 0.999023438
1770030097505161216.000000 0.551883519 0.121472113 -0.025963692 0.006701455 0.043370459 -0.000444617 0.999036551
1770030097538486016.000000 0.550418198 0.129698128 -0.026665298 0.006110295 0.043295361 -0.000482420 0.999043584
1770030097571816192.000000 0.547588944 0.138091102 -0.027440630 0.006274594 0.043557059 -0.000324228 0.999031186
1770030097671822848.000000 0.542460620 0.167597860 -0.025343601 0.005056097 0.043419287 -0.001220137 0.999043405
1770030097705152512.000000 0.540293753 0.171669587 -0.026795357 0.003649754 0.043407701 -0.001042837 0.999050260
1770030097738485248.000000 0.537640989 0.177619562 -0.028120441 0.002950279 0.043325879 -0.001655712 0.999055266
1770030097771812864.000000 0.536648095 0.186066046 -0.028342582 0.002744150 0.042836841 -0.001447095 0.999077320
1770030097805155584.000000 0.532574832 0.193686873 -0.028952794 0.001841086 0.042982277 -0.002300342 0.999071479
1770030097838486272.000000 0.531477392 0.203345254 -0.026838882 0.001857468 0.042851154 -0.002548409 0.999076486
1770030097971813632.000000 0.523062050 0.241249368 -0.029303405 0.001941393 0.042355966 -0.003564437 0.999094367
1770030098005150976.000000 0.518764734 0.248080611 -0.031520545 0.001509133 0.042524699 -0.004300817 0.999085069
1770030098038489600.000000 0.515320778 0.257551789 -0.030065166 0.001815508 0.042534094 -0.004535218 0.999083102
1770030098071816448.000000 0.509659231 0.263840437 -0.032940228 0.001313817 0.043053679 -0.004914715 0.999059856
1770030098105153280.000000 0.508104563 0.273250610 -0.030396467 0.001823065 0.042362507 -0.005041934 0.999087989
1770030098138485504.000000 0.505072594 0.280624241 -0.031022416 0.001843118 0.042359773 -0.004780900 0.999089301
1770030098305150464.000000 0.485612661 0.306801856 -0.031267785 -0.000043898 0.041633677 -0.006127601 0.999114156
1770030098338483200.000000 0.483056396 0.313202769 -0.029563814 0.000022212 0.041335702 -0.005841203 0.999128282
1770030098371812096.000000 0.476995230 0.320855319 -0.031352300 0.000227191 0.041331608 -0.006748542 0.999122679
1770030098405151744.000000 0.473844320 0.324115008 -0.030819269 -0.000046778 0.041208737 -0.006561588 0.999129057
1770030098438487552.000000 0.472019285 0.327807903 -0.033355445 0.000120498 0.040569749 -0.006339692 0.999156654
1770030098471816448.000000 0.465220451 0.331554562 -0.034700651 -0.000262676 0.040760633 -0.006970722 0.999144614
1770030098605151744.000000 0.448222876 0.344815463 -0.032783877 -0.001089895 0.040273976 -0.007444684 0.999160349
1770030098638487296.000000 0.444496304 0.347095340 -0.033601426 -0.001367450 0.039982878 -0.007796655 0.999168992
1770030098671839488.000000 0.442579955 0.348466694 -0.035244588 -0.001750281 0.039457917 -0.007460628 0.999191880
1770030098705146368.000000 0.435086012 0.349770814 -0.035090990 -0.002240174 0.040047068 -0.007809060 0.999164820
1770030098738491392.000000 0.432068855 0.353766620 -0.034744959 -0.001806882 0.039496377 -0.007864305 0.999187171
1770030098771829248.000000 0.425862521 0.354281455 -0.032236513 -0.002475686 0.039834637 -0.008083224 0.999170542
1770030098871831296.000000 0.411309004 0.356581390 -0.034385111 -0.002701034 0.039033383 -0.008163031 0.999200940
1770030098905147648.000000 0.408195078 0.357263565 -0.034878176 -0.002397843 0.038354605 -0.008016321 0.999229193
1770030098938432768.000000 0.402827621 0.357623011 -0.035217561 -0.002219493 0.038242251 -0.008402827 0.999230742
1770030098971763456.000000 0.396654367 0.358409971 -0.034282394 -0.002143999 0.038546599 -0.008721200 0.999216497
1770030099005095936.000000 0.395276636 0.359364212 -0.033355128 -0.001907051 0.037642114 -0.008269971 0.999255300
1770030099038431232.000000 0.391504377 0.357556403 -0.033794634 -0.002187392 0.037045270 -0.008198943 0.999277592
1770030099171761664.000000 0.372428805 0.351811945 -0.037120443 -0.001356460 0.036217414 -0.007612672 0.999314010
1770030099205095424.000000 0.370230138 0.348355263 -0.038717687 -0.001747578 0.035437759 -0.007355298 0.999343336
1770030099238425856.000000 0.363227546 0.348092228 -0.038786046 -0.000979605 0.035665076 -0.007711639 0.999333620
1770030099271765248.000000 0.359334975 0.345301002 -0.039805070 -0.001012253 0.035318077 -0.007995768 0.999343634
1770030099305099008.000000 0.357627302 0.340393454 -0.043780945 -0.001466929 0.034327358 -0.007649388 0.999380291
1770030099338458880.000000 0.350476533 0.338119030 -0.040693238 -0.000902077 0.034436353 -0.007330355 0.999379635
1770030099471792896.000000 0.329988003 0.322192609 -0.044532523 0.000161584 0.033161882 -0.006370876 0.999429762
1770030099538430976.000000 0.318473607 0.313787460 -0.043807838 0.000986941 0.032668248 -0.005420717 0.999451101
1770030099571764480.000000 0.311021864 0.307967961 -0.044596363 0.001391617 0.032765165 -0.005237631 0.999448419
1770030099605104640.000000 0.301684499 0.303226054 -0.041538682 0.001682988 0.033346403 -0.005690664 0.999426246
1770030099638432768.000000 0.298054099 0.297369599 -0.041882277 0.002283580 0.032325249 -0.005433111 0.999460042
1770030099771768320.000000 0.271349728 0.272309750 -0.040925652 0.003440180 0.031762943 -0.005638345 0.999473631
1770030099838427648.000000 0.260332584 0.256754279 -0.043745220 0.003959496 0.031444561 -0.004726795 0.999486506
1770030099871781376.000000 0.256182253 0.249169439 -0.044436760 0.004781704 0.030913319 -0.003458183 0.999504685
1770030099905113600.000000 0.251072109 0.244520456 -0.045334123 0.005856409 0.030727642 -0.003136693 0.999505758
1770030099938428672.000000 0.246143550 0.237999290 -0.045689084 0.006438670 0.030273171 -0.002662281 0.999517441
1770030100071774976.000000 0.222154781 0.203715160 -0.050985057 0.008746377 0.029253339 -0.001059268 0.999533236
1770030100105093120.000000 0.215876132 0.194778681 -0.051807612 0.009754571 0.028949836 -0.001371153 0.999532402
1770030100138433024.000000 0.208797693 0.186917260 -0.052166890 0.010533991 0.028956974 -0.001077779 0.999524593
1770030100171766016.000000 0.204322159 0.177727938 -0.054899998 0.011168879 0.028454103 -0.000631278 0.999532521
1770030100205097984.000000 0.195774049 0.169257611 -0.057104610 0.012190566 0.028600233 -0.001903285 0.999514818
1770030100238431232.000000 0.189610481 0.162847474 -0.054574572 0.014039790 0.027874455 -0.002282993 0.999510229
1770030100371759104.000000 0.159320444 0.129981503 -0.054367002 0.023863429 0.027350305 -0.005165267 0.999327660
1770030100405093888.000000 0.153234020 0.123223856 -0.055578176 0.027171332 0.026558427 -0.005470651 0.999262989
1770030100438439936.000000 0.143621013 0.118372329 -0.048566122 0.030673129 0.026345907 -0.006468659 0.999161243
1770030100471782656.000000 0.138896406 0.111049488 -0.051534910 0.033658307 0.025431281 -0.006642137 0.999087751
1770030100505091072.000000 0.133073449 0.104808465 -0.055080611 0.036927838 0.024490936 -0.006719188 0.998995245
1770030100538433792.000000 0.127426088 0.097862326 -0.058205593 0.040157665 0.023179499 -0.006819144 0.998901188
1770030100671771392.000000 0.111200504 0.071500108 -0.067774989 0.052263018 0.016967028 -0.006969586 0.998464882
1770030100705101568.000000 0.106740788 0.061416876 -0.069486372 0.054658078 0.014980475 -0.008283747 0.998358428
1770030100738424320.000000 0.103330866 0.057700455 -0.067436203 0.058796097 0.013901150 -0.008302795 0.998138726
1770030100771768576.000000 0.097325571 0.048643876 -0.065578371 0.062189091 0.013232696 -0.009324540 0.997933149
1770030100805100800.000000 0.096172340 0.039922219 -0.066437528 0.065691486 0.010906924 -0.009632763 0.997733891
1770030100838431744.000000 0.090870589 0.028721320 -0.066689052 0.068337925 0.008249068 -0.009795882 0.997580051
1770030100971767808.000000 0.076567486 -0.012682387 -0.079797670 0.079108760 -0.006470556 -0.011959171 0.996773303
1770030101005100544.000000 0.076651104 -0.021956386 -0.084371366 0.081409462 -0.011197845 -0.010481841 0.996562719
1770030101038429952.000000 0.078190088 -0.033929776 -0.094879977 0.083951116 -0.016838584 -0.009934694 0.996278107
1770030101071785472.000000 0.072207905 -0.049314808 -0.100653663 0.085748658 -0.021202354 -0.010226358 0.996038675
1770030101105194752.000000 0.064281881 -0.061540168 -0.095078096 0.088426538 -0.026103783 -0.011019663 0.995679617
1770030101138433280.000000 0.056943662 -0.078441054 -0.095247068 0.090489417 -0.031162776 -0.011746643 0.995340466
1770030101305096192.000000 0.013617042 -0.140502751 -0.068338379 0.099344417 -0.057581063 -0.011465019 0.993319511
1770030101338428672.000000 0.002676078 -0.148651615 -0.058437470 0.100533053 -0.061827134 -0.012234447 0.992935479
1770030101371756800.000000 -0.006374762 -0.167329550 -0.059842020 0.100052729 -0.065704942 -0.011147954 0.992747724
1770030101405090816.000000 0.012372577 -0.126865014 -0.059963245 0.103283212 -0.069885738 -0.013160327 0.992106557
1770030101438426112.000000 -0.028600952 -0.193975002 -0.049646832 0.098767668 -0.070752136 -0.009339118 0.992548168
1770030101471759616.000000 -0.003826142 -0.147198796 -0.047268849 0.101597488 -0.073625736 -0.010590365 0.992040873
1770030101605099776.000000 -0.058249854 -0.214851454 -0.057485964 0.067843772 -0.066051468 0.000839653 0.995506763
1770030101638428672.000000 -0.058506791 -0.221241519 -0.053758465 0.052247647 -0.063043371 0.001045837 0.996641695
1770030101671771392.000000 -0.070395663 -0.246135324 -0.036013972 0.039385304 -0.059761044 0.004500353 0.997425258
1770030101705101824.000000 -0.075831398 -0.236507490 -0.059667230 0.031358771 -0.056070238 0.005367139 0.997919858
1770030101738446336.000000 -0.083458759 -0.237461090 -0.051345158 0.023771983 -0.053327803 0.004344006 0.998284638
1770030101771770880.000000 -0.097415231 -0.241297513 -0.040733617 0.016643964 -0.049946953 0.002632504 0.998609781
1770030101905110016.000000 -0.132090107 -0.264461577 -0.008431222 -0.007136098 -0.039789252 -0.000584052 0.999182463
1770030101938435328.000000 -0.139008820 -0.265376389 -0.001183108 -0.011701386 -0.038228195 -0.001330780 0.999199629
1770030101971761152.000000 -0.149418995 -0.266902477 0.005838092 -0.015851764 -0.035945330 -0.003780311 0.999220967
1770030102005125120.000000 -0.157598749 -0.275127441 0.007617996 -0.019584654 -0.034269135 -0.004868865 0.999208868
1770030102038433024.000000 -0.164427698 -0.287801713 0.008264359 -0.023887111 -0.032218538 -0.003680408 0.999188602
1770030102071760896.000000 -0.175184786 -0.305350542 0.007157267 -0.027339462 -0.030357411 -0.002219000 0.999162674
1770030102138432512.000000 -0.200205162 -0.333629757 -0.002904978 -0.032927793 -0.025660563 -0.003921932 0.999120653
1770030102205120768.000000 -0.213769943 -0.350401103 -0.006054378 -0.035990000 -0.022495758 -0.004569564 0.999088526
1770030102238445824.000000 -0.218132645 -0.353023738 -0.000447163 -0.036319405 -0.021840626 -0.004721285 0.999090374
1770030102271764992.000000 -0.225489676 -0.358128190 -0.000298919 -0.036340725 -0.020603076 -0.006497046 0.999105930
1770030102305105920.000000 -0.230902165 -0.367099077 -0.001302055 -0.036959846 -0.019514473 -0.006522569 0.999104977
1770030102338437888.000000 -0.238300100 -0.371488899 0.003814201 -0.036622189 -0.018284686 -0.007593778 0.999133050
1770030102405113600.000000 -0.250141889 -0.383027911 -0.001758438 -0.035203766 -0.016073339 -0.008798974 0.999212205
1770030102438458112.000000 -0.239428863 -0.370023340 -0.002933580 -0.033554189 -0.015840989 -0.008016818 0.999279261
1770030102505095424.000000 -0.263779819 -0.400533676 -0.000610903 -0.032681923 -0.012952448 -0.008479476 0.999345958
1770030102538436096.000000 -0.270376146 -0.407573611 -0.006191783 -0.031168459 -0.011640755 -0.008799721 0.999407649
1770030102571776512.000000 -0.275274068 -0.413542241 -0.008556605 -0.030017527 -0.010771140 -0.008669207 0.999453783
1770030102605096960.000000 -0.280306131 -0.421100199 -0.008811762 -0.029059792 -0.009850404 -0.008672761 0.999491572
1770030102671757056.000000 -0.289187908 -0.429764181 -0.014405088 -0.025133019 -0.007747818 -0.008748466 0.999615848
1770030102705113856.000000 -0.276793927 -0.417677134 -0.020894675 -0.022349048 -0.008283725 -0.008347983 0.999681056
1770030102771763200.000000 -0.285229832 -0.421054900 -0.018242057 -0.018185286 -0.006317685 -0.008156135 0.999781430
1770030102838424832.000000 -0.293179393 -0.424920022 -0.015910823 -0.015085312 -0.004833627 -0.008261339 0.999840438
1770030102871774720.000000 -0.298085839 -0.427792579 -0.019992135 -0.013795084 -0.003824021 -0.008816214 0.999858737
1770030102905095424.000000 -0.301343977 -0.428858250 -0.021021012 -0.012758669 -0.003354481 -0.007983627 0.999881148
1770030102971756544.000000 -0.308017910 -0.431250513 -0.026903596 -0.011973782 -0.001840804 -0.007900621 0.999895453
1770030103005096448.000000 -0.311686903 -0.433728307 -0.030823631 -0.011970663 -0.001003838 -0.007961257 0.999896228
1770030103138435584.000000 -0.320883572 -0.429986745 -0.037954200 -0.006218484 0.000825389 -0.006708536 0.999957860
1770030103171757824.000000 -0.323960394 -0.430362612 -0.041221175 -0.005202030 0.001063449 -0.006865091 0.999962389
1770030103205111040.000000 -0.327323020 -0.425948352 -0.034884460 -0.004035767 0.001407577 -0.007606048 0.999961972
1770030103271766784.000000 -0.329922199 -0.419285268 -0.038480666 -0.002078817 0.002102516 -0.007304861 0.999969006
1770030103305093632.000000 -0.328158796 -0.414127976 -0.035040349 -0.001382946 0.001722304 -0.007326682 0.999970734
1770030103338440192.000000 -0.334823638 -0.412841797 -0.037803885 -0.000523555 0.002740969 -0.007166545 0.999970436
1770030103405097984.000000 -0.331162810 -0.402551770 -0.034556370 0.001071549 0.002150988 -0.006641769 0.999975085
1770030103438440704.000000 -0.331482083 -0.400005251 -0.034975439 0.001400808 0.002488716 -0.006057679 0.999977589
1770030103471779584.000000 -0.333408773 -0.394630879 -0.032698147 0.002012617 0.002701215 -0.005432670 0.999979615
1770030103505106944.000000 -0.333875358 -0.388393819 -0.032541148 0.002933895 0.002671732 -0.005573910 0.999976575
1770030103538445312.000000 -0.335663378 -0.383330464 -0.035536539 0.003364516 0.003280147 -0.006117810 0.999970317
1770030103571771904.000000 -0.337276161 -0.379004627 -0.037980665 0.003755078 0.003585048 -0.006126996 0.999967813
1770030103705097472.000000 -0.340114772 -0.354955524 -0.045512404 0.005422888 0.004104283 -0.005965225 0.999959111
1770030103738432512.000000 -0.341772437 -0.349469423 -0.042489696 0.005363030 0.004695268 -0.005919829 0.999957144
1770030103771761152.000000 -0.340614259 -0.341069102 -0.041384291 0.006223282 0.004657495 -0.005329216 0.999955654
1770030103805098496.000000 -0.340795457 -0.335876614 -0.042622190 0.006133253 0.004936987 -0.005450427 0.999954164
1770030103838425344.000000 -0.340537935 -0.329936296 -0.042317748 0.006121477 0.004948075 -0.005290171 0.999955058
1770030103871765760.000000 -0.342741370 -0.326536775 -0.050065823 0.006170955 0.005428306 -0.006593951 0.999944568
1770030104005102080.000000 -0.338660002 -0.292574614 -0.044761933 0.007064738 0.005445436 -0.005171467 0.999946892
1770030104038439936.000000 -0.342707276 -0.286029011 -0.046272580 0.007362605 0.006179441 -0.006732818 0.999931157
1770030104105123584.000000 -0.335643679 -0.271569490 -0.043381408 0.007201843 0.005724493 -0.006222826 0.999938309
1770030104138423552.000000 -0.338253051 -0.263662726 -0.049807072 0.007586163 0.006171600 -0.007708373 0.999922514
1770030104171761920.000000 -0.338599414 -0.254774302 -0.049465004 0.007743015 0.006612707 -0.008933109 0.999908328
1770030104338452992.000000 -0.331340373 -0.216304541 -0.051142313 0.008014223 0.006958378 -0.007793691 0.999913335
1770030104371768320.000000 -0.328290999 -0.212088749 -0.051561948 0.007523938 0.006673713 -0.007387610 0.999922156
1770030104438431488.000000 -0.323510259 -0.200525746 -0.051381089 0.006636466 0.006757466 -0.006063070 0.999936759
1770030104471777536.000000 -0.321544349 -0.192300797 -0.048147969 0.006475123 0.006725466 -0.006154578 0.999937534
1770030104505149184.000000 -0.320739269 -0.182396963 -0.051973168 0.007084431 0.007132801 -0.007078752 0.999924421
1770030104638425088.000000 -0.312014461 -0.154540524 -0.051255178 0.006651009 0.006922111 -0.006014831 0.999935865
1770030104671770368.000000 -0.311167836 -0.152399287 -0.058480050 0.005877317 0.007280736 -0.005904525 0.999938846
1770030104705101568.000000 -0.306627929 -0.145110592 -0.053436972 0.005245514 0.006689671 -0.004955024 0.999951601
1770030104738448896.000000 -0.306544721 -0.139615104 -0.055130512 0.005422592 0.007224615 -0.006735494 0.999936521
1770030104771755008.000000 -0.300898314 -0.139188901 -0.059620608 0.004172334 0.006504802 -0.005903015 0.999952793
1770030104805103104.000000 -0.297645569 -0.130145356 -0.056101076 0.004247792 0.006857446 -0.002375487 0.999964654
1770030104938427904.000000 -0.284037918 -0.107446559 -0.057830796 0.002650717 0.007092887 0.000120512 0.999971390
1770030104971828992.000000 -0.284435123 -0.099391848 -0.060019564 0.003133941 0.007683077 -0.002560235 0.999962330
1770030105005103872.000000 -0.281557441 -0.093677215 -0.059245918 0.002970204 0.007543160 -0.002778339 0.999963343
1770030105038440704.000000 -0.278441101 -0.087676771 -0.056085233 0.002692756 0.007203138 -0.003477871 0.999964416
1770030105071768576.000000 -0.274312139 -0.076940551 -0.049956735 0.003135749 0.007023529 -0.002689123 0.999966800
1770030105105110528.000000 -0.272431493 -0.074806832 -0.055756006 0.002925568 0.007124448 -0.002510143 0.999967217
1770030105238435328.000000 -0.262545913 -0.056594439 -0.056788370 0.001729447 0.007515351 -0.001886790 0.999968529
1770030105271786496.000000 -0.263885170 -0.052136738 -0.050716206 0.001997962 0.008127006 -0.002655449 0.999961495
1770030105305092096.000000 -0.259847403 -0.046610836 -0.045884088 0.001613113 0.008169336 -0.003553357 0.999959052
1770030105338440704.000000 -0.254361451 -0.043744065 -0.056542471 0.001277781 0.008087389 -0.003547521 0.999960184
1770030105371771904.000000 -0.250289798 -0.041561823 -0.053690013 0.001102445 0.007849281 -0.003017005 0.999964058
1770030105405091072.000000 -0.249461234 -0.040730331 -0.056011755 0.000125152 0.008257372 -0.002744161 0.999962211
1770030105471770112.000000 -0.242835462 -0.034016121 -0.064521760 -0.000573502 0.008449191 -0.002046051 0.999962091
1770030105538445568.000000 -0.232415304 -0.027100736 -0.062805526 -0.000763741 0.008008312 -0.002427817 0.999964774
1770030105571767296.000000 -0.229212791 -0.019260945 -0.059599098 -0.000304006 0.008237728 -0.002562502 0.999962747
1770030105605096960.000000 -0.229103744 -0.014956475 -0.061960995 0.000078991 0.008555051 -0.003643741 0.999956846
1770030105638435840.000000 -0.223709613 -0.012091855 -0.059469860 -0.000354182 0.007930893 -0.002922191 0.999964237
1770030105671765504.000000 -0.222747818 -0.011830700 -0.059509076 -0.000722499 0.008440319 -0.002507056 0.999961019
1770030105738436096.000000 -0.213826045 -0.007049750 -0.058392897 -0.001115463 0.008172370 -0.002976468 0.999961555
1770030105805125120.000000 -0.206634760 0.001362625 -0.051745623 -0.001031454 0.008334863 -0.001572951 0.999963522
1770030105838439424.000000 -0.204645470 0.001438988 -0.061199658 -0.001432732 0.008624375 -0.001931092 0.999959946
1770030105871780608.000000 -0.201094389 0.003796650 -0.053367153 -0.001716321 0.008749809 -0.001087661 0.999959707
1770030105905105408.000000 -0.198718309 0.006942104 -0.053913526 -0.001228573 0.008691895 -0.002073054 0.999959350
1770030105938451200.000000 -0.196466386 0.009945092 -0.057046324 -0.001018806 0.009117765 -0.002723402 0.999954224
1770030106038439680.000000 -0.189330906 0.012433461 -0.056639142 -0.001470342 0.009139920 -0.002418591 0.999954283
1770030106071781120.000000 -0.185646191 0.015188601 -0.053518001 -0.001201165 0.009183712 -0.002241108 0.999954641
1770030106105110784.000000 -0.183836058 0.017242849 -0.055736527 -0.001012048 0.009426229 -0.002710170 0.999951422
1770030106171761408.000000 -0.176873058 0.016884176 -0.059947614 -0.001664616 0.009155960 -0.002822045 0.999952734
1770030106205086208.000000 -0.174117148 0.014925317 -0.056757137 -0.002397249 0.009483143 -0.001860391 0.999950469
1770030106238427392.000000 -0.173051760 0.011352714 -0.055210106 -0.003068473 0.009502577 -0.002931707 0.999945879
1770030106305096192.000000 -0.167941570 0.013859476 -0.056674249 -0.002737159 0.009613599 -0.004602358 0.999939442
1770030106405104128.000000 -0.158911735 0.013688453 -0.057385720 -0.002626523 0.009237512 -0.003375476 0.999948263
1770030106438422016.000000 -0.158516243 0.014899188 -0.056538984 -0.002619388 0.009497916 -0.004062432 0.999943256
1770030106471779328.000000 -0.157569811 0.017332902 -0.052532841 -0.002219571 0.009967408 -0.004571088 0.999937415
1770030106505112064.000000 -0.154647976 0.016231705 -0.050546430 -0.002321137 0.009876744 -0.004556037 0.999938130
1770030106605097984.000000 -0.145052865 0.015770353 -0.052292567 -0.002504792 0.010148295 -0.003852962 0.999937952
1770030106705099264.000000 -0.137036145 0.014500772 -0.050391108 -0.002200435 0.009620968 -0.002339078 0.999948561
1770030106738429952.000000 -0.134802103 0.011393403 -0.053850587 -0.002361046 0.009733843 -0.002300502 0.999947190
1770030106771761152.000000 -0.131438375 0.008310445 -0.056081768 -0.002792312 0.009799627 -0.002119747 0.999945879
1770030106805104128.000000 -0.129574269 0.010557542 -0.060240559 -0.002210627 0.009765426 -0.003013907 0.999945343
1770030106838422528.000000 -0.124835968 0.007500899 -0.053581476 -0.002820775 0.009454954 -0.002059103 0.999949217
1770030106871781376.000000 -0.124198429 0.007796179 -0.056111742 -0.002605766 0.009938598 -0.001844804 0.999945521
1770030107005142528.000000 -0.118653253 0.003806974 -0.056948029 -0.002917120 0.010121932 -0.002407265 0.999941647
1770030107038465792.000000 -0.114599273 0.004766882 -0.053455617 -0.002495768 0.009853113 -0.002215621 0.999945879
1770030107071811072.000000 -0.113827549 0.004118707 -0.052088436 -0.002605412 0.009969661 -0.002386732 0.999944091
1770030107105142528.000000 -0.112183020 0.001217573 -0.062144391 -0.002683858 0.009674701 -0.002602505 0.999946237
1770030107138467584.000000 -0.112801701 0.003816268 -0.049777091 -0.002246464 0.010031404 -0.002467726 0.999944150
1770030107171803648.000000 -0.109806791 0.000673404 -0.057960212 -0.002322319 0.009610205 -0.002996223 0.999946654
1770030107271875840.000000 -0.103735201 -0.003434834 -0.055322200 -0.002658851 0.009666560 -0.001626071 0.999948442
1770030107305165824.000000 -0.102781013 -0.002634537 -0.052322205 -0.002444503 0.009506649 -0.001654147 0.999950469
1770030107338476800.000000 -0.104501463 -0.002086557 -0.053838614 -0.002012574 0.009815760 -0.003055638 0.999945223
1770030107371801344.000000 -0.102299452 -0.004711999 -0.050326597 -0.002753042 0.009568674 -0.002227803 0.999947965
1770030107405152768.000000 -0.099541210 -0.005229968 -0.048771322 -0.002422759 0.009432208 -0.001595869 0.999951363
1770030107438499328.000000 -0.097711354 -0.004468933 -0.051451877 -0.002019061 0.009305804 -0.002292884 0.999952078
1770030107571801856.000000 -0.092148274 -0.009420169 -0.049930528 -0.002295984 0.008723455 -0.001514892 0.999958158
1770030107605134592.000000 -0.091545857 -0.010091809 -0.051218178 -0.002033133 0.008840722 -0.001968634 0.999956965
1770030107638485248.000000 -0.092162259 -0.011429805 -0.048010673 -0.002059099 0.009105548 -0.002711101 0.999952793
1770030107671804160.000000 -0.090094462 -0.014087924 -0.051355928 -0.002250573 0.008839290 -0.002675275 0.999954879
1770030107705142272.000000 -0.088142566 -0.012452469 -0.053294960 -0.001762981 0.008783910 -0.001315679 0.999959052
1770030107738481152.000000 -0.085209966 -0.014423173 -0.050276037 -0.002264544 0.008095295 -0.000950854 0.999964237
1770030107871805440.000000 -0.083204806 -0.019338358 -0.052272476 -0.002154933 0.007724700 -0.002027846 0.999965847
1770030107905135616.000000 -0.082003802 -0.018299868 -0.050759215 -0.001906316 0.007939295 -0.001188809 0.999966025
1770030107938474240.000000 -0.082082115 -0.017487604 -0.050528396 -0.001544502 0.007890813 -0.001221542 0.999966919
1770030107971802880.000000 -0.083942607 -0.018740881 -0.049188167 -0.001589339 0.008076652 -0.002030043 0.999964118
1770030108005140224.000000 -0.082293458 -0.017812548 -0.046753164 -0.001561957 0.007604900 -0.001487073 0.999968767
1770030108038467584.000000 -0.082052626 -0.020095557 -0.048243105 -0.001721748 0.007491062 -0.002552162 0.999967217
1770030108138484992.000000 -0.079091586 -0.020110700 -0.048411880 -0.001668090 0.007027633 -0.002309892 0.999971271
1770030108171799552.000000 -0.077644333 -0.019720353 -0.050834868 -0.001523084 0.006916880 -0.002361680 0.999972165
1770030108205130752.000000 -0.075583391 -0.020453060 -0.050403588 -0.001677509 0.006796535 -0.001911282 0.999973714
1770030108238468352.000000 -0.076901600 -0.020485392 -0.048932333 -0.001670877 0.007087806 -0.002549825 0.999970257
1770030108271810304.000000 -0.074774101 -0.020878291 -0.044603929 -0.001946765 0.006774554 -0.001940039 0.999973297
1770030108305138944.000000 -0.072231375 -0.021452395 -0.047477823 -0.002020736 0.006279361 -0.001237122 0.999977529
1770030108405136640.000000 -0.074182495 -0.021479350 -0.043468837 -0.002293412 0.006389671 -0.002722096 0.999973297
1770030108471806208.000000 -0.070571862 -0.023653103 -0.045962211 -0.002895441 0.005793464 -0.001618072 0.999977767
1770030108505164032.000000 -0.071012534 -0.023445882 -0.042310912 -0.003047220 0.005946957 -0.001735856 0.999976218
1770030108538479616.000000 -0.068938144 -0.021529274 -0.044478796 -0.002695964 0.005548165 -0.001995134 0.999979019
1770030108571798528.000000 -0.067429572 -0.022800203 -0.042667527 -0.003098523 0.005529918 -0.000827353 0.999979615
1770030108605131264.000000 -0.066475838 -0.023518093 -0.043506213 -0.003370363 0.005246055 -0.001504266 0.999979436
1770030108705188096.000000 -0.066100121 -0.025321044 -0.045095943 -0.003653099 0.005598148 -0.002054033 0.999975622
1770030108771802880.000000 -0.064432360 -0.022591105 -0.044596191 -0.003170115 0.005107428 -0.001027072 0.999981463
1770030108805140224.000000 -0.067077853 -0.021914508 -0.039565828 -0.003127873 0.005359872 -0.003201394 0.999975622
1770030108838502912.000000 -0.066741504 -0.022741627 -0.043923911 -0.003258298 0.005429325 -0.002636645 0.999976456
1770030108871816192.000000 -0.066718131 -0.024484705 -0.045888029 -0.003255751 0.005375964 -0.002442757 0.999977291
1770030108905142272.000000 -0.067373447 -0.020893183 -0.037142403 -0.002897458 0.005442729 -0.002986999 0.999976575
1770030109071811072.000000 -0.067801706 -0.022307968 -0.042160820 -0.002789810 0.005300925 -0.003417289 0.999976277
1770030109105131776.000000 -0.067237929 -0.023225563 -0.042966146 -0.002804317 0.005227704 -0.002352479 0.999979675
1770030109138465536.000000 -0.069056891 -0.020495338 -0.036838472 -0.002425832 0.005531393 -0.003941921 0.999974012
1770030109171800064.000000 -0.068044379 -0.022378247 -0.046954874 -0.002418027 0.005436099 -0.003565160 0.999975979
1770030109205131520.000000 -0.067302875 -0.024029115 -0.047642931 -0.002986170 0.005352726 -0.002564002 0.999977946
1770030109238470912.000000 -0.063948989 -0.024909103 -0.050255578 -0.002990356 0.004701477 -0.000546043 0.999984384
1770030109338468096.000000 -0.069167919 -0.020861296 -0.040505022 -0.002126990 0.005425171 -0.002587393 0.999979734
1770030109405135360.000000 -0.067013368 -0.021452066 -0.044094443 -0.002109515 0.005275288 -0.001524875 0.999982715
1770030109438478080.000000 -0.066596210 -0.022979939 -0.042849492 -0.002705584 0.005126690 -0.001414421 0.999982238
1770030109538470144.000000 -0.065929540 -0.025216246 -0.050211202 -0.002753687 0.005010725 -0.001294501 0.999982834
1770030109638465536.000000 -0.066456549 -0.021763420 -0.047291394 -0.002155323 0.005163541 -0.001803096 0.999982774
1770030109705136896.000000 -0.067187794 -0.014072603 -0.050911386 -0.000554294 0.005807331 0.000519103 0.999982834
1770030109738478336.000000 -0.066639453 -0.014272982 -0.050637648 -0.000537225 0.005666075 0.000603863 0.999983609
1770030109771806976.000000 -0.066478364 -0.014576524 -0.050310772 -0.000635545 0.005636821 0.000264564 0.999983907
1770030109805157632.000000 -0.066753335 -0.014651502 -0.050300717 -0.000678793 0.005729970 0.000413815 0.999983311
1770030109838475776.000000 -0.067486450 -0.014002067 -0.050574373 -0.000469132 0.005857700 0.000289985 0.999982715
1770030109871803648.000000 -0.066846311 -0.015360207 -0.050573800 -0.000798267 0.005729775 0.000448219 0.999983191
1770030109938476032.000000 -0.065907612 -0.015132316 -0.051073100 -0.000776615 0.005643005 0.000646679 0.999983609
1770030109971805696.000000 -0.066368885 -0.014885595 -0.050584592 -0.000750548 0.005602997 0.000239279 0.999984026
1770030110038468864.000000 -0.067139409 -0.014371063 -0.050966408 -0.000443706 0.005845840 0.000575224 0.999982655
1770030110071831552.000000 -0.067595527 -0.014730156 -0.050587591 -0.000600392 0.005882114 0.000202972 0.999982536
1770030110105141760.000000 -0.066284947 -0.014989347 -0.051121004 -0.000721318 0.005577982 0.000498095 0.999984086
1770030110138473728.000000 -0.066466711 -0.014796122 -0.051005978 -0.000650440 0.005658032 0.000522299 0.999983668
1770030110205155840.000000 -0.066594593 -0.015429633 -0.051134370 -0.000721660 0.005692334 0.000607162 0.999983370
1770030110238472704.000000 -0.066081561 -0.014342531 -0.050714456 -0.000514065 0.005532065 0.000533089 0.999984443
1770030110305163008.000000 -0.065557815 -0.015754055 -0.051150732 -0.000907477 0.005498033 0.000643753 0.999984264
1770030110338479872.000000 -0.065525144 -0.015823659 -0.051257450 -0.000946424 0.005527080 0.000543257 0.999984145
1770030110371805696.000000 -0.066003487 -0.015737714 -0.051396605 -0.000891401 0.005556609 0.000495574 0.999984086
1770030110405156864.000000 -0.066759996 -0.015917020 -0.050367396 -0.000962326 0.005644292 0.000221135 0.999983609
