1770028801799572224.000000 0.000000000 0.000000000 0.000000000 -0.000000000 -0.000000000 -0.000000000 1.000000000
1770028801832907520.000000 -0.005714168 0.001992797 0.001448279 0.000328114 0.000894237 -0.000421677 0.999999464
1770028801866240512.000000 0.003044551 0.000342971 0.000910418 0.000064976 -0.000403104 0.000575743 0.999999762
1770028801899577600.000000 0.000932687 0.001503470 0.000424935 0.000280359 -0.000069723 0.000044494 1.000000000
1770028801932918784.000000 0.008917305 -0.000582996 -0.000251050 -0.000080737 -0.001743137 0.000655205 0.999998271
1770028801966250496.000000 0.001626804 -0.000085575 0.001511398 0.000006198 -0.000112451 0.000410658 0.999999940
1770028801999602176.000000 0.004595442 -0.000389377 -0.000476706 -0.000062710 -0.000803696 0.000538537 0.999999523
1770028802032927488.000000 0.006411053 -0.000793747 0.000284552 -0.000234409 -0.001237251 0.000514121 0.999999106
1770028802066255104.000000 0.000921277 -0.001108614 0.002055801 -0.000190783 -0.000182143 -0.000116269 0.999999940
1770028802099593472.000000 -0.019273026 -0.003851815 0.013679227 -0.001720336 0.005873790 -0.003278502 0.999975920
1770028802099593472.000000 -0.019273026 -0.003851815 0.013679227 -0.001720336 0.005873790 -0.003278502 0.999975920
1770028802166278400.000000 -0.008039789 -0.005093838 0.005138124 -0.000688300 0.002066863 -0.000181620 0.999997616
1770028802199580672.000000 0.002209184 -0.004261124 -0.008024269 -0.000149841 -0.000201361 0.001174968 0.999999285
1770028802232932352.000000 0.003640902 -0.002805622 -0.008824424 0.000266765 -0.000583157 0.001374227 0.999998868
1770028802266284288.000000 0.002808301 -0.004954110 -0.008381173 -0.000454490 -0.000367284 0.001323736 0.999998987
1770028802299593216.000000 0.003397688 -0.004629604 -0.008889424 -0.000267431 -0.000612798 0.001083800 0.999999285
1770028802332917504.000000 0.003692272 -0.003601801 -0.008510789 -0.000019385 -0.000644791 0.001273758 0.999998987
1770028802399578368.000000 0.003841174 -0.003711432 -0.008891374 0.000049775 -0.000714106 0.001293371 0.999998927
1770028802432932608.000000 0.003586628 -0.003915606 -0.008983532 -0.000117605 -0.000693065 0.001213723 0.999999046
1770028802466242304.000000 0.004009855 -0.003521744 -0.008909437 0.000067516 -0.000752720 0.001310741 0.999998868
1770028802499573248.000000 0.004613137 -0.003358054 -0.009467293 0.000144061 -0.000945810 0.001369849 0.999998629
1770028802566274048.000000 0.003939827 -0.003553495 -0.009272913 -0.000026121 -0.000722425 0.001370993 0.999998808
1770028802599593728.000000 0.003890711 -0.003314442 -0.010330455 0.000178123 -0.000805089 0.001433905 0.999998689
1770028802699589632.000000 0.005033592 -0.000733630 -0.010981833 0.000785199 -0.000941383 0.001659512 0.999997854
1770028802732974848.000000 0.004714162 -0.000280251 -0.009922926 0.000803128 -0.000825870 0.001675810 0.999997973
1770028802766251776.000000 0.004973520 -0.000725682 -0.011190655 0.000754864 -0.000942919 0.001551298 0.999998093
1770028802799586816.000000 0.003823938 -0.001653671 -0.010905547 0.000461306 -0.000817038 0.001404139 0.999998629
1770028802866244096.000000 0.004859806 -0.001523140 -0.011028659 0.000514540 -0.000833204 0.001666192 0.999998152
1770028802899569920.000000 0.004269781 -0.001055737 -0.010392599 0.000679032 -0.000670103 0.001666199 0.999998152
1770028803032930560.000000 0.005588057 -0.000200115 -0.011051122 0.000876648 -0.001063435 0.001574354 0.999997854
1770028803132952832.000000 0.003645666 -0.000645598 -0.011263325 0.000754273 -0.000633139 0.001745124 0.999998033
1770028803199582208.000000 0.003162641 -0.002116424 -0.009335691 0.000285902 -0.000428124 0.001619769 0.999998569
1770028803232912384.000000 0.005288868 -0.001153574 -0.009443304 0.000599919 -0.001011135 0.001516279 0.999998152
1770028803332977920.000000 0.004364020 -0.001040383 -0.010729467 0.000665470 -0.000826090 0.001430685 0.999998450
1770028803366266112.000000 0.005028464 -0.000825615 -0.010886748 0.000835728 -0.000853805 0.001777120 0.999997735
1770028803399585536.000000 0.002458197 -0.002358828 -0.009938412 0.000238900 -0.000320786 0.001349196 0.999999046
1770028803432933632.000000 0.004058214 -0.001822798 -0.009524335 0.000365415 -0.000628865 0.001318296 0.999998868
1770028803466247424.000000 0.004490636 0.000906777 -0.009796565 0.001316027 -0.000789211 0.001943358 0.999997020
1770028803499578112.000000 0.002809486 -0.003048267 -0.010363019 0.000069120 -0.000414325 0.001458663 0.999998868
1770028803632910336.000000 0.002588315 -0.001818949 -0.010085958 0.000376509 -0.000395898 0.001275596 0.999999046
1770028803666249472.000000 0.004788190 0.000034237 -0.010303808 0.001068015 -0.000881272 0.001801438 0.999997497
1770028803699584512.000000 0.001720493 -0.001628033 -0.008835471 0.000509194 -0.000073777 0.001410885 0.999998868
1770028803732912896.000000 0.004248943 -0.001453058 -0.009636935 0.000533711 -0.000775515 0.001394581 0.999998629
1770028803799607040.000000 0.003393565 -0.000906409 -0.008454848 0.000652913 -0.000471341 0.001585236 0.999998450
1770028803966252032.000000 0.002893481 -0.000332109 -0.009734807 0.000965741 -0.000392698 0.001484786 0.999998391
1770028803999604224.000000 0.002100627 -0.001061834 -0.009113469 0.000611206 -0.000135086 0.001199876 0.999999106
1770028804032935680.000000 0.001580689 -0.001833772 -0.008120759 0.000275282 -0.000031329 0.001296485 0.999999166
1770028804066277376.000000 0.002840101 -0.001708872 -0.009760015 0.000503806 -0.000330002 0.001424020 0.999998808
1770028804099595008.000000 0.001128857 -0.001389690 -0.008270277 0.000485028 0.000060122 0.001200668 0.999999225
1770028804132943872.000000 0.001167255 -0.000688668 -0.008383277 0.000564347 -0.000041589 0.001133785 0.999999285
1770028804266255360.000000 0.001459309 -0.000890867 -0.009057865 0.000655011 -0.000000312 0.001269439 0.999998987
1770028804299575040.000000 0.003375362 0.000137237 -0.011624743 0.001029814 -0.000608099 0.001632130 0.999997973
1770028804332914176.000000 0.002724305 -0.000712775 -0.009353381 0.000790633 -0.000483721 0.001408246 0.999998569
1770028804366243840.000000 0.000895209 -0.001680060 -0.008629496 0.000448128 0.000011696 0.001081465 0.999999404
1770028804399574528.000000 0.001506936 -0.002033484 -0.009707842 0.000436737 -0.000162514 0.001111483 0.999999285
1770028804432911872.000000 0.001821019 -0.001433140 -0.009424200 0.000385873 -0.000294404 0.001079285 0.999999344
1770028804532930816.000000 0.002643255 0.000000557 -0.009768790 0.001005488 -0.000332355 0.001532026 0.999998331
1770028804566248704.000000 0.001695348 0.001517758 -0.008781067 0.001253078 -0.000165880 0.001329295 0.999998391
1770028804599589888.000000 0.001309709 0.001943670 -0.008022940 0.001300846 0.000021628 0.001562155 0.999997973
1770028804632922368.000000 0.002168124 0.000066749 -0.008322348 0.000862252 -0.000245151 0.001340599 0.999998748
1770028804666263296.000000 0.001432267 0.002462722 -0.006702386 0.001310195 -0.000004023 0.001392911 0.999998212
1770028804699643392.000000 0.002356024 -0.001955971 -0.009311413 0.000227217 -0.000331814 0.001141359 0.999999344
1770028804799621376.000000 -0.000031839 0.001786277 -0.008539081 0.001392661 0.000402126 0.001481776 0.999997854
1770028804832948736.000000 0.001857873 0.000339319 -0.007787593 0.000703630 -0.000135236 0.001196239 0.999999046
1770028804866272768.000000 0.002904329 0.000966926 -0.009160261 0.000928193 -0.000507461 0.001298961 0.999998689
1770028804899628544.000000 0.002204276 0.000067792 -0.007886266 0.000745961 -0.000245646 0.001166541 0.999999046
1770028804932929280.000000 0.001890613 0.004411490 -0.010230029 0.002236990 -0.000144657 0.001893548 0.999995708
1770028804966254592.000000 0.002508076 0.001092752 -0.008464883 0.001062545 -0.000281002 0.001239097 0.999998689
1770028805099586560.000000 0.001653919 0.000886902 -0.007862924 0.000973277 0.000007623 0.001434635 0.999998569
1770028805132908288.000000 0.000900970 -0.000731677 -0.006293449 0.000542885 0.000202978 0.001124876 0.999999225
1770028805166257920.000000 0.002979954 -0.001209740 -0.010103514 0.000678893 -0.000505037 0.001128824 0.999999046
1770028805199579904.000000 0.001213725 0.000415177 -0.009131134 0.000627550 -0.000132754 0.001176135 0.999999106
1770028805232910080.000000 0.003397880 0.000681435 -0.009154432 0.000643309 -0.000350330 0.001517497 0.999998569
1770028805266245888.000000 0.003509401 -0.000426563 -0.007998887 0.000248725 -0.000349860 0.001550238 0.999998748
1770028805399583488.000000 0.006936543 -0.000433427 -0.009384300 -0.000210149 -0.001117671 0.001575892 0.999998152
1770028805432905984.000000 0.005168558 0.000701529 -0.007391388 -0.000351798 -0.000742551 0.001135750 0.999999046
1770028805466264064.000000 0.006578407 -0.000231888 -0.009133254 -0.000339425 -0.001141004 0.001104254 0.999998748
1770028805499597568.000000 0.007699168 -0.000706018 -0.007879040 -0.000542275 -0.001320515 0.001072507 0.999998450
1770028805532912896.000000 0.008784606 0.000100055 -0.007943748 -0.000624502 -0.001583789 0.000771886 0.999998271
1770028805566278400.000000 0.010950931 0.001500577 -0.009032256 0.000278380 -0.002025570 0.001104648 0.999997318
1770028805699576832.000000 0.008465297 -0.002105795 -0.004714776 -0.000103322 -0.001429911 0.000763633 0.999998689
1770028805732912896.000000 0.007557010 0.000144446 -0.004129433 0.000654948 -0.001123653 0.000351086 0.999999106
1770028805766248960.000000 0.008978153 -0.007527605 -0.007706018 -0.000775999 -0.001597206 0.000310764 0.999998391
1770028805799586816.000000 0.009053851 -0.003335072 -0.004150552 0.000220059 -0.001262464 0.000011293 0.999999166
1770028805832922624.000000 0.015110097 -0.006237005 -0.005036073 -0.000104849 -0.002456688 0.000253493 0.999996960
1770028805866274816.000000 0.016507519 -0.007077526 -0.000792199 0.000159823 -0.002474749 0.000476126 0.999996841
1770028805999591936.000000 0.022018896 -0.002727018 -0.002679454 0.003559727 -0.003300317 0.001677195 0.999986827
1770028806032922112.000000 0.023502512 -0.004408430 -0.004898285 0.003421366 -0.003523637 0.001622614 0.999986649
1770028806066258432.000000 0.024341602 -0.004337787 -0.000907352 0.003293137 -0.003087355 0.001242553 0.999989092
1770028806099585536.000000 0.029592225 -0.003728193 -0.003958413 0.003654508 -0.004112783 0.001967141 0.999982953
1770028806132920064.000000 0.033133954 -0.009305988 -0.000994321 0.001641723 -0.004508461 0.001176426 0.999987841
1770028806166254336.000000 0.031402387 -0.011864712 -0.004855155 0.001161626 -0.004048147 0.001715288 0.999989688
1770028806266263296.000000 0.046145048 -0.006703431 -0.007926272 0.002870089 -0.005610670 0.002996809 0.999975681
1770028806299576832.000000 0.046226047 -0.009289090 -0.004854841 0.002229402 -0.005281392 0.002396105 0.999980748
1770028806332921344.000000 0.048436817 -0.006108124 -0.002904264 0.002582901 -0.005236285 0.001958655 0.999981105
1770028806366244608.000000 0.037251245 -0.016421566 -0.000761450 0.001048697 -0.001982329 0.000963603 0.999997020
1770028806399586816.000000 0.039512880 -0.012791862 -0.002403278 0.002512729 -0.001813291 0.001261582 0.999994457
1770028806432909056.000000 0.039760049 -0.016895920 -0.000778573 0.001641206 -0.001486720 0.001070186 0.999997020
1770028806532908032.000000 0.047074251 -0.017879244 -0.002447075 0.001918912 -0.001430992 0.000983241 0.999996722
1770028806566249216.000000 0.050861575 -0.014758149 -0.002974392 0.002957200 -0.001592551 0.001784182 0.999992788
1770028806599573760.000000 0.055170752 -0.013998678 -0.004573571 0.003214486 -0.002094784 0.001816943 0.999991000
1770028806632913920.000000 0.055452060 -0.018844498 -0.003992522 0.001768028 -0.001603033 0.001523987 0.999996066
1770028806666249216.000000 0.062185116 -0.015540197 0.003037837 0.002097331 -0.002008206 0.002003882 0.999993801
1770028806699580160.000000 0.061117407 -0.014305661 0.001680093 0.002219945 -0.001146303 0.001938696 0.999994993
1770028806866252032.000000 0.080519333 -0.009053471 -0.000594037 0.003713490 -0.001982838 0.001834960 0.999989450
1770028806932911616.000000 0.085594073 -0.007760781 0.002247498 0.004191747 -0.000982248 0.001933309 0.999988914
1770028806966243328.000000 0.084823765 -0.005989835 0.003571248 0.004332690 -0.000291729 0.001244231 0.999989808
1770028806999578112.000000 0.090200201 -0.001879883 0.005832163 0.005014419 -0.000351002 0.001263665 0.999986589
1770028807032907264.000000 0.094780482 0.003198828 0.006439570 0.005951488 -0.000555345 0.001142505 0.999981523
1770028807166240256.000000 0.099421002 0.007416304 0.015186431 0.005501718 0.002413958 -0.000049097 0.999981940
1770028807199582720.000000 0.106800504 0.008743905 0.009102911 0.005851784 0.001483212 0.000434863 0.999981701
1770028807232908288.000000 0.102054469 -0.000913781 0.003345309 0.003303775 0.004418828 0.001539295 0.999983609
1770028807266243072.000000 0.103820071 -0.000125381 0.004457183 0.003265297 0.005147485 0.001543242 0.999980271
1770028807299585024.000000 0.106775306 0.002241355 0.004486740 0.003574755 0.005512137 0.001517730 0.999977291
1770028807466261248.000000 0.124441266 0.020595020 0.006957157 0.005303956 0.006931802 0.000376548 0.999961913
1770028807499571712.000000 0.126058340 0.025797386 0.007574359 0.005602551 0.007385612 -0.000579141 0.999956906
1770028807532915712.000000 0.128291428 0.028400831 0.010098568 0.005406861 0.008105969 -0.000634699 0.999952376
1770028807566243840.000000 0.130998656 0.033375148 0.009885571 0.005504740 0.008833271 -0.001258239 0.999945104
1770028807599590656.000000 0.132602692 0.037192021 0.011831437 0.005657725 0.009600096 -0.001644937 0.999936581
1770028807632916480.000000 0.134986848 0.039936729 0.011149671 0.005931227 0.010014346 -0.001397563 0.999931335
1770028807766240512.000000 0.146124750 0.060455315 0.013551247 0.006499700 0.011871474 -0.003110920 0.999903619
1770028807799582720.000000 0.150080770 0.057651322 0.002854906 0.005099711 0.012929256 0.000729205 0.999903142
1770028807832906240.000000 0.150895879 0.062937021 0.003708560 0.005355901 0.014069983 0.000190421 0.999886692
1770028807866244096.000000 0.153133735 0.066046633 0.003431806 0.005150540 0.014646968 -0.000090810 0.999879479
1770028807899578368.000000 0.154217184 0.069132335 0.003852640 0.004715750 0.015340839 -0.000571974 0.999871075
1770028807932913664.000000 0.157335147 0.074799560 0.005853535 0.004794674 0.015735399 -0.001132340 0.999864101
1770028808032914176.000000 0.159926295 0.086407728 0.006808726 0.004441438 0.018217893 -0.002120391 0.999821961
1770028808066253824.000000 0.161502481 0.091850474 0.008153205 0.004499283 0.018751543 -0.002805352 0.999810159
1770028808099593984.000000 0.163633436 0.096556149 0.007562794 0.004427259 0.019028690 -0.003351792 0.999803543
1770028808132905984.000000 0.165473148 0.100031309 0.008878686 0.004254064 0.019489011 -0.003773628 0.999793947
1770028808166256128.000000 0.169772252 0.105349921 0.007254466 0.003636064 0.020241160 -0.001067415 0.999787927
1770028808199581184.000000 0.169687286 0.108508870 0.008840543 0.003225556 0.021462349 -0.001108553 0.999763846
1770028808332912384.000000 0.170361206 0.124144144 0.011037279 0.002500972 0.023993250 -0.002791004 0.999705136
1770028808366241792.000000 0.171989396 0.129220471 0.011621027 0.002497643 0.024330888 -0.002558520 0.999697626
1770028808399580416.000000 0.173612893 0.133550167 0.008063534 0.002340535 0.024694027 -0.000698295 0.999692082
1770028808432912896.000000 0.174061313 0.136145741 0.007777410 0.002171705 0.025482660 -0.000634315 0.999672771
1770028808466261760.000000 0.173460379 0.137577161 0.007968465 0.001885030 0.026092840 -0.000661573 0.999657512
1770028808499579136.000000 0.173693314 0.140055895 0.008006471 0.001583107 0.026374938 -0.001087169 0.999650300
1770028808632907008.000000 0.176676318 0.148795679 0.008204164 0.000392142 0.027222103 -0.001390213 0.999628425
1770028808666241280.000000 0.177280307 0.152096406 0.009038792 0.000613494 0.027584685 -0.001690709 0.999617875
1770028808699570688.000000 0.177557141 0.153416827 0.008185780 0.000405046 0.027797287 -0.002010085 0.999611497
1770028808732918528.000000 0.178503215 0.155844107 0.009802731 0.000454050 0.027861686 -0.002262260 0.999609113
1770028808766246400.000000 0.178800166 0.156243861 0.009710477 0.000341474 0.028153300 -0.002423516 0.999600649
1770028808799605504.000000 0.178978741 0.157893777 0.009555219 0.000373371 0.028430367 -0.002284175 0.999593139
1770028808966249216.000000 0.179922700 0.161162302 0.008694476 0.000381513 0.028297259 -0.002516163 0.999596298
1770028808999593216.000000 0.179609135 0.159865811 0.010182079 0.000503564 0.028223796 -0.002632762 0.999598086
1770028809032923648.000000 0.180114388 0.160353512 0.010973300 0.000718668 0.028104462 -0.002429973 0.999601841
1770028809066245632.000000 0.181769133 0.161586627 0.007381891 0.001402814 0.027658207 -0.002044595 0.999614418
1770028809099589632.000000 0.180028647 0.159870386 0.009441073 0.001668240 0.027931189 -0.002249298 0.999605894
1770028809132913920.000000 0.179510906 0.158251226 0.008213598 0.002484179 0.027827939 -0.002881027 0.999605477
1770028809232905984.000000 0.177764699 0.155692592 0.008640946 0.004776177 0.027427526 -0.002770105 0.999608576
1770028809299570688.000000 0.176478416 0.147386938 0.007041239 0.004057507 0.025292657 -0.002208594 0.999669433
1770028809332919040.000000 0.175168335 0.145522505 0.006444380 0.004391368 0.024460772 -0.001743381 0.999689639
1770028809366238976.000000 0.175321460 0.143249691 0.005919316 0.004818049 0.023546288 -0.001858419 0.999709487
1770028809432916992.000000 0.174850971 0.137155592 0.004893753 0.006504250 0.022123616 -0.001004462 0.999733627
1770028809532903680.000000 0.172804981 0.125733688 0.003720637 0.008283664 0.020126797 -0.000321523 0.999763072
1770028809599587328.000000 0.171868101 0.117665805 0.002493270 0.009834002 0.018246127 0.000333973 0.999785125
1770028809632913408.000000 0.170982346 0.112500377 0.001259757 0.010126795 0.017355310 0.000825814 0.999797761
1770028809666259200.000000 0.170247361 0.105278477 0.000994854 0.010454410 0.016493620 0.001520208 0.999808192
1770028809699598592.000000 0.166707680 0.093970105 0.002523076 0.010209011 0.015678780 0.000486968 0.999824822
1770028809732911104.000000 0.167255893 0.089207426 0.002277111 0.010691635 0.014642481 0.000853403 0.999835312
1770028809832906240.000000 0.160974294 0.065856189 0.001935384 0.012527331 0.012183719 0.000384949 0.999847293
1770028809866238208.000000 0.159216180 0.056463670 0.000696911 0.012932008 0.011653874 0.001061414 0.999847889
1770028809899589376.000000 0.157430127 0.045111474 -0.000005173 0.012925167 0.011252380 0.001463556 0.999852121
1770028809932918272.000000 0.155422941 0.032397866 -0.001233370 0.012783532 0.010971545 0.002751066 0.999854326
1770028809966269696.000000 0.149753287 0.020265503 -0.000953239 0.013150329 0.011066376 0.001711890 0.999850869
1770028809999581952.000000 0.146830752 0.010559421 -0.002469394 0.013681230 0.010684192 0.002449133 0.999846339
1770028810132907264.000000 0.128268406 -0.035304260 -0.003210777 0.015328848 0.010631288 0.003606404 0.999819517
1770028810166267904.000000 0.125249416 -0.045677908 -0.004487670 0.015701901 0.010130577 0.004594392 0.999814868
1770028810199614464.000000 0.118218124 -0.064724259 -0.004070459 0.014927646 0.010511785 0.005519964 0.999818146
1770028810232920064.000000 0.113593213 -0.074848354 -0.003913607 0.015759168 0.010328376 0.005613197 0.999806762
1770028810266269184.000000 0.108846441 -0.088946357 -0.002778983 0.015407446 0.010202357 0.006215419 0.999809980
1770028810299584256.000000 0.105690181 -0.104532234 -0.007941868 0.015014076 0.009891474 0.007060394 0.999813437
1770028810432922112.000000 0.076381922 -0.149015039 -0.007776122 0.015848508 0.009816712 0.008051446 0.999793828
1770028810466251776.000000 0.072741203 -0.157907024 -0.008084700 0.016256388 0.009783297 0.008765233 0.999781609
1770028810499586304.000000 0.069137312 -0.169797480 -0.013523792 0.015459349 0.008874806 0.010161533 0.999789536
1770028810532910336.000000 0.056229487 -0.175315097 -0.013458893 0.010860532 0.009250686 0.008918508 0.999858499
1770028810566239232.000000 0.050833840 -0.175907373 -0.007704059 0.003207449 0.008686206 0.010050889 0.999906659
1770028810599587072.000000 0.041056845 -0.174059570 0.001759377 -0.004173911 0.009267817 0.009986402 0.999898553
1770028810699578368.000000 0.014281785 -0.191820517 0.010107848 -0.021806022 0.008640845 0.006068619 0.999706507
1770028810732905472.000000 0.008252443 -0.194148585 0.017219907 -0.025204141 0.007532950 0.004475504 0.999643981
1770028810766247168.000000 -0.001044805 -0.196126163 0.024536790 -0.028488664 0.007491448 0.002969263 0.999561667
1770028810799575552.000000 -0.011700076 -0.196826667 0.034574475 -0.031307798 0.007635316 0.001524697 0.999479532
1770028810866251008.000000 -0.030591678 -0.218134448 0.010422617 -0.037159797 0.007738670 0.002293859 0.999276757
1770028810899586048.000000 -0.036529664 -0.217651799 0.016770879 -0.038703885 0.007157837 0.001111350 0.999224544
1770028810966238976.000000 -0.047134914 -0.224328429 0.028865941 -0.041852362 0.005361089 -0.001136348 0.999108791
1770028810999584512.000000 -0.064858921 -0.230704412 0.016725700 -0.042229090 0.007174282 -0.001649984 0.999080837
1770028811032906496.000000 -0.070506975 -0.231301412 0.021611698 -0.041974995 0.006874796 -0.001910395 0.999093235
1770028811066281216.000000 -0.072697982 -0.236200333 0.022805452 -0.042381853 0.005444448 -0.002923843 0.999082446
1770028811099604736.000000 -0.079827234 -0.239674300 0.026405042 -0.042246036 0.005164826 -0.003729529 0.999086976
1770028811132912640.000000 -0.091009431 -0.249654233 0.025188092 -0.042639386 0.006308874 -0.001810431 0.999068975
1770028811266251008.000000 -0.111436844 -0.259824216 0.033317335 -0.037221458 0.004460726 -0.003916087 0.999289453
1770028811299576832.000000 -0.122708105 -0.274765730 0.019624567 -0.036868680 0.005733945 -0.000860869 0.999303281
1770028811332931072.000000 -0.125593215 -0.277705371 0.019894263 -0.034486003 0.004845801 -0.000912810 0.999393046
1770028811366254080.000000 -0.130963683 -0.280498952 0.021221608 -0.031981494 0.004865274 -0.001030087 0.999476135
1770028811399597312.000000 -0.134154141 -0.283428669 0.018253004 -0.029516874 0.004349364 -0.000904913 0.999554455
1770028811432940288.000000 -0.146327496 -0.288701743 0.020192841 -0.027996929 0.005571338 -0.000673945 0.999592245
1770028811632920320.000000 -0.177112252 -0.288968146 0.012113572 -0.020945298 0.006685158 -0.000004988 0.999758303
1770028811666257408.000000 -0.182041779 -0.289523125 0.011033363 -0.019547949 0.006614522 0.000198466 0.999787092
1770028811699580672.000000 -0.185301393 -0.289003849 0.008987369 -0.017628651 0.005903318 0.000691700 0.999826908
1770028811732912384.000000 -0.189699978 -0.284713060 0.006237070 -0.015363975 0.005556653 0.000235811 0.999866545
1770028811766256640.000000 -0.195000902 -0.279908925 0.007339110 -0.013868007 0.005531254 0.000308323 0.999888539
1770028811899592960.000000 -0.211465225 -0.258328259 0.002214816 -0.008606948 0.004673133 0.000080817 0.999952137
1770028811932919552.000000 -0.211406991 -0.253285378 0.001562365 -0.007718780 0.003989698 0.000691462 0.999962032
1770028811966269184.000000 -0.214076474 -0.247423396 0.001136144 -0.006826424 0.003722261 0.000806578 0.999969482
1770028812032912896.000000 -0.220823318 -0.230853885 0.002767609 -0.005294350 0.003414983 0.002023074 0.999978125
1770028812066253312.000000 -0.226183936 -0.221551731 -0.000765746 -0.004339307 0.003507076 -0.000396677 0.999984384
1770028812199584512.000000 -0.230650693 -0.189048827 0.003174710 -0.003066254 0.002250449 0.003005972 0.999988317
1770028812232920320.000000 -0.236333430 -0.180581093 -0.004475915 -0.002861687 0.002805822 0.000556981 0.999991834
1770028812266245120.000000 -0.239474386 -0.173010558 -0.005870059 -0.002453245 0.002927421 0.000158447 0.999992728
1770028812299593984.000000 -0.237819463 -0.164180294 -0.005259810 -0.002013725 0.002163212 0.001167652 0.999994934
1770028812332926208.000000 -0.242036283 -0.149751082 -0.008594008 -0.001645711 0.002033617 -0.000118722 0.999996662
1770028812366244608.000000 -0.242772296 -0.142544672 -0.011241871 -0.001666131 0.001918371 0.000082860 0.999996841
1770028812432915200.000000 -0.244923368 -0.118697181 -0.013433975 -0.001086587 0.001656102 0.000359906 0.999997973
1770028812466247680.000000 -0.246842369 -0.107350618 -0.011042628 -0.001269375 0.001740104 0.000046930 0.999997735
1770028812499585024.000000 -0.245117798 -0.099290021 -0.010615784 -0.001094066 0.001245228 0.000282675 0.999998629
1770028812532914944.000000 -0.244589746 -0.087521441 -0.012546696 -0.000811775 0.000812449 0.000999374 0.999998927
1770028812566252032.000000 -0.245872959 -0.074386165 -0.013905565 -0.000829384 0.000523353 0.000297070 0.999999464
1770028812599597568.000000 -0.248971298 -0.064774215 -0.012371294 -0.001261605 0.000904747 -0.000036234 0.999998808
1770028812699616000.000000 -0.248376429 -0.029649034 -0.014042684 -0.000978477 0.000578655 -0.000231712 0.999999344
1770028812732941824.000000 -0.246766090 -0.020284146 -0.012795475 -0.001386619 0.000427073 0.000594220 0.999998808
1770028812766249728.000000 -0.245104447 -0.014627208 -0.012510776 -0.002485552 0.000129155 0.001406227 0.999995947
1770028812799612416.000000 -0.243006334 -0.002888553 -0.011802917 -0.002689987 -0.000129781 0.001345917 0.999995530
1770028812866261760.000000 -0.245860860 0.021638952 -0.013173981 -0.002775665 0.000278600 -0.000452807 0.999996066
1770028812899596800.000000 -0.242110997 0.030549778 -0.012414332 -0.003090707 -0.000044670 0.000484027 0.999995112
1770028812966272000.000000 -0.238160923 0.052344412 -0.016703382 -0.003441725 -0.000499842 -0.000196935 0.999993980
1770028813032914944.000000 -0.239290565 0.071803741 -0.015665654 -0.003822970 0.000262069 -0.000822231 0.999992311
1770028813066255104.000000 -0.237724975 0.076110199 -0.017462242 -0.004664551 0.000307302 -0.000621482 0.999988854
1770028813099577600.000000 -0.232654244 0.084033161 -0.016855573 -0.005479815 -0.000125764 0.001150684 0.999984324
1770028813132911104.000000 -0.230988145 0.095205262 -0.017609498 -0.004806880 0.000182236 0.000250759 0.999988377
1770028813166247168.000000 -0.228862450 0.099085823 -0.019774847 -0.006225729 0.000508226 0.000797597 0.999980271
1770028813266262528.000000 -0.220867783 0.129581794 -0.020851644 -0.006304015 0.001166812 -0.000222724 0.999979436
1770028813366252288.000000 -0.214405730 0.150272354 -0.017170466 -0.007351610 0.001558381 -0.011834336 0.999901772
1770028813432952064.000000 -0.209106803 0.160302609 -0.017031305 -0.009544840 0.001719626 -0.027804399 0.999566317
1770028813466251008.000000 -0.209570736 0.166719332 -0.016443105 -0.010007351 0.002066111 -0.035924636 0.999302328
1770028813499647744.000000 -0.212034896 0.172893003 -0.019002678 -0.010426671 0.003134743 -0.044847164 0.998934567
1770028813566259200.000000 -0.206983611 0.181641281 -0.021157397 -0.011507569 0.003890638 -0.057338711 0.998280942
1770028813599611648.000000 -0.204151660 0.181454659 -0.024861716 -0.012528116 0.003958017 -0.061701681 0.998008192
1770028813632945920.000000 -0.201801464 0.189214662 -0.021004790 -0.012436929 0.004577268 -0.067454331 0.997634411
1770028813666260992.000000 -0.199007615 0.190353319 -0.023936210 -0.013117803 0.004990927 -0.072149634 0.997295141
1770028813699593984.000000 -0.191415161 0.193781286 -0.025000837 -0.013173789 0.004797489 -0.074183419 0.997146070
1770028813766253824.000000 -0.186187312 0.190307364 -0.030948885 -0.015005378 0.005779729 -0.078761928 0.996763766
1770028813866244608.000000 -0.171761736 0.202117354 -0.021704949 -0.013180861 0.006653600 -0.081042729 0.996601284
1770028813899583488.000000 -0.164590567 0.207147047 -0.017416729 -0.011764935 0.006886748 -0.080569804 0.996655762
1770028813932920832.000000 -0.160344765 0.206775293 -0.017635195 -0.010925257 0.007421281 -0.078133978 0.996855438
1770028813966258432.000000 -0.152773902 0.211218804 -0.009574071 -0.009416077 0.007502113 -0.075604983 0.997065246
1770028813999589632.000000 -0.141500339 0.202058733 -0.016092712 -0.009835604 0.008082326 -0.071207382 0.997380376
1770028814099586304.000000 -0.121588118 0.189043269 -0.017168824 -0.009253783 0.008950494 -0.060337093 0.998095036
1770028814132914432.000000 -0.117238410 0.185228646 -0.020273760 -0.008628678 0.009920907 -0.057758491 0.998244047
1770028814232909568.000000 -0.092424817 0.166258022 -0.043500438 -0.006900265 0.010457918 -0.049990304 0.998671174
1770028814266247424.000000 -0.082570702 0.160451576 -0.027905380 -0.006504420 0.010848070 -0.046951991 0.998817146
1770028814299577344.000000 -0.078463368 0.163617849 -0.021102713 -0.004554819 0.011345501 -0.045782283 0.998876691
1770028814332918528.000000 -0.072072931 0.158033237 -0.022147842 -0.003956297 0.011944353 -0.044080477 0.998948753
1770028814399576064.000000 -0.054089807 0.147990674 -0.019626684 -0.001777147 0.012527609 -0.039887521 0.999124110
1770028814432912896.000000 -0.044138923 0.143823609 -0.010467702 -0.000540702 0.013309372 -0.039340895 0.999137104
1770028814532907520.000000 -0.024858214 0.119995125 -0.021769052 0.003865864 0.016591409 -0.035839848 0.999212384
1770028814566264320.000000 -0.020546572 0.116024084 -0.023864906 0.007049850 0.018369503 -0.035712950 0.999168456
1770028814632927744.000000 -0.002364294 0.096665703 -0.029542653 0.011685222 0.021678023 -0.035723802 0.999058306
1770028814699583744.000000 0.009473962 0.087093055 -0.016968250 0.018495517 0.026003968 -0.034211233 0.998905063
1770028814732917248.000000 0.015935265 0.078223310 -0.016052805 0.022074420 0.027881499 -0.033337455 0.998811305
1770028814832910592.000000 0.038339920 0.054127894 -0.019078190 0.032389510 0.036747102 -0.032624081 0.998266697
1770028814866266624.000000 0.049005955 0.039783221 -0.020426294 0.033766124 0.039944779 -0.031054573 0.998148263
1770028814899582464.000000 0.049350571 0.032249335 -0.015468063 0.036464900 0.044160523 -0.031743176 0.997854054
1770028814932926208.000000 0.055429261 0.025886787 -0.012514011 0.038623609 0.048280016 -0.031039314 0.997604072
1770028814966249216.000000 0.064559631 0.020425171 -0.007508051 0.040890634 0.052059717 -0.029856464 0.997359693
1770028814999577856.000000 0.072149053 0.014571943 -0.003641700 0.043343354 0.056262519 -0.028934333 0.997054994
1770028815132924672.000000 0.104632817 -0.038691256 -0.002848031 0.047504485 0.071520075 -0.028409364 0.995902181
1770028815166261504.000000 0.112134174 -0.045487497 -0.001462772 0.048283178 0.074815378 -0.027960947 0.995635271
1770028815199597312.000000 0.118365332 -0.048503399 0.002233507 0.049419291 0.078171477 -0.028003542 0.995320499
1770028815232930048.000000 0.121845335 -0.051887851 0.000885261 0.050041053 0.080866784 -0.028208876 0.995068192
1770028815266357760.000000 0.140117899 -0.081590146 0.001410664 0.047918808 0.081958868 -0.025383875 0.995159388
1770028815299647744.000000 0.149503723 -0.092105106 0.002912198 0.047240138 0.082989544 -0.025046345 0.995114982
1770028815432942080.000000 0.182537556 -0.131046057 0.004751327 0.044068858 0.080792479 -0.025380751 0.995432734
1770028815466257920.000000 0.187478542 -0.136131778 0.006668115 0.039468490 0.078240901 -0.024022656 0.995863199
1770028815499599360.000000 0.194957897 -0.139787689 0.011668909 0.030023525 0.075055137 -0.021511795 0.996495187
1770028815532916736.000000 0.207787648 -0.139629558 0.017911777 0.019741029 0.070905194 -0.016775269 0.997146606
1770028815566252032.000000 0.218031481 -0.133080840 0.024646433 0.011393653 0.067102209 -0.014107196 0.997581363
1770028815599577600.000000 0.225541621 -0.136956602 0.031794261 0.003506484 0.064544238 -0.011882873 0.997837961
1770028815766241536.000000 0.278189451 -0.164972767 0.030878630 -0.021685645 0.051386468 -0.004655592 0.998432577
1770028815799580416.000000 0.286518484 -0.166009441 0.034011453 -0.025066387 0.049329344 -0.002564015 0.998464704
1770028815832915712.000000 0.290471464 -0.166734442 0.037355766 -0.027721252 0.048109554 -0.000974601 0.998456836
1770028815866248448.000000 0.297591090 -0.166368783 0.041310158 -0.030048059 0.046678353 0.000758672 0.998457730
1770028815899578880.000000 0.305169821 -0.168021679 0.047895543 -0.031714529 0.045856193 0.004196479 0.998435676
1770028815932919040.000000 0.312152505 -0.170477018 0.050649617 -0.033034425 0.044776022 0.005638366 0.998434782
1770028816032914944.000000 0.349953234 -0.202661306 0.036580209 -0.038620755 0.037658807 0.008930178 0.998504162
1770028816066242304.000000 0.352748245 -0.204171017 0.037512753 -0.038575273 0.037007246 0.009473354 0.998525321
1770028816099577088.000000 0.355004728 -0.207183078 0.037501074 -0.038490202 0.036781423 0.009793947 0.998533845
1770028816132910592.000000 0.356698573 -0.204537615 0.035909329 -0.037129950 0.035909407 0.009013186 0.998624384
1770028816199588096.000000 0.361310273 -0.208918571 0.033429567 -0.034738481 0.035335984 0.009785008 0.998723626
1770028816232915456.000000 0.372469634 -0.210251734 0.038433503 -0.032365784 0.034117237 0.011208699 0.998830736
1770028816299576320.000000 0.393167436 -0.209146470 0.043248422 -0.026524212 0.032714348 0.012489091 0.999034703
1770028816332908544.000000 0.396416396 -0.212679595 0.044215482 -0.025130717 0.032137614 0.011610853 0.999100029
1770028816366250240.000000 0.398754597 -0.210161135 0.044656835 -0.021929599 0.032312859 0.011137639 0.999175191
1770028816399590912.000000 0.400820225 -0.210913539 0.045040369 -0.019763600 0.032534778 0.010840635 0.999216437
1770028816432910080.000000 0.405410916 -0.212066665 0.044348538 -0.017758446 0.031785727 0.011133121 0.999274969
1770028816466249216.000000 0.410124570 -0.208048806 0.044861294 -0.015818661 0.031538650 0.009848407 0.999328852
1770028816532920064.000000 0.414763480 -0.204260036 0.046633363 -0.012912259 0.031616043 0.009364331 0.999372840
1770028816566262784.000000 0.416122079 -0.202281669 0.045812696 -0.011897341 0.031263180 0.009046656 0.999399483
1770028816632923904.000000 0.421667874 -0.195839614 0.046585321 -0.010565015 0.030096451 0.008835033 0.999452174
1770028816666251776.000000 0.426889509 -0.194748074 0.045286827 -0.009870145 0.029257810 0.009410081 0.999478877
1770028816699577600.000000 0.431367427 -0.193486348 0.045559421 -0.009197487 0.028712949 0.009654172 0.999498785
1770028816732920320.000000 0.433490843 -0.191079199 0.045380928 -0.008027910 0.028920207 0.009272308 0.999506533
1770028816832917248.000000 0.436935484 -0.183524042 0.045633703 -0.004709758 0.030023351 0.008545469 0.999501586
1770028816866238464.000000 0.437358350 -0.172598824 0.047633056 -0.002976296 0.030737219 0.007100904 0.999497831
1770028816899589888.000000 0.445560634 -0.169184223 0.045243412 -0.002018012 0.030296685 0.008402506 0.999503613
1770028816999575296.000000 0.449333102 -0.153378576 0.043437783 0.000287209 0.030658226 0.007121055 0.999504566
1770028817032914432.000000 0.452434927 -0.144393906 0.041867256 0.000937101 0.030259110 0.006359948 0.999521434
1770028817066247424.000000 0.453906864 -0.139226168 0.043264311 0.001176138 0.030709060 0.006552218 0.999506235
1770028817132907520.000000 0.458246827 -0.125934392 0.045456350 0.002087716 0.031014241 0.007013943 0.999492168
1770028817166264832.000000 0.459791064 -0.122137204 0.046356685 0.001901573 0.030946581 0.007190887 0.999493420
1770028817299574784.000000 0.458174616 -0.087963134 0.043893114 0.003591432 0.031782467 0.004909153 0.999476314
1770028817332924672.000000 0.462484449 -0.078450367 0.040712077 0.002996809 0.031322416 0.005834057 0.999487817
1770028817366247168.000000 0.463489532 -0.071971387 0.042225324 0.002825091 0.031232435 0.005372479 0.999493778
1770028817432906752.000000 0.464933783 -0.056737486 0.042227350 0.002518206 0.031056745 0.005105933 0.999501407
1770028817466247680.000000 0.463990986 -0.048130345 0.042382013 0.002265197 0.031433012 0.004908950 0.999491274
1770028817499587072.000000 0.463575840 -0.038042944 0.038391095 0.002601110 0.031381380 0.004999387 0.999491632
1770028817566241536.000000 0.461808950 -0.011488313 0.041291576 0.003579355 0.031881940 0.003851431 0.999477804
1770028817632914176.000000 0.458901733 0.001763210 0.039976552 0.002702673 0.032189980 0.003156637 0.999473155
1770028817666327808.000000 0.460327715 0.002941166 0.040386867 0.001374071 0.032304071 0.004089690 0.999468803
1770028817699588608.000000 0.460319430 0.004133287 0.036302313 0.001087935 0.031971920 0.005414059 0.999473572
1770028817732906240.000000 0.455544502 0.022851853 0.039480716 0.001145881 0.033111103 0.002222398 0.999448538
1770028817766241792.000000 0.455842733 0.026696755 0.037138853 0.001160977 0.032692328 0.003365619 0.999459147
1770028817866260224.000000 0.441574842 0.091807641 0.038236428 0.004299102 0.034125637 0.000047326 0.999408305
1770028817899599104.000000 0.443059951 0.097065531 0.037463542 0.003944538 0.033705290 0.000630926 0.999423862
1770028817932927488.000000 0.441146255 0.099374600 0.036897868 0.002339602 0.033779632 0.001336792 0.999425650
1770028817999574528.000000 0.436670363 0.113962024 0.037843797 0.002135079 0.033988182 0.001015677 0.999419451
1770028818032935168.000000 0.433642566 0.119135194 0.035765719 0.001616497 0.033751637 0.000566606 0.999428868
1770028818066265088.000000 0.426307112 0.142509505 0.038276244 0.003036418 0.034272440 -0.001712301 0.999406457
1770028818166243328.000000 0.421679139 0.155877829 0.037959334 0.001388140 0.033680599 -0.001088892 0.999431133
1770028818199574528.000000 0.417047322 0.161464587 0.036140867 0.001319540 0.033739824 -0.001600576 0.999428570
1770028818232916480.000000 0.412120521 0.173749208 0.035761319 0.001202606 0.034023158 -0.002890208 0.999416173
1770028818299573248.000000 0.407836735 0.177329034 0.033878334 -0.000687212 0.033297751 -0.002782828 0.999441385
1770028818332921856.000000 0.402600288 0.182829633 0.033485629 -0.000894593 0.033583570 -0.002850079 0.999431551
1770028818366249216.000000 0.399437636 0.188910946 0.034028456 -0.000268748 0.033179644 -0.002630140 0.999445975
1770028818432963328.000000 0.389434308 0.203968912 0.034328397 -0.000277690 0.032747194 -0.004279369 0.999454439
1770028818499581440.000000 0.385006249 0.207342774 0.032452893 -0.001180743 0.031780563 -0.004076841 0.999485910
1770028818532917504.000000 0.381836861 0.210152149 0.034010228 -0.001288028 0.031485256 -0.004178697 0.999494672
1770028818599585536.000000 0.375582457 0.211637184 0.030441096 -0.001591743 0.030226119 -0.003906304 0.999534249
1770028818632910592.000000 0.366697043 0.216539472 0.030329976 -0.001591950 0.030745363 -0.004330645 0.999516606
1770028818666247680.000000 0.360040188 0.223704308 0.031537734 -0.000648107 0.030823542 -0.004815379 0.999513030
1770028818732915712.000000 0.353121251 0.226005107 0.032401484 -0.000961189 0.029848387 -0.004892786 0.999541998
1770028818799584512.000000 0.346254021 0.226123542 0.029389357 -0.000580486 0.028647292 -0.003993697 0.999581456
1770028818832919040.000000 0.341133356 0.225811169 0.027024748 0.000046956 0.028648432 -0.003615415 0.999583006
1770028818899573504.000000 0.326879948 0.223889753 0.026017636 0.000221389 0.028355518 -0.005055519 0.999585092
1770028819066249984.000000 0.300428510 0.208999887 0.016133592 0.000852748 0.025646482 -0.004623687 0.999660075
1770028819099592704.000000 0.294983327 0.208787709 0.014928212 0.002056787 0.025173165 -0.004224686 0.999672055
1770028819132916224.000000 0.289247096 0.205796495 0.015469724 0.002668571 0.024528269 -0.004060030 0.999687314
1770028819199585024.000000 0.278480709 0.194411889 0.013388923 0.003555857 0.023838475 -0.004171981 0.999700785
1770028819232932608.000000 0.276157856 0.191090688 0.013442795 0.004135546 0.022982737 -0.004252619 0.999718308
1770028819266280960.000000 0.271607012 0.188661456 0.014127291 0.005142102 0.022696933 -0.004203766 0.999720335
1770028819299607552.000000 0.264496297 0.183681875 0.012580269 0.006029994 0.022193680 -0.004000982 0.999727547
1770028819366274816.000000 0.254761904 0.170530826 0.005012086 0.007400651 0.020475222 -0.002099148 0.999760747
1770028819399617024.000000 0.245366931 0.163956538 0.001876524 0.008188400 0.020772055 -0.002710016 0.999747038
1770028819433006592.000000 0.242172584 0.160536870 -0.000296191 0.009463312 0.019664967 -0.002940573 0.999757528
1770028819466295552.000000 0.235311121 0.155236989 -0.002752061 0.010947553 0.019014744 -0.002802018 0.999755383
1770028819532930304.000000 0.222635195 0.141991705 -0.007230450 0.014586459 0.017104747 -0.002972996 0.999742866
1770028819566272512.000000 0.221031666 0.132780030 -0.009729222 0.016694045 0.015626868 -0.001547514 0.999737382
1770028819632937984.000000 0.206584841 0.118773788 -0.011827530 0.022303736 0.013063233 -0.002995587 0.999661446
1770028819699599616.000000 0.199077129 0.107911214 -0.015289011 0.028488383 0.009300222 -0.003341540 0.999545276
1770028819766320640.000000 0.190648511 0.086570397 -0.024413891 0.035051864 0.005585786 -0.002230261 0.999367416
1770028819799609088.000000 0.185051337 0.078201398 -0.029076159 0.038760576 0.004020856 -0.001488494 0.999239326
1770028819832930304.000000 0.180029899 0.069626346 -0.032108746 0.041930314 0.002321589 -0.000540931 0.999117792
1770028819966289408.000000 0.154405966 0.030029319 -0.013123744 0.052552462 -0.012221185 -0.003592635 0.998536944
1770028820032932352.000000 0.142319500 0.009990485 -0.011071712 0.057662744 -0.020734716 -0.006805815 0.998097599
1770028820066273024.000000 0.137025148 -0.004482404 -0.013720157 0.059363522 -0.025161210 -0.006829631 0.997896016
1770028820099603456.000000 0.126086682 -0.016969578 -0.014078804 0.061214719 -0.028610334 -0.008701668 0.997676551
1770028820132931584.000000 0.120391041 -0.023615856 -0.006724028 0.063501425 -0.032978535 -0.009767508 0.997388959
1770028820232935936.000000 0.103957564 -0.069015279 -0.000807838 0.064167574 -0.044557452 -0.001780010 0.996942341
1770028820266263552.000000 0.096222579 -0.076771617 0.004472428 0.065326631 -0.047755625 -0.002722488 0.996716857
1770028820299605248.000000 0.083286218 -0.086054452 0.010775941 0.066283926 -0.049998093 -0.004579734 0.996536911
1770028820366265856.000000 0.068171427 -0.114419580 0.002504309 0.065128393 -0.053092003 -0.001672238 0.996462166
1770028820399608832.000000 0.061384980 -0.124650054 0.007713174 0.064325459 -0.053894937 -0.001487770 0.996471524
1770028820432933632.000000 0.054402426 -0.132477880 0.012453550 0.063966364 -0.053732906 -0.000656055 0.996504247
1770028820532954112.000000 0.034481924 -0.169017181 0.011942841 0.058625281 -0.047743797 0.002839320 0.997133732
1770028820566264064.000000 0.027335668 -0.169669598 0.009434290 0.051163677 -0.044789050 0.002837719 0.997681439
1770028820599599872.000000 0.023121132 -0.174213871 0.016891547 0.040129974 -0.042869855 0.004369698 0.998264790
1770028820632937984.000000 0.014130971 -0.161592126 0.044748612 0.030993398 -0.040996075 0.001411717 0.998677552
1770028820699610112.000000 0.000531988 -0.176830426 0.050560951 0.014560581 -0.037014283 0.004355964 0.999199152
1770028820732945152.000000 -0.007972540 -0.188756406 0.023915071 0.008339102 -0.034633059 0.005320677 0.999351144
1770028820832953088.000000 -0.034853153 -0.207855955 0.015261322 -0.005083943 -0.028837278 0.003413412 0.999565363
1770028820866271488.000000 -0.042260885 -0.216484234 0.004117355 -0.008846915 -0.027139515 0.003018292 0.999587953
1770028820899602432.000000 -0.047879726 -0.211242303 0.024528610 -0.011189098 -0.026029753 0.003234804 0.999593318
1770028820932932608.000000 -0.056437958 -0.211844072 0.031027403 -0.013711879 -0.024598749 0.002584924 0.999600053
1770028820999618816.000000 -0.072158858 -0.217347726 0.043305997 -0.017500298 -0.021859894 0.001463257 0.999606848
1770028821032931584.000000 -0.079735212 -0.222669795 0.041843351 -0.019000132 -0.020676311 0.000680616 0.999605477
1770028821166264320.000000 -0.105066262 -0.251914769 0.025889684 -0.021212447 -0.016573846 0.000583147 0.999637485
1770028821199605760.000000 -0.113187879 -0.256355792 0.028229406 -0.020440450 -0.015290622 -0.000128304 0.999674141
1770028821232935936.000000 -0.119161688 -0.260754436 0.025906330 -0.019445324 -0.014531665 0.000150616 0.999705374
1770028821266262016.000000 -0.126217499 -0.266296715 0.025021227 -0.018317014 -0.013306331 0.001581055 0.999742508
1770028821299610624.000000 -0.132829413 -0.270710617 0.022543125 -0.016701324 -0.012573617 0.001436183 0.999780476
1770028821332929792.000000 -0.138965562 -0.276978403 0.015226104 -0.015188708 -0.011672718 0.001349119 0.999815583
1770028821432932352.000000 -0.157004833 -0.280003577 0.017528430 -0.011041824 -0.009449024 0.001296117 0.999893606
1770028821466268160.000000 -0.161767274 -0.280084223 0.016618887 -0.010034926 -0.008889809 0.001337733 0.999909282
1770028821499594752.000000 -0.164970815 -0.280752122 0.014674561 -0.009547764 -0.008467014 0.001472522 0.999917507
1770028821532931328.000000 -0.168812707 -0.279776603 0.013103161 -0.009494445 -0.007770890 0.001996960 0.999922752
1770028821566263040.000000 -0.174698830 -0.274241328 0.013478081 -0.008899061 -0.006746570 0.001455782 0.999936581
1770028821599597312.000000 -0.181031421 -0.274907202 0.008959644 -0.008752213 -0.005578345 0.001329220 0.999945283
1770028821699595264.000000 -0.194660768 -0.268220097 0.006154404 -0.006094213 -0.004572711 0.001693241 0.999969602
1770028821766271232.000000 -0.203298852 -0.258394748 0.005003593 -0.003798126 -0.004080115 0.001242130 0.999983728
1770028821799599872.000000 -0.206127867 -0.252505749 0.005518547 -0.002761445 -0.003747495 0.001559410 0.999988019
1770028821832930816.000000 -0.209054857 -0.248109296 0.003408010 -0.002082928 -0.003839318 0.001735723 0.999988973
1770028821866297600.000000 -0.210936040 -0.241545558 0.006955069 -0.001429544 -0.003801953 0.002207526 0.999989331
1770028821899600640.000000 -0.216115326 -0.232612982 0.006999209 -0.000534010 -0.003419183 0.001781312 0.999992490
1770028821966284800.000000 -0.223317668 -0.216486514 0.001237437 0.000476782 -0.003192219 0.001175566 0.999994159
1770028822066283264.000000 -0.231578574 -0.190012679 -0.004718746 0.002153136 -0.002928585 -0.000165188 0.999993443
1770028822099611648.000000 -0.232055917 -0.184728399 -0.003646424 0.001710113 -0.003100710 0.000311497 0.999993682
1770028822132947456.000000 -0.233244658 -0.175177142 -0.002780331 0.001943916 -0.003136695 0.000521012 0.999993086
1770028822166280960.000000 -0.236995995 -0.165441066 -0.008089283 0.001894105 -0.002741815 0.000800853 0.999994159
1770028822199606016.000000 -0.240286365 -0.155283064 -0.011048984 0.002087577 -0.002696577 0.000145491 0.999994218
1770028822232952832.000000 -0.242579386 -0.144763350 -0.011791185 0.002258309 -0.002346175 -0.000133743 0.999994695
1770028822366264576.000000 -0.247398764 -0.103002116 -0.013291325 0.002445581 -0.002210147 -0.000215261 0.999994576
1770028822399607296.000000 -0.247076020 -0.093232498 -0.015826805 0.002314008 -0.002532120 -0.000541766 0.999994040
1770028822432953344.000000 -0.248339117 -0.081385300 -0.014786479 0.002226704 -0.002326158 -0.000395114 0.999994755
1770028822466275584.000000 -0.247592807 -0.071510032 -0.013059361 0.001779018 -0.002269567 -0.000029659 0.999995887
1770028822499598848.000000 -0.248149738 -0.062155176 -0.016448684 0.001475734 -0.002154995 -0.000218545 0.999996603
1770028822532947968.000000 -0.247148499 -0.047738981 -0.012677815 0.001687581 -0.002106130 0.000538054 0.999996245
1770028822666275072.000000 -0.249230430 -0.005754309 -0.010368067 0.000369109 -0.001954777 -0.000709198 0.999997795
1770028822699611392.000000 -0.247658804 -0.001003763 -0.009695199 -0.000984334 -0.002258618 -0.000279222 0.999996960
1770028822732933632.000000 -0.244058415 0.007081910 -0.010048091 -0.001605159 -0.002662923 0.001090198 0.999994576
1770028822766295296.000000 -0.243101463 0.019613897 -0.010333832 -0.001798113 -0.002492005 0.000924264 0.999994874
1770028822799603712.000000 -0.244692400 0.032355443 -0.011144622 -0.001577654 -0.002300306 -0.000045214 0.999996185
1770028822832946432.000000 -0.243784621 0.041727111 -0.010706842 -0.002215530 -0.002159751 0.000068669 0.999995232
1770028822999607296.000000 -0.231652766 0.093487166 -0.016177230 -0.002802155 -0.001473439 0.000281366 0.999994993
1770028823032939008.000000 -0.232228175 0.099632464 -0.018247439 -0.003275314 -0.000832685 -0.000625878 0.999994159
1770028823066261760.000000 -0.229473263 0.105079405 -0.019736830 -0.004213479 -0.000775170 -0.000029455 0.999990880
1770028823099622656.000000 -0.225710094 0.114162445 -0.016355751 -0.004634921 -0.000947670 -0.000700750 0.999988556
1770028823132929024.000000 -0.221955925 0.124781892 -0.013456520 -0.004634280 -0.000935556 -0.000865411 0.999988437
1770028823166269696.000000 -0.214996234 0.129327953 -0.009001188 -0.005678615 -0.001419988 -0.000352301 0.999982834
1770028823266259712.000000 -0.211997464 0.149976343 -0.014878348 -0.007170846 0.000363358 -0.013141733 0.999887943
1770028823299603456.000000 -0.211415648 0.157935768 -0.013020440 -0.007953821 0.000597514 -0.021774324 0.999731183
1770028823332932608.000000 -0.210398093 0.162506863 -0.015679348 -0.008721873 0.001032461 -0.030388884 0.999499619
1770028823366263040.000000 -0.211969063 0.170988619 -0.018957516 -0.008549193 0.002053758 -0.039544679 0.999179125
1770028823399608320.000000 -0.210125908 0.175073326 -0.017740348 -0.009555679 0.002333721 -0.046357531 0.998876572
1770028823432929280.000000 -0.208616421 0.180033267 -0.018602163 -0.010267512 0.002537419 -0.053193815 0.998528242
1770028823532934400.000000 -0.199836016 0.189421102 -0.020125024 -0.011777614 0.003692666 -0.068195328 0.997595668
1770028823566270208.000000 -0.197051838 0.191139132 -0.020360354 -0.012498312 0.003975098 -0.072170071 0.997306108
1770028823599605248.000000 -0.193749547 0.193934754 -0.024157876 -0.012489262 0.004431783 -0.075735897 0.997039914
1770028823632934912.000000 -0.189838588 0.198871970 -0.020830313 -0.012450831 0.004752226 -0.078752562 0.996805131
1770028823666313472.000000 -0.186363250 0.198229432 -0.023782747 -0.013276735 0.005174609 -0.080227010 0.996674836
1770028823699597824.000000 -0.182413474 0.198653802 -0.025825279 -0.013504868 0.005728800 -0.081680521 0.996550560
1770028823766273792.000000 -0.173771843 0.195974186 -0.032579396 -0.013535213 0.006665538 -0.081202269 0.996583462
1770028823832949760.000000 -0.158462599 0.195133537 -0.033658810 -0.012512848 0.007044273 -0.077914417 0.996856689
1770028823866298624.000000 -0.149839699 0.193331316 -0.032845046 -0.011881611 0.007220970 -0.074083216 0.997155130
1770028823899635200.000000 -0.141942784 0.196956754 -0.012956525 -0.010969794 0.007422999 -0.070234112 0.997442663
1770028823932946176.000000 -0.135351136 0.194304466 -0.018670930 -0.010414295 0.007779531 -0.066819198 0.997680485
1770028823966297600.000000 -0.130326957 0.191610143 -0.027454564 -0.009749819 0.008679983 -0.064229138 0.997849822
1770028824032961792.000000 -0.113487162 0.181015193 -0.031387340 -0.009014264 0.008914584 -0.057907265 0.998241544
1770028824099619840.000000 -0.091399617 0.172206342 -0.008153902 -0.008151949 0.009054424 -0.051975250 0.998574138
1770028824132987904.000000 -0.083892234 0.169206992 -0.008547542 -0.007018968 0.009452701 -0.049933266 0.998683214
1770028824199606784.000000 -0.076326147 0.164254844 -0.017250065 -0.004075489 0.011243848 -0.046385564 0.998852015
1770028824232951552.000000 -0.070207343 0.155926853 -0.021441080 -0.003858168 0.012199668 -0.043947577 0.998951912
1770028824266271488.000000 -0.061643399 0.154917374 -0.018101882 -0.002342725 0.012392640 -0.041729555 0.999049366
1770028824332960768.000000 -0.046019781 0.138222873 -0.025519624 -0.001107577 0.013545538 -0.037638836 0.999199033
1770028824399614720.000000 -0.030861471 0.127954572 -0.017864211 0.002425262 0.015217997 -0.036431670 0.999217331
1770028824432937216.000000 -0.025366591 0.121057510 -0.022001136 0.004675920 0.016777499 -0.036446344 0.999183893
1770028824499630592.000000 -0.010319564 0.107783452 -0.021864237 0.009676997 0.019890647 -0.036011387 0.999106586
1770028824532926208.000000 -0.002984066 0.099281460 -0.016788322 0.012029318 0.022001287 -0.034550596 0.999088347
1770028824632929536.000000 0.013465311 0.074695684 -0.020927742 0.022500018 0.028619131 -0.034181386 0.998752415
1770028824699594240.000000 0.028106442 0.053580560 -0.031186592 0.029516682 0.033211775 -0.034420345 0.998419225
1770028824732932352.000000 0.036369100 0.046042625 -0.017380167 0.032213241 0.036654767 -0.033183891 0.998257279
1770028824799609600.000000 0.050825257 0.036123537 -0.012553284 0.037566401 0.044095304 -0.032313026 0.997797728
1770028824832942848.000000 0.055683646 0.031034229 -0.007728187 0.039879866 0.048482377 -0.032283913 0.997505367
1770028824866260480.000000 0.063642301 0.018263441 -0.010517971 0.040970556 0.052337915 -0.031220309 0.997300148
1770028824899607040.000000 0.071836896 0.003996492 -0.010316878 0.042900190 0.056274343 -0.030441504 0.997028708
1770028824999601152.000000 0.094362110 -0.024984673 -0.001143030 0.046925314 0.068104520 -0.028676968 0.996161342
1770028825032943360.000000 0.101847500 -0.041677572 0.003961256 0.047091592 0.071557246 -0.029214665 0.995895863
1770028825066268672.000000 0.112242475 -0.052743807 0.004529008 0.047766771 0.074763656 -0.028360369 0.995652795
1770028825099601408.000000 0.120318390 -0.062902197 0.008700463 0.047998369 0.077834569 -0.027889641 0.995419621
1770028825166270208.000000 0.141340479 -0.085043646 0.000365397 0.047354653 0.082134284 -0.025620662 0.995165884
1770028825199606272.000000 0.149586156 -0.093731388 0.003817451 0.046975542 0.083350003 -0.025380516 0.995088935
1770028825332932352.000000 0.183248982 -0.129115745 0.008309323 0.044350747 0.080710106 -0.025594581 0.995421469
1770028825366259200.000000 0.187427312 -0.135002851 0.004055914 0.039669160 0.077973649 -0.024010194 0.995876491
1770028825399599872.000000 0.195474133 -0.134225324 0.008541673 0.029821305 0.074460119 -0.022318278 0.996528149
1770028825432932864.000000 0.202099472 -0.137341902 0.012586723 0.018695885 0.071111657 -0.018350841 0.997124314
1770028825466262528.000000 0.216699511 -0.137183338 0.023591585 0.009247256 0.067113198 -0.016184339 0.997571230
1770028825499610624.000000 0.226017103 -0.139480025 0.021038309 0.002053108 0.064281397 -0.014186943 0.997828901
1770028825599601152.000000 0.257819444 -0.152385652 0.026894867 -0.013575719 0.056053203 -0.006848993 0.998311996
1770028825632933120.000000 0.265969574 -0.156270877 0.030150596 -0.018007569 0.054018740 -0.005249870 0.998363793
1770028825666262272.000000 0.278283089 -0.162205294 0.031831160 -0.022079160 0.051126245 -0.003110345 0.998443246
1770028825699608064.000000 0.285082400 -0.162312314 0.032820042 -0.025087440 0.049711142 -0.001069704 0.998448014
1770028825732946688.000000 0.292120963 -0.166028723 0.037712432 -0.027968545 0.047883287 0.000262050 0.998461306
1770028825766262784.000000 0.303115875 -0.171100080 0.035532556 -0.030816836 0.045806628 0.001944646 0.998473048
1770028825899595264.000000 0.338994473 -0.187018171 0.037813395 -0.036343630 0.039154846 0.008025184 0.998539805
1770028825933000192.000000 0.349387050 -0.194205195 0.037282128 -0.037344228 0.037596315 0.009958253 0.998545408
1770028825966279424.000000 0.355681628 -0.197855771 0.040874563 -0.037422772 0.036545061 0.009764357 0.998583317
1770028825999652864.000000 0.359618634 -0.199407697 0.041039005 -0.036402132 0.036092497 0.010615862 0.998628855
1770028826032943872.000000 0.361730486 -0.201908633 0.039495349 -0.035303704 0.035797205 0.011466715 0.998669505
1770028826066292224.000000 0.374709398 -0.204519138 0.039075490 -0.033952639 0.033875119 0.012477468 0.998771310
1770028826199596288.000000 0.393488199 -0.210879683 0.042335406 -0.026606500 0.032381535 0.012957308 0.999037385
1770028826232924928.000000 0.395529926 -0.208399728 0.044353005 -0.024021260 0.032310657 0.011832767 0.999119103
1770028826266268160.000000 0.401702404 -0.213422909 0.043322403 -0.022543725 0.031717677 0.011524104 0.999176204
1770028826299598336.000000 0.401317835 -0.210012570 0.042634930 -0.019584365 0.032277502 0.010614042 0.999230683
1770028826332932352.000000 0.407401055 -0.210757509 0.043665469 -0.017779030 0.031654563 0.010390291 0.999286771
1770028826366260736.000000 0.409994513 -0.208781764 0.043451279 -0.015458007 0.031455193 0.010577488 0.999329627
1770028826499595520.000000 0.421736509 -0.200524911 0.044575214 -0.011156647 0.030341247 0.009590200 0.999431372
1770028826533002496.000000 0.422796339 -0.194991827 0.045864169 -0.010410439 0.030259173 0.009003654 0.999447346
1770028826566267136.000000 0.426653028 -0.193529859 0.046185467 -0.009849625 0.029459348 0.009264089 0.999474525
1770028826599601920.000000 0.428079426 -0.191092387 0.046626925 -0.009058227 0.029543150 0.009102010 0.999481022
1770028826632941056.000000 0.432800353 -0.189591318 0.046046998 -0.007724330 0.029358486 0.009511372 0.999493897
1770028826666275072.000000 0.434683174 -0.183260426 0.047354195 -0.006033703 0.029868037 0.008922491 0.999495864
1770028826832984320.000000 0.448094934 -0.162616134 0.044603113 -0.000965870 0.030354572 0.007979196 0.999506950
1770028826866318080.000000 0.450322360 -0.157336354 0.044789989 -0.000399276 0.030439027 0.007920959 0.999505222
1770028826932996096.000000 0.453821748 -0.145911559 0.044605915 0.001151976 0.030743927 0.007915325 0.999495327
1770028826966338816.000000 0.454812109 -0.136543766 0.043270011 0.001595239 0.030775979 0.007079696 0.999499977
1770028826999670272.000000 0.456079751 -0.132771790 0.041632935 0.001623507 0.030947890 0.007059825 0.999494791
1770028827132985600.000000 0.460455745 -0.100081503 0.041545279 0.002738116 0.031059742 0.006291140 0.999494076
1770028827166316544.000000 0.461928844 -0.090527810 0.041116972 0.003055660 0.030724846 0.005892334 0.999505877
1770028827199657216.000000 0.464020044 -0.086268902 0.041141782 0.003165164 0.030764226 0.006428364 0.999501050
1770028827232999424.000000 0.461724043 -0.075910389 0.039994817 0.003099420 0.031456776 0.005761038 0.999483764
1770028827266330624.000000 0.462720037 -0.069374971 0.042551495 0.002835247 0.031580478 0.005421918 0.999482572
1770028827299656704.000000 0.463664830 -0.060319811 0.039128892 0.003170639 0.031261921 0.005344154 0.999491930
1770028827399640832.000000 0.464619994 -0.032500129 0.040976819 0.003109133 0.031448826 0.004463308 0.999490619
1770028827432978176.000000 0.462413162 -0.019255674 0.040679626 0.003459411 0.031699076 0.003726538 0.999484539
1770028827499643136.000000 0.457585037 0.002360420 0.042525265 0.003720643 0.032644019 0.003004200 0.999455690
1770028827532979968.000000 0.457221240 0.012431507 0.042246398 0.003695932 0.032532468 0.002702797 0.999460220
1770028827566310144.000000 0.456305563 0.022981590 0.041371226 0.003872038 0.032672852 0.002714155 0.999454975
1770028827666317568.000000 0.452065110 0.055041783 0.038701463 0.003615966 0.033086866 0.001045396 0.999445438
1770028827699652864.000000 0.448390394 0.072115958 0.038956825 0.004281459 0.033441961 0.000974178 0.999431074
1770028827732982272.000000 0.444938272 0.081758797 0.039215565 0.004308959 0.033779964 0.000160330 0.999420047
1770028827766312960.000000 0.441974729 0.092587262 0.039843347 0.003825140 0.033800974 -0.000370459 0.999421239
1770028827799653888.000000 0.440034181 0.101870701 0.038417116 0.004155727 0.034086388 0.000065095 0.999410272
1770028827832982784.000000 0.438452423 0.111309849 0.037836596 0.004066049 0.033987131 0.000005354 0.999414027
1770028827966310656.000000 0.426468194 0.141431153 0.038275361 0.002550990 0.034559883 -0.002147744 0.999397099
1770028827999648256.000000 0.423548907 0.150195360 0.038651720 0.002660087 0.034622703 -0.002476235 0.999393880
1770028828032991744.000000 0.421501637 0.154240012 0.036982615 0.001587539 0.034291685 -0.002025772 0.999408603
1770028828066318080.000000 0.418374419 0.160597757 0.038035799 0.001158181 0.033936840 -0.002260557 0.999420762
1770028828099642624.000000 0.415870756 0.169221565 0.036137972 0.001383832 0.033768784 -0.002682446 0.999425113
1770028828133004032.000000 0.412487179 0.175235003 0.037687827 0.001044847 0.033975683 -0.002854065 0.999418020
1770028828232985856.000000 0.401468426 0.192853779 0.034364484 0.000552226 0.033263799 -0.003487892 0.999440432
1770028828266334464.000000 0.396663517 0.198397189 0.036180738 0.000408741 0.033256918 -0.004184591 0.999437988
1770028828299665408.000000 0.392862618 0.202008918 0.035804134 0.000025689 0.033117507 -0.004116893 0.999442995
1770028828332992000.000000 0.390274137 0.206734151 0.034565836 0.000225581 0.032647982 -0.003943149 0.999459088
1770028828366336256.000000 0.386455655 0.211984843 0.035250749 0.000152630 0.032599542 -0.004445901 0.999458611
1770028828399641856.000000 0.382940680 0.213447273 0.034232263 -0.000255910 0.032200493 -0.004443018 0.999471545
1770028828532990208.000000 0.364019513 0.226229593 0.033180352 0.000067412 0.031335399 -0.005162357 0.999495625
1770028828566311680.000000 0.359264046 0.224964574 0.032004647 -0.000514362 0.031105464 -0.004953524 0.999503732
1770028828599670528.000000 0.355415523 0.227656543 0.032653339 -0.000308672 0.030531334 -0.004808313 0.999522209
1770028828632980480.000000 0.350300491 0.229356095 0.032846726 -0.000433282 0.030104423 -0.004983196 0.999534249
1770028828666338560.000000 0.346079707 0.227626830 0.030468421 -0.000524200 0.029523699 -0.004792078 0.999552488
1770028828699664384.000000 0.341051072 0.227471963 0.028645227 -0.000675982 0.029199900 -0.004979161 0.999561012
1770028828832987648.000000 0.322141200 0.221151128 0.024703443 0.000216896 0.027767824 -0.005220841 0.999600768
1770028828866328832.000000 0.317426234 0.219585299 0.022871301 0.000686970 0.027269270 -0.004730104 0.999616742
1770028828933001728.000000 0.307457387 0.214941204 0.017846454 0.001340332 0.026029877 -0.004923353 0.999648213
1770028828966326016.000000 0.300115973 0.212186247 0.018936049 0.001814954 0.025779106 -0.004923591 0.999653876
1770028828999669504.000000 0.296907753 0.207058772 0.013088210 0.002131125 0.024807572 -0.004388111 0.999680340
1770028829132990720.000000 0.273326665 0.189060405 0.010951747 0.004180622 0.023317741 -0.003794797 0.999712229
1770028829166310912.000000 0.267186910 0.185479715 0.010457473 0.005120089 0.022965167 -0.003646669 0.999716520
1770028829199642368.000000 0.262375712 0.179858968 0.008875270 0.005835580 0.022224136 -0.003340902 0.999730408
1770028829232982272.000000 0.255656511 0.174059570 0.007911231 0.006686370 0.021933919 -0.003157517 0.999732137
1770028829266323200.000000 0.252231270 0.169215605 0.003947155 0.007826886 0.020891806 -0.002361449 0.999748349
1770028829299647744.000000 0.245074958 0.164319262 0.001393019 0.008417281 0.020831583 -0.002730170 0.999743879
1770028829432989696.000000 0.220924214 0.139529750 -0.008736851 0.014782794 0.017266762 -0.002913443 0.999737442
1770028829466410752.000000 0.217872947 0.132724330 -0.011345925 0.016832551 0.015582868 -0.002529526 0.999733746
1770028829499647744.000000 0.208838522 0.126832426 -0.010188662 0.020093434 0.015002344 -0.003059136 0.999680877
1770028829532984832.000000 0.205773860 0.121235378 -0.011574886 0.022977408 0.012897750 -0.003476175 0.999646783
1770028829566317568.000000 0.200130373 0.109751202 -0.013659168 0.025023930 0.011310223 -0.003187665 0.999617815
1770028829599668480.000000 0.193084821 0.105380632 -0.010877902 0.028815286 0.009828320 -0.004115413 0.999527931
1770028829732993024.000000 0.173604250 0.071701422 -0.014631439 0.043246321 0.002479573 -0.004400066 0.999051750
1770028829766348288.000000 0.167571530 0.061856259 -0.004885887 0.045885999 -0.000843640 -0.005044960 0.998933613
1770028829799639296.000000 0.164591834 0.056345828 -0.005938298 0.049430981 -0.005053276 -0.005246107 0.998751044
1770028829833029120.000000 0.158749446 0.043473840 -0.010654618 0.051296037 -0.008549215 -0.005587656 0.998631358
1770028829866307840.000000 0.155733258 0.027742971 -0.018434040 0.052970849 -0.012778311 -0.003149387 0.998509407
1770028829899643648.000000 0.149964705 0.014773448 -0.020242849 0.054188285 -0.016349707 -0.002381258 0.998394072
1770028829999651584.000000 0.127148420 -0.019597437 -0.017646834 0.060635705 -0.028448520 -0.005793267 0.997737646
1770028830032974848.000000 0.121734314 -0.023996117 -0.015520523 0.063639134 -0.032664403 -0.007137211 0.997412741
1770028830066313984.000000 0.109159350 -0.036068220 -0.010901870 0.064688534 -0.036174919 -0.010295517 0.997196496
1770028830132972288.000000 0.092917524 -0.064633623 -0.011065235 0.066241182 -0.043043774 -0.009200300 0.996832371
1770028830166331392.000000 0.089561492 -0.078809910 -0.011989172 0.066054419 -0.046693422 -0.004543743 0.996712565
1770028830199641344.000000 0.082639307 -0.092120141 -0.010917360 0.065865844 -0.049179491 -0.002882309 0.996611655
1770028830266311936.000000 0.062575854 -0.117328323 -0.012049542 0.065422796 -0.052380502 -0.004174760 0.996473134
1770028830332971520.000000 0.045077901 -0.138643548 -0.001384305 0.063714609 -0.052652657 -0.003463062 0.996572196
1770028830366313728.000000 0.038274005 -0.145713910 -0.000808193 0.062917843 -0.051403243 -0.001992206 0.996692061
1770028830399639040.000000 0.030594829 -0.159794644 -0.001117026 0.061082855 -0.048899494 -0.001564618 0.996932983
1770028830432975616.000000 0.027479220 -0.175845623 -0.024147766 0.058359489 -0.046044771 0.001111464 0.997232616
1770028830466364672.000000 0.024810806 -0.179568499 -0.020648396 0.050045088 -0.043983325 0.002591783 0.997774720
1770028830532973568.000000 0.009640335 -0.177273571 0.002800028 0.029622545 -0.039728414 0.002066733 0.998769224
1770028830632991488.000000 -0.016510447 -0.195165962 -0.007857356 0.007353208 -0.032407980 0.001299068 0.999446869
1770028830666313728.000000 -0.024545282 -0.199178472 0.003380077 0.002595513 -0.030876825 0.001668833 0.999518514
1770028830699714048.000000 -0.025612602 -0.203286096 0.013764948 -0.001388143 -0.030132739 0.004060068 0.999536693
1770028830732994048.000000 -0.034085628 -0.204050407 0.020320449 -0.004925966 -0.028929744 0.002864371 0.999565244
1770028830766306048.000000 -0.042881254 -0.204397321 0.026432803 -0.008054439 -0.027229717 0.002111272 0.999594510
1770028830799660800.000000 -0.051105920 -0.205006927 0.031747237 -0.010686009 -0.026027815 0.001431125 0.999603093
1770028830932985344.000000 -0.082666747 -0.233012050 0.026227754 -0.019668447 -0.020250022 0.000715236 0.999601245
1770028830999656960.000000 -0.095098943 -0.242607981 0.031497456 -0.021557890 -0.018082716 0.000445405 0.999603987
1770028831032978432.000000 -0.103197098 -0.246313125 0.028448582 -0.021204544 -0.016845373 0.000255779 0.999633193
1770028831066325504.000000 -0.108986273 -0.252553552 0.027337756 -0.021252256 -0.016013600 0.000595338 0.999645770
1770028831099639296.000000 -0.116890892 -0.257194817 0.027743777 -0.020416867 -0.014741705 0.000294745 0.999682844
1770028831232980480.000000 -0.138602734 -0.275352746 0.019579168 -0.014932032 -0.011588545 0.001623339 0.999820054
1770028831299659264.000000 -0.148743078 -0.277878940 0.023935877 -0.012039412 -0.010639163 0.002296709 0.999868333
1770028831332985856.000000 -0.156061873 -0.280023843 0.017577320 -0.010936131 -0.009644045 0.001963354 0.999891818
1770028831366322176.000000 -0.162142992 -0.281350642 0.011690230 -0.009691851 -0.008660888 0.001478694 0.999914467
1770028831399654656.000000 -0.166029707 -0.280720860 0.014677585 -0.009502700 -0.008111914 0.001966701 0.999920011
1770028831533011968.000000 -0.187018678 -0.270237863 0.010502834 -0.007279052 -0.005252557 0.001208023 0.999958992
1770028831566312960.000000 -0.189713463 -0.267194062 0.010406486 -0.006150451 -0.005028924 0.001113804 0.999967873
1770028831599648768.000000 -0.193714738 -0.264160126 0.007572684 -0.005436210 -0.004816700 0.001691443 0.999972224
1770028831632977920.000000 -0.196615741 -0.260092854 0.006773979 -0.004179185 -0.004714591 0.001992068 0.999978244
1770028831666317824.000000 -0.199201256 -0.257080048 0.006664889 -0.003310581 -0.004368279 0.002222994 0.999982595
1770028831699663872.000000 -0.202638835 -0.252538115 0.002253386 -0.002463487 -0.004264466 0.001615433 0.999986589
1770028831799714560.000000 -0.214670628 -0.237774327 -0.006909598 -0.000750397 -0.003829671 0.000656082 0.999992251
1770028831833005056.000000 -0.218702793 -0.228490651 -0.009041314 -0.000079931 -0.004049322 0.000476883 0.999991715
1770028831866325248.000000 -0.223719537 -0.215016887 -0.003170887 0.000637212 -0.003147386 0.000134711 0.999994874
1770028831899665408.000000 -0.225739688 -0.208569214 -0.003148492 0.000971513 -0.002932396 0.000032748 0.999995232
1770028831933009408.000000 -0.228134349 -0.202178910 -0.003422233 0.001200920 -0.002969023 0.000179334 0.999994934
1770028831966320640.000000 -0.230752945 -0.194271803 -0.002655393 0.001182038 -0.002927897 0.000415111 0.999994934
1770028832099643648.000000 -0.240965828 -0.153888196 -0.005632597 0.002264056 -0.002408284 -0.000527279 0.999994457
1770028832132989696.000000 -0.241170779 -0.146079004 -0.005957710 0.002161595 -0.002322468 -0.000226154 0.999994993
1770028832166305536.000000 -0.243921429 -0.138899952 -0.007432706 0.001878432 -0.001962621 -0.000466527 0.999996245
1770028832199637760.000000 -0.245745465 -0.125071749 -0.009486826 0.002177458 -0.001811314 -0.000836524 0.999995708
1770028832232989696.000000 -0.248045549 -0.113762341 -0.011618088 0.002182048 -0.001842798 -0.000963280 0.999995470
1770028832266323456.000000 -0.250054032 -0.102698453 -0.010232529 0.002291506 -0.001811946 -0.000758433 0.999995530
1770028832366329088.000000 -0.251483262 -0.067741528 -0.011285510 0.001919811 -0.001898428 -0.001465563 0.999995291
1770028832399640320.000000 -0.251662284 -0.056026578 -0.011047545 0.002008040 -0.001568605 -0.001111151 0.999996185
1770028832432982272.000000 -0.250613511 -0.051497228 -0.011358147 0.000803618 -0.001729743 -0.000518876 0.999998093
1770028832466323712.000000 -0.249045074 -0.043169305 -0.012501030 0.000338303 -0.001901872 -0.000167282 0.999998152
1770028832499644672.000000 -0.250050753 -0.030518228 -0.012673488 0.000202593 -0.001729313 0.000061982 0.999998569
1770028832532977408.000000 -0.246951804 -0.016520690 -0.011944384 0.000375896 -0.002366288 0.000223391 0.999997139
1770028832632971264.000000 -0.244888023 0.013668872 -0.013348704 -0.000550966 -0.002494674 0.000571035 0.999996603
1770028832699648512.000000 -0.245041758 0.035690647 -0.016754251 -0.000909933 -0.002076215 -0.000682340 0.999997258
1770028832732981248.000000 -0.242079288 0.047801480 -0.013415449 -0.001122776 -0.002239037 -0.000378518 0.999996841
1770028832766312960.000000 -0.241758734 0.056663357 -0.013671740 -0.001599375 -0.001920227 -0.000814878 0.999996603
1770028832799641856.000000 -0.239548236 0.067501254 -0.013135480 -0.001755124 -0.001880715 -0.001052868 0.999996185
1770028832832998912.000000 -0.238095924 0.073063061 -0.016129475 -0.002768146 -0.001644833 -0.000704053 0.999994576
1770028832932977664.000000 -0.231262892 0.100111470 -0.018300856 -0.003375699 -0.000942021 -0.000650121 0.999993682
1770028832966305280.000000 -0.228585631 0.107548416 -0.017788844 -0.004058059 -0.000778109 -0.000204343 0.999991477
1770028832999644160.000000 -0.226469085 0.115827903 -0.016991133 -0.004523605 -0.000680368 -0.000767141 0.999989271
1770028833066313728.000000 -0.218165740 0.131733596 -0.014288951 -0.004994197 -0.000851332 -0.000925043 0.999986768
1770028833099639040.000000 -0.215713039 0.137342483 -0.014929622 -0.005381051 -0.000225805 -0.001005534 0.999984980
1770028833132978176.000000 -0.212240934 0.145706728 -0.014203815 -0.005663863 0.000171765 -0.004590040 0.999973476
1770028833199638528.000000 -0.211790383 0.161645740 -0.012755239 -0.007522887 0.000759919 -0.023109460 0.999704421
1770028833266302208.000000 -0.208133936 0.171240211 -0.014043755 -0.009096054 0.001593912 -0.038231138 0.999226272
1770028833299635200.000000 -0.206014350 0.174822897 -0.013061754 -0.010512042 0.001899837 -0.045338959 0.998914599
1770028833366307840.000000 -0.203063339 0.185717583 -0.014499734 -0.011301734 0.002718086 -0.058275428 0.998232961
1770028833399640320.000000 -0.201053068 0.191516757 -0.012764496 -0.011231982 0.003438735 -0.064201862 0.997867823
1770028833432975104.000000 -0.197465792 0.193249479 -0.017294222 -0.011725822 0.003578858 -0.068803877 0.997554898
1770028833499637248.000000 -0.192650765 0.195334658 -0.020174151 -0.012727436 0.004277292 -0.076176696 0.997003973
1770028833599635456.000000 -0.181250960 0.199527845 -0.021485956 -0.013692829 0.005638115 -0.081437893 0.996568441
1770028833632973568.000000 -0.174479768 0.201374695 -0.018072283 -0.013493464 0.005867095 -0.081566781 0.996559262
1770028833666302208.000000 -0.170445040 0.200710610 -0.024674054 -0.012974291 0.006393036 -0.080920041 0.996615708
1770028833699642112.000000 -0.162852466 0.202160731 -0.017469535 -0.012441781 0.006608277 -0.079662189 0.996722400
1770028833732984064.000000 -0.157316729 0.203071997 -0.018064907 -0.011221599 0.007280661 -0.077615239 0.996893644
1770028833799635200.000000 -0.145046398 0.195933983 -0.029275715 -0.010590741 0.008062947 -0.070277125 0.997438729
1770028833899676928.000000 -0.124933146 0.182931021 -0.044254053 -0.009472443 0.009350544 -0.060853001 0.998058021
1770028833932969216.000000 -0.114374951 0.181368023 -0.031947266 -0.008613457 0.009680570 -0.057901967 0.998238206
1770028833966321664.000000 -0.103603423 0.178603888 -0.027426912 -0.007910946 0.009631461 -0.055621266 0.998374164
1770028833999638016.000000 -0.099595457 0.174735174 -0.020507639 -0.006642547 0.010183769 -0.051864102 0.998580158
1770028834032971264.000000 -0.090369210 0.169426143 -0.019836126 -0.006327636 0.010365803 -0.049520820 0.998699307
1770028834066305536.000000 -0.082921982 0.163855389 -0.018746076 -0.005818910 0.010842555 -0.047030818 0.998817682
1770028834199644928.000000 -0.052458987 0.145969450 -0.018415084 -0.001961001 0.012453063 -0.038854480 0.999165356
1770028834266309632.000000 -0.036619555 0.133354262 -0.017702658 0.000438027 0.014229216 -0.037027363 0.999212921
1770028834299658496.000000 -0.029488234 0.127881706 -0.020893138 0.002892023 0.015218087 -0.036143377 0.999226570
1770028834332982272.000000 -0.022257606 0.120022640 -0.021109967 0.004730502 0.016313368 -0.036297034 0.999196708
1770028834366311424.000000 -0.017414702 0.112558618 -0.021351514 0.007148904 0.018299010 -0.036042411 0.999157131
1770028834466313728.000000 0.002127042 0.092858404 -0.018169144 0.015756160 0.024318820 -0.035083607 0.998964250
1770028834499641344.000000 0.008597794 0.085089825 -0.019092359 0.019261777 0.026359143 -0.034782480 0.998861551
1770028834532974080.000000 0.012660521 0.078411721 -0.020345945 0.023244789 0.028614201 -0.035076536 0.998704433
1770028834566314496.000000 0.020138599 0.068663009 -0.019865194 0.026999228 0.030439164 -0.034181565 0.998587132
1770028834599642880.000000 0.027562771 0.058751155 -0.021670800 0.030198358 0.033639137 -0.034386892 0.998385727
1770028834633006080.000000 0.035609942 0.049111046 -0.020148357 0.032613061 0.036928497 -0.033565555 0.998221517
1770028834766308352.000000 0.064549953 0.011707013 -0.010965214 0.040913865 0.052381191 -0.031249288 0.997299314
1770028834799664384.000000 0.070594698 0.006796696 -0.010195031 0.043492693 0.056822695 -0.030408897 0.996972859
1770028834832973312.000000 0.076601371 -0.001961722 -0.006186222 0.044814661 0.060863033 -0.029585522 0.996700644
1770028834866327040.000000 0.085723341 -0.007152056 -0.004390384 0.046634875 0.064528681 -0.028183408 0.996427119
1770028834899641856.000000 0.097001836 -0.030046919 -0.002299422 0.046239529 0.068142630 -0.027425064 0.996226132
1770028835066309632.000000 0.142488509 -0.085212082 0.002959409 0.047560636 0.082064964 -0.025144681 0.995173872
1770028835099640576.000000 0.148624361 -0.091617048 0.003890362 0.047523513 0.083594374 -0.025201375 0.995046914
1770028835132997632.000000 0.156292111 -0.092876114 0.006625265 0.047741473 0.084238090 -0.025602128 0.994971991
1770028835166314240.000000 0.168904513 -0.109660812 0.005098668 0.045912500 0.083389729 -0.025318976 0.995136797
1770028835199645696.000000 0.177343473 -0.119478025 0.005357447 0.045119219 0.082462944 -0.025834851 0.995236993
1770028835232993792.000000 0.184403405 -0.129919976 0.003407948 0.044376675 0.080290854 -0.025279906 0.995462298
1770028835366327808.000000 0.217503414 -0.142489910 0.009121088 0.008839207 0.066756070 -0.017683204 0.997573435
1770028835399695360.000000 0.226625219 -0.144461557 0.016654558 0.000768615 0.063918464 -0.014852567 0.997844338
1770028835433005568.000000 0.234984770 -0.145955786 0.027054122 -0.006122291 0.061580878 -0.013949673 0.997985840
1770028835466306560.000000 0.242752790 -0.147446066 0.030580446 -0.011223352 0.059524432 -0.012859858 0.998080909
1770028835499631872.000000 0.255168319 -0.132902205 0.046798777 -0.014554780 0.057239141 -0.014472185 0.998149514
1770028835532974080.000000 0.261090785 -0.124195531 0.054767706 -0.016984839 0.055955261 -0.014595258 0.998182118
1770028835666301952.000000 0.307846457 -0.173235416 0.038410962 -0.031073295 0.044977564 0.002035921 0.998502553
1770028835699631872.000000 0.312271237 -0.179972723 0.035118628 -0.033258945 0.044109236 0.004014472 0.998464942
1770028835732968192.000000 0.321238518 -0.181907192 0.041037079 -0.034857158 0.042600702 0.005709622 0.998467624
1770028835766301184.000000 0.324381232 -0.183035344 0.044852164 -0.035876792 0.041952491 0.006627623 0.998453319
1770028835799632384.000000 0.329628646 -0.182964340 0.047532484 -0.035666663 0.041260805 0.007889387 0.998480439
1770028835832967424.000000 0.335670352 -0.186952874 0.047500856 -0.036304757 0.040128615 0.008907729 0.998495102
1770028835932965376.000000 0.355384380 -0.195792094 0.046465892 -0.034707807 0.037021812 0.011403579 0.998646438
1770028835966302208.000000 0.367991626 -0.200162292 0.047851499 -0.033426300 0.035497312 0.012652714 0.998730540
1770028835999630848.000000 0.375304788 -0.205297142 0.044208329 -0.032951083 0.034498926 0.011800237 0.998791754
1770028836032964352.000000 0.380539596 -0.209896281 0.042471461 -0.031178921 0.033852767 0.012503006 0.998862147
1770028836066307328.000000 0.385527402 -0.211349636 0.044872869 -0.029022120 0.033306822 0.012928564 0.998940051
1770028836099633664.000000 0.395088494 -0.210697696 0.043087505 -0.026388140 0.032263435 0.012871729 0.999048114
1770028836232987904.000000 0.407488227 -0.208728313 0.044088613 -0.017399749 0.031800084 0.010149585 0.999291301
1770028836266329856.000000 0.410160363 -0.205296993 0.044621922 -0.015263716 0.031596139 0.009625779 0.999337852
1770028836299631360.000000 0.413040966 -0.208508581 0.043962114 -0.014704017 0.031529520 0.009808470 0.999346614
1770028836332976896.000000 0.417239636 -0.205358490 0.046098568 -0.012884805 0.031509452 0.010193037 0.999368489
1770028836366306048.000000 0.420858026 -0.202903628 0.044469088 -0.011628901 0.030776365 0.010116666 0.999407470
1770028836399633152.000000 0.419553727 -0.200997218 0.043662589 -0.011366511 0.030488634 0.009228554 0.999427974
1770028836566308096.000000 0.434109807 -0.185402468 0.043550838 -0.006298415 0.029471854 0.009105744 0.999504328
1770028836632987904.000000 0.441460133 -0.178093776 0.044445723 -0.003699844 0.029832596 0.009058936 0.999507070
1770028836666335232.000000 0.444766134 -0.173196122 0.045005217 -0.002958015 0.029834544 0.008958104 0.999510348
1770028836699685120.000000 0.445040107 -0.167299718 0.044046596 -0.001978448 0.030157670 0.008092788 0.999510467
1770028836732999680.000000 0.446299314 -0.161812916 0.044385292 -0.000750604 0.030772360 0.008092920 0.999493420
1770028836866308096.000000 0.454871923 -0.139584020 0.046808612 0.001249614 0.031071067 0.007931012 0.999485016
1770028836932982016.000000 0.458756089 -0.128326476 0.044016980 0.001551225 0.030860620 0.007957701 0.999490917
1770028836966309888.000000 0.459403276 -0.119959526 0.042383913 0.001964610 0.030910786 0.007591283 0.999491394
1770028836999631360.000000 0.461009920 -0.110348366 0.041206513 0.002424805 0.030552108 0.007029032 0.999505520
1770028837032967424.000000 0.463306814 -0.103616826 0.040734854 0.002659694 0.030638929 0.007592878 0.999498129
1770028837166321920.000000 0.464219570 -0.068240032 0.041333172 0.003102037 0.031456955 0.005493053 0.999485254
1770028837199639040.000000 0.463369220 -0.062151793 0.039153140 0.002658005 0.031388648 0.005746969 0.999487281
1770028837232971776.000000 0.464159101 -0.053135961 0.040549215 0.002984626 0.031284370 0.005314143 0.999491990
1770028837266299392.000000 0.463339150 -0.043797031 0.041083634 0.002863309 0.031450797 0.004734493 0.999490023
1770028837299641088.000000 0.462537080 -0.032279175 0.040367976 0.003088431 0.031517480 0.004043639 0.999490321
1770028837332986112.000000 0.458724707 -0.022201542 0.039513938 0.003171197 0.032031558 0.003885880 0.999474287
1770028837466297088.000000 0.456609279 0.021006642 0.038443029 0.003563555 0.032551430 0.002847196 0.999459684
1770028837499635712.000000 0.456713557 0.033136386 0.042372480 0.003854873 0.032538813 0.002544614 0.999459863
1770028837532964352.000000 0.451571316 0.043971568 0.041262422 0.003641929 0.033285622 0.001768146 0.999437690
1770028837566296576.000000 0.447852582 0.060504436 0.038860288 0.003993250 0.033493318 0.001149766 0.999430358
1770028837599635456.000000 0.446585208 0.073279008 0.037723478 0.004375102 0.033475518 0.000753178 0.999429703
1770028837632971776.000000 0.443341017 0.084041633 0.038682237 0.004532295 0.033833247 0.000474547 0.999417126
1770028837699640576.000000 0.438877791 0.104815938 0.038818486 0.004521449 0.034511879 -0.000496000 0.999393940
1770028837732974080.000000 0.437729925 0.112313084 0.038831782 0.004053504 0.034313302 -0.000550156 0.999402761
1770028837766303488.000000 0.434496939 0.118794270 0.038505252 0.003608123 0.034467671 -0.000841227 0.999399006
1770028837799632640.000000 0.433590144 0.125818178 0.038216025 0.003057516 0.034212794 -0.000846719 0.999409556
1770028837832970496.000000 0.429497600 0.135308623 0.038850505 0.003349582 0.034441408 -0.000950734 0.999400675
1770028837866300672.000000 0.427058756 0.141448021 0.037279416 0.002549688 0.034261499 -0.001682661 0.999408305
1770028837932971520.000000 0.420021743 0.154452622 0.037002161 0.001807585 0.034269713 -0.002130127 0.999408782
1770028837966302464.000000 0.418922842 0.162426904 0.038222872 0.001618362 0.033948638 -0.002291471 0.999419630
1770028837999632896.000000 0.414090455 0.169600278 0.036692653 0.001621143 0.034188561 -0.002938800 0.999409795
1770028838032965120.000000 0.412664562 0.175519451 0.036732778 0.001016906 0.033769254 -0.002967430 0.999424756
1770028838099637248.000000 0.406192958 0.187029824 0.036289077 0.000917427 0.033238441 -0.003005202 0.999442577
1770028838132962048.000000 0.400301993 0.191591784 0.034248602 0.000194337 0.033290867 -0.003495246 0.999439657
1770028838232970752.000000 0.388794899 0.206290856 0.035344802 -0.000135996 0.032797419 -0.003967863 0.999454141
1770028838266313216.000000 0.385039151 0.209807307 0.033054721 -0.000211244 0.032631509 -0.004177683 0.999458671
1770028838299630080.000000 0.380518675 0.215393364 0.034883108 -0.000125935 0.032766704 -0.004461612 0.999453068
1770028838332969728.000000 0.375699997 0.217498124 0.034730781 -0.000186741 0.032281253 -0.004833604 0.999467134
1770028838399633152.000000 0.369356185 0.221776709 0.032234080 -0.000373606 0.030974893 -0.004869337 0.999508262
1770028838432974080.000000 0.363038242 0.225643069 0.031756293 0.000142942 0.031255417 -0.004785381 0.999500036
1770028838566307584.000000 0.344739884 0.229140863 0.029657500 -0.000087485 0.029608388 -0.004847845 0.999549866
1770028838632971264.000000 0.334687531 0.229491919 0.028902134 0.000063156 0.029295934 -0.005118544 0.999557674
1770028838666324480.000000 0.331321150 0.223609760 0.027239058 -0.000642170 0.028740998 -0.005214891 0.999573112
1770028838732977920.000000 0.321039408 0.221639678 0.025254058 0.000191319 0.027761575 -0.004747096 0.999603331
1770028838766309632.000000 0.316170782 0.219284087 0.024741122 0.000922162 0.027412884 -0.004921605 0.999611676
1770028838866310912.000000 0.299280077 0.211594924 0.022285815 0.001831887 0.025983641 -0.004543433 0.999650419
1770028838899628032.000000 0.297444642 0.203668892 0.016194157 0.001879330 0.024744429 -0.003523600 0.999685824
1770028838932962560.000000 0.291875720 0.202507809 0.013532916 0.002591725 0.024307186 -0.003596095 0.999694705
1770028838966308352.000000 0.286426872 0.197374940 0.014905459 0.003054342 0.023988090 -0.003600044 0.999701142
1770028839032970496.000000 0.273584932 0.188792557 0.012320350 0.004284494 0.023138130 -0.003480176 0.999717057
1770028839066305792.000000 0.267415822 0.183281019 0.011606899 0.004790316 0.022912432 -0.003497418 0.999719918
1770028839166310400.000000 0.249756679 0.168959662 0.004800003 0.007895189 0.021190757 -0.002608272 0.999740899
1770028839199638272.000000 0.245009661 0.163870305 0.002339032 0.008761997 0.020665545 -0.002480238 0.999745011
1770028839232971008.000000 0.238240197 0.159551889 0.001307657 0.009893969 0.020226100 -0.002692909 0.999742925
1770028839266319872.000000 0.232352272 0.153553620 -0.001072327 0.011596544 0.019317916 -0.002340728 0.999743462
1770028839332971520.000000 0.222505212 0.140297472 -0.005054083 0.015207677 0.017061934 -0.002210970 0.999736369
1770028839366309376.000000 0.216437310 0.133643225 -0.005855486 0.017522743 0.016180180 -0.002254050 0.999713004
1770028839466313984.000000 0.200837761 0.108389013 -0.016396852 0.024878941 0.011174984 -0.002727801 0.999624372
1770028839499655936.000000 0.190030441 0.104977317 -0.005737026 0.029176742 0.010014744 -0.003885613 0.999516547
1770028839532992000.000000 0.185583249 0.096841536 -0.004326912 0.032376815 0.008148171 -0.004412986 0.999432862
1770028839566303744.000000 0.180869460 0.086334370 -0.003002409 0.035974156 0.006466235 -0.005163151 0.999318540
1770028839599654656.000000 0.174579337 0.079752587 -0.006098071 0.039993346 0.004625289 -0.005329900 0.999175072
1770028839632964352.000000 0.171757191 0.068741255 -0.007860434 0.043353934 0.001875113 -0.004743737 0.999046803
1770028839766304512.000000 0.152115956 0.027447235 -0.015209031 0.052936800 -0.012668333 -0.004498315 0.998507380
1770028839799649280.000000 0.146187350 0.019806171 -0.012661623 0.055595107 -0.016328782 -0.005625510 0.998304069
1770028839832968448.000000 0.137228787 0.005120713 -0.014772584 0.057804782 -0.020504074 -0.007117764 0.998091996
1770028839866321664.000000 0.132211715 -0.005623826 -0.013843661 0.059458140 -0.024756452 -0.006188882 0.997904599
1770028839899643904.000000 0.123215877 -0.017621852 -0.014467133 0.061421864 -0.028153865 -0.006140430 0.997695863
1770028839932965120.000000 0.115594789 -0.027401982 -0.013853366 0.063658267 -0.032327097 -0.007568398 0.997419298
1770028840066298624.000000 0.086231865 -0.080798730 -0.016475631 0.065966487 -0.046434071 -0.004838720 0.996729136
1770028840099638272.000000 0.079570934 -0.098305479 -0.025559323 0.065327905 -0.048993614 -0.005312483 0.996646225
1770028840132975104.000000 0.072186001 -0.106927477 -0.019182006 0.065685995 -0.051035956 -0.004897453 0.996522307
1770028840166299904.000000 0.061230723 -0.119990326 -0.016556244 0.064796284 -0.052114520 -0.005809086 0.996519864
1770028840199636736.000000 0.052347720 -0.133945823 -0.011334029 0.063429289 -0.052541606 -0.004916575 0.996590197
1770028840232969216.000000 0.045496941 -0.149058133 -0.007508670 0.061763763 -0.052423902 -0.003251730 0.996707797
1770028840366294784.000000 0.024634754 -0.170229360 -0.002348483 0.050137702 -0.043721031 0.002827892 0.997780859
1770028840399636480.000000 0.016428404 -0.171052739 0.019369386 0.039278511 -0.041550912 0.002304163 0.998361409
1770028840432961024.000000 0.010565785 -0.170301229 0.030922450 0.029258713 -0.039639290 0.002535285 0.998782396
1770028840466292736.000000 0.003684493 -0.171779960 0.041442141 0.020537643 -0.037827730 0.003330345 0.999067724
1770028840499681536.000000 -0.001894079 -0.182053134 0.035610758 0.012775432 -0.035719324 0.005456571 0.999265313
1770028840532960000.000000 -0.012134084 -0.191354781 0.023392331 0.006992571 -0.033291683 0.004686535 0.999410212
1770028840632969472.000000 -0.037053812 -0.208361089 0.024055084 -0.006022262 -0.028454592 0.004314037 0.999567628
1770028840699633152.000000 -0.051547851 -0.212231666 0.031257812 -0.011792277 -0.025434665 0.002641381 0.999603450
1770028840732963840.000000 -0.060136382 -0.214538708 0.034481443 -0.014240859 -0.023707150 0.002239821 0.999615014
1770028840766300928.000000 -0.067866042 -0.222785354 0.030977588 -0.016873028 -0.022429194 0.001586379 0.999604762
1770028840932963840.000000 -0.106171407 -0.247543693 0.025264310 -0.021217683 -0.016594449 0.000333024 0.999637127
1770028840999646720.000000 -0.116737820 -0.252277911 0.029472770 -0.019728184 -0.014995364 0.000297966 0.999692857
1770028841032962048.000000 -0.122608364 -0.256989151 0.029988054 -0.018822594 -0.014257586 0.000066361 0.999721229
1770028841066317568.000000 -0.129819006 -0.266966462 0.023560500 -0.017925411 -0.013163256 0.001298870 0.999751866
1770028841099634944.000000 -0.134586081 -0.274654925 0.015937282 -0.016686937 -0.012520268 0.001762449 0.999780893
1770028841132964608.000000 -0.141243994 -0.276632488 0.016771713 -0.014820297 -0.011505008 0.001931369 0.999822140
1770028841166295296.000000 -0.145889714 -0.278766870 0.015614091 -0.013372269 -0.011083210 0.002556726 0.999845922
1770028841266322432.000000 -0.158238634 -0.280887544 0.008932215 -0.009930081 -0.009372662 0.002285735 0.999904215
1770028841299657472.000000 -0.164496109 -0.279420704 0.009122510 -0.009307136 -0.008281189 0.002214998 0.999920011
1770028841332972288.000000 -0.169506133 -0.279266149 0.007703829 -0.009266487 -0.007625034 0.002266642 0.999925435
1770028841366316032.000000 -0.175015986 -0.275370300 0.011335144 -0.008990610 -0.006628619 0.002167183 0.999935329
1770028841399676416.000000 -0.181364298 -0.274420708 0.007866072 -0.008555620 -0.005517019 0.001621615 0.999946892
1770028841432979200.000000 -0.184425682 -0.271158516 0.006587910 -0.007567225 -0.005557450 0.002254042 0.999953449
1770028841532981248.000000 -0.197102785 -0.258391321 0.005566406 -0.004219150 -0.004817196 0.001969434 0.999977589
1770028841566315008.000000 -0.203007326 -0.252361715 0.005354782 -0.002867948 -0.004092270 0.001293935 0.999986708
1770028841632987136.000000 -0.212539896 -0.243275389 -0.003344953 -0.001435174 -0.003624472 0.000833908 0.999992132
1770028841666376960.000000 -0.214372858 -0.236784980 -0.002814110 -0.000824909 -0.003573397 0.001640806 0.999992013
1770028841699667712.000000 -0.218058974 -0.231138900 -0.004016906 -0.000175444 -0.003358865 0.000752212 0.999994099
1770028841799629056.000000 -0.226932049 -0.209239796 -0.008045327 0.001039199 -0.002693001 0.000453332 0.999995708
1770028841899633920.000000 -0.233231395 -0.184464365 -0.007381252 0.001359849 -0.002941805 0.000101592 0.999994814
1770028841932969984.000000 -0.234472305 -0.175391063 -0.008137861 0.001490320 -0.002868430 0.000694614 0.999994576
1770028841966303232.000000 -0.238362059 -0.164753065 -0.009781236 0.001819619 -0.002735226 0.000517777 0.999994516
1770028841999625728.000000 -0.241902992 -0.152322710 -0.011798862 0.002239601 -0.002290391 -0.000121338 0.999994934
1770028842032962560.000000 -0.242863938 -0.140892401 -0.009350509 0.002430800 -0.002193038 -0.000226161 0.999994695
1770028842066305280.000000 -0.243027478 -0.131562471 -0.010247852 0.002350646 -0.002158389 -0.000287997 0.999994934
1770028842166296320.000000 -0.249276146 -0.100106560 -0.010671454 0.002086667 -0.001961260 -0.000743742 0.999995649
1770028842232968192.000000 -0.250793219 -0.079462118 -0.012240276 0.001732052 -0.001790852 -0.000776513 0.999996603
1770028842266385920.000000 -0.251605809 -0.067560308 -0.011001856 0.001770073 -0.001465775 -0.000515981 0.999997258
1770028842299630592.000000 -0.251843959 -0.058070254 -0.011840327 0.001442016 -0.001499794 -0.000917471 0.999997437
1770028842332962560.000000 -0.251472861 -0.046646811 -0.012505405 0.001190570 -0.001330315 -0.000672280 0.999998212
1770028842366301184.000000 -0.249885991 -0.035557173 -0.010680742 0.000856281 -0.001629076 -0.000703050 0.999998033
1770028842432975616.000000 -0.250305653 -0.013966337 -0.015704593 0.000805296 -0.001981040 -0.000491270 0.999997616
1770028842499640832.000000 -0.248258635 0.007467481 -0.013403188 0.000132528 -0.002200714 -0.000712178 0.999997318
1770028842532967680.000000 -0.247361854 0.016349291 -0.013440817 -0.000561932 -0.002160997 -0.000744589 0.999997258
1770028842566279936.000000 -0.247271851 0.027915681 -0.014530582 -0.000554264 -0.001804213 -0.001275350 0.999997437
1770028842599615744.000000 -0.245426640 0.035444077 -0.016231598 -0.001222669 -0.001966436 -0.000695039 0.999997139
1770028842632943104.000000 -0.242237791 0.047891736 -0.015391741 -0.001207282 -0.002311815 -0.000647104 0.999996424
1770028842699619328.000000 -0.240800649 0.065984048 -0.016309042 -0.001934392 -0.001649814 -0.001431788 0.999995768
1770028842866290176.000000 -0.226783335 0.107820630 -0.017250434 -0.004275931 -0.001065634 0.000053915 0.999990344
1770028842899643136.000000 -0.225039348 0.116348803 -0.014884985 -0.004288109 -0.000842119 -0.000660306 0.999990225
1770028842932988416.000000 -0.223165825 0.125566781 -0.015898159 -0.004390220 -0.000659782 -0.000798493 0.999989867
1770028843032951040.000000 -0.213961333 0.145428181 -0.017386725 -0.005639657 0.000415765 -0.005262016 0.999970198
1770028843066288384.000000 -0.211912110 0.151023075 -0.016419714 -0.007227902 0.000514250 -0.013984447 0.999876022
1770028843099669760.000000 -0.211801812 0.161166102 -0.015244001 -0.007652090 0.000776614 -0.023574840 0.999692500
1770028843132962048.000000 -0.211606666 0.167333096 -0.016101090 -0.008065588 0.001415275 -0.032021839 0.999453604
1770028843166278656.000000 -0.209846467 0.170050964 -0.020042369 -0.008894214 0.001829373 -0.039747968 0.999168456
1770028843199622400.000000 -0.207884803 0.172342479 -0.020276895 -0.010378093 0.002303167 -0.046232410 0.998874187
1770028843299621632.000000 -0.201139167 0.186403498 -0.020866424 -0.011726130 0.003448445 -0.063582361 0.997901738
1770028843332954368.000000 -0.197480664 0.191655636 -0.020747002 -0.011647886 0.003621267 -0.068263583 0.997592747
1770028843366279168.000000 -0.194405824 0.196209148 -0.016561415 -0.011913824 0.003925463 -0.072935410 0.997257829
1770028843399619584.000000 -0.191210017 0.196869045 -0.021310978 -0.012394758 0.004303304 -0.075885631 0.997030258
1770028843432947200.000000 -0.189282835 0.198209718 -0.024780590 -0.012648674 0.005144787 -0.078672916 0.996806979
1770028843466287872.000000 -0.184770778 0.199884996 -0.021233702 -0.013164646 0.005415484 -0.080584429 0.996646166
1770028843566288384.000000 -0.168163776 0.201755121 -0.019693011 -0.012648618 0.006368332 -0.081065506 0.996608198
1770028843632960000.000000 -0.156996638 0.201316699 -0.019367700 -0.011362846 0.007467634 -0.077275090 0.996917129
1770028843666302720.000000 -0.151205033 0.199293032 -0.027681282 -0.010580366 0.007750808 -0.073856696 0.997182667
1770028843699640320.000000 -0.145068526 0.195068076 -0.032296970 -0.010442890 0.008107844 -0.070569322 0.997419298
1770028843732969472.000000 -0.138313457 0.191461846 -0.037689190 -0.009970882 0.008778873 -0.067469381 0.997632921
1770028843766315776.000000 -0.133055776 0.186524570 -0.040106565 -0.009696294 0.009293511 -0.064415067 0.997832835
1770028843899635712.000000 -0.096242875 0.175006777 -0.019448856 -0.006890146 0.009720058 -0.051882677 0.998582184
1770028843966295296.000000 -0.085025042 0.166879967 -0.028886458 -0.004998003 0.011123717 -0.047760010 0.998784423
1770028843999633408.000000 -0.076409906 0.158353761 -0.032555461 -0.004704533 0.011281433 -0.045903169 0.998871207
1770028844032960768.000000 -0.071764082 0.151591465 -0.038165193 -0.004065204 0.012397446 -0.044275701 0.998934150
1770028844066288896.000000 -0.063665688 0.148870170 -0.031148361 -0.002810538 0.012805972 -0.041744906 0.999042332
1770028844232964864.000000 -0.022112753 0.119856082 -0.019634051 0.005029033 0.016778590 -0.036073551 0.999195635
1770028844266285824.000000 -0.015586773 0.110059917 -0.022306101 0.007071267 0.018353458 -0.035609994 0.999172270
1770028844299652352.000000 -0.006772635 0.103461511 -0.016738415 0.009660261 0.020032139 -0.035039220 0.999138474
1770028844332975360.000000 -0.001822472 0.099496275 -0.015919501 0.012858139 0.022402389 -0.035121791 0.999049187
1770028844366280704.000000 0.002562744 0.092862107 -0.017794425 0.015970606 0.024571912 -0.035286784 0.998947501
1770028844399634688.000000 0.008939822 0.086573236 -0.019267363 0.019704923 0.026529115 -0.034891762 0.998844624
1770028844532972288.000000 0.039227597 0.049729969 -0.015502420 0.032802004 0.036628760 -0.032838330 0.998250484
1770028844599628800.000000 0.051215410 0.037302699 -0.011837407 0.038150333 0.044793371 -0.031976514 0.997755289
1770028844632962304.000000 0.055046957 0.026322134 -0.007054449 0.040031750 0.049245629 -0.031008253 0.997502267
1770028844666319104.000000 0.068017103 0.014428183 -0.011272282 0.041286089 0.052297566 -0.029269483 0.997348368
1770028844699632128.000000 0.076987684 0.001489037 -0.004350577 0.042715400 0.056256633 -0.029707735 0.997059762
1770028844832968960.000000 0.108902432 -0.040011793 -0.000068630 0.047062915 0.071789861 -0.027551657 0.995927870
1770028844866312448.000000 0.114518821 -0.050316978 -0.003771272 0.047843561 0.075287193 -0.027072845 0.995645463
1770028844899617792.000000 0.124594830 -0.055622358 0.001761547 0.049064752 0.078109011 -0.025887834 0.995400190
1770028844932982016.000000 0.133246660 -0.072340094 0.004298498 0.048063155 0.080679648 -0.025576305 0.995252073
1770028844966303488.000000 0.146878004 -0.081416860 0.010877619 0.047586605 0.082166985 -0.025143441 0.995164335
1770028844999638272.000000 0.154397696 -0.089663640 0.008850196 0.047173351 0.083236799 -0.025084643 0.995096505
1770028845099645696.000000 0.178985029 -0.125147253 0.005957389 0.044510104 0.082286783 -0.025561538 0.995286107
1770028845132964608.000000 0.185382381 -0.130488783 0.008083683 0.044184580 0.080444023 -0.025558675 0.995451331
1770028845166311168.000000 0.191690147 -0.130714923 0.006418375 0.038745508 0.077018671 -0.024092993 0.995985210
1770028845199615232.000000 0.199148908 -0.128978834 0.011831512 0.029186027 0.073852338 -0.020823164 0.996624529
1770028845232953856.000000 0.208320364 -0.129934698 0.016565008 0.018581046 0.070142426 -0.018528759 0.997191846
1770028845266295552.000000 0.218016043 -0.132679790 0.020880915 0.008830663 0.066802934 -0.015487095 0.997606933
1770028845399626496.000000 0.258738428 -0.154657438 0.027229339 -0.014475672 0.055860966 -0.007837681 0.998302877
1770028845432948224.000000 0.272848845 -0.166785955 0.026036128 -0.019634575 0.053041525 -0.006163543 0.998380244
1770028845466283520.000000 0.280772567 -0.167350173 0.031488046 -0.023529666 0.050874401 -0.003496720 0.998421788
1770028845499616512.000000 0.291580796 -0.164904207 0.034889776 -0.025834505 0.048472244 -0.000885040 0.998490036
1770028845532951808.000000 0.299708635 -0.168769062 0.034348089 -0.028573474 0.046688568 0.000721314 0.998500526
1770028845566289152.000000 0.309780538 -0.171085060 0.036301579 -0.030974843 0.045145568 0.002474356 0.998497069
1770028845666281984.000000 0.334416091 -0.190599725 0.037268683 -0.037219770 0.039949540 0.006860126 0.998484671
1770028845699620352.000000 0.340819180 -0.191901311 0.042297285 -0.037517875 0.039108101 0.008257279 0.998496294
1770028845732943360.000000 0.349885106 -0.197720423 0.040317599 -0.037798747 0.037527487 0.009829980 0.998532116
1770028845766279168.000000 0.361034870 -0.201281875 0.038182184 -0.037145887 0.035812039 0.011365278 0.998603344
1770028845799620864.000000 0.365472764 -0.204632431 0.040825900 -0.037006829 0.035477515 0.011589385 0.998617887
1770028845832946432.000000 0.369553328 -0.206672505 0.043993190 -0.036205113 0.035109233 0.012253040 0.998652339
1770028845899612416.000000 0.381783783 -0.209338635 0.040398192 -0.032616533 0.033498291 0.013627421 0.998813450
1770028845966287872.000000 0.392934293 -0.213096231 0.042804051 -0.028544156 0.032329865 0.014332154 0.998966753
1770028845999630592.000000 0.395692378 -0.215017959 0.043751687 -0.026494836 0.032430399 0.014258843 0.999021053
1770028846032946176.000000 0.395517975 -0.215284854 0.040735163 -0.023820974 0.032519687 0.013635847 0.999094129
1770028846066284800.000000 0.396003753 -0.214249954 0.042782541 -0.022073947 0.032654293 0.011750232 0.999153852
1770028846099615744.000000 0.401584953 -0.215709776 0.042980142 -0.019677335 0.032406878 0.011910725 0.999210119
1770028846199617280.000000 0.413724571 -0.207647040 0.044958591 -0.014054793 0.031584624 0.010591263 0.999346197
1770028846266276864.000000 0.418581545 -0.203252777 0.044886049 -0.011645856 0.031164687 0.010010025 0.999396265
1770028846299614720.000000 0.423242062 -0.201674908 0.043135088 -0.011180662 0.030041328 0.010086757 0.999435306
1770028846366281728.000000 0.427195877 -0.194361180 0.044897061 -0.009782056 0.029338898 0.009684836 0.999474764
1770028846399619840.000000 0.429275036 -0.191114619 0.046828426 -0.008711642 0.029402822 0.009505113 0.999484539
1770028846432942592.000000 0.432760060 -0.188593552 0.045526743 -0.007396357 0.029418519 0.009651768 0.999493241
1770028846532948480.000000 0.440395027 -0.176703349 0.044253480 -0.003630142 0.029858116 0.008640043 0.999510288
1770028846566292736.000000 0.444065541 -0.169920087 0.045979202 -0.002360405 0.029926635 0.008689749 0.999511600
1770028846599634432.000000 0.448142380 -0.165658727 0.047388889 -0.001552288 0.030140558 0.008567935 0.999507785
1770028846666295552.000000 0.452067226 -0.154505104 0.047014557 0.000464315 0.030656589 0.008486777 0.999493837
1770028846699625216.000000 0.452543110 -0.148079827 0.044906192 0.001174009 0.030678842 0.007965206 0.999496877
1770028846732947712.000000 0.454968065 -0.146707267 0.047164369 0.000965350 0.030755948 0.008178786 0.999493003
1770028846866283008.000000 0.461678535 -0.122090705 0.047171518 0.001876759 0.030843817 0.008145472 0.999489307
1770028846899628544.000000 0.462347090 -0.108487263 0.042988140 0.002779410 0.030605944 0.007360623 0.999500573
1770028846932944896.000000 0.463195056 -0.102413058 0.043208845 0.002604356 0.030721575 0.006821815 0.999501348
1770028846966278912.000000 0.461645097 -0.098228909 0.043434054 0.001918208 0.031059183 0.006562644 0.999494195
1770028846999614464.000000 0.463560313 -0.089305125 0.043586642 0.002484869 0.031120772 0.006140159 0.999493718
1770028847032941824.000000 0.464183599 -0.080840029 0.042854022 0.002387999 0.031227244 0.006025237 0.999491334
1770028847199612160.000000 0.463825107 -0.037356298 0.038583580 0.002139209 0.031300638 0.004986908 0.999495327
1770028847233005568.000000 0.462200552 -0.024001954 0.038912281 0.002476710 0.031505473 0.004103907 0.999492168
1770028847266286848.000000 0.462117910 -0.007191930 0.039057318 0.003743110 0.031705242 0.003586849 0.999483824
1770028847299621888.000000 0.458516628 0.001611408 0.040306646 0.003337225 0.032427832 0.003483384 0.999462485
1770028847332965632.000000 0.458033323 0.011566975 0.039897386 0.003462187 0.032196771 0.002948056 0.999471247
1770028847366296576.000000 0.456389636 0.021273613 0.040593434 0.003305991 0.032583363 0.002717882 0.999459922
1770028847499624704.000000 0.450245261 0.065057404 0.039873663 0.003309079 0.033129718 0.000858154 0.999445260
1770028847532972544.000000 0.445956409 0.078400396 0.038440395 0.003589781 0.033580624 0.000829510 0.999429226
1770028847566321920.000000 0.443475008 0.092668287 0.039356880 0.004028716 0.033612862 0.000066541 0.999426842
1770028847599617280.000000 0.442354321 0.101626351 0.038914558 0.003770126 0.033772394 0.000032665 0.999422431
1770028847632942336.000000 0.437486112 0.107193053 0.037922300 0.002976111 0.034055453 -0.000273003 0.999415517
1770028847666302464.000000 0.434155017 0.115146086 0.038201772 0.002749860 0.034486055 -0.000350704 0.999401391
1770028847799617024.000000 0.425051779 0.148132578 0.037807982 0.002445010 0.034064051 -0.001567567 0.999415457
1770028847832997120.000000 0.418826550 0.153689831 0.035678495 0.001680424 0.034391750 -0.001819970 0.999405444
1770028847866307584.000000 0.416970819 0.160930663 0.036631811 0.001505820 0.034044906 -0.002327662 0.999416471
1770028847899622912.000000 0.412749976 0.168787748 0.035969470 0.001426590 0.034202479 -0.002857442 0.999409854
1770028847932949248.000000 0.410401016 0.173824191 0.035396256 0.000869444 0.034036722 -0.003101673 0.999415457
1770028847966274304.000000 0.407064289 0.179681987 0.034404986 0.000796296 0.033783533 -0.002910334 0.999424636
1770028848032956416.000000 0.400625557 0.189260438 0.036395550 -0.000165130 0.033213381 -0.003498962 0.999442220
1770028848099618560.000000 0.393205822 0.199612588 0.035118897 -0.000440079 0.032678198 -0.003955101 0.999458015
1770028848132946688.000000 0.387588888 0.205446526 0.036794465 -0.000250642 0.033077337 -0.004215707 0.999443889
1770028848166316800.000000 0.383677810 0.210562780 0.034718934 -0.000208939 0.032895695 -0.004777736 0.999447346
1770028848199626240.000000 0.380121648 0.213491783 0.034882944 -0.000141282 0.032668121 -0.004779775 0.999454796
1770028848232955392.000000 0.374315590 0.216061696 0.036657907 -0.000285308 0.032254800 -0.004259636 0.999470532
1770028848299614464.000000 0.366329730 0.223840460 0.035397828 0.000055512 0.031602122 -0.004771699 0.999489188
1770028848366288384.000000 0.359900445 0.226557702 0.034691744 -0.000022477 0.030961605 -0.004557349 0.999510229
1770028848399666688.000000 0.355683088 0.225485861 0.031880051 -0.000624763 0.030401466 -0.004582087 0.999527097
1770028848432945920.000000 0.350418448 0.225691721 0.027854634 -0.000820502 0.029749820 -0.004755027 0.999545813
1770028848466291712.000000 0.346465141 0.225264981 0.027664812 -0.000903086 0.029240098 -0.004344549 0.999562621
1770028848499611392.000000 0.339418381 0.225310490 0.025631450 -0.000893131 0.029329319 -0.004696505 0.999558449
1770028848566300416.000000 0.332369894 0.224228501 0.023743980 -0.000531833 0.028287835 -0.005323355 0.999585509
1770028848666297856.000000 0.315930009 0.220997274 0.021896461 0.001202012 0.027218170 -0.005266056 0.999614954
1770028848699629568.000000 0.311536640 0.218068063 0.021218164 0.001364631 0.026911937 -0.004977948 0.999624550
1770028848732951040.000000 0.308814406 0.215696678 0.020311236 0.001687293 0.025878461 -0.004513185 0.999653518
1770028848766288896.000000 0.303231776 0.211975977 0.017251983 0.002059224 0.025270743 -0.004090318 0.999670208
1770028848799629824.000000 0.297343433 0.207728535 0.017050944 0.002597144 0.024937842 -0.003833605 0.999678254
1770028848832947712.000000 0.294137985 0.204379961 0.012384692 0.003084989 0.024047937 -0.003748724 0.999699056
1770028848932950272.000000 0.274590641 0.189359754 0.007884520 0.004441916 0.023138175 -0.003135459 0.999717534
1770028848966276096.000000 0.266482770 0.182648942 0.008858740 0.004621149 0.023458598 -0.003008460 0.999709606
1770028848999612160.000000 0.262269557 0.179299012 0.005278443 0.006005952 0.022214595 -0.002935802 0.999730885
1770028849032946432.000000 0.256831735 0.175056547 0.006264737 0.006930414 0.021581946 -0.002785387 0.999739230
1770028849066277376.000000 0.251518339 0.171052456 0.005544565 0.007908120 0.020798855 -0.003062454 0.999747753
1770028849132941056.000000 0.237706795 0.158070832 0.000531607 0.009687351 0.020243580 -0.002635611 0.999744713
1770028849199620096.000000 0.225303054 0.144801140 0.000637669 0.012665580 0.018306252 -0.003214307 0.999747097
1770028849299610368.000000 0.210724816 0.124361709 -0.006924178 0.019884016 0.014292941 -0.003147813 0.999695241
1770028849366276608.000000 0.199202403 0.108944550 -0.006099015 0.025741788 0.011039532 -0.003809419 0.999600410
1770028849399611136.000000 0.191237986 0.105091877 -0.002169465 0.029568097 0.009628039 -0.003905781 0.999508798
1770028849466281216.000000 0.186823815 0.091581807 -0.007464283 0.037321720 0.005374670 -0.004002662 0.999280870
1770028849499614976.000000 0.181697562 0.078902982 -0.008215598 0.040355831 0.003628996 -0.004354756 0.999169350
1770028849599618048.000000 0.160797611 0.049704880 -0.008904140 0.048957635 -0.005180378 -0.005374164 0.998772979
1770028849632946432.000000 0.156539157 0.038059093 -0.010865048 0.051024307 -0.008877158 -0.004750499 0.998646677
1770028849666287872.000000 0.153223038 0.031008532 -0.012584710 0.054062121 -0.012940569 -0.004396467 0.998444080
1770028849699620608.000000 0.148396671 0.015542574 -0.018705003 0.055223178 -0.017103165 -0.003601618 0.998321056
1770028849732946432.000000 0.140964225 0.004021670 -0.025083402 0.057649914 -0.021198360 -0.004430817 0.998101950
1770028849799638016.000000 0.126698956 -0.024125142 -0.032420468 0.060659673 -0.028736671 -0.005254814 0.997730911
1770028849832944384.000000 0.118609212 -0.034971420 -0.028723879 0.062489983 -0.032764886 -0.006125640 0.997488797
1770028849866352896.000000 0.114573598 -0.043025069 -0.031456340 0.064194202 -0.036858186 -0.006656662 0.997234344
1770028849966288384.000000 0.087630115 -0.084042065 -0.018134845 0.065631025 -0.046726070 -0.005185682 0.996735871
1770028849999628544.000000 0.080138601 -0.100139268 -0.026149500 0.065074377 -0.049077261 -0.005859799 0.996655643
1770028850032978176.000000 0.073525779 -0.107681222 -0.019930603 0.065537021 -0.050871845 -0.004741059 0.996541262
1770028850132959232.000000 0.050054748 -0.144776806 -0.018196458 0.062646680 -0.051140420 -0.001536205 0.996723473
1770028850166274304.000000 0.042840496 -0.155381039 -0.014326280 0.061270837 -0.049591877 -0.000744926 0.996888161
1770028850199615744.000000 0.038123406 -0.168158859 -0.021538634 0.059633158 -0.047016423 0.000652326 0.997112274
1770028850266277888.000000 0.034445584 -0.175121441 -0.015217024 0.051037535 -0.042957526 0.003282413 0.997767031
1770028850299617536.000000 0.025571059 -0.180652633 -0.001002470 0.039502300 -0.040605508 0.004804053 0.998382628
1770028850332954368.000000 0.016524976 -0.180427536 -0.006125349 0.030226227 -0.037961949 0.004336559 0.998812497
1770028850433026816.000000 -0.008077143 -0.189497694 0.009007674 0.011140052 -0.032353174 0.003428406 0.999408603
1770028850466308864.000000 -0.013926619 -0.196685225 0.005833081 0.005998072 -0.030659202 0.003495882 0.999505818
1770028850499643392.000000 -0.022234637 -0.193715915 0.023095503 0.002588138 -0.029501857 0.002008490 0.999559402
1770028850566306048.000000 -0.035498030 -0.207771882 0.007805866 -0.004560520 -0.026712794 0.002064880 0.999630630
1770028850599653376.000000 -0.043606181 -0.217411965 0.003000505 -0.008034016 -0.024772232 0.003193045 0.999655724
1770028850632972544.000000 -0.047359042 -0.217935175 0.008364232 -0.010309704 -0.024375370 0.002685820 0.999646127
1770028850699643392.000000 -0.062312145 -0.220971256 0.017812278 -0.013832272 -0.021905735 0.001436013 0.999663353
1770028850799648768.000000 -0.082589090 -0.229539454 0.023335679 -0.015897064 -0.017960394 -0.000874935 0.999711931
1770028850866334976.000000 -0.090238541 -0.235889971 0.024263609 -0.016075395 -0.016745111 0.000254530 0.999730527
1770028850899640320.000000 -0.094931684 -0.240765005 0.022755126 -0.015544929 -0.015510518 0.001678636 0.999757469
1770028850932979968.000000 -0.098270312 -0.247519866 0.017141223 -0.015266657 -0.015086186 0.002368083 0.999766886
1770028850999644160.000000 -0.108856574 -0.253080845 0.007090219 -0.012553168 -0.013320909 0.000777351 0.999832213
1770028851066325248.000000 -0.114623331 -0.251922667 0.010537295 -0.009975159 -0.012119755 0.000462973 0.999876738
1770028851099650560.000000 -0.116569042 -0.251719028 0.010935725 -0.009534985 -0.011470834 0.001556398 0.999887586
1770028851166307328.000000 -0.122728132 -0.247255892 0.013830311 -0.009450816 -0.009745880 0.001462414 0.999906778
1770028851199650816.000000 -0.126251012 -0.246469811 0.012241716 -0.009811024 -0.009004818 0.001225140 0.999910593
1770028851232972032.000000 -0.132657841 -0.243465945 0.017960170 -0.009447461 -0.008098700 0.000574865 0.999922514
1770028851299713792.000000 -0.136046275 -0.240053684 0.010126003 -0.006983878 -0.007169274 0.001521431 0.999948800
1770028851332977664.000000 -0.139231235 -0.235721499 0.010085081 -0.005823983 -0.006861367 0.001239761 0.999958813
1770028851366317824.000000 -0.137028426 -0.234900892 0.008092065 -0.005589581 -0.007523342 0.001608607 0.999954820
1770028851432988416.000000 -0.144827724 -0.225819632 0.005896533 -0.004096843 -0.006231017 0.000853081 0.999971867
1770028851466336768.000000 -0.144765466 -0.221906453 0.007979412 -0.003661382 -0.006147346 0.001232054 0.999973714
1770028851499649536.000000 -0.144914180 -0.217114896 0.006858221 -0.003163346 -0.006131577 0.001695940 0.999974787
1770028851599649024.000000 -0.146146193 -0.201222181 0.006091533 -0.001890195 -0.005479038 0.002663658 0.999979675
1770028851632977152.000000 -0.146628469 -0.196742594 0.006110247 -0.001981874 -0.005090160 0.003192076 0.999980032
1770028851666324736.000000 -0.145362556 -0.191085503 0.001083330 -0.002022632 -0.005073280 0.002811396 0.999981165
1770028851732974336.000000 -0.148879364 -0.180110052 -0.001495429 -0.001800852 -0.004485081 0.001890140 0.999986589
1770028851766304256.000000 -0.147681177 -0.170993283 0.003719633 -0.001594527 -0.004465437 0.002359807 0.999985993
1770028851799645952.000000 -0.146888956 -0.166289434 0.004769553 -0.001684300 -0.004297156 0.002797049 0.999985456
1770028851866311680.000000 -0.143167660 -0.152785376 0.003985982 -0.001242833 -0.003992469 0.003719629 0.999984384
1770028851932983808.000000 -0.142471373 -0.135999247 0.004013734 -0.000761367 -0.003805313 0.003108584 0.999987662
1770028851966306560.000000 -0.142468825 -0.128210619 0.000151492 0.000068339 -0.003361364 0.002355284 0.999991596
1770028852032983296.000000 -0.141533077 -0.115425587 -0.005844311 -0.000170852 -0.002842171 0.001659531 0.999994636
1770028852066311168.000000 -0.139385551 -0.110232927 0.000082595 -0.000729127 -0.002786123 0.002610656 0.999992490
1770028852099640832.000000 -0.138928622 -0.104757145 -0.002563407 -0.000974821 -0.002044796 0.002250633 0.999994993
1770028852166310400.000000 -0.134950176 -0.090676099 0.000306261 -0.000998827 -0.002072492 0.001757722 0.999995828
1770028852232981504.000000 -0.129348755 -0.081426330 -0.001619316 -0.001335475 -0.002329116 0.002950814 0.999992073
1770028852266316800.000000 -0.127532139 -0.077276714 -0.002722395 -0.001347083 -0.002135231 0.002822269 0.999992907
1770028852332987392.000000 -0.125035897 -0.062658891 -0.004899198 -0.001336877 -0.001881090 0.000767488 0.999997079
1770028852366313728.000000 -0.122314245 -0.055373505 0.000309771 -0.001374664 -0.001561246 0.000446302 0.999997735
1770028852399651328.000000 -0.120229363 -0.051657218 -0.006332160 -0.001322700 -0.001430689 0.000917600 0.999997735
1770028852432997632.000000 -0.118505023 -0.046582107 -0.005563344 -0.001144563 -0.001174939 0.000876883 0.999998331
1770028852566309632.000000 -0.108218372 -0.024882607 -0.001985077 -0.001034468 -0.000669321 0.000072767 0.999999225
1770028852599646464.000000 -0.105247125 -0.022760602 -0.002113303 -0.001165019 -0.000640458 0.000640248 0.999998927
1770028852632982784.000000 -0.103992254 -0.020159993 -0.004409293 -0.001107632 -0.000282213 0.000619811 0.999999166
1770028852666308608.000000 -0.098544084 -0.019110687 -0.007326982 -0.001695977 -0.000460889 0.002005033 0.999996424
1770028852699645696.000000 -0.097179122 -0.014474478 -0.008564761 -0.001446475 0.000070338 0.001296731 0.999998152
1770028852732972544.000000 -0.093294017 -0.011227629 -0.006975251 -0.001569260 0.000360976 0.001458563 0.999997675
1770028852832978688.000000 -0.083821818 -0.006503316 -0.012636109 -0.002269862 0.000642293 0.003092509 0.999992490
1770028852866313472.000000 -0.080247462 -0.001741663 -0.009160301 -0.001994828 0.000312721 0.002494519 0.999994874
1770028852899636736.000000 -0.076164059 0.005463026 0.005154733 -0.001420962 0.000069644 0.000937801 0.999998569
1770028852966312960.000000 -0.070889570 0.010066961 0.000864169 -0.000983487 0.000633449 0.000758605 0.999999106
1770028852999642880.000000 -0.071169659 0.009148631 -0.002735597 -0.001266217 0.001192070 0.001386498 0.999997556
1770028853032976640.000000 -0.067063645 0.008909993 -0.003525846 -0.001625515 0.000846782 0.001671925 0.999996960
1770028853099662080.000000 -0.063541166 0.010027437 -0.008013250 -0.001841174 0.001154972 0.001406521 0.999996722
1770028853132985088.000000 -0.061324734 0.010501619 -0.010342799 -0.001917664 0.001334402 0.001522815 0.999996185
1770028853166326784.000000 -0.058494966 0.011569995 -0.007997299 -0.001737763 0.001454584 0.001166577 0.999996781
1770028853199645952.000000 -0.056484967 0.010811893 -0.012569524 -0.001852154 0.001915733 0.001329478 0.999995589
1770028853233041152.000000 -0.053410873 0.011111752 -0.014294290 -0.001736597 0.001601446 0.001674217 0.999995887
1770028853266338560.000000 -0.049462408 0.011197912 -0.015861286 -0.001803576 0.001901433 0.002175053 0.999994218
1770028853332989184.000000 -0.044779234 0.010589631 -0.014569797 -0.001805989 0.001590517 0.002067245 0.999995053
1770028853432969984.000000 -0.038893398 0.007581188 -0.019532612 -0.001922486 0.002437880 0.002007950 0.999993205
1770028853466309376.000000 -0.037319824 0.010930176 -0.012042418 -0.001636909 0.002267076 0.001268676 0.999995351
1770028853499651072.000000 -0.032858040 0.012098674 -0.009093625 -0.001411661 0.002042404 0.001803633 0.999995291
1770028853532968704.000000 -0.031862792 0.013374731 -0.001589328 -0.001306145 0.001878867 0.001179215 0.999996781
1770028853566308352.000000 -0.030889381 0.009631229 -0.012427377 -0.001344395 0.002195831 0.001223797 0.999995947
1770028853633008896.000000 -0.027794948 0.010292777 -0.011140804 -0.001028861 0.002335183 0.000617620 0.999996603
1770028853699664384.000000 -0.023915308 0.012861041 0.002233447 -0.000269397 0.001928988 0.000558107 0.999997973
1770028853799646976.000000 -0.019729448 0.009838090 -0.001174738 -0.000463367 0.001710799 0.000766390 0.999998152
1770028853833002496.000000 -0.017856028 0.009328281 0.002073464 -0.000430980 0.001470344 0.000748988 0.999998629
1770028853866305536.000000 -0.016004879 0.007593076 0.002212333 -0.000366598 0.001475302 0.000924760 0.999998450
1770028853932975360.000000 -0.013681394 0.006468839 -0.000257739 -0.000111059 0.001583458 0.001910075 0.999996960
1770028853999646208.000000 -0.011170438 0.005195339 -0.000495680 0.000300709 0.001417832 0.001583596 0.999997675
1770028854032972032.000000 -0.011370381 0.006823723 0.003784729 0.000609709 0.001275533 0.000976259 0.999998569
1770028854066313216.000000 -0.013136399 0.000529127 -0.018553842 0.000225197 0.001638566 0.001037645 0.999998093
1770028854099642112.000000 -0.014715187 -0.001288714 -0.017749399 0.000036801 0.001860280 0.000907795 0.999997914
1770028854132974336.000000 -0.013641695 -0.001805092 -0.018773353 0.000100824 0.001566544 0.000824559 0.999998450
1770028854199639808.000000 -0.011478226 -0.003193398 -0.020583432 0.000273814 0.001656572 0.000888510 0.999998271
1770028854266310144.000000 -0.010291388 -0.004779906 -0.019456822 0.000160647 0.001593913 0.000724375 0.999998450
1770028854299645184.000000 -0.008886741 -0.004443164 -0.020762531 0.000313083 0.001342344 0.000594578 0.999998927
1770028854332976128.000000 -0.007377756 -0.005975909 -0.022451833 0.000094680 0.001150629 0.000575127 0.999999166
1770028854366312704.000000 -0.007129319 -0.006208114 -0.021752872 0.000140563 0.001133421 0.000718827 0.999999106
1770028854399639040.000000 -0.005600894 -0.006291661 -0.022257064 0.000115888 0.000792263 0.000875352 0.999999285
1770028854466318080.000000 -0.005307180 -0.007491049 -0.023044461 -0.000193543 0.000684870 0.000362919 0.999999702
1770028854566305536.000000 -0.002984111 -0.007676588 -0.023070272 -0.000578897 0.000412980 0.000309753 0.999999762
1770028854599643136.000000 -0.003658811 -0.006988493 -0.022155704 -0.000543954 0.000523472 0.000357591 0.999999702
1770028854666309376.000000 -0.002133904 -0.006390642 -0.022974407 -0.000554908 0.000316652 0.000274295 0.999999762
1770028854699637504.000000 -0.003017705 -0.007750215 -0.023552243 -0.000952323 0.000506909 0.000051791 0.999999464
1770028854732997632.000000 -0.001925985 -0.007062425 -0.023513414 -0.000650956 0.000351336 0.000190877 0.999999702
1770028854799639040.000000 -0.001529720 -0.007431881 -0.024489671 -0.000848920 0.000165597 0.000241447 0.999999642
1770028854932999424.000000 -0.002938334 -0.006180690 -0.022209948 -0.000694334 0.000499205 0.000171611 0.999999642
1770028854966332160.000000 -0.001896930 -0.008054787 -0.023948142 -0.001007267 0.000180158 -0.000138006 0.999999464
1770028854999655168.000000 -0.002148411 -0.007314445 -0.022314580 -0.000941405 0.000427016 0.000278440 0.999999464
1770028855032995584.000000 -0.002258707 -0.008013559 -0.024212969 -0.001029363 0.000346095 0.000345230 0.999999344
1770028855099660544.000000 -0.001611813 -0.007951794 -0.023113893 -0.001241171 0.000190880 0.000307236 0.999999225
1770028855133037568.000000 -0.002670740 -0.007038580 -0.022305507 -0.000907448 0.000428964 0.000259579 0.999999523
1770028855166331392.000000 -0.003567041 -0.007948766 -0.021318264 -0.001069719 0.000534487 0.000261712 0.999999285
1770028855199657216.000000 -0.002947431 -0.006939124 -0.021803919 -0.000877543 0.000452189 0.000230056 0.999999523
1770028855299636736.000000 -0.000869103 -0.008101230 -0.023066381 -0.001151848 0.000000746 0.000559363 0.999999166
1770028855332973824.000000 -0.001916674 -0.007624276 -0.022558339 -0.001044623 0.000230858 0.000393070 0.999999404
1770028855366314240.000000 -0.002620383 -0.008159810 -0.023097361 -0.001139597 0.000312167 0.000283521 0.999999285
1770028855432977920.000000 -0.002287632 -0.007157183 -0.021506028 -0.001000330 0.000228649 0.000443899 0.999999404
1770028855466302208.000000 -0.001309984 -0.007194705 -0.022090891 -0.000963179 0.000056838 0.000493711 0.999999404
1770028855499651328.000000 -0.002314283 -0.007871998 -0.021310220 -0.001073049 0.000161570 0.000218548 0.999999404
1770028855599679488.000000 -0.002419954 -0.008817186 -0.022215834 -0.001044696 0.000115476 -0.000307950 0.999999404
1770028855632972544.000000 -0.002839464 -0.008128567 -0.022182146 -0.000812238 0.000216207 -0.000514572 0.999999523
1770028855666304768.000000 -0.000452957 -0.008958305 -0.021617316 -0.001009285 -0.000202412 0.000208665 0.999999464
1770028855699646208.000000 -0.001461046 -0.007417883 -0.020604929 -0.000729647 0.000006483 -0.000095210 0.999999762
1770028855766309888.000000 -0.002043922 -0.007623753 -0.019978724 -0.000767740 0.000135025 0.000597800 0.999999523
1770028855799664640.000000 -0.002032211 -0.009039814 -0.022065984 -0.000906884 -0.000075733 0.000074260 0.999999583
1770028855899670528.000000 -0.001927244 -0.009180237 -0.021534041 -0.000947483 -0.000054632 0.000359194 0.999999523
1770028855932998656.000000 -0.002674709 -0.007534784 -0.020498529 -0.000560460 0.000167764 0.000281264 0.999999821
1770028855966316544.000000 -0.001413430 -0.008369507 -0.022036530 -0.000796328 -0.000112252 0.000255049 0.999999702
1770028855999680256.000000 -0.001340800 -0.006528260 -0.018217351 -0.000381746 -0.000115874 0.000418390 0.999999881
1770028856066357760.000000 -0.001101145 -0.007334230 -0.019002812 -0.000524476 -0.000242490 0.000072207 0.999999881
1770028856099656704.000000 -0.001242575 -0.006962617 -0.019406164 -0.000469091 -0.000228522 0.000375222 0.999999821
1770028856166307328.000000 -0.001142914 -0.008283237 -0.018931897 -0.000653125 -0.000131361 0.000449748 0.999999702
1770028856266301440.000000 -0.001451775 -0.008466873 -0.020621523 -0.000666878 -0.000020753 0.000249220 0.999999762
1770028856299639040.000000 -0.000637823 -0.007897084 -0.020901531 -0.000648909 -0.000227387 0.000496627 0.999999642
1770028856332974080.000000 -0.001136780 -0.007243267 -0.021540629 -0.000395256 -0.000153233 0.000284774 0.999999881
1770028856366299392.000000 -0.001071385 -0.006864932 -0.019771984 -0.000293829 -0.000177104 0.000155422 0.999999940
1770028856399643648.000000 -0.001211734 -0.006252479 -0.019100703 -0.000307645 -0.000145299 0.000066457 0.999999940
1770028856432981504.000000 0.000737911 -0.007229262 -0.019638153 -0.000543231 -0.000473449 0.000429090 0.999999702
1770028856532973312.000000 -0.000911544 -0.007676576 -0.022663176 -0.000451086 -0.000182139 0.000099132 0.999999881
