1769791118574417664.000000 0.000000000 0.000000000 0.000000000 -0.000000000 -0.000000000 -0.000000000 1.000000000
1769791118607732736.000000 0.000300361 -0.000078835 0.000412182 -0.000067548 0.000197225 0.000165681 0.999999940
1769791118674404864.000000 0.002048762 -0.000152641 0.001865859 -0.000085498 0.000245344 0.000295465 0.999999940
1769791118741067520.000000 0.005708749 0.000404979 0.004511659 0.000001735 -0.000153411 0.000221759 1.000000000
1769791118774401792.000000 0.006140816 0.000516299 0.006774810 -0.000000219 -0.000134743 0.000048964 1.000000000
1769791118807737856.000000 0.007188187 0.002220473 0.009203716 0.000220633 -0.000245100 -0.000260957 0.999999940
1769791118841064960.000000 0.008244900 0.001955251 0.007897112 0.000219884 -0.000511838 -0.000159041 0.999999881
1769791118874402048.000000 0.008218515 -0.000127689 0.006471680 -0.000051283 -0.000647868 0.000238974 0.999999762
1769791118974449408.000000 0.005524128 -0.000805500 0.004143933 -0.000140159 -0.000375866 0.000113825 0.999999940
1769791119007729408.000000 0.006394087 -0.001054159 0.003779580 -0.000130565 -0.000598214 0.000126428 0.999999821
1769791119074395136.000000 0.002829267 -0.001111840 0.002531930 -0.000174746 -0.000108366 -0.000061002 1.000000000
1769791119107736320.000000 -0.000283533 -0.001451192 -0.000519996 -0.000371589 -0.000083696 -0.001319817 0.999999046
1769791119141073408.000000 -0.003390009 0.003170176 0.003134882 0.000805022 0.000876361 -0.002645235 0.999995828
1769791119174394880.000000 -0.004562666 0.004722092 0.002915788 0.001182616 0.001023616 -0.003007247 0.999994278
1769791119307746048.000000 -0.005338312 0.004922089 0.002958300 0.001090832 0.000954016 -0.002935732 0.999994695
1769791119374416896.000000 -0.004969440 0.000982355 0.000869038 0.000018454 0.000979724 -0.000718102 0.999999285
1769791119407769600.000000 -0.005296386 0.002589184 0.001103166 0.000253259 0.001039361 -0.001020052 0.999998927
1769791119441082624.000000 -0.005070515 0.002504793 0.000991581 0.000215775 0.000928270 -0.001125984 0.999998987
1769791119474420480.000000 -0.006072059 0.002858286 0.001361198 0.000259956 0.001135980 -0.001242227 0.999998569
1769791119541110784.000000 -0.005817716 0.003429888 0.002126898 0.000385163 0.000987961 -0.001542310 0.999998271
1769791119574410240.000000 -0.005081023 0.003632385 0.002724170 0.000478957 0.000875066 -0.001504046 0.999998391
1769791119607755520.000000 -0.005078488 0.002673879 0.003353899 0.000318045 0.000898535 -0.001492841 0.999998450
1769791119674400000.000000 -0.004723316 0.002923777 0.003399431 0.000382046 0.000871269 -0.001559520 0.999998391
1769791119707739392.000000 -0.004851608 0.002618854 0.002345345 0.000315335 0.000857605 -0.001490604 0.999998569
1769791119741069824.000000 -0.004773336 0.002678012 0.002941399 0.000392286 0.000918099 -0.001475084 0.999998450
1769791119807732992.000000 -0.003422639 0.002079004 0.003112717 0.000256246 0.000839257 -0.001526939 0.999998510
1769791119841065472.000000 -0.003174368 0.001468880 0.001755971 0.000163405 0.000785101 -0.001427691 0.999998689
1769791119874402816.000000 -0.003950275 0.001703482 0.002600870 0.000229384 0.000896060 -0.001338870 0.999998689
1769791119941063168.000000 -0.004917752 0.002104958 0.002307001 0.000352045 0.000992383 -0.001690812 0.999998033
1769791119974395648.000000 -0.003228702 -0.001787079 0.002163436 -0.000253429 0.000401279 -0.001735852 0.999998391
1769791120007729408.000000 -0.005949475 -0.000079186 0.003217562 -0.000051510 0.000982316 -0.001676287 0.999998152
1769791120074414848.000000 -0.002444095 0.000179223 -0.003930351 0.000327683 -0.000098952 -0.000436256 0.999999881
1769791120107731456.000000 -0.004141377 0.000769628 -0.004916660 0.000324345 0.000087486 -0.000570184 0.999999821
1769791120141071104.000000 -0.003498654 -0.000473975 -0.006566496 0.000164537 0.000090948 0.000078489 1.000000000
1769791120174408192.000000 -0.002895894 -0.003238839 -0.006139892 -0.000334362 0.000245930 0.000016666 0.999999940
1769791120241072384.000000 -0.001448621 -0.004788991 -0.009809798 -0.000430979 0.000393721 -0.000160843 0.999999821
1769791120307733504.000000 0.003049526 -0.004320414 -0.006736740 -0.000315744 0.000055973 -0.000110941 1.000000000
1769791120341070848.000000 -0.003292408 -0.002071463 0.000069034 -0.000100205 0.000362607 -0.000414773 0.999999881
1769791120374395904.000000 -0.005564283 -0.000642629 -0.001909096 -0.000047618 0.000944388 -0.000734811 0.999999344
1769791120474407168.000000 -0.004753723 -0.001323843 -0.006478427 -0.000225015 0.000826702 -0.000834537 0.999999344
1769791120507739904.000000 -0.004459518 -0.001407724 -0.006469354 -0.000041283 0.000950611 -0.001256438 0.999998748
1769791120541065216.000000 -0.002424708 -0.001695178 -0.006073066 -0.000086925 0.000587846 -0.001163491 0.999999225
1769791120607742720.000000 -0.002197101 -0.002878945 -0.005876049 -0.000149592 0.000596991 -0.001286216 0.999998987
1769791120641079552.000000 -0.004481407 -0.002014318 -0.006571557 -0.000101245 0.000975055 -0.001727565 0.999998093
1769791120707730944.000000 -0.000228546 0.000275538 0.006295479 -0.000184961 0.000200017 -0.000229781 0.999999940
1769791120741074688.000000 -0.000444816 -0.001551306 0.004565126 -0.000561078 0.000273258 0.000550695 0.999999702
1769791120841063424.000000 -0.004949265 -0.001306541 0.002569794 -0.000451531 0.001045007 -0.000472135 0.999999285
1769791120874405376.000000 -0.005466622 -0.000913019 0.002775481 -0.000458842 0.001123133 -0.000706968 0.999999046
1769791120907738112.000000 -0.006512702 -0.002986890 0.002010414 -0.000788707 0.001152959 -0.000537713 0.999998927
1769791120941068288.000000 -0.004287391 -0.003478790 0.002031760 -0.000999066 0.000776262 -0.000668431 0.999998987
1769791120974435840.000000 -0.006412926 0.008441326 0.000758366 0.000044030 0.000572359 -0.002304623 0.999997199
1769791121007737088.000000 -0.006514679 0.007212927 0.001939562 -0.000136725 0.000603993 -0.002836146 0.999995828
1769791121107731456.000000 -0.006849538 0.006445807 0.000236527 -0.000013719 0.000200983 -0.002929594 0.999995768
1769791121141060352.000000 -0.006698022 0.007835219 0.001430868 0.000327710 0.000153047 -0.003287811 0.999994576
1769791121174403584.000000 -0.006471112 0.010097107 0.003625518 0.000812993 0.000306357 -0.003414040 0.999993861
1769791121207738112.000000 -0.006583389 0.008909726 0.002585574 0.000727162 0.000210739 -0.003279214 0.999994338
1769791121241060352.000000 -0.007509401 0.008205276 0.001663115 0.000628117 0.000237394 -0.003156087 0.999994874
1769791121274393344.000000 -0.009008435 0.005750424 -0.000806903 0.000284487 0.000388301 -0.003080775 0.999995112
1769791121407736064.000000 -0.008752731 0.005797423 -0.002051384 0.000659333 -0.000367587 -0.003231560 0.999994576
1769791121441063680.000000 -0.005373347 -0.001820266 -0.006172512 -0.000027047 -0.001062231 -0.001617463 0.999998152
1769791121474402304.000000 -0.004978430 -0.000694506 -0.003750664 0.000369528 -0.001104370 -0.001721103 0.999997854
1769791121507734016.000000 -0.006226423 0.001165761 -0.002033787 0.000944774 -0.000688191 -0.002924620 0.999995112
1769791121541071104.000000 -0.005758533 0.000873078 -0.002390240 0.000943471 -0.000782057 -0.002937447 0.999994934
1769791121707733504.000000 -0.004786780 -0.001219896 -0.007462358 0.001258313 -0.000983611 -0.003336951 0.999993205
1769791121741081088.000000 -0.003648880 -0.000660539 -0.006813278 0.001698058 -0.001282501 -0.003205178 0.999992669
1769791121774398976.000000 -0.006607994 -0.001656774 -0.010020419 0.001650607 -0.001111976 -0.003155792 0.999993086
1769791121807746816.000000 -0.008211814 -0.002461293 -0.010591123 0.001583406 -0.000897459 -0.003412606 0.999992549
1769791121841061888.000000 -0.007761701 -0.001204786 -0.012102737 0.002003643 -0.001007456 -0.003775943 0.999990404
1769791121874403072.000000 -0.007733325 0.000448005 -0.010756160 0.002360783 -0.001017081 -0.003843219 0.999989390
1769791121974403072.000000 -0.006901004 0.000916560 -0.008021587 0.002348983 -0.000852174 -0.003743418 0.999989867
1769791122007729664.000000 -0.008003127 -0.002089242 -0.010843396 0.001943765 -0.000692950 -0.003518301 0.999991715
1769791122041071872.000000 -0.011069265 -0.001355229 -0.011590917 0.001912082 -0.000104451 -0.003840308 0.999990880
1769791122074402816.000000 -0.014337363 -0.006120256 -0.014818541 0.000573643 -0.000015056 -0.002695007 0.999996245
1769791122107739648.000000 -0.017458845 -0.008162861 -0.018886354 0.000161036 0.000502326 -0.003053656 0.999995291
1769791122141059840.000000 -0.019841885 -0.008444724 -0.021013629 0.000283000 0.000714041 -0.002809776 0.999995828
1769791122241072128.000000 -0.028040117 -0.016188627 -0.029038029 -0.000549626 0.001783396 -0.002733655 0.999994576
1769791122274397696.000000 -0.028091982 -0.015252947 -0.027272204 -0.000288953 0.001731747 -0.002502684 0.999995410
1769791122307726080.000000 -0.031102059 -0.013775672 -0.030167347 0.000431052 0.002287893 -0.002869431 0.999993205
1769791122341073408.000000 -0.024667693 -0.000576787 -0.002561384 0.002760831 0.002259857 -0.003278869 0.999988258
1769791122374399232.000000 -0.024259696 -0.000467601 -0.003348795 0.003037812 0.002574946 -0.003292762 0.999986649
1769791122407743744.000000 -0.023607166 -0.001384410 -0.005071982 0.003148644 0.002681408 -0.003078784 0.999986708
1769791122541064448.000000 -0.023670411 -0.004162180 -0.010029660 0.003413851 0.003556078 -0.003745635 0.999980867
1769791122574399488.000000 -0.021891166 -0.007168105 -0.010323281 0.003232014 0.003364568 -0.003314561 0.999983668
1769791122607725568.000000 -0.021314165 -0.007758650 -0.010483085 0.003543310 0.003543979 -0.003189837 0.999982417
1769791122641073408.000000 -0.018924810 -0.007290647 -0.011463094 0.003714555 0.003574646 -0.003014814 0.999982178
1769791122674399488.000000 -0.014753382 -0.010377559 -0.013273671 0.003512394 0.003424697 -0.002969942 0.999983549
1769791122707729664.000000 -0.017158644 -0.011059366 -0.017528446 0.003722722 0.004013470 -0.002783298 0.999981165
1769791122807730432.000000 -0.009387450 -0.017178049 -0.014542973 0.002655832 0.002828543 -0.003085165 0.999987721
1769791122841060096.000000 -0.007929699 -0.016803738 -0.014068444 0.002892313 0.003012421 -0.003344527 0.999985695
1769791122874398976.000000 -0.007063720 -0.016898448 -0.013265173 0.003009540 0.003407806 -0.003269367 0.999984324
1769791122907733248.000000 -0.004568875 -0.018772883 -0.012824974 0.002572120 0.003528362 -0.002969512 0.999986112
1769791122941060608.000000 -0.002966331 -0.018941669 -0.013142693 0.002626579 0.003658504 -0.002973416 0.999985456
1769791122974393088.000000 0.000971982 -0.021156605 -0.013603303 0.002440219 0.003082152 -0.002662048 0.999988794
1769791123107741696.000000 0.008043822 -0.022883918 -0.010169683 0.003147376 0.003407889 -0.002182889 0.999986887
1769791123141064192.000000 0.009657376 -0.021942141 -0.008474589 0.003567848 0.003853879 -0.001945304 0.999984384
1769791123174393344.000000 0.015605832 -0.025678745 -0.008035786 0.003211899 0.003016972 -0.001580121 0.999989033
1769791123207731968.000000 0.016995335 -0.025613511 -0.007003481 0.003423887 0.003345753 -0.002051966 0.999986470
1769791123241065472.000000 0.019284647 -0.026544295 -0.006390157 0.003413301 0.002985168 -0.001602437 0.999988437
1769791123274397440.000000 0.019312769 -0.024361091 -0.008515321 0.004473343 0.003549025 -0.003274818 0.999978364
1769791123441069568.000000 0.032088544 -0.026488304 -0.003894213 0.004639302 0.004045264 -0.002482906 0.999978006
1769791123474392064.000000 0.035901818 -0.028830821 -0.004416702 0.004251375 0.003805876 -0.002103751 0.999981523
1769791123507730176.000000 0.037095279 -0.028838105 -0.002350751 0.004517119 0.004190700 -0.002368535 0.999978244
1769791123574398976.000000 0.039167348 -0.027667075 0.000411716 0.005147084 0.004959567 -0.001258034 0.999973714
1769791123741065984.000000 0.053700835 -0.024068723 0.013875501 0.005784837 0.005807948 -0.001390170 0.999965429
1769791123774401280.000000 0.056697369 -0.024736566 0.015286045 0.005891168 0.005727951 -0.001310772 0.999965429
1769791123807733504.000000 0.058870029 -0.024960915 0.020536769 0.006167933 0.006174947 -0.000582762 0.999961793
1769791123841071104.000000 0.063278846 -0.024706919 0.020952471 0.006313101 0.006090869 -0.000696493 0.999961317
1769791123874395648.000000 0.067612395 -0.025283096 0.023107573 0.006321667 0.006040987 -0.000183354 0.999961793
1769791123907727360.000000 0.070002623 -0.023538530 0.024818545 0.006615917 0.006311258 -0.000677842 0.999958038
1769791123974395648.000000 0.075774066 -0.027073104 0.020249303 0.006108472 0.006082404 -0.000844684 0.999962568
1769791124007730688.000000 0.079111606 -0.025294444 0.022861656 0.006588903 0.006459583 -0.000757488 0.999957144
1769791124041070336.000000 0.081329785 -0.027810225 0.007708734 0.007111534 0.006393512 0.000050584 0.999954283
1769791124074401024.000000 0.082769707 -0.026528109 0.009913229 0.007412620 0.006864297 0.000038913 0.999948978
1769791124107756288.000000 0.084691167 -0.026303262 0.012821622 0.007431835 0.007017675 -0.000247574 0.999947727
1769791124141059840.000000 0.086667761 -0.026362335 0.014384871 0.007552601 0.007624149 -0.000229490 0.999942422
1769791124207734016.000000 0.093233265 -0.025316667 0.014839369 0.007939931 0.007759363 -0.000481048 0.999938250
1769791124241070336.000000 0.095608234 -0.024138832 0.017184982 0.008380149 0.008076492 -0.000441435 0.999932230
1769791124274395392.000000 0.100157328 -0.023837108 0.015693551 0.008424717 0.008147638 -0.000448505 0.999931276
1769791124307731712.000000 0.104197301 -0.024668382 0.015403770 0.008170513 0.008269560 -0.000423756 0.999932349
1769791124341070848.000000 0.107115693 -0.026628798 0.013619885 0.007537232 0.008171738 0.001625437 0.999936938
1769791124374398976.000000 0.109731071 -0.024567852 0.014766747 0.007881082 0.008301816 0.001126223 0.999933898
1769791124474424576.000000 0.121874243 -0.020633150 0.018604778 0.008359098 0.008574932 0.000698347 0.999928117
1769791124507738880.000000 0.123850793 -0.020050244 0.019755678 0.008318032 0.008964905 0.000494359 0.999925137
1769791124541067520.000000 0.126982182 -0.016662924 0.024705177 0.008749459 0.009437794 0.000326434 0.999917209
1769791124574398720.000000 0.131049693 -0.015494681 0.024133820 0.008805394 0.009482479 0.000418704 0.999916255
1769791124607730944.000000 0.132398561 -0.014151343 0.025452452 0.008931705 0.009818607 0.000371452 0.999911904
1769791124641061120.000000 0.138295040 -0.012462772 0.026474765 0.009088718 0.009330524 0.000945304 0.999914765
1769791124741063680.000000 0.145043269 -0.007719911 0.029787337 0.008858515 0.011007652 0.000110530 0.999900162
1769791124807728640.000000 0.151099652 -0.002918585 0.032221358 0.009276452 0.011587245 -0.000191289 0.999889851
1769791124841058560.000000 0.155300483 -0.001648383 0.032399103 0.009432029 0.011369335 0.000069753 0.999890924
1769791124874407424.000000 0.157549694 -0.000044048 0.036380995 0.009493515 0.012029752 -0.000636947 0.999882400
1769791124907735552.000000 0.161182269 0.002148598 0.038419478 0.009815009 0.012554605 -0.000650566 0.999872863
1769791124941079040.000000 0.164274588 0.003685142 0.040099636 0.010168826 0.012933284 -0.000966588 0.999864221
1769791125074412544.000000 0.184354544 0.015849793 0.037898343 0.012284285 0.012744194 -0.000525642 0.999843240
1769791125107741952.000000 0.186614349 0.017919112 0.039520711 0.012554742 0.013102818 -0.000659316 0.999835193
1769791125141083392.000000 0.188372105 0.021091314 0.042318076 0.012956760 0.013914824 -0.000648790 0.999819040
1769791125174416384.000000 0.191905737 0.022272861 0.040686861 0.012924733 0.013971969 -0.000546928 0.999818742
1769791125207750144.000000 0.194722980 0.026853558 0.045638688 0.013179613 0.014361983 -0.002059165 0.999807894
1769791125241080320.000000 0.198482692 0.030647347 0.048772845 0.013412684 0.014571311 -0.002266452 0.999801338
1769791125374409216.000000 0.217170805 0.044037983 0.050342873 0.014918231 0.014759576 -0.000915229 0.999779344
1769791125407741440.000000 0.218243390 0.046141941 0.052767638 0.014875841 0.015539650 -0.001166454 0.999767959
1769791125441082112.000000 0.222240627 0.049415376 0.052972026 0.014883256 0.015477234 -0.001547522 0.999768317
1769791125474424320.000000 0.223139256 0.053238329 0.054830018 0.015037331 0.016144661 -0.001970378 0.999754727
1769791125507750144.000000 0.224043146 0.056865174 0.057089239 0.015444101 0.016986903 -0.002370629 0.999733627
1769791125541072896.000000 0.227897182 0.060355406 0.060297623 0.015705746 0.017084774 -0.002700808 0.999727070
1769791125674463488.000000 0.248338610 0.075627789 0.060800508 0.016690666 0.017149011 -0.001963238 0.999711752
1769791125707746304.000000 0.250786334 0.078834377 0.062144928 0.017039895 0.017581562 -0.002175215 0.999697924
1769791125741073408.000000 0.254467994 0.082945064 0.063469782 0.017469518 0.018020747 -0.002435199 0.999682009
1769791125774454528.000000 0.255127311 0.086728454 0.064441130 0.017486507 0.018878778 -0.003599084 0.999662399
1769791125807771392.000000 0.255606860 0.091634728 0.068157189 0.017622674 0.019605935 -0.004040931 0.999644339
1769791125841074944.000000 0.260152847 0.093871810 0.068385728 0.017345449 0.019271612 -0.004338529 0.999654412
1769791125974413824.000000 0.277888685 0.114851095 0.068078510 0.018725036 0.018640427 -0.002962246 0.999646485
1769791126007748352.000000 0.281617314 0.120070279 0.068257384 0.019163765 0.018845018 -0.003494173 0.999632657
1769791126041082880.000000 0.283759117 0.121449873 0.070170194 0.018691568 0.019326242 -0.003794382 0.999631345
1769791126074414336.000000 0.282787502 0.125911027 0.072905511 0.018764997 0.020291388 -0.004684114 0.999607027
1769791126107745280.000000 0.286038160 0.129292235 0.073160797 0.018812139 0.020342171 -0.005112231 0.999603033
1769791126141079808.000000 0.288184106 0.133712545 0.075465977 0.019018581 0.020798126 -0.005039799 0.999590099
1769791126274429440.000000 0.298920125 0.153745517 0.085338272 0.019543428 0.021593280 -0.005795078 0.999559045
1769791126341082880.000000 0.302512825 0.159460783 0.086056367 0.019175801 0.022267733 -0.006273773 0.999548495
1769791126374416128.000000 0.303767085 0.162487447 0.087627299 0.018654710 0.022704711 -0.007164334 0.999542475
1769791126407755264.000000 0.306566149 0.169139504 0.092958905 0.018991087 0.022801461 -0.008094511 0.999526858
1769791126441083392.000000 0.308010489 0.173090473 0.092801802 0.019251751 0.023034889 -0.008679324 0.999511600
1769791126541085696.000000 0.324372530 0.199971020 0.092981368 0.023308668 0.021216996 -0.006498729 0.999482036
1769791126574425088.000000 0.324886113 0.202856481 0.093710013 0.022748407 0.021694098 -0.006816752 0.999482572
1769791126607761152.000000 0.327732176 0.207163334 0.094747141 0.022771409 0.021522140 -0.007286052 0.999482512
1769791126641075712.000000 0.327549428 0.210958883 0.096680872 0.022619309 0.022214577 -0.008033131 0.999465048
1769791126674409984.000000 0.330204159 0.213911846 0.096917748 0.022161357 0.022093020 -0.008525641 0.999473929
1769791126707748608.000000 0.331391066 0.218960062 0.098870479 0.022509212 0.022489714 -0.008824497 0.999454677
1769791126774406400.000000 0.336776555 0.231449261 0.105451576 0.023363337 0.022621347 -0.009144786 0.999429286
1769791126807746304.000000 0.337796211 0.234127462 0.105655178 0.022900505 0.022872383 -0.009682178 0.999429226
1769791126841076480.000000 0.340472341 0.238891095 0.106704637 0.023111487 0.022598512 -0.009619036 0.999431193
1769791126874415104.000000 0.340959013 0.242273659 0.106533818 0.023102056 0.022851817 -0.010222116 0.999419630
1769791126907746304.000000 0.341961354 0.247644261 0.109174863 0.023272388 0.023094609 -0.011039358 0.999401450
1769791126941080320.000000 0.343785584 0.253277183 0.108994901 0.023719136 0.023123404 -0.011037954 0.999390304
1769791127007739904.000000 0.347931802 0.257077217 0.111241788 0.021722848 0.023387050 -0.012253145 0.999415338
1769791127041085440.000000 0.347551584 0.259675264 0.111132354 0.021294322 0.023751672 -0.012781239 0.999409378
1769791127074411776.000000 0.350977659 0.264820069 0.111724220 0.021502862 0.023225132 -0.013127225 0.999412775
1769791127107738368.000000 0.351324886 0.267732799 0.112330675 0.021351937 0.023385620 -0.013648083 0.999405384
1769791127141083904.000000 0.352597117 0.273819804 0.113639511 0.021939481 0.023587240 -0.013884778 0.999384642
1769791127174406656.000000 0.352074683 0.277428836 0.114513934 0.021754909 0.023906626 -0.014481983 0.999372602
1769791127307746560.000000 0.346626967 0.298937112 0.119220145 0.023823714 0.025199680 -0.013768082 0.999303699
1769791127341075712.000000 0.345545739 0.301034331 0.117944390 0.023711631 0.025360271 -0.013595962 0.999304652
1769791127374414336.000000 0.346978903 0.300409049 0.112231247 0.022781467 0.025041359 -0.013440615 0.999336481
1769791127407737856.000000 0.346488714 0.302836567 0.111303702 0.022808172 0.025078332 -0.013204282 0.999338090
1769791127441072128.000000 0.345381618 0.302857727 0.108039014 0.022191135 0.024905505 -0.012859490 0.999360740
1769791127474414336.000000 0.342417926 0.302200377 0.104728900 0.020835042 0.025381204 -0.013304278 0.999372125
1769791127607744000.000000 0.348153114 0.314471245 0.105836131 0.022008069 0.024662873 -0.013027796 0.999368608
1769791127674412544.000000 0.333154142 0.313302815 0.091998048 0.019824779 0.026541058 -0.013775215 0.999356210
1769791127741077760.000000 0.324376911 0.316013932 0.083889395 0.019441985 0.027199397 -0.012632309 0.999361098
1769791127774411264.000000 0.336656034 0.332284719 0.094663791 0.022583628 0.025962723 -0.014372165 0.999304473
1769791127941084416.000000 0.336069643 0.339574248 0.092319779 0.022521719 0.025672946 -0.013163242 0.999329984
1769791127974415104.000000 0.336332500 0.340088934 0.092714138 0.022184052 0.025556149 -0.013336182 0.999338329
1769791128007739136.000000 0.338271469 0.344751298 0.099684559 0.022618664 0.025337033 -0.015347532 0.999305248
1769791128041082368.000000 0.336714804 0.344585061 0.099711917 0.022020744 0.025187792 -0.015744746 0.999316216
1769791128074414848.000000 0.335949719 0.346574545 0.103210971 0.022287382 0.025085697 -0.015977172 0.999309182
1769791128107755776.000000 0.336282164 0.348278433 0.108171947 0.022324026 0.025013074 -0.016069908 0.999308646
1769791128207749888.000000 0.327294827 0.352720290 0.104144238 0.021987183 0.026351042 -0.019706042 0.999216616
1769791128241086976.000000 0.325455904 0.351972073 0.100329213 0.021510590 0.025929913 -0.019971648 0.999232769
1769791128274411520.000000 0.322006136 0.350162119 0.091713749 0.020939875 0.025313180 -0.019942885 0.999261260
1769791128307808768.000000 0.320157528 0.350737035 0.087639794 0.021833530 0.024889609 -0.019304089 0.999265313
1769791128341083136.000000 0.318816572 0.350407511 0.085894942 0.022129653 0.024248019 -0.018883478 0.999282598
1769791128374405120.000000 0.315739900 0.349770039 0.086420320 0.021727087 0.024227524 -0.019216184 0.999285638
1769791128441083904.000000 0.314937800 0.349891007 0.095012359 0.021149000 0.024155995 -0.019360293 0.999296963
1769791128507747328.000000 0.311572880 0.348348409 0.096257105 0.019553801 0.024157148 -0.022442402 0.999264956
1769791128541077248.000000 0.310150653 0.348169714 0.098603487 0.019787051 0.024302209 -0.022449389 0.999256670
1769791128574414848.000000 0.309268177 0.348129779 0.095054291 0.020011818 0.024268361 -0.022530634 0.999251246
1769791128607746560.000000 0.304861635 0.348018348 0.087452129 0.020554502 0.024981124 -0.021868944 0.999237359
1769791128641084416.000000 0.302859068 0.346204489 0.085708626 0.020427777 0.024546800 -0.021506635 0.999258578
1769791128707773184.000000 0.298747599 0.344204485 0.086772896 0.020281522 0.025140280 -0.022322478 0.999228895
1769791128774414848.000000 0.293826431 0.340058655 0.081422262 0.020266697 0.025176501 -0.021197932 0.999252796
1769791128807749632.000000 0.294700533 0.341048509 0.087397687 0.021123154 0.024892725 -0.021030052 0.999245703
1769791128841076736.000000 0.291890144 0.338884652 0.082110099 0.021433579 0.024598667 -0.020210182 0.999263287
1769791128874408704.000000 0.287284255 0.335070848 0.089889631 0.020207152 0.025663456 -0.022540884 0.999212205
1769791128907737344.000000 0.285490662 0.333386004 0.088912822 0.020581441 0.025507882 -0.022076819 0.999218941
1769791128974421760.000000 0.281798333 0.328545630 0.086074397 0.021200020 0.025049264 -0.021570053 0.999228656
1769791129041073408.000000 0.274279624 0.320470780 0.088303536 0.020983284 0.025153926 -0.020317188 0.999256909
1769791129074409728.000000 0.274557859 0.316807568 0.086413361 0.021312885 0.024154503 -0.019294988 0.999294817
1769791129107741440.000000 0.270934194 0.312384248 0.088289373 0.021446085 0.024148675 -0.019041089 0.999296963
1769791129141108224.000000 0.269034117 0.311766922 0.087549537 0.022671351 0.023951873 -0.017413551 0.999304295
1769791129174409216.000000 0.265693337 0.309543997 0.086802609 0.023435127 0.023883766 -0.017395239 0.999288678
1769791129241076480.000000 0.260126799 0.297038555 0.081732318 0.022874162 0.023007099 -0.015090283 0.999359667
1769791129307742976.000000 0.251190603 0.291174561 0.077066213 0.024582669 0.023416223 -0.014509760 0.999318182
1769791129341086208.000000 0.246946305 0.287994981 0.076521218 0.025218407 0.023755191 -0.014009736 0.999301493
1769791129407737088.000000 0.243998915 0.276750088 0.068385847 0.026107885 0.022231981 -0.010937384 0.999352038
1769791129441080832.000000 0.233460322 0.267785668 0.071765631 0.025244800 0.023798570 -0.011801243 0.999328315
1769791129474409984.000000 0.229926720 0.259473294 0.069214679 0.024678962 0.023575731 -0.011862136 0.999347031
1769791129541077248.000000 0.220809281 0.245924756 0.063294403 0.025239108 0.023690751 -0.010629817 0.999344170
1769791129574406144.000000 0.219420716 0.238983840 0.060907420 0.025755890 0.022688461 -0.008976451 0.999370456
1769791129607741952.000000 0.214560270 0.232747599 0.058485560 0.026192449 0.022731444 -0.008777474 0.999359906
1769791129707740416.000000 0.196423560 0.204009578 0.047239169 0.025055854 0.022503849 -0.007956645 0.999401152
1769791129741069568.000000 0.190158367 0.187288135 0.047537502 0.023702316 0.022667808 -0.007756840 0.999431968
1769791129774408960.000000 0.181732938 0.180577487 0.045934133 0.023754491 0.023328511 -0.007694512 0.999415994
1769791129841072128.000000 0.169995487 0.163411424 0.038777623 0.024331929 0.022945238 -0.007292465 0.999414027
1769791129874411264.000000 0.164705411 0.153643787 0.036597069 0.024722496 0.022662407 -0.007753662 0.999407411
1769791129907740928.000000 0.155235827 0.146677151 0.036772992 0.026196390 0.023388285 -0.007887023 0.999352098
1769791129974410752.000000 0.142402142 0.128072798 0.032076024 0.028370487 0.023548488 -0.006713697 0.999297559
1769791130007746560.000000 0.140111133 0.125300929 0.030634416 0.031353746 0.022454996 -0.006718188 0.999233484
1769791130041082368.000000 0.134125322 0.115102164 0.025801789 0.032788709 0.021910695 -0.006374072 0.999201834
1769791130107747072.000000 0.119153358 0.094806612 0.022069508 0.035921905 0.021275271 -0.006790445 0.999105036
1769791130141085184.000000 0.119673252 0.096472949 0.016284073 0.040413160 0.019216951 -0.006686928 0.998975873
1769791130174407168.000000 0.117143318 0.093291670 0.014301746 0.043698411 0.017675823 -0.006623094 0.998866498
1769791130241085696.000000 0.105428524 0.073896013 0.015117021 0.046960030 0.015751965 -0.006552894 0.998751104
1769791130307745024.000000 0.095926479 0.062524691 0.011875142 0.052972332 0.014172842 -0.006195467 0.998476207
1769791130341086464.000000 0.094876505 0.059552249 0.010993690 0.056511037 0.012517872 -0.006806696 0.998300314
1769791130374441984.000000 0.090156794 0.051673654 0.012193129 0.058971260 0.011061488 -0.006908952 0.998174489
1769791130441120256.000000 0.083371311 0.040099241 0.007666829 0.064232193 0.005423087 -0.007561253 0.997891605
1769791130474446080.000000 0.075346686 0.028591802 0.002665948 0.066810161 0.002952939 -0.006562857 0.997739792
1769791130507747072.000000 0.059231650 -0.003751938 0.011242368 0.062873721 0.001334258 -0.009652601 0.997973919
1769791130574413056.000000 0.055502582 -0.009264886 0.014478495 0.068813540 -0.005983545 -0.009484546 0.997566521
1769791130607752704.000000 0.054988626 -0.006188175 0.013160459 0.072069995 -0.009894401 -0.011503035 0.997284174
1769791130641070080.000000 0.051382419 -0.002660021 0.003275719 0.076467201 -0.013624986 -0.009258980 0.996936023
1769791130707793408.000000 0.048114713 -0.002849187 -0.000160126 0.081612639 -0.022024775 -0.009897089 0.996371627
1769791130741075456.000000 0.046232153 -0.002386210 -0.002419143 0.084439643 -0.026589574 -0.010134518 0.996022224
1769791130774411776.000000 0.040534399 -0.003877822 -0.005781980 0.086110234 -0.028899621 -0.009569025 0.995820463
1769791130874411776.000000 0.038285833 0.000275346 -0.030509152 0.092573553 -0.040301140 -0.006891896 0.994866073
1769791130907738112.000000 0.035059534 -0.005734775 -0.033719603 0.092168368 -0.042813763 -0.004747965 0.994811296
1769791130941076224.000000 0.033333857 -0.002439708 -0.029351365 0.093135037 -0.045273315 -0.004280794 0.994614422
1769791131007795456.000000 0.034826845 -0.000940197 -0.031238761 0.093412608 -0.048487391 -0.000880012 0.994445682
1769791131041098752.000000 0.033008415 -0.003174263 -0.032618675 0.092175685 -0.048306741 0.001567159 0.994569123
1769791131074409984.000000 0.032464210 -0.003840115 -0.039415929 0.090324089 -0.047773272 0.000030549 0.994765937
1769791131141099264.000000 0.028142279 -0.000354590 -0.033126723 0.080833115 -0.043129843 -0.002712072 0.995790362
1769791131174423808.000000 0.028665217 0.002199610 -0.016483540 0.070138566 -0.041763190 -0.002604374 0.996659279
1769791131207753984.000000 0.029782342 -0.005806303 0.007630787 0.055642474 -0.040104039 -0.000145328 0.997645020
1769791131274424576.000000 0.023026999 -0.020977097 -0.004464080 0.034250069 -0.036524732 0.000178638 0.998745680
1769791131307751424.000000 0.017698780 -0.025536576 -0.004635679 0.026887091 -0.034702864 0.000162919 0.999035954
1769791131341070848.000000 0.008596256 -0.035762534 -0.009729260 0.019486394 -0.032342255 0.000018136 0.999286950
1769791131407742464.000000 -0.007932506 -0.051877502 -0.009795596 0.007384657 -0.028549857 -0.003644522 0.999558449
1769791131441076224.000000 -0.010708949 -0.055027794 -0.007030005 0.002848549 -0.028338337 -0.003812473 0.999587119
1769791131474418432.000000 -0.016677257 -0.064805098 -0.013602626 -0.002829740 -0.026783623 -0.003184403 0.999632239
1769791131574409216.000000 -0.047471672 -0.088898085 -0.001802600 -0.016222928 -0.021290617 -0.006245658 0.999622226
1769791131607736832.000000 -0.052338291 -0.099724561 -0.015524036 -0.019675182 -0.020189669 -0.005284403 0.999588609
1769791131641072640.000000 -0.056117434 -0.106612533 -0.015476920 -0.022021342 -0.019915543 -0.005050073 0.999546409
1769791131707742976.000000 -0.073162764 -0.131764531 -0.021389952 -0.027673649 -0.016998323 -0.005044135 0.999459803
1769791131741072640.000000 -0.082082808 -0.140997902 -0.017736064 -0.029300384 -0.015388874 -0.005490615 0.999437153
1769791131774409216.000000 -0.089284293 -0.151883766 -0.019171251 -0.030296925 -0.014571955 -0.006050727 0.999416411
1769791131841077248.000000 -0.105905861 -0.173311144 -0.019512050 -0.031496074 -0.012186937 -0.006680347 0.999407232
1769791131907737600.000000 -0.115291677 -0.189268455 -0.021518119 -0.030817274 -0.010386120 -0.006324528 0.999451101
1769791131941070848.000000 -0.123118222 -0.203903973 -0.026891546 -0.030822128 -0.009444740 -0.005989626 0.999462306
1769791132007738112.000000 -0.140612155 -0.211984545 0.012502310 -0.026683776 -0.006796212 -0.007090756 0.999595702
1769791132041086464.000000 -0.144263119 -0.218870640 0.012925508 -0.024587529 -0.006004901 -0.006590317 0.999657929
1769791132074405376.000000 -0.147196621 -0.233224809 0.003138145 -0.023491865 -0.005644955 -0.004592823 0.999697506
1769791132141073920.000000 -0.138391972 -0.213478819 0.009881510 -0.013886488 -0.005626837 -0.006976902 0.999863446
1769791132241071872.000000 -0.137094736 -0.207623273 -0.000385171 -0.002722223 -0.005228715 -0.007987699 0.999950767
1769791132307738368.000000 -0.150613710 -0.222328365 -0.028671116 0.000597449 -0.003567519 -0.006827331 0.999970138
1769791132341084928.000000 -0.153602540 -0.227625802 -0.033038460 0.002279979 -0.003096061 -0.006242849 0.999973118
1769791132374405632.000000 -0.153398588 -0.227015570 -0.039866079 0.004981252 -0.003147921 -0.006018945 0.999964595
1769791132441071872.000000 -0.153909326 -0.224385291 -0.047120780 0.010006786 -0.002943861 -0.006480051 0.999924660
1769791132474422528.000000 -0.152549624 -0.222241536 -0.037896004 0.012714751 -0.003121072 -0.006342068 0.999894261
1769791132507744256.000000 -0.145111665 -0.215787768 -0.017820364 0.015872695 -0.004115112 -0.006814308 0.999842346
1769791132574418944.000000 -0.146152124 -0.215786338 -0.020375248 0.019595180 -0.004321276 -0.006751045 0.999775887
1769791132607742464.000000 -0.145712137 -0.213400185 -0.016152306 0.021483447 -0.004187139 -0.007235228 0.999734282
1769791132641089536.000000 -0.145147443 -0.214954346 -0.015286889 0.022978863 -0.004293224 -0.006527157 0.999705434
1769791132707747072.000000 -0.143398121 -0.213677242 -0.011918504 0.026120821 -0.004791578 -0.006851237 0.999623835
1769791132741091840.000000 -0.144598603 -0.213220164 -0.014905616 0.027772274 -0.004953531 -0.006619837 0.999580085
1769791132774405376.000000 -0.145142719 -0.213907152 -0.017790478 0.029080804 -0.005175841 -0.006738178 0.999540985
1769791132841068544.000000 -0.144613042 -0.211430311 -0.015041989 0.031689197 -0.005666043 -0.006849119 0.999458253
1769791132874462976.000000 -0.141305789 -0.211349651 -0.010817680 0.032658588 -0.005964324 -0.006497817 0.999427676
1769791132907747584.000000 -0.133102164 -0.209150285 0.011358933 0.033206765 -0.006182009 -0.005568211 0.999413908
1769791132974405888.000000 -0.132558763 -0.209899679 0.010886895 0.033983879 -0.006725004 -0.005168307 0.999386430
1769791133007753216.000000 -0.132304758 -0.209530741 0.011711244 0.034195483 -0.006803255 -0.004812907 0.999380469
1769791133041089792.000000 -0.133521333 -0.208904848 0.011780361 0.034538347 -0.006805752 -0.005038873 0.999367535
1769791133107747840.000000 -0.133829445 -0.206549406 0.013933748 0.036149628 -0.007130600 -0.005126615 0.999307811
1769791133141069824.000000 -0.132923007 -0.205617860 0.017030213 0.037265848 -0.007514277 -0.005125906 0.999264061
1769791133207742720.000000 -0.134494260 -0.205910236 0.014173065 0.039339054 -0.008098510 -0.005030828 0.999180496
1769791133241070080.000000 -0.132465735 -0.204462156 0.017986394 0.040102720 -0.008601126 -0.004963267 0.999146223
1769791133274402048.000000 -0.133328706 -0.204791129 0.015694549 0.040488303 -0.009019316 -0.005030883 0.999126613
1769791133341066240.000000 -0.131225929 -0.204109505 0.020541115 0.041479215 -0.009658760 -0.005077063 0.999079823
1769791133374402048.000000 -0.133308083 -0.204666689 0.016477535 0.041770011 -0.009995160 -0.004707963 0.999066174
1769791133407726848.000000 -0.135233521 -0.204950094 0.014355476 0.042076424 -0.010188531 -0.004579985 0.999051929
1769791133474400768.000000 -0.134395555 -0.204158738 0.017007109 0.042425688 -0.010623282 -0.004479620 0.999033093
1769791133507737856.000000 -0.136533812 -0.205255538 0.012289176 0.042654078 -0.011100361 -0.004146228 0.999019682
1769791133541071104.000000 -0.134890214 -0.204449296 0.012796333 0.043136101 -0.011863661 -0.003516560 0.998992622
1769791133607737344.000000 -0.136307627 -0.201523155 0.018943723 0.043019198 -0.011836429 -0.004432972 0.998994350
1769791133641063936.000000 -0.136215761 -0.202673092 0.016972773 0.042695399 -0.012359956 -0.004425880 0.999001861
1769791133674402048.000000 -0.138973594 -0.199374706 0.018149676 0.042940948 -0.012154493 -0.005236844 0.998989999
1769791133774402048.000000 -0.151236475 -0.200935557 0.005945680 0.041562524 -0.012251973 -0.007766324 0.999030590
1769791133807728384.000000 -0.153565273 -0.199777290 0.004388717 0.041719381 -0.012417363 -0.007484321 0.999024153
1769791133841068544.000000 -0.153376803 -0.198948637 0.006823464 0.041457750 -0.012638267 -0.007666520 0.999030888
1769791133874396160.000000 -0.154775590 -0.199470013 0.005685803 0.040859964 -0.012777903 -0.007633500 0.999054015
1769791133941062656.000000 -0.158039272 -0.196923733 0.004215430 0.040562816 -0.013085157 -0.007817050 0.999060750
1769791133974392576.000000 -0.159357503 -0.198360994 0.001126142 0.039857555 -0.013262861 -0.007179451 0.999091566
1769791134074403840.000000 -0.156383738 -0.194168255 0.008233783 0.039132647 -0.014391844 -0.007258322 0.999104083
1769791134107726848.000000 -0.157007888 -0.196092874 0.007682445 0.038163848 -0.014623137 -0.006932232 0.999140501
1769791134141072384.000000 -0.158312768 -0.196085319 0.003409299 0.037640534 -0.014806109 -0.007099116 0.999156475
1769791134174405888.000000 -0.159289613 -0.195419773 0.003791422 0.037085369 -0.014852300 -0.006942493 0.999177635
1769791134207729152.000000 -0.163827553 -0.194503218 0.001054596 0.036635168 -0.014550645 -0.007269133 0.999196351
1769791134241063936.000000 -0.164333984 -0.193160340 0.003579141 0.035767812 -0.014981235 -0.007661661 0.999218524
1769791134374401024.000000 -0.170971259 -0.196151584 -0.008072836 0.031774614 -0.016053032 -0.007315809 0.999339402
1769791134407737600.000000 -0.166979387 -0.181707144 0.010673828 0.033587262 -0.015597890 -0.008318302 0.999279439
1769791134441066496.000000 -0.174373418 -0.194134027 -0.011163304 0.030595271 -0.016268853 -0.007346882 0.999372423
1769791134474395904.000000 -0.173802480 -0.193995625 -0.009922293 0.029699342 -0.016706411 -0.007347281 0.999392271
1769791134507741440.000000 -0.174101382 -0.192268908 -0.007095675 0.029028807 -0.016866369 -0.007415256 0.999408782
1769791134541079552.000000 -0.173638195 -0.191002384 -0.008328628 0.028492993 -0.017257297 -0.006978395 0.999420643
1769791134674394368.000000 -0.174601227 -0.183894083 -0.000294901 0.026005276 -0.017482311 -0.007486606 0.999480903
1769791134707737088.000000 -0.176735073 -0.181885004 -0.002178854 0.025336733 -0.017593518 -0.007567032 0.999495566
1769791134741062656.000000 -0.175578609 -0.186512724 -0.012273584 0.023784915 -0.018282447 -0.005260493 0.999536097
1769791134774405120.000000 -0.178748831 -0.181821719 -0.016658643 0.023425689 -0.018310238 -0.006024346 0.999539733
1769791134807725312.000000 -0.180864662 -0.174891919 -0.014491691 0.023415133 -0.018398764 -0.006753474 0.999533713
1769791134841069824.000000 -0.178506538 -0.178909287 -0.011637093 0.021966320 -0.018892856 -0.005459032 0.999565303
1769791134941073408.000000 -0.176455960 -0.170983627 -0.004121525 0.019851157 -0.019340942 -0.005735300 0.999599457
1769791134974398976.000000 -0.180397615 -0.174781367 -0.010967289 0.018318601 -0.019272327 -0.005384933 0.999632001
1769791135007736576.000000 -0.178062648 -0.171539769 -0.006023882 0.017598717 -0.019673876 -0.005383639 0.999637127
1769791135041060608.000000 -0.177380726 -0.171422601 -0.005764772 0.016363867 -0.019759348 -0.005278662 0.999656975
1769791135074405376.000000 -0.184693903 -0.188626692 -0.020175509 0.012073253 -0.019298419 -0.002545938 0.999737680
1769791135107729920.000000 -0.185596302 -0.180882603 -0.019915348 0.011881292 -0.019418040 -0.003202414 0.999735773
1769791135207730432.000000 -0.185679570 -0.178379953 -0.016808635 0.008884406 -0.019853260 -0.002750637 0.999759674
1769791135241062144.000000 -0.191150561 -0.184177801 -0.026331220 0.006851638 -0.019176483 -0.002604643 0.999789238
1769791135274401792.000000 -0.186632693 -0.180865094 -0.017481135 0.006125801 -0.019550897 -0.002083068 0.999787927
1769791135307733504.000000 -0.207609802 -0.195350260 -0.049615752 0.003227826 -0.017952913 -0.004064116 0.999825358
1769791135341070080.000000 -0.208070263 -0.185859248 -0.049178306 0.003645875 -0.018192962 -0.004166923 0.999819219
1769791135374394368.000000 -0.208336264 -0.179443344 -0.048938461 0.003044696 -0.018399175 -0.004761365 0.999814808
1769791135474408704.000000 -0.210862681 -0.172696218 -0.046089359 0.000043427 -0.018159166 -0.005994121 0.999817133
1769791135541137408.000000 -0.219356209 -0.183158651 -0.057850633 -0.004283969 -0.016696833 -0.004894596 0.999839485
1769791135574396160.000000 -0.220094517 -0.174845561 -0.057587072 -0.004072757 -0.016476300 -0.005013847 0.999843478
1769791135607726848.000000 -0.220525503 -0.170705944 -0.056723040 -0.005204877 -0.016527543 -0.005419266 0.999835253
1769791135641059328.000000 -0.222581521 -0.166912213 -0.057175361 -0.005777438 -0.016376706 -0.006008789 0.999831140
1769791135674418944.000000 -0.222401857 -0.164318159 -0.057597686 -0.006767845 -0.016495313 -0.006468289 0.999820113
1769791135741073408.000000 -0.220675707 -0.157195091 -0.057270903 -0.008683854 -0.016883394 -0.006703130 0.999797344
1769791135807762688.000000 -0.222257137 -0.116830364 -0.048145168 -0.005851689 -0.017299419 -0.017929137 0.999672472
1769791135841067776.000000 -0.223272115 -0.110051706 -0.048186891 -0.006254099 -0.017565731 -0.027636360 0.999444187
1769791135874400000.000000 -0.225382403 -0.102844514 -0.049034894 -0.006638542 -0.017701674 -0.038078684 0.999095917
1769791135907763712.000000 -0.224680617 -0.094248421 -0.047432382 -0.006964342 -0.018691842 -0.046853378 0.998702645
1769791135941075968.000000 -0.223418668 -0.088877760 -0.048341487 -0.007388952 -0.019768652 -0.057287630 0.998134673
1769791136007743488.000000 -0.233314425 -0.055048846 -0.041861925 -0.005519797 -0.019754941 -0.078530133 0.996700704
1769791136074406656.000000 -0.234369725 -0.035614748 -0.038474761 -0.005658741 -0.020286642 -0.097798206 0.994983435
1769791136107726336.000000 -0.235235766 -0.025568048 -0.039070912 -0.005645868 -0.020137278 -0.107988171 0.993932188
1769791136141065728.000000 -0.238636598 -0.022076534 -0.043887571 -0.007066801 -0.020082740 -0.119051851 0.992659748
1769791136174392576.000000 -0.237829566 -0.012875644 -0.038780123 -0.007229975 -0.020054072 -0.128919750 0.991425931
1769791136207735552.000000 -0.238892317 -0.000876080 -0.036356594 -0.006832184 -0.019867919 -0.137486517 0.990280807
1769791136274399488.000000 -0.239765540 0.021468822 -0.032315776 -0.006040302 -0.020323407 -0.153916121 0.987856448
1769791136341065984.000000 -0.243081421 0.043508884 -0.031756785 -0.004909607 -0.020104280 -0.172626644 0.984769940
1769791136374393344.000000 -0.238714069 0.022632211 -0.047438707 -0.009936739 -0.021257749 -0.184345260 0.982581437
1769791136441062912.000000 -0.240650922 0.036767006 -0.047661144 -0.010471721 -0.021245481 -0.202965274 0.978899479
1769791136474392064.000000 -0.240407929 0.031247281 -0.049762100 -0.012284067 -0.021465993 -0.211913928 0.976975322
1769791136507735040.000000 -0.242499992 0.031637508 -0.051736966 -0.013950326 -0.021362361 -0.221348867 0.974860907
1769791136574405376.000000 -0.247045428 0.062969297 -0.040098175 -0.012072187 -0.020264607 -0.234147131 0.971915007
1769791136607727616.000000 -0.246684968 0.068763450 -0.041652136 -0.012465887 -0.020683538 -0.241457313 0.970110953
1769791136641063936.000000 -0.248857170 0.078946069 -0.040218331 -0.012415772 -0.019902721 -0.251501501 0.967572570
1769791136707727104.000000 -0.245347291 0.095568322 -0.043004461 -0.012565191 -0.020350877 -0.264651388 0.964047551
1769791136774392064.000000 -0.244640857 0.112288520 -0.041624110 -0.012127301 -0.020330843 -0.278462350 0.960155368
1769791136807726336.000000 -0.240516573 0.098803781 -0.047564439 -0.014983495 -0.021637755 -0.283912390 0.958488941
1769791136841059584.000000 -0.244551867 0.122955292 -0.037114568 -0.012236203 -0.020592000 -0.289010614 0.957026184
1769791136874395392.000000 -0.242462710 0.129918814 -0.032253385 -0.012427851 -0.020746710 -0.295141131 0.955147564
1769791136941068800.000000 -0.245405063 0.131714731 -0.033954676 -0.014638619 -0.020546673 -0.309240937 0.950649023
1769791137007727872.000000 -0.240482002 0.139151007 -0.040564645 -0.015133371 -0.021125486 -0.320963442 0.946735084
1769791137074394624.000000 -0.240742475 0.160574108 -0.039936792 -0.013903495 -0.020261260 -0.328793019 0.944082320
1769791137107727872.000000 -0.239725947 0.165407971 -0.042315308 -0.014179383 -0.020076986 -0.333443075 0.942449868
1769791137174413312.000000 -0.235204726 0.178651690 -0.040926676 -0.013780727 -0.020179056 -0.341481507 0.939570785
1769791137241083904.000000 -0.226651132 0.189884976 -0.037012178 -0.013196693 -0.021351619 -0.349459350 0.936615288
1769791137307729152.000000 -0.237994373 0.186705410 -0.024660829 -0.015990343 -0.019827103 -0.360087961 0.932570577
1769791137374391808.000000 -0.234553277 0.194487825 -0.021964736 -0.016580565 -0.019729495 -0.368049771 0.929448843
1769791137407725056.000000 -0.233834460 0.200663447 -0.024742454 -0.016022835 -0.019019423 -0.371878922 0.927948058
1769791137441072896.000000 -0.233521014 0.203419834 -0.031148739 -0.015402257 -0.018226830 -0.375949979 0.926332653
1769791137474397952.000000 -0.235920027 0.203615472 -0.029732836 -0.016481729 -0.017650075 -0.380333751 0.924533963
1769791137507723264.000000 -0.237695962 0.205179095 -0.027951971 -0.017207852 -0.016761642 -0.383986056 0.923026383
1769791137541065216.000000 -0.218152940 0.215339750 -0.036855776 -0.015723642 -0.019347975 -0.382324278 0.923691809
1769791137607727360.000000 -0.214101955 0.220341936 -0.035609499 -0.016245801 -0.018042061 -0.387521356 0.921541035
1769791137641069056.000000 -0.208218217 0.221328959 -0.039512374 -0.016304150 -0.018235128 -0.388930500 0.920942307
1769791137674394880.000000 -0.203271478 0.224368587 -0.041900862 -0.016097600 -0.017695989 -0.390563130 0.920265317
1769791137707734272.000000 -0.199087963 0.228380844 -0.044448663 -0.015886052 -0.017252980 -0.392438650 0.919479191
1769791137741064192.000000 -0.193839222 0.229913592 -0.040390059 -0.016181698 -0.017448392 -0.393525124 0.919005811
1769791137774397952.000000 -0.188484907 0.232794985 -0.039155770 -0.015884291 -0.018152094 -0.395576268 0.918116331
1769791137841063168.000000 -0.178160459 0.239297315 -0.041299406 -0.014866281 -0.018974053 -0.399032354 0.916620016
1769791137874395392.000000 -0.176294312 0.239893109 -0.040906142 -0.015341999 -0.018700710 -0.400252700 0.916085601
1769791137974390784.000000 -0.161829859 0.242782637 -0.039286233 -0.014922518 -0.019172296 -0.402151287 0.915250897
1769791138007727872.000000 -0.156844646 0.242677525 -0.040742312 -0.014870015 -0.019101398 -0.401773185 0.915419281
1769791138041067264.000000 -0.151216149 0.242565528 -0.037708253 -0.015117695 -0.019217197 -0.401609004 0.915484786
1769791138074389760.000000 -0.143410057 0.243455142 -0.033500031 -0.014692510 -0.019566873 -0.401782542 0.915408134
1769791138107740928.000000 -0.137611046 0.244570434 -0.032326713 -0.014305369 -0.019637680 -0.401979178 0.915326416
1769791138174406912.000000 -0.127598271 0.239753544 -0.031547494 -0.015192626 -0.019887043 -0.401291072 0.915608644
1769791138241059328.000000 -0.113444321 0.236167938 -0.033537284 -0.014884833 -0.020713661 -0.398330212 0.916887403
1769791138307725824.000000 -0.102227807 0.233277887 -0.031161675 -0.014655955 -0.020483110 -0.397140354 0.917412221
1769791138341062912.000000 -0.096973360 0.232294440 -0.030546613 -0.014251474 -0.020592337 -0.396178961 0.917831779
1769791138374395392.000000 -0.091532744 0.230298564 -0.029209122 -0.014230466 -0.020535698 -0.394461572 0.918572783
1769791138407725056.000000 -0.085297793 0.227841794 -0.030195655 -0.014019624 -0.020635109 -0.392885178 0.919249177
1769791138474389760.000000 -0.069741249 0.218366742 -0.033255901 -0.014080398 -0.021180196 -0.388561845 0.921071589
1769791138541057792.000000 -0.058084518 0.209781647 -0.024187960 -0.014658242 -0.020467827 -0.384182692 0.922913790
1769791138607723264.000000 -0.048119046 0.202575028 -0.028996045 -0.014706356 -0.019904373 -0.380047619 0.924635768
1769791138641060352.000000 -0.037171807 0.194901571 -0.030753445 -0.014698789 -0.021077210 -0.376869112 0.925910056
1769791138674392064.000000 -0.028416760 0.190750524 -0.031043429 -0.014078297 -0.021539669 -0.373184025 0.927400470
1769791138707728640.000000 -0.022409175 0.187875748 -0.024900343 -0.014181187 -0.021500813 -0.371388525 0.928120255
1769791138774397184.000000 -0.010026980 0.174848810 -0.018253466 -0.014301599 -0.020047348 -0.363540858 0.931252718
1769791138841062400.000000 0.003458206 0.162250310 -0.021268558 -0.014382062 -0.020009646 -0.356898755 0.933818042
1769791138907729408.000000 0.018144516 0.154230639 -0.010632759 -0.014406935 -0.019111825 -0.349393815 0.936670303
1769791138941058816.000000 0.025138278 0.140627623 -0.016907627 -0.014680751 -0.019379813 -0.343671024 0.938775361
1769791138974393600.000000 0.033035524 0.132569134 -0.013903116 -0.015025948 -0.019650700 -0.338804781 0.940531433
1769791139007728128.000000 0.039883621 0.123708874 -0.015068925 -0.015371811 -0.019478241 -0.333746195 0.942336380
1769791139074393344.000000 0.061284140 0.111726500 -0.004610094 -0.013886167 -0.019653669 -0.319656640 0.947227836
1769791139107735552.000000 0.067951433 0.101107329 -0.006652686 -0.014481079 -0.019589627 -0.313204169 0.949373364
1769791139174399488.000000 0.085892722 0.081581213 -0.003874959 -0.015166024 -0.019509528 -0.299010038 0.953929961
1769791139207732480.000000 0.092349127 0.073245928 -0.005533707 -0.015370345 -0.019088363 -0.292154104 0.956057250
1769791139241064192.000000 0.103704266 0.061381221 -0.009689519 -0.015501015 -0.019418892 -0.283051103 0.958782971
1769791139274390016.000000 0.115603566 0.048526429 -0.010555994 -0.015939964 -0.020224126 -0.274068296 0.961365461
1769791139341060352.000000 0.135254189 0.041325055 0.012157138 -0.012751290 -0.019729711 -0.253672779 0.967004836
1769791139374397952.000000 0.141243309 0.035098966 0.015754078 -0.012272860 -0.018477943 -0.242976800 0.969778478
1769791139441062400.000000 0.158503905 0.009363841 0.010675575 -0.013005641 -0.017735323 -0.221703395 0.974866152
1769791139474389760.000000 0.175120220 0.001335582 0.020652696 -0.012012437 -0.019018615 -0.209275231 0.977598011
1769791139507725312.000000 0.179079831 -0.006665993 0.027999656 -0.012271571 -0.017278077 -0.200897828 0.979382932
1769791139541060096.000000 0.184174508 -0.014230102 0.036468264 -0.012665804 -0.015756933 -0.193722069 0.980848193
1769791139607728128.000000 0.203256577 -0.031401534 0.023648217 -0.010513472 -0.016071199 -0.174601540 0.984451890
1769791139641058816.000000 0.209691674 -0.037884939 0.028278055 -0.010031541 -0.014790557 -0.168209687 0.985589266
1769791139741067776.000000 0.236340404 -0.063015543 0.035301201 -0.005427239 -0.014712953 -0.151573613 0.988321602
1769791139774404352.000000 0.238383263 -0.068304308 0.039973754 -0.002916174 -0.012490734 -0.150560692 0.988517582
1769791139807734016.000000 0.244465381 -0.072927840 0.038713217 0.001286500 -0.010891864 -0.150742903 0.988512218
1769791139841062144.000000 0.256208688 -0.088653013 0.039113380 0.002996069 -0.010110016 -0.149155974 0.988757432
1769791139874400256.000000 0.278973073 -0.106242225 0.050239664 0.005170653 -0.012107616 -0.147717476 0.988941967
1769791139907755520.000000 0.283894509 -0.111430660 0.048751719 0.009746117 -0.009785359 -0.146722779 0.989081264
1769791139974398720.000000 0.301985979 -0.128484920 0.046781901 0.016772140 -0.006330265 -0.146703288 0.989018142
1769791140007725312.000000 0.316169202 -0.135236755 0.063333832 0.020297881 -0.004811467 -0.145297408 0.989168108
1769791140041058304.000000 0.320685387 -0.135286689 0.064486645 0.025404019 -0.001512740 -0.145950168 0.988964617
1769791140074395904.000000 0.322885394 -0.141087413 0.056115311 0.028830191 0.001655150 -0.146542117 0.988782883
1769791140141066240.000000 0.350598127 -0.182283029 0.061050121 0.030544026 0.005115576 -0.140852407 0.989546120
1769791140174394880.000000 0.353690028 -0.182902589 0.062303614 0.035427827 0.008896031 -0.141479403 0.989267111
1769791140274400000.000000 0.351317167 -0.175867304 0.048177414 0.049764823 0.022537386 -0.149074957 0.987315655
1769791140307730176.000000 0.358441263 -0.181596786 0.049606010 0.051835142 0.026382906 -0.149292037 0.987081110
1769791140341061120.000000 0.358420908 -0.181087136 0.047432758 0.054606799 0.031793650 -0.149980679 0.986667693
1769791140374419968.000000 0.361818522 -0.174087599 0.048885752 0.058504198 0.037058927 -0.150140494 0.986236215
1769791140474393856.000000 0.328556985 -0.210700646 0.039576750 0.052415263 0.062441587 -0.154228717 0.984666049
1769791140574392576.000000 0.329311609 -0.238708511 0.044890445 0.047988370 0.078668214 -0.158811346 0.982999265
1769791140607724544.000000 0.349505365 -0.226928562 0.037984010 0.052696209 0.079814032 -0.157687888 0.982846558
1769791140641058816.000000 0.352528512 -0.232594103 0.044141661 0.051969539 0.084646210 -0.158009708 0.982429206
1769791140674393600.000000 0.350688010 -0.237000257 0.046871580 0.050611451 0.089594267 -0.159869269 0.981760263
1769791140741060352.000000 0.348494530 -0.241483375 0.056537397 0.048004333 0.097789854 -0.164071813 0.980414808
1769791140774394112.000000 0.350725740 -0.244456813 0.056595244 0.046322852 0.099886753 -0.165925592 0.979972243
1769791140807721472.000000 0.352212846 -0.243730590 0.058961149 0.045314841 0.102004498 -0.167425826 0.979545951
1769791140841102336.000000 0.337815791 -0.244248286 0.061938308 0.043423556 0.105746761 -0.169722751 0.978839219
1769791140907723264.000000 0.342696279 -0.241124839 0.059764400 0.042253520 0.104845136 -0.164084196 0.979948282
1769791140941061120.000000 0.365377069 -0.209944561 0.040597353 0.045419112 0.098778345 -0.158039302 0.981429338
1769791140974394112.000000 0.368010610 -0.208872989 0.028664527 0.034989361 0.094636336 -0.150003597 0.983523607
1769791141007725568.000000 0.342765450 -0.228373751 0.040981445 0.017496919 0.094676308 -0.144751474 0.984772742
1769791141074438912.000000 0.348529935 -0.218592912 0.033785265 0.003215641 0.085401885 -0.129995227 0.987824678
1769791141107753984.000000 0.357530892 -0.225356743 0.036025938 -0.004556431 0.080348052 -0.121422552 0.989333093
1769791141207759872.000000 0.478469819 -0.491480291 0.029610706 -0.050598141 0.052273724 -0.094294548 0.992882609
1769791141241091584.000000 0.485354066 -0.495827466 0.034783229 -0.055533290 0.049442019 -0.087686062 0.993369401
1769791141274426112.000000 0.495656133 -0.502993524 0.041535430 -0.061123047 0.045844380 -0.081985839 0.993700445
1769791141307753216.000000 0.513437688 -0.500099123 0.044143092 -0.063109033 0.041763183 -0.074447371 0.994349420
1769791141374424832.000000 0.535116434 -0.514548004 0.059647046 -0.072045162 0.035216201 -0.062785201 0.994800210
1769791141407757568.000000 0.550751269 -0.524722636 0.064109676 -0.075948283 0.031238057 -0.057576071 0.994957864
1769791141541084416.000000 0.698620260 -0.490730703 0.079246022 -0.073880084 0.007736102 -0.044476680 0.996244788
1769791141574426624.000000 0.708811939 -0.495607376 0.086035848 -0.074684896 0.005918770 -0.040547952 0.996364892
1769791141607760896.000000 0.720731854 -0.498607308 0.092327371 -0.074631728 0.003743723 -0.036035355 0.996552885
1769791141641087744.000000 0.733322024 -0.506141007 0.093407929 -0.074953496 0.000942326 -0.032002855 0.996672928
1769791141674460928.000000 0.747343183 -0.510346353 0.095602110 -0.074229494 -0.001726650 -0.026755938 0.996880710
1769791141707750656.000000 0.766010642 -0.519982338 0.096401148 -0.073654383 -0.005479119 -0.021209205 0.997043192
1769791141807753472.000000 0.752328753 -0.523999512 0.088039145 -0.067980759 -0.003477833 -0.022209391 0.997433364
1769791141841087232.000000 0.758323789 -0.527012646 0.095620602 -0.066171393 -0.003978685 -0.019935565 0.997601211
1769791141874420480.000000 0.763563752 -0.530722618 0.094141103 -0.063488029 -0.005027912 -0.018156597 0.997804821
1769791141907752704.000000 0.765823960 -0.531799257 0.095658548 -0.060762126 -0.005250421 -0.017300932 0.997988582
1769791141941088512.000000 0.761832118 -0.530970156 0.088083215 -0.057292487 -0.004924096 -0.018259807 0.998178303
1769791142007770368.000000 0.761813760 -0.526351511 0.084891006 -0.049189970 -0.004801385 -0.018128294 0.998613358
1769791142107751168.000000 0.809298396 -0.556630552 0.086545125 -0.042935271 -0.011017650 -0.007709370 0.998987377
1769791142141082112.000000 0.813177049 -0.554650843 0.092929691 -0.039681494 -0.010903635 -0.007622777 0.999123812
1769791142174422784.000000 0.823556781 -0.566756725 0.095213652 -0.039315462 -0.012673224 -0.006153035 0.999127567
1769791142207763456.000000 0.830605388 -0.572809935 0.099161781 -0.037847210 -0.013444732 -0.005763170 0.999176502
1769791142241102592.000000 0.841303527 -0.576125324 0.103855439 -0.035745095 -0.014817898 -0.004839018 0.999239385
1769791142407760896.000000 0.841639280 -0.568190217 0.092578858 -0.023737960 -0.013435912 -0.002345151 0.999625206
1769791142441092096.000000 0.845534563 -0.569032848 0.091531090 -0.022225168 -0.013721732 -0.002437716 0.999655843
1769791142474451968.000000 0.845846415 -0.572233915 0.094520308 -0.021264406 -0.012916428 -0.002932902 0.999686122
1769791142507783424.000000 0.856188416 -0.572176099 0.103899166 -0.019358115 -0.013775166 -0.002153413 0.999715447
1769791142541107456.000000 0.863459945 -0.574336886 0.105129994 -0.017925451 -0.014792074 -0.000595739 0.999729753
1769791142574429696.000000 0.859148502 -0.573042035 0.098466516 -0.016461076 -0.014108751 -0.000628921 0.999764740
1769791142607753984.000000 0.856131077 -0.575750470 0.089710779 -0.015406287 -0.013697458 0.000615935 0.999787331
1769791142707757568.000000 0.846901238 -0.573799551 0.074868746 -0.011267309 -0.011305958 0.000772203 0.999872386
1769791142741091840.000000 0.843976319 -0.575134993 0.072196804 -0.010411981 -0.010639098 0.001213742 0.999888539
1769791142774427904.000000 0.845570326 -0.573722124 0.070640154 -0.009028999 -0.010555026 0.001944496 0.999901712
1769791142807781632.000000 0.848592162 -0.571434677 0.068000317 -0.007666433 -0.010983644 0.001575915 0.999909103
1769791142841089792.000000 0.866309524 -0.578511596 0.088874869 -0.008371362 -0.011844152 0.002725646 0.999891102
1769791142874425344.000000 0.870176852 -0.579043746 0.091304258 -0.007786341 -0.011699629 0.002879822 0.999897122
1769791142974418944.000000 0.885387540 -0.573472023 0.101166815 -0.004685045 -0.012712913 0.003708536 0.999901354
1769791143007763712.000000 0.890169322 -0.569744229 0.106520779 -0.003476931 -0.012820547 0.003705949 0.999904931
1769791143041086208.000000 0.890179098 -0.569300592 0.103768557 -0.003044306 -0.012407860 0.003628680 0.999911845
1769791143074423552.000000 0.893207550 -0.567375720 0.108999789 -0.002290511 -0.011899045 0.004072309 0.999918342
1769791143107753216.000000 0.880427241 -0.576067746 0.088887945 -0.003118744 -0.010287537 0.005627015 0.999926448
1769791143141096448.000000 0.881223202 -0.577399433 0.088553578 -0.003396357 -0.010229479 0.005989994 0.999924004
1769791143241088512.000000 0.890093565 -0.573723078 0.093166471 -0.003441311 -0.011154013 0.006519936 0.999910653
1769791143274427648.000000 0.893960118 -0.571996748 0.093849994 -0.003406138 -0.011547353 0.007428222 0.999899983
1769791143307751168.000000 0.894610703 -0.576084912 0.092880055 -0.003920247 -0.011188929 0.008262903 0.999895632
1769791143341089024.000000 0.897874951 -0.578442633 0.093913354 -0.003830711 -0.010994687 0.009102854 0.999890864
1769791143374426112.000000 0.898253322 -0.572508693 0.094627298 -0.002501058 -0.010330198 0.008699584 0.999905705
1769791143407750144.000000 0.900055945 -0.571048796 0.093041331 -0.002122813 -0.010090643 0.008570994 0.999910116
1769791143541090304.000000 0.909131765 -0.565523446 0.096262723 -0.001432779 -0.009687699 0.010278471 0.999899268
1769791143574421760.000000 0.911629677 -0.562244117 0.098827019 -0.001364884 -0.009482223 0.009046737 0.999913216
1769791143607749120.000000 0.910919428 -0.562901735 0.096723765 -0.001148804 -0.009043751 0.010801414 0.999900162
1769791143641082368.000000 0.907354653 -0.564805448 0.094431750 -0.002174993 -0.008014467 0.010164705 0.999913871
1769791143674415872.000000 0.914344132 -0.561105311 0.092881560 -0.002157844 -0.008377996 0.009922162 0.999913335
1769791143707755776.000000 0.914322913 -0.557065308 0.094847076 -0.002230416 -0.007965137 0.009213864 0.999923348
1769791143807747840.000000 0.919196784 -0.545076013 0.096872032 -0.001619912 -0.007215965 0.008121682 0.999939680
1769791143841085184.000000 0.922071159 -0.540024638 0.100101635 -0.001909369 -0.007181940 0.006925320 0.999948442
1769791143874427392.000000 0.926034808 -0.529309273 0.100398257 -0.000761387 -0.007538838 0.005771743 0.999954700
1769791143907755264.000000 0.926732540 -0.533991694 0.100648284 -0.002408987 -0.007004210 0.006125993 0.999953866
1769791143941102592.000000 0.923087358 -0.544008315 0.095749922 -0.003472314 -0.006177906 0.011536150 0.999908388
1769791143974444032.000000 0.924291313 -0.546135783 0.097669452 -0.004164740 -0.006047133 0.012933199 0.999889433
1769791144107748608.000000 0.934170067 -0.536172807 0.103624128 -0.005680228 -0.006213592 0.013994627 0.999866664
1769791144141097984.000000 0.931028247 -0.531946540 0.104390949 -0.005735827 -0.005338810 0.013847253 0.999873459
1769791144174416640.000000 0.934994340 -0.530347466 0.107094996 -0.006241517 -0.005679330 0.014150171 0.999864280
1769791144207752704.000000 0.932441533 -0.526094854 0.101591170 -0.006681793 -0.005247986 0.013863378 0.999867797
1769791144241089024.000000 0.892786264 -0.492476314 0.085998438 -0.003682973 0.000370524 0.006923681 0.999969184
1769791144274419968.000000 0.893943667 -0.485737145 0.086686529 -0.003689000 0.000464931 0.006171254 0.999974072
1769791144374420480.000000 0.897649467 -0.462559342 0.088521548 -0.003477010 0.001110843 0.004105036 0.999984920
1769791144407762944.000000 0.897017896 -0.450975060 0.087190248 -0.003135278 0.001457636 0.002590609 0.999990642
1769791144441110528.000000 0.898646116 -0.443031520 0.085656114 -0.003276101 0.001272045 0.001304431 0.999992967
1769791144474418944.000000 0.897406757 -0.433388352 0.085154824 -0.002857057 0.001832328 0.000173172 0.999994278
1769791144507750912.000000 0.894257843 -0.438566953 0.084130332 -0.004759719 0.002832574 0.001265440 0.999983907
1769791144541095424.000000 0.894496083 -0.453298211 0.082144901 -0.007271747 0.002536563 0.006223327 0.999951005
1769791144641082368.000000 0.901890635 -0.440660864 0.084988236 -0.008680624 0.002018877 0.007589141 0.999931574
1769791144674425344.000000 0.900848925 -0.435332954 0.086037807 -0.009415362 0.002248463 0.006256644 0.999933600
1769791144707757824.000000 0.900422692 -0.426525265 0.086495101 -0.009412603 0.002539038 0.005712994 0.999936223
1769791144741093632.000000 0.897867799 -0.413694382 0.085988224 -0.008546203 0.003346726 0.004198402 0.999949098
1769791144774444800.000000 0.897451639 -0.407622695 0.084986143 -0.009064905 0.003550601 0.002987749 0.999948144
1769791144807755008.000000 0.895184219 -0.401316434 0.082433000 -0.009405979 0.003959929 0.002776326 0.999944150
1769791144907748096.000000 0.900857210 -0.393986255 0.090241991 -0.011458656 0.003719097 0.005198623 0.999913990
1769791144974420736.000000 0.905146718 -0.402436405 0.088694401 -0.014502394 0.003098579 0.009287958 0.999846935
1769791145007753728.000000 0.898881257 -0.389523447 0.075845346 -0.014542357 0.003797644 0.008057802 0.999854624
1769791145041082368.000000 0.897560239 -0.385444134 0.075567961 -0.015816513 0.004141194 0.007040279 0.999841630
1769791145074431488.000000 0.895707726 -0.372370064 0.074753076 -0.015129055 0.004552702 0.006039918 0.999856949
1769791145107749632.000000 0.894119084 -0.357477605 0.072891004 -0.014563500 0.004842579 0.004971952 0.999869943
1769791145174416384.000000 0.889702201 -0.334422767 0.067790292 -0.013746863 0.005902149 0.002730627 0.999884427
1769791145274417664.000000 0.882532477 -0.347529799 0.060842760 -0.019668913 0.006406048 0.006526977 0.999764800
1769791145307773952.000000 0.879911602 -0.342896670 0.061875965 -0.020940252 0.006826784 0.004652798 0.999746680
1769791145341085184.000000 0.879267275 -0.341228396 0.059788402 -0.022126319 0.006871957 0.003755872 0.999724567
1769791145407814144.000000 0.881085336 -0.339750350 0.061067175 -0.024043208 0.007072708 0.006212005 0.999666691
1769791145474435584.000000 0.811436415 -0.245812237 0.003273188 -0.016056752 0.015466081 -0.002630184 0.999747992
1769791145574451456.000000 0.804904997 -0.231541485 0.001381032 -0.018627411 0.016203620 -0.006849922 0.999671757
1769791145607775744.000000 0.805816114 -0.228135139 0.001417583 -0.019224353 0.015991317 -0.004574382 0.999676824
1769791145641107200.000000 0.806730032 -0.230811730 -0.003851044 -0.020823332 0.015564652 -0.003252065 0.999656737
1769791145674430720.000000 0.799037755 -0.213012546 -0.015816977 -0.019801466 0.015513287 -0.002720199 0.999679863
1769791145707761408.000000 0.798580229 -0.209014952 -0.017739667 -0.020861983 0.015506039 -0.003692053 0.999655306
1769791145741102848.000000 0.794527113 -0.205335781 -0.019144285 -0.022245022 0.016116276 -0.005789161 0.999605894
1769791145874414848.000000 0.788355887 -0.184702218 -0.022183441 -0.024013748 0.016619677 -0.007556097 0.999544919
1769791145907749888.000000 0.749042869 -0.167477474 -0.059342682 -0.022988552 0.020212390 -0.001587055 0.999530137
1769791145941092864.000000 0.746912539 -0.163535416 -0.060698703 -0.024170632 0.020139482 -0.002797567 0.999501109
1769791145974422272.000000 0.747257233 -0.158553332 -0.061330851 -0.024773140 0.019690964 -0.003193915 0.999494135
1769791146007799296.000000 0.742846131 -0.152099729 -0.062138420 -0.025337165 0.020569192 -0.004704467 0.999456286
1769791146041084416.000000 0.738525093 -0.147484437 -0.063377328 -0.026196234 0.021161243 -0.006117345 0.999414086
1769791146107750912.000000 0.731417120 -0.135437265 -0.064184353 -0.027500078 0.021772712 -0.008570242 0.999347925
1769791146141100800.000000 0.729192555 -0.130955026 -0.064498857 -0.028316831 0.022005124 -0.009023212 0.999316096
1769791146174430464.000000 0.727203667 -0.122435674 -0.063358158 -0.028385734 0.022039015 -0.010112616 0.999302924
1769791146207760640.000000 0.726633668 -0.116634347 -0.059602089 -0.029013373 0.021894438 -0.010517256 0.999283910
1769791146241123840.000000 0.724449635 -0.111346789 -0.056897782 -0.029823713 0.022430373 -0.011440146 0.999238014
1769791146274437632.000000 0.721597254 -0.093672685 -0.055535723 -0.027896019 0.023099201 -0.009560560 0.999298215
1769791146341103104.000000 0.713401020 -0.085867211 -0.063252054 -0.029793294 0.024442082 -0.011190831 0.999194562
1769791146374436352.000000 0.712765634 -0.076921076 -0.064130962 -0.029520446 0.023495995 -0.010538137 0.999232471
1769791146407751680.000000 0.709230006 -0.070590310 -0.066674039 -0.029191596 0.023486625 -0.011025819 0.999237061
1769791146441093120.000000 0.709671378 -0.065084197 -0.072228253 -0.029842762 0.022079846 -0.011816631 0.999240875
1769791146474442240.000000 0.707164049 -0.060673371 -0.075422227 -0.030219842 0.022277333 -0.011938855 0.999223709
1769791146541086720.000000 0.701371491 -0.052186597 -0.080250733 -0.031928036 0.022258721 -0.013338597 0.999153256
1769791146574424576.000000 0.698205173 -0.045994926 -0.082402505 -0.031541847 0.022084340 -0.013968613 0.999160826
1769791146674417920.000000 0.678697169 -0.035980687 -0.095544219 -0.034819193 0.024650024 -0.019292366 0.998903334
1769791146707752448.000000 0.675704837 -0.031281590 -0.093205415 -0.035147380 0.024914959 -0.019863198 0.998874068
1769791146741080320.000000 0.674891651 -0.027160337 -0.090467550 -0.035559583 0.024221096 -0.020015195 0.998873532
1769791146774418944.000000 0.674109280 -0.022140699 -0.090136632 -0.035846431 0.023271663 -0.019731086 0.998891473
1769791146841089792.000000 0.668193877 -0.012905401 -0.093574330 -0.035740606 0.023266453 -0.020412909 0.998881698
1769791146874426368.000000 0.663032413 -0.006524795 -0.093381986 -0.036415320 0.023466468 -0.020925622 0.998842061
1769791146974425344.000000 0.653800905 0.005668571 -0.096495368 -0.037176747 0.023047466 -0.021324761 0.998815298
1769791147007747840.000000 0.650681138 0.008592613 -0.097693764 -0.037688918 0.023166137 -0.021776594 0.998783588
1769791147041102848.000000 0.648632407 0.013382765 -0.097497948 -0.037308663 0.023164481 -0.021152966 0.998811364
1769791147074432256.000000 0.647107780 0.019861802 -0.096444197 -0.036772344 0.022552356 -0.020385416 0.998861194
1769791147141089792.000000 0.633094132 0.032303210 -0.101044670 -0.036333375 0.023770245 -0.025095221 0.998741746
1769791147174422784.000000 0.633475661 0.034673259 -0.102046520 -0.036837313 0.022985464 -0.024732370 0.998750746
1769791147241089536.000000 0.625690162 0.040700804 -0.106740668 -0.036666624 0.022892317 -0.025591286 0.998737574
1769791147307759360.000000 0.616791368 0.047418647 -0.107398167 -0.036544211 0.023513535 -0.025942586 0.998718500
1769791147341083904.000000 0.611991584 0.050773662 -0.110164896 -0.035877511 0.023368340 -0.026112795 0.998741686
1769791147374421760.000000 0.598385632 0.051681343 -0.102551185 -0.037581507 0.024677606 -0.025957566 0.998651505
1769791147407764480.000000 0.594801903 0.056823537 -0.103938863 -0.036516793 0.024440322 -0.025517762 0.998708189
1769791147474417408.000000 0.588716507 0.059519064 -0.106393285 -0.036642604 0.023375982 -0.025208965 0.998736918
1769791147507760896.000000 0.582174122 0.061656568 -0.106640838 -0.036619898 0.024344524 -0.025710033 0.998701870
1769791147607756288.000000 0.570703626 0.068610154 -0.104956970 -0.037305884 0.024450416 -0.026983824 0.998640239
1769791147641093632.000000 0.568196177 0.071527123 -0.106192343 -0.036747456 0.024009284 -0.026348278 0.998688638
1769791147674419968.000000 0.560674727 0.058662213 -0.111553498 -0.040987503 0.025750995 -0.026789164 0.998468459
1769791147707749120.000000 0.558948994 0.073318593 -0.108835921 -0.036939349 0.024373863 -0.026398931 0.998671412
1769791147741085696.000000 0.556536198 0.075752325 -0.109161898 -0.036460761 0.023485878 -0.026338691 0.998711884
1769791147774413312.000000 0.551583052 0.073564097 -0.110270679 -0.037175603 0.023994438 -0.026255790 0.998675644
1769791147941091840.000000 0.530507207 0.072298676 -0.113345899 -0.037251186 0.023780735 -0.026723325 0.998665452
1769791147974424064.000000 0.528526783 0.071150266 -0.114831828 -0.037561122 0.023064451 -0.026408702 0.998679101
1769791148007766528.000000 0.525290847 0.072304711 -0.116219684 -0.037016474 0.022507817 -0.026188364 0.998717844
1769791148041088000.000000 0.517699540 0.072232954 -0.120544888 -0.036660694 0.023080610 -0.026202237 0.998717606
1769791148074427648.000000 0.515293121 0.073602907 -0.119025111 -0.035845041 0.022329733 -0.026232742 0.998763442
1769791148174426624.000000 0.514156878 0.076471455 -0.115276597 -0.033397138 0.017502379 -0.026317121 0.998942316
1769791148207759360.000000 0.509474516 0.077643014 -0.117622875 -0.031908792 0.017055059 -0.026743809 0.998987377
1769791148241082112.000000 0.508235395 0.078150339 -0.116377868 -0.031227723 0.015757082 -0.027010903 0.999023020
1769791148274428160.000000 0.485978097 0.067907549 -0.111266740 -0.033332992 0.021224184 -0.028100070 0.998823762
1769791148307764736.000000 0.484451294 0.068072699 -0.112131402 -0.032385409 0.020316143 -0.027758973 0.998883307
1769791148341083392.000000 0.482298940 0.065797262 -0.113165371 -0.032008763 0.019216675 -0.026935523 0.998939812
1769791148441084672.000000 0.452515185 0.044267885 -0.113416903 -0.036052071 0.023586022 -0.027257249 0.998699665
1769791148507751424.000000 0.443442971 0.036485232 -0.116730243 -0.035830770 0.023089368 -0.026250923 0.998746216
1769791148541098240.000000 0.437576026 0.032263495 -0.117627002 -0.035833191 0.023065045 -0.025700679 0.998760998
1769791148574416128.000000 0.431293130 0.026359858 -0.113269664 -0.036541443 0.023657059 -0.027973101 0.998660445
1769791148607755008.000000 0.427844882 0.022727452 -0.113036349 -0.036134399 0.022888813 -0.027296128 0.998711884
1769791148641094144.000000 0.428536028 0.017847994 -0.116706744 -0.035278171 0.021149984 -0.022619843 0.998897672
1769791148707747584.000000 0.429497987 0.013167529 -0.117484540 -0.033831969 0.016173929 -0.022888264 0.999034524
1769791148774427648.000000 0.421247423 0.003862235 -0.122791901 -0.033079382 0.015761409 -0.021055637 0.999106646
1769791148807748864.000000 0.414489001 -0.004438850 -0.116184562 -0.033201471 0.015662054 -0.021803685 0.999088109
1769791148841081600.000000 0.410192043 -0.009543734 -0.119223408 -0.032672442 0.015288544 -0.021360330 0.999120951
1769791148874416128.000000 0.406513989 -0.015310319 -0.134026289 -0.032622643 0.015546970 -0.016965428 0.999202847
1769791148907764224.000000 0.402338386 -0.023907140 -0.130656958 -0.033606928 0.014681731 -0.018072542 0.999163866
1769791148974438656.000000 0.375047088 -0.034155313 -0.121924371 -0.030545922 0.019959271 -0.016276572 0.999201477
1769791149074432256.000000 0.356911838 -0.039892014 -0.108308032 -0.026501995 0.019503305 -0.016761091 0.999317944
1769791149107769600.000000 0.355244458 -0.043390121 -0.106526285 -0.025560074 0.018781766 -0.015238459 0.999380708
1769791149141099264.000000 0.350532949 -0.049775023 -0.106260523 -0.024731107 0.019087220 -0.014005289 0.999413788
1769791149174434304.000000 0.337747484 -0.066323929 -0.115631081 -0.027168145 0.020593291 -0.013824190 0.999323130
1769791149207767552.000000 0.338053316 -0.069231749 -0.117155999 -0.025795260 0.019289836 -0.012264274 0.999405921
1769791149241094912.000000 0.338230133 -0.080317073 -0.123339988 -0.025506882 0.018401407 -0.009309656 0.999461949
1769791149374436352.000000 0.326000810 -0.109890923 -0.096091636 -0.025636664 0.018862978 -0.011453799 0.999427736
1769791149407783936.000000 0.322781801 -0.113716319 -0.097924069 -0.023712710 0.018763322 -0.010059069 0.999492168
1769791149441098240.000000 0.322782338 -0.120550610 -0.100655556 -0.022491002 0.017715778 -0.007288455 0.999563575
1769791149474433536.000000 0.319125503 -0.126701713 -0.103090107 -0.021012662 0.017623449 -0.006251261 0.999604344
1769791149507763456.000000 0.315152258 -0.136394545 -0.112585828 -0.020216504 0.017251411 -0.003371727 0.999641120
1769791149541108736.000000 0.313654661 -0.136445180 -0.117954701 -0.016676964 0.014950322 -0.002359034 0.999746382
1769791149707760128.000000 0.302586168 -0.267641962 -0.129275769 -0.037749182 0.009165693 -0.010397930 0.999191165
1769791149741094912.000000 0.301560581 -0.268340498 -0.137919232 -0.032705225 0.007202602 -0.010116836 0.999387920
1769791149774443264.000000 0.291954130 -0.286337495 -0.141637400 -0.032768883 0.007536950 -0.009782579 0.999386668
1769791149807768064.000000 0.235686496 -0.416322291 -0.091051579 -0.069030821 0.017478822 -0.026052274 0.997121096
1769791149874438912.000000 0.230034173 -0.430801690 -0.093298674 -0.062835366 0.015001270 -0.023741607 0.997628689
1769791150007767808.000000 0.200963303 -0.466608256 -0.081773438 -0.053901426 0.012153449 -0.025560273 0.998145103
1769791150041108480.000000 0.200746700 -0.463318586 -0.083999880 -0.048078924 0.009811086 -0.025024997 0.998481870
1769791150074435584.000000 0.194647938 -0.470035613 -0.084369808 -0.045479871 0.008219774 -0.025484703 0.998606265
1769791150107771648.000000 0.191572398 -0.469893306 -0.090606309 -0.040343627 0.005899672 -0.025593417 0.998840630
1769791150141097472.000000 0.182756513 -0.480502635 -0.090951301 -0.037878212 0.005775835 -0.025256602 0.998946428
1769791150174431232.000000 0.163891792 -0.497788668 -0.084078245 -0.038028739 0.007783794 -0.026140125 0.998904407
1769791150274429952.000000 0.157087043 -0.498746514 -0.088850662 -0.021645682 0.000369868 -0.024049548 0.999476373
1769791150307763968.000000 0.160783410 -0.435784996 -0.071812011 -0.003985916 -0.001182795 -0.026298467 0.999645531
1769791150341099264.000000 0.159655750 -0.426072806 -0.078092441 0.003304015 -0.004774259 -0.024562255 0.999681473
1769791150374430208.000000 0.154452860 -0.415085018 -0.081146412 0.009680197 -0.007535155 -0.025250562 0.999605894
1769791150407788800.000000 0.150327742 -0.405025542 -0.080647796 0.015427950 -0.010407481 -0.026620023 0.999472439
1769791150441098752.000000 0.146385163 -0.391207069 -0.086194091 0.023185812 -0.014122056 -0.025069205 0.999317050
1769791150541114112.000000 0.188757673 -0.376209229 -0.104560733 0.038495015 -0.037102006 -0.008216153 0.998535991
1769791150574440448.000000 0.188772693 -0.361832708 -0.105812818 0.045886710 -0.041944928 -0.004779493 0.998054206
1769791150607764992.000000 0.178408787 -0.354262859 -0.103086285 0.051078811 -0.044174358 -0.003351163 0.997711599
1769791150641105408.000000 0.157724857 -0.384804189 -0.101121157 0.043304134 -0.043664794 -0.005846621 0.998090208
1769791150674430976.000000 0.189549640 -0.514387488 -0.117133006 0.006646036 -0.058966108 -0.005417868 0.998223245
1769791150707762432.000000 0.184240669 -0.508425176 -0.114721291 0.009875945 -0.062062126 -0.003151428 0.998018444
1769791150807768064.000000 0.170551702 -0.525977552 -0.118173130 0.006149940 -0.068488680 0.001072629 0.997632444
1769791150841100544.000000 0.170394868 -0.531711400 -0.118560947 0.004036469 -0.070612706 0.002916149 0.997491419
1769791150874427136.000000 0.171873137 -0.528366327 -0.115317896 0.004074677 -0.072074309 0.007400353 0.997363508
1769791150907777792.000000 0.168269381 -0.529240429 -0.104359478 0.002508964 -0.071361497 0.009972588 0.997397542
1769791150941104128.000000 0.168757528 -0.533021927 -0.101290017 -0.000286842 -0.070741653 0.012168154 0.997420430
1769791150974479616.000000 0.167930663 -0.528795183 -0.100067534 -0.000159795 -0.068340689 0.013557638 0.997569978
1769791151074442752.000000 0.160300761 -0.511866868 -0.011668714 -0.033819117 -0.060318045 0.005394999 0.997591555
1769791151074442752.000000 0.160300761 -0.511866868 -0.011668714 -0.033819117 -0.060318045 0.005394999 0.997591555
1769791151141113600.000000 -0.000551340 -0.185272932 -0.035273250 0.031383891 -0.043778528 0.009657598 0.998501480
1769791151174429184.000000 0.045399249 -0.116378017 0.022907432 0.033005882 -0.048767295 0.008684821 0.998226941
1769791151207769344.000000 0.008048027 -0.116410248 0.006995659 0.026520537 -0.043429997 0.007514124 0.998676181
1769791151241104128.000000 -0.025259765 -0.112590395 0.000804430 0.020710303 -0.038211673 0.005950795 0.999037325
1769791151341100800.000000 -0.048464991 -0.132648125 0.009021937 0.005067600 -0.032798309 0.002927615 0.999444842
1769791151374451712.000000 -0.056590822 -0.154901206 0.000365474 -0.001333193 -0.031129885 0.002010495 0.999512494
1769791151407765504.000000 -0.071389236 -0.122053809 -0.011796845 0.000248171 -0.029647909 0.000775101 0.999560118
1769791151441096192.000000 -0.077120617 -0.137051538 -0.008363106 -0.004872811 -0.027988005 0.000481450 0.999596298
1769791151474439424.000000 -0.093045585 -0.144434750 -0.000961235 -0.007961447 -0.024989355 -0.000175407 0.999656022
1769791151507763200.000000 -0.092980318 -0.142273054 -0.008153345 -0.008365925 -0.024940623 -0.000832089 0.999653637
1769791151641092096.000000 -0.135824993 -0.196184933 -0.002130077 -0.015687542 -0.017874703 -0.002130623 0.999714971
1769791151674428160.000000 -0.140556291 -0.204199433 -0.006445109 -0.015575959 -0.016958999 -0.002776284 0.999731004
1769791151707765760.000000 -0.143881038 -0.211177275 -0.008825934 -0.015331674 -0.016097225 -0.002518385 0.999749780
1769791151741093376.000000 -0.145605356 -0.218476161 -0.012011220 -0.014539385 -0.015410506 -0.002382799 0.999772727
1769791151807763456.000000 -0.145410165 -0.218273312 -0.010216382 -0.010487042 -0.014252473 -0.003582685 0.999837041
1769791151974446336.000000 -0.140700310 -0.217694134 -0.003806931 0.003523669 -0.011473098 -0.004081702 0.999919713
1769791152007777792.000000 -0.137802556 -0.214810461 0.002252711 0.006566050 -0.011221779 -0.004207689 0.999906659
1769791152041101824.000000 -0.142997772 -0.217670217 -0.001381504 0.008628102 -0.010065882 -0.004248365 0.999903083
1769791152074426880.000000 -0.138487995 -0.214925811 0.005900215 0.010929273 -0.010298168 -0.004556397 0.999876916
1769791152107771392.000000 -0.140191033 -0.214802086 0.004354100 0.013024524 -0.009727671 -0.004528983 0.999857605
1769791152141109248.000000 -0.139770329 -0.216644913 0.004641920 0.014885022 -0.009449527 -0.004592925 0.999834061
1769791152241096448.000000 -0.138310149 -0.214466289 0.007919646 0.020962158 -0.008992463 -0.004777293 0.999728441
1769791152274439424.000000 -0.137521803 -0.213492081 0.010044624 0.022791749 -0.008981812 -0.005136715 0.999686718
1769791152307761920.000000 -0.137535587 -0.215243801 0.008281874 0.024106896 -0.008953122 -0.005247573 0.999655545
1769791152341101056.000000 -0.137033254 -0.213726163 0.011184846 0.025731008 -0.008783297 -0.005506987 0.999615192
1769791152374439936.000000 -0.138345718 -0.213209271 0.011933396 0.027316133 -0.008531446 -0.005768319 0.999573827
1769791152407760128.000000 -0.138168558 -0.213078335 0.011555565 0.028627278 -0.008464836 -0.005793420 0.999537528
1769791152507778048.000000 -0.119169913 -0.203967795 0.044916730 0.033519186 -0.009760212 -0.004507386 0.999380350
1769791152541129472.000000 -0.122384295 -0.203512847 0.042135634 0.034824502 -0.009242317 -0.004754931 0.999339461
1769791152574443264.000000 -0.121914908 -0.204899892 0.041929062 0.035536125 -0.009526670 -0.004498452 0.999312878
1769791152607769088.000000 -0.127310932 -0.207373962 0.039364353 0.035678346 -0.008759329 -0.004880283 0.999313056
1769791152641099776.000000 -0.127148509 -0.208037212 0.040832441 0.036273234 -0.008646238 -0.004940237 0.999292314
1769791152674432512.000000 -0.128460109 -0.207774922 0.039198607 0.036878385 -0.008647212 -0.005209262 0.999268830
1769791152774433536.000000 -0.128438011 -0.206188574 0.042304508 0.037352402 -0.008662630 -0.005098318 0.999251664
1769791152807768832.000000 -0.129411548 -0.206158459 0.042554941 0.037630100 -0.008848189 -0.004980358 0.999240220
1769791152841094144.000000 -0.129876792 -0.206785992 0.041620679 0.038221776 -0.008851176 -0.004825265 0.999218524
1769791152874434560.000000 -0.130524948 -0.207673877 0.041637290 0.038817383 -0.008979708 -0.005177478 0.999192595
1769791152907762432.000000 -0.132522643 -0.206689030 0.039187271 0.040038742 -0.009177336 -0.005328795 0.999141812
1769791152941092608.000000 -0.132722661 -0.206577435 0.039135516 0.040873010 -0.009480197 -0.005255055 0.999105632
1769791153041103616.000000 -0.124933593 -0.201691493 0.052454546 0.042969622 -0.010913310 -0.004621599 0.999006152
1769791153074432256.000000 -0.126943231 -0.201480836 0.050225303 0.043405313 -0.010913459 -0.004753886 0.998986661
1769791153107763456.000000 -0.128643498 -0.203728020 0.047470331 0.043453448 -0.010858024 -0.004411301 0.998986781
1769791153141094144.000000 -0.123645887 -0.199350655 0.056636643 0.044332217 -0.011716707 -0.004667135 0.998937309
1769791153174441728.000000 -0.122803830 -0.198572442 0.057514429 0.044614293 -0.012399036 -0.004857603 0.998915613
1769791153207758336.000000 -0.123143874 -0.197576642 0.057366960 0.044999052 -0.012551500 -0.004998428 0.998895764
1769791153307759616.000000 -0.126640752 -0.197372809 0.055234674 0.045171559 -0.013041907 -0.005034369 0.998881400
1769791153341096448.000000 -0.126224279 -0.195799008 0.057850238 0.045263492 -0.013391154 -0.005062182 0.998872578
1769791153374427648.000000 -0.125832260 -0.194942147 0.060609110 0.045088883 -0.013555516 -0.005268352 0.998877168
1769791153407771392.000000 -0.127780035 -0.193463862 0.059558041 0.045044228 -0.013595662 -0.005363245 0.998878121
1769791153441108480.000000 -0.128169075 -0.193480253 0.058710355 0.044824440 -0.014018293 -0.005349208 0.998882234
1769791153474427648.000000 -0.128606081 -0.192565113 0.059101429 0.044882949 -0.014259665 -0.005432397 0.998875737
1769791153541101568.000000 -0.129836962 -0.189766124 0.059650142 0.044983774 -0.014537189 -0.005526308 0.998866677
1769791153574441216.000000 -0.129667953 -0.190365702 0.060839508 0.044452161 -0.014925974 -0.005215492 0.998886406
1769791153607765504.000000 -0.133051172 -0.191356733 0.055583883 0.043740343 -0.014995338 -0.005369603 0.998915970
1769791153641092864.000000 -0.132064849 -0.189627424 0.058132611 0.043768067 -0.015551383 -0.005505001 0.998905599
1769791153707762688.000000 -0.144961357 -0.192795351 0.038253795 0.041948590 -0.015030150 -0.008025583 0.998974502
1769791153741107968.000000 -0.146486089 -0.191831917 0.036616739 0.041371226 -0.015249723 -0.008048351 0.998995066
1769791153807762688.000000 -0.135350108 -0.185841724 0.057769950 0.041710112 -0.016431183 -0.005395598 0.998980105
1769791153907785728.000000 -0.151224345 -0.191257283 0.031463876 0.038541637 -0.016135536 -0.007901465 0.999095500
1769791153941092352.000000 -0.152054071 -0.190640405 0.029908778 0.038097307 -0.016485680 -0.007638311 0.999108851
1769791153974430976.000000 -0.154878557 -0.191847771 0.031099986 0.036884338 -0.016903790 -0.007901428 0.999145389
1769791154041101568.000000 -0.157809317 -0.190346375 0.027757511 0.035610352 -0.017158685 -0.007705602 0.999188781
1769791154074427904.000000 -0.157729730 -0.191010743 0.028016845 0.034835879 -0.017263064 -0.007287615 0.999217391
1769791154107758080.000000 -0.160547569 -0.189132199 0.027003910 0.034040496 -0.017090982 -0.007749712 0.999244273
1769791154174438400.000000 -0.161017194 -0.188222900 0.025510805 0.032527421 -0.017848931 -0.007886742 0.999280393
1769791154241094912.000000 -0.161192402 -0.188220263 0.026077470 0.030730734 -0.018346179 -0.007478833 0.999331355
1769791154274433792.000000 -0.164850935 -0.186105639 0.021807889 0.030445980 -0.018313723 -0.007260169 0.999342322
1769791154341093888.000000 -0.164511278 -0.186555013 0.020750454 0.028444488 -0.018686548 -0.007411552 0.999393284
1769791154374433792.000000 -0.166350737 -0.185705006 0.020813627 0.027590066 -0.018592140 -0.007259666 0.999420047
1769791154407758336.000000 -0.168224424 -0.187215775 0.016696526 0.026420780 -0.018835079 -0.006987002 0.999449074
1769791154474425344.000000 -0.167250320 -0.185207114 0.018020302 0.024653958 -0.019270070 -0.006812704 0.999487102
1769791154574432256.000000 -0.172565177 -0.182802081 0.014276433 0.021765217 -0.019497978 -0.007116319 0.999547720
1769791154674427648.000000 -0.167985737 -0.176374257 0.018505739 0.020272076 -0.020446369 -0.005187430 0.999571979
1769791154741100800.000000 -0.169768617 -0.176926062 0.016768474 0.017808082 -0.020892540 -0.005051917 0.999610424
1769791154774432768.000000 -0.171079010 -0.177019238 0.013779714 0.016620157 -0.020917881 -0.004731244 0.999631882
1769791154874435072.000000 -0.171177849 -0.172448143 0.016104728 0.013836551 -0.021226961 -0.004798303 0.999667466
1769791154907760640.000000 -0.175093278 -0.178381205 0.014256323 0.011058298 -0.020881731 -0.002694481 0.999717236
1769791154941099008.000000 -0.176442340 -0.173449174 0.010174553 0.011490190 -0.020880658 -0.004295853 0.999706805
1769791154974425600.000000 -0.177212074 -0.174842551 0.014193523 0.009322876 -0.020758964 -0.002587454 0.999737740
1769791155007777024.000000 -0.179855645 -0.175176963 0.008459654 0.007919475 -0.020539043 -0.002648479 0.999754190
1769791155041102848.000000 -0.180579677 -0.175031021 0.007422009 0.006580728 -0.020736193 -0.002587850 0.999760032
1769791155107764992.000000 -0.183378458 -0.174792513 0.004788326 0.004405960 -0.020501357 -0.002586681 0.999776781
1769791155141104640.000000 -0.184515774 -0.178738341 0.000185788 0.002607958 -0.020815376 -0.002535513 0.999776721
1769791155174436864.000000 -0.190075651 -0.173559695 -0.000838944 0.002728665 -0.020342203 -0.004542316 0.999779046
1769791155207811328.000000 -0.190143287 -0.165504083 0.000920507 0.002400566 -0.020164790 -0.004949424 0.999781549
1769791155241093632.000000 -0.191626549 -0.159364715 -0.000029567 0.001937280 -0.019858856 -0.005213988 0.999787331
1769791155274444800.000000 -0.192334905 -0.160671920 0.000140380 0.000239877 -0.019827299 -0.005510228 0.999788225
1769791155307768064.000000 -0.191599339 -0.160410762 -0.000789734 -0.000770390 -0.020083260 -0.005567002 0.999782503
1769791155374454272.000000 -0.191636100 -0.158098012 -0.000935272 -0.002906163 -0.020156296 -0.005480647 0.999777615
1769791155407791104.000000 -0.192497730 -0.156337455 -0.001763345 -0.003946724 -0.019810839 -0.005381322 0.999781489
1769791155441111296.000000 -0.190849021 -0.153702676 -0.000005789 -0.004623120 -0.020069599 -0.005233298 0.999774218
1769791155474500096.000000 -0.222762272 -0.160424188 -0.032228760 -0.007507761 -0.016809465 -0.004575183 0.999820054
1769791155507787520.000000 -0.222449377 -0.152222484 -0.029881483 -0.007814243 -0.016679028 -0.003901999 0.999822795
1769791155574424832.000000 -0.224769175 -0.130064934 -0.029423833 -0.007374489 -0.017739514 -0.016394423 0.999681056
1769791155607766272.000000 -0.226934046 -0.117895074 -0.028002283 -0.007160890 -0.018145403 -0.026797308 0.999450564
1769791155707759616.000000 -0.238377199 -0.077846147 -0.023811899 -0.006750107 -0.019223506 -0.060703725 0.997947872
1769791155741090816.000000 -0.239358485 -0.069398642 -0.022386428 -0.007007784 -0.019157827 -0.070757508 0.997284949
1769791155774425344.000000 -0.239657253 -0.058540333 -0.020647770 -0.006862954 -0.019155532 -0.079615727 0.996617973
1769791155807757824.000000 -0.241665170 -0.049416941 -0.019322827 -0.007390066 -0.018815326 -0.090220086 0.995716691
1769791155841105920.000000 -0.242348313 -0.038681693 -0.019780809 -0.007396992 -0.018729558 -0.100651011 0.994718015
1769791155874436352.000000 -0.245341137 -0.030793639 -0.020498261 -0.007433238 -0.018606512 -0.110481702 0.993676245
1769791155974427392.000000 -0.246740639 -0.002824632 -0.017909812 -0.008617241 -0.019230146 -0.140671432 0.989832044
1769791156074425344.000000 -0.247564420 0.010311604 -0.019538468 -0.010310766 -0.019665455 -0.169612214 0.985260725
1769791156107760128.000000 -0.249392271 0.011804814 -0.020527937 -0.011413531 -0.019648114 -0.179344639 0.983523905
1769791156141090560.000000 -0.251118422 0.014562974 -0.020901162 -0.012549319 -0.019516155 -0.188934639 0.981715500
1769791156174424320.000000 -0.252278268 0.016589850 -0.020048212 -0.013717682 -0.019491469 -0.198453858 0.979820371
1769791156207757568.000000 -0.250822872 0.025347110 -0.022282822 -0.013688833 -0.019733220 -0.206769094 0.978094995
1769791156274423296.000000 -0.252148092 0.044886291 -0.026366545 -0.013330042 -0.019713271 -0.222201779 0.974710286
1769791156341090816.000000 -0.254945368 0.061833087 -0.029929882 -0.013428831 -0.019552341 -0.237327263 0.971140146
1769791156374426880.000000 -0.254475772 0.071503825 -0.028769126 -0.013170920 -0.019526120 -0.244371504 0.969395638
1769791156407771136.000000 -0.255134493 0.079216950 -0.028454488 -0.013295515 -0.019440966 -0.251758873 0.967503369
1769791156441117696.000000 -0.250574589 0.092911489 -0.028449181 -0.011859098 -0.019772802 -0.258364797 0.965772271
1769791156474442752.000000 -0.251019984 0.096488804 -0.030766970 -0.012322179 -0.019758295 -0.264936745 0.963984609
1769791156541107712.000000 -0.251831561 0.104210980 -0.031764373 -0.013195024 -0.019756552 -0.280119717 0.959671080
1769791156607768320.000000 -0.248292133 0.118391700 -0.020241477 -0.013820471 -0.020688711 -0.292738676 0.955868721
1769791156641100800.000000 -0.248865604 0.123967715 -0.023113761 -0.014445544 -0.020603744 -0.299557507 0.953746378
1769791156674437376.000000 -0.247462958 0.132302672 -0.021868693 -0.014230101 -0.020737920 -0.304819494 0.952078044
1769791156707771392.000000 -0.249199688 0.138731271 -0.017384481 -0.014644177 -0.020352935 -0.311157286 0.950027645
1769791156741107968.000000 -0.247488871 0.145371109 -0.014637904 -0.014575803 -0.020682562 -0.316718161 0.948182166
1769791156807781888.000000 -0.249140322 0.154456943 -0.004711061 -0.015040510 -0.020278661 -0.327023923 0.944678724
1769791156874434304.000000 -0.246705055 0.165599838 -0.008432226 -0.015008141 -0.020124132 -0.336495459 0.941350400
1769791156907776768.000000 -0.245046973 0.170974642 -0.009278846 -0.014842600 -0.020110333 -0.341964751 0.939380348
1769791156941104384.000000 -0.243515074 0.175616622 -0.014082102 -0.014811977 -0.019777086 -0.346165717 0.937847972
1769791156974438400.000000 -0.240268081 0.180478409 -0.019329306 -0.014817905 -0.020042941 -0.350354522 0.936285496
1769791157007766784.000000 -0.239099920 0.187418178 -0.024095137 -0.014217763 -0.019534890 -0.354317039 0.934813201
1769791157107771904.000000 -0.237788200 0.195746377 -0.027943248 -0.015080300 -0.019148242 -0.366481334 0.930106163
1769791157141110272.000000 -0.236541778 0.197942346 -0.029413130 -0.015598170 -0.018875511 -0.369811028 0.928784370
1769791157174437632.000000 -0.235413134 0.203399703 -0.030110095 -0.015089786 -0.018860985 -0.372817993 0.927590072
1769791157241102080.000000 -0.230590090 0.209621072 -0.018147307 -0.016000491 -0.018874820 -0.378726393 0.925177872
1769791157274438144.000000 -0.232412279 0.212377757 -0.018741276 -0.016341541 -0.018186770 -0.382008821 0.923835218
1769791157307769344.000000 -0.228311390 0.216825962 -0.017070353 -0.016078688 -0.018359929 -0.384082735 0.922976136
1769791157374435840.000000 -0.214121670 0.223722175 -0.021914706 -0.015575862 -0.018972144 -0.388084531 0.921296835
1769791157407771392.000000 -0.210817933 0.225593939 -0.023311784 -0.015623108 -0.018538198 -0.389977157 0.920505345
1769791157441102592.000000 -0.205667630 0.230258271 -0.022167653 -0.015192570 -0.017992774 -0.392195076 0.919580638
1769791157507783424.000000 -0.194772974 0.235753059 -0.023595082 -0.014976225 -0.017844325 -0.394978762 0.918394864
1769791157541101568.000000 -0.191090584 0.238767177 -0.022157663 -0.014828019 -0.018085187 -0.396360755 0.917796969
1769791157574432256.000000 -0.186846733 0.242510781 -0.020699225 -0.014655860 -0.018054731 -0.398095697 0.917049170
1769791157641100288.000000 -0.179657623 0.242656574 -0.024310367 -0.015051220 -0.018241422 -0.400632054 0.915933788
1769791157674436352.000000 -0.176243246 0.244370177 -0.025063304 -0.015081192 -0.018184606 -0.401351839 0.915619314
1769791157707767808.000000 -0.171606719 0.243719742 -0.025221545 -0.015265784 -0.018291811 -0.401949704 0.915351748
1769791157807769856.000000 -0.153667852 0.245335802 -0.021662379 -0.014841129 -0.018887127 -0.402616829 0.915053427
1769791157841101312.000000 -0.148500264 0.244668990 -0.022432460 -0.014847696 -0.019203041 -0.402369976 0.915155292
1769791157874432256.000000 -0.143040091 0.244393632 -0.022755070 -0.014733935 -0.019391170 -0.401791364 0.915407360
1769791157941098240.000000 -0.131243557 0.243951812 -0.023489892 -0.014098231 -0.019443499 -0.401386470 0.915593863
1769791157974432512.000000 -0.127324253 0.242891729 -0.022547735 -0.014213919 -0.019451026 -0.400867760 0.915819108
1769791158007765760.000000 -0.120691657 0.239654884 -0.022743614 -0.014561960 -0.019806840 -0.399898857 0.916229546
1769791158074441984.000000 -0.106624268 0.234987497 -0.022386011 -0.014220635 -0.020189798 -0.396876097 0.917539954
1769791158141097472.000000 -0.096148595 0.229913533 -0.019156830 -0.014590366 -0.019763691 -0.394488782 0.918572366
1769791158174437632.000000 -0.089207880 0.226188004 -0.019715471 -0.014717282 -0.019832110 -0.392879516 0.919258296
1769791158241109760.000000 -0.073410548 0.216106310 -0.017313657 -0.014991529 -0.020734260 -0.388971776 0.920894325
1769791158274436096.000000 -0.073618792 0.212376013 -0.019353049 -0.015636614 -0.019343916 -0.386574119 0.921922863
1769791158307767808.000000 -0.068624653 0.208955511 -0.017232843 -0.015715720 -0.018993072 -0.384664506 0.922727227
1769791158374430720.000000 -0.053232864 0.195679531 -0.023182014 -0.016116781 -0.019839652 -0.379883707 0.924681067
1769791158441099520.000000 -0.038575519 0.185705632 -0.019297197 -0.015988713 -0.020043029 -0.373567462 0.927248597
1769791158474432000.000000 -0.031277079 0.183266819 -0.019095303 -0.015036431 -0.019607259 -0.370590836 0.928467512
1769791158607769600.000000 0.000090957 0.154949322 -0.016885849 -0.015353653 -0.019776935 -0.354993790 0.934533358
1769791158641110528.000000 0.007424392 0.150370702 -0.017330557 -0.015076123 -0.019907251 -0.350739032 0.936140299
1769791158674434816.000000 0.015575804 0.140975654 -0.013851962 -0.015896559 -0.020251371 -0.345925450 0.937908709
1769791158741104128.000000 0.029182613 0.123660661 -0.019543756 -0.016615961 -0.019993832 -0.337499559 0.940966666
1769791158774436352.000000 0.040165622 0.114791490 -0.017320571 -0.016555006 -0.020575523 -0.331072867 0.943235576
1769791158807772928.000000 0.048811320 0.109701544 -0.015193503 -0.015723964 -0.020181594 -0.324945450 0.945386648
1769791158874434048.000000 0.063722782 0.090230197 -0.017103359 -0.016369218 -0.019833777 -0.313197821 0.949339747
1769791158907769600.000000 0.076002508 0.080292031 -0.017459903 -0.016028320 -0.020271936 -0.305603653 0.951808035
1769791158941099520.000000 0.086175606 0.072865874 -0.012611579 -0.015876358 -0.020383652 -0.297536433 0.954360783
1769791159007771136.000000 0.104139283 0.051411718 -0.011391830 -0.016627874 -0.020271372 -0.281192631 0.959293127
1769791159041109248.000000 0.115063578 0.044883788 -0.007216346 -0.015210659 -0.020200463 -0.270792097 0.962305725
1769791159074433024.000000 0.122090399 0.036416329 -0.009114462 -0.014906149 -0.019797927 -0.262305737 0.964666545
1769791159107774720.000000 0.134991825 0.022204261 -0.010777589 -0.015768064 -0.020228997 -0.251418144 0.967538714
1769791159174429952.000000 0.153437734 0.005056020 0.002312686 -0.015133220 -0.019299479 -0.228922725 0.973135591
1769791159207763968.000000 0.158252865 -0.005492046 0.003617441 -0.015485745 -0.018229837 -0.219720110 0.975269675
1769791159307770880.000000 0.190125108 -0.031660762 0.010716271 -0.014243769 -0.017558523 -0.190525129 0.981421947
1769791159341106176.000000 0.192985535 -0.036014121 0.014327389 -0.012956967 -0.015418692 -0.182471201 0.983004928
1769791159374433280.000000 0.201856166 -0.040110052 0.006564961 -0.011228446 -0.014842073 -0.175827682 0.984245062
1769791159407763712.000000 0.212418109 -0.048765041 0.003852673 -0.010461329 -0.014681649 -0.168346450 0.985563040
1769791159441156352.000000 0.233696699 -0.067620605 0.013350966 -0.011534672 -0.017180886 -0.160091713 0.986885250
1769791159474437120.000000 0.238859102 -0.077828720 0.014441138 -0.010264268 -0.016156154 -0.155604199 0.987634003
1769791159574435840.000000 0.264799803 -0.107869938 0.002460805 -0.002752976 -0.013666186 -0.152145803 0.988259792
1769791159607767040.000000 0.271748126 -0.114219263 0.001643936 0.001237711 -0.011796978 -0.151605308 0.988369942
1769791159641100288.000000 0.275952607 -0.119648166 0.000438315 0.005522709 -0.009156219 -0.152514115 0.988243461
1769791159674435584.000000 0.283164591 -0.127681658 -0.004775941 0.009238415 -0.007413791 -0.152898580 0.988170922
1769791159707775232.000000 0.294999897 -0.146756560 0.004184312 0.010233352 -0.006272585 -0.151767105 0.988343418
1769791159741102336.000000 0.302044839 -0.150380537 0.001358446 0.014892492 -0.003588258 -0.152212799 0.988229036
1769791159807769856.000000 0.315319806 -0.159650445 -0.006441758 0.024214160 0.002344986 -0.152249157 0.988042712
1769791159907767808.000000 0.321936190 -0.171784967 -0.022354333 0.036735684 0.013867631 -0.155282244 0.987089515
1769791159941120512.000000 0.325410664 -0.172956869 -0.023678856 0.041757688 0.017600743 -0.156710535 0.986604512
1769791159974431744.000000 0.324171543 -0.173999444 -0.025949584 0.046281330 0.021386428 -0.157342911 0.986227155
1769791160007763712.000000 0.324613899 -0.175565585 -0.043537050 0.050365042 0.025937283 -0.158768773 0.985689163
1769791160041111040.000000 0.327090740 -0.178209931 -0.066239469 0.054586589 0.030605949 -0.161505759 0.984885514
1769791160074434304.000000 0.327812612 -0.178482890 -0.061857965 0.057685491 0.036639106 -0.162851661 0.984281123
1769791160207764736.000000 0.345583498 -0.182415932 -0.050566081 0.063832127 0.054268491 -0.152513787 0.984743595
1769791160241101824.000000 0.342252344 -0.187881380 -0.038731974 0.063976415 0.061736077 -0.153996244 0.984063506
1769791160274439424.000000 0.341775417 -0.204493180 -0.035235949 0.060865246 0.067142367 -0.155119017 0.983730435
1769791160307764992.000000 0.345589846 -0.209942967 -0.037664976 0.060009088 0.071040705 -0.157419905 0.983143508
1769791160341108736.000000 0.343520015 -0.202957958 -0.035397336 0.063281074 0.077339545 -0.156196102 0.982658088
1769791160374432000.000000 0.344950199 -0.210433304 -0.030311704 0.061677217 0.082323156 -0.158233747 0.982029021
1769791160507776256.000000 0.333266973 -0.224755228 -0.027057990 0.056370057 0.101046525 -0.165456578 0.979406059
1769791160607785472.000000 0.315057516 -0.227999687 -0.009968511 0.051179472 0.112247258 -0.170607179 0.977586031
1769791160641096704.000000 0.327729374 -0.238214388 -0.018525094 0.049465042 0.109544381 -0.167412445 0.978532791
1769791160674429440.000000 0.345659196 -0.244990617 -0.028903436 0.047821306 0.104777850 -0.162958726 0.979887307
1769791160707768064.000000 0.347890645 -0.251337260 -0.026737146 0.037866820 0.102118850 -0.158109412 0.981396616
1769791160807771136.000000 0.385384232 -0.225651950 -0.013659974 0.015403342 0.085402392 -0.137414172 0.986704886
1769791160841114112.000000 0.388243377 -0.231791586 0.005490893 0.005170703 0.082863994 -0.129019797 0.988160253
1769791160874433792.000000 0.397279799 -0.235213980 0.003164495 -0.000671924 0.077716149 -0.124190412 0.989210069
1769791160907765248.000000 0.411770761 -0.231824696 0.006043087 -0.004394062 0.072444521 -0.115118749 0.990696847
1769791160941105664.000000 0.433697641 -0.231315419 0.013020150 -0.008236892 0.065856144 -0.107383467 0.991999984
1769791160974432512.000000 0.438151777 -0.251628369 0.015512090 -0.018414037 0.061946113 -0.103584252 0.992518961
1769791161041117440.000000 0.629427850 -0.364063382 0.125667557 -0.045123957 0.030252850 -0.064924739 0.996410251
1769791161107761920.000000 0.645712793 -0.366175741 0.142251760 -0.051652916 0.025238154 -0.053317249 0.996921480
1769791161141099520.000000 0.657866240 -0.380946249 0.146609277 -0.057528388 0.021459004 -0.049074944 0.996906042
1769791161174434816.000000 0.675619900 -0.389809132 0.149099991 -0.060699057 0.016806100 -0.043042574 0.997086048
1769791161207771904.000000 0.688964605 -0.404743105 0.153575361 -0.065684073 0.012970715 -0.038937055 0.996996164
1769791161241096960.000000 0.694468439 -0.410400271 0.158244893 -0.067498714 0.011383401 -0.033999976 0.997074902
1769791161307774464.000000 0.723398209 -0.428506255 0.174935386 -0.072228909 0.005042177 -0.024720849 0.997069001
1769791161374435840.000000 0.735863268 -0.440938443 0.187690869 -0.073714003 0.002388360 -0.017463360 0.997123659
1769791161407772160.000000 0.738819659 -0.493458807 0.116518445 -0.073283784 -0.000211354 -0.033893526 0.996735036
1769791161474437376.000000 0.753624380 -0.497575700 0.127283365 -0.070904911 -0.002192002 -0.027161881 0.997110844
1769791161507767296.000000 0.765068173 -0.512961984 0.126003757 -0.071733743 -0.004953415 -0.023536755 0.997133791
1769791161574432256.000000 0.788204432 -0.531300485 0.133239344 -0.069886297 -0.008538350 -0.015146631 0.997403502
1769791161641099776.000000 0.790220141 -0.504824400 0.136944965 -0.059377506 -0.008666534 -0.017162118 0.998050451
1769791161674439680.000000 0.798146784 -0.505337000 0.140604585 -0.055604134 -0.009908162 -0.016153133 0.998273075
1769791161707766272.000000 0.804873466 -0.515186965 0.147886068 -0.054307271 -0.010536443 -0.014389923 0.998364985
1769791161741111040.000000 0.811517119 -0.521357179 0.143187597 -0.051155984 -0.011798588 -0.014213520 0.998519838
1769791161774433536.000000 0.798327208 -0.503335893 0.133939713 -0.045239497 -0.009482072 -0.016947126 0.998787463
1769791161807783168.000000 0.785321474 -0.490254492 0.130789697 -0.040442962 -0.007225111 -0.021499962 0.998924434
1769791161907771392.000000 0.820480287 -0.511551738 0.128306091 -0.033480182 -0.011511552 -0.008006702 0.999341011
1769791161941104640.000000 0.820014954 -0.515659809 0.123967133 -0.031239953 -0.011010461 -0.007515223 0.999423027
1769791161974432000.000000 0.819830835 -0.516083658 0.117809668 -0.028733760 -0.010775262 -0.007406431 0.999501586
1769791162007760640.000000 0.783273280 -0.515958846 0.077210806 -0.026415648 -0.006648395 -0.012807199 0.999546945
1769791162041152512.000000 0.828600049 -0.523986161 0.119355500 -0.025417792 -0.011964804 -0.005308690 0.999591231
1769791162074432512.000000 0.831525981 -0.518491089 0.129772425 -0.022169631 -0.012050233 -0.004930905 0.999669433
1769791162207772672.000000 0.847367644 -0.515092432 0.137314409 -0.014019835 -0.013367329 -0.003482678 0.999806285
1769791162241097472.000000 0.854777396 -0.526713371 0.143580914 -0.013571920 -0.013374357 -0.001507782 0.999817312
1769791162274437888.000000 0.856219709 -0.524232149 0.146046653 -0.013087644 -0.012473420 -0.004545109 0.999826252
1769791162307801088.000000 0.884719551 -0.508904755 0.142501354 -0.008505443 -0.016807608 -0.005146193 0.999809325
1769791162341105920.000000 0.894453108 -0.487654358 0.192719787 -0.003655063 -0.015557927 -0.000052776 0.999872327
1769791162374436608.000000 0.883594573 -0.496625185 0.177520797 -0.003348418 -0.013845833 0.000601065 0.999898434
1769791162507771392.000000 0.860635102 -0.535138845 0.102825180 -0.004052607 -0.010829073 0.002169940 0.999930859
1769791162541106432.000000 0.868738890 -0.534037590 0.110820346 -0.002893310 -0.011190400 0.002564387 0.999929965
1769791162574449664.000000 0.862836361 -0.538752854 0.103759244 -0.002249620 -0.009975560 0.004484321 0.999937654
1769791162607769600.000000 0.864488184 -0.539294660 0.103058465 -0.001581474 -0.010165948 0.005070808 0.999934256
1769791162641097984.000000 0.869265199 -0.539129436 0.118861370 -0.001086505 -0.010789126 0.004697396 0.999930203
1769791162674441472.000000 0.869181275 -0.542737126 0.118259564 -0.000794392 -0.010208650 0.005701049 0.999931395
1769791162807774720.000000 0.870850801 -0.543069422 0.122080378 0.001482118 -0.008689941 0.006833842 0.999937832
1769791162841095424.000000 0.872403920 -0.544605315 0.122002259 0.001883732 -0.008511903 0.008143710 0.999928832
1769791162874427648.000000 0.866727114 -0.549449861 0.115030684 0.001405512 -0.007462821 0.009505828 0.999926031
1769791162907775232.000000 0.874138415 -0.547283351 0.122250378 0.001796273 -0.007686679 0.009096698 0.999927521
1769791162941093120.000000 0.874563992 -0.545137644 0.120026559 0.002295350 -0.007749944 0.010080414 0.999916553
1769791162974429952.000000 0.889864922 -0.535458028 0.121061571 0.003054068 -0.009653962 0.007091485 0.999923587
1769791163107768320.000000 0.892687380 -0.525113046 0.135167763 0.003933341 -0.009097211 0.007917825 0.999919593
1769791163141101056.000000 0.892263114 -0.516139388 0.141300350 0.005639001 -0.008116161 0.008461173 0.999915421
1769791163174432000.000000 0.899095774 -0.508441865 0.152561456 0.006854245 -0.008274480 0.008300242 0.999907851
1769791163207775488.000000 0.901788652 -0.510132134 0.153324172 0.006754593 -0.008086035 0.009229188 0.999901950
1769791163241102592.000000 0.908305049 -0.506307483 0.160680547 0.007178541 -0.008533354 0.009218638 0.999895334
1769791163274434560.000000 0.906108737 -0.509082973 0.155360073 0.006643797 -0.007996180 0.010037843 0.999895632
1769791163341105152.000000 0.907650650 -0.505552590 0.155334905 0.006964927 -0.007395289 0.010637206 0.999891818
1769791163374442752.000000 0.911199868 -0.497220665 0.158615544 0.007869626 -0.007194990 0.009168792 0.999901116
1769791163407768064.000000 0.917735100 -0.495183229 0.163158193 0.007836733 -0.007464308 0.009939082 0.999892056
1769791163441105920.000000 0.920153737 -0.492500752 0.165139794 0.007933438 -0.007325463 0.009830487 0.999893427
1769791163474438656.000000 0.921711266 -0.495052636 0.163815275 0.007217566 -0.007205235 0.010642312 0.999891400
1769791163541124864.000000 0.910828471 -0.516273856 0.125390097 0.003587945 -0.005218614 0.009691339 0.999933064
1769791163574431488.000000 0.906028986 -0.516915500 0.116256066 0.002982998 -0.004608024 0.009942872 0.999935567
1769791163607762432.000000 0.897270977 -0.515332162 0.107187308 0.002704127 -0.003339095 0.010563925 0.999934971
1769791163674436096.000000 0.894594371 -0.515267193 0.102768146 0.001588716 -0.002348902 0.010582735 0.999940038
1769791163707779328.000000 0.913037002 -0.507225037 0.122706816 0.001942387 -0.004018076 0.010508487 0.999934852
1769791163741094400.000000 0.913765609 -0.502471924 0.118596606 0.002397228 -0.003596632 0.011057580 0.999929607
1769791163807781120.000000 0.916023314 -0.496567398 0.123539180 0.001638663 -0.003024912 0.011037022 0.999933183
1769791163841113600.000000 0.922014177 -0.492317945 0.126621306 0.001276951 -0.003691826 0.010582699 0.999936402
1769791163874446592.000000 0.922575593 -0.488433331 0.126406938 0.001336053 -0.003521053 0.011136232 0.999930918
1769791163907780096.000000 0.921077669 -0.491140515 0.124587446 0.000309764 -0.002990443 0.012447421 0.999918044
1769791164007763968.000000 0.926145136 -0.477685243 0.129240662 -0.000702699 -0.002760401 0.011199280 0.999933243
1769791164041094912.000000 0.927136719 -0.472452492 0.131388441 -0.000981555 -0.002421956 0.011044573 0.999935627
1769791164074437120.000000 0.929052651 -0.466452926 0.134935260 -0.001359206 -0.002466300 0.010545068 0.999940455
1769791164141112320.000000 0.926925778 -0.468301386 0.130147576 -0.003290592 -0.001553570 0.011311426 0.999929428
1769791164174431232.000000 0.930996299 -0.461438835 0.131973743 -0.003232243 -0.001876055 0.011985865 0.999921262
1769791164207769344.000000 0.933965981 -0.450520545 0.133379623 -0.002921653 -0.002004265 0.010921969 0.999934137
1769791164341098752.000000 0.929911494 -0.433360398 0.127136990 -0.004385727 -0.000851488 0.011496898 0.999923944
1769791164374427648.000000 0.934087753 -0.422708869 0.138788328 -0.004380013 -0.001276767 0.011183509 0.999927104
1769791164407749376.000000 0.937329113 -0.406180531 0.146563187 -0.003099354 -0.001475616 0.010223064 0.999941885
1769791164441085952.000000 0.937980771 -0.397994190 0.150173083 -0.003222157 -0.001324219 0.009571071 0.999948204
1769791164474424320.000000 0.944190502 -0.381318092 0.157512784 -0.002002301 -0.001905277 0.009336687 0.999952674
1769791164507750144.000000 0.951564312 -0.371312320 0.163819283 -0.001844618 -0.002546947 0.008105574 0.999962211
1769791164607757056.000000 0.959705412 -0.345717281 0.176795468 -0.002063910 -0.002495538 0.004884460 0.999982834
1769791164641085184.000000 0.960837066 -0.336649895 0.182455599 -0.002071156 -0.002275477 0.005597122 0.999979675
1769791164674432512.000000 0.865514576 -0.363329589 0.049431723 -0.009419969 0.008167911 0.001478252 0.999921203
1769791164707750144.000000 0.866370499 -0.359803170 0.050457139 -0.010490895 0.007902728 0.000974759 0.999913275
1769791164741084160.000000 0.865674257 -0.356510162 0.051029418 -0.011263156 0.008159725 0.001049656 0.999902725
1769791164774416384.000000 0.867674351 -0.356263161 0.047796804 -0.012213672 0.007942988 0.002602189 0.999890566
1769791164874420480.000000 0.870016992 -0.353109896 0.048753787 -0.015568394 0.008005761 0.004797634 0.999835312
1769791164907750912.000000 0.871371984 -0.348680466 0.048858937 -0.016079249 0.007788073 0.004581966 0.999829888
1769791164941094912.000000 0.871790111 -0.346380830 0.051519319 -0.017174549 0.007979019 0.004296291 0.999811471
1769791164974416896.000000 0.869976282 -0.344143271 0.047987048 -0.017683335 0.008212755 0.004684666 0.999798954
1769791165007746560.000000 0.872712970 -0.342391729 0.052550152 -0.019094083 0.007856723 0.005196629 0.999773324
1769791165041081856.000000 0.869345903 -0.337840736 0.046473857 -0.019827131 0.008143545 0.004406299 0.999760568
1769791165141079552.000000 0.798275054 -0.260438979 -0.010295393 -0.014872703 0.017387880 -0.005837597 0.999721169
1769791165207768064.000000 0.787822068 -0.255142272 -0.020242866 -0.017372562 0.018462600 -0.009656812 0.999632001
1769791165241094912.000000 0.792491555 -0.254766464 -0.018150628 -0.018433746 0.017599348 -0.007359668 0.999648094
1769791165274418944.000000 0.797717333 -0.251050025 -0.011377047 -0.018647717 0.016808370 -0.004790835 0.999673367
1769791165307751424.000000 0.800431192 -0.246675208 -0.006360590 -0.019125000 0.016460637 -0.003964846 0.999673724
1769791165341078272.000000 0.801827371 -0.245948747 -0.006060575 -0.020325763 0.016227441 -0.003073486 0.999657035
1769791165407777280.000000 0.799567640 -0.239392743 -0.011471830 -0.021949319 0.016271336 -0.002597099 0.999623358
1769791165507785216.000000 0.801359534 -0.225088269 -0.008699110 -0.023283727 0.015682524 -0.001875536 0.999604166
1769791165541085952.000000 0.800296068 -0.203157842 -0.019114682 -0.022396430 0.015236736 -0.000765457 0.999632776
1769791165574414592.000000 0.794396162 -0.202692464 -0.026780093 -0.023986841 0.015530912 -0.002805311 0.999587715
1769791165607766016.000000 0.786427736 -0.203232050 -0.035310261 -0.026199877 0.016243512 -0.005939684 0.999507129
1769791165641092352.000000 0.781602144 -0.199754626 -0.039827313 -0.027190115 0.016707687 -0.007575815 0.999462008
1769791165707759616.000000 0.776111782 -0.174791604 -0.037849527 -0.025745636 0.016937738 -0.003011295 0.999520481
1769791165807758592.000000 0.754577994 -0.144382060 -0.049014669 -0.025325377 0.019586600 -0.004410643 0.999477625
1769791165841086976.000000 0.751416326 -0.139784276 -0.053434413 -0.025989369 0.019590544 -0.005667593 0.999454200
1769791165874419968.000000 0.747643590 -0.133947268 -0.054390814 -0.026614564 0.019955071 -0.006508337 0.999425352
1769791165907748096.000000 0.745320618 -0.127557367 -0.058493141 -0.026929028 0.019928264 -0.007729200 0.999408841
1769791165941100800.000000 0.742896974 -0.118296862 -0.060597144 -0.026796948 0.020118454 -0.008077824 0.999405801
1769791165974433024.000000 0.741151392 -0.111352056 -0.053868197 -0.027569469 0.020747818 -0.007347489 0.999377549
1769791166074425856.000000 0.732436538 -0.100380979 -0.055675410 -0.032003596 0.022498505 -0.010171322 0.999182820
1769791166107762944.000000 0.731657267 -0.086771809 -0.056837250 -0.029548094 0.021703333 -0.009779802 0.999279857
1769791166141079296.000000 0.727534235 -0.081489757 -0.059318665 -0.029964486 0.021713471 -0.010697568 0.999257863
1769791166174421504.000000 0.725940228 -0.077380598 -0.057353683 -0.030597707 0.021259299 -0.011344235 0.999241292
1769791166207775488.000000 0.724172711 -0.067627110 -0.058341410 -0.029539891 0.020880876 -0.010607621 0.999289215
1769791166241080576.000000 0.719770610 -0.059823919 -0.060920391 -0.029326249 0.021170426 -0.011529267 0.999279201
1769791166374417664.000000 0.712567329 -0.030574780 -0.055371542 -0.029836763 0.020225225 -0.012404611 0.999273181
1769791166407752704.000000 0.711623073 -0.026506212 -0.054806925 -0.030622320 0.019925747 -0.012797330 0.999250531
1769791166441094656.000000 0.707386017 -0.020565260 -0.056885045 -0.030522227 0.020386860 -0.013896318 0.999229550
1769791166474417152.000000 0.704666853 -0.014235941 -0.057372104 -0.030394424 0.020412868 -0.014015189 0.999231219
1769791166507747584.000000 0.702605367 -0.010349488 -0.057632621 -0.030834921 0.019838892 -0.014527394 0.999222040
1769791166541088000.000000 0.699669063 -0.004439725 -0.056164276 -0.030918827 0.020016411 -0.014463613 0.999216855
1769791166641096704.000000 0.688022017 0.010966552 -0.056111056 -0.031152667 0.020720141 -0.015330417 0.999182284
1769791166674420736.000000 0.683733761 0.015012622 -0.057788830 -0.031317774 0.020719489 -0.016296513 0.999161839
1769791166707751680.000000 0.680677056 0.020581977 -0.059309609 -0.031167565 0.020337883 -0.016112342 0.999177337
1769791166741112832.000000 0.674254537 0.021392886 -0.065834768 -0.032259643 0.021043815 -0.017376041 0.999106944
1769791166774415616.000000 0.672034442 0.028992219 -0.064437330 -0.031473175 0.020892214 -0.017484251 0.999133289
1769791166807746048.000000 0.669396400 0.033732038 -0.064872578 -0.031565670 0.020552451 -0.017522391 0.999136686
1769791166941094912.000000 0.653475702 0.044356171 -0.070039630 -0.033520035 0.020769248 -0.018770751 0.999045908
1769791166974429440.000000 0.651543856 0.051424477 -0.069759876 -0.032716192 0.020471126 -0.017723644 0.999097884
1769791167007752192.000000 0.648788035 0.054800879 -0.069785535 -0.032743264 0.020363424 -0.017812084 0.999097586
1769791167041083648.000000 0.646611333 0.058866452 -0.070749670 -0.032658070 0.019843018 -0.018067369 0.999106288
1769791167074418944.000000 0.646003544 0.066972658 -0.070330545 -0.031433884 0.018620407 -0.016707268 0.999192774
1769791167107751936.000000 0.640304923 0.070756450 -0.074261762 -0.030919367 0.018742885 -0.016663114 0.999207258
1769791167174421504.000000 0.621481955 0.065336421 -0.072560519 -0.033216920 0.020608263 -0.020508131 0.999025226
1769791167207760128.000000 0.617179334 0.067348137 -0.073590226 -0.032973118 0.020236239 -0.020406734 0.999042988
1769791167241077504.000000 0.613968611 0.069731355 -0.077323623 -0.032487314 0.019737745 -0.019886743 0.999079406
1769791167274418176.000000 0.609743416 0.070158944 -0.079307422 -0.032970767 0.020080827 -0.019627076 0.999061882
1769791167307761152.000000 0.608250797 0.073732823 -0.077378981 -0.032903474 0.019307353 -0.019497884 0.999081790
1769791167341081600.000000 0.603917420 0.076711379 -0.076980188 -0.032713655 0.019566625 -0.018989213 0.999092817
1769791167474420224.000000 0.582581460 0.079928778 -0.076948822 -0.034034077 0.021760721 -0.020293143 0.998977721
1769791167507744256.000000 0.577920556 0.080399625 -0.076271899 -0.034221012 0.022167888 -0.021054341 0.998946607
1769791167541079808.000000 0.576211393 0.085597828 -0.070134126 -0.033211581 0.021468431 -0.021092348 0.998995125
1769791167574418944.000000 0.572956979 0.086439073 -0.070532233 -0.032839138 0.021255661 -0.020645395 0.999021351
1769791167607747328.000000 0.570026994 0.086163051 -0.070950396 -0.032873422 0.021042349 -0.020275647 0.999032259
1769791167641083136.000000 0.565234363 0.086134277 -0.067590289 -0.033009186 0.021172611 -0.020187290 0.999026895
1769791167774408960.000000 0.548653901 0.083030492 -0.063709348 -0.033167981 0.020389473 -0.021018481 0.999020696
1769791167807755520.000000 0.545003474 0.082943827 -0.065531500 -0.032840487 0.020101454 -0.020947894 0.999038875
1769791167841078784.000000 0.537207484 0.080729634 -0.071657829 -0.033057712 0.021022048 -0.020996001 0.999011755
1769791167874415616.000000 0.533392727 0.079501182 -0.075587928 -0.032856204 0.020504769 -0.020789785 0.999033451
1769791167907745280.000000 0.529333472 0.079278462 -0.079774037 -0.032221261 0.020735770 -0.020642312 0.999052465
1769791167941078784.000000 0.519388258 0.075730830 -0.077340692 -0.032991234 0.021251913 -0.021536939 0.998997569
1769791168107753984.000000 0.489315450 0.057929102 -0.067991354 -0.034647718 0.022174716 -0.022681888 0.998896062
1769791168174413056.000000 0.481483042 0.052226629 -0.069920458 -0.033992112 0.021316670 -0.021837577 0.998956144
1769791168207782400.000000 0.477660418 0.050336301 -0.071204714 -0.033488944 0.020653618 -0.021479405 0.998994768
1769791168241082368.000000 0.470013469 0.046343967 -0.070956208 -0.033539593 0.021474544 -0.020890957 0.998988271
1769791168374434816.000000 0.445389867 0.032835234 -0.071125768 -0.032108460 0.022057872 -0.021351004 0.999012828
1769791168407758336.000000 0.441410989 0.028451072 -0.071421124 -0.031772338 0.021583112 -0.020903818 0.999043465
1769791168441112576.000000 0.436672390 0.026483821 -0.077257983 -0.030636566 0.021171978 -0.019551633 0.999115109
1769791168474436096.000000 0.433716118 0.023654915 -0.079017170 -0.029821597 0.020439977 -0.017941641 0.999185205
1769791168507750400.000000 0.431899756 0.019014223 -0.075397506 -0.029039714 0.019345155 -0.017729590 0.999233782
1769791168541087744.000000 0.428480744 0.014932576 -0.075994797 -0.028719410 0.019028993 -0.017265884 0.999257267
1769791168607752704.000000 0.413002402 0.001490375 -0.077371813 -0.028683800 0.020010065 -0.016483003 0.999252319
1769791168641082368.000000 0.407225788 -0.003966441 -0.079576597 -0.028197691 0.020217562 -0.015438766 0.999278665
1769791168674410496.000000 0.406757414 -0.006070935 -0.087383449 -0.026478393 0.018822310 -0.012915022 0.999388754
1769791168707751936.000000 0.399408638 -0.014842954 -0.089306839 -0.027209006 0.019142386 -0.012299436 0.999370754
1769791168741085696.000000 0.395864516 -0.019517247 -0.091854185 -0.025804330 0.018484008 -0.010090721 0.999445260
1769791168774420224.000000 0.384186834 -0.018824501 -0.080344431 -0.023853110 0.019814894 -0.013156346 0.999432504
1769791168874421760.000000 0.366750717 -0.038998779 -0.088964082 -0.022439286 0.019878667 -0.010527994 0.999495149
1769791168907752448.000000 0.360974282 -0.047223840 -0.085264318 -0.022280913 0.019844165 -0.011993131 0.999482870
1769791168941089280.000000 0.358317196 -0.052776393 -0.086301163 -0.021771887 0.018995130 -0.010452049 0.999527872
1769791168974409216.000000 0.356170475 -0.059721168 -0.090187393 -0.021031674 0.017966950 -0.008268920 0.999583185
1769791169007753984.000000 0.342530072 -0.077937789 -0.091829620 -0.023972360 0.019785492 -0.009817070 0.999468625
1769791169041084160.000000 0.338720143 -0.084285058 -0.096448936 -0.023014247 0.019871539 -0.008141653 0.999504507
1769791169141091328.000000 0.325024903 -0.117652372 -0.109235443 -0.023771072 0.017847562 -0.005497984 0.999543011
1769791169207769088.000000 0.323002428 -0.127961427 -0.117959820 -0.020344667 0.015306992 -0.002075754 0.999673724
1769791169241108736.000000 0.309045494 -0.152295530 -0.118769079 -0.025556669 0.017628377 -0.003870856 0.999510467
1769791169274443008.000000 0.304928273 -0.154869199 -0.124228969 -0.023228472 0.016768990 -0.003277613 0.999584138
1769791169307763712.000000 0.299294442 -0.167383447 -0.127700597 -0.023661159 0.016723171 -0.002459149 0.999577165
1769791169341087488.000000 0.292757601 -0.177253678 -0.130191222 -0.023483759 0.017147562 -0.001515637 0.999576092
1769791169441078784.000000 0.276124179 -0.246382058 -0.139185950 -0.033965241 0.015916495 -0.004029541 0.999288142
1769791169474421248.000000 0.275060147 -0.249035388 -0.139417917 -0.030760773 0.014445966 -0.004402210 0.999412715
1769791169507748864.000000 0.210224345 -0.411066830 -0.090976246 -0.075507313 0.026076293 -0.022620099 0.996547580
1769791169541082112.000000 0.208792731 -0.413916916 -0.095974885 -0.070752487 0.024662709 -0.021856349 0.996949434
1769791169574411264.000000 0.204060093 -0.439690441 -0.095235094 -0.073710725 0.023812233 -0.022204626 0.996748090
1769791169607754752.000000 0.197062775 -0.446186811 -0.096248068 -0.070370451 0.022901319 -0.022854729 0.996996105
1769791169707743744.000000 0.198539704 -0.467383742 -0.101395272 -0.060194116 0.014040033 -0.024156116 0.997795582
1769791169807770368.000000 0.188055634 -0.473594308 -0.115055993 -0.046972174 0.009126300 -0.022067005 0.998610795
1769791169841085440.000000 0.183826327 -0.495301545 -0.107710242 -0.048476998 0.005676641 -0.028902341 0.998389900
1769791169874410752.000000 0.183993191 -0.496448278 -0.113229834 -0.043900158 0.002903267 -0.028703399 0.998619318
1769791169907754496.000000 0.181132078 -0.490933508 -0.118348844 -0.037442844 0.001383645 -0.028323401 0.998896360
1769791169941093120.000000 0.181416065 -0.488758892 -0.119902022 -0.031851612 -0.000628817 -0.027955860 0.999101341
1769791170007757568.000000 0.203742906 -0.450930238 -0.134459376 -0.009820800 -0.009510070 -0.023019383 0.999641597
1769791170141089536.000000 0.172392085 -0.396539092 -0.081579909 0.015421068 -0.010824571 -0.018946379 0.999642968
1769791170174415872.000000 0.163973063 -0.386530250 -0.068329491 0.020213023 -0.012854165 -0.021063104 0.999491155
1769791170207758848.000000 0.167989001 -0.365530610 -0.059182927 0.029311823 -0.019222839 -0.021427516 0.999155760
1769791170241077248.000000 0.173202708 -0.341003239 -0.065341704 0.040165424 -0.025557989 -0.019390738 0.998677909
1769791170307749632.000000 0.219186112 -0.581791341 -0.072747886 -0.024054430 -0.048853930 -0.006119819 0.998497486
1769791170374433536.000000 0.217441440 -0.552350640 -0.085051425 -0.008924771 -0.057616089 -0.001141755 0.998298287
1769791170407746304.000000 0.218717083 -0.543390453 -0.107607938 -0.001815975 -0.064067565 -0.003234235 0.997938693
1769791170441088256.000000 0.212827727 -0.544784009 -0.101246431 -0.000488259 -0.067651473 -0.001042878 0.997708380
1769791170474418432.000000 0.214168787 -0.544912100 -0.106375925 0.000925681 -0.072592832 -0.000591263 0.997361064
1769791170507763968.000000 0.209840119 -0.545390010 -0.102464572 0.001811610 -0.075771049 0.001024220 0.997123063
1769791170574410752.000000 0.205277011 -0.547376215 -0.099059775 0.002056207 -0.081010997 0.006386492 0.996690631
1769791170641077248.000000 0.206533343 -0.549953282 -0.107483737 -0.000092461 -0.083215080 0.012008309 0.996459305
1769791170674422528.000000 0.206602558 -0.552919149 -0.122853555 -0.001670377 -0.082814306 0.014762353 0.996454239
1769791170707744768.000000 0.210409269 -0.559289634 -0.120772764 -0.004629841 -0.083262548 0.015490885 0.996396482
1769791170741085952.000000 0.206685662 -0.550094426 -0.111909769 -0.004438572 -0.079835698 0.017626178 0.996642292
1769791170774408704.000000 0.237135902 -0.554492295 -0.061805457 -0.019270936 -0.080678105 0.020716973 0.996338546
1769791170841078016.000000 0.201411098 -0.560221136 -0.073896714 -0.041899271 -0.073564388 0.012906954 0.996326327
1769791170907742976.000000 0.209621489 -0.543184817 -0.048953321 -0.058028676 -0.071430013 0.009196094 0.995713770
1769791170941092608.000000 0.210853428 -0.540358007 -0.054061595 -0.062120747 -0.070356555 0.012383444 0.995508790
1769791170974426112.000000 0.214125693 -0.558418632 -0.069775544 -0.069941282 -0.070068248 0.014468476 0.994982123
1769791171007743232.000000 0.188195527 -0.571859896 -0.051360007 -0.079412319 -0.065434724 0.006307154 0.994671941
1769791171041083648.000000 0.187376827 -0.574743807 -0.054115675 -0.083510861 -0.064683087 0.008069594 0.994372725
1769791171141075968.000000 0.159374088 -0.603930771 -0.051422138 -0.099919498 -0.058082432 0.006221883 0.993279397
1769791171174460672.000000 0.145608544 -0.615855753 -0.041956108 -0.105731666 -0.055547550 0.004836028 0.992830336
1769791171207755264.000000 0.143118262 -0.621563971 -0.042325132 -0.107961625 -0.055895336 0.001740868 0.992581010
1769791171274412544.000000 0.134396225 -0.643568873 -0.045464024 -0.113658749 -0.054140758 0.002153059 0.992041290
1769791171307744768.000000 0.121989101 -0.658878744 -0.043337718 -0.116997287 -0.052093767 -0.000022881 0.991765022
1769791171341076736.000000 0.113967553 -0.668032348 -0.040207587 -0.118684001 -0.050377574 -0.001058409 0.991652787
1769791171407794432.000000 0.102044612 -0.689167857 -0.038367353 -0.120216399 -0.048062023 -0.000436555 0.991583586
1769791171441082880.000000 0.092068508 -0.698320925 -0.036614865 -0.120283648 -0.046298131 -0.002016079 0.991657317
1769791171474411264.000000 0.086864524 -0.707388818 -0.042912371 -0.119404152 -0.044960413 -0.001613014 0.991825938
1769791171541097728.000000 0.084215775 -0.720038474 -0.047278084 -0.117503859 -0.043360818 -0.000773299 0.992125094
1769791171574410496.000000 0.090218820 -0.707592368 -0.038925655 -0.113537483 -0.043825872 -0.002607662 0.992563248
1769791171607759872.000000 0.089075714 -0.707956731 -0.041509300 -0.110965669 -0.042948641 -0.002979142 0.992891371
1769791171674414592.000000 0.090835363 -0.707447767 -0.040846244 -0.104835019 -0.041858729 -0.002983382 0.993603885
1769791171741075968.000000 0.091944911 -0.704410791 -0.034351088 -0.098991588 -0.040682446 -0.003085432 0.994251609
1769791171774422528.000000 0.094986454 -0.695642412 -0.027121609 -0.095762916 -0.040356629 -0.004798007 0.994574189
1769791171807750912.000000 0.093271583 -0.701283693 -0.030024445 -0.094090737 -0.039949205 -0.003910679 0.994754136
1769791171874409472.000000 0.097492024 -0.696023226 -0.016976822 -0.089729704 -0.039513174 -0.003783267 0.995174885
1769791171907746816.000000 0.096617922 -0.699467838 -0.020555509 -0.088064045 -0.039269190 -0.003674353 0.995333731
1769791171941078784.000000 0.097769774 -0.695549250 -0.018376250 -0.085428253 -0.039209690 -0.004195716 0.995563745
1769791172007756032.000000 0.099202298 -0.696572661 -0.015303215 -0.082113661 -0.038827438 -0.003564126 0.995859981
1769791172041074432.000000 0.099383794 -0.696059227 -0.018373590 -0.080180243 -0.038895357 -0.003901016 0.996013641
1769791172074407936.000000 0.102870360 -0.689076662 -0.010648381 -0.077928156 -0.039092261 -0.004819516 0.996180594
1769791172174417920.000000 0.097007811 -0.690435171 -0.018938439 -0.073458910 -0.037964255 -0.005120651 0.996562243
1769791172207763456.000000 0.097097374 -0.689265847 -0.021095924 -0.071819186 -0.038377963 -0.005517629 0.996663809
1769791172241088512.000000 0.096364088 -0.690835774 -0.020242166 -0.071088210 -0.038256135 -0.005499886 0.996720970
1769791172307768064.000000 0.098280475 -0.694106579 -0.017387733 -0.069360383 -0.038387716 -0.004022229 0.996844769
1769791172341134848.000000 0.098804481 -0.691843748 -0.017704399 -0.067978680 -0.038557690 -0.004070282 0.996933103
1769791172374443264.000000 0.099265695 -0.691531837 -0.016437968 -0.067366719 -0.038651142 -0.004350231 0.996969879
1769791172441130240.000000 0.098497927 -0.693599403 -0.015984772 -0.066440925 -0.038757142 -0.003616516 0.997030854
1769791172474471680.000000 0.099276528 -0.692322969 -0.013615288 -0.066156127 -0.038658757 -0.003568822 0.997053742
1769791172507786240.000000 0.099196315 -0.689560711 -0.012511088 -0.065828003 -0.038695231 -0.004308706 0.997071147
1769791172574459392.000000 0.097145125 -0.684297979 -0.013647790 -0.064697355 -0.038756650 -0.005519440 0.997136772
1769791172607797504.000000 0.099064782 -0.681687772 -0.010245890 -0.063603438 -0.039173722 -0.006013993 0.997188032
1769791172641114112.000000 0.096727341 -0.683533669 -0.013960931 -0.062835313 -0.039098628 -0.005795607 0.997240961
1769791172707809536.000000 0.096892759 -0.687633395 -0.014897865 -0.061729688 -0.039763134 -0.004795473 0.997289002
1769791172741123072.000000 0.098298781 -0.686264277 -0.013375144 -0.061013341 -0.039949238 -0.004527998 0.997326910
1769791172774443520.000000 0.094962858 -0.687968135 -0.015762594 -0.060861602 -0.039726492 -0.004504831 0.997345150
1769791172841118976.000000 0.097014554 -0.687586188 -0.015265021 -0.060273532 -0.040751025 -0.004200339 0.997340858
1769791172874458624.000000 0.095812500 -0.686283052 -0.014180701 -0.059881806 -0.040666442 -0.004595634 0.997366190
1769791172907790848.000000 0.096351497 -0.685832381 -0.014102848 -0.059439208 -0.041122142 -0.004374073 0.997374952
1769791173007801088.000000 0.095921367 -0.683601618 -0.012960156 -0.058711141 -0.041792326 -0.004603175 0.997389257
1769791173041148416.000000 0.094727010 -0.683977664 -0.014218389 -0.058843825 -0.042141967 -0.004490858 0.997367263
1769791173074456320.000000 0.094380975 -0.684333920 -0.013846535 -0.058817122 -0.042456344 -0.004194877 0.997356713
1769791173141122560.000000 0.094453819 -0.683838785 -0.015258403 -0.058846362 -0.042794831 -0.004237783 0.997340381
1769791173174463232.000000 0.091793917 -0.675205290 -0.012093569 -0.057916921 -0.043103382 -0.005124860 0.997377336
1769791173207783424.000000 0.089470960 -0.674939573 -0.011208161 -0.058300938 -0.043324903 -0.005633431 0.997342646
1769791173274450176.000000 0.090390138 -0.677045166 -0.011608302 -0.058658894 -0.043742094 -0.004746811 0.997308016
1769791173307777792.000000 0.088661000 -0.679570854 -0.013309482 -0.059340868 -0.043620601 -0.004524131 0.997273982
1769791173341110272.000000 0.088168561 -0.677576602 -0.012319002 -0.059421953 -0.044176303 -0.004872917 0.997243106
1769791173407789056.000000 0.087805673 -0.673001826 -0.009593634 -0.059699725 -0.044815980 -0.004886765 0.997197926
1769791173441113088.000000 0.088370048 -0.676792324 -0.012725933 -0.060485315 -0.044872731 -0.004393728 0.997150362
1769791173474450944.000000 0.084661923 -0.678883135 -0.014995705 -0.061502483 -0.044553399 -0.004400660 0.997102380
1769791173574453248.000000 0.080945119 -0.673841953 -0.019262459 -0.062244233 -0.045292754 -0.005225190 0.997019053
1769791173607785984.000000 0.077088520 -0.670300543 -0.020801824 -0.062147539 -0.045173839 -0.005805831 0.997027278
1769791173641116416.000000 0.075613081 -0.671957910 -0.023289377 -0.063053414 -0.045179442 -0.005319795 0.996972799
1769791173707793920.000000 0.079168037 -0.671679735 -0.014797629 -0.064595111 -0.046140432 -0.004923884 0.996832192
1769791173741120768.000000 0.076037221 -0.674327314 -0.016787490 -0.065688640 -0.045996118 -0.004410177 0.996769786
1769791173774441728.000000 0.074370690 -0.671015680 -0.016199902 -0.066050097 -0.046104796 -0.004815570 0.996739030
1769791173841135104.000000 0.075170830 -0.671185255 -0.017383380 -0.067592919 -0.046341363 -0.004403843 0.996626496
1769791173874463744.000000 0.074148469 -0.665988505 -0.015539345 -0.067805395 -0.046639275 -0.004845991 0.996596098
1769791173907804416.000000 0.073244281 -0.665764749 -0.013899157 -0.068639025 -0.046925426 -0.004806988 0.996525764
1769791173974457344.000000 0.074280143 -0.660252213 -0.018400466 -0.069435477 -0.047839221 -0.005367965 0.996424258
1769791174007803904.000000 0.071125992 -0.657410979 -0.023029137 -0.069961101 -0.047579333 -0.005877790 0.996397078
1769791174041113344.000000 0.069827639 -0.652642667 -0.024558213 -0.069929920 -0.047788661 -0.006424596 0.996385932
1769791174107792640.000000 0.069638565 -0.656815112 -0.021030705 -0.072493777 -0.048114389 -0.005664099 0.996191621
1769791174174455808.000000 0.066735849 -0.655815184 -0.019392952 -0.074138887 -0.047958780 -0.004876501 0.996082187
1769791174207788800.000000 0.064305969 -0.655834496 -0.021668380 -0.075229548 -0.047980960 -0.005172408 0.995997787
1769791174241114624.000000 0.064659052 -0.658491492 -0.022581708 -0.076658934 -0.048194792 -0.004610906 0.995881259
1769791174274450176.000000 0.064872034 -0.655766308 -0.022322275 -0.077380508 -0.048506755 -0.004529498 0.995810688
1769791174341138432.000000 0.068331957 -0.652769387 -0.029604295 -0.078993209 -0.050142545 -0.004850974 0.995601475
1769791174374446592.000000 0.065903731 -0.646170914 -0.031854693 -0.079179712 -0.049985480 -0.005781694 0.995589614
1769791174474452992.000000 0.062755778 -0.649968147 -0.029443458 -0.083049856 -0.049770311 -0.004926860 0.995289624
1769791174507784960.000000 0.063675225 -0.646729469 -0.027162448 -0.083956376 -0.050089911 -0.005041730 0.995196939
1769791174541114112.000000 0.063267902 -0.650855422 -0.032110080 -0.085424922 -0.050233580 -0.004692634 0.995066404
1769791174574446848.000000 0.064078048 -0.648451984 -0.027882228 -0.086425327 -0.050510671 -0.004887474 0.994965076
1769791174641121280.000000 0.059189636 -0.647945166 -0.038057689 -0.088591993 -0.050248798 -0.004631435 0.994788945
1769791174674455296.000000 0.047261573 -0.657724500 -0.054384451 -0.090753645 -0.049189355 -0.004933426 0.994645596
1769791174774445312.000000 0.044911731 -0.648218155 -0.058289412 -0.092981465 -0.049141657 -0.006244703 0.994434834
1769791174807774464.000000 0.044704825 -0.646524310 -0.057662465 -0.094045371 -0.049235959 -0.006463670 0.994328678
1769791174841111296.000000 0.039516006 -0.657587349 -0.064551458 -0.096515551 -0.048357494 -0.004224009 0.994147122
1769791174874450432.000000 0.039721463 -0.658447623 -0.066109583 -0.098042756 -0.048708137 -0.004157417 0.993980825
1769791174907779328.000000 0.041050352 -0.655927658 -0.064688906 -0.098644793 -0.048990410 -0.003877386 0.993908525
1769791174974443264.000000 0.034557439 -0.650656343 -0.074927397 -0.099764124 -0.048343070 -0.005297161 0.993821979
1769791175041112320.000000 0.032617278 -0.639412344 -0.077252582 -0.100841813 -0.048203856 -0.006357445 0.993713737
1769791175074443776.000000 0.033517014 -0.638363540 -0.077390447 -0.101919957 -0.048571378 -0.006693697 0.993583620
1769791175107778304.000000 0.031225268 -0.634137034 -0.080491409 -0.102249876 -0.048329063 -0.007726276 0.993553996
1769791175174458368.000000 0.030180709 -0.623296261 -0.080777191 -0.103171788 -0.048175868 -0.008937690 0.993456006
1769791175274447360.000000 0.015593579 -0.574369907 -0.071417995 -0.102370001 -0.046824995 -0.005858825 0.993626416
1769791175341118464.000000 0.012108985 -0.559610724 -0.076646559 -0.101662457 -0.049665622 -0.023898840 0.993290961
1769791175374448896.000000 0.012903154 -0.557509482 -0.077355109 -0.102248073 -0.051571336 -0.034724303 0.992814183
1769791175407778048.000000 0.010798319 -0.553750813 -0.079696439 -0.102371529 -0.053080443 -0.046110485 0.992258251
1769791175474447616.000000 0.007820396 -0.542189598 -0.082218006 -0.102198467 -0.055714838 -0.068362534 0.990847051
1769791175507775744.000000 0.005371061 -0.538158059 -0.084100105 -0.102268621 -0.056287397 -0.080162175 0.989922643
1769791175541114880.000000 0.005072629 -0.534933805 -0.089912482 -0.102624521 -0.057348818 -0.090417869 0.988940835
1769791175607791616.000000 0.004498462 -0.519268453 -0.090585686 -0.103211902 -0.059202489 -0.109582014 0.986830354
1769791175641116160.000000 0.005287679 -0.509532273 -0.089531437 -0.103810623 -0.060766935 -0.116594695 0.985868394
1769791175674441984.000000 0.007305385 -0.501887262 -0.089070290 -0.104777560 -0.062346745 -0.124503694 0.984699667
1769791175741109248.000000 0.007456606 -0.487625659 -0.092152677 -0.105147168 -0.064773574 -0.141583472 0.982192814
1769791175774450688.000000 0.006380048 -0.479222625 -0.090565689 -0.106068835 -0.065496951 -0.149064898 0.980937958
1769791175807780352.000000 0.007218342 -0.475687385 -0.092700414 -0.106587321 -0.067000702 -0.158228800 0.979343534
1769791175874444032.000000 0.004717564 -0.468071640 -0.096019760 -0.106540643 -0.068570606 -0.177698195 0.975894809
1769791175907779072.000000 0.006400131 -0.466647148 -0.095892817 -0.107309267 -0.070221901 -0.187894002 0.973781049
1769791175941108992.000000 0.003941404 -0.462599605 -0.098116852 -0.107558154 -0.070623390 -0.196615413 0.972001016
1769791176007780608.000000 0.002782196 -0.444615781 -0.102542639 -0.105712101 -0.072034106 -0.215706989 0.968042672
1769791176041109760.000000 0.002307490 -0.438183755 -0.105335906 -0.105507851 -0.073072933 -0.223533645 0.966209710
1769791176074473472.000000 0.003595866 -0.428512007 -0.106174499 -0.105500840 -0.074105136 -0.230269670 0.964548528
1769791176141109760.000000 0.004863620 -0.413522989 -0.107049331 -0.105980925 -0.075891241 -0.243553147 0.961088181
1769791176174451712.000000 0.006001394 -0.408465087 -0.109030545 -0.106622130 -0.076765113 -0.249849617 0.959330022
1769791176207789312.000000 0.000648737 -0.396759659 -0.106890075 -0.106941111 -0.076007187 -0.253605604 0.958368778
1769791176274471680.000000 0.001889884 -0.385744900 -0.117351010 -0.106200375 -0.077003501 -0.267282724 0.954647541
1769791176307786752.000000 0.002281565 -0.381241143 -0.118659399 -0.105518468 -0.077533104 -0.275527894 0.952333450
1769791176341109760.000000 0.002273206 -0.381215394 -0.125271752 -0.106432870 -0.078507565 -0.282561928 0.950088143
1769791176407777536.000000 0.008997515 -0.359276682 -0.136440128 -0.103351429 -0.079662152 -0.292437434 0.947339833
1769791176441125632.000000 0.009959243 -0.354930013 -0.138188228 -0.103332125 -0.080119535 -0.298513055 0.945406437
1769791176474448640.000000 0.010900583 -0.351783961 -0.143272102 -0.103430733 -0.080792755 -0.304641068 0.943381369
1769791176574449664.000000 0.016754076 -0.329483986 -0.144572109 -0.102122396 -0.082526974 -0.318118781 0.938914657
1769791176607793152.000000 0.019216251 -0.324307412 -0.143257588 -0.101816066 -0.083209567 -0.323372185 0.937091291
1769791176641111040.000000 0.018471740 -0.320581317 -0.140185535 -0.101939403 -0.083650649 -0.329047859 0.935060740
1769791176674447360.000000 0.018913500 -0.316713512 -0.137386680 -0.101972848 -0.084105045 -0.334180862 0.933194041
1769791176741119744.000000 0.016061530 -0.306431234 -0.132303268 -0.100870401 -0.084183484 -0.345396429 0.929214537
1769791176774447616.000000 0.017858833 -0.303354532 -0.134174764 -0.100596905 -0.084477618 -0.349703014 0.927605391
1769791176874454528.000000 0.020471640 -0.296315104 -0.136847883 -0.100533426 -0.085560627 -0.362966478 0.922403216
1769791176907774208.000000 0.023131952 -0.292150736 -0.136213303 -0.100319281 -0.085799992 -0.366400212 0.921045780
1769791176941114368.000000 0.024193428 -0.291890919 -0.137122273 -0.100774199 -0.086366884 -0.369888008 0.919547856
1769791176974451200.000000 0.027939625 -0.285427511 -0.138905093 -0.099760160 -0.086324990 -0.372367799 0.918661058
1769791177007776000.000000 0.029149607 -0.283872694 -0.141847014 -0.099510975 -0.086555578 -0.375677973 0.917317688
1769791177041109248.000000 0.031195506 -0.282149971 -0.141178191 -0.099887088 -0.086620286 -0.378523469 0.916100204
1769791177174442240.000000 0.053056397 -0.267503738 -0.145840243 -0.097956069 -0.087015577 -0.385598183 0.913316429
1769791177207777024.000000 0.057046510 -0.262018204 -0.143587127 -0.097778596 -0.086365141 -0.387202024 0.912718475
1769791177241107200.000000 0.059422083 -0.260234892 -0.141939327 -0.097950689 -0.086063810 -0.388541728 0.912159026
1769791177274441472.000000 0.064171173 -0.259525806 -0.140164256 -0.098312326 -0.086424284 -0.390330791 0.911321819
1769791177307783936.000000 0.068954401 -0.258144349 -0.148645237 -0.097756356 -0.086827755 -0.391118735 0.911005378
1769791177374441984.000000 0.080122910 -0.253671914 -0.152559072 -0.096689731 -0.087744199 -0.393398941 0.910049081
1769791177441136640.000000 0.089389428 -0.251807481 -0.157217145 -0.096409306 -0.088149205 -0.394694984 0.909478366
1769791177474453760.000000 0.093678430 -0.253104299 -0.161085084 -0.096541196 -0.088139936 -0.395185560 0.909252226
1769791177507779584.000000 0.100626916 -0.256368846 -0.168508545 -0.096491039 -0.088676013 -0.394664168 0.909431875
1769791177541146624.000000 0.106602855 -0.256111741 -0.167589188 -0.096730553 -0.088987440 -0.395251364 0.909120977
1769791177574457600.000000 0.112116873 -0.252751201 -0.155361086 -0.096802913 -0.089078985 -0.395593315 0.908955514
1769791177641113344.000000 0.121787883 -0.247841969 -0.147224694 -0.096068919 -0.088897593 -0.397310674 0.908301830
1769791177707785216.000000 0.131627500 -0.247483730 -0.140102774 -0.095925592 -0.088591732 -0.396572083 0.908669591
1769791177741110784.000000 0.134148985 -0.249981135 -0.140039206 -0.096733801 -0.087862208 -0.396143556 0.908841670
1769791177774446080.000000 0.138404086 -0.252697885 -0.141820133 -0.097060762 -0.087517194 -0.395939589 0.908928990
1769791177807779328.000000 0.145175874 -0.254898369 -0.143953681 -0.096678734 -0.087357193 -0.394089848 0.909788549
1769791177841118208.000000 0.156451553 -0.262102723 -0.149384439 -0.097167499 -0.088959947 -0.392456025 0.910287261
1769791177907782912.000000 0.165526748 -0.268634230 -0.152363539 -0.097710684 -0.087837003 -0.389869064 0.911449134
1769791177974443008.000000 0.178057075 -0.274345428 -0.141000882 -0.098551668 -0.087577872 -0.386602730 0.912773848
1769791178007778816.000000 0.186220795 -0.270602554 -0.138131276 -0.096734934 -0.087679498 -0.384458870 0.913863242
1769791178041114624.000000 0.189364642 -0.275458038 -0.135418415 -0.097464152 -0.087301977 -0.383257776 0.914326310
1769791178074450176.000000 0.195283979 -0.282157242 -0.138037443 -0.098241545 -0.087287679 -0.381316453 0.915055871
1769791178107783936.000000 0.206557229 -0.287412137 -0.137243032 -0.098016672 -0.087557822 -0.377594948 0.916596115
1769791178141112576.000000 0.216707945 -0.295137018 -0.135624558 -0.098458752 -0.088415660 -0.374278456 0.917825818
1769791178241111552.000000 0.240147531 -0.304693282 -0.119350970 -0.097932369 -0.087760881 -0.365113765 0.921628594
1769791178274450944.000000 0.246648431 -0.307815015 -0.117309652 -0.097668141 -0.087589122 -0.362176418 0.922831178
1769791178307780608.000000 0.258269966 -0.317436278 -0.117956489 -0.098310173 -0.088630326 -0.358466238 0.924111366
1769791178341162752.000000 0.266815126 -0.323293686 -0.114569783 -0.098426133 -0.088198274 -0.353621989 0.926004827
1769791178374454016.000000 0.272884548 -0.326993138 -0.108462907 -0.098464116 -0.087031767 -0.350060374 0.927463293
1769791178407793408.000000 0.283081919 -0.337717980 -0.105872594 -0.099668339 -0.087795690 -0.345654607 0.928913891
1769791178507785984.000000 0.303250015 -0.352487743 -0.099016525 -0.099197015 -0.084736072 -0.330088288 0.934891164
1769791178574444288.000000 0.313892931 -0.370016009 -0.096248910 -0.100901514 -0.082830392 -0.320434690 0.938232243
1769791178607780352.000000 0.326849699 -0.373732477 -0.083433598 -0.100668848 -0.083008669 -0.313074917 0.940722883
1769791178641109504.000000 0.336665750 -0.382075012 -0.083138667 -0.100813590 -0.082451671 -0.304842472 0.943456113
1769791178674450176.000000 0.344523311 -0.389260024 -0.081665643 -0.101239450 -0.081590667 -0.298776925 0.945423663
1769791178707779584.000000 0.344563305 -0.399419278 -0.080033399 -0.102495022 -0.079458915 -0.291826487 0.947638333
1769791178807800832.000000 0.374353290 -0.425503939 -0.076468647 -0.103282489 -0.077669971 -0.267758697 0.954780281
1769791178874448384.000000 0.383548439 -0.443559825 -0.076340444 -0.104837038 -0.074055798 -0.250609696 0.959541380
1769791178907773440.000000 0.393036813 -0.453797311 -0.073209330 -0.105489567 -0.072991379 -0.238709062 0.962581038
1769791178941110784.000000 0.420004010 -0.465353519 -0.045574307 -0.107303672 -0.074508369 -0.222767994 0.966079116
1769791178974446080.000000 0.423666567 -0.472479314 -0.045401167 -0.107206471 -0.072303109 -0.214486718 0.968129396
1769791179107785472.000000 0.534893036 -0.548722982 -0.024037546 -0.116541080 -0.092257544 -0.174463362 0.973380387
1769791179174480128.000000 0.539979160 -0.559371591 -0.025502229 -0.114880107 -0.086280845 -0.161605850 0.976341009
1769791179207782912.000000 0.545705199 -0.548106790 -0.011516029 -0.109772205 -0.082588829 -0.154740244 0.978358150
1769791179241117184.000000 0.535848498 -0.581016243 0.000435088 -0.116594799 -0.077149235 -0.148035884 0.979050040
1769791179274444544.000000 0.541018724 -0.588313997 0.001070064 -0.114515185 -0.075836308 -0.146387383 0.979645789
1769791179307783424.000000 0.544539332 -0.590972364 0.006116587 -0.110185377 -0.072929025 -0.145764515 0.980455637
1769791179374447360.000000 0.557469130 -0.589718878 0.005504775 -0.098954342 -0.066855714 -0.141685650 0.982681811
1769791179407780864.000000 0.564869642 -0.597983599 0.003622453 -0.095735975 -0.065871790 -0.141949892 0.983028889
1769791179474455040.000000 0.579288065 -0.602352500 0.003254248 -0.084453516 -0.059688892 -0.139518693 0.984804273
1769791179507779840.000000 0.579144180 -0.610243797 0.009356162 -0.081722997 -0.055475313 -0.142786264 0.984812617
1769791179541111552.000000 0.578245044 -0.605005085 0.014072079 -0.075767443 -0.050380651 -0.142490029 0.985605240
1769791179574445312.000000 0.579604805 -0.607289076 0.005000709 -0.072732314 -0.048080556 -0.143711910 0.985771358
1769791179674450944.000000 0.546381652 -0.565733910 0.001466616 -0.052314337 -0.026924450 -0.157459602 0.985771179
1769791179707779584.000000 0.484626740 -0.279791385 -0.118885212 -0.004245740 -0.012571008 -0.183758214 0.982881963
1769791179741111552.000000 0.477699220 -0.279839337 -0.109873608 0.000340873 -0.006582852 -0.185432091 0.982634962
1769791179807777024.000000 0.469986558 -0.247734323 -0.115372933 0.015829068 0.006464015 -0.187208131 0.982171535
1769791179841111808.000000 0.463714063 -0.234382644 -0.103320770 0.021215439 0.014929434 -0.192221373 0.981008708
1769791179874444288.000000 0.456870914 -0.214015052 -0.101706974 0.026730832 0.022705263 -0.198969200 0.979378045
1769791179974467840.000000 0.447958678 0.047967847 -0.057948828 0.103631094 0.057497311 -0.173033416 0.977759719
1769791180007788800.000000 0.449958831 0.045518756 -0.056680523 0.105123416 0.063257605 -0.174229994 0.977032006
1769791180041106688.000000 0.450134277 0.046500891 -0.057357486 0.106583983 0.068677351 -0.174299046 0.976495385
1769791180074434304.000000 0.454049200 0.048009824 -0.054536819 0.108196557 0.073535010 -0.174661428 0.975899398
1769791180107768064.000000 0.464522243 0.040859047 -0.055492759 0.107745834 0.076010190 -0.175278798 0.975648880
1769791180141100288.000000 0.469468564 -0.051673885 -0.068490602 0.082198031 0.072800018 -0.182584450 0.977039695
1769791180241106944.000000 0.467392623 -0.060589634 -0.058820922 0.079199620 0.086856596 -0.187958032 0.975118041
1769791180274433024.000000 0.465621918 -0.069446892 -0.059351452 0.076090574 0.090072624 -0.189673036 0.974741638
1769791180307778304.000000 0.462241977 -0.070631392 -0.052596610 0.074485593 0.093850873 -0.192004502 0.974052489
1769791180341109248.000000 0.458045065 -0.074535981 -0.051948719 0.071978651 0.096409254 -0.194524527 0.973490953
1769791180374439680.000000 0.429667622 -0.084075272 -0.034133874 0.067113601 0.102439716 -0.197412476 0.972640872
1769791180407771904.000000 0.435322315 -0.090664290 -0.037222788 0.065265000 0.101093762 -0.196117610 0.973169327
1769791180507776512.000000 0.421310037 -0.074553289 -0.051117506 0.043079823 0.095481664 -0.183935732 0.977340817
1769791180574439424.000000 0.443989575 -0.076703340 -0.067493342 0.024280084 0.081441849 -0.167723745 0.982164204
1769791180607776768.000000 0.463724971 -0.077038489 -0.079186440 0.018485311 0.073592894 -0.158636034 0.984417081
1769791180641107968.000000 0.473934531 -0.073382922 -0.080676652 0.014752288 0.068870008 -0.148809567 0.986354411
1769791180674436096.000000 0.490710616 -0.088663287 -0.091592610 0.007135126 0.061712660 -0.140045330 0.988194287
1769791180707767296.000000 0.509431839 -0.085868590 -0.078903176 0.006465592 0.057419423 -0.126285791 0.990309656
1769791180774460416.000000 0.526630163 -0.097216718 -0.061308969 -0.004372515 0.050522313 -0.113682002 0.992222130
1769791180874443776.000000 0.709323287 -0.439438790 0.051774174 -0.056712095 0.009313596 -0.076050535 0.995446324
1769791180907766528.000000 0.713237107 -0.440670431 0.061011996 -0.059549298 0.008369184 -0.070915051 0.995668113
1769791180941101312.000000 0.724744678 -0.446896702 0.062334027 -0.062288187 0.005126011 -0.065624870 0.995885193
1769791180974439424.000000 0.738862872 -0.450054377 0.069027863 -0.063882515 0.001718901 -0.059661038 0.996170998
1769791181007790336.000000 0.750990927 -0.451244503 0.074917950 -0.064475916 -0.001005267 -0.054108933 0.996450782
1769791181074454016.000000 0.778724790 -0.474212050 0.082111731 -0.069226712 -0.007689685 -0.044666529 0.996570885
1769791181174444032.000000 0.806121111 -0.502031088 0.094902232 -0.072470784 -0.013435790 -0.032963276 0.996735156
1769791181207775744.000000 0.823310137 -0.500792027 0.102100536 -0.070256762 -0.016578617 -0.028714687 0.996977746
1769791181241129728.000000 0.831094384 -0.522851646 0.106635019 -0.073285230 -0.018352097 -0.026355900 0.996793807
1769791181274451200.000000 0.779526711 -0.507047117 0.117341727 -0.070031434 -0.006644962 -0.023049597 0.997256339
1769791181307773184.000000 0.785687685 -0.509450376 0.122896202 -0.068088517 -0.007370218 -0.020471022 0.997442067
1769791181341109760.000000 0.796823204 -0.520620644 0.121371172 -0.067416631 -0.009477043 -0.017629374 0.997524202
1769791181441106432.000000 0.815960050 -0.535441399 0.124206580 -0.059867907 -0.012329281 -0.013373033 0.998040617
1769791181474435072.000000 0.821089566 -0.541260183 0.130367026 -0.057325363 -0.012476801 -0.011194585 0.998214900
1769791181507771904.000000 0.826709151 -0.546887040 0.132836163 -0.054802388 -0.013295543 -0.010944541 0.998348713
1769791181541164288.000000 0.832855046 -0.546659529 0.133608937 -0.051367991 -0.014080631 -0.010318159 0.998527288
1769791181574435072.000000 0.820174515 -0.535516322 0.119540431 -0.046097059 -0.012646085 -0.012678280 0.998776495
1769791181607770624.000000 0.814301789 -0.530897081 0.116885759 -0.042465877 -0.011505053 -0.013789999 0.998936534
1769791181741127680.000000 0.898884594 -0.531653404 0.165476903 -0.031098735 -0.021262927 -0.002889495 0.999285936
1769791181774460928.000000 0.902939856 -0.536081016 0.166685000 -0.029622937 -0.021570971 -0.002616616 0.999324977
1769791181807788800.000000 0.912213266 -0.543034077 0.170139521 -0.028380556 -0.022857329 -0.000886244 0.999335527
1769791181841107968.000000 0.916321695 -0.543829203 0.174952149 -0.026403410 -0.022899427 -0.000321308 0.999389052
1769791181874436608.000000 0.927402735 -0.552672684 0.177811146 -0.025672199 -0.024121325 0.001666976 0.999378026
1769791181907776000.000000 0.934274673 -0.553916097 0.186518967 -0.023516141 -0.024382770 0.002468361 0.999423027
1769791182007780096.000000 0.925790191 -0.548858464 0.164442599 -0.016207647 -0.022631181 0.005392209 0.999597967
1769791182041099776.000000 0.928783774 -0.548724711 0.162518829 -0.014557033 -0.022830887 0.005625567 0.999617577
1769791182074432256.000000 0.931629479 -0.550016999 0.162467286 -0.013189309 -0.023003818 0.006316681 0.999628425
1769791182107781120.000000 0.927648723 -0.550312877 0.157532305 -0.011847339 -0.022029672 0.006500792 0.999666035
1769791182141097984.000000 0.929408312 -0.550431311 0.154423833 -0.010412631 -0.021976924 0.006713173 0.999681771
1769791182174432512.000000 0.924843013 -0.547786534 0.154920340 -0.008580364 -0.020755373 0.006592591 0.999726057
1769791182274432000.000000 0.929207921 -0.549310803 0.152631670 -0.005668124 -0.020133752 0.007843559 0.999750495
1769791182307837696.000000 0.929505944 -0.550256073 0.150862485 -0.004708890 -0.019760856 0.008175834 0.999760270
1769791182341115904.000000 0.928071618 -0.550656497 0.149670750 -0.003890672 -0.019231491 0.008407093 0.999772191
1769791182374431488.000000 0.945880711 -0.554108441 0.164664358 -0.004170243 -0.021116517 0.008865729 0.999729037
1769791182407796736.000000 0.946669579 -0.553503215 0.164002925 -0.003397952 -0.020937320 0.008564697 0.999738336
1769791182441130240.000000 0.949284852 -0.553154528 0.165925235 -0.002511925 -0.020601664 0.008689954 0.999746919
1769791182541129984.000000 0.959378123 -0.547100067 0.174363479 0.000442275 -0.020463808 0.009897135 0.999741554
1769791182574452736.000000 0.964589596 -0.545694649 0.177353904 0.001162013 -0.020810993 0.010130662 0.999731481
1769791182607767552.000000 0.969587445 -0.541514099 0.182230443 0.002122836 -0.021098806 0.010413297 0.999720931
1769791182641105664.000000 0.970551908 -0.539909959 0.183703408 0.002434390 -0.020636210 0.010308244 0.999731004
1769791182674451200.000000 0.975504220 -0.537813306 0.186893493 0.002877553 -0.020960232 0.010586339 0.999720156
1769791182707768832.000000 0.978053033 -0.535667419 0.187391043 0.003127190 -0.021138767 0.010793536 0.999713421
1769791182874451968.000000 0.969996095 -0.548591137 0.168625250 0.000585873 -0.019138038 0.013246400 0.999728918
1769791182907773184.000000 0.971940219 -0.545542359 0.172860637 0.001220361 -0.018513579 0.013014141 0.999743223
1769791182941101056.000000 0.973932624 -0.541804314 0.172489643 0.001834458 -0.018133920 0.012289812 0.999758363
1769791182974433536.000000 0.977947891 -0.539835155 0.177111909 0.002290034 -0.018307382 0.012774933 0.999748170
1769791183007767040.000000 0.982120633 -0.535796821 0.181649894 0.002915385 -0.018457901 0.012695854 0.999744773
1769791183041108480.000000 0.969703794 -0.547110915 0.165767670 0.001249875 -0.016423948 0.015185525 0.999749005
1769791183241105920.000000 0.977238536 -0.543049514 0.169904292 0.000274660 -0.014608695 0.017355785 0.999742627
1769791183274440448.000000 0.981098354 -0.531898499 0.165867820 0.001152857 -0.015175451 0.015034047 0.999771178
1769791183307776256.000000 0.982242525 -0.525849879 0.167106733 0.001305384 -0.014900337 0.013857238 0.999792159
1769791183341097216.000000 0.983544767 -0.518957317 0.172026977 0.001597633 -0.014430501 0.012519364 0.999816239
1769791183374445056.000000 0.985211849 -0.512021840 0.172524557 0.001945066 -0.014114530 0.011971914 0.999826849
1769791183507766528.000000 0.985833466 -0.520886123 0.165136576 -0.001043039 -0.013006167 0.016988566 0.999770582
1769791183541106944.000000 0.984359384 -0.518932998 0.165818036 -0.001381315 -0.012385008 0.016939817 0.999778867
1769791183574442752.000000 0.989057481 -0.517723918 0.168811724 -0.001667928 -0.012660486 0.018510243 0.999747157
1769791183607769856.000000 0.990636051 -0.513443887 0.169898733 -0.001959376 -0.012714787 0.018216953 0.999751329
1769791183641108480.000000 0.985587537 -0.499993324 0.169355288 -0.001170860 -0.012098663 0.013287985 0.999837875
1769791183674438400.000000 0.985510528 -0.493047386 0.170857549 -0.001440651 -0.011738192 0.011471129 0.999864280
1769791183774442752.000000 0.988752723 -0.466793388 0.172927693 -0.000309837 -0.011350819 0.009426209 0.999891162
1769791183807771392.000000 0.991294682 -0.461048037 0.166043490 -0.000708136 -0.011542119 0.010044273 0.999882698
1769791183841120000.000000 0.989527643 -0.470116824 0.164225325 -0.002820178 -0.011063331 0.012287468 0.999859393
1769791183907771648.000000 0.986331284 -0.467782974 0.159713969 -0.004239486 -0.010025607 0.013088476 0.999855161
1769791183941105664.000000 0.987095833 -0.467153877 0.158076465 -0.005115157 -0.009918031 0.013806977 0.999842465
1769791183974432768.000000 0.984231830 -0.468283206 0.158576265 -0.006272515 -0.009231328 0.014348011 0.999834776
1769791184074447616.000000 0.978570879 -0.461237311 0.150180876 -0.008470521 -0.008012116 0.014017018 0.999833822
1769791184141111808.000000 0.978937745 -0.442484170 0.150690198 -0.008259273 -0.007858627 0.011655674 0.999867082
1769791184207787520.000000 0.979297578 -0.423992842 0.148061693 -0.008400694 -0.007768668 0.010377632 0.999880672
1769791184241103104.000000 0.979482651 -0.410317004 0.149909705 -0.007792742 -0.007538750 0.008903308 0.999901593
1769791184274437632.000000 0.981278360 -0.401589870 0.144017994 -0.007705312 -0.007584519 0.008979092 0.999901295
1769791184374438144.000000 0.972653866 -0.418239534 0.132999480 -0.013309835 -0.006130453 0.011623943 0.999825120
1769791184407768832.000000 0.972427189 -0.411766201 0.134685680 -0.013983209 -0.005963432 0.010761393 0.999826550
1769791184441100544.000000 0.967680693 -0.400676817 0.131723508 -0.012959775 -0.004547718 0.010216486 0.999853551
1769791184474439680.000000 0.966022432 -0.387713730 0.132115677 -0.012300570 -0.004303451 0.009371415 0.999871194
1769791184507777792.000000 0.964153469 -0.380146682 0.131638363 -0.012871893 -0.003950859 0.007582929 0.999880612
1769791184541107968.000000 0.966713905 -0.368043780 0.129716769 -0.012675012 -0.004390258 0.006729692 0.999887466
1769791184641106432.000000 0.958005905 -0.372605801 0.114919163 -0.017607581 -0.003495468 0.010464209 0.999784172
1769791184674432768.000000 0.958112657 -0.367365330 0.117396683 -0.018237619 -0.003542062 0.009980918 0.999777675
1769791184707773952.000000 0.953223288 -0.364008278 0.115860991 -0.019647684 -0.002548849 0.007401781 0.999776363
1769791184741116160.000000 0.954603016 -0.361730546 0.113666110 -0.020363750 -0.003078614 0.007984533 0.999756038
1769791184774434560.000000 0.958152711 -0.368522048 0.114459157 -0.022211058 -0.003412855 0.012255508 0.999672353
1769791184807777280.000000 0.959178865 -0.367781401 0.114789903 -0.022963421 -0.003443749 0.013925166 0.999633431
1769791184907787776.000000 0.812949479 -0.270152628 0.005555007 -0.016325796 0.015268550 -0.001943189 0.999748290
1769791184941107712.000000 0.811205924 -0.263272852 0.005950691 -0.017118203 0.015346324 -0.003480806 0.999729693
1769791184974438912.000000 0.808306634 -0.256030709 0.007939810 -0.017895408 0.015662514 -0.005424605 0.999702513
1769791185007779840.000000 0.804476738 -0.249046773 0.005794361 -0.018402483 0.016357303 -0.005899886 0.999679506
1769791185041106688.000000 0.802775443 -0.235192835 0.002226467 -0.017499106 0.016320374 -0.006800515 0.999690533
1769791185074439680.000000 0.804394424 -0.217975020 0.005089660 -0.016146595 0.015691554 -0.006794493 0.999723434
1769791185174436352.000000 0.770011902 -0.191388831 -0.017654451 -0.016548665 0.019646278 -0.003906449 0.999662399
1769791185241102592.000000 0.768463492 -0.186928704 -0.017452147 -0.020445166 0.019425359 -0.006355311 0.999582112
1769791185274438400.000000 0.763708174 -0.179165870 -0.019405490 -0.020248348 0.020101417 -0.008176143 0.999559462
1769791185307782144.000000 0.763994575 -0.169988841 -0.018876817 -0.020203767 0.019472683 -0.009594218 0.999560177
1769791185341097728.000000 0.759441674 -0.159834653 -0.024820076 -0.019477969 0.020294817 -0.008590831 0.999567389
1769791185374429184.000000 0.757352233 -0.156306311 -0.024596248 -0.020820526 0.019991050 -0.010058977 0.999532759
1769791185574438656.000000 0.752225935 -0.130527988 -0.029652229 -0.024054455 0.020250428 -0.006449681 0.999484777
1769791185607794432.000000 0.748439670 -0.127961040 -0.034688171 -0.025620595 0.020770563 -0.007885710 0.999424815
1769791185641103360.000000 0.746837854 -0.124190152 -0.038997874 -0.026672034 0.020440431 -0.008732215 0.999397099
1769791185674445824.000000 0.742415130 -0.118902244 -0.039483901 -0.027700370 0.021289902 -0.010351903 0.999336004
1769791185741123072.000000 0.737562835 -0.108085245 -0.048083890 -0.028879970 0.021819428 -0.012207814 0.999270201
1769791185774434560.000000 0.734537780 -0.092370756 -0.052822735 -0.026665468 0.022748223 -0.010284427 0.999332666
1769791185807777024.000000 0.733187675 -0.090523213 -0.058766942 -0.028006107 0.022758877 -0.010635759 0.999292076
1769791185841105664.000000 0.731536508 -0.083330996 -0.057053760 -0.028244261 0.022792296 -0.010598869 0.999284983
1769791185874459392.000000 0.728157580 -0.079298183 -0.057881620 -0.029051900 0.022519045 -0.011458887 0.999258518
1769791185907768064.000000 0.724424183 -0.066681273 -0.056519531 -0.028130082 0.022581959 -0.011672955 0.999280989
1769791185941118720.000000 0.720442891 -0.063518725 -0.059190955 -0.028418172 0.022702737 -0.011475654 0.999272406
1769791185974440704.000000 0.718707204 -0.061249625 -0.063137047 -0.028898144 0.022325700 -0.010813290 0.999274552
1769791186041109760.000000 0.714099288 -0.042221472 -0.059782356 -0.028701412 0.021969115 -0.013404084 0.999256730
1769791186074443008.000000 0.712022364 -0.038413607 -0.059736304 -0.029581584 0.021685673 -0.013847248 0.999231219
1769791186107776000.000000 0.710214555 -0.034927428 -0.061007477 -0.030531913 0.021323167 -0.014648640 0.999198973
1769791186141100288.000000 0.706790030 -0.030235108 -0.062494323 -0.030813552 0.021528337 -0.015269135 0.999176681
1769791186174431744.000000 0.701956630 -0.022377660 -0.063196540 -0.030396448 0.022232220 -0.015540578 0.999169767
1769791186207782400.000000 0.699740171 -0.021185497 -0.067256764 -0.031413864 0.021853482 -0.014646665 0.999160230
1769791186274484992.000000 0.692697406 -0.013116013 -0.069144838 -0.031911671 0.021954305 -0.014990110 0.999137163
1769791186374432512.000000 0.684403419 0.006581818 -0.068457469 -0.031894512 0.021977469 -0.017756846 0.999091804
1769791186407769600.000000 0.679984450 0.010771321 -0.070609704 -0.031859867 0.022191828 -0.018320052 0.999078095
1769791186441102848.000000 0.681207359 0.011510251 -0.073387377 -0.031210631 0.020580018 -0.014215245 0.999199808
1769791186474432768.000000 0.679481089 0.009402554 -0.072798200 -0.031333983 0.020559998 -0.012048906 0.999224842
1769791186507763712.000000 0.669300258 0.025854925 -0.071784280 -0.032129660 0.022352776 -0.018835070 0.999056220
1769791186541103616.000000 0.666125655 0.029211037 -0.073374219 -0.032255109 0.022552358 -0.019141976 0.999041855
1769791186641106432.000000 0.653426409 0.039060574 -0.076248743 -0.033387490 0.022708867 -0.020575035 0.998972595
1769791186741107712.000000 0.642439425 0.046483118 -0.079469673 -0.035051182 0.023017393 -0.022176014 0.998874366
1769791186774435072.000000 0.635582328 0.050298795 -0.079102680 -0.034547843 0.023368783 -0.023310922 0.998857856
1769791186807764224.000000 0.633588433 0.052526712 -0.079232477 -0.034800150 0.023033153 -0.023170315 0.998860121
1769791186841099520.000000 0.628359556 0.055478625 -0.079514757 -0.034561824 0.023273982 -0.023030376 0.998866081
1769791186874438144.000000 0.626897275 0.059456732 -0.080775253 -0.034334414 0.021895578 -0.022628421 0.998914242
1769791186974456320.000000 0.614060938 0.061899416 -0.083585851 -0.034306914 0.020862622 -0.021639079 0.998959303
1769791187007770368.000000 0.607689202 0.066026777 -0.085086651 -0.033593062 0.021487178 -0.022104954 0.998960137
1769791187074431744.000000 0.599865437 0.068712384 -0.087902837 -0.034301430 0.021526732 -0.022590628 0.998924315
1769791187107807744.000000 0.596484303 0.071573764 -0.086790241 -0.034794319 0.022065701 -0.022736086 0.998892128
1769791187141104896.000000 0.594824553 0.077447191 -0.082424395 -0.033545900 0.021962598 -0.022580819 0.998940647
1769791187174427904.000000 0.591252565 0.078040637 -0.083384216 -0.033828437 0.021881796 -0.022527823 0.998934150
1769791187341158656.000000 0.619382501 -0.043883964 -0.072120793 -0.048493788 0.014454057 -0.010501694 0.998663723
1769791187374451200.000000 0.616298258 -0.046877235 -0.072072916 -0.049648296 0.014469507 -0.009436029 0.998617351
1769791187407797760.000000 0.611451805 -0.046504404 -0.075285591 -0.049331810 0.014438613 -0.009918161 0.998628795
1769791187441124352.000000 0.611120582 -0.048058651 -0.076538727 -0.049538579 0.013199137 -0.009466034 0.998640120
1769791187474460416.000000 0.607782602 -0.046888880 -0.075940445 -0.048923239 0.012972481 -0.009804134 0.998670161
1769791187541116672.000000 0.601573527 -0.049217597 -0.077428252 -0.048983790 0.011933755 -0.009726112 0.998680949
1769791187574452736.000000 0.596230447 -0.050879393 -0.078379169 -0.049303498 0.012076700 -0.010451809 0.998656213
1769791187607790080.000000 0.592851818 -0.053413056 -0.076721288 -0.049605478 0.011873325 -0.009478765 0.998653352
1769791187641115648.000000 0.591242075 -0.052860640 -0.074332632 -0.049040157 0.010709875 -0.009775556 0.998691559
1769791187674456576.000000 0.588106453 -0.052105095 -0.071636386 -0.048316788 0.010296788 -0.009167944 0.998736918
1769791187707788032.000000 0.577788711 -0.058800753 -0.067595869 -0.049915858 0.012313923 -0.009634369 0.998631060
1769791187741145088.000000 0.574465275 -0.062982187 -0.068267763 -0.050866939 0.011428131 -0.008882093 0.998600602
1769791187774450176.000000 0.570780218 -0.067365795 -0.072472937 -0.051396374 0.011019332 -0.008709151 0.998579621
1769791187874467840.000000 0.553650558 -0.076163918 -0.079433344 -0.051160373 0.011868643 -0.007674513 0.998590469
1769791187907799296.000000 0.546817958 -0.080235712 -0.076492004 -0.050375879 0.012645497 -0.007647088 0.998620987
1769791187941148416.000000 0.544015110 -0.083331279 -0.080140471 -0.050198272 0.011979465 -0.007552981 0.998638868
1769791187974480128.000000 0.541167736 -0.067662254 -0.085457273 -0.045328766 0.010997497 -0.004417744 0.998901844
1769791188007798784.000000 0.538239360 -0.074936815 -0.083002508 -0.045996003 0.010270774 -0.003905781 0.998881221
1769791188041140480.000000 0.532313585 -0.075584464 -0.084095493 -0.044840742 0.010178735 -0.003357665 0.998936653
1769791188141116416.000000 0.518459499 -0.103560425 -0.072660528 -0.047893707 0.009448734 -0.003940623 0.998799980
1769791188174448128.000000 0.515423536 -0.109977722 -0.072591528 -0.048725802 0.008706384 -0.004120981 0.998765767
1769791188207784960.000000 0.512055695 -0.113345712 -0.075664096 -0.047612108 0.007964850 -0.003521564 0.998827994
1769791188241122560.000000 0.506394386 -0.120487221 -0.077338934 -0.048099954 0.008019295 -0.003415086 0.998804510
1769791188274443776.000000 0.505455434 -0.124289371 -0.077921249 -0.047205683 0.006711092 -0.001494087 0.998861551
1769791188341117440.000000 0.489168733 -0.137365252 -0.079116970 -0.047105458 0.008392466 -0.002067158 0.998852551
1769791188474447872.000000 0.474699795 -0.163267702 -0.082122833 -0.045896173 0.006382907 0.001927245 0.998923957
1769791188507785984.000000 0.471582144 -0.166363791 -0.079878040 -0.045171589 0.005963356 0.002427963 0.998958528
1769791188541122560.000000 0.469116896 -0.174944460 -0.085996278 -0.045333955 0.004759094 0.003957190 0.998952746
1769791188574461696.000000 0.466943264 -0.181970507 -0.089894444 -0.044937752 0.003804241 0.005435482 0.998967767
1769791188607789824.000000 0.454052299 -0.207821533 -0.087667853 -0.050234240 0.005535769 0.001624489 0.998720825
1769791188641127936.000000 0.451435715 -0.211035848 -0.090371683 -0.048696447 0.005054949 0.002619645 0.998797476
1769791188741122816.000000 0.444145977 -0.279221833 -0.083719723 -0.061643712 0.002163534 0.006722601 0.998073220
1769791188774454528.000000 0.444811642 -0.280177176 -0.084790118 -0.059586823 0.000739169 0.007501425 0.998194695
1769791188807786752.000000 0.440978646 -0.305926085 -0.085982919 -0.064616106 0.000330549 0.009503545 0.997864902
1769791188841112064.000000 0.440484673 -0.310635477 -0.088530675 -0.063089900 -0.001106401 0.011379534 0.997942388
1769791188874448896.000000 0.444124430 -0.320564240 -0.090086460 -0.062740833 -0.003807041 0.013018313 0.997937739
1769791188907784704.000000 0.444469929 -0.335099250 -0.092442907 -0.063812070 -0.005101461 0.015034389 0.997835636
1769791188974448384.000000 0.440173924 -0.363693088 -0.096260548 -0.066538699 -0.006080945 0.019072868 0.997583032
1769791189007793408.000000 0.438423783 -0.363871574 -0.101669952 -0.062877551 -0.006920303 0.020961616 0.997777104
1769791189041113856.000000 0.438064992 -0.368597597 -0.108185984 -0.060501475 -0.008609345 0.022175344 0.997884691
1769791189074461696.000000 0.430118859 -0.377970248 -0.111358814 -0.059699882 -0.007711418 0.023472689 0.997910559
1769791189107803648.000000 0.428187311 -0.389096737 -0.113139391 -0.059539899 -0.008457639 0.025411861 0.997866631
1769791189174455552.000000 0.424363434 -0.396279633 -0.122943990 -0.053662382 -0.010682790 0.025791282 0.998168826
1769791189207794944.000000 0.425676286 -0.396617264 -0.126426250 -0.049627643 -0.012200523 0.026865590 0.998331904
1769791189307804672.000000 0.361593604 -0.540976584 -0.096617766 -0.078563578 -0.001717024 0.016775951 0.996766508
1769791189341128448.000000 0.361940354 -0.541231513 -0.101509131 -0.073545530 -0.003637414 0.017151272 0.997137785
1769791189374449408.000000 0.357679188 -0.545290232 -0.104992621 -0.069878183 -0.004036542 0.016820274 0.997405589
1769791189407789056.000000 0.340961486 -0.585834324 -0.087155126 -0.076493375 -0.002883687 0.014366130 0.996962428
1769791189507790080.000000 0.335883796 -0.600429714 -0.095770076 -0.064101361 -0.009039726 0.014105000 0.997802794
1769791189541121280.000000 0.335292399 -0.601446331 -0.102642357 -0.059342589 -0.011254247 0.014636660 0.998066962
1769791189607790592.000000 0.339944243 -0.583124936 -0.110597365 -0.045322988 -0.017283617 0.016899835 0.998679876
1769791189641120512.000000 0.330733210 -0.601623893 -0.109624177 -0.044046585 -0.018341059 0.015741704 0.998737037
1769791189674457344.000000 0.321153015 -0.628178656 -0.101235516 -0.045757212 -0.019491291 0.010015134 0.998712182
1769791189707783936.000000 0.317986846 -0.625659406 -0.104182251 -0.039890382 -0.020340422 0.010609111 0.998940706
1769791189774491904.000000 0.322193891 -0.603948534 -0.111471578 -0.025151215 -0.026227642 0.010432041 0.999285102
1769791189807782144.000000 0.322504669 -0.598957717 -0.110123806 -0.019838965 -0.029902866 0.009091737 0.999314547
1769791189874451200.000000 0.274802774 -0.642547309 -0.061958250 -0.028266598 -0.032085225 -0.023575889 0.998807132
1769791189907781888.000000 0.275315404 -0.634688258 -0.063517146 -0.021776944 -0.036277294 -0.021301966 0.998877406
1769791189941116928.000000 0.274862230 -0.624211192 -0.070497900 -0.015533119 -0.040565301 -0.021187864 0.998831451
1769791189974448640.000000 0.277840823 -0.602781951 -0.080058113 -0.005515255 -0.045723367 -0.018229367 0.998772562
1769791190041114368.000000 0.321899384 -0.473267794 -0.142793894 0.042869627 -0.061158821 0.018594412 0.997033596
1769791190074453760.000000 0.321513027 -0.459548652 -0.142305478 0.050501876 -0.065940261 0.021090589 0.996321559
1769791190141124864.000000 0.337018311 -0.532879293 -0.146148965 0.033944376 -0.083470561 0.009257449 0.995888948
1769791190174452992.000000 0.328958124 -0.521072686 -0.145170093 0.039695576 -0.085876212 0.011589253 0.995447338
1769791190207790080.000000 0.324464947 -0.536245704 -0.141120747 0.036641926 -0.090141200 0.010394451 0.995200455
1769791190241123328.000000 0.331695706 -0.539814651 -0.139597893 0.036917169 -0.096258558 0.018206403 0.994504869
1769791190307785984.000000 0.330088973 -0.535693526 -0.146204159 0.040104110 -0.102952011 0.024327775 0.993579745
1769791190341119744.000000 0.332766056 -0.538563430 -0.146068603 0.039290454 -0.105918728 0.027606199 0.993214667
1769791190441114368.000000 0.330132067 -0.536686718 -0.142380670 0.036325444 -0.108139694 0.037079114 0.992779672
1769791190474450176.000000 0.329574913 -0.535222054 -0.144411117 0.035958577 -0.107107855 0.037780326 0.992878437
1769791190507781632.000000 0.333450705 -0.541398883 -0.137893051 0.032106072 -0.106756471 0.036799047 0.993085146
1769791190541115648.000000 0.327855796 -0.535133421 -0.115010321 0.020036286 -0.102658391 0.038783617 0.993758321
1769791190574446848.000000 0.325988621 -0.509670734 -0.115645036 0.014436522 -0.100508407 0.040328294 0.994013727
1769791190641116928.000000 0.327886909 -0.499571443 -0.097373009 -0.003560428 -0.098492235 0.045746505 0.994079411
1769791190774449664.000000 0.323569387 -0.468817294 -0.083197333 -0.020114245 -0.093578003 0.049643096 0.994170129
1769791190807793408.000000 0.327219129 -0.461363316 -0.087916851 -0.021324709 -0.093989067 0.053353563 0.993913889
1769791190841125120.000000 0.324962765 -0.478265435 -0.094525166 -0.028698843 -0.092752010 0.054626316 0.993775427
1769791190874447104.000000 0.341024697 -0.456932932 -0.108262897 -0.025420144 -0.095488124 0.060469817 0.993266940
1769791190941116928.000000 0.341910422 -0.475678623 -0.126287922 -0.032869134 -0.094621107 0.064925104 0.992850065
1769791191041112832.000000 0.296443909 -0.552653193 -0.111688785 -0.056778140 -0.079804018 0.067221306 0.992919385
1769791191074447360.000000 0.294651836 -0.553394973 -0.117454857 -0.055705950 -0.078939162 0.069551751 0.992888808
1769791191107787008.000000 0.293041676 -0.563762963 -0.128269836 -0.055832800 -0.077317894 0.073384039 0.992733359
1769791191141119232.000000 0.286736369 -0.556495309 -0.142159477 -0.050845936 -0.073311679 0.080924511 0.992719233
1769791191174447872.000000 0.284327924 -0.554158688 -0.150350645 -0.046679441 -0.071063042 0.088576972 0.992434025
1769791191207779840.000000 0.282046348 -0.553047180 -0.167462826 -0.043027621 -0.068848662 0.094600037 0.992199302
1769791191307791360.000000 0.291019112 -0.723573864 0.143190801 -0.120718233 -0.065164119 0.061086934 0.988660276
1769791191341122560.000000 0.284511894 -0.720153689 0.140364245 -0.116065115 -0.062133912 0.062995151 0.989292681
1769791191374514944.000000 0.289375871 -0.722140372 0.143834993 -0.115205936 -0.063221522 0.060024984 0.989508808
1769791191407794432.000000 0.297260672 -0.717017353 0.147090152 -0.111848921 -0.064385645 0.059560657 0.989846885
1769791191441123072.000000 0.289461643 -0.722582698 0.142144069 -0.110270724 -0.062153086 0.057682514 0.990277827
1769791191474452224.000000 0.289136887 -0.716739118 0.156352878 -0.107717618 -0.060729835 0.056644551 0.990706980
1769791191607778816.000000 0.286502123 -0.716021895 0.154591516 -0.097999088 -0.057906907 0.056510609 0.991891861
1769791191641115904.000000 0.291801721 -0.712798595 0.153690338 -0.096766576 -0.060262114 0.051897090 0.992124736
1769791191674457088.000000 0.288494319 -0.735903263 0.137787580 -0.095325209 -0.056888584 0.061650079 0.991905272
1769791191707779584.000000 0.293935269 -0.734471858 0.131543264 -0.091672838 -0.057149660 0.064604744 0.992046475
1769791191741118720.000000 0.292572021 -0.734139740 0.137932092 -0.090694234 -0.056165151 0.064323276 0.992210984
1769791191774449920.000000 0.293477625 -0.738653421 0.131125554 -0.089390501 -0.056622282 0.064034149 0.992321968
1769791191874447872.000000 0.290140867 -0.734838843 0.133490503 -0.084252365 -0.055504795 0.063120767 0.992893040
1769791191907785472.000000 0.294525087 -0.737230361 0.128076345 -0.082887404 -0.056386769 0.063726664 0.992919564
1769791191941114880.000000 0.294571757 -0.731144309 0.128363267 -0.080501325 -0.056437436 0.062577814 0.993185997
1769791191974457600.000000 0.295016497 -0.738317907 0.126538575 -0.080743834 -0.056829233 0.062498104 0.993148983
1769791192007787776.000000 0.285641491 -0.735462010 0.135311395 -0.079576671 -0.054746781 0.061620258 0.993414938
1769791192041112064.000000 0.285453141 -0.740675867 0.134629175 -0.079537608 -0.054595813 0.061356355 0.993442774
1769791192174448384.000000 0.286185145 -0.740425766 0.133127451 -0.075707823 -0.054511689 0.062657274 0.993665397
1769791192207786752.000000 0.279321790 -0.737209558 0.132571593 -0.074896120 -0.053876109 0.061323084 0.993844748
1769791192241116160.000000 0.276176542 -0.738083720 0.125373498 -0.074564114 -0.053706568 0.060327224 0.993939877
1769791192274448896.000000 0.273761988 -0.734823167 0.132285535 -0.074681625 -0.052886635 0.059629474 0.994017065
1769791192307799552.000000 0.283376724 -0.735953450 0.131729901 -0.073998101 -0.054269433 0.063226372 0.993771374
1769791192341114880.000000 0.276941270 -0.739486635 0.128836930 -0.074502952 -0.053584088 0.061781496 0.993861735
1769791192441116160.000000 0.274150938 -0.737945676 0.131428778 -0.070409022 -0.052068874 0.065319769 0.994014502
1769791192474454528.000000 0.285555094 -0.733101964 0.128115013 -0.067823745 -0.054457981 0.067810312 0.993899405
1769791192507785728.000000 0.281175435 -0.739854038 0.127467260 -0.069666520 -0.054031834 0.065409392 0.993956149
1769791192541119488.000000 0.274569184 -0.739610195 0.127922744 -0.070352688 -0.054594584 0.061710019 0.994113564
1769791192574447872.000000 0.274705440 -0.737448931 0.131201014 -0.069396257 -0.054689556 0.063337408 0.994073272
1769791192607787520.000000 0.275314569 -0.737777293 0.127608865 -0.069339119 -0.055318736 0.062135831 0.994118273
1769791192707792896.000000 0.272244453 -0.739948750 0.127187178 -0.068645902 -0.055571593 0.062646426 0.994120240
1769791192774458112.000000 0.277141482 -0.740213752 0.134431377 -0.067649327 -0.055421751 0.066383950 0.993954360
1769791192807781632.000000 0.283441663 -0.741832197 0.129873142 -0.067392297 -0.057073072 0.068088412 0.993763030
1769791192841126400.000000 0.270715624 -0.736047447 0.124092728 -0.067586459 -0.056869850 0.062354829 0.994137704
1769791192874457856.000000 0.266858369 -0.739436746 0.122228675 -0.068443067 -0.056508549 0.061406031 0.994158804
1769791192907780864.000000 0.271408111 -0.736961424 0.124811001 -0.066530980 -0.056057911 0.066278256 0.994001210
1769791192974450944.000000 0.268065929 -0.739145160 0.122913778 -0.068896554 -0.057594627 0.062936269 0.993969440
1769791193041118976.000000 0.264905453 -0.743912518 0.111398429 -0.069200188 -0.057720516 0.063026614 0.993935347
1769791193074446848.000000 0.272674680 -0.736619115 0.118464895 -0.067740373 -0.058762006 0.065737836 0.993799210
1769791193107791872.000000 0.266774923 -0.739265203 0.113766193 -0.068972565 -0.058960065 0.063875884 0.993824124
1769791193141125120.000000 0.268449277 -0.736485243 0.109932750 -0.067483462 -0.059209481 0.066606022 0.993732274
1769791193174448896.000000 0.265485108 -0.740278959 0.113566831 -0.069207467 -0.058665216 0.065042585 0.993749559
1769791193241116416.000000 0.265552789 -0.737639427 0.113962948 -0.070484966 -0.059734982 0.064098477 0.993657351
1769791193307807232.000000 0.266558498 -0.737410963 0.116974920 -0.070039712 -0.059571534 0.068434484 0.993409514
1769791193341127424.000000 0.264330983 -0.740987897 0.119670160 -0.072406858 -0.059685450 0.066479363 0.993365705
1769791193374444544.000000 0.264132828 -0.736442387 0.121495798 -0.071867511 -0.059426595 0.067828372 0.993329227
1769791193407782912.000000 0.259289861 -0.735033154 0.116840921 -0.073578082 -0.060459957 0.062073085 0.993517935
1769791193441121536.000000 0.256666958 -0.729412138 0.118980594 -0.073457174 -0.060596384 0.060625672 0.993607879
1769791193507779072.000000 0.260170341 -0.737737954 0.109775357 -0.074376471 -0.061319776 0.065397412 0.993192434
1769791193607782144.000000 0.255701691 -0.729995906 0.115613699 -0.076774441 -0.061934520 0.061981060 0.993190944
1769791193641117952.000000 0.256541282 -0.729886532 0.114185818 -0.077580824 -0.062323283 0.062960669 0.993042290
1769791193674520832.000000 0.252574921 -0.733370662 0.105429389 -0.077760734 -0.061819993 0.063890673 0.993000329
1769791193707784704.000000 0.249859735 -0.731188536 0.108834155 -0.078387424 -0.061545409 0.063485369 0.992994130
1769791193741137408.000000 0.253661007 -0.725037754 0.117254451 -0.079462618 -0.063242435 0.061657730 0.992917120
1769791193774453248.000000 0.254993290 -0.723643184 0.107386880 -0.078899167 -0.063885301 0.062178493 0.992888451
1769791193874446592.000000 0.254225165 -0.726087153 0.108677819 -0.081313103 -0.063888945 0.066223018 0.992431879
1769791193907803648.000000 0.252840310 -0.726618052 0.116927013 -0.084237412 -0.064477056 0.062978730 0.992361069
1769791193941121024.000000 0.249348700 -0.727235436 0.114984103 -0.085791916 -0.064664781 0.061110549 0.992332518
1769791193974451712.000000 0.245722964 -0.723465800 0.109447755 -0.086631164 -0.065027632 0.058418106 0.992397964
1769791194007778816.000000 0.239440501 -0.711786151 0.105749607 -0.084504478 -0.064128712 0.057846230 0.992673337
1769791194074446848.000000 0.245246038 -0.723867655 0.111132748 -0.088728897 -0.065276168 0.062011834 0.991978228
1769791194174452736.000000 0.223887265 -0.685899138 0.099884212 -0.084568046 -0.064097092 0.051111866 0.993039489
1769791194241119232.000000 0.219878107 -0.704368114 0.084001720 -0.089050815 -0.063404366 0.055462059 0.992458463
1769791194307784960.000000 0.210718289 -0.698069215 0.071626730 -0.089472145 -0.062515698 0.053000089 0.992611527
1769791194374456320.000000 0.217231631 -0.700603962 0.081880644 -0.092810191 -0.063925892 0.054620057 0.992127299
1769791194474451200.000000 0.210899845 -0.700480998 0.075701848 -0.096173622 -0.063662805 0.054684050 0.991820216
1769791194507786752.000000 0.209493250 -0.695683122 0.073266171 -0.096963517 -0.063716441 0.054319773 0.991759896
1769791194541117696.000000 0.209250689 -0.689616024 0.070796706 -0.096805491 -0.063903317 0.053374235 0.991814673
1769791194574445312.000000 0.207726523 -0.694781125 0.072091267 -0.098849669 -0.063830480 0.052841354 0.991646230
1769791194607785216.000000 0.207828298 -0.689840138 0.072964609 -0.099309422 -0.064112671 0.053062525 0.991570294
1769791194641118464.000000 0.210524753 -0.699889660 0.069479458 -0.101993643 -0.064634264 0.055994932 0.991102576
1769791194707777280.000000 0.206997037 -0.690494537 0.067708172 -0.102636226 -0.064686097 0.054490466 0.991116703
1769791194741178368.000000 0.204056606 -0.688369632 0.065243013 -0.103638686 -0.064290360 0.053216167 0.991107404
1769791194774451968.000000 0.199838579 -0.679132879 0.064255208 -0.103208944 -0.063860185 0.051418528 0.991274893
1769791194807777792.000000 0.198429018 -0.673925519 0.061723199 -0.103409313 -0.063984439 0.050603505 0.991288006
1769791194841113600.000000 0.195709080 -0.667474806 0.061842579 -0.103297994 -0.063941374 0.049357392 0.991365194
1769791194874468608.000000 0.197949141 -0.665356994 0.060126584 -0.104345493 -0.064408801 0.049105328 0.991237760
1769791194941121280.000000 0.192413092 -0.655848682 0.056423642 -0.104948975 -0.063801654 0.046843845 0.991322756
1769791194974479616.000000 0.191108495 -0.650084794 0.053666409 -0.105295263 -0.063998148 0.046080839 0.991309106
1769791195074454784.000000 0.184031710 -0.636417806 0.049500283 -0.105644666 -0.064798914 0.034918334 0.991675854
1769791195107783424.000000 0.182512656 -0.626316965 0.045412093 -0.104387343 -0.066723526 0.024406947 0.991995752
1769791195141120768.000000 0.179913521 -0.620714605 0.043784846 -0.104392156 -0.068326034 0.013314496 0.992097080
1769791195174444544.000000 0.178423971 -0.616791904 0.041423768 -0.104283877 -0.070152871 0.002123781 0.992068052
1769791195207786240.000000 0.177236766 -0.617896199 0.039620779 -0.104997039 -0.071768716 -0.009843211 0.991830647
1769791195274444800.000000 0.173641369 -0.608533978 0.036844909 -0.104985222 -0.073866673 -0.032010682 0.991209984
1769791195341134336.000000 0.167143390 -0.589866221 0.031044871 -0.102926366 -0.075250834 -0.054874670 0.990319312
1769791195441131008.000000 0.164825574 -0.577766001 0.026871098 -0.103094980 -0.079132959 -0.086809210 0.987711310
1769791195474461952.000000 0.162954599 -0.575445175 0.021673391 -0.103121631 -0.080164045 -0.097957730 0.986581922
1769791195507801856.000000 0.162266687 -0.570911169 0.020972034 -0.102792107 -0.081127219 -0.107924245 0.985497177
1769791195574462720.000000 0.155631676 -0.555058479 0.013070136 -0.101285733 -0.082298458 -0.128875241 0.983035803
1769791195641132032.000000 0.153158486 -0.542614996 0.011372158 -0.100483842 -0.084254801 -0.147908300 0.980269015
1769791195674488064.000000 0.152973801 -0.536614835 0.010605870 -0.099798903 -0.085405633 -0.157942921 0.978672683
1769791195707810048.000000 0.150937989 -0.533765137 0.008026467 -0.099775709 -0.085914321 -0.168061703 0.976943672
1769791195741168384.000000 0.149636269 -0.523981035 0.012658300 -0.100150712 -0.087444603 -0.174763501 0.975592613
1769791195774465536.000000 0.148669153 -0.520960271 0.012056605 -0.101007327 -0.088294856 -0.183359385 0.973848522
1769791195841135616.000000 0.147026017 -0.509992719 0.006831750 -0.099273585 -0.090160333 -0.201800764 0.970202208
1769791195907783424.000000 0.147363558 -0.497658342 0.001866705 -0.099367872 -0.091870941 -0.216001347 0.966969073
1769791195941129472.000000 0.147885472 -0.490356982 -0.001993630 -0.099321872 -0.092369318 -0.221564129 0.965666831
1769791195974450944.000000 0.148643345 -0.477800578 -0.007055750 -0.096903957 -0.092831269 -0.228998676 0.964132607
1769791196007783424.000000 0.149099752 -0.472728461 -0.011117784 -0.096897721 -0.093491204 -0.236065835 0.962363362
1769791196041118464.000000 0.151401550 -0.467707992 -0.015483873 -0.096005023 -0.094772793 -0.243637502 0.960438490
1769791196107781632.000000 0.155050084 -0.446542025 -0.024262749 -0.094580799 -0.095532119 -0.252056688 0.958329558
1769791196174453248.000000 0.155612737 -0.433992058 -0.031058095 -0.093273714 -0.096265733 -0.264885664 0.954918087
1769791196207787776.000000 0.153336823 -0.431631386 -0.027504947 -0.093470208 -0.096437022 -0.271662474 0.952975750
1769791196241120768.000000 0.150979370 -0.426828474 -0.018113676 -0.093378589 -0.097415015 -0.279601634 0.950586021
1769791196274455296.000000 0.152298033 -0.421449006 -0.017746909 -0.092944682 -0.098144501 -0.285806715 0.948706269
1769791196307782912.000000 0.152619630 -0.415750295 -0.019224079 -0.092331044 -0.098317638 -0.292297035 0.946768820
1769791196374456320.000000 0.152761936 -0.410415977 -0.019677410 -0.092237048 -0.098952860 -0.303278714 0.943251133
1769791196474456576.000000 0.157372564 -0.397694707 -0.023591705 -0.091209017 -0.100359850 -0.318036437 0.938329220
1769791196507793664.000000 0.152260214 -0.398563743 -0.021476079 -0.091860473 -0.100261115 -0.324859500 0.935935736
1769791196541118976.000000 0.153209865 -0.395140141 -0.023600923 -0.091663592 -0.100543030 -0.328683823 0.934588611
1769791196574450432.000000 0.154948831 -0.390089363 -0.024050763 -0.091131024 -0.100783110 -0.332431257 0.933288455
1769791196607793664.000000 0.154687971 -0.387705356 -0.023056209 -0.091014005 -0.100774392 -0.338101417 0.931261778
1769791196641132544.000000 0.158421457 -0.381375909 -0.024748471 -0.090670466 -0.101315759 -0.339878350 0.930589437
1769791196741116416.000000 0.166092366 -0.371258706 -0.027809514 -0.090388656 -0.101941779 -0.348401576 0.927390993
1769791196807786240.000000 0.176529408 -0.359958857 -0.031534851 -0.089281186 -0.102633558 -0.351941913 0.926084280
1769791196874466304.000000 0.181695372 -0.357246459 -0.034015939 -0.089564398 -0.102730818 -0.356730759 0.924212039
1769791196907804928.000000 0.185177311 -0.354970455 -0.035952628 -0.089093290 -0.102675304 -0.359254032 0.923285842
1769791196941120512.000000 0.191083968 -0.352591723 -0.037740096 -0.088828757 -0.102610268 -0.360987455 0.922642291
1769791197074460416.000000 0.211006388 -0.333777249 -0.036045808 -0.086862184 -0.102834508 -0.367845416 0.920092285
1769791197107788800.000000 0.214411855 -0.333468646 -0.035533361 -0.087226249 -0.103390321 -0.369234741 0.919438839
1769791197141135104.000000 0.218523502 -0.332466006 -0.035459675 -0.087068461 -0.103666835 -0.370421588 0.918945134
1769791197174468608.000000 0.223014459 -0.331055701 -0.033227116 -0.087076962 -0.104249187 -0.371244907 0.918546140
1769791197207798016.000000 0.226335138 -0.327529490 -0.032027446 -0.086591907 -0.104030058 -0.371903360 0.918350458
1769791197241116160.000000 0.234053016 -0.324689150 -0.032817930 -0.085975960 -0.103804968 -0.371956348 0.918412268
1769791197374459904.000000 0.255575508 -0.325565964 -0.029504778 -0.086320989 -0.104883932 -0.372173965 0.918169200
1769791197407789056.000000 0.259728730 -0.325482011 -0.027496999 -0.086571276 -0.104739107 -0.372074425 0.918202519
1769791197441123328.000000 0.266501486 -0.325408578 -0.023124008 -0.086352088 -0.105268538 -0.371578455 0.918363392
1769791197474463744.000000 0.274228334 -0.325340927 -0.020466618 -0.086142659 -0.105825655 -0.370476812 0.918764055
1769791197507785728.000000 0.278563768 -0.326596320 -0.021717822 -0.086252622 -0.104968302 -0.369482875 0.919252217
1769791197541122560.000000 0.283856839 -0.325838327 -0.018751996 -0.086211383 -0.104738571 -0.368624717 0.919626772
1769791197641124864.000000 0.304265559 -0.333985716 -0.013341883 -0.086873144 -0.104958147 -0.363922328 0.921410561
1769791197674456320.000000 0.308903813 -0.335830331 -0.011341697 -0.087180883 -0.104680717 -0.362599045 0.921934605
1769791197707792640.000000 0.314431608 -0.339400738 -0.011518283 -0.087372154 -0.104384169 -0.361215681 0.922492981
1769791197741116928.000000 0.324211478 -0.345559806 -0.009707928 -0.087974042 -0.105092198 -0.359345496 0.923085630
1769791197774449920.000000 0.329656452 -0.346637398 -0.006754290 -0.087817699 -0.104770914 -0.357466936 0.923866034
1769791197807795968.000000 0.335410893 -0.347640246 -0.007764556 -0.087619387 -0.104315244 -0.354830861 0.924952090
1769791197907781632.000000 0.357347488 -0.363664210 -0.013355497 -0.088617049 -0.103568904 -0.346924394 0.927935362
1769791197941116672.000000 0.365293354 -0.373027891 -0.007821377 -0.089559831 -0.102812946 -0.343539029 0.929187536
1769791197974462720.000000 0.375198096 -0.381099373 -0.013303425 -0.089903869 -0.103593692 -0.341549963 0.929800689
1769791198007785216.000000 0.379667580 -0.382981926 -0.007333186 -0.090126038 -0.102879159 -0.338884890 0.930833101
1769791198041116416.000000 0.389111996 -0.386113614 0.002499975 -0.089868769 -0.103230588 -0.334920615 0.932252824
1769791198107780608.000000 0.406902850 -0.402998745 0.002838071 -0.091383278 -0.102896407 -0.327099264 0.934915781
1769791198207790336.000000 0.430428803 -0.422628433 0.010647321 -0.092739679 -0.101922572 -0.313840985 0.939422727
1769791198274452480.000000 0.449507862 -0.433846265 0.021508180 -0.093518093 -0.101433471 -0.303326845 0.942845941
1769791198307794432.000000 0.458833307 -0.444358140 0.021936972 -0.094280511 -0.101377122 -0.298202991 0.944409251
1769791198341119232.000000 0.465118915 -0.449428350 0.027059747 -0.094570383 -0.100096285 -0.292522132 0.946291745
1769791198407784448.000000 0.480929136 -0.463508904 0.037035681 -0.095739767 -0.098092772 -0.278627485 0.950567484
1769791198507790592.000000 0.516402066 -0.487478614 0.051071253 -0.097236454 -0.097706079 -0.254930973 0.957083523
1769791198541115904.000000 0.524264932 -0.495174050 0.051473871 -0.097633041 -0.096565299 -0.246304885 0.959414899
1769791198574458880.000000 0.531764746 -0.506236136 0.054549828 -0.098847091 -0.095553249 -0.237473160 0.961616099
1769791198607796992.000000 0.541157544 -0.512264132 0.058308870 -0.099434532 -0.094413303 -0.227532357 0.964068472
1769791198641135360.000000 0.557324111 -0.521871567 0.069225945 -0.100201234 -0.094190806 -0.214924514 0.966899872
1769791198674458624.000000 0.565224469 -0.529525399 0.071633197 -0.100753196 -0.092471130 -0.203944758 0.969383597
1769791198774457856.000000 0.600213170 -0.556542516 0.086674742 -0.102423400 -0.090055853 -0.172512576 0.975519776
1769791198807787264.000000 0.597741485 -0.557083011 0.101558290 -0.103373840 -0.085933864 -0.167987630 0.976580501
1769791198841122816.000000 0.606890857 -0.574018002 0.096239358 -0.104615062 -0.084840961 -0.159863889 0.977906585
1769791198874463744.000000 0.612725556 -0.582248151 0.098883189 -0.104961403 -0.083151639 -0.153191999 0.979081810
1769791198907790080.000000 0.619712353 -0.594065487 0.098205179 -0.105988801 -0.081894569 -0.146239713 0.980139613
1769791198941118720.000000 0.642489970 -0.597183645 0.108790338 -0.104377486 -0.082875602 -0.134110078 0.981963158
1769791199041113856.000000 0.680766463 -0.620042264 0.125448957 -0.098784424 -0.083314009 -0.117179513 0.984667182
1769791199074455808.000000 0.686683059 -0.624729276 0.128178060 -0.095427275 -0.081371836 -0.116694428 0.985218108
1769791199107782144.000000 0.694001377 -0.632556915 0.133769572 -0.093170539 -0.079909302 -0.116840638 0.985536397
1769791199141113088.000000 0.706386626 -0.645661116 0.133530080 -0.090654947 -0.079081401 -0.114211127 0.986145854
1769791199174534912.000000 0.719782352 -0.654913187 0.147503838 -0.087739237 -0.078658596 -0.113192216 0.986560762
1769791199207800576.000000 0.724750519 -0.657637000 0.150271386 -0.083749667 -0.076174051 -0.113018163 0.987122297
1769791199307786240.000000 0.737300932 -0.658839345 0.169810727 -0.071975917 -0.067708738 -0.110926442 0.988903582
1769791199374446592.000000 0.738921881 -0.659179211 0.153684959 -0.062528878 -0.059703462 -0.114441194 0.989661038
1769791199407789824.000000 0.728442132 -0.644137681 0.138197899 -0.055316053 -0.053679612 -0.117369421 0.990092516
1769791199441115648.000000 0.720968723 -0.627414465 0.128546223 -0.047424134 -0.047490060 -0.120972253 0.990384459
1769791199474450944.000000 0.749053240 -0.420337558 0.003812131 0.022763753 -0.046227593 -0.102134548 0.993435144
1769791199507782144.000000 0.748696446 -0.424536496 0.000594580 0.026484894 -0.041637138 -0.103920422 0.993360698
1769791199641160192.000000 0.726428747 -0.379265159 -0.043953795 0.046948977 -0.015598577 -0.112965949 0.992366433
1769791199707838208.000000 0.707648993 -0.383138537 -0.035787564 0.049490996 0.002018671 -0.119260840 0.991626680
1769791199741119744.000000 0.688888967 -0.358150661 -0.016224222 0.057268161 0.014743901 -0.117117852 0.991355836
1769791199774451200.000000 0.681243896 -0.344702333 -0.010311295 0.061466798 0.022886271 -0.120495752 0.990544736
1769791199807784960.000000 0.649336636 -0.325544417 0.122190289 0.060249209 0.035653800 -0.137746826 0.987990201
1769791199841114624.000000 0.646802783 -0.325649440 0.130301714 0.061081864 0.042169802 -0.139076844 0.987496018
1769791199907782912.000000 0.655459523 -0.334263772 0.133702204 0.060075298 0.050646801 -0.141266003 0.986848414
1769791199974447872.000000 0.657547057 -0.377245843 0.136248156 0.048074331 0.057244822 -0.146123424 0.986437976
1769791200007787776.000000 0.660168648 -0.387140304 0.132434100 0.045331363 0.060412999 -0.148215950 0.986066639
1769791200041123072.000000 0.657878160 -0.378163338 0.138221934 0.046551600 0.064268529 -0.149569780 0.985561490
1769791200074446080.000000 0.664969206 -0.381877035 0.132177919 0.044843283 0.064819522 -0.149566680 0.985605061
1769791200107790592.000000 0.653342187 -0.386286348 0.149449989 0.040883612 0.068834528 -0.152689397 0.985026062
1769791200174450944.000000 0.648999214 -0.389716387 0.153341234 0.037355162 0.070227116 -0.151466101 0.985256672
1769791200241116672.000000 0.652716041 -0.387450546 0.147621751 0.022243841 0.064163812 -0.143115684 0.987373352
1769791200274450176.000000 0.657205820 -0.391121119 0.152791440 0.009611714 0.058771078 -0.136317030 0.988873720
1769791200307783424.000000 0.659387410 -0.392874509 0.152374282 -0.001429372 0.053218991 -0.129497454 0.990149558
1769791200341125376.000000 0.660405815 -0.382581562 0.156495929 -0.007355104 0.049709953 -0.121536031 0.991314232
1769791200374446592.000000 0.677616239 -0.409048408 0.146168515 -0.019527597 0.041468978 -0.113721490 0.992454767
1769791200441125888.000000 0.694446981 -0.410485476 0.160018727 -0.030427821 0.033650633 -0.099218458 0.994030952
1769791200507823104.000000 0.717974365 -0.419386685 0.152644545 -0.040908355 0.022700194 -0.086216353 0.995177388
1769791200541122560.000000 0.723470867 -0.419394702 0.157346800 -0.044930335 0.020313561 -0.081030108 0.995491207
1769791200574446592.000000 0.740776956 -0.423664093 0.162152141 -0.049130607 0.015147598 -0.074165910 0.995919824
1769791200607823616.000000 0.751889110 -0.429031104 0.166243002 -0.053244922 0.011638139 -0.067327641 0.996241212
1769791200641131008.000000 0.760471225 -0.430404425 0.169297144 -0.056667618 0.008583226 -0.062141351 0.996420443
1769791200707802112.000000 0.780308545 -0.459293723 0.160710096 -0.065731660 0.001146664 -0.052020431 0.996479750
1769791200807783168.000000 0.820400536 -0.472312480 0.170983642 -0.069462262 -0.008072829 -0.035859723 0.996907234
1769791200841115136.000000 0.827530444 -0.481079280 0.181815073 -0.071710534 -0.009392325 -0.031506959 0.996883571
1769791200874448128.000000 0.835352600 -0.484848499 0.183936059 -0.071610890 -0.011139405 -0.028623687 0.996959686
1769791200907778816.000000 0.842764437 -0.500109136 0.177339271 -0.073642336 -0.014025482 -0.025993286 0.996847272
1769791200941117696.000000 0.848120749 -0.501698196 0.181561321 -0.072822772 -0.014729329 -0.023006992 0.996970773
1769791200974458368.000000 0.861413538 -0.500115216 0.193736970 -0.071388900 -0.016668100 -0.019392496 0.997120738
1769791201074455808.000000 0.880343437 -0.523098052 0.194131330 -0.069213189 -0.021086935 -0.012189867 0.997304499
1769791201107783680.000000 0.887680709 -0.527014315 0.198003739 -0.067221746 -0.021870734 -0.009716650 0.997451007
1769791201141113088.000000 0.891027749 -0.522671521 0.200218201 -0.063534275 -0.022309264 -0.009558209 0.997684479
1769791201174452480.000000 0.898623824 -0.541093469 0.194367856 -0.062703848 -0.023587603 -0.004187522 0.997744679
1769791201207785728.000000 0.904066324 -0.543645680 0.202210337 -0.059600607 -0.024095392 -0.002797863 0.997927606
1769791201241137152.000000 0.915830493 -0.553017974 0.205430597 -0.057183649 -0.025914952 -0.000432022 0.998027205
1769791201341117952.000000 0.904434919 -0.525090218 0.192370102 -0.042358596 -0.023859970 -0.003257446 0.998812199
1769791201407785216.000000 0.916183591 -0.525617540 0.196569115 -0.036125392 -0.025287183 -0.001388803 0.999026358
1769791201507784192.000000 0.930771172 -0.540625989 0.201744884 -0.030640446 -0.026017023 0.003332479 0.999186277
1769791201541114368.000000 0.936035156 -0.544890821 0.200801805 -0.028384008 -0.026426697 0.004184218 0.999238968
1769791201574454272.000000 0.939770162 -0.548747182 0.203896254 -0.026587736 -0.026687963 0.003690029 0.999283373
1769791201607784448.000000 0.928754807 -0.543419838 0.196710080 -0.024353854 -0.024954269 0.003813959 0.999384642
1769791201674451968.000000 0.935469747 -0.544332743 0.192330971 -0.019848842 -0.024717387 0.004724771 0.999486327
1769791201707783680.000000 0.936786592 -0.547913015 0.192336217 -0.018468993 -0.024438553 0.006200592 0.999511540
1769791201741114624.000000 0.924774468 -0.548429787 0.187294051 -0.017297579 -0.022568626 0.006395178 0.999575257
1769791201774452992.000000 0.924970508 -0.546909451 0.184804007 -0.015264275 -0.022541989 0.007033971 0.999604642
1769791201807783168.000000 0.924348593 -0.545935929 0.184198648 -0.013527093 -0.022012791 0.007221481 0.999640107
1769791201874445824.000000 0.929370999 -0.548883855 0.183180094 -0.010835730 -0.021839501 0.009243133 0.999660075
1769791201941116928.000000 0.940773547 -0.551831782 0.190340757 -0.008354509 -0.023286315 0.009949572 0.999644458
1769791201974457856.000000 0.941653490 -0.554489970 0.186807767 -0.007485597 -0.022772450 0.009597296 0.999666631
1769791202041122816.000000 0.955564380 -0.550978720 0.208751008 -0.005604010 -0.023216935 0.010138780 0.999663413
1769791202074451712.000000 0.967342734 -0.549843371 0.203720540 -0.003894672 -0.025010379 0.010789550 0.999621451
1769791202107810560.000000 0.946491718 -0.552167177 0.189813018 -0.003196003 -0.022157438 0.011570302 0.999682486
1769791202174458880.000000 0.946400225 -0.552678108 0.187655166 -0.001881547 -0.021039400 0.011585755 0.999709785
1769791202207822336.000000 0.949593365 -0.555349112 0.196470082 -0.002093403 -0.020592688 0.011411418 0.999720633
1769791202241143808.000000 0.955637693 -0.561243892 0.196580231 -0.002840421 -0.021040250 0.011499622 0.999708474
1769791202307781888.000000 0.968156517 -0.543599129 0.207071394 0.001720814 -0.022108601 0.011424922 0.999688804
1769791202374467840.000000 0.966896594 -0.539762557 0.213857695 0.001924413 -0.020847144 0.009175464 0.999738753
1769791202407792896.000000 0.969734192 -0.529915988 0.211903051 0.004497271 -0.020936865 0.009164414 0.999728739
1769791202441129216.000000 0.974534333 -0.537807047 0.201812282 0.003587944 -0.021574859 0.012079757 0.999687850
1769791202507788032.000000 0.990993917 -0.541078031 0.219369516 0.002783989 -0.023375843 0.014268429 0.999621034
1769791202541115648.000000 0.973012209 -0.528138578 0.219070792 0.003447361 -0.020385073 0.012960655 0.999702275
1769791202574458368.000000 0.969348907 -0.527391970 0.212654799 0.003852481 -0.019761510 0.013611673 0.999704719
1769791202607785984.000000 0.978637159 -0.541752279 0.202931583 0.001861921 -0.021148890 0.014063300 0.999675691
1769791202674457344.000000 0.982742786 -0.537007809 0.207128197 0.002869722 -0.019999467 0.013258329 0.999707997
1769791202707783680.000000 0.982726395 -0.533195615 0.214899540 0.002714741 -0.019234639 0.011018475 0.999750674
1769791202741118976.000000 0.984779298 -0.530948579 0.204929754 0.004251258 -0.019449795 0.013139478 0.999715447
1769791202807791872.000000 0.988524139 -0.525791883 0.205801055 0.004163466 -0.019670904 0.013014248 0.999713182
1769791202841111808.000000 0.992633283 -0.522886932 0.207011551 0.004490884 -0.019573446 0.013280463 0.999710202
1769791202874451456.000000 0.989278615 -0.525561392 0.203988329 0.004249965 -0.018659130 0.013220731 0.999729514
1769791202941124352.000000 0.990710199 -0.523908913 0.201189473 0.003769621 -0.017603882 0.013233609 0.999750376
1769791202974452736.000000 0.987701237 -0.526637912 0.202736765 0.003218694 -0.016743235 0.015328556 0.999737144
1769791203007845888.000000 0.990473509 -0.525893509 0.200439602 0.002684201 -0.016933814 0.014316850 0.999750555
1769791203107786240.000000 0.992608368 -0.516736984 0.201557755 0.002961686 -0.016149847 0.014277683 0.999763250
1769791203141131520.000000 0.992179155 -0.517101109 0.199165791 0.002196772 -0.015587185 0.015154529 0.999761283
1769791203174456576.000000 0.994377077 -0.510992885 0.199966043 0.002255340 -0.015611139 0.014774469 0.999766469
1769791203241154304.000000 0.998482227 -0.509394526 0.205061376 0.001065642 -0.015241555 0.014836486 0.999773204
1769791203274449920.000000 0.997278392 -0.505819738 0.204648733 0.000936623 -0.014335202 0.015497890 0.999776721
1769791203307778816.000000 0.999242127 -0.501555622 0.205827668 0.000671006 -0.014424949 0.014199872 0.999794900
1769791203374446080.000000 1.001076102 -0.491128325 0.207072020 0.000279066 -0.014288928 0.013254502 0.999810040
1769791203441122048.000000 0.995076656 -0.498351157 0.199880123 -0.002104447 -0.013074066 0.014002742 0.999814272
1769791203474464768.000000 1.003761888 -0.492178500 0.207933068 -0.002731633 -0.013727264 0.015238069 0.999786019
1769791203507771904.000000 0.999509156 -0.489387900 0.202555284 -0.003082514 -0.013167808 0.012308106 0.999832809
1769791203574449664.000000 1.001731873 -0.462957323 0.203211099 -0.000812110 -0.013297933 0.012083513 0.999838293
1769791203607778304.000000 1.000264168 -0.455319554 0.199768662 -0.001041995 -0.012806302 0.011167891 0.999855101
1769791203641100800.000000 1.001775980 -0.443098247 0.201165050 0.000167744 -0.012910102 0.009825177 0.999868393
1769791203707785728.000000 1.000129580 -0.494180977 0.206964433 -0.009729604 -0.011204237 0.016197758 0.999758720
1769791203741103872.000000 0.998553574 -0.485592127 0.205821991 -0.009610010 -0.010696733 0.014426204 0.999792576
1769791203774436352.000000 0.998991072 -0.442815572 0.196717352 -0.004705147 -0.011068730 0.007614031 0.999898732
1769791203841100032.000000 1.002543330 -0.456866205 0.208027065 -0.008997574 -0.011086131 0.012117571 0.999824703
1769791203874442240.000000 1.010163784 -0.463505536 0.206393585 -0.010632487 -0.011849853 0.014396253 0.999769628
1769791203907771648.000000 1.010051608 -0.458152056 0.208748564 -0.011711071 -0.011821643 0.013415033 0.999771595
1769791203974442240.000000 1.008558750 -0.435014248 0.204199001 -0.010543081 -0.011710506 0.010339071 0.999822378
1769791204007770368.000000 1.008178711 -0.418501049 0.197290435 -0.008729111 -0.011607974 0.009534163 0.999849141
1769791204041100800.000000 1.012205005 -0.415374279 0.206939504 -0.009619592 -0.011758239 0.011717714 0.999815941
1769791204141105920.000000 1.009724975 -0.388798445 0.203419834 -0.010014340 -0.011146256 0.008945650 0.999847770
1769791204174439168.000000 1.010819316 -0.370535582 0.199885488 -0.009225913 -0.010946550 0.007657569 0.999868214
1769791204207773696.000000 1.011145353 -0.365409136 0.201541498 -0.009914080 -0.011001038 0.006704073 0.999867916
1769791204274442240.000000 1.008408427 -0.341423273 0.196753860 -0.008691842 -0.011155275 0.002264883 0.999897480
1769791204307786240.000000 1.007243037 -0.328952670 0.200240210 -0.008445418 -0.010707953 0.000913937 0.999906600
1769791204341097472.000000 1.013236642 -0.315298408 0.194527119 -0.007446119 -0.011698440 0.002733026 0.999900103
1769791204407779328.000000 1.010586619 -0.309061021 0.193965271 -0.009991169 -0.011356451 0.000102434 0.999885619
1769791204474436096.000000 1.010799646 -0.279355824 0.187927544 -0.007881011 -0.011282727 -0.001185706 0.999904573
1769791204507763456.000000 1.006410718 -0.275207043 0.189483762 -0.009361728 -0.010454213 -0.002999567 0.999897063
1769791204541120000.000000 1.004639149 -0.263496727 0.188787982 -0.008683220 -0.010285185 -0.004617285 0.999898791
1769791204574445568.000000 1.005011559 -0.251872659 0.190170094 -0.008312258 -0.010698357 -0.006763658 0.999885380
1769791204607766528.000000 1.004472494 -0.233113959 0.195998177 -0.007054498 -0.010654813 -0.007113297 0.999893069
1769791204707824128.000000 0.996776640 -0.232693151 0.194101930 -0.015063284 -0.009591095 -0.013983369 0.999742806
1769791204741105408.000000 0.999146938 -0.220861331 0.188250959 -0.014250426 -0.010731068 -0.015181625 0.999725640
1769791204774438400.000000 1.003655672 -0.166091010 0.181865960 -0.002346664 -0.010689264 -0.008841334 0.999901056
1769791204907791360.000000 0.997547388 -0.148693234 0.183101803 -0.007413151 -0.010776711 -0.016641693 0.999776006
1769791204941103360.000000 0.993962526 -0.144929841 0.183805659 -0.009005175 -0.010195677 -0.019520346 0.999716938
1769791205041117696.000000 0.987263918 -0.132522464 0.176676288 -0.012093764 -0.010039171 -0.026285704 0.999530911
1769791205074444800.000000 0.983722091 -0.130523950 0.176133409 -0.014066802 -0.009513278 -0.028312689 0.999454916
1769791205107775232.000000 0.982257783 -0.124226861 0.173812404 -0.014545177 -0.009831622 -0.029666003 0.999405742
1769791205141111808.000000 0.978215337 -0.123103693 0.173969716 -0.016717928 -0.009314427 -0.031431813 0.999322653
1769791205174434304.000000 0.978424966 -0.117259979 0.176831052 -0.017966505 -0.009865577 -0.032403532 0.999264717
1769791205207774208.000000 0.974930823 -0.115039259 0.176150456 -0.019874759 -0.009159023 -0.034144789 0.999177337
1769791205307769344.000000 0.973967254 -0.118094414 0.178885847 -0.029314520 -0.010327913 -0.037373859 0.998817921
1769791205341101568.000000 0.965972781 -0.104661793 0.177547783 -0.027685938 -0.008705958 -0.041324250 0.998724222
1769791205374436864.000000 0.965075850 -0.099594645 0.174275756 -0.028246926 -0.008581807 -0.041285973 0.998711169
1769791205407774208.000000 0.962163866 -0.095760271 0.170028776 -0.028972529 -0.007987219 -0.041396908 0.998690724
1769791205441104384.000000 0.962894201 -0.089550935 0.165946305 -0.029515389 -0.008409809 -0.042590957 0.998621106
1769791205474433792.000000 0.951256394 -0.081837550 0.160313904 -0.030504528 -0.005459580 -0.046760712 0.998425305
1769791205574445824.000000 0.943353117 -0.066343553 0.152285397 -0.032335393 -0.002861967 -0.049546562 0.998244166
1769791205607785472.000000 0.935973763 -0.060219515 0.150850534 -0.033785861 -0.001546624 -0.051732145 0.998088181
1769791205641110528.000000 0.932044923 -0.055366285 0.147800058 -0.034475982 -0.001326647 -0.052761722 0.998010933
1769791205674437376.000000 0.928139567 -0.051031154 0.141500503 -0.035070565 -0.001167779 -0.053174589 0.997968554
1769791205707773440.000000 0.925947607 -0.047562182 0.138179541 -0.036173508 -0.001537353 -0.054214641 0.997872710
1769791205741096960.000000 0.922985911 -0.036210719 0.131096661 -0.033912666 -0.001412656 -0.055247575 0.997895658
1769791205841102336.000000 0.914795637 -0.013497316 0.120575078 -0.033279780 -0.000926640 -0.057180397 0.997808635
1769791205907821568.000000 0.910005510 -0.007699408 0.113181286 -0.035091240 -0.000795206 -0.057168230 0.997747421
1769791205941127680.000000 0.906847119 -0.001285385 0.110203154 -0.034835029 -0.000565162 -0.058337685 0.997688830
1769791205974453248.000000 0.904715061 0.003117318 0.106433287 -0.035136703 -0.000358314 -0.059127692 0.997631848
1769791206007778560.000000 0.898777723 0.014566505 0.110676348 -0.034178156 0.000275704 -0.059932306 0.997617126
1769791206041138432.000000 0.894065261 0.019254263 0.108106151 -0.033842862 0.000855693 -0.059617255 0.997647107
1769791206107782656.000000 0.888015807 0.024331987 0.102992460 -0.035498381 0.001141465 -0.060171381 0.997556031
1769791206174454528.000000 0.882890284 0.033152908 0.100086793 -0.035833117 0.000894850 -0.061947618 0.997435570
1769791206207764736.000000 0.879454851 0.041836366 0.100749426 -0.035784945 0.001024095 -0.062634751 0.997394264
1769791206241097984.000000 0.873999238 0.047886718 0.097543769 -0.035091624 0.001781512 -0.063308977 0.997375309
1769791206274439424.000000 0.869469643 0.052182004 0.097336203 -0.035404257 0.002357168 -0.063297845 0.997363746
1769791206307763456.000000 0.865175009 0.056017723 0.093808845 -0.035649281 0.002643460 -0.064620413 0.997269511
1769791206407765504.000000 0.855277896 0.066202708 0.091606937 -0.036650289 0.002855291 -0.065472133 0.997177005
1769791206474439680.000000 0.846211374 0.072030686 0.089826308 -0.037142284 0.003548871 -0.064725108 0.997205377
1769791206574443264.000000 0.834904730 0.083330639 0.087349780 -0.036357138 0.003764355 -0.065196872 0.997202754
1769791206607774464.000000 0.832283020 0.087470293 0.085295349 -0.036972735 0.003343994 -0.066956289 0.997065067
1769791206707769600.000000 0.820886254 0.094510838 0.081530958 -0.036662128 0.002317369 -0.066480435 0.997111320
1769791206774432768.000000 0.812767327 0.098967969 0.078725651 -0.036637302 0.002389989 -0.066734910 0.997094989
1769791206807768320.000000 0.809676528 0.098640509 0.077468157 -0.037629083 0.002347414 -0.067132242 0.997031569
1769791206841138432.000000 0.802803040 0.102563009 0.076452859 -0.037080366 0.003526745 -0.068257168 0.996972203
1769791206874442496.000000 0.798310280 0.105380751 0.074375279 -0.036653459 0.004291662 -0.067111365 0.997062802
1769791206907766016.000000 0.795597017 0.107695647 0.073528908 -0.036535077 0.004150370 -0.066833310 0.997086406
1769791206941110016.000000 0.792749524 0.108748749 0.074602850 -0.036774464 0.004014355 -0.066781290 0.997081637
1769791207041101568.000000 0.779682696 0.114477336 0.072602011 -0.035960779 0.004545890 -0.065860473 0.997170329
1769791207074432512.000000 0.771191537 0.111501656 0.069329292 -0.037118196 0.005679375 -0.066869557 0.997054935
1769791207107765248.000000 0.770280838 0.113708317 0.071472898 -0.036635902 0.004559137 -0.066614978 0.997095525
1769791207141103104.000000 0.769901812 0.114551969 0.072266832 -0.036717944 0.003558883 -0.066414408 0.997110009
1769791207174429440.000000 0.760650814 0.110927343 0.064017475 -0.038301695 0.004131936 -0.067634918 0.996966124
1769791207207770624.000000 0.756814063 0.116129614 0.064315349 -0.036346782 0.004567997 -0.066074550 0.997142017
1769791207274433536.000000 0.747543573 0.116117880 0.061219707 -0.036075357 0.004570677 -0.066044450 0.997153938
1769791207374434816.000000 0.738123894 0.119565725 0.062950507 -0.034146305 0.002861427 -0.064943478 0.997300506
1769791207407770112.000000 0.736055970 0.116913393 0.060468514 -0.034488890 0.002265129 -0.064311326 0.997331202
1769791207441108224.000000 0.729348242 0.114633769 0.055883259 -0.034595836 0.002828416 -0.064249374 0.997330070
1769791207474438400.000000 0.721981764 0.101378828 0.055125423 -0.038646329 0.003115941 -0.066575743 0.997027814
1769791207507772160.000000 0.718972385 0.099492304 0.055389702 -0.038888786 0.002649585 -0.065968372 0.997060120
1769791207541120000.000000 0.714286566 0.100469075 0.058041468 -0.037867069 0.002844146 -0.065938555 0.997100830
1769791207641116672.000000 0.704110742 0.094571061 0.055445865 -0.036897220 0.000488229 -0.065061398 0.997198820
1769791207707768064.000000 0.698868155 0.089698970 0.054876663 -0.036328755 -0.001492653 -0.064640000 0.997246087
1769791207741106688.000000 0.689299464 0.086439759 0.050228450 -0.036055457 -0.000705431 -0.065202460 0.997220218
1769791207774431488.000000 0.681266367 0.080479063 0.047992308 -0.036984000 0.000012332 -0.065118559 0.997191966
1769791207807770624.000000 0.681559920 0.084028594 0.047883220 -0.034436587 -0.001734177 -0.063616931 0.997378588
1769791207841096448.000000 0.673825324 0.072487302 0.043342751 -0.036579210 -0.001275535 -0.063378036 0.997318208
1769791207907765504.000000 0.666817605 0.065546274 0.040953446 -0.035829272 -0.002716230 -0.061493553 0.997460544
1769791207974440704.000000 0.658847988 0.058892813 0.041632362 -0.034787156 -0.004198710 -0.061727621 0.997477770
1769791208007776256.000000 0.655398905 0.055519853 0.041932981 -0.034321014 -0.004783023 -0.060615368 0.997559488
1769791208041100288.000000 0.649471581 0.055181272 0.040683780 -0.032420270 -0.004454498 -0.060080588 0.997657001
1769791208074430208.000000 0.648243725 0.054255720 0.037756950 -0.030597327 -0.006094265 -0.058437467 0.997803509
1769791208107828736.000000 0.642430007 0.048083782 0.038803242 -0.030820105 -0.005867589 -0.057395112 0.997858465
1769791208174472448.000000 0.625210464 0.028891858 0.031907421 -0.032961272 -0.004720580 -0.055841528 0.997884274
1769791208241118976.000000 0.617674351 0.019798743 0.023683455 -0.031304948 -0.005905590 -0.053712748 0.998048127
1769791208274446336.000000 0.611289620 0.014746140 0.026197966 -0.030790891 -0.005778126 -0.052778356 0.998114705
1769791208307798272.000000 0.608640134 0.009233597 0.023456009 -0.030149195 -0.006554204 -0.051188987 0.998212337
1769791208341119232.000000 0.604224265 0.003834106 0.019790394 -0.029345891 -0.007192158 -0.049408797 0.998321593
1769791208374435840.000000 0.599160612 -0.001529598 0.016470071 -0.028721131 -0.007831281 -0.048897915 0.998360038
1769791208441116928.000000 0.595020175 -0.008580977 0.009234383 -0.025515549 -0.010035172 -0.046221435 0.998554885
1769791208541100288.000000 0.587971985 -0.020021083 -0.002088456 -0.020444144 -0.012825767 -0.041054763 0.998865366
1769791208574436096.000000 0.587008297 -0.021201814 -0.004884328 -0.018373961 -0.013950556 -0.039473511 0.998954296
1769791208607769600.000000 0.582937300 -0.028000241 -0.011310554 -0.017271370 -0.015009838 -0.038061429 0.999013424
1769791208707768320.000000 0.557529449 -0.056101948 -0.028097887 -0.015929492 -0.012811606 -0.033395201 0.999233127
1769791208741098496.000000 0.556226254 -0.058954213 -0.029798552 -0.014163853 -0.013924727 -0.032395139 0.999277771
1769791208841101056.000000 0.541870832 -0.084036529 -0.047734614 -0.010784214 -0.014974374 -0.024717901 0.999524117
1769791208874429696.000000 0.541127622 -0.084545262 -0.051273871 -0.008272491 -0.016099241 -0.024278328 0.999541402
1769791208907771904.000000 0.537541330 -0.093218826 -0.053812690 -0.006660508 -0.017105922 -0.022221273 0.999584556
1769791208941099520.000000 0.532553732 -0.111625329 -0.056820661 -0.008908357 -0.017917005 -0.021663152 0.999565065
1769791208974436096.000000 0.530898809 -0.112986103 -0.061010897 -0.005483152 -0.019219477 -0.021803396 0.999562562
1769791209007767296.000000 0.519410908 -0.117011681 -0.076660782 -0.000484088 -0.018124171 -0.020069702 0.999634206
1769791209107770368.000000 0.517216802 -0.147004738 -0.088320747 0.005585765 -0.023818811 -0.018266818 0.999533772
1769791209141103872.000000 0.518958628 -0.145056948 -0.092535809 0.011401831 -0.026126351 -0.017395662 0.999442279
1769791209174438144.000000 0.516954899 -0.149771407 -0.099256471 0.015361084 -0.028678978 -0.017849263 0.999311268
1769791209207774720.000000 0.518704593 -0.145204619 -0.103249170 0.021694515 -0.031509962 -0.016734321 0.999127865
1769791209241104896.000000 0.516658664 -0.148882747 -0.107807301 0.025584381 -0.033557218 -0.016509529 0.998972893
1769791209274446592.000000 0.515391529 -0.147982985 -0.112876356 0.030675055 -0.035514083 -0.015548285 0.998777270
1769791209374436864.000000 0.507398367 -0.233935088 -0.113781430 0.019610407 -0.044379100 -0.023571372 0.998544097
1769791209407766016.000000 0.504253209 -0.225816384 -0.116240017 0.026413573 -0.045787789 -0.022821648 0.998341143
1769791209441107456.000000 0.505288243 -0.219966039 -0.120293096 0.032784618 -0.047849592 -0.022722235 0.998057783
1769791209474469376.000000 0.503983140 -0.211173162 -0.120600373 0.040027745 -0.049241204 -0.021907926 0.997744083
1769791209507772416.000000 0.298285007 -0.436683983 -0.122205734 -0.013627407 -0.018942932 -0.044628691 0.998731077
1769791209541118208.000000 0.298745275 -0.431215465 -0.125041857 -0.007543373 -0.022235639 -0.043672509 0.998769999
1769791209674481152.000000 0.301735759 -0.403723955 -0.075344644 0.005426500 -0.037885007 -0.022853948 0.999005973
1769791209707779840.000000 0.299117059 -0.387895375 -0.074678861 0.013738549 -0.041903585 -0.020093413 0.998825133
1769791209741096960.000000 0.296197146 -0.374565095 -0.069751605 0.020803222 -0.046273176 -0.020970983 0.998492002
1769791209774443008.000000 0.296189874 -0.344876111 -0.069410071 0.033003800 -0.050724585 -0.018495036 0.997995853
1769791209807782144.000000 0.288424283 -0.487715781 -0.060518946 -0.004371936 -0.053914245 -0.008645975 0.998498559
1769791209841108736.000000 0.288638264 -0.480963975 -0.071451455 0.001520633 -0.058539700 -0.006200020 0.998264670
1769791209941098240.000000 0.282868028 -0.497070074 -0.091443293 0.003840485 -0.072430976 -0.003724433 0.997359097
1769791209974430464.000000 0.283008367 -0.501866043 -0.095566869 0.004091914 -0.077102877 -0.001614583 0.997013450
1769791210007768832.000000 0.280596972 -0.505874217 -0.099433258 0.004607284 -0.080230743 0.001412822 0.996764719
1769791210041101312.000000 0.278902262 -0.507759809 -0.100132637 0.004803714 -0.083547428 0.004488518 0.996482134
1769791210074435840.000000 0.279781371 -0.498581082 -0.103549451 0.007183066 -0.086866572 0.003940303 0.996186256
1769791210107762176.000000 0.278582484 -0.501806855 -0.100946188 0.006193408 -0.088471860 0.006905785 0.996035457
1769791210207767296.000000 0.276818484 -0.501266599 -0.098334737 0.002443739 -0.088992923 0.014726982 0.995920420
1769791210274431488.000000 0.271348625 -0.504035294 -0.093137272 -0.002352722 -0.083996467 0.013759024 0.996368289
1769791210307767296.000000 0.271367073 -0.503813982 -0.073103540 -0.015400243 -0.082030080 0.012666632 0.996430337
1769791210341093376.000000 0.272260904 -0.500746429 -0.072012171 -0.026947333 -0.080690578 0.012052111 0.996302009
1769791210374430976.000000 0.268212110 -0.499058396 -0.066730388 -0.037351403 -0.078721821 0.010404241 0.996142328
1769791210407764224.000000 0.261341453 -0.498752415 -0.059318155 -0.047194481 -0.076353572 0.009389129 0.995919049
1769791210474440192.000000 0.245737463 -0.516698003 -0.065559402 -0.062844746 -0.072065525 0.006705718 0.995395482
1769791210541099776.000000 0.229897395 -0.532473922 -0.064284965 -0.075174719 -0.067970857 0.004838993 0.994839430
1769791210574426368.000000 0.220682174 -0.536454499 -0.053576905 -0.080811419 -0.066168457 0.004139247 0.994522095
1769791210607766528.000000 0.212397382 -0.546086788 -0.055735696 -0.086652420 -0.064184107 0.002660489 0.994165361
1769791210641095424.000000 0.205074504 -0.550034285 -0.054919548 -0.090133481 -0.062987164 0.001554417 0.993934691
1769791210674431232.000000 0.203952521 -0.541864276 -0.060457710 -0.089344330 -0.062030636 0.004402563 0.994057596
1769791210741115648.000000 0.190892950 -0.562735558 -0.060110703 -0.097439334 -0.058972664 0.003577481 0.993486345
1769791210807777792.000000 0.172145233 -0.581994414 -0.054320235 -0.103045873 -0.055818222 0.001437348 0.993108213
1769791210841096704.000000 0.165157288 -0.592949629 -0.053145275 -0.105769642 -0.054755371 -0.000004193 0.992882013
1769791210874442752.000000 0.159480602 -0.616489887 -0.053501315 -0.110989057 -0.054133445 -0.002392179 0.992343366
1769791210907768576.000000 0.156319380 -0.621849477 -0.054375794 -0.111236610 -0.053047512 -0.001564053 0.992375910
1769791210941139968.000000 0.150844201 -0.629681587 -0.061848022 -0.110769093 -0.051125452 0.001708670 0.992528856
1769791211041096448.000000 0.128446624 -0.657775998 -0.050254963 -0.112838693 -0.048125710 -0.003781169 0.992439985
1769791211074451456.000000 0.120716922 -0.666869223 -0.049507029 -0.112541676 -0.046535704 -0.004741407 0.992545426
1769791211107776768.000000 0.111600980 -0.673416913 -0.043807242 -0.111829378 -0.045116574 -0.006599801 0.992680848
1769791211174444288.000000 0.100362763 -0.685610354 -0.040147867 -0.108214222 -0.042985611 -0.007552417 0.993169188
1769791211207778048.000000 0.092741698 -0.695116043 -0.039805386 -0.107479542 -0.041406374 -0.008287630 0.993310153
1769791211241110272.000000 0.096088834 -0.700988531 -0.038430054 -0.105716050 -0.041147016 -0.003964871 0.993536770
1769791211341095168.000000 0.088898540 -0.721743822 -0.051346458 -0.100568265 -0.038276564 -0.001186817 0.994192958
1769791211374427904.000000 0.094320491 -0.702977479 -0.042256191 -0.096531890 -0.038957834 -0.004403674 0.994557440
1769791211407759104.000000 0.084303312 -0.734072804 -0.059454400 -0.097849987 -0.036709461 0.000298219 0.994523883
1769791211474428160.000000 0.096287429 -0.689577639 -0.035928495 -0.089487359 -0.038335487 -0.006347752 0.995229721
1769791211507763712.000000 0.100468010 -0.685994267 -0.030518135 -0.087458737 -0.038591646 -0.006408500 0.995399714
1769791211541094656.000000 0.101985969 -0.680734694 -0.025489153 -0.085391521 -0.038557675 -0.006863044 0.995577455
1769791211674467584.000000 0.101288281 -0.679297864 -0.025048990 -0.079197258 -0.037545063 -0.006960453 0.996127367
1769791211707817984.000000 0.098996274 -0.680825830 -0.024554037 -0.078423902 -0.036922108 -0.007618025 0.996207058
1769791211741142784.000000 0.102823608 -0.677540541 -0.020283952 -0.077025481 -0.037392274 -0.007630220 0.996298492
1769791211774470144.000000 0.097847909 -0.697781861 -0.034371760 -0.078738041 -0.036891006 -0.005181297 0.996199071
1769791211974469120.000000 0.099118069 -0.688595712 -0.028979026 -0.074381948 -0.036411796 -0.005940623 0.996547163
1769791212007816960.000000 0.098576032 -0.688916504 -0.029131709 -0.074486569 -0.036232993 -0.005740970 0.996547043
1769791212041161728.000000 0.096002139 -0.692615032 -0.031735320 -0.074604474 -0.035857357 -0.005596919 0.996552706
1769791212074489600.000000 0.096845351 -0.691442072 -0.029415924 -0.073606327 -0.036075078 -0.005739384 0.996618211
1769791212107808512.000000 0.098986752 -0.688409030 -0.025974335 -0.072104767 -0.036317606 -0.005902664 0.996718228
1769791212141136384.000000 0.097523816 -0.693573892 -0.031031746 -0.071875900 -0.036161996 -0.005256032 0.996743977
1769791212241144064.000000 0.102147244 -0.690422356 -0.026466763 -0.070212170 -0.036887880 -0.005083117 0.996836901
1769791212274473472.000000 0.100334398 -0.689170957 -0.026817841 -0.069847152 -0.036492821 -0.005162497 0.996876657
1769791212307798784.000000 0.101479322 -0.690573633 -0.028402273 -0.069748208 -0.036921009 -0.004720246 0.996869981
1769791212341141504.000000 0.099968731 -0.691768944 -0.028947167 -0.069574572 -0.036861587 -0.004740943 0.996884227
1769791212374472448.000000 0.101779290 -0.690425694 -0.025102545 -0.069187552 -0.037025873 -0.004494204 0.996906221
1769791212407796480.000000 0.101341411 -0.689489543 -0.027243650 -0.068596505 -0.036904216 -0.004735786 0.996950448
1769791212474468352.000000 0.099866420 -0.689199269 -0.026543325 -0.068425804 -0.036937643 -0.004270379 0.996963084
1769791212507801344.000000 0.102059193 -0.688933074 -0.025740495 -0.068400294 -0.037423395 -0.004052573 0.996947646
1769791212541136128.000000 0.102534644 -0.689040661 -0.025879888 -0.068330966 -0.037481807 -0.004113231 0.996949911
1769791212574467584.000000 0.101169996 -0.688261628 -0.025922732 -0.068291783 -0.037228707 -0.004203428 0.996961713
1769791212607802112.000000 0.099778719 -0.689373553 -0.028297190 -0.068789542 -0.037176754 -0.004455881 0.996928334
1769791212641132288.000000 0.101030126 -0.688579023 -0.026656929 -0.069055647 -0.037359186 -0.004365727 0.996903479
1769791212707815424.000000 0.100273386 -0.686737597 -0.026228372 -0.068828806 -0.037458215 -0.003829780 0.996917665
1769791212741132288.000000 0.098730683 -0.688989222 -0.028527668 -0.069339447 -0.037172589 -0.004168833 0.996891677
1769791212774464000.000000 0.100761071 -0.686868668 -0.026047021 -0.069356784 -0.037269991 -0.003960627 0.996887624
1769791212807804672.000000 0.099988878 -0.686689198 -0.028061474 -0.069743223 -0.037216898 -0.004123882 0.996862054
1769791212841142528.000000 0.099225245 -0.687895298 -0.028549902 -0.070453763 -0.037199255 -0.003689759 0.996814430
1769791212874469120.000000 0.098590933 -0.685660541 -0.027679006 -0.070500568 -0.037320178 -0.004161893 0.996804714
1769791212941132544.000000 0.096223548 -0.684585810 -0.027838701 -0.071116954 -0.036997534 -0.003788539 0.996774435
1769791213041147648.000000 0.097140081 -0.681527495 -0.026739314 -0.072146527 -0.037038073 -0.004198067 0.996697307
1769791213074467328.000000 0.091204867 -0.695636153 -0.042260356 -0.074357733 -0.036413338 -0.003677004 0.996559858
1769791213107799040.000000 0.089575015 -0.693962634 -0.043289591 -0.074817248 -0.036265735 -0.004216895 0.996528685
1769791213141132032.000000 0.089514881 -0.693389654 -0.043009765 -0.075142913 -0.036277581 -0.004198409 0.996503830
1769791213174469888.000000 0.091503352 -0.693976045 -0.040732209 -0.075725444 -0.036514241 -0.003716273 0.996453047
1769791213241140224.000000 0.090648197 -0.693192005 -0.042192113 -0.076650910 -0.036160480 -0.003275436 0.996396661
1769791213307823104.000000 0.091574013 -0.691513717 -0.039528910 -0.077710338 -0.036138542 -0.003155069 0.996315837
1769791213407798528.000000 0.092588544 -0.692328811 -0.039185598 -0.080028817 -0.036594518 -0.003072687 0.996115863
1769791213441141248.000000 0.093143553 -0.693125486 -0.037735738 -0.081023216 -0.036515009 -0.002641055 0.996039629
1769791213474487552.000000 0.092473716 -0.693717659 -0.041061297 -0.081692554 -0.036373027 -0.002729258 0.995989978
1769791213507800320.000000 0.092584968 -0.692555964 -0.041356482 -0.082204007 -0.036190215 -0.003104450 0.995953441
1769791213541136384.000000 0.092504159 -0.692681015 -0.040980078 -0.082823478 -0.035816282 -0.002802463 0.995916486
1769791213574473472.000000 0.093194604 -0.691025972 -0.037212405 -0.083401710 -0.035792504 -0.002805084 0.995869160
1769791213674465280.000000 0.092937663 -0.691236854 -0.038423233 -0.085527703 -0.035896216 -0.002847053 0.995684922
1769791213707796224.000000 0.093153104 -0.692467451 -0.039259717 -0.086442918 -0.035963610 -0.003385602 0.995601773
1769791213741132032.000000 0.093431167 -0.691718519 -0.040260192 -0.087007701 -0.035825692 -0.003099157 0.995558500
1769791213807795712.000000 0.093429260 -0.690232992 -0.038209595 -0.088433027 -0.035586040 -0.003354674 0.995440602
1769791213841131008.000000 0.086927071 -0.693608165 -0.050190508 -0.089058049 -0.034724999 -0.003444955 0.995414972
1769791213874472192.000000 0.087900609 -0.689821601 -0.049835805 -0.089541674 -0.034906227 -0.003788498 0.995364010
1769791213974468608.000000 0.087458275 -0.690297067 -0.050459832 -0.092059642 -0.034405727 -0.003466730 0.995152891
1769791214007798528.000000 0.087061882 -0.691231012 -0.049568322 -0.092707753 -0.034252673 -0.003346565 0.995098412
1769791214041133824.000000 0.087110244 -0.691229641 -0.052990109 -0.093218267 -0.034126647 -0.003103702 0.995055914
1769791214107814400.000000 0.089135416 -0.690282106 -0.049825490 -0.094824180 -0.034205984 -0.003408355 0.994900405
1769791214141131776.000000 0.087146655 -0.694204330 -0.053400811 -0.096163973 -0.033925813 -0.003397903 0.994781435
1769791214174486016.000000 0.090838119 -0.690619409 -0.049535077 -0.096260190 -0.034251262 -0.003663127 0.994759977
1769791214274463744.000000 0.087369300 -0.693512022 -0.053409427 -0.098812342 -0.033565715 -0.003532296 0.994533598
1769791214307804672.000000 0.085756890 -0.695096433 -0.055431247 -0.099931337 -0.033226807 -0.003603233 0.994432867
1769791214341132544.000000 0.085106023 -0.693616986 -0.056034893 -0.100499272 -0.032844763 -0.003757258 0.994387805
1769791214374472704.000000 0.088538468 -0.688295722 -0.050434045 -0.100672625 -0.033042014 -0.003443595 0.994364858
1769791214407814912.000000 0.088347189 -0.690195262 -0.052302998 -0.101389483 -0.032832649 -0.002950394 0.994300544
1769791214441188352.000000 0.085427292 -0.692076206 -0.057661057 -0.102257222 -0.032531690 -0.003350988 0.994220257
1769791214541132800.000000 0.059183065 -0.692802548 -0.073075227 -0.104487494 -0.029001988 -0.002850635 0.994099140
1769791214574469376.000000 0.061625138 -0.688566327 -0.074882649 -0.104669079 -0.029087799 -0.003117696 0.994076788
1769791214607800832.000000 0.062368333 -0.685106337 -0.075605273 -0.105025671 -0.028890701 -0.003153824 0.994044840
1769791214641150464.000000 0.063476808 -0.677587807 -0.076086290 -0.104849793 -0.028771995 -0.003961363 0.994063914
1769791214674482688.000000 0.064598434 -0.670369804 -0.074768022 -0.104852110 -0.028914018 -0.005184938 0.994053900
1769791214707823616.000000 0.067002021 -0.660410047 -0.073322877 -0.104142882 -0.028856369 -0.005449453 0.994128704
1769791214774463232.000000 0.071400985 -0.646664381 -0.072042234 -0.103829317 -0.028868636 -0.006654187 0.994153857
1769791214841145856.000000 0.079539202 -0.630421102 -0.070836559 -0.102988154 -0.029291216 -0.004284320 0.994242013
1769791214874473472.000000 0.081751496 -0.626084805 -0.072256945 -0.102802806 -0.029068252 -0.003891252 0.994269371
1769791214907805184.000000 0.063905239 -0.664698422 -0.052872889 -0.117209814 -0.024710065 -0.008436145 0.992763937
1769791214941145600.000000 0.062221713 -0.663006246 -0.055904653 -0.117799774 -0.024105189 -0.008817827 0.992705643
1769791214974478080.000000 0.063461609 -0.664556444 -0.056275468 -0.118763871 -0.024218690 -0.009309184 0.992583454
1769791215041143296.000000 0.065565489 -0.658394396 -0.061271109 -0.118922971 -0.024209814 -0.009472521 0.992563128
1769791215141130752.000000 0.105746873 -0.584415793 -0.073719084 -0.103073642 -0.029767843 -0.005199106 0.994214594
1769791215174464512.000000 0.107595116 -0.579753399 -0.074800111 -0.103015713 -0.029747728 -0.005306284 0.994220674
1769791215207795712.000000 0.110663161 -0.575711370 -0.074268535 -0.103304364 -0.029852994 -0.005319167 0.994187474
1769791215241138432.000000 0.112125665 -0.573611081 -0.074501231 -0.103809595 -0.029827852 -0.005759354 0.994133174
1769791215274466304.000000 0.117224574 -0.566209614 -0.073291533 -0.103311613 -0.030021226 -0.005842714 0.994178712
1769791215307798016.000000 0.120394655 -0.561154902 -0.073714934 -0.103099711 -0.029798042 -0.005747708 0.994207978
1769791215407806976.000000 0.129038408 -0.552458286 -0.074063078 -0.103566028 -0.030321823 -0.005734235 0.994143784
1769791215441142784.000000 0.130497605 -0.545458853 -0.070485421 -0.103072286 -0.030086197 -0.006920442 0.994194686
1769791215474468352.000000 0.136340424 -0.544251084 -0.068001837 -0.103867956 -0.030568449 -0.005614739 0.994105399
1769791215507800320.000000 0.140023321 -0.559824586 -0.072453350 -0.106422968 -0.029907666 -0.004313031 0.993861735
1769791215541133312.000000 0.143858135 -0.556098044 -0.071461029 -0.106473833 -0.030309105 -0.004460996 0.993843496
1769791215574462976.000000 0.144651294 -0.552984595 -0.075373083 -0.106126696 -0.030275321 -0.005307662 0.993877470
1769791215674473216.000000 0.156461135 -0.543564081 -0.071692057 -0.106373340 -0.030447431 -0.005818437 0.993842959
1769791215707803136.000000 0.159281537 -0.543394327 -0.072396562 -0.106570736 -0.030519174 -0.004544570 0.993826330
1769791215741133568.000000 0.162770048 -0.538457930 -0.067020528 -0.106403440 -0.030481525 -0.004820274 0.993844092
1769791215774469632.000000 0.167267263 -0.535156310 -0.068883225 -0.106254838 -0.030716045 -0.004906374 0.993852317
1769791215807796224.000000 0.166006804 -0.534713328 -0.065458894 -0.106934443 -0.029945049 -0.005695456 0.993798733
1769791215841128192.000000 0.170026600 -0.529709816 -0.065252848 -0.106350958 -0.030171214 -0.005796207 0.993853927
1769791215974467072.000000 0.180634171 -0.511430264 -0.072257347 -0.104688235 -0.030983310 -0.006534661 0.994000852
1769791216007806720.000000 0.183254451 -0.509684026 -0.071075983 -0.104901537 -0.031012012 -0.006984962 0.993974447
1769791216041133568.000000 0.185580865 -0.507934928 -0.070729606 -0.104981318 -0.030622713 -0.007101200 0.993977249
1769791216074466816.000000 0.188948870 -0.506008565 -0.070775367 -0.104904637 -0.030460639 -0.006941398 0.993991435
1769791216107800064.000000 0.191002473 -0.505360126 -0.067984514 -0.105232000 -0.030034877 -0.006201051 0.993974686
1769791216141135104.000000 0.192988381 -0.503481388 -0.068984807 -0.105141565 -0.030356659 -0.007074910 0.993968666
1769791216241131008.000000 0.201597631 -0.499868929 -0.065497689 -0.105123378 -0.030533142 -0.006934911 0.993966162
1769791216274461696.000000 0.206402391 -0.500105977 -0.066750593 -0.105053753 -0.031102471 -0.006430519 0.993959248
1769791216307800064.000000 0.211492524 -0.497715235 -0.064741775 -0.104774468 -0.031531181 -0.006666270 0.993973732
1769791216341142528.000000 0.213764265 -0.496742874 -0.064926662 -0.104734100 -0.031329222 -0.006607865 0.993984699
1769791216374461696.000000 0.216648713 -0.496545404 -0.062268406 -0.105025128 -0.031343427 -0.006041547 0.993957162
1769791216407818240.000000 0.219544470 -0.494586676 -0.060187936 -0.104948774 -0.031459305 -0.006237496 0.993960381
1769791216507843584.000000 0.226683587 -0.495947719 -0.063295908 -0.105504476 -0.031524885 -0.006624090 0.993896902
1769791216541145088.000000 0.227815449 -0.496177077 -0.063473113 -0.105543263 -0.031492367 -0.007059410 0.993890882
1769791216574465536.000000 0.230596796 -0.496505439 -0.062953353 -0.105700858 -0.031389959 -0.006842042 0.993878841
1769791216607815936.000000 0.231138930 -0.496964902 -0.061891705 -0.105955623 -0.030779842 -0.006806050 0.993871093
1769791216674492160.000000 0.236490294 -0.497403741 -0.062824637 -0.105853364 -0.031204989 -0.006753957 0.993869126
1769791216707808000.000000 0.236756578 -0.497398794 -0.061362725 -0.105930135 -0.030426646 -0.007212037 0.993881822
1769791216874466304.000000 0.248117760 -0.496854693 -0.058746837 -0.105515838 -0.030590639 -0.007355467 0.993919790
1769791216907801600.000000 0.248307019 -0.501179397 -0.062255852 -0.105965152 -0.030377388 -0.007322660 0.993878782
1769791216974470144.000000 0.256121874 -0.502737403 -0.062998891 -0.106055826 -0.031539757 -0.006615520 0.993837893
1769791217007799296.000000 0.259873301 -0.497824728 -0.054874517 -0.105598390 -0.031488180 -0.006706476 0.993887544
1769791217074470912.000000 0.266359150 -0.496114016 -0.050372124 -0.105873406 -0.032391828 -0.007554123 0.993823230
1769791217107809024.000000 0.270738572 -0.498807818 -0.052135576 -0.105770454 -0.032658659 -0.005474209 0.993839085
1769791217141144064.000000 0.272136301 -0.498894513 -0.051841483 -0.105717823 -0.032368135 -0.005829114 0.993852198
1769791217174468096.000000 0.275094390 -0.499990016 -0.051518206 -0.105739020 -0.032613274 -0.005622302 0.993843079
1769791217207833856.000000 0.275713950 -0.500886023 -0.051240258 -0.105885774 -0.032484613 -0.005873771 0.993830204
1769791217274468608.000000 0.277943283 -0.501447499 -0.051111285 -0.105505891 -0.032027602 -0.005625031 0.993886888
1769791217341155584.000000 0.280715376 -0.502093315 -0.049370516 -0.105484121 -0.031709921 -0.005761072 0.993898630
1769791217374461952.000000 0.282382518 -0.502320051 -0.046957970 -0.105625421 -0.031755514 -0.005853511 0.993881583
1769791217407808768.000000 0.283473015 -0.505896688 -0.050308794 -0.106080607 -0.031825759 -0.005986928 0.993830144
1769791217441140736.000000 0.286743283 -0.505389929 -0.050117336 -0.105571479 -0.031817447 -0.005707033 0.993886232
1769791217507810304.000000 0.286160767 -0.507739365 -0.051171817 -0.105831392 -0.031352203 -0.006174217 0.993870556
1769791217541137920.000000 0.287186682 -0.507258058 -0.053694159 -0.105122752 -0.031413317 -0.005979417 0.993945062
1769791217641129216.000000 0.300263137 -0.512341619 -0.048856117 -0.105990790 -0.033762231 -0.004488700 0.993783653
1769791217674471168.000000 0.306867987 -0.511995614 -0.047545128 -0.105697267 -0.035022128 -0.003517692 0.993775249
1769791217707813376.000000 0.303576022 -0.512570858 -0.047653008 -0.105710261 -0.034202766 -0.004259353 0.993799508
1769791217741128960.000000 0.305784672 -0.513115764 -0.047356334 -0.105667241 -0.034554705 -0.004566459 0.993790507
1769791217807812864.000000 0.308388114 -0.511483610 -0.043562621 -0.105567582 -0.034360901 -0.005169061 0.993804872
1769791217841159680.000000 0.310571522 -0.512004375 -0.042536549 -0.105562016 -0.034666631 -0.004626267 0.993797541
1769791217941134848.000000 0.314252019 -0.513571799 -0.044104028 -0.105170816 -0.035716470 -0.004965720 0.993800223
1769791217974463744.000000 0.313931555 -0.515390515 -0.041032504 -0.105533466 -0.034987621 -0.004345949 0.993790627
1769791218007800064.000000 0.315728128 -0.516057312 -0.037040483 -0.105673864 -0.035372965 -0.004420790 0.993761718
1769791218041130752.000000 0.313533753 -0.513246417 -0.034792319 -0.105087057 -0.035350718 -0.005901499 0.993817031
1769791218074464512.000000 0.314301401 -0.516443253 -0.035760887 -0.105644323 -0.035750013 -0.005600950 0.993745387
1769791218107795456.000000 0.319704384 -0.516326904 -0.035185318 -0.105549946 -0.036462374 -0.004835900 0.993733585
1769791218207803904.000000 0.321152925 -0.520137310 -0.039236657 -0.105582312 -0.035284616 -0.004145463 0.993775725
1769791218274462464.000000 0.324953377 -0.521322906 -0.041250493 -0.105335183 -0.035995971 -0.003714304 0.993778169
1769791218307805440.000000 0.324717551 -0.521749079 -0.044031065 -0.105295025 -0.036003936 -0.004296873 0.993779838
1769791218341134080.000000 0.325740069 -0.520809054 -0.046305619 -0.104883112 -0.036117833 -0.003960681 0.993820608
1769791218374466816.000000 0.325397909 -0.521380782 -0.049840387 -0.104717441 -0.035842463 -0.003858601 0.993848443
1769791218407795968.000000 0.327615231 -0.520972252 -0.052728042 -0.104193449 -0.036067072 -0.003442676 0.993896902
1769791218474461696.000000 0.327280849 -0.520760536 -0.057467207 -0.103699245 -0.035550166 -0.003427249 0.993967295
1769791218574463744.000000 0.329021126 -0.518679857 -0.044812571 -0.103819653 -0.036019582 -0.002966138 0.993939281
1769791218607795712.000000 0.327540815 -0.518353045 -0.044664301 -0.104191169 -0.036149640 -0.004666530 0.993889153
1769791218641128192.000000 0.330213785 -0.520254970 -0.046859980 -0.104117706 -0.036287349 -0.003462290 0.993896782
1769791218674468096.000000 0.331455648 -0.518772900 -0.043947741 -0.103818886 -0.036589790 -0.003413019 0.993917108
1769791218707793408.000000 0.330230206 -0.517894149 -0.043127913 -0.103738911 -0.036187928 -0.003912263 0.993938327
1769791218874538496.000000 0.332210124 -0.524702907 -0.045319684 -0.104713842 -0.036479454 -0.003535378 0.993826866
1769791218907823360.000000 0.330876082 -0.525093615 -0.045647260 -0.104921378 -0.036244616 -0.003799227 0.993812621
1769791218941157376.000000 0.331969738 -0.526203394 -0.046170861 -0.105065107 -0.036570571 -0.003460369 0.993786693
1769791218974492672.000000 0.331587553 -0.525428295 -0.047049616 -0.104755044 -0.036473326 -0.003252028 0.993823707
1769791219007827456.000000 0.334101081 -0.523715436 -0.046462309 -0.104348950 -0.037094276 -0.002594150 0.993845344
1769791219041160192.000000 0.333938956 -0.519853950 -0.043311533 -0.103856847 -0.036906712 -0.002766863 0.993903458
1769791219141153792.000000 0.337966353 -0.521294236 -0.039574079 -0.104367711 -0.038016997 -0.002622128 0.993808508
1769791219174490368.000000 0.337864935 -0.520391822 -0.037190784 -0.104231440 -0.038255457 -0.003494503 0.993810892
1769791219207836416.000000 0.337698877 -0.522921801 -0.037192848 -0.104701452 -0.038255330 -0.003443842 0.993761718
1769791219241156608.000000 0.339353204 -0.523499608 -0.037203290 -0.104729071 -0.038653236 -0.003769230 0.993742228
1769791219274497280.000000 0.340451866 -0.526503265 -0.038530532 -0.105016150 -0.038977418 -0.003118169 0.993701458
1769791219307826432.000000 0.341739595 -0.529320061 -0.040242668 -0.105598159 -0.039112456 -0.003149905 0.993634403
1769791219407828224.000000 0.343008995 -0.524445772 -0.035673432 -0.104794502 -0.039988276 -0.004438972 0.993679702
1769791219441154048.000000 0.343121201 -0.525422931 -0.036880199 -0.105033703 -0.039938319 -0.004583201 0.993655801
1769791219474524672.000000 0.343706518 -0.525479257 -0.035355471 -0.104995884 -0.039757878 -0.004333517 0.993668199
1769791219507852544.000000 0.343303919 -0.524925411 -0.034863651 -0.105117194 -0.039924536 -0.004355933 0.993648589
1769791219541166336.000000 0.342240810 -0.523125887 -0.032495916 -0.104849808 -0.039635375 -0.004145407 0.993689358
1769791219574491136.000000 0.343501627 -0.522013783 -0.033346418 -0.104467176 -0.040031351 -0.004253080 0.993713260
1769791219707833088.000000 0.343808711 -0.523401797 -0.033802066 -0.104721069 -0.039949488 -0.004344636 0.993689418
1769791219741167872.000000 0.343876719 -0.522302091 -0.034449436 -0.104612447 -0.040027317 -0.004570129 0.993696749
1769791219774495488.000000 0.343311727 -0.523360789 -0.034081895 -0.104804821 -0.039732926 -0.004255109 0.993689656
1769791219807825408.000000 0.343975246 -0.522527814 -0.033538584 -0.104622841 -0.039865691 -0.004458560 0.993702650
1769791219841163520.000000 0.343221694 -0.523735821 -0.034428552 -0.104857489 -0.039844025 -0.004605105 0.993678153
1769791219874498304.000000 0.344142854 -0.523407996 -0.034011565 -0.104756840 -0.039917909 -0.004360872 0.993686855
1769791219974511360.000000 0.344353437 -0.520935416 -0.032373056 -0.104105838 -0.039759316 -0.003759440 0.993764102
1769791220007819520.000000 0.344165564 -0.520567119 -0.031167680 -0.104180843 -0.039788600 -0.003853302 0.993754745
1769791220041161472.000000 0.343810737 -0.520974994 -0.030636638 -0.104312658 -0.039689396 -0.004014892 0.993744195
1769791220074491136.000000 0.343593389 -0.522078574 -0.032259509 -0.104380749 -0.039760273 -0.003863920 0.993734837
1769791220107834624.000000 0.343566954 -0.521076441 -0.031615973 -0.104326934 -0.039752860 -0.004163974 0.993739545
1769791220141156608.000000 0.343956590 -0.519683897 -0.029843925 -0.104080446 -0.039804082 -0.003815515 0.993764758
1769791220241155072.000000 0.343890756 -0.519880295 -0.030925591 -0.104089186 -0.039771676 -0.004126071 0.993763924
1769791220307825920.000000 0.344331712 -0.519552708 -0.031044237 -0.103971303 -0.039860465 -0.003900207 0.993773580
1769791220341156096.000000 0.343712091 -0.518354356 -0.030125402 -0.103784136 -0.039742582 -0.004015880 0.993797421
1769791220374492160.000000 0.343614787 -0.518931985 -0.029414652 -0.103951089 -0.039733697 -0.004207718 0.993779540
1769791220407828736.000000 0.344415903 -0.518316209 -0.030438725 -0.103763096 -0.039893907 -0.004121321 0.993793130
1769791220441156864.000000 0.344140887 -0.519984901 -0.031303890 -0.103973441 -0.039803177 -0.003810188 0.993776023
1769791220507820288.000000 0.344335675 -0.519810438 -0.030400041 -0.104050077 -0.039823227 -0.003682502 0.993767679
1769791220607852800.000000 0.344015479 -0.519416213 -0.031975966 -0.103977650 -0.039691053 -0.004060236 0.993779123
1769791220641153280.000000 0.344072163 -0.520274162 -0.031818703 -0.104221687 -0.039729334 -0.004142637 0.993751645
1769791220674491904.000000 0.343026936 -0.519886911 -0.031585973 -0.104092486 -0.039502639 -0.004140052 0.993774235
1769791220707819264.000000 0.343821108 -0.519881248 -0.031331096 -0.104127742 -0.039674614 -0.004013361 0.993764162
1769791220741156608.000000 0.343366504 -0.520288169 -0.030472279 -0.104279824 -0.039552625 -0.004159623 0.993752539
1769791220807841280.000000 0.343149424 -0.519701004 -0.030420575 -0.104088396 -0.039640989 -0.004277463 0.993768573
1769791220941172736.000000 0.344511330 -0.518954039 -0.030513072 -0.103909157 -0.039973926 -0.003982349 0.993775189
1769791220974497024.000000 0.344074368 -0.518143237 -0.030080888 -0.103722766 -0.039840527 -0.004105188 0.993799567
1769791221007842304.000000 0.344190359 -0.518532097 -0.029171683 -0.103942305 -0.039869294 -0.004060553 0.993775606
1769791221041157376.000000 0.344861120 -0.518869877 -0.030746588 -0.103915669 -0.040030349 -0.003870278 0.993772686
1769791221107824896.000000 0.344895899 -0.517813385 -0.029117193 -0.103713714 -0.040026519 -0.003512866 0.993795276
1769791221174488064.000000 0.344763845 -0.517528594 -0.029456180 -0.103687659 -0.040011141 -0.003653446 0.993798137
1769791221207832832.000000 0.343409121 -0.518503189 -0.029464176 -0.103882372 -0.039742313 -0.003945296 0.993787467
1769791221241156608.000000 0.344287872 -0.518027186 -0.028548507 -0.103851452 -0.039948285 -0.003856582 0.993782759
1769791221274489856.000000 0.344198763 -0.519177973 -0.030006504 -0.104133613 -0.040038764 -0.004282623 0.993747890
1769791221307821568.000000 0.344602227 -0.518053949 -0.029292304 -0.103778929 -0.039931674 -0.003779547 0.993791282
1769791221374500352.000000 0.344610631 -0.520098150 -0.029405210 -0.104221486 -0.039944269 -0.003675129 0.993744910
1769791221441164032.000000 0.344111711 -0.518756449 -0.030450795 -0.103977062 -0.039811760 -0.004207444 0.993773699
1769791221474489344.000000 0.344918489 -0.518398583 -0.030236704 -0.103810892 -0.040019918 -0.003638540 0.993784964
1769791221507839744.000000 0.343735367 -0.518656731 -0.029224781 -0.104034036 -0.039800722 -0.004199968 0.993768215
1769791221541159936.000000 0.344794869 -0.519143343 -0.028876320 -0.104026243 -0.039934359 -0.003853805 0.993765056
1769791221574495488.000000 0.345123470 -0.519952774 -0.030091394 -0.104126550 -0.040013894 -0.003681100 0.993752062
1769791221674504960.000000 0.344097108 -0.520171583 -0.029588448 -0.104240701 -0.039815012 -0.004250357 0.993745744
1769791221707850240.000000 0.344784826 -0.519295096 -0.030020012 -0.103971995 -0.039993543 -0.003924443 0.993768096
1769791221741159936.000000 0.345861822 -0.520470262 -0.030266032 -0.104189396 -0.040171802 -0.003598233 0.993739367
1769791221807828736.000000 0.344348282 -0.520184815 -0.029489860 -0.104317352 -0.039876428 -0.003966283 0.993736446
1769791221841166848.000000 0.345140576 -0.519771993 -0.028812088 -0.104156904 -0.039949723 -0.003654078 0.993751526
1769791221874492416.000000 0.345616162 -0.520736992 -0.028823692 -0.104287878 -0.039884418 -0.003225596 0.993741870
1769791221941160448.000000 0.345209301 -0.522810876 -0.031943683 -0.104762502 -0.039942019 -0.004166260 0.993686140
1769791221974493696.000000 0.345905542 -0.522202969 -0.032290485 -0.104550071 -0.039895587 -0.004129225 0.993710518
1769791222007824640.000000 0.346252710 -0.524024010 -0.033274148 -0.104784332 -0.039952919 -0.004097781 0.993683696
1769791222074490624.000000 0.345772773 -0.521929681 -0.029058529 -0.104431152 -0.039944153 -0.003870057 0.993722141
1769791222107820544.000000 0.345562875 -0.520928025 -0.028663108 -0.104473233 -0.039962996 -0.004190336 0.993715644
1769791222141153792.000000 0.343958765 -0.520149887 -0.028300768 -0.104162291 -0.039733283 -0.004028083 0.993758202
1769791222207824896.000000 0.344326705 -0.520026803 -0.028556863 -0.104225658 -0.039778475 -0.003573019 0.993751466
1769791222241163264.000000 0.346341997 -0.521667421 -0.028067648 -0.104392208 -0.040173788 -0.003022276 0.993719876
1769791222274488576.000000 0.344129294 -0.519690037 -0.028373376 -0.104208954 -0.039852642 -0.003597023 0.993750215
1769791222341153792.000000 0.342669845 -0.518686116 -0.029384993 -0.104092233 -0.039554942 -0.003803299 0.993773520
1769791222374484480.000000 0.344528049 -0.519001603 -0.028962079 -0.104134411 -0.039914098 -0.003296254 0.993756533
1769791222407827712.000000 0.345078617 -0.518238068 -0.026888251 -0.104057409 -0.040020294 -0.003336792 0.993760228
1769791222507818240.000000 0.345938116 -0.518104136 -0.028013481 -0.103968076 -0.040103070 -0.003416449 0.993765950
1769791222541160960.000000 0.345704049 -0.518674254 -0.027854061 -0.104101524 -0.039983366 -0.003474476 0.993756652
1769791222574487808.000000 0.346836418 -0.518870175 -0.026443500 -0.104221240 -0.040207058 -0.002902197 0.993736863
1769791222641153024.000000 0.344901621 -0.517617166 -0.028515670 -0.104058243 -0.039930310 -0.003562825 0.993762910
1769791222674496768.000000 0.343794554 -0.516858697 -0.030780129 -0.103743270 -0.039787006 -0.003405820 0.993802190
1769791222707827456.000000 0.344593972 -0.516672850 -0.029057039 -0.103830673 -0.039872468 -0.003407270 0.993789613
