1769787808405170688.000000 0.000000000 0.000000000 0.000000000 -0.000000000 -0.000000000 -0.000000000 1.000000000
1769787808471836928.000000 0.000027495 0.000024630 0.000005398 -0.000014375 -0.000155799 0.000087440 1.000000000
1769787808505170688.000000 -0.000097801 -0.000076204 -0.000110753 -0.000231402 -0.000388761 -0.000295853 0.999999881
1769787808571839488.000000 0.000135780 -0.000161275 -0.000753970 -0.000608847 -0.000625958 -0.000716719 0.999999344
1769787808638503936.000000 -0.000332548 -0.000288417 -0.000950597 -0.000680684 -0.000257568 -0.000519252 0.999999642
1769787808771838208.000000 -0.000323383 -0.000365090 -0.001521037 -0.001311172 -0.000316209 -0.001496545 0.999997973
1769787808905171456.000000 -0.000469269 -0.000310179 -0.001394800 -0.001002761 -0.000312707 -0.001528294 0.999998271
1769787812471857664.000000 0.000161365 0.000050922 -0.000477684 0.000241969 -0.001572008 -0.005223033 0.999985099
1769787812738522880.000000 0.000076127 0.000058846 -0.000598935 0.000841457 -0.000282241 -0.006792855 0.999976575
1769787813171856640.000000 0.000311246 0.000041551 -0.000259618 0.002326729 0.002548550 -0.008094964 0.999961317
1769787813771856896.000000 0.000337495 0.000116215 0.000269866 0.004372486 0.008667146 -0.011379423 0.999888182
1769787813838522368.000000 0.000471486 0.000045036 -0.000008116 0.004627803 0.009804844 -0.011366811 0.999876618
1769787814005189632.000000 0.000501384 0.000041895 0.000024830 0.005586557 0.012453266 -0.010931914 0.999847114
1769787814038523136.000000 0.000462422 0.000027617 -0.000003014 0.005280911 0.013281417 -0.012106813 0.999824584
1769787814071857152.000000 0.000532413 0.000046914 0.000070620 0.005576606 0.013383013 -0.011879659 0.999824345
1769787814405189120.000000 0.000622464 0.000043080 0.000215509 0.006270523 0.019174350 -0.012825673 0.999714255
1769787814438522368.000000 0.000554859 0.000008118 0.000035232 0.006371819 0.019609448 -0.013369846 0.999698043
1769787814805188608.000000 0.000655365 -0.000135009 -0.000763915 0.005333637 0.025167396 -0.011829024 0.999599040
1769787814838521600.000000 0.000818860 -0.000377234 -0.000763649 0.005188055 0.025845194 -0.011091175 0.999590993
1769787814971855104.000000 0.000969129 -0.000365910 -0.000988717 0.003917533 0.027982755 -0.012196067 0.999526322
1769787815005189120.000000 0.001138313 -0.000334943 -0.000934529 0.004027719 0.028501026 -0.012502863 0.999507487
1769787815438522368.000000 -0.000003343 -0.000170455 -0.002831927 0.002320488 0.037717082 -0.012400231 0.999208808
1769787815471854592.000000 0.000314752 -0.000276217 -0.002187296 0.001671394 0.038460866 -0.012027845 0.999186337
1769787815571857408.000000 -0.000462191 -0.000684472 -0.003399235 -0.001062797 0.041206516 -0.012563629 0.999071121
1769787815605188864.000000 -0.000059698 -0.000702637 -0.003474076 -0.000879125 0.041707378 -0.013097974 0.999043643
1769787815638521856.000000 -0.000341099 -0.000817374 -0.002797767 -0.002124336 0.043825995 -0.010621340 0.998980522
1769787815771855872.000000 -0.000674562 -0.000747930 -0.004047177 -0.005121411 0.045873750 -0.016076297 0.998804748
1769787815805188096.000000 -0.000685044 -0.000793845 -0.003968658 -0.005037050 0.047180854 -0.011149841 0.998811424
1769787815838521088.000000 -0.001014300 -0.000871550 -0.003880359 -0.005769140 0.048594810 -0.013009976 0.998717189
1769787815871855104.000000 -0.001214914 -0.000946581 -0.003689804 -0.006661368 0.049671553 -0.011953082 0.998671889
1769787817071854592.000000 -0.005469376 -0.006214007 -0.005507185 -0.049421988 0.077070698 -0.003738236 0.995792985
1769787817305180672.000000 -0.005218862 -0.007326391 -0.004710218 -0.057083543 0.078357451 0.001552825 0.995288491
1769787817338514944.000000 -0.005588706 -0.006992826 -0.005514674 -0.057452485 0.078619376 0.000807804 0.995247483
1769787817871847424.000000 -0.005744419 -0.008579291 -0.005853086 -0.067211792 0.076057792 0.003499862 0.994829416
1769787818171847424.000000 -0.004997460 -0.008347942 -0.006292765 -0.065747418 0.070201166 0.004055533 0.995355546
1769787818371847424.000000 -0.004040446 -0.009620114 -0.003070054 -0.063034363 0.066280805 0.005941656 0.995790243
1769787818405180672.000000 -0.003878126 -0.008906285 -0.004301650 -0.061609458 0.065608419 0.006053304 0.995923281
1769787818471847168.000000 -0.003858829 -0.007806178 -0.005372938 -0.059093062 0.063689016 0.004710481 0.996207595
1769787818505181440.000000 -0.003653413 -0.007694472 -0.005314293 -0.058431812 0.062858917 0.005716243 0.996294081
1769787818638514176.000000 -0.003478640 -0.007444088 -0.005891392 -0.053704489 0.058968067 0.004938729 0.996801972
1769787818671847424.000000 -0.003262604 -0.007662646 -0.005537502 -0.052144866 0.057785597 0.005604175 0.996950507
1769787818771847424.000000 -0.002947531 -0.006670224 -0.005936747 -0.047282483 0.054514550 0.003926338 0.997385144
1769787818805180672.000000 -0.002528772 -0.006391320 -0.005175954 -0.046040732 0.052888740 0.002145579 0.997536182
1769787818905181952.000000 -0.002088825 -0.006619024 -0.005526484 -0.040805288 0.049129870 0.003105945 0.997953713
1769787818938513152.000000 -0.002156562 -0.005837109 -0.005716125 -0.038281750 0.047986660 0.002511138 0.998110950
1769787818971846400.000000 -0.001972354 -0.005398654 -0.006375900 -0.036080509 0.046848483 0.002470848 0.998247147
1769787819005180160.000000 -0.001382663 -0.005326592 -0.006078542 -0.034620445 0.045126345 0.000526870 0.998381078
1769787819071847424.000000 -0.001274365 -0.005174766 -0.005923635 -0.030407103 0.042557552 0.000999265 0.998630702
1769787819138513408.000000 -0.001286890 -0.005256755 -0.006537995 -0.026335170 0.040184956 0.000344809 0.998845100
1769787819171846400.000000 -0.001008335 -0.005215403 -0.005984628 -0.024607072 0.038934298 -0.000204762 0.998938739
1769787819205180416.000000 -0.000930992 -0.004695429 -0.006670888 -0.022207757 0.037060238 -0.001991339 0.999064267
1769787819238513664.000000 -0.000775340 -0.004635890 -0.006026224 -0.019869190 0.035737105 -0.002987182 0.999159217
1769787819338513152.000000 0.000243690 -0.003982986 -0.005558378 -0.010783717 0.030628983 -0.006030492 0.999454498
1769787819405180416.000000 0.000455007 -0.003741452 -0.005364600 -0.005113829 0.027521519 -0.006684443 0.999585807
1769787819471846912.000000 0.000668068 -0.003129446 -0.005198231 0.002197420 0.024247961 -0.006991659 0.999679148
1769787819505180928.000000 0.000381498 -0.002699836 -0.006133141 0.004769596 0.022366852 -0.009888764 0.999689579
1769787819538512896.000000 0.000948031 -0.002750606 -0.005339203 0.008313151 0.020449523 -0.008920303 0.999716580
1769787819571848448.000000 0.000830637 -0.002729746 -0.005163457 0.011238200 0.019946840 -0.009086536 0.999696612
1769787819605180160.000000 0.001133133 -0.002460842 -0.004903904 0.015126428 0.017901387 -0.009762227 0.999677658
1769787819638513408.000000 0.001133407 -0.002174455 -0.005817045 0.018615402 0.015887141 -0.010868569 0.999641418
1769787819738513408.000000 0.001553450 -0.001956492 -0.004138237 0.028115006 0.008093417 -0.012140866 0.999498188
1769787819771846912.000000 0.001422729 -0.002141068 -0.003752965 0.030793827 0.005092392 -0.012230004 0.999437988
1769787819938512640.000000 0.001296904 -0.000997099 -0.004044339 0.043953594 -0.011286311 -0.012737678 0.998888612
1769787819971846144.000000 0.001590562 -0.001010843 -0.003364128 0.046699323 -0.015308603 -0.011685443 0.998723328
1769787820005179904.000000 0.001534219 -0.000967952 -0.003118491 0.049199171 -0.018630045 -0.010352999 0.998561561
1769787820038513664.000000 0.001490724 -0.000539646 -0.003146497 0.051624194 -0.021483436 -0.008778528 0.998396933
1769787820105180416.000000 0.001353886 -0.000312365 -0.002513133 0.055899281 -0.027270481 -0.004639420 0.998053133
1769787820138512896.000000 0.001822921 0.000135118 -0.002773638 0.056698155 -0.029263975 -0.003675650 0.997955620
1769787820371846656.000000 0.002352627 0.001081673 -0.002155924 0.033828799 -0.027350355 0.004839419 0.999041617
1769787820438513408.000000 0.002825981 0.001270546 -0.001060943 0.025118018 -0.028440936 0.003502811 0.999273717
1769787820471845888.000000 0.002910511 0.001451000 -0.000915369 0.022093875 -0.028741363 0.003863633 0.999335229
1769787820505179904.000000 0.002961819 0.002120038 -0.000947078 0.020569440 -0.028407637 0.003869870 0.999377251
1769787820738512384.000000 0.004515428 0.003760217 -0.001549795 0.016347438 -0.033486843 0.000397209 0.999305427
1769787820771846400.000000 0.004696640 0.003832333 -0.002219309 0.017635155 -0.033971198 -0.000542725 0.999267042
1769787820805179648.000000 0.004535057 0.004033108 -0.001996704 0.018792802 -0.033684678 0.000778350 0.999255538
1769787820838511360.000000 0.004720096 0.004433679 -0.002837235 0.020872952 -0.034235418 -0.000222208 0.999195814
1769787821038512896.000000 0.005971565 0.006340092 -0.003210997 0.037389919 -0.038498737 -0.001684500 0.998557508
1769787821105180160.000000 0.006442927 0.007185943 -0.004807366 0.044609562 -0.040057812 -0.001256946 0.998200297
1769787821171845120.000000 0.007363273 0.007177795 -0.004206996 0.050819531 -0.042561732 -0.001357830 0.997799635
1769787821271845632.000000 0.007426906 0.008081803 -0.003849862 0.059985291 -0.043048814 0.001094959 0.997269988
1769787821371845120.000000 0.007712246 0.007947938 -0.003676937 0.065625891 -0.044202894 0.000856901 0.996864378
1769787821405178624.000000 0.007671539 0.008044418 -0.003658667 0.067912795 -0.044401649 0.001542383 0.996701539
1769787821571846912.000000 0.007810459 0.008417241 -0.003107092 0.076024979 -0.046052426 0.003560444 0.996035516
1769787821605179136.000000 0.007860861 0.008439473 -0.003331095 0.077206574 -0.046581998 0.003047764 0.995921671
1769787821638512128.000000 0.007778225 0.008513422 -0.003108652 0.078737579 -0.046461690 0.003436716 0.995806158
1769787821971844864.000000 0.008228017 0.008638585 -0.003784099 0.084100954 -0.051254675 0.006404047 0.995117605
1769787822238512384.000000 0.008806427 0.008527597 -0.003839890 0.085660592 -0.056029100 0.008176457 0.994714141
1769787822271844864.000000 0.008728236 0.008451110 -0.003554572 0.085261531 -0.056734595 0.007706887 0.994712174
1769787822338511104.000000 0.008830050 0.008317822 -0.003649278 0.084709272 -0.057688240 0.007570383 0.994705558
1769787822538511616.000000 0.008934252 0.007952009 -0.003754604 0.081837058 -0.060169552 0.008957119 0.994787455
1769787822705178624.000000 0.009252406 0.007470934 -0.004634559 0.077616423 -0.062279604 0.008665201 0.994998395
1769787822805177600.000000 0.009560836 0.007318190 -0.004801468 0.074724488 -0.063904159 0.007925950 0.995122969
1769787822905179136.000000 0.009355077 0.007033324 -0.005503830 0.071854129 -0.065252423 0.010170264 0.995226502
1769787822971844096.000000 0.009388304 0.006762444 -0.005144542 0.069410622 -0.065519676 0.010544298 0.995378435
1769787823005178112.000000 0.009404484 0.006684067 -0.005910954 0.067954525 -0.066252477 0.011591920 0.995418727
1769787823238511616.000000 0.009776080 0.004637699 -0.005926355 0.055538714 -0.069425292 0.011247186 0.995976448
1769787823271843584.000000 0.009718999 0.004859409 -0.006231016 0.054526944 -0.069456920 0.013597677 0.996000826
1769787823338511616.000000 0.010033145 0.004600153 -0.006862438 0.050896727 -0.071008548 0.010971603 0.996115923
1769787823371844352.000000 0.009853726 0.004187854 -0.006190592 0.048739143 -0.070809364 0.012359614 0.996221781
1769787823405177344.000000 0.009587333 0.003984551 -0.007438221 0.047230069 -0.070983529 0.013688858 0.996264696
1769787823438511872.000000 0.009767879 0.003298664 -0.007033214 0.045056496 -0.071419939 0.013723222 0.996333659
1769787823805177088.000000 0.010333175 -0.000407205 -0.006561241 0.019755783 -0.072558664 0.010619981 0.997111917
1769787823838510080.000000 0.009682575 -0.000199748 -0.009431311 0.019226557 -0.072124481 0.008697188 0.997172415
1769787823938510080.000000 0.007833795 0.003422215 -0.018080374 0.013720941 -0.070921741 0.015311394 0.997269988
1769787824038510592.000000 0.009909675 -0.002147028 -0.006528806 0.004245018 -0.072658904 0.013208643 0.997260392
1769787824271843328.000000 0.010014761 -0.004663613 -0.007192828 -0.011155406 -0.073989436 -0.038570870 0.996450424
1769787824305177088.000000 0.009848930 -0.005081678 -0.006087402 -0.013601139 -0.074745238 -0.051802855 0.995763361
1769787824371843584.000000 0.010427072 -0.005628577 -0.007003447 -0.016573248 -0.077502668 -0.074460298 0.994069576
1769787824471843328.000000 0.010593411 -0.007042300 -0.006276526 -0.023443874 -0.077992328 -0.109919816 0.990598440
1769787824505177088.000000 0.010308081 -0.007319265 -0.007540768 -0.024137754 -0.078526035 -0.119483501 0.989431500
1769787824538510080.000000 0.010540118 -0.008005682 -0.007328531 -0.027691022 -0.079175532 -0.132808357 0.987586200
1769787824571843840.000000 0.010486759 -0.007746822 -0.007741740 -0.027737956 -0.079538934 -0.141168803 0.986395240
1769787824605177856.000000 0.010228794 -0.008202171 -0.007937401 -0.030815486 -0.079359934 -0.153088823 0.984538555
1769787824838510336.000000 0.010623101 -0.010788006 -0.008059268 -0.042767782 -0.084428586 -0.224588290 0.969846845
1769787825371845120.000000 0.009589076 -0.015644539 -0.008132641 -0.063738212 -0.089792974 -0.333087236 0.936444104
1769787825905179648.000000 0.007860059 -0.017769307 -0.008071000 -0.077408701 -0.082839169 -0.382273167 0.917067528
1769787825971844864.000000 0.007600341 -0.017619956 -0.007590067 -0.078592487 -0.081333548 -0.384132773 0.916324258
1769787826138511872.000000 0.006880039 -0.017882604 -0.007841946 -0.081339002 -0.076315589 -0.383114249 0.916942418
1769787826171844864.000000 0.006214692 -0.017650487 -0.008278732 -0.080965355 -0.073848374 -0.381601602 0.917807877
1769787826405178624.000000 0.005426118 -0.017160861 -0.007175129 -0.082122900 -0.063749731 -0.368596584 0.923757732
1769787826438512384.000000 0.005074215 -0.017056385 -0.007558904 -0.081723221 -0.061425019 -0.366526544 0.924773812
1769787826538511616.000000 0.004756373 -0.016444145 -0.007756890 -0.081008784 -0.055678193 -0.358715236 0.928256989
1769787826571845632.000000 0.004580637 -0.016102480 -0.007788373 -0.081104696 -0.053703941 -0.355580062 0.929570198
1769787826638511360.000000 0.003932893 -0.015752796 -0.008193275 -0.079521380 -0.049252182 -0.347987384 0.932821155
1769787826671844608.000000 0.003785911 -0.015577629 -0.008172465 -0.079045206 -0.047076602 -0.344315499 0.934335291
1769787826771845376.000000 0.003128275 -0.014750405 -0.008047846 -0.076683424 -0.040505711 -0.329299301 0.940234482
1769787826805178624.000000 0.003078040 -0.014615166 -0.007383574 -0.076518968 -0.038120475 -0.322117120 0.942832053
1769787826838510592.000000 0.002698072 -0.014406017 -0.008011016 -0.076007582 -0.035302877 -0.316714674 0.944811285
1769787826871844352.000000 0.002534450 -0.014101230 -0.007626163 -0.074587211 -0.032644249 -0.309694707 0.947343826
1769787826905179136.000000 0.002511472 -0.013943291 -0.007537837 -0.073796064 -0.029935326 -0.302348554 0.949864924
1769787826938510336.000000 0.002138290 -0.013602229 -0.007780016 -0.072826512 -0.027517959 -0.293941021 0.952647805
1769787826971844352.000000 0.001918802 -0.013349391 -0.007471650 -0.071999781 -0.024548449 -0.285530895 0.955345750
1769787827005178368.000000 0.001673433 -0.012876829 -0.007653302 -0.070743144 -0.021692021 -0.278290808 0.957642496
1769787827071845888.000000 0.001145420 -0.011819793 -0.007820338 -0.066665307 -0.015156062 -0.257622629 0.963823974
1769787827105178880.000000 0.000479668 -0.011308695 -0.008182724 -0.065234289 -0.010698358 -0.244783968 0.967321515
1769787827138511104.000000 0.000516119 -0.011096554 -0.007950157 -0.063631408 -0.008485983 -0.231572479 0.970697284
1769787827171844352.000000 0.000373972 -0.010799801 -0.007885047 -0.061560545 -0.005109890 -0.219543457 0.973645151
1769787827238511360.000000 -0.000182382 -0.010093405 -0.007016925 -0.057555802 0.001457040 -0.197215602 0.978668094
1769787827305177856.000000 -0.000964355 -0.009155368 -0.007790515 -0.052995041 0.007604480 -0.175433189 0.983034551
1769787827338510848.000000 -0.001224272 -0.008815611 -0.007369864 -0.050748367 0.010842310 -0.167175189 0.984560609
1769787827438511616.000000 -0.001954384 -0.007893860 -0.007315764 -0.042656697 0.017658371 -0.148395687 0.987849832
1769787827471844096.000000 -0.001617600 -0.007864230 -0.007312214 -0.039848823 0.018937299 -0.148706079 0.987896740
1769787827538510848.000000 -0.001770305 -0.007511574 -0.006461935 -0.032853693 0.024152836 -0.148446307 0.988079429
1769787827705177600.000000 -0.002349937 -0.006460820 -0.006261253 -0.014080316 0.039068401 -0.145763546 0.988447487
1769787827738511360.000000 -0.002330698 -0.006576084 -0.005899346 -0.011492055 0.042533040 -0.146778479 0.988187730
1769787827771844352.000000 -0.002608663 -0.006179102 -0.006587034 -0.008275221 0.045855068 -0.146898851 0.988053441
1769787827805177600.000000 -0.002404924 -0.006293576 -0.006306398 -0.005253552 0.048278805 -0.147605032 0.987853408
1769787827838511104.000000 -0.002222169 -0.006405243 -0.005068056 -0.001682530 0.051406235 -0.149670154 0.987397313
1769787827871843840.000000 -0.002464220 -0.005785811 -0.006373803 0.001653363 0.054764122 -0.149737120 0.987206638
1769787827938510080.000000 -0.002348254 -0.005658767 -0.005346471 0.006487614 0.063493088 -0.152548566 0.986232996
1769787828005177856.000000 -0.002131485 -0.005403466 -0.005684926 0.010372591 0.072000898 -0.155334011 0.985180020
1769787828071845120.000000 -0.002606577 -0.005141187 -0.005548464 0.014006065 0.082267970 -0.153231278 0.984660327
1769787828105178624.000000 -0.001820266 -0.005002853 -0.004286442 0.015279282 0.085602298 -0.160553679 0.983189404
1769787828171843840.000000 -0.002378441 -0.005199008 -0.004480752 0.014645850 0.094812535 -0.160747916 0.982321858
1769787828238511360.000000 -0.002079561 -0.004922309 -0.005916430 0.014962439 0.100802220 -0.166083127 0.980832040
1769787828271844352.000000 -0.001689812 -0.004626270 -0.005136976 0.015286918 0.103002407 -0.170027658 0.979922175
1769787828338510336.000000 -0.002420361 -0.003946603 -0.005353001 0.015795236 0.109424062 -0.176202670 0.978125513
1769787828405177088.000000 -0.002594722 -0.003041318 -0.005633601 0.016541366 0.110842131 -0.175432697 0.978091955
1769787828438511616.000000 -0.002418476 -0.002880212 -0.004998326 0.014402801 0.110535644 -0.170158625 0.979091704
1769787828505177600.000000 -0.002940736 -0.003062359 -0.004643379 -0.000697077 0.107218958 -0.156701252 0.981808722
1769787828538510336.000000 -0.003175856 -0.003145322 -0.004028901 -0.006905754 0.105005704 -0.147377446 0.983466327
1769787828638510592.000000 -0.003606682 -0.002349707 -0.002530964 -0.017439011 0.101893343 -0.129186571 0.986217260
1769787828671843584.000000 -0.003091089 -0.002513310 -0.002587138 -0.019065123 0.101125650 -0.123933353 0.986940086
1769787828838509824.000000 -0.005244785 -0.000444216 -0.003240952 -0.023418345 0.100469701 -0.101378605 0.989484608
1769787828871843328.000000 -0.004333370 -0.000793113 -0.001465320 -0.022773536 0.099861428 -0.096361890 0.990062356
1769787828971843584.000000 -0.004803544 -0.000003523 -0.001418896 -0.019957026 0.100236818 -0.086530954 0.990992785
1769787829005177344.000000 -0.004962123 0.000268967 -0.000906618 -0.018885631 0.100865789 -0.084927142 0.991088688
1769787829038510592.000000 -0.005035600 0.000362301 -0.000802237 -0.017136043 0.100826591 -0.082502410 0.991329312
1769787829071844352.000000 -0.004770117 0.000286729 -0.000510503 -0.015665427 0.100974850 -0.080788694 0.991479635
1769787829171843328.000000 -0.004425847 0.000027235 0.000698708 -0.009936383 0.100973360 -0.073869169 0.992093265
1769787829205176576.000000 -0.005230686 0.000606884 -0.000908033 -0.006905407 0.101425737 -0.073907442 0.992070019
1769787829271843072.000000 -0.005406612 0.000895239 -0.000078069 -0.000852091 0.102617197 -0.072835945 0.992050350
1769787829305177088.000000 -0.005354218 0.001207929 -0.000102453 0.003587403 0.102597788 -0.071050137 0.992175758
1769787829371843584.000000 -0.005341825 0.001302499 0.000188056 0.009106319 0.103355534 -0.070153020 0.992125690
1769787829405176576.000000 -0.005518040 0.001509275 -0.000640424 0.012357060 0.103247397 -0.070035130 0.992110074
1769787829471843584.000000 -0.005425849 0.002279296 -0.000012653 0.018703528 0.103858560 -0.069666699 0.991972864
1769787829505177344.000000 -0.005514998 0.002019800 0.000468779 0.021092679 0.104830898 -0.067742981 0.991955876
1769787829571843328.000000 -0.005342769 0.002116521 0.000446487 0.024259763 0.105249844 -0.067114063 0.991881847
1769787829905177344.000000 -0.006509372 0.002800559 0.001193750 0.041365325 0.113321468 -0.062082250 0.990753770
1769787830171842560.000000 -0.006957429 0.003266751 0.000544166 0.045973275 0.117806584 -0.065842554 0.989784241
1769787830238509568.000000 -0.006971387 0.003283604 0.001559084 0.047019206 0.119089678 -0.063551053 0.989731371
1769787830605177600.000000 -0.008106396 0.003046964 0.001212458 0.043460783 0.127169907 -0.065527834 0.988759398
1769787830871842048.000000 -0.008765603 0.002171500 0.000761709 0.038652930 0.133248001 -0.061002590 0.988448083
1769787830938508288.000000 -0.008671217 0.002567883 0.000765817 0.036454793 0.134632498 -0.062130552 0.988273740
1769787831171841792.000000 -0.009802944 0.001944753 -0.001052546 0.029350244 0.138709620 -0.057366382 0.988234460
1769787831338508288.000000 -0.009734583 0.000939288 0.000511348 0.020617994 0.141451836 -0.059156686 0.987960935
1769787831405175040.000000 -0.006810225 0.001727781 0.003952091 0.019835649 0.143047437 -0.054542050 0.988012731
1769787831438508800.000000 -0.010602876 0.000245727 -0.000262845 0.015798854 0.144490957 -0.054391373 0.987883747
1769787831605176320.000000 -0.010231357 -0.000451368 -0.000736287 0.006327397 0.144274354 -0.060634010 0.987658024
1769787831705175040.000000 -0.010204719 -0.000309400 0.000511719 0.001364449 0.146162525 -0.059619084 0.987461507
1769787831738508288.000000 -0.019376023 -0.006696523 -0.015182405 -0.004503598 0.148589000 -0.061446156 0.986977935
1769787831838507264.000000 -0.011473432 -0.002917672 0.000880569 -0.009989184 0.147945836 -0.063852079 0.986881554
1769787831938507520.000000 -0.010991254 -0.004267619 0.002602458 -0.017751832 0.149436370 -0.059623063 0.986812413
1769787832005174528.000000 -0.008407068 -0.006862792 0.008052356 -0.023906743 0.147353142 -0.060909580 0.986917198
1769787832171841024.000000 -0.013235644 -0.007138223 -0.001445855 -0.035221908 0.150088668 -0.058753151 0.986296535
1769787832338508288.000000 -0.012127948 -0.009766679 0.004153681 -0.048501175 0.151113078 -0.058604810 0.985585093
1769787832771847424.000000 -0.010792301 -0.010838399 0.003134291 -0.081710719 0.147469595 -0.052279018 0.984298229
1769787832838513152.000000 -0.013778186 -0.012299052 -0.002137510 -0.085938342 0.149827421 -0.047074404 0.983844697
1769787832871846912.000000 -0.010823827 -0.011747381 0.004717108 -0.088896476 0.149132401 -0.043733481 0.983841658
1769787832971847168.000000 -0.010716116 -0.011913412 0.003665841 -0.095371783 0.146689042 -0.048824780 0.983362973
1769787833271846912.000000 -0.011692646 -0.014389637 0.001614679 -0.112874575 0.141012147 -0.042287607 0.982642710
1769787833305179904.000000 -0.010764324 -0.014286280 0.002445392 -0.115831643 0.138941199 -0.045641344 0.982443511
1769787833371847168.000000 -0.010819766 -0.014906666 0.002486892 -0.118672200 0.138406321 -0.042284817 0.982330203
1769787833805180416.000000 -0.009928224 -0.016138023 0.002368249 -0.133991063 0.125351250 -0.036379378 0.982349277
1769787834038513664.000000 -0.009459176 -0.016941801 0.001709652 -0.137691289 0.117094204 -0.034644585 0.982919037
1769787834171846656.000000 -0.008741873 -0.017245954 0.001970540 -0.139021784 0.112410352 -0.035416126 0.983251035
1769787834305179904.000000 -0.008344579 -0.016753094 0.002101726 -0.138524041 0.107967861 -0.033795059 0.983875990
1769787834338512640.000000 -0.008374640 -0.017016074 0.001879037 -0.138275251 0.107010789 -0.033950835 0.984010160
1769787834571846912.000000 -0.006816573 -0.017070938 0.002065683 -0.135386944 0.097080238 -0.034304302 0.985428393
1769787834638513408.000000 -0.007079887 -0.016774777 0.001392903 -0.132709369 0.094221018 -0.031334415 0.986168742
1769787834705179136.000000 -0.006869551 -0.016497463 0.000766870 -0.130827472 0.091121688 -0.032876752 0.986661136
1769787834838512128.000000 -0.005955393 -0.015853168 0.001004053 -0.125502169 0.083875082 -0.034201685 0.987949610
1769787834871845888.000000 -0.005943390 -0.015903361 0.000952508 -0.124351084 0.083092034 -0.033781104 0.988175750
1769787834905180928.000000 -0.005143131 -0.015895352 0.002314432 -0.122977838 0.081298716 -0.033452522 0.988507926
1769787834938511872.000000 -0.005378671 -0.015513517 0.001415591 -0.121524796 0.079245478 -0.035115086 0.988796651
1769787835005179392.000000 -0.004935485 -0.015498318 0.001361118 -0.118414365 0.076170236 -0.034208711 0.989447296
1769787835038513408.000000 -0.004700098 -0.015183466 0.000205779 -0.116031565 0.073614173 -0.037108861 0.989818454
1769787835071845632.000000 -0.004873193 -0.015164501 0.000116689 -0.114838362 0.072435632 -0.035992499 0.990085721
1769787835171845120.000000 -0.003905343 -0.014427483 -0.000041654 -0.108760230 0.066299081 -0.036943004 0.991166472
1769787835238512896.000000 -0.003657874 -0.013843791 -0.000843151 -0.104825653 0.063113160 -0.036836401 0.991802096
1769787835271845376.000000 -0.003539221 -0.013836466 -0.000398107 -0.103122115 0.061513934 -0.037256874 0.992065430
1769787835338512640.000000 -0.003040123 -0.013341244 -0.000949529 -0.099385150 0.057984464 -0.038483467 0.992612422
1769787835405178624.000000 -0.003129755 -0.012864412 -0.001639841 -0.095198840 0.055088870 -0.038610443 0.993182600
1769787835438513152.000000 -0.002774460 -0.012804866 -0.001332483 -0.093276568 0.053360607 -0.039239265 0.993434668
1769787835471845632.000000 -0.002411679 -0.012825994 -0.001008563 -0.091853268 0.052120637 -0.038883176 0.993647099
1769787835505179648.000000 -0.002024174 -0.012623511 -0.000086811 -0.089956343 0.051144894 -0.039373942 0.993852019
1769787835538511872.000000 -0.002229619 -0.012392025 -0.000989410 -0.087294340 0.049813226 -0.038366444 0.994196355
1769787835571845888.000000 -0.002046268 -0.012068841 -0.000024261 -0.085937344 0.048829854 -0.039555613 0.994316757
1769787835605180160.000000 -0.001871716 -0.012460370 0.000460911 -0.084461920 0.047978278 -0.039481547 0.994487524
1769787835638512384.000000 -0.002276562 -0.012261950 0.000098318 -0.081734419 0.047852375 -0.039072212 0.994737685
1769787835671845120.000000 -0.002046138 -0.012188447 -0.000268737 -0.080779940 0.045902781 -0.040991187 0.994830310
1769787835705179136.000000 -0.001673341 -0.012040043 0.000291443 -0.077738240 0.044695292 -0.042677045 0.995056689
1769787835771846144.000000 -0.001441118 -0.011648656 -0.000095875 -0.070730962 0.040707506 -0.042903088 0.995740592
1769787835805179136.000000 -0.001391924 -0.011773314 0.000362288 -0.068245165 0.039787862 -0.043674029 0.995917737
1769787835838511616.000000 -0.001063882 -0.011532210 0.000714504 -0.064507805 0.037833981 -0.044468395 0.996207774
1769787835871845120.000000 -0.000905506 -0.011367423 0.000762879 -0.060635444 0.035888899 -0.044800676 0.996508002
1769787835971845120.000000 -0.000707595 -0.010883444 0.000634994 -0.049430594 0.030578533 -0.045029644 0.997293293
1769787836005178624.000000 -0.000549775 -0.010730295 0.000704523 -0.046900455 0.028556386 -0.045571201 0.997450829
1769787836038512128.000000 -0.000362183 -0.010767541 0.001118246 -0.044290680 0.026592560 -0.045953136 0.997606874
1769787836071844864.000000 -0.000240834 -0.010583822 0.001028150 -0.040837109 0.023914879 -0.048199859 0.997716010
1769787836138511872.000000 -0.000214953 -0.010677627 0.001253181 -0.035015229 0.021369778 -0.046424914 0.998079181
1769787836171844864.000000 -0.000085131 -0.010373241 0.001860716 -0.030624764 0.019251971 -0.047673337 0.998207808
1769787836205178624.000000 -0.000305754 -0.010270643 0.000990406 -0.027106522 0.017026747 -0.045948345 0.998430848
1769787836305178368.000000 -0.000205945 -0.010163268 0.001372903 -0.018457295 0.008265277 -0.047213480 0.998680115
1769787836338511360.000000 -0.000044351 -0.009980367 0.001620408 -0.015240910 0.005011049 -0.046186592 0.998804033
1769787836405178880.000000 -0.000282468 -0.009850468 0.001588586 -0.008155194 -0.001898040 -0.043140218 0.999033928
1769787836438512640.000000 0.000014497 -0.009888302 0.001548138 -0.005425103 -0.007952143 -0.045381259 0.998923361
1769787836471844608.000000 0.000103009 -0.009588940 0.002148509 -0.002811581 -0.011792351 -0.046226341 0.998857439
1769787836505178624.000000 -0.000010755 -0.009413638 0.001731780 0.000854687 -0.014924173 -0.041705079 0.999018133
1769787836538511360.000000 -0.000045391 -0.009367851 0.001559810 0.002488271 -0.019520914 -0.040309574 0.998993456
1769787836605179904.000000 -0.000069718 -0.008907231 0.002217436 0.006862123 -0.025408346 -0.036266662 0.998995543
1769787836671844608.000000 0.000055625 -0.008724947 0.002493710 0.008404070 -0.030658372 -0.028710637 0.999082148
1769787836705178624.000000 0.000415802 -0.008614584 0.002842156 0.008794260 -0.032755349 -0.025845841 0.999090493
1769787836805178624.000000 0.000400495 -0.007341562 0.001790026 0.009821623 -0.032717351 -0.018385908 0.999247253
1769787836938510592.000000 0.000800473 -0.007473959 0.003465631 -0.018241197 -0.028511429 -0.018371224 0.999258161
1769787836971844096.000000 0.000802844 -0.007007705 0.002192250 -0.022539200 -0.028322155 -0.019567898 0.999153137
1769787837038511616.000000 0.001276363 -0.007257719 0.002815655 -0.027931497 -0.028804069 -0.018454475 0.999024332
1769787837071844352.000000 0.001535724 -0.006595062 0.003396415 -0.029216595 -0.028956518 -0.020376574 0.998945832
1769787837105179904.000000 0.001140549 -0.007142155 0.003039486 -0.031684667 -0.028610563 -0.019774599 0.998892665
1769787837171844608.000000 0.002237141 -0.006149136 0.004198676 -0.032914247 -0.029074164 -0.020674331 0.998821259
1769787837305178112.000000 0.003228173 -0.004026213 0.000071917 -0.030205771 -0.031808220 -0.025020698 0.998724103
1769787837405178112.000000 0.005062678 -0.002973878 -0.000359163 -0.025989706 -0.036727175 -0.026133571 0.998645425
1769787837438511360.000000 0.004859345 -0.002579376 -0.000313991 -0.023013176 -0.035855617 -0.024631314 0.998788297
1769787837505177856.000000 0.004983903 -0.002282971 -0.000341716 -0.018306037 -0.036542792 -0.024838950 0.998855650
1769787837538510848.000000 0.005205481 -0.002271031 0.000296900 -0.016172605 -0.036333658 -0.025977949 0.998871148
1769787837705178368.000000 0.005173443 -0.001673816 0.001198291 -0.003229765 -0.034811642 -0.025150506 0.999072194
1769787837771844864.000000 0.005208559 -0.001570391 0.000873857 0.000284156 -0.034445353 -0.024848495 0.999097586
1769787837905178880.000000 0.005355006 -0.001276883 0.001048800 0.007401005 -0.035240445 -0.024654005 0.999047339
1769787837938510080.000000 0.005472577 -0.001080005 0.000787124 0.008800898 -0.035159864 -0.024993451 0.999030352
1769787837971843584.000000 0.005380868 -0.001177472 0.000924630 0.010006459 -0.035584468 -0.023686305 0.999035835
1769787838571843840.000000 0.005770169 -0.000813368 0.001036037 0.020535123 -0.040730573 -0.020277450 0.998753309
1769787838971842816.000000 0.006204408 -0.001189833 0.000341059 0.017643075 -0.046322886 -0.018736446 0.998594940
1769787839038509824.000000 0.006508610 -0.001597315 0.000545910 0.016224958 -0.047436256 -0.019073557 0.998560369
1769787839105178368.000000 0.006427064 -0.001641429 -0.000083271 0.014754141 -0.047968376 -0.018800909 0.998562932
1769787839138509824.000000 0.006302763 -0.001882280 0.000197487 0.013886734 -0.048249297 -0.018154202 0.998573780
1769787839171843328.000000 0.006501144 -0.002225793 0.000298411 0.012749872 -0.049175173 -0.019051583 0.998527050
1769787839205176576.000000 0.006590785 -0.002159076 0.000628877 0.011740919 -0.049373858 -0.017539704 0.998557329
1769787839405176320.000000 0.006881573 -0.002857181 -0.000747956 0.005704098 -0.052715931 -0.016360193 0.998459280
1769787839505176320.000000 0.007050802 -0.003304552 -0.000939312 0.001725078 -0.054480653 -0.016706854 0.998373568
1769787839605177600.000000 0.007301917 -0.004261190 -0.001249397 -0.004853551 -0.055533428 -0.017724149 0.998287737
1769787839738509568.000000 0.007421518 -0.004926044 -0.001382359 -0.011157053 -0.057005316 -0.018837510 0.998133838
1769787839771843328.000000 0.007141406 -0.005551793 -0.000927237 -0.013639740 -0.056985199 -0.017974379 0.998120010
1769787839838510592.000000 0.006976046 -0.005844652 -0.001698851 -0.017557690 -0.056932028 -0.018064324 0.998060226
1769787839871843072.000000 0.007091799 -0.006040861 -0.002192543 -0.019533083 -0.057505298 -0.017061066 0.998008251
1769787840038509824.000000 0.007102898 -0.007719896 -0.002763939 -0.030697338 -0.058266800 -0.015104555 0.997714639
1769787840105178112.000000 0.007399756 -0.008403215 -0.002889533 -0.035406243 -0.059548933 -0.014279307 0.997495115
1769787840171842560.000000 0.007334822 -0.008917147 -0.001818684 -0.041113131 -0.059283420 -0.015723789 0.997270286
1769787840205176064.000000 0.006229382 -0.008876086 -0.004070617 -0.042628027 -0.058628712 -0.012149306 0.997295320
1769787840271853568.000000 0.007293554 -0.009731246 -0.004012112 -0.046344806 -0.059918672 -0.012341931 0.997050464
1769787840505187584.000000 0.007146516 -0.012339900 -0.002723115 -0.064783677 -0.059711821 -0.010186679 0.996059120
1769787840538519808.000000 0.007015815 -0.012622675 -0.002709317 -0.067258343 -0.059175733 -0.008083518 0.995946407
1769787840605189120.000000 0.007012296 -0.013185006 -0.002509080 -0.072105631 -0.059507787 -0.012920195 0.995536387
1769787840638520832.000000 0.007185065 -0.013749569 -0.003163191 -0.073805943 -0.061661772 -0.022864368 0.995101869
1769787840705186816.000000 0.007287223 -0.014307227 -0.002790331 -0.077711925 -0.064281121 -0.047930378 0.993746161
1769787840771853568.000000 0.007220842 -0.015001855 -0.002198832 -0.081910610 -0.065990016 -0.071138911 0.991904914
1769787840838519808.000000 0.007290922 -0.016125171 -0.002069855 -0.085503995 -0.067538604 -0.093775906 0.989612877
1769787840871853056.000000 0.007447364 -0.016358420 -0.001790258 -0.088059030 -0.069200866 -0.105687551 0.988072395
1769787840905187840.000000 0.007257419 -0.016446022 -0.002479589 -0.089631997 -0.070307396 -0.117006317 0.986576200
1769787840971853568.000000 0.007171565 -0.017317392 -0.003186213 -0.093422376 -0.072500080 -0.139421314 0.983146846
1769787841071852800.000000 0.006883805 -0.018381251 -0.003730738 -0.099290289 -0.075533375 -0.170178875 0.977484167
1769787841238520576.000000 0.007100144 -0.020062052 -0.003562465 -0.107971191 -0.082046591 -0.220400572 0.965936959
1769787841271852800.000000 0.007121366 -0.020676043 -0.003386125 -0.109231450 -0.083522223 -0.230100662 0.963403463
1769787841338520832.000000 0.007011154 -0.021337863 -0.004180939 -0.112220936 -0.085346267 -0.248707265 0.958262622
1769787841371852800.000000 0.007029934 -0.021995464 -0.004447652 -0.113993794 -0.085970327 -0.258450687 0.955414951
1769787841405186304.000000 0.006775570 -0.022358650 -0.004804421 -0.115830444 -0.087364495 -0.266019911 0.952987015
1769787841471853056.000000 0.006886792 -0.022970494 -0.005707053 -0.118164428 -0.090411596 -0.283102840 0.947478652
1769787841538519552.000000 0.006711222 -0.023592614 -0.004597669 -0.120590471 -0.091428116 -0.298280269 0.942405283
1769787841605187584.000000 0.006715424 -0.024586363 -0.004676993 -0.123208083 -0.093993515 -0.310167968 0.937966347
1769787841705186048.000000 0.006422978 -0.025309864 -0.005343025 -0.127392024 -0.095393464 -0.330199331 0.930397689
1769787841738519552.000000 0.006204957 -0.025654938 -0.004858440 -0.128794521 -0.096230783 -0.334607333 0.928541601
1769787841771853568.000000 0.006163319 -0.025962014 -0.005114826 -0.129704416 -0.096785612 -0.341384381 0.925886631
1769787841805186304.000000 0.006075093 -0.026252020 -0.005338744 -0.131126776 -0.097656637 -0.347183496 0.923435211
1769787841838518528.000000 0.006020360 -0.026625287 -0.004736284 -0.132453963 -0.098298602 -0.352017552 0.921345174
1769787841871852032.000000 0.005871658 -0.026741941 -0.005364701 -0.133498579 -0.098472640 -0.357359827 0.919116557
1769787842371852800.000000 0.003874429 -0.028501352 -0.004897628 -0.145319104 -0.093754962 -0.398890078 0.900543749
1769787842405186304.000000 0.003899099 -0.028461961 -0.005659745 -0.145598471 -0.093355998 -0.398216128 0.900838315
1769787842438520064.000000 0.003707939 -0.028497592 -0.005146648 -0.146074340 -0.092687413 -0.398475498 0.900715590
1769787842505186304.000000 0.003446030 -0.028338168 -0.006226232 -0.146406218 -0.090769887 -0.399586231 0.900364876
1769787842571852800.000000 0.003024952 -0.028225584 -0.005880511 -0.147741213 -0.087961964 -0.398656696 0.900837481
1769787842671852288.000000 0.002495689 -0.028121524 -0.006390480 -0.148692593 -0.084329806 -0.397835165 0.901391268
1769787842738519296.000000 0.002392556 -0.027981654 -0.006199239 -0.148757771 -0.081397742 -0.395287693 0.902769744
1769787842838520064.000000 0.001497816 -0.027355118 -0.005792799 -0.148320243 -0.074765749 -0.388261616 0.906456888
1769787842905186560.000000 0.001265721 -0.027123705 -0.006230897 -0.148088336 -0.071460411 -0.385099620 0.908108771
1769787843071851776.000000 0.000331433 -0.026075628 -0.006026669 -0.147030324 -0.060168307 -0.370492876 0.915148556
1769787843138519296.000000 0.000014640 -0.025578221 -0.005599052 -0.146108195 -0.055060625 -0.362753958 0.918711185
1769787843171852032.000000 0.000153640 -0.025548154 -0.006361621 -0.145007342 -0.053305961 -0.359522223 0.920258164
1769787843205185536.000000 -0.000192778 -0.025356913 -0.005891658 -0.145071253 -0.050763190 -0.354466230 0.922350883
1769787843305185024.000000 -0.000798016 -0.024260605 -0.005386299 -0.141913667 -0.042660188 -0.337900281 0.929442883
1769787843371851776.000000 -0.001230480 -0.023381136 -0.006446781 -0.138700694 -0.035226163 -0.324828893 0.934883654
1769787843405185536.000000 -0.001651685 -0.023087412 -0.005802465 -0.137959614 -0.031799447 -0.317366600 0.937674999
1769787843471851776.000000 -0.002324139 -0.022147659 -0.007124497 -0.135449916 -0.023997473 -0.298454732 0.944458663
1769787843538517760.000000 -0.003043373 -0.020865375 -0.007952170 -0.130982086 -0.016328059 -0.277332306 0.951663733
1769787843571852288.000000 -0.002907864 -0.020818232 -0.007184612 -0.130489320 -0.013361561 -0.270652562 0.953698695
1769787843605186560.000000 -0.002981304 -0.020503072 -0.005856222 -0.129251346 -0.008618380 -0.258437693 0.957303405
1769787843638518528.000000 -0.003539343 -0.019716816 -0.006316618 -0.126530826 -0.003568719 -0.243351206 0.961643100
1769787843671852032.000000 -0.004107967 -0.019252820 -0.007178039 -0.124358371 0.000034118 -0.230745330 0.965034485
1769787843705185280.000000 -0.004451112 -0.018518517 -0.007556731 -0.121453620 0.003853877 -0.221546650 0.967549145
1769787843738518272.000000 -0.004320868 -0.018669309 -0.007904726 -0.121336505 0.005282004 -0.213070273 0.969458938
1769787843771851776.000000 -0.004430028 -0.018378189 -0.007616411 -0.119887650 0.008152137 -0.201944709 0.971997380
1769787843805185024.000000 -0.004422984 -0.018199427 -0.006859753 -0.117740795 0.011347690 -0.193165839 0.974009931
1769787843838517760.000000 -0.004637408 -0.017871007 -0.006391178 -0.115734123 0.014581059 -0.185175478 0.975757658
1769787843905186304.000000 -0.004886377 -0.017156444 -0.007033410 -0.108370058 0.019428568 -0.176257968 0.978167474
1769787843938517248.000000 -0.005722137 -0.016841616 -0.008342938 -0.106455848 0.021361178 -0.176311299 0.978327751
1769787844005184768.000000 -0.005457210 -0.016445210 -0.006162533 -0.098887257 0.027710043 -0.175494477 0.979109406
1769787844038518528.000000 -0.005511127 -0.016166003 -0.006555259 -0.094760187 0.029910777 -0.176146030 0.979335725
1769787844071850752.000000 -0.005761598 -0.015788332 -0.006881206 -0.090834595 0.032756865 -0.177379742 0.979393959
1769787844105186560.000000 -0.005621816 -0.015710106 -0.006406134 -0.087131500 0.035567269 -0.176325351 0.979822695
1769787844138518528.000000 -0.006018901 -0.015241961 -0.006654618 -0.082790487 0.039740436 -0.177157938 0.979888558
1769787844171851008.000000 -0.006098614 -0.014950788 -0.006488500 -0.079471745 0.042778745 -0.177739650 0.979930043
1769787844205184768.000000 -0.006241903 -0.014951685 -0.007015352 -0.076086886 0.045647781 -0.179126546 0.979816735
1769787844238519040.000000 -0.006143835 -0.014694465 -0.006170076 -0.072531499 0.049212683 -0.178703755 0.979990959
1769787844271851264.000000 -0.006150307 -0.014653466 -0.006465191 -0.069639236 0.051949110 -0.181251541 0.979591548
1769787844305184768.000000 -0.005997355 -0.014688203 -0.006338414 -0.066335045 0.054337811 -0.182907149 0.979383528
1769787844371851264.000000 -0.005785349 -0.014446018 -0.005800146 -0.060994521 0.061182745 -0.185534135 0.978832662
1769787844405184768.000000 -0.006022650 -0.014356045 -0.005998535 -0.058231633 0.065584406 -0.186603352 0.978512645
1769787844438518784.000000 -0.005913734 -0.014420751 -0.005836133 -0.056553308 0.069807611 -0.186820686 0.978277385
1769787844471851264.000000 -0.005755689 -0.014439848 -0.005655297 -0.055064701 0.074076265 -0.188927621 0.977643609
1769787844538518016.000000 -0.005676679 -0.014099168 -0.005469879 -0.051545445 0.082927138 -0.192174882 0.976491213
1769787844571851520.000000 -0.005711538 -0.014009199 -0.005614923 -0.050578453 0.087227672 -0.193671659 0.975871146
1769787844605185792.000000 -0.005643431 -0.013972760 -0.005126238 -0.049459599 0.091624051 -0.194556043 0.975349545
1769787844705184512.000000 -0.005440153 -0.014044622 -0.005065341 -0.049763296 0.102083959 -0.202540144 0.972666442
1769787844738517760.000000 -0.005927951 -0.013639487 -0.005435391 -0.048795439 0.106168002 -0.204187915 0.971933484
1769787844771851776.000000 -0.005799018 -0.013524348 -0.005055239 -0.049419183 0.108745165 -0.206715256 0.971082389
1769787844805184512.000000 -0.005161186 -0.013451717 -0.003801940 -0.049471829 0.110576741 -0.209544450 0.970266163
1769787844838517504.000000 -0.005313019 -0.013334702 -0.004119292 -0.049408134 0.111839868 -0.210401416 0.969939172
1769787844871851008.000000 -0.005420192 -0.013229877 -0.004255223 -0.048536420 0.112557232 -0.208265975 0.970360935
1769787844938516992.000000 -0.006139312 -0.012340547 -0.005059809 -0.059529752 0.111476757 -0.199838400 0.971644878
1769787845038518272.000000 -0.006268701 -0.011426966 -0.003403294 -0.077600352 0.106640458 -0.178860515 0.974994838
1769787845171851008.000000 -0.006012646 -0.010621369 -0.001089459 -0.086832330 0.106242500 -0.153483003 0.978578389
1769787845205184512.000000 -0.007082856 -0.010305964 -0.002721018 -0.087454669 0.106394336 -0.147883326 0.979368448
1769787845305184000.000000 -0.006912606 -0.009371032 -0.002038072 -0.088057019 0.106228165 -0.137113899 0.980898201
1769787845338517248.000000 -0.007329221 -0.008957677 -0.001982536 -0.087536231 0.107394122 -0.133106932 0.981369674
1769787845371850752.000000 -0.005822309 -0.008317236 0.000500213 -0.086989895 0.107070692 -0.130257845 0.981835842
1769787845405184256.000000 -0.007105509 -0.008710589 -0.001700682 -0.086215638 0.107737333 -0.126967967 0.982262015
1769787845638517760.000000 -0.007601416 -0.007639350 -0.000717308 -0.073652245 0.109856047 -0.114057213 0.984630883
1769787845705184000.000000 -0.010162463 -0.008153697 -0.005470132 -0.066775911 0.111141436 -0.111188866 0.985304832
1769787845771850752.000000 -0.008746902 -0.007663398 -0.002784482 -0.060348649 0.111485809 -0.110662393 0.985739708
1769787845838518016.000000 -0.009149735 -0.007618222 -0.003614454 -0.053790905 0.112221554 -0.110191986 0.986088514
1769787846038516736.000000 -0.007764840 -0.007167960 -0.001685567 -0.039244615 0.114158310 -0.105857424 0.987026811
1769787846138516992.000000 -0.008779292 -0.007337543 -0.002320575 -0.033272788 0.116423950 -0.102175482 0.987369537
1769787846471849984.000000 -0.009316077 -0.006652480 -0.001798291 -0.019866819 0.123539820 -0.102899864 0.986790180
1769787846538516480.000000 -0.009124767 -0.006609372 -0.001399987 -0.019086542 0.124349512 -0.102413930 0.986754417
1769787847105184256.000000 -0.010111315 -0.006779886 -0.001617256 -0.020385809 0.135209352 -0.104931146 0.985034168
1769787847171849728.000000 -0.010746023 -0.006703254 -0.001859215 -0.020693839 0.136754036 -0.104819492 0.984826386
1769787847205183232.000000 -0.010552539 -0.006648121 -0.002627447 -0.020943036 0.137029931 -0.105400644 0.984720707
1769787847371849472.000000 -0.010932687 -0.007498423 -0.002458644 -0.025325190 0.140612140 -0.104197696 0.984240711
1769787847438516224.000000 -0.011100587 -0.007383161 -0.002958264 -0.026434256 0.141534075 -0.106205262 0.983864725
1769787847538515712.000000 -0.012048848 -0.007943668 -0.002702065 -0.028366357 0.146921828 -0.095130555 0.984154224
1769787847705182976.000000 -0.012774573 -0.008279199 -0.002905127 -0.037818126 0.148203358 -0.103314519 0.982818246
1769787847738515968.000000 -0.009560721 -0.007590517 0.001693113 -0.040104989 0.147530988 -0.102975421 0.982864320
1769787848038533120.000000 -0.010165205 -0.008770913 0.002842704 -0.057174418 0.152898595 -0.101524897 0.981348991
1769787848071865856.000000 -0.013652161 -0.009314915 -0.002176628 -0.058271762 0.153175414 -0.108738579 0.980468094
1769787848238533888.000000 -0.007487669 -0.008174003 0.006835002 -0.070709392 0.151862442 -0.109892331 0.979725301
1769787848305199104.000000 -0.010997445 -0.010380151 0.003831991 -0.075423822 0.158552527 -0.099726580 0.979401350
1769787848805199104.000000 -0.001016211 -0.032985583 0.009931847 -0.118871972 0.155500695 -0.104095176 0.975117028
1769787848905200128.000000 -0.005023573 -0.028357163 0.003680224 -0.125673160 0.154992402 -0.110030107 0.973692477
1769787849505198848.000000 -0.015512150 -0.029968824 -0.008295903 -0.165876836 0.154795676 -0.102106482 0.968554318
1769787849938531584.000000 -0.015524292 -0.030065564 -0.009061162 -0.189601079 0.144557521 -0.097825721 0.966221869
1769787850038532608.000000 -0.019145207 -0.031993065 -0.012814064 -0.193552002 0.142427787 -0.094558433 0.966080070
1769787850238532864.000000 -0.017370461 -0.030543601 -0.011984740 -0.198380381 0.138478562 -0.093147077 0.965811849
1769787850271864576.000000 -0.016505050 -0.029979974 -0.009321741 -0.200076506 0.137857139 -0.092441380 0.965618670
1769787850438531840.000000 -0.017640054 -0.029343363 -0.010905942 -0.202072576 0.132027000 -0.091322705 0.966124058
1769787850505198592.000000 -0.018425465 -0.030428670 -0.011138121 -0.204237595 0.130439088 -0.089002199 0.966101110
1769787850571865344.000000 -0.020843089 -0.030912729 -0.012833542 -0.205049887 0.129557326 -0.090038434 0.965951622
1769787850705198080.000000 -0.019746263 -0.029910009 -0.011708161 -0.204920694 0.125245839 -0.089614257 0.966586947
1769787850871864064.000000 -0.020078763 -0.030022008 -0.011741538 -0.203966513 0.119025551 -0.087582171 0.967760324
1769787850905198848.000000 -0.019145636 -0.029108346 -0.010064117 -0.203234181 0.117308818 -0.089041777 0.967990756
1769787851205198336.000000 -0.019412339 -0.029212855 -0.009924514 -0.197314143 0.104310550 -0.088586859 0.970741391
1769787851238531584.000000 -0.019413536 -0.029452069 -0.009792307 -0.196048424 0.102619149 -0.087952010 0.971235693
1769787851271864320.000000 -0.019590432 -0.029383320 -0.010218787 -0.194910273 0.100956224 -0.088920131 0.971550882
1769787851338531328.000000 -0.018851420 -0.029529650 -0.009156182 -0.192807630 0.098152600 -0.086265825 0.972496510
1769787851371864320.000000 -0.020780697 -0.029628966 -0.009710308 -0.190872371 0.096974626 -0.087819204 0.972857416
1769787851438531072.000000 -0.019733597 -0.030002687 -0.010065119 -0.188354507 0.092461199 -0.088347316 0.973739326
1769787851505197824.000000 -0.019562777 -0.028992118 -0.008445939 -0.185466379 0.089330330 -0.089877129 0.974445701
1769787851538530816.000000 -0.019225143 -0.028807413 -0.009459450 -0.183714882 0.087041453 -0.090143055 0.974959970
1769787851671863296.000000 -0.020990850 -0.030750245 -0.011351170 -0.177194774 0.080925986 -0.088535242 0.976839066
1769787851705197824.000000 -0.020902805 -0.030518534 -0.011545965 -0.174852848 0.079176001 -0.088084392 0.977445006
1769787851738530048.000000 -0.020494634 -0.030628577 -0.010974856 -0.173921794 0.076909445 -0.089370623 0.977675319
1769787851771864576.000000 -0.020503130 -0.030034389 -0.011536201 -0.170969859 0.075530089 -0.088243172 0.978405714
1769787851805197824.000000 -0.020017309 -0.030250939 -0.010438249 -0.170629114 0.073932335 -0.089356244 0.978486180
1769787851871863808.000000 -0.019603452 -0.029555678 -0.011082098 -0.165376812 0.070489183 -0.088981785 0.979675531
1769787851905198336.000000 -0.018943714 -0.029711334 -0.010039935 -0.165146083 0.068791918 -0.089362197 0.979800403
1769787851938530304.000000 -0.018772962 -0.029191278 -0.009908827 -0.161688626 0.067291416 -0.088843890 0.980528176
1769787852005197056.000000 -0.018452765 -0.028847326 -0.010934833 -0.158068910 0.064104930 -0.089983717 0.981227696
1769787852038530560.000000 -0.017456999 -0.029236315 -0.007013544 -0.156273514 0.062970407 -0.088401727 0.981732368
1769787852071863296.000000 -0.018019121 -0.028299600 -0.009709389 -0.154618770 0.062964149 -0.089307055 0.981912851
1769787852105198848.000000 -0.017734613 -0.028463971 -0.009798126 -0.153549120 0.062439807 -0.089256674 0.982118726
1769787852138531328.000000 -0.017482886 -0.028020561 -0.009516360 -0.150266156 0.059506033 -0.092078835 0.982547998
1769787852171863552.000000 -0.017799115 -0.028032606 -0.010107307 -0.148908541 0.058605839 -0.092991360 0.982722878
1769787852205197312.000000 -0.017368356 -0.027810171 -0.010932222 -0.145807549 0.056108937 -0.092777282 0.983353615
1769787852238531584.000000 -0.017229959 -0.027120685 -0.011313493 -0.141341284 0.055063762 -0.094444685 0.983905911
1769787852271863040.000000 -0.016521178 -0.027507585 -0.007170605 -0.139824271 0.053518914 -0.094144523 0.984236598
1769787852505197056.000000 -0.016513195 -0.026410479 -0.009440722 -0.117999651 0.041054089 -0.093058102 0.987790883
1769787852538530304.000000 -0.016127901 -0.026226692 -0.009379168 -0.115010262 0.038166698 -0.094630599 0.988109827
1769787852571864320.000000 -0.015964519 -0.026348902 -0.009216905 -0.111891210 0.035991933 -0.095280997 0.988486946
1769787852605198848.000000 -0.016512008 -0.025943168 -0.010219765 -0.107531257 0.035054456 -0.094170846 0.989110768
1769787852638531072.000000 -0.015840804 -0.026007840 -0.009508283 -0.105132289 0.032603491 -0.094257109 0.989444196
1769787852905197568.000000 -0.016186245 -0.025238091 -0.007525593 -0.081495881 0.008240147 -0.087093681 0.992826879
1769787852938530048.000000 -0.015433258 -0.024401287 -0.007364138 -0.078831837 0.004026640 -0.087743491 0.993010759
1769787853138531328.000000 -0.015657224 -0.023336822 -0.007598214 -0.066201568 -0.016155692 -0.072302848 0.995052099
1769787853171862528.000000 -0.015432286 -0.023327947 -0.008255403 -0.066234104 -0.017790433 -0.070489258 0.995152175
1769787853238530816.000000 -0.015496991 -0.022873931 -0.008357530 -0.066736884 -0.016767455 -0.063371859 0.995614886
1769787853271862528.000000 -0.014888897 -0.022946343 -0.007275026 -0.066545114 -0.016140353 -0.063089371 0.995656073
1769787853338531840.000000 -0.015024678 -0.022496462 -0.008030782 -0.079994947 -0.012501298 -0.063804291 0.994672596
1769787853405196544.000000 -0.015289977 -0.022396427 -0.008431384 -0.094336852 -0.010612618 -0.063935712 0.993428469
1769787853438530304.000000 -0.014833312 -0.022477224 -0.006796100 -0.099734686 -0.008901414 -0.065836459 0.992793739
1769787853605199360.000000 -0.012767604 -0.022576204 -0.000780201 -0.112169549 -0.006899136 -0.065909609 0.991476834
1769787853671862784.000000 -0.012858807 -0.021177910 -0.004841334 -0.111683771 -0.009369755 -0.070200793 0.991216838
1769787853705196800.000000 -0.015415028 -0.021187136 -0.010200271 -0.110730670 -0.008876032 -0.069406383 0.991384268
1769787853805196032.000000 -0.017460408 -0.020309653 -0.015487740 -0.109557226 -0.007537375 -0.068735190 0.991572440
1769787853905197056.000000 -0.017417219 -0.020051569 -0.022155121 -0.102281764 -0.009457021 -0.070944525 0.992177367
1769787853938529280.000000 -0.017574379 -0.020246511 -0.021997195 -0.101816781 -0.009164816 -0.069460683 0.992332935
1769787853971862272.000000 -0.018083846 -0.020283582 -0.021395560 -0.099016435 -0.007822286 -0.066378638 0.992838562
1769787854205195776.000000 -0.016604614 -0.019058391 -0.021838164 -0.080565400 -0.012617992 -0.066253319 0.994464934
1769787854405196032.000000 -0.015748950 -0.019019449 -0.021827785 -0.071200222 -0.015021878 -0.066477537 0.995130956
1769787854505196032.000000 -0.015750807 -0.018592691 -0.021406384 -0.068383053 -0.016123891 -0.068373494 0.995182812
1769787854838530304.000000 -0.015650835 -0.018458452 -0.021698104 -0.062008236 -0.018751387 -0.063743636 0.995861530
1769787855605197824.000000 -0.014876440 -0.020279387 -0.023065045 -0.069144733 -0.029315626 -0.058974199 0.995430410
1769787855638528512.000000 -0.014816114 -0.020298146 -0.022488700 -0.069271922 -0.029448310 -0.059915036 0.995361447
1769787855671861248.000000 -0.014943367 -0.020281760 -0.023083264 -0.070198655 -0.029518230 -0.059381656 0.995326459
1769787855705195264.000000 -0.014810990 -0.020561682 -0.022381237 -0.071397275 -0.030132022 -0.058641955 0.995266616
1769787855771862016.000000 -0.014678326 -0.020891810 -0.022631094 -0.073466241 -0.031136237 -0.058714617 0.995080829
1769787855905195008.000000 -0.014775313 -0.021429442 -0.023174185 -0.079302832 -0.032638699 -0.057718363 0.994642854
1769787856005195264.000000 -0.014848874 -0.022066772 -0.023266649 -0.082568705 -0.033155587 -0.057028092 0.994399786
1769787856238535936.000000 -0.014601302 -0.023768868 -0.023528336 -0.095317572 -0.035146277 -0.057700139 0.993151546
1769787856271867648.000000 -0.014583147 -0.023319170 -0.026372727 -0.096263513 -0.036707330 -0.059164722 0.992917657
1769787858571867392.000000 -0.017880887 -0.038741075 -0.022444341 -0.223176152 -0.097995803 -0.400850028 0.883124292
1769787858605201408.000000 -0.017943848 -0.038671426 -0.022155762 -0.223481297 -0.097402588 -0.405274540 0.881090999
1769787858638533632.000000 -0.017894216 -0.038808744 -0.022575250 -0.224046201 -0.098116152 -0.407683671 0.879755974
1769787858738533120.000000 -0.018847927 -0.039213739 -0.023995038 -0.226257250 -0.096191972 -0.413439006 0.876711428
1769787858871866368.000000 -0.019331526 -0.039126530 -0.023318077 -0.227885157 -0.093418770 -0.416851640 0.874971986
1769787858971866624.000000 -0.019320361 -0.038941234 -0.022956902 -0.229137003 -0.091375694 -0.419058442 0.873805881
1769787859005200384.000000 -0.019747823 -0.039340481 -0.023616908 -0.230328038 -0.090544283 -0.418167561 0.874006093
1769787859138533888.000000 -0.020167578 -0.038886748 -0.023507765 -0.230616271 -0.085120954 -0.416148841 0.875437438
1769787859205199872.000000 -0.020408589 -0.038697321 -0.023497371 -0.230709597 -0.081902064 -0.414489806 0.876506329
1769787859305199360.000000 -0.020636866 -0.038314708 -0.023169246 -0.230708122 -0.076232523 -0.409035772 0.879574955
1769787859571866624.000000 -0.021663951 -0.037291009 -0.023481239 -0.229176298 -0.058031112 -0.391204596 0.889420927
1769787859605199360.000000 -0.021984320 -0.037045445 -0.023678171 -0.228470698 -0.054401234 -0.385192245 0.892450869
1769787859638533120.000000 -0.021912765 -0.036553565 -0.023234531 -0.227183312 -0.051708512 -0.382811397 0.893962801
1769787859671865344.000000 -0.022145044 -0.036564350 -0.023340752 -0.227460578 -0.049001668 -0.380092204 0.895204127
1769787859905199872.000000 -0.023277875 -0.034465976 -0.023677552 -0.220290184 -0.023226514 -0.336075664 0.915415704
1769787859971865088.000000 -0.023631115 -0.033692993 -0.024060016 -0.216788560 -0.014576025 -0.319715351 0.922264814
1769787860005199104.000000 -0.023887966 -0.033343155 -0.024502518 -0.215180174 -0.009488503 -0.310366213 0.925894320
1769787860038532608.000000 -0.024094466 -0.033331033 -0.024883427 -0.213967994 -0.004745429 -0.298081607 0.930237889
1769787860071865344.000000 -0.024172796 -0.032982960 -0.024681054 -0.212095857 -0.000131765 -0.287103087 0.934123755
1769787860105201152.000000 -0.024662128 -0.032486595 -0.024967644 -0.210414544 0.005921327 -0.275936574 0.937843144
1769787860138533888.000000 -0.024825109 -0.032241870 -0.025138173 -0.207453609 0.010129714 -0.261626720 0.942556024
1769787860205199360.000000 -0.025157524 -0.031798176 -0.025056075 -0.203611344 0.018386202 -0.242440984 0.948381126
1769787860238533376.000000 -0.025474807 -0.031283043 -0.026137507 -0.201854587 0.022032440 -0.233290702 0.950970411
1769787860305198592.000000 -0.025720995 -0.031179782 -0.025421470 -0.197935402 0.030311804 -0.214761347 0.955918610
1769787860338532096.000000 -0.025854284 -0.030263526 -0.025486358 -0.192139208 0.033047087 -0.210749373 0.957901418
1769787860371866112.000000 -0.025831727 -0.030087002 -0.025397945 -0.188677311 0.035431787 -0.204966024 0.959757507
1769787860471865600.000000 -0.026504507 -0.029417388 -0.025492465 -0.176879466 0.043740146 -0.201652542 0.962360024
1769787860538532352.000000 -0.026468553 -0.029038414 -0.025140133 -0.170515478 0.047846928 -0.206059769 0.962379634
1769787860638532352.000000 -0.026200172 -0.028658338 -0.024579156 -0.160371631 0.055535067 -0.209496722 0.962968349
1769787860705199104.000000 -0.026452165 -0.028459977 -0.025245532 -0.153814688 0.060991190 -0.211362004 0.963300169
1769787860738532352.000000 -0.026512038 -0.028582336 -0.025549252 -0.150522545 0.063743934 -0.212955356 0.963291049
1769787860805198848.000000 -0.026126910 -0.028239761 -0.024290204 -0.144150198 0.069493659 -0.215783820 0.963238657
1769787860838531840.000000 -0.026234245 -0.028038658 -0.024777714 -0.140749797 0.073286995 -0.217184469 0.963145614
1769787860905199872.000000 -0.026230570 -0.027754055 -0.024611318 -0.136347145 0.081533693 -0.220137745 0.962445378
1769787861038532608.000000 -0.025773581 -0.027110409 -0.023578377 -0.129719019 0.098424681 -0.228771403 0.959765196
1769787861071864576.000000 -0.025678115 -0.027100850 -0.023492545 -0.128682509 0.102354720 -0.232089177 0.958696485
1769787861138532352.000000 -0.025586447 -0.026650343 -0.023509206 -0.126542330 0.110054657 -0.235694438 0.957247674
1769787861171865088.000000 -0.025328668 -0.026627630 -0.023081258 -0.126690045 0.113094144 -0.239687264 0.955881476
1769787861271864832.000000 -0.025003778 -0.026357874 -0.022361552 -0.128428146 0.118492678 -0.247708082 0.952946186
1769787861338531328.000000 -0.025020419 -0.026119642 -0.022340521 -0.127980053 0.119724534 -0.245496154 0.953424811
1769787861438532352.000000 -0.024987396 -0.025643539 -0.021561984 -0.146994382 0.118117727 -0.227737129 0.955288827
1769787861471865344.000000 -0.025539890 -0.025590634 -0.021909984 -0.153054893 0.117847644 -0.219764248 0.956237376
1769787861538532096.000000 -0.026863497 -0.024067948 -0.023969857 -0.160689995 0.117107585 -0.207108274 0.957899153
1769787861571864320.000000 -0.025756486 -0.024943057 -0.021963868 -0.163237870 0.116811126 -0.201101542 0.958784044
1769787861638531840.000000 -0.026265075 -0.024135530 -0.023216348 -0.165639803 0.117660336 -0.189252034 0.960678518
1769787861671864320.000000 -0.024975434 -0.023302749 -0.019552859 -0.167849258 0.117241099 -0.186768979 0.960832179
1769787861705198336.000000 -0.025399160 -0.023106370 -0.019904539 -0.168165863 0.118286975 -0.180730745 0.961802900
1769787861771864064.000000 -0.024789656 -0.021844061 -0.016783172 -0.168649346 0.120158762 -0.172324464 0.963028312
1769787861838531072.000000 -0.025504040 -0.021645976 -0.018572619 -0.167208716 0.120470345 -0.165586621 0.964421749
1769787861905198592.000000 -0.025444645 -0.021163210 -0.017765461 -0.166174382 0.121161431 -0.160208851 0.965421736
1769787861938530560.000000 -0.025450751 -0.020980345 -0.017726380 -0.164532810 0.121224470 -0.157761395 0.966097832
1769787862005198592.000000 -0.025210874 -0.020868024 -0.017369816 -0.161557108 0.121576749 -0.154716089 0.967047751
1769787862071864064.000000 -0.025423905 -0.020584946 -0.017372590 -0.157761529 0.122520082 -0.152419597 0.967919648
1769787862105197568.000000 -0.025313556 -0.020378610 -0.016987870 -0.155133203 0.122977480 -0.151146486 0.968485892
1769787862138531840.000000 -0.025443172 -0.020104187 -0.016996505 -0.151229069 0.123961918 -0.149831653 0.969182014
1769787862438531840.000000 -0.024733102 -0.018918039 -0.015226211 -0.125431508 0.125746012 -0.148124650 0.972889543
1769787862471864320.000000 -0.024760554 -0.018664481 -0.015079586 -0.122660741 0.126765043 -0.146622762 0.973337948
1769787862505197824.000000 -0.024753569 -0.018633667 -0.015040765 -0.120631374 0.126795575 -0.146063551 0.973671615
1769787862705198080.000000 -0.024981020 -0.018245447 -0.014721284 -0.110984027 0.129829526 -0.146810710 0.974306703
1769787862838530304.000000 -0.024959501 -0.017942075 -0.014793534 -0.105270505 0.131858796 -0.146551058 0.974707246
1769787862938530560.000000 -0.025125735 -0.017823393 -0.014921580 -0.102759287 0.133671492 -0.147808984 0.974538326
1769787863405192960.000000 -0.025870273 -0.017628064 -0.014408197 -0.100342125 0.143486321 -0.147341549 0.973464727
1769787863805192704.000000 -0.026742937 -0.018219367 -0.014540331 -0.105542369 0.151917234 -0.147189632 0.971656919
1769787863905193728.000000 -0.027156333 -0.018354367 -0.014396903 -0.108372726 0.154479355 -0.148102909 0.970802248
1769787864105193216.000000 -0.027253270 -0.018407665 -0.014224571 -0.116045348 0.157886654 -0.148458377 0.969311833
1769787864138526720.000000 -0.027743619 -0.018636782 -0.014493963 -0.116940610 0.158648401 -0.147988766 0.969151616
1769787864171858944.000000 -0.027792672 -0.018712267 -0.014419284 -0.118343584 0.159411579 -0.148462653 0.968783557
1769787864205192448.000000 -0.028143043 -0.018755810 -0.014881510 -0.120475441 0.159888506 -0.150244430 0.968167305
1769787864371858688.000000 -0.027827077 -0.018732736 -0.014041395 -0.129540712 0.162787989 -0.151039660 0.966388285
1769787864405192704.000000 -0.027679045 -0.018898664 -0.013656921 -0.131636545 0.163008258 -0.151352465 0.966018915
1769787864538525696.000000 -0.027720582 -0.019196911 -0.012489400 -0.140197530 0.165260762 -0.151576370 0.964395225
1769787864571858688.000000 -0.028214965 -0.019551167 -0.013211948 -0.141031161 0.165911704 -0.151058406 0.964243174
1769787864605193216.000000 -0.027942345 -0.019524373 -0.012513744 -0.143654317 0.165989891 -0.152652413 0.963591218
1769787864738525184.000000 -0.028493132 -0.019703176 -0.012140566 -0.152435631 0.169040635 -0.150182098 0.962098718
1769787864871858176.000000 -0.028752126 -0.020129304 -0.011634641 -0.161835283 0.171089441 -0.149144366 0.960361242
1769787864905192960.000000 -0.028694553 -0.020598888 -0.012178592 -0.164196238 0.171702906 -0.148201108 0.959996939
1769787864938524928.000000 -0.029419260 -0.020480806 -0.012199372 -0.166634992 0.171847984 -0.149697915 0.959318340
1769787865071857920.000000 -0.028640401 -0.018493114 -0.011367843 -0.175478116 0.173785552 -0.147126555 0.957789004
1769787865138525952.000000 -0.028122738 -0.018150760 -0.010229298 -0.181048706 0.174370110 -0.146082267 0.956805289
1769787865205192448.000000 -0.029302895 -0.019023063 -0.011110255 -0.185950264 0.175130785 -0.146302328 0.955692053
1769787865238526208.000000 -0.030697012 -0.020494327 -0.012860157 -0.188947201 0.175635800 -0.144616887 0.955268085
1769787865305191424.000000 -0.029119039 -0.020057302 -0.010271104 -0.194558129 0.175158978 -0.145236209 0.954134643
1769787865438526208.000000 -0.029096946 -0.021497531 -0.009345913 -0.204439983 0.176096857 -0.142335102 0.952331305
1769787865505191680.000000 -0.028052323 -0.022004191 -0.007485515 -0.209737062 0.176099971 -0.140331268 0.951475859
1769787865605191424.000000 -0.028214987 -0.023027563 -0.006666364 -0.216826260 0.176926106 -0.136389434 0.950305998
1769787865638525184.000000 -0.027842820 -0.023249339 -0.006060035 -0.219196588 0.177376911 -0.135417566 0.949817061
1769787865671858432.000000 -0.027799383 -0.023359817 -0.005854002 -0.221682265 0.176694095 -0.135567039 0.949345946
1769787865871857664.000000 -0.027720893 -0.023869073 -0.005733600 -0.235660538 0.176414326 -0.131872088 0.946547329
1769787865905192448.000000 -0.027673464 -0.024000766 -0.005599181 -0.237420604 0.175961241 -0.132327422 0.946128190
1769787865938524672.000000 -0.027861562 -0.024082746 -0.005562078 -0.239473835 0.175280273 -0.131720126 0.945821822
1769787866105193216.000000 -0.028718611 -0.024513511 -0.007446613 -0.248868927 0.172383979 -0.132964671 0.943752289
1769787866138525696.000000 -0.029013425 -0.024948262 -0.007773992 -0.250410140 0.172733635 -0.130868301 0.943573773
1769787866205191680.000000 -0.028933067 -0.024953172 -0.007918809 -0.254179478 0.170736790 -0.133231372 0.942598104
1769787866238525696.000000 -0.029374968 -0.024956562 -0.008356495 -0.255271316 0.170108855 -0.133534327 0.942373633
1769787866271857152.000000 -0.029329108 -0.025081245 -0.008286951 -0.256093651 0.169915259 -0.132876486 0.942278445
1769787866405190912.000000 -0.029733872 -0.023334797 -0.007547657 -0.259285092 0.169388726 -0.130972192 0.941766977
1769787866671857408.000000 -0.030216807 -0.023814652 -0.009166062 -0.268030018 0.163040042 -0.128461763 0.940784454
1769787866705191168.000000 -0.030858677 -0.024710480 -0.010310637 -0.268756896 0.162122741 -0.127874598 0.940815628
1769787866738524160.000000 -0.031111058 -0.024726424 -0.010434220 -0.269335806 0.161317572 -0.128004298 0.940770864
1769787866905192192.000000 -0.031655516 -0.025098687 -0.010791251 -0.272908002 0.156351179 -0.126247227 0.940817297
1769787867005191168.000000 -0.031199085 -0.024356663 -0.010033342 -0.274253249 0.154237017 -0.122761071 0.941236317
1769787867038524928.000000 -0.031282544 -0.024478013 -0.010089743 -0.274585515 0.153163671 -0.123030014 0.941279590
1769787867071856640.000000 -0.031606551 -0.024684666 -0.010244465 -0.274965852 0.152250737 -0.123117290 0.941305280
1769787867305190400.000000 -0.031712513 -0.023856256 -0.009697114 -0.274733692 0.144639939 -0.120453127 0.942916632
1769787867405190400.000000 -0.031940121 -0.023732668 -0.009083960 -0.274274111 0.141157568 -0.120173655 0.943613589
1769787867438524928.000000 -0.031931859 -0.023530379 -0.009223187 -0.273769438 0.139858723 -0.120542526 0.943906426
1769787867571856896.000000 -0.032993786 -0.024090042 -0.009412658 -0.271423548 0.134741813 -0.118122660 0.945632577
1769787867605192192.000000 -0.033023391 -0.024365509 -0.009672065 -0.270863473 0.133557498 -0.118166968 0.945955575
1769787867638524416.000000 -0.032849699 -0.024272639 -0.009590887 -0.270138919 0.133160591 -0.117797166 0.946264803
1769787867771856896.000000 -0.032078043 -0.023894053 -0.010939233 -0.264626384 0.125086486 -0.115878262 0.949156702
1769787867805190656.000000 -0.031373441 -0.023544982 -0.010035519 -0.263568848 0.123296492 -0.116380021 0.949623704
1769787867838523392.000000 -0.030787695 -0.023475222 -0.009263158 -0.262745231 0.121484905 -0.116771735 0.950037241
1769787867871856128.000000 -0.030536983 -0.023189608 -0.009354893 -0.261327744 0.119435474 -0.117797762 0.950561285
1769787867938523392.000000 -0.030194577 -0.023226999 -0.009863751 -0.259010494 0.116843127 -0.115295947 0.951823592
1769787867971856128.000000 -0.030144250 -0.022970265 -0.010369676 -0.257483244 0.114554048 -0.117619790 0.952231765
1769787868005190912.000000 -0.029826272 -0.022870414 -0.010557982 -0.256363630 0.113174252 -0.118182920 0.952629089
1769787868071856128.000000 -0.028908309 -0.022199184 -0.009512707 -0.253030121 0.109275140 -0.119397372 0.953823328
1769787868105190400.000000 -0.028573552 -0.022058446 -0.009580899 -0.251471102 0.108435363 -0.117865480 0.954521775
1769787868138524416.000000 -0.028415421 -0.021977067 -0.009724498 -0.249881029 0.105995968 -0.118898548 0.955085039
1769787868205190144.000000 -0.028278450 -0.021949360 -0.010129763 -0.246816695 0.103630833 -0.117778055 0.956279516
1769787868238523904.000000 -0.027639145 -0.021761168 -0.009608336 -0.245781243 0.102010779 -0.118824117 0.956590950
1769787868271856896.000000 -0.027766798 -0.021647884 -0.009683445 -0.244056389 0.100662105 -0.119061008 0.957145810
1769787868305189376.000000 -0.027303368 -0.021653922 -0.010239952 -0.242207050 0.098789059 -0.119668677 0.957734764
1769787868338522880.000000 -0.027213922 -0.021375813 -0.009638840 -0.241633564 0.097660236 -0.120091140 0.957942486
1769787868371857664.000000 -0.026885852 -0.021113083 -0.009921253 -0.238614723 0.095738553 -0.118937470 0.959036529
1769787868405189632.000000 -0.025922967 -0.020899765 -0.008330694 -0.236634597 0.094426185 -0.117362663 0.959850907
1769787868438523648.000000 -0.026503421 -0.021144962 -0.009164845 -0.235145390 0.093452893 -0.117316261 0.960317731
1769787868471857152.000000 -0.026633238 -0.021008039 -0.008691305 -0.233236462 0.092000492 -0.118189752 0.960816264
1769787868505189888.000000 -0.026470372 -0.020566013 -0.008724083 -0.231571689 0.090364687 -0.118883975 0.961288393
1769787868538523136.000000 -0.026325677 -0.020795574 -0.007977263 -0.230066195 0.089536890 -0.119306900 0.961674869
1769787868605189632.000000 -0.026217876 -0.021133218 -0.007519589 -0.226625964 0.086902902 -0.119180754 0.962748468
1769787868638524160.000000 -0.026194483 -0.021104524 -0.007966888 -0.224340737 0.085503913 -0.119912826 0.963317811
1769787868671856128.000000 -0.025825704 -0.020676566 -0.008093745 -0.221121222 0.083063781 -0.121205993 0.964113533
1769787868705190144.000000 -0.025686443 -0.020459333 -0.008479184 -0.218120590 0.081117995 -0.121527076 0.964922011
1769787868738522368.000000 -0.025559299 -0.020537898 -0.007853547 -0.215416729 0.079625234 -0.122102663 0.965580881
1769787868871855616.000000 -0.024892744 -0.019790526 -0.008213127 -0.202309847 0.071819283 -0.123480745 0.968847394
1769787868905190144.000000 -0.024693426 -0.019458272 -0.008521723 -0.199136123 0.069652900 -0.123482354 0.969662547
1769787868938522880.000000 -0.024401318 -0.019546280 -0.007685890 -0.196874291 0.067544326 -0.123902813 0.970219731
1769787869005189888.000000 -0.023957940 -0.019355720 -0.007170166 -0.191888601 0.063272662 -0.123859853 0.971511245
1769787869038522880.000000 -0.024203300 -0.019329226 -0.007512975 -0.188445196 0.060967293 -0.124783427 0.972214222
1769787869071855616.000000 -0.024057992 -0.019050868 -0.007460354 -0.184962064 0.059321165 -0.123875752 0.973100603
1769787869105191168.000000 -0.023865972 -0.019120310 -0.007135794 -0.182050496 0.057012483 -0.124658495 0.973687530
1769787869138523904.000000 -0.023325376 -0.018543901 -0.006440955 -0.178317741 0.054727614 -0.124302305 0.974554598
1769787869205189888.000000 -0.023442866 -0.018513199 -0.006327610 -0.173431337 0.048346885 -0.124339648 0.975768328
1769787869305189120.000000 -0.022814868 -0.017761040 -0.006160296 -0.164160997 0.036369890 -0.122498386 0.978121996
1769787869405189376.000000 -0.022538055 -0.017444663 -0.005917306 -0.157717913 0.023829840 -0.120677933 0.979792833
1769787869438523136.000000 -0.022141095 -0.017250350 -0.005056238 -0.155697018 0.020143922 -0.118492879 0.980465293
1769787869471855360.000000 -0.021895979 -0.016955970 -0.004715037 -0.152827457 0.016953548 -0.114873074 0.981407404
1769787869505189632.000000 -0.021788608 -0.016865492 -0.004884561 -0.150125831 0.013030269 -0.111272633 0.982298732
1769787869538522624.000000 -0.021719100 -0.016647847 -0.004409627 -0.148284152 0.009639022 -0.107949398 0.982988238
1769787869571855104.000000 -0.021708671 -0.016474323 -0.004673643 -0.146059409 0.007604191 -0.103559412 0.983811140
1769787869638523136.000000 -0.020694422 -0.015607763 -0.002900992 -0.143704236 0.003254841 -0.095648594 0.984982133
1769787869671855360.000000 -0.020382423 -0.015481981 -0.003312962 -0.142881006 0.003007455 -0.091333374 0.985512137
1769787869738522624.000000 -0.019975547 -0.015214562 -0.003032807 -0.140755638 0.003573134 -0.085628517 0.986328006
1769787869771855616.000000 -0.020819904 -0.015966726 -0.004794897 -0.146722585 0.005393527 -0.086780317 0.985349000
1769787869938521856.000000 -0.018324632 -0.014428167 -0.002370270 -0.175767705 0.007507527 -0.087526001 0.980504215
1769787869971855104.000000 -0.017841488 -0.014064425 -0.001015384 -0.178123325 0.007640918 -0.087898545 0.980044663
1769787870038522368.000000 -0.017346730 -0.013846550 -0.000972716 -0.181575388 0.007189209 -0.087987222 0.979406476
1769787870105189120.000000 -0.017237766 -0.013338851 -0.000768528 -0.183217794 0.006450962 -0.088270292 0.979080200
1769787870171855872.000000 -0.017046308 -0.013212750 -0.000729136 -0.182826519 0.005550261 -0.087714486 0.979208767
1769787870238522880.000000 -0.017161021 -0.013251323 -0.000684927 -0.181883186 0.004445575 -0.089115478 0.979263604
1769787870271855104.000000 -0.016591718 -0.013029676 -0.000662864 -0.180527136 0.003835058 -0.088707529 0.979554117
1769787870305188352.000000 -0.016524689 -0.012865460 -0.000854557 -0.178881034 0.003156850 -0.089786373 0.979760230
1769787870371854848.000000 -0.016052311 -0.012513440 -0.001137014 -0.175378695 0.002176630 -0.089785531 0.980395913
1769787870405188864.000000 -0.015990287 -0.012704031 -0.001144923 -0.172890440 0.001882256 -0.089625902 0.980852962
1769787870438522368.000000 -0.015954461 -0.012575488 -0.001331562 -0.169938281 0.002131034 -0.089365162 0.981392026
1769787870538522112.000000 -0.015464564 -0.012242197 -0.000962012 -0.162259728 0.001363601 -0.089589842 0.982671678
1769787870571854848.000000 -0.015361157 -0.012038673 -0.000959701 -0.159502894 0.000938135 -0.089516118 0.983130097
1769787870605190400.000000 -0.015344998 -0.011856951 -0.000954264 -0.157096341 0.001548471 -0.088985585 0.983564913
1769787870738521088.000000 -0.015192769 -0.011933230 -0.000869504 -0.150339484 0.001171293 -0.089458250 0.984578073
1769787870905189376.000000 -0.015038385 -0.011283025 -0.000779911 -0.142200649 -0.000177877 -0.089194693 0.985810935
1769787870938521344.000000 -0.014726875 -0.011413526 -0.000366559 -0.141986147 -0.000662072 -0.090231903 0.985747337
1769787871005188608.000000 -0.014736653 -0.011274897 -0.000368726 -0.139824912 -0.001403628 -0.089771867 0.986097395
1769787871038521856.000000 -0.014692340 -0.011433019 -0.000674211 -0.139168933 -0.001610082 -0.089671224 0.986199021
1769787871338530560.000000 -0.014472893 -0.011322919 -0.000613666 -0.134810209 -0.004852867 -0.087759964 0.986965477
1769787871371865088.000000 -0.014417413 -0.011207661 -0.000632820 -0.133857533 -0.005051097 -0.087390326 0.987126946
1769787871605197824.000000 -0.014183857 -0.011435667 -0.000834552 -0.133430600 -0.007989601 -0.085281268 0.987349749
1769787871905197824.000000 -0.014093531 -0.012021109 -0.001056971 -0.136808261 -0.011068878 -0.082723446 0.987075388
1769787871938530304.000000 -0.014308875 -0.012228404 -0.001378630 -0.137608856 -0.011247522 -0.083017021 0.986937463
1769787872071863296.000000 -0.014362865 -0.012656179 -0.001187658 -0.140405551 -0.012089456 -0.080354169 0.986753941
1769787872105198592.000000 -0.014333519 -0.012863968 -0.001366932 -0.141161382 -0.012525631 -0.080445632 0.986633241
1769787872238531072.000000 -0.014603610 -0.013061582 -0.001849501 -0.143698186 -0.012717271 -0.077323064 0.986514211
1769787872305196544.000000 -0.014569674 -0.013337714 -0.002173218 -0.145694122 -0.013601202 -0.077564999 0.986190617
1769787872405197056.000000 -0.014861306 -0.013656125 -0.002476264 -0.149266362 -0.014057810 -0.075679645 0.985796392
1769787872438531072.000000 -0.014516692 -0.013737798 -0.001884552 -0.149948567 -0.014504286 -0.076015666 0.985660553
1769787872538530304.000000 -0.014858601 -0.014307346 -0.003079328 -0.154196858 -0.015249770 -0.076542921 0.984952748
1769787872705197056.000000 -0.014690845 -0.015652183 -0.002579384 -0.163697988 -0.016884016 -0.077020623 0.983354330
1769787872771863296.000000 -0.014625939 -0.016097156 -0.002710989 -0.166889474 -0.016951632 -0.076629929 0.982847095
1769787872805196800.000000 -0.014783597 -0.016388092 -0.002823767 -0.168526798 -0.016763087 -0.075787276 0.982636273
1769787872838528768.000000 -0.014687512 -0.016846247 -0.002581921 -0.171329349 -0.017079484 -0.075003825 0.982206166
1769787873005196800.000000 -0.015161434 -0.018404745 -0.002398091 -0.181235224 -0.016672734 -0.071723953 0.980679095
1769787873038530304.000000 -0.015161302 -0.018730070 -0.002202499 -0.183439061 -0.016565595 -0.070990868 0.980324447
1769787873105196800.000000 -0.015154018 -0.019541265 -0.002290431 -0.187772587 -0.016301811 -0.068950161 0.979653835
1769787873205196544.000000 -0.015010036 -0.020843510 -0.001361483 -0.195761696 -0.016662322 -0.067368180 0.978192866
1769787873238530304.000000 -0.015449384 -0.021521132 -0.002070316 -0.197863445 -0.016216002 -0.067467108 0.977770567
1769787873371862272.000000 -0.015514943 -0.022641812 -0.001304799 -0.207288384 -0.015238356 -0.064220339 0.976050735
1769787873438530304.000000 -0.015738806 -0.023488395 -0.001363418 -0.212561801 -0.014292537 -0.063006528 0.975009441
1769787873505196544.000000 -0.015616008 -0.024338875 -0.000808996 -0.217706516 -0.014363318 -0.062889889 0.973880112
1769787873538530048.000000 -0.015664836 -0.024826020 -0.000889951 -0.219698563 -0.015039596 -0.065468274 0.973252416
1769787873571862016.000000 -0.015707184 -0.025099406 -0.000992394 -0.221757278 -0.018398831 -0.077080116 0.971876442
1769787873605197312.000000 -0.015761992 -0.025457090 -0.001084080 -0.223944560 -0.021023303 -0.088301159 0.970365763
1769787873671862016.000000 -0.015879726 -0.026814304 -0.000734144 -0.229945734 -0.027057851 -0.112834476 0.966261506
1769787873738529024.000000 -0.015307142 -0.026588492 0.000887175 -0.235579908 -0.032183781 -0.134109676 0.962019205
1769787873771862016.000000 -0.016197179 -0.027368978 -0.000714505 -0.236678615 -0.034557920 -0.144669071 0.960135341
1769787873805196032.000000 -0.015606706 -0.027345214 0.000350811 -0.238712013 -0.037367586 -0.155640393 0.957808077
1769787873838528768.000000 -0.015696013 -0.027215201 -0.000248780 -0.241012171 -0.039997753 -0.166814104 0.955241501
1769787873938529024.000000 -0.015729725 -0.026813503 -0.001013711 -0.247010335 -0.048377018 -0.199048638 0.947114170
1769787873971861248.000000 -0.015109137 -0.025172509 0.002055560 -0.248686314 -0.051103674 -0.209302694 0.944317698
1769787874005195520.000000 -0.015677666 -0.025486048 0.000370050 -0.250298649 -0.053257123 -0.219319895 0.941495121
1769787874038529792.000000 -0.016681798 -0.025858397 0.001202571 -0.253177136 -0.055485386 -0.228956446 0.938297212
1769787874105196288.000000 -0.016256696 -0.025754355 0.000998932 -0.255911112 -0.060950901 -0.247267008 0.932552159
1769787874171861760.000000 -0.016176078 -0.026122916 0.001352612 -0.258087367 -0.064869784 -0.261742443 0.927725017
1769787874205195264.000000 -0.015575530 -0.025018247 0.001717742 -0.260239631 -0.067612022 -0.273838907 0.923426330
1769787874238529792.000000 -0.016263051 -0.025338184 0.000344759 -0.261364281 -0.070284389 -0.282306135 0.920354307
1769787874271862272.000000 -0.015824957 -0.024981417 0.000655738 -0.261684150 -0.071799196 -0.286102742 0.918973088
1769787874305196032.000000 -0.017190382 -0.026005559 -0.003208630 -0.263063908 -0.072995298 -0.294889092 0.915701628
1769787874338528768.000000 -0.016918899 -0.025571756 -0.000938161 -0.264289975 -0.076182932 -0.304260731 0.912015557
1769787874371863552.000000 -0.016613163 -0.026321385 -0.002807613 -0.266241729 -0.079617701 -0.313072294 0.908164203
1769787874405196288.000000 -0.016601542 -0.026425771 -0.002362376 -0.267406583 -0.081720859 -0.320259482 0.905123889
1769787874438529280.000000 -0.016890956 -0.025913369 -0.000194700 -0.268789917 -0.081721142 -0.326207668 0.902586401
1769787874471862272.000000 -0.016800018 -0.027048085 -0.001545500 -0.271093041 -0.085506350 -0.334998637 0.898316860
1769787874505196032.000000 -0.017048303 -0.027223743 -0.001972741 -0.271733910 -0.086605504 -0.340972602 0.895766616
1769787875038528768.000000 -0.018682674 -0.029897513 -0.001835230 -0.287702799 -0.103302509 -0.413438588 0.857685387
1769787875138530560.000000 -0.019391606 -0.030434247 -0.003092394 -0.289121002 -0.102719769 -0.420596361 0.853789508
1769787875438529280.000000 -0.020102071 -0.030267719 -0.001940574 -0.293535650 -0.098837294 -0.430856168 0.847603142
1769787875571860992.000000 -0.020536447 -0.029971719 -0.001922072 -0.294413477 -0.093638904 -0.429978520 0.848334193
1769787875605195008.000000 -0.020787129 -0.030023573 -0.002029151 -0.294772893 -0.091947727 -0.429133713 0.848821998
1769787875638529280.000000 -0.021005139 -0.029897988 -0.002019752 -0.295013279 -0.089982107 -0.428046137 0.849498034
1769787875671861248.000000 -0.021112366 -0.029811615 -0.002117967 -0.295154959 -0.088100821 -0.427042246 0.850151002
1769787875738527488.000000 -0.021461340 -0.029800756 -0.002636894 -0.295094430 -0.084687717 -0.424775004 0.851653457
1769787875805195264.000000 -0.021579888 -0.029351227 -0.001866544 -0.295237064 -0.080318213 -0.420896113 0.853949964
1769787875938528000.000000 -0.022067353 -0.029043617 -0.002383799 -0.294502556 -0.070961684 -0.411350965 0.859664500
1769787876005194752.000000 -0.022261290 -0.028560877 -0.002365615 -0.293475360 -0.065047681 -0.406458378 0.862805068
1769787876105194752.000000 -0.022841759 -0.027939722 -0.002471043 -0.291658014 -0.055554226 -0.395199537 0.869290888
1769787876138529792.000000 -0.023082910 -0.027808450 -0.002630146 -0.291011453 -0.052358244 -0.391010970 0.871597052
1769787876171860736.000000 -0.023099817 -0.027500745 -0.002486037 -0.290361047 -0.049055375 -0.386652648 0.873947263
1769787876205194752.000000 -0.022979785 -0.027205732 -0.001676137 -0.290258408 -0.045674730 -0.381384373 0.876475811
1769787876238528512.000000 -0.023085337 -0.027013438 -0.001968352 -0.289630383 -0.042550802 -0.376732290 0.878849506
1769787876271860736.000000 -0.023191381 -0.026733588 -0.001560526 -0.288427442 -0.038631614 -0.371535867 0.881633878
1769787876338527488.000000 -0.023495302 -0.026566667 -0.002419449 -0.285866499 -0.029413359 -0.358277500 0.888286233
1769787876371860224.000000 -0.023916872 -0.026063126 -0.002794317 -0.284549206 -0.024874467 -0.351903409 0.891390502
1769787876405194496.000000 -0.023368094 -0.025443761 -0.001657859 -0.283765912 -0.020851929 -0.344909310 0.894471705
1769787876471860992.000000 -0.023858089 -0.024978086 -0.001997660 -0.281094551 -0.011045100 -0.325589508 0.902693391
1769787876505194752.000000 -0.023959314 -0.024339614 -0.001840844 -0.279127061 -0.005226035 -0.315050513 0.907085419
1769787876538527744.000000 -0.023979710 -0.024051398 -0.001914684 -0.277690142 -0.000166959 -0.303490132 0.911472440
1769787876571860224.000000 -0.024052696 -0.023685038 -0.001575960 -0.275313407 0.006275733 -0.292116493 0.915877223
1769787876605195776.000000 -0.024408944 -0.023483362 -0.001812314 -0.272079736 0.012445255 -0.280272752 0.920469940
1769787876638528000.000000 -0.024447689 -0.023015589 -0.001614809 -0.270346105 0.017048465 -0.271782130 0.923448384
1769787876671859968.000000 -0.024525268 -0.023090366 -0.001459476 -0.269018978 0.021883879 -0.263047457 0.926259100
1769787876705195008.000000 -0.024811225 -0.023129921 -0.001900700 -0.267378777 0.026063090 -0.255064756 0.928854823
1769787876738526720.000000 -0.024719361 -0.022758393 -0.001609727 -0.265584350 0.029795436 -0.248120278 0.931135595
1769787876771860480.000000 -0.024570458 -0.022669446 -0.001337016 -0.263262331 0.033736028 -0.239756227 0.933847845
1769787876805193984.000000 -0.025022076 -0.022567524 -0.001729285 -0.260295838 0.037208855 -0.235610649 0.935600996
1769787876838526976.000000 -0.025219414 -0.022730248 -0.002130128 -0.257645249 0.038940202 -0.233289197 0.936845124
1769787876871860480.000000 -0.025124870 -0.022357116 -0.001530343 -0.253979415 0.041717663 -0.232842579 0.937837124
1769787876905195264.000000 -0.025433082 -0.021968678 -0.002002516 -0.250015944 0.043695357 -0.232734621 0.938838363
1769787876938527232.000000 -0.025310382 -0.021860827 -0.001853088 -0.246459022 0.045753710 -0.233581334 0.939470232
1769787876971860480.000000 -0.025397621 -0.021494633 -0.001754619 -0.242148727 0.048453394 -0.234971583 0.940108895
1769787877005194496.000000 -0.025399748 -0.021612724 -0.001682610 -0.239503756 0.050416563 -0.235823825 0.940469682
1769787877071859968.000000 -0.025068915 -0.020802522 -0.000651060 -0.231563538 0.056360077 -0.237603560 0.941672146
1769787877105194240.000000 -0.025432423 -0.020626526 -0.001090020 -0.228593424 0.058894597 -0.240246415 0.941572189
1769787877138529536.000000 -0.024973199 -0.020473106 -0.000518286 -0.225644499 0.061078835 -0.241217881 0.941895902
1769787877171860224.000000 -0.026135771 -0.020841898 -0.002324504 -0.223007679 0.064053819 -0.243319660 0.941785634
1769787877205194240.000000 -0.025744095 -0.020618549 -0.001775056 -0.219323650 0.066345409 -0.246811062 0.941583633
1769787877238527744.000000 -0.025212122 -0.020363253 -0.000693358 -0.215716466 0.069480091 -0.245047480 0.942650855
1769787877271859968.000000 -0.025015488 -0.020093182 -0.000690958 -0.211984187 0.071940958 -0.246685252 0.942885816
1769787877305193216.000000 -0.025501911 -0.020161798 -0.001451318 -0.208730668 0.075513005 -0.248869315 0.942758441
1769787877371860480.000000 -0.025535392 -0.019820448 -0.000970264 -0.203378990 0.083596691 -0.253326297 0.942058563
1769787877471859968.000000 -0.024804542 -0.019364521 -0.000627020 -0.198038086 0.095114380 -0.261310369 0.939920783
1769787877505193984.000000 -0.024495136 -0.019627322 -0.000591321 -0.197283670 0.098162964 -0.264050990 0.938999593
1769787877538526976.000000 -0.024773218 -0.018874763 -0.000340941 -0.194683090 0.102789059 -0.266607046 0.938324928
1769787877571859712.000000 -0.024821665 -0.019287154 -0.000100253 -0.195166379 0.106724434 -0.268284887 0.937306345
1769787877605193472.000000 -0.024512958 -0.019067071 0.000265939 -0.194013655 0.110458493 -0.272114873 0.936008096
1769787877638527744.000000 -0.024559986 -0.018819084 0.000219690 -0.193864763 0.112878308 -0.275972754 0.934619725
1769787877738526464.000000 -0.024550056 -0.018946894 0.000303003 -0.195121258 0.118055440 -0.284297019 0.931217372
1769787877771859968.000000 -0.024361258 -0.018699119 0.000358962 -0.195024878 0.119063899 -0.283773661 0.931268871
1769787877838526464.000000 -0.024407033 -0.018005652 0.000071796 -0.196924999 0.119842663 -0.280497581 0.931761444
1769787877905194496.000000 -0.025288103 -0.018043794 -0.000730728 -0.211765736 0.120947890 -0.264593631 0.933015049
1769787877938526720.000000 -0.025533564 -0.018037401 -0.000363209 -0.218006462 0.121565521 -0.255984187 0.933898866
1769787878005193728.000000 -0.025312865 -0.017431736 0.000268187 -0.225576833 0.121412702 -0.244398296 0.935223758
1769787878038526720.000000 -0.025655648 -0.017237147 0.000226076 -0.227743492 0.122944303 -0.237168491 0.936359286
1769787878105195008.000000 -0.025850471 -0.016760837 -0.000293558 -0.230657786 0.123855047 -0.229035035 0.937549949
1769787878138527744.000000 -0.025789494 -0.016198732 0.000199826 -0.232261717 0.124365009 -0.224316522 0.938227057
1769787878171859456.000000 -0.026082288 -0.016153220 -0.000296002 -0.233190075 0.125475317 -0.219464853 0.938996017
1769787878205193728.000000 -0.026591256 -0.016029311 -0.001426102 -0.233285874 0.125925973 -0.215337798 0.939867020
1769787878238526976.000000 -0.026191546 -0.015595347 -0.000126476 -0.233597949 0.126580790 -0.212551937 0.940335572
1769787878271860224.000000 -0.026055314 -0.015429657 -0.000226666 -0.233366489 0.126521826 -0.209818348 0.941014707
1769787878371859200.000000 -0.026701771 -0.014821610 -0.000954607 -0.231092349 0.128992021 -0.201687574 0.943016231
1769787878405192960.000000 -0.026182817 -0.014655178 0.000042256 -0.230313733 0.128918797 -0.198823005 0.943824649
1769787878505192960.000000 -0.026034636 -0.014394052 0.000199576 -0.226535961 0.129398763 -0.196796417 0.945097148
1769787878538526208.000000 -0.026580542 -0.014408237 -0.000501423 -0.223650306 0.129650772 -0.194625676 0.946198761
1769787878838515456.000000 -0.026848242 -0.012977758 -0.000356760 -0.196419984 0.131889701 -0.187452957 0.953354955
1769787878871850496.000000 -0.026869256 -0.012740226 -0.000087792 -0.193814188 0.133339196 -0.187479362 0.953681409
1769787878905183744.000000 -0.026734458 -0.012415962 0.000294631 -0.190925002 0.133370295 -0.187248096 0.954305112
1769787878971847936.000000 -0.026568612 -0.012122693 0.000167098 -0.186755136 0.134127825 -0.186937407 0.955084622
1769787879038516224.000000 -0.026577275 -0.011983649 0.000726872 -0.182385743 0.135373458 -0.186178952 0.955901086
1769787879338515200.000000 -0.027055683 -0.011291571 0.000451688 -0.169654697 0.140245631 -0.185800731 0.957615077
1769787879605183488.000000 -0.027398612 -0.010873079 0.001268846 -0.164502084 0.145956159 -0.186426029 0.957539141
1769787880005181696.000000 -0.028076092 -0.011142110 0.001155892 -0.166421339 0.153348625 -0.187415466 0.955857515
1769787880138516992.000000 -0.028582618 -0.011222736 0.000569183 -0.168133542 0.155040517 -0.190630659 0.954648376
1769787880205181952.000000 -0.029014975 -0.011369092 0.000502119 -0.169019684 0.156978816 -0.190327615 0.954235494
1769787880438515712.000000 -0.029642679 -0.012090193 0.000695849 -0.175873578 0.162122175 -0.190247431 0.952150643
1769787880471848704.000000 -0.029394893 -0.011883855 0.000710496 -0.176741898 0.162549034 -0.190311432 0.951904237
1769787880571847424.000000 -0.030708879 -0.012905283 -0.000434177 -0.180536583 0.164837509 -0.190565273 0.950747132
1769787880638516992.000000 -0.030999446 -0.012900036 -0.000103809 -0.183592841 0.166736498 -0.190096244 0.949924231
1769787880738514432.000000 -0.031200781 -0.013272652 -0.000377099 -0.187815875 0.167419776 -0.192246959 0.948544681
1769787880805181184.000000 -0.031034883 -0.013396882 0.000208278 -0.191090703 0.168702796 -0.192338258 0.947644353
1769787880938514176.000000 -0.030399065 -0.013295973 0.001511107 -0.199735552 0.170685440 -0.193853945 0.945194602
1769787881005181440.000000 -0.029345429 -0.011453487 0.002965938 -0.203043878 0.172048926 -0.192751348 0.944467783
1769787881071846656.000000 -0.030544171 -0.013863048 0.002542448 -0.207338810 0.173778057 -0.191560179 0.943459868
1769787881205181184.000000 -0.032363966 -0.015415519 0.002375280 -0.216566488 0.178581744 -0.187279314 0.941346884
1769787881405180928.000000 -0.034405757 -0.014824223 -0.000445747 -0.229220837 0.179695383 -0.193144038 0.936943352
1769787881471847168.000000 -0.033974361 -0.015109173 0.002764667 -0.235124737 0.183595121 -0.188082442 0.935753286
1769787881505180928.000000 -0.034530584 -0.015596627 0.001453930 -0.236895919 0.182574466 -0.190155268 0.935087085
1769787881538514176.000000 -0.035277329 -0.016686313 0.001342207 -0.239343986 0.183493689 -0.188123405 0.934694648
1769787881605181440.000000 -0.035660010 -0.017376110 0.001503422 -0.244264290 0.186256826 -0.183804333 0.933734119
1769787881638515968.000000 -0.035207208 -0.017279007 0.002002825 -0.247083291 0.185242563 -0.184648097 0.933027387
1769787881738513408.000000 -0.035225701 -0.018102778 0.003533632 -0.254798174 0.187357947 -0.181034163 0.931236565
1769787881771846656.000000 -0.035591055 -0.017997693 0.002556090 -0.257315069 0.187649280 -0.182313204 0.930235803
1769787881805180672.000000 -0.036309008 -0.018289065 0.000826701 -0.259336591 0.187066570 -0.183609843 0.929536521
1769787881838513152.000000 -0.036431301 -0.018666355 0.002025657 -0.260986924 0.188478902 -0.180544168 0.929389775
1769787881938513408.000000 -0.038368516 -0.021566847 0.001179764 -0.270283908 0.188649550 -0.178759530 0.927039921
1769787881971846656.000000 -0.036595378 -0.020642793 0.003337678 -0.271714598 0.189446822 -0.176483944 0.926895082
1769787882138515968.000000 -0.038694050 -0.023002082 0.002107658 -0.280166060 0.191787153 -0.170637026 0.924990654
1769787882305180416.000000 -0.031084366 -0.020560950 0.010231732 -0.289026171 0.192382216 -0.170230433 0.922211766
1769787882338513152.000000 -0.036096096 -0.021578390 0.005307992 -0.289685279 0.192480296 -0.172250539 0.921609223
1769787882371846400.000000 -0.036946390 -0.021502461 0.005253792 -0.292483509 0.192795619 -0.170878619 0.920914650
1769787882505180416.000000 -0.037677068 -0.024157677 0.004133349 -0.299789250 0.190413848 -0.170864955 0.919061542
1769787882838512384.000000 -0.038553014 -0.025557803 0.003389113 -0.316759616 0.185830250 -0.163427502 0.915653825
1769787882905180928.000000 -0.038277026 -0.026307490 0.003163519 -0.319931388 0.183865756 -0.163148850 0.914997101
1769787882971845888.000000 -0.037987586 -0.026110541 0.003942712 -0.322941154 0.182904005 -0.161390856 0.914444149
1769787883005179904.000000 -0.038057502 -0.026590049 0.003448395 -0.324013919 0.181819290 -0.160741404 0.914395452
1769787883071845888.000000 -0.038161688 -0.026867867 0.003107625 -0.325894415 0.180674106 -0.159664199 0.914142787
1769787883171846144.000000 -0.038436368 -0.027125295 0.003321418 -0.328486651 0.179284424 -0.156775638 0.913988531
1769787883405179904.000000 -0.038481127 -0.027602911 0.002496995 -0.333488703 0.171658769 -0.154146209 0.914088368
1769787883438513152.000000 -0.037954364 -0.027559536 0.002947280 -0.334473610 0.170508236 -0.154115394 0.913949013
1769787883638514688.000000 -0.039221305 -0.027412206 0.002453928 -0.335376114 0.165670708 -0.151277065 0.914981604
1769787883871845632.000000 -0.038346726 -0.026591226 0.003434452 -0.334645778 0.157284737 -0.147698089 0.917310715
1769787883905180416.000000 -0.039063871 -0.026477464 0.003514515 -0.334036142 0.156265080 -0.147738740 0.917700589
1769787883938512384.000000 -0.039234102 -0.026620157 0.003466161 -0.333973855 0.154842928 -0.148269013 0.917878747
1769787884005179392.000000 -0.039949715 -0.026981570 0.003174287 -0.332521349 0.152472109 -0.146653965 0.919061720
1769787884038512640.000000 -0.040075108 -0.027105454 0.003347263 -0.332299709 0.151339769 -0.146909848 0.919288158
1769787884071845120.000000 -0.040730454 -0.027189938 0.003485991 -0.331670225 0.150030479 -0.147736356 0.919597566
1769787884171845632.000000 -0.039758898 -0.026436821 0.003937018 -0.328886867 0.145629376 -0.145190999 0.921707690
1769787884205179136.000000 -0.040974930 -0.027238846 0.003055894 -0.327968687 0.143904418 -0.146574751 0.922086716
1769787884271845120.000000 -0.040313754 -0.027075935 0.004555120 -0.326298743 0.141489461 -0.143777132 0.923492312
1769787884305178624.000000 -0.040509075 -0.026701659 0.003752551 -0.324336916 0.138803512 -0.145695657 0.924289942
1769787884338512384.000000 -0.040411815 -0.026983881 0.003766615 -0.323274046 0.136900559 -0.144755214 0.925093532
1769787884371845120.000000 -0.039633859 -0.026981348 0.004534424 -0.322157681 0.135509357 -0.143116847 0.925942361
1769787884405179136.000000 -0.040912867 -0.027200267 0.004575577 -0.321399868 0.134129956 -0.144127324 0.926249802
1769787884438512896.000000 -0.040138729 -0.026391584 0.005375630 -0.320303887 0.131516770 -0.145614222 0.926771402
1769787884471845376.000000 -0.040536385 -0.027203564 0.004161743 -0.318585038 0.130543634 -0.144187853 0.927724004
1769787884505179136.000000 -0.040998731 -0.027335212 0.003442045 -0.316472650 0.128878936 -0.144308150 0.928660572
1769787884571845120.000000 -0.040727045 -0.027489148 0.002718316 -0.313197255 0.125470445 -0.142572850 0.930503964
1769787884638513920.000000 -0.040749978 -0.027374201 0.002245053 -0.310045987 0.121122345 -0.144901782 0.931774855
1769787884671844864.000000 -0.040574931 -0.027124163 0.002485100 -0.308410317 0.119522415 -0.143836409 0.932688892
1769787884705178880.000000 -0.039928183 -0.026881699 0.003243248 -0.307434916 0.118193358 -0.143790066 0.933187306
1769787884738511872.000000 -0.039809391 -0.026625469 0.002651782 -0.304954529 0.116256148 -0.144105941 0.934195220
1769787884771844864.000000 -0.039619081 -0.026798237 0.002675902 -0.304084659 0.115263872 -0.143317759 0.934722841
1769787884805179136.000000 -0.039437141 -0.026512714 0.002945758 -0.302486837 0.113262683 -0.144839883 0.935251176
1769787884838511616.000000 -0.038907375 -0.026495868 0.002598986 -0.300718725 0.111855514 -0.143440768 0.936205804
1769787884905179648.000000 -0.039015688 -0.026548997 0.002729731 -0.298166513 0.110096298 -0.143354610 0.937243342
1769787884938512128.000000 -0.038652372 -0.026245426 0.003033705 -0.296264738 0.108925708 -0.143268898 0.937995970
1769787884971844864.000000 -0.038428463 -0.025813449 0.003293132 -0.294896126 0.106844492 -0.145127624 0.938380778
1769787885005178880.000000 -0.038713384 -0.026333613 0.003114267 -0.293556005 0.105682813 -0.144410133 0.939042985
1769787885038512384.000000 -0.038515013 -0.026355168 0.003134677 -0.291643053 0.104323678 -0.143995419 0.939854383
1769787885105178880.000000 -0.038487602 -0.026150633 0.002734855 -0.287230581 0.100697026 -0.146106288 0.941281915
1769787885138512384.000000 -0.038013302 -0.025698803 0.003059823 -0.284651071 0.099314570 -0.146752089 0.942111552
1769787885171845120.000000 -0.037989791 -0.025885765 0.002467622 -0.281992644 0.096799195 -0.147604570 0.943039238
1769787885205178880.000000 -0.037722740 -0.025557304 0.003406991 -0.279916823 0.095708005 -0.148314327 0.943657458
1769787885238512384.000000 -0.037316188 -0.025401348 0.002752934 -0.276364565 0.092917562 -0.149061814 0.944864810
1769787885305177856.000000 -0.037089452 -0.025236730 0.003337170 -0.270730853 0.089432195 -0.149369806 0.946781635
1769787885405178880.000000 -0.036035374 -0.024496203 0.003256000 -0.261694580 0.082190879 -0.150232762 0.949837208
1769787885438512640.000000 -0.035968956 -0.024579342 0.003115474 -0.258830935 0.079526566 -0.150041848 0.950878263
1769787885505178624.000000 -0.035332661 -0.023831114 0.003742431 -0.252517343 0.074962616 -0.149347097 0.953053534
1769787885538511872.000000 -0.035535716 -0.024070034 0.003277932 -0.249346718 0.073121540 -0.150111556 0.953910887
1769787885605178368.000000 -0.035222474 -0.023696575 0.002851439 -0.242195696 0.067591190 -0.149726078 0.956219018
1769787885638513664.000000 -0.034971029 -0.023184439 0.003466218 -0.238943562 0.064885691 -0.149158984 0.957312584
1769787885705178880.000000 -0.035073835 -0.023317855 0.003009051 -0.233072028 0.056540426 -0.148937508 0.959321737
1769787885738511104.000000 -0.034812972 -0.022894882 0.003057695 -0.229085967 0.053743135 -0.147037089 0.960734844
1769787885771843840.000000 -0.034007918 -0.022735927 0.003937740 -0.226442054 0.048071414 -0.146527588 0.961739480
1769787885838510848.000000 -0.034118954 -0.022175858 0.002319177 -0.219748437 0.038916122 -0.146142900 0.963762641
1769787886638512640.000000 -0.030735873 -0.019546065 0.001826150 -0.245966733 0.022250628 -0.118535936 0.961745560
1769787889038535168.000000 -0.026994064 -0.021344468 0.000972141 -0.231358081 0.006419209 -0.117842853 0.965683877
1769787889271867648.000000 -0.028502092 -0.022930801 0.001028170 -0.239933878 0.012201970 -0.112431057 0.964179516
1769787889305200896.000000 -0.028419977 -0.022897540 0.001563535 -0.242128387 0.012568720 -0.112255074 0.963646591
1769787889438535168.000000 -0.029064767 -0.023799093 0.001302497 -0.247774586 0.014461349 -0.111766450 0.962240577
1769787889471867648.000000 -0.028984493 -0.023811975 0.001454014 -0.249055773 0.014976095 -0.111957334 0.961879671
1769787889571867392.000000 -0.029311102 -0.024084002 0.001630770 -0.253334850 0.016988080 -0.111075804 0.960830390
1769787889971867392.000000 -0.030640921 -0.025978001 0.002300236 -0.269499749 0.024208426 -0.112110689 0.956145942
1769787890005201664.000000 -0.030796479 -0.026185803 0.002271514 -0.270397931 0.025320308 -0.112072013 0.955868065
1769787890071866624.000000 -0.030864786 -0.026579507 0.002129389 -0.272717178 0.026198870 -0.112775981 0.955102384
1769787890171868928.000000 -0.031365372 -0.026760254 0.002611470 -0.275885284 0.028656930 -0.112451531 0.954159737
1769787890271867392.000000 -0.031600937 -0.027198313 0.002552258 -0.278982431 0.030367704 -0.113195866 0.953117669
1769787890538533632.000000 -0.032581076 -0.027806506 0.002722526 -0.285141289 0.036688510 -0.113664761 0.951014578
1769787890605200640.000000 -0.032627802 -0.028043143 0.002867159 -0.286847413 0.037520096 -0.114203095 0.950404406
1769787891205200640.000000 -0.034399055 -0.028128278 0.003569151 -0.293102920 0.049327403 -0.117672227 0.947528780
1769787891338533376.000000 -0.034751337 -0.028048422 0.003701173 -0.293764144 0.051960815 -0.119147010 0.946998835
1769787891838532864.000000 -0.035709348 -0.027672768 0.003600701 -0.292288750 0.058690395 -0.122562066 0.946626306
1769787892005200128.000000 -0.035759717 -0.027431255 0.003698158 -0.291603863 0.060164560 -0.123713106 0.946595192
1769787892038533120.000000 -0.035827514 -0.027357534 0.003707637 -0.290964663 0.060606167 -0.123114809 0.946841717
1769787892405199872.000000 -0.036050782 -0.027096130 0.003528017 -0.288890332 0.062770106 -0.125602618 0.947009146
1769787892905200128.000000 -0.036365055 -0.026546659 0.003489023 -0.286015451 0.064578407 -0.127570510 0.947497010
1769787894538536448.000000 -0.036476184 -0.026100194 0.003582656 -0.284339041 0.064009197 -0.129880339 0.947726369
1769787894638536704.000000 -0.036515716 -0.026171325 0.003585142 -0.284359038 0.064104035 -0.129419088 0.947777092
1769787894738536192.000000 -0.036552511 -0.026273664 0.003576874 -0.284506410 0.064165451 -0.129382879 0.947733641
1769787894771869440.000000 -0.036509570 -0.026227407 0.003549246 -0.284392029 0.064042754 -0.129431441 0.947769582
1769787894838535936.000000 -0.036512397 -0.026290780 0.003542797 -0.284655511 0.063980661 -0.129524976 0.947681963
1769787894938536704.000000 -0.036557190 -0.026310962 0.003509543 -0.284419447 0.064226761 -0.129306599 0.947766006
1769787895105203968.000000 -0.036423620 -0.026249234 0.003590174 -0.284368813 0.063838273 -0.129314184 0.947806358
1769787895205203712.000000 -0.036484879 -0.026168525 0.003603387 -0.284271926 0.064082675 -0.129009768 0.947860479
1769787895238536960.000000 -0.036541265 -0.026238279 0.003603121 -0.284368336 0.064126924 -0.129111931 0.947814643
1769787895405203456.000000 -0.036493070 -0.026235545 0.003527168 -0.284353554 0.063958690 -0.129116580 0.947829783
1769787895538536192.000000 -0.036496565 -0.026244901 0.003554631 -0.284418046 0.064084895 -0.128890008 0.947832763
1769787896105202944.000000 -0.036548961 -0.026273428 0.003453428 -0.284314722 0.064064398 -0.128784999 0.947879434
1769787896705202432.000000 -0.036454011 -0.026169591 0.003559148 -0.284231901 0.063878462 -0.128942907 0.947895288
