1769789978237881856.000000 0.000000000 0.000000000 0.000000000 -0.000000000 -0.000000000 -0.000000000 1.000000000
1769789978271179264.000000 -0.000552031 -0.004095774 -0.002577865 -0.000972376 -0.000229834 -0.001291949 0.999998689
1769789978304538368.000000 -0.000709836 -0.001748649 0.001421658 -0.000703949 0.000226047 -0.001338847 0.999998868
1769789978337850624.000000 -0.001075930 -0.001249751 0.001998445 -0.000620750 0.000330712 -0.001304582 0.999998927
1769789978371186944.000000 0.000488206 -0.000928824 0.003979984 -0.000354094 0.000194364 -0.000854600 0.999999583
1769789978404516096.000000 -0.000653073 0.000711769 0.000746572 0.000130629 0.000335033 -0.000546867 0.999999821
1769789978437838848.000000 -0.000415575 0.002318287 0.001578644 0.000203620 0.000290387 -0.000957763 0.999999523
1769789978471173888.000000 -0.000235914 0.000854018 0.003272312 0.000067720 0.000362211 -0.000549943 0.999999821
1769789978504503808.000000 -0.000831746 0.000727422 0.001776318 0.000232025 0.000349190 -0.000232307 0.999999881
1769789978537868032.000000 0.000363248 0.000900697 0.000274069 0.000085945 0.000171461 -0.000719646 0.999999762
1769789978571191808.000000 -0.000656200 -0.000110011 0.001613251 -0.000000388 0.000358814 -0.000463960 0.999999881
1769789978604512512.000000 -0.000613010 0.001444238 -0.000034726 0.000091952 0.000278587 -0.001196977 0.999999285
1769789978671248896.000000 0.000949930 0.000116845 -0.004027047 0.000116408 -0.000266957 -0.000645053 0.999999762
1769789978704515584.000000 0.000008431 -0.001998203 -0.000699914 -0.000103440 0.000142981 -0.000351173 0.999999940
1769789978737840128.000000 0.001898389 -0.001450506 -0.000839827 -0.000148566 -0.000298555 -0.000569478 0.999999881
1769789978804516352.000000 0.002408907 -0.000193441 -0.000143567 0.000121709 -0.000260003 -0.000348259 0.999999940
1769789978837848064.000000 0.000736316 0.000422319 -0.000936836 -0.000120784 -0.000173637 -0.001289538 0.999999166
1769789978871173888.000000 0.001352515 -0.000279623 0.000312981 -0.000417487 -0.000138472 -0.001090415 0.999999344
1769789978937845504.000000 0.000602499 -0.000779129 0.001010071 -0.000501015 0.000012572 -0.001043930 0.999999344
1769789979004506368.000000 0.002665433 0.000412554 0.005729660 -0.000577990 -0.000515748 -0.001080580 0.999999166
1769789979037838336.000000 0.012822468 0.008314203 0.034890920 0.001544612 -0.003174203 -0.001497823 0.999992669
1769789979137837056.000000 0.012044220 0.006990744 0.036582503 0.001005173 -0.003085102 -0.002143880 0.999992490
1769789979171174144.000000 0.014157790 0.008662709 0.037731193 0.001442746 -0.003660571 -0.002037961 0.999990165
1769789979204503296.000000 0.014708005 0.009574064 0.043028638 0.001710303 -0.003738699 -0.001405174 0.999990582
1769789979271169280.000000 0.014341366 0.010027306 0.044455323 0.001954525 -0.003582220 -0.001072687 0.999991179
1769789979304508160.000000 0.015635451 0.011178424 0.045053158 0.002163665 -0.003961659 -0.001246827 0.999989033
1769789979337842688.000000 0.014833015 0.004939847 0.048925556 0.000150879 -0.003938843 -0.001948371 0.999990404
1769789979404509696.000000 0.016630571 0.007035419 0.053875808 0.000850280 -0.004464614 -0.001689439 0.999988317
1769789979471175168.000000 0.019797228 0.006912393 0.056125000 0.000896061 -0.005430679 -0.001565596 0.999983668
1769789979504502528.000000 0.019985031 0.009370993 0.055872131 0.001672434 -0.005503255 -0.001334552 0.999982655
1769789979571172352.000000 0.018853562 0.008763051 0.067446090 0.001254304 -0.005303582 -0.001923905 0.999983311
1769789979604507136.000000 0.019819550 0.009945007 0.067126848 0.001724504 -0.005639082 -0.001685857 0.999981165
1769789979637844224.000000 0.019822963 0.009627215 0.064977519 0.001415605 -0.005543183 -0.001708517 0.999982178
1769789979704517632.000000 0.019369328 0.008665104 0.056719620 0.001338526 -0.005352889 -0.001748438 0.999983311
1769789979771179776.000000 0.017573070 0.004161320 0.058255278 -0.000014825 -0.004882792 -0.001721620 0.999986589
1769789979804514816.000000 0.018717872 0.000124543 0.056701481 -0.001246204 -0.005266397 -0.002043979 0.999983311
1769789979871178752.000000 0.017235108 0.006542567 0.058136802 0.000705426 -0.004755128 -0.001605444 0.999987185
1769789979904516352.000000 0.016189191 0.005248155 0.057778839 -0.000006464 -0.004557501 -0.002241843 0.999987125
1769789979937849856.000000 0.016089167 0.006362260 0.062026631 0.000293066 -0.004483156 -0.001869456 0.999988198
1769789979971184128.000000 0.017939119 0.002998569 0.056787767 -0.000339810 -0.005153778 -0.001608897 0.999985397
1769789980037841664.000000 0.019373572 0.005256724 0.055625644 0.000282169 -0.005589918 -0.001829275 0.999982715
1769789980071185152.000000 0.018110311 0.003549725 0.058761764 -0.000347888 -0.005195675 -0.002028616 0.999984443
1769789980137839104.000000 0.017375981 0.007720238 0.058826298 0.000779382 -0.005002139 -0.001941582 0.999985337
1769789980171179776.000000 0.017249139 0.009370297 0.058528345 0.001515328 -0.004957451 -0.001540767 0.999985456
1769789980204512256.000000 0.015193075 0.007391949 0.059644993 0.001066408 -0.004551183 -0.002148285 0.999986827
1769789980237842688.000000 0.015560048 0.007907264 0.063225813 0.000812261 -0.004414161 -0.002104377 0.999987781
1769789980304510720.000000 0.015968369 0.006333744 0.058886293 0.000483559 -0.004765473 -0.001967703 0.999986589
1769789980337843968.000000 0.016428098 0.006332612 0.059809096 0.000556691 -0.004859499 -0.002023726 0.999985993
1769789980404512256.000000 0.017700152 0.011299328 0.058933668 0.001944007 -0.005056214 -0.001942460 0.999983490
1769789980437853184.000000 0.016501551 0.012541440 0.059794273 0.002248436 -0.004798722 -0.002103835 0.999983788
1769789980471176192.000000 0.015899533 0.010222041 0.059207145 0.001658709 -0.004763698 -0.002077817 0.999985158
1769789980504509952.000000 0.018202582 0.010590886 0.058466863 0.001861750 -0.005385988 -0.002048029 0.999981642
1769789980571186432.000000 0.016190128 0.010976785 0.057825018 0.001896306 -0.004761054 -0.002160511 0.999984562
1769789980637840384.000000 0.014586935 0.005541611 0.057991419 0.000468834 -0.004230200 -0.001758440 0.999989450
1769789980671174400.000000 0.015520178 0.010134976 0.059725072 0.001784251 -0.004555488 -0.002095012 0.999985874
1769789980704510976.000000 0.016159873 0.010437137 0.060060382 0.001664336 -0.004771493 -0.002035499 0.999985158
1769789980771206912.000000 0.017888788 0.008400004 0.059743527 0.001165685 -0.005096001 -0.002091284 0.999984145
1769789980804508928.000000 0.018297434 0.009122137 0.061622716 0.001133269 -0.005153636 -0.002132823 0.999983788
1769789980837843200.000000 0.016357802 0.010604310 0.061130613 0.001377479 -0.004807543 -0.001788995 0.999985874
1769789980937844480.000000 0.017821262 0.009903491 0.060282473 0.000984555 -0.005008969 -0.002161808 0.999984622
1769789980971179008.000000 0.017792175 0.009448176 0.062557139 0.000743659 -0.004979465 -0.002398941 0.999984443
1769789981004506368.000000 0.017980689 0.011271467 0.062676869 0.001220857 -0.004873700 -0.001847734 0.999985695
1769789981071172864.000000 0.018061336 0.009641747 0.061541703 0.000792141 -0.005115010 -0.002219806 0.999984205
1769789981104510720.000000 0.019240851 0.010685142 0.058982044 0.001255849 -0.005472764 -0.001946270 0.999982417
1769789981137846784.000000 0.020253167 0.009426030 0.060960039 0.000763570 -0.005597600 -0.002082071 0.999981940
1769789981204507136.000000 0.019323472 0.010618757 0.062128905 0.001388406 -0.005375039 -0.002320823 0.999981940
1769789981271173888.000000 0.021362958 0.006518574 0.064345241 0.000465852 -0.005895045 -0.002087423 0.999980330
1769789981304507136.000000 0.018823434 0.009117249 0.069024168 0.001154938 -0.005255853 -0.002121098 0.999983311
1769789981337842432.000000 0.021969073 0.009814230 0.065223098 0.001654767 -0.006046712 -0.001802306 0.999978781
1769789981404505600.000000 0.021810502 0.008276653 0.067927986 0.001548531 -0.005822045 -0.001946537 0.999979973
1769789981437842432.000000 0.022005986 0.009055824 0.066226400 0.001856518 -0.006282628 -0.002767636 0.999974787
1769789981471182336.000000 0.024565870 0.005896188 0.065958388 0.000993805 -0.006714486 -0.001666726 0.999975622
1769789981537838336.000000 0.024574211 0.006397452 0.067069076 0.001795377 -0.006844257 -0.002140435 0.999972701
1769789981571174400.000000 0.025749052 0.004510398 0.065746106 0.001427753 -0.007415961 -0.002338082 0.999968827
1769789981637842432.000000 0.024232809 0.002188741 0.069923230 0.001096942 -0.006528386 -0.002498238 0.999975026
1769789981671181056.000000 0.024483453 0.001784103 0.069415525 0.001400371 -0.006688535 -0.002588968 0.999973297
1769789981704510976.000000 0.028989496 0.001258083 0.064611375 0.001632252 -0.007978980 -0.001951642 0.999964952
1769789981771170560.000000 0.026660603 -0.001709452 0.068427652 0.000888095 -0.007432416 -0.002800093 0.999968112
1769789981804509184.000000 0.025524890 0.000772795 0.070690259 0.001555827 -0.006974627 -0.002445893 0.999971569
1769789981837848576.000000 0.028293910 0.001575710 0.067625277 0.001808151 -0.007189595 -0.001558376 0.999971390
1769789981904583168.000000 0.027078692 0.001075406 0.074651286 0.001314802 -0.006285077 -0.002299285 0.999976814
1769789981937843200.000000 0.025748713 -0.000392697 0.075209349 0.001188489 -0.005846739 -0.001464502 0.999981105
1769789981971174144.000000 0.028422391 0.003149563 0.075777344 0.002298510 -0.006243462 -0.001268020 0.999977052
1769789982071179520.000000 0.034980070 0.001881839 0.075280286 0.001750509 -0.006902983 -0.002383566 0.999971867
1769789982104542208.000000 0.034373675 0.003527031 0.075304531 0.003033344 -0.006134989 -0.000074044 0.999976635
1769789982137847552.000000 0.035192203 0.002595975 0.072103411 0.003528868 -0.006063771 -0.000331064 0.999975324
1769789982204510464.000000 0.041357487 0.002371699 0.076681830 0.003851123 -0.007398277 -0.000896793 0.999964833
1769789982237841408.000000 0.044452876 0.003823261 0.074814282 0.004705443 -0.007634045 0.001123315 0.999959171
1769789982271188224.000000 0.044363011 0.002003053 0.072600767 0.004314550 -0.007626203 0.000334891 0.999961615
1769789982337841920.000000 0.042447239 0.004929516 0.082153589 0.005268846 -0.005390638 0.000903581 0.999971211
1769789982371182848.000000 0.040783118 0.003215561 0.082076892 0.005378990 -0.004637231 0.001338794 0.999973893
1769789982404506368.000000 0.045582388 0.002012016 0.079188444 0.005228168 -0.005581223 0.001644677 0.999969482
1769789982471173888.000000 0.055220701 -0.003522612 0.079487607 0.004033206 -0.007766143 0.002183318 0.999959350
1769789982504511232.000000 0.054808989 -0.003419041 0.081220731 0.004198926 -0.007791557 0.001178939 0.999960124
1769789982537845248.000000 0.050892901 -0.000769876 0.086892374 0.005022653 -0.005711500 0.001052168 0.999970615
1769789982604515328.000000 0.062194765 0.001400470 0.082496218 0.006362814 -0.008074062 0.003137643 0.999942303
1769789982637847040.000000 0.064586759 -0.001732876 0.081632979 0.005592290 -0.008221848 0.001552070 0.999949396
1769789982671171328.000000 0.066317737 -0.004474069 0.080651052 0.005319579 -0.008357608 0.002788492 0.999947071
1769789982737849344.000000 0.062672079 -0.006159103 0.085334800 0.004765153 -0.006478931 0.001066231 0.999967098
1769789982771170560.000000 0.066998146 -0.000743473 0.086802982 0.006404878 -0.007259706 0.002414826 0.999950290
1769789982837853440.000000 0.075836234 -0.010616320 0.090600885 0.004616453 -0.006178841 -0.001061158 0.999969721
1769789982871176704.000000 0.076867551 -0.011615282 0.090182498 0.004529346 -0.005861458 -0.000801280 0.999972343
1769789982904506880.000000 0.078708984 -0.011924229 0.091577023 0.004454866 -0.005903013 -0.001048515 0.999972105
1769789982971186176.000000 0.080662832 -0.011346127 0.094451912 0.004999960 -0.005108358 -0.001376803 0.999973536
1769789983004511232.000000 0.082923666 -0.011147113 0.096562177 0.005180871 -0.004942224 -0.001283825 0.999973536
1769789983037845504.000000 0.084812440 -0.010544980 0.097371474 0.005555840 -0.004489780 -0.001442135 0.999973536
1769789983104504832.000000 0.087297276 -0.011978494 0.098772176 0.005405502 -0.003915282 -0.001369811 0.999976814
1769789983171176704.000000 0.093406111 -0.009934356 0.103130631 0.005913098 -0.004259542 -0.001011686 0.999972999
1769789983204503808.000000 0.097738616 -0.011641249 0.102490529 0.005592332 -0.004575980 -0.001011405 0.999973476
1769789983237840640.000000 0.097993717 -0.010970750 0.102543630 0.005766719 -0.004032295 -0.000729774 0.999974966
1769789983337845248.000000 0.104357459 -0.008598830 0.107260786 0.006549453 -0.003606583 -0.000367313 0.999971986
1769789983371173376.000000 0.111623771 -0.010200438 0.102051571 0.006314721 -0.004743521 -0.000649535 0.999968648
1769789983404511488.000000 0.110503994 -0.006771664 0.107190311 0.007160161 -0.003601644 0.000349993 0.999967813
1769789983504553216.000000 0.123090640 -0.004654159 0.102862999 0.007372700 -0.004730349 -0.000189042 0.999961674
1769789983537846272.000000 0.117181681 -0.015769366 0.104161218 0.005305410 -0.002906551 0.000767909 0.999981403
1769789983571170304.000000 0.120079897 -0.014530549 0.105169468 0.005350820 -0.002661142 0.000965706 0.999981701
1769789983704505088.000000 0.133729309 -0.009908718 0.109264649 0.006883340 -0.002406914 0.001100931 0.999972820
1769789983737845760.000000 0.136971071 -0.008721421 0.111081138 0.007422026 -0.002227912 0.000315824 0.999970019
1769789983804512000.000000 0.137842461 -0.004593809 0.113389216 0.008592709 -0.001001909 0.000274941 0.999962568
1769789983837847808.000000 0.138738066 -0.003268395 0.115247793 0.008767959 -0.000264599 0.000226821 0.999961555
1769789983871180544.000000 0.154202446 -0.006303915 0.107908525 0.007522953 -0.002207775 0.000502846 0.999969125
1769789983904511232.000000 0.153719023 -0.002265016 0.112174362 0.008078375 -0.001490985 0.000290049 0.999966264
1769789983937845760.000000 0.154419735 -0.001789557 0.112027079 0.008074445 -0.000990281 0.000040056 0.999966919
1769789983971173888.000000 0.157804728 0.000791708 0.113379948 0.008485851 -0.000842238 -0.000024258 0.999963641
1769789984004514048.000000 0.159221828 0.003772215 0.116080284 0.008970936 -0.000196916 -0.000200349 0.999959707
1769789984071176448.000000 0.170932800 0.014675701 0.116923176 0.010093785 -0.000858094 0.000410917 0.999948621
1769789984104505344.000000 0.173924685 0.016659332 0.119298577 0.009968062 -0.000433002 -0.000258043 0.999950230
1769789984137841408.000000 0.174823299 0.020066522 0.123654112 0.010508170 0.000339998 -0.000412073 0.999944687
1769789984171176960.000000 0.177168235 0.022990489 0.125094533 0.010737655 0.000745246 -0.000793658 0.999941766
1769789984204516608.000000 0.181689799 0.027779153 0.127564326 0.011453165 0.000532163 -0.001066678 0.999933779
1769789984237842432.000000 0.182272241 0.025781238 0.126545295 0.010908488 0.001469771 -0.000330732 0.999939382
1769789984371173632.000000 0.191819534 0.035007458 0.130838305 0.011376614 0.003167026 -0.000909830 0.999929905
1769789984404505856.000000 0.194110528 0.036530141 0.133305863 0.011403139 0.003693685 -0.001282117 0.999927342
1769789984437848064.000000 0.193814591 0.038557369 0.132656842 0.011539579 0.004254841 -0.001419143 0.999923348
1769789984471177984.000000 0.195247650 0.039999783 0.133508235 0.011667344 0.004645016 -0.001015322 0.999920666
1769789984504525056.000000 0.196162730 0.044174142 0.144412801 0.012034755 0.006274260 -0.001871238 0.999906182
1769789984537855232.000000 0.194389820 0.043652128 0.142610267 0.011546888 0.007020129 -0.001859494 0.999906957
1769789984671175936.000000 0.200132623 0.047127370 0.143099755 0.011179500 0.009314969 -0.001038755 0.999893606
1769789984704511744.000000 0.199485123 0.050354809 0.143412873 0.011304848 0.010181285 -0.001147316 0.999883652
1769789984737849088.000000 0.200309634 0.053532753 0.144244879 0.011287090 0.010769424 -0.001744600 0.999876857
1769789984771172352.000000 0.201986343 0.050651889 0.139538035 0.010295843 0.010927348 -0.000033360 0.999887347
1769789984804510208.000000 0.203824177 0.050517078 0.140444353 0.009794932 0.011056255 0.000088601 0.999890983
1769789984837838848.000000 0.205533102 0.056043144 0.140933707 0.010107289 0.011443296 -0.000300798 0.999883473
1769789985004518144.000000 0.217225745 0.066667929 0.148003533 0.008797652 0.013653847 0.000645088 0.999867857
1769789985037919232.000000 0.217693135 0.071037091 0.149213150 0.009087588 0.014397669 0.000264982 0.999855042
1769789985071186688.000000 0.217628270 0.074945003 0.148221821 0.008955665 0.015083324 -0.000637719 0.999845982
1769789985137857792.000000 0.222133994 0.083382592 0.152552277 0.008756232 0.015604917 -0.001131755 0.999839306
1769789985171215616.000000 0.223195329 0.085618176 0.151017815 0.008753232 0.016143484 -0.001236978 0.999830663
1769789985271222784.000000 0.226478040 0.099990763 0.153265223 0.008920993 0.017444316 -0.002580300 0.999804735
1769789985337841664.000000 0.229652241 0.105158687 0.145036370 0.007748267 0.018302577 -0.001095831 0.999801874
1769789985371179520.000000 0.229359403 0.108519927 0.145934418 0.007458113 0.018966142 -0.001718047 0.999790847
1769789985404508928.000000 0.230772302 0.112572595 0.146763802 0.007392035 0.019305672 -0.002177697 0.999783933
1769789985437838592.000000 0.232353017 0.118818298 0.147675559 0.008041553 0.019919792 -0.002603675 0.999765873
1769789985471177216.000000 0.232891157 0.121630944 0.150132999 0.007568895 0.021112897 -0.003830118 0.999741137
1769789985504521216.000000 0.237058401 0.123697363 0.150772557 0.007278185 0.021160370 -0.003346181 0.999744058
1769789985604516864.000000 0.242652744 0.148945555 0.152766854 0.009415227 0.021994460 -0.002978748 0.999709368
1769789985637847296.000000 0.245503739 0.150977775 0.153073296 0.008551068 0.021429369 -0.003214503 0.999728680
1769789985671177984.000000 0.246095985 0.155910939 0.154807881 0.008545873 0.021908481 -0.003634400 0.999716938
1769789985704503808.000000 0.248653725 0.161610335 0.156313732 0.009020925 0.021724178 -0.004245918 0.999714315
1769789985737838592.000000 0.250247389 0.164047003 0.156877920 0.008504085 0.021644911 -0.004071933 0.999721289
1769789985771170048.000000 0.252365083 0.166127935 0.157550856 0.007777574 0.021541705 -0.004294977 0.999728501
1769789985871179520.000000 0.259799480 0.177939624 0.162765071 0.007641452 0.021458410 -0.003843952 0.999733150
1769789985904578816.000000 0.260809004 0.181419834 0.162832797 0.007719019 0.021505114 -0.003809307 0.999731719
1769789985937842432.000000 0.261996120 0.184131384 0.164091915 0.007362994 0.021458333 -0.004644597 0.999731898
1769789985971170048.000000 0.263868123 0.188167766 0.164451793 0.007242275 0.021216797 -0.004800139 0.999737203
1769789986004514816.000000 0.264805704 0.190789536 0.165515587 0.007079136 0.020923322 -0.005171166 0.999742687
1769789986037849600.000000 0.264719605 0.194201365 0.166027844 0.007266039 0.021035688 -0.005512254 0.999737144
1769789986137837568.000000 0.268238962 0.203247964 0.165623084 0.006906840 0.020421328 -0.006135889 0.999748826
1769789986171179264.000000 0.270824969 0.208393559 0.165981472 0.007313905 0.020139633 -0.005586397 0.999754846
1769789986204505088.000000 0.271575332 0.211839348 0.166870460 0.007189373 0.020256676 -0.005720292 0.999752641
1769789986237839872.000000 0.272298604 0.214941934 0.166945741 0.007330196 0.020116117 -0.006604731 0.999749005
1769789986271170816.000000 0.272908896 0.216579616 0.166298583 0.007141296 0.020120792 -0.006613899 0.999750257
1769789986304509440.000000 0.273842156 0.220363960 0.167231828 0.007513951 0.020035736 -0.006846156 0.999747634
1769789986404504320.000000 0.275798947 0.228374884 0.169263855 0.007923323 0.019479902 -0.008078028 0.999746263
1769789986471172352.000000 0.276959538 0.234791189 0.169725880 0.008317369 0.018941175 -0.008364890 0.999751031
1769789986504505600.000000 0.277781695 0.236655235 0.168032199 0.008178862 0.018671356 -0.008125639 0.999759197
1769789986537837568.000000 0.277984768 0.239296988 0.167753324 0.008651032 0.018583097 -0.008360964 0.999754965
1769789986571170304.000000 0.277477592 0.237931862 0.167969242 0.007679571 0.018585194 -0.008744494 0.999759614
1769789986604514304.000000 0.278062850 0.239619061 0.167992458 0.007813489 0.018328756 -0.008600746 0.999764502
1769789986671170560.000000 0.278312206 0.243265361 0.167908400 0.008128659 0.017970433 -0.008867360 0.999766231
1769789986771169280.000000 0.275061935 0.245905578 0.166668385 0.008559758 0.017750841 -0.009603856 0.999759734
1769789986804514816.000000 0.273285180 0.248048678 0.166200444 0.009150237 0.017556058 -0.009917342 0.999754906
1769789986837851648.000000 0.272558719 0.247482330 0.165957525 0.009067129 0.016826974 -0.009963019 0.999767661
1769789986871182080.000000 0.271461010 0.246352777 0.164554968 0.009034790 0.016141888 -0.009955654 0.999779344
1769789986904510720.000000 0.270503134 0.248673975 0.165966064 0.010164639 0.015310535 -0.009618172 0.999784887
1769789986937841408.000000 0.268044412 0.248921201 0.165194839 0.010503719 0.015007897 -0.009536110 0.999786735
1769789987037839104.000000 0.266702056 0.246424630 0.163524613 0.010439770 0.014589773 -0.009031998 0.999798298
1769789987071172864.000000 0.264810443 0.245252237 0.162608534 0.010580520 0.015046743 -0.009187247 0.999788642
1769789987104510976.000000 0.262965560 0.243817925 0.162332639 0.010677370 0.015067755 -0.009130433 0.999787807
1769789987137868800.000000 0.261394262 0.240729839 0.160882175 0.010522740 0.014774146 -0.009069200 0.999794424
1769789987171181824.000000 0.259875059 0.238227785 0.160204336 0.010463184 0.014744094 -0.008802056 0.999797881
1769789987204509440.000000 0.258136868 0.236766651 0.159642309 0.010908527 0.014552829 -0.008909795 0.999794960
1769789987337845760.000000 0.247999683 0.228819162 0.155871630 0.012241297 0.015296767 -0.008319331 0.999773443
1769789987371179008.000000 0.245031789 0.225695804 0.154194266 0.012667920 0.015423648 -0.007889732 0.999769688
1769789987404519168.000000 0.243331730 0.219534561 0.153452739 0.012320653 0.015000978 -0.007114845 0.999786317
1769789987471175424.000000 0.238160551 0.210160166 0.148432076 0.012422265 0.014830071 -0.005917863 0.999795377
1769789987637862400.000000 0.220906869 0.191757873 0.145127356 0.014776259 0.015102845 -0.005505712 0.999761581
1769789987671188480.000000 0.219308272 0.187646195 0.142223343 0.015560427 0.014484952 -0.005113245 0.999760926
1769789987704534272.000000 0.214338437 0.182027981 0.138976261 0.015963824 0.014607615 -0.004719622 0.999754727
1769789987737897984.000000 0.210833803 0.177452222 0.138049901 0.016440475 0.014590822 -0.004989998 0.999745965
1769789987771186944.000000 0.208015144 0.170653999 0.136004373 0.017032946 0.014222338 -0.003676591 0.999747038
1769789987804526592.000000 0.206898525 0.171395868 0.140844062 0.018231355 0.014213237 -0.005172177 0.999719441
1769789987904520960.000000 0.195520371 0.164869279 0.139529496 0.021631364 0.013834837 -0.006209178 0.999651015
1769789987937866752.000000 0.192673847 0.160735309 0.138686046 0.022989476 0.013236045 -0.005901705 0.999630690
1769789987971189760.000000 0.187180787 0.153942019 0.135495767 0.023831112 0.013212981 -0.006052579 0.999610364
1769789988004526080.000000 0.184027553 0.147569969 0.133478642 0.024983831 0.012946068 -0.006137970 0.999585211
1769789988037854208.000000 0.182602480 0.143521473 0.137479678 0.026890812 0.012243760 -0.006048961 0.999545097
1769789988071280128.000000 0.180952117 0.136391610 0.134431988 0.028485347 0.011464516 -0.005737437 0.999512017
1769789988137856512.000000 0.173189342 0.115604833 0.124855325 0.030664666 0.009734163 -0.003822976 0.999475062
1769789988171196928.000000 0.167801902 0.112518780 0.127323389 0.033443138 0.009286530 -0.005371841 0.999383032
1769789988204522752.000000 0.164919347 0.106108479 0.124773771 0.035425831 0.008353129 -0.005496120 0.999322295
1769789988237851136.000000 0.161620498 0.100561224 0.124968573 0.037884977 0.008071500 -0.005798352 0.999232709
1769789988271187712.000000 0.158525139 0.093097955 0.126483753 0.040747683 0.007430833 -0.006246356 0.999122322
1769789988304535040.000000 0.157228544 0.086520322 0.122751176 0.043236028 0.006065738 -0.006107076 0.999027848
1769789988404530944.000000 0.150718927 0.072255604 0.120306052 0.051206302 -0.000117180 -0.006739710 0.998665392
1769789988437872640.000000 0.146370411 0.064729899 0.117321186 0.053103000 -0.002437861 -0.006869125 0.998562455
1769789988471194880.000000 0.139209554 0.052893698 0.120233960 0.054222617 -0.004334600 -0.006818183 0.998496234
1769789988504534784.000000 0.138206273 0.039462909 0.116766766 0.055108681 -0.007580851 -0.006399311 0.998431087
1769789988537861376.000000 0.152044371 0.029872615 0.092868738 0.058476735 -0.014128930 -0.004586163 0.998178244
1769789988571196928.000000 0.144807592 0.022628648 0.091397807 0.060953390 -0.016267173 -0.005094416 0.997995079
1769789988671189248.000000 0.136114061 -0.010999497 0.101283737 0.065281227 -0.028659966 -0.002047338 0.997453153
1769789988737850880.000000 0.122939155 -0.038678437 0.106245883 0.066146843 -0.034791917 -0.000891071 0.997202814
1769789988771200256.000000 0.117019810 -0.055467363 0.104545109 0.065720811 -0.038117554 -0.000340553 0.997109711
1769789988804520960.000000 0.106731601 -0.057032909 0.152080312 0.068679206 -0.042386483 0.000171010 0.996737957
1769789988837850112.000000 0.100468159 -0.066469274 0.153045982 0.069181852 -0.044652082 0.000680519 0.996604085
1769789988871186688.000000 0.095359527 -0.084713332 0.149892747 0.067774326 -0.047240537 0.002332116 0.996578991
1769789988971183616.000000 0.082738884 -0.142344266 0.108276449 0.062519796 -0.049002249 0.003386562 0.996834278
1769789989004571648.000000 0.080350541 -0.143031329 0.112768978 0.062988073 -0.049415234 0.002698133 0.996786535
1769789989037863936.000000 0.152944192 -0.183081925 0.146346197 0.058221880 -0.056748368 0.003937154 0.996681690
1769789989104522752.000000 0.055441685 -0.179241747 0.107542492 0.052144419 -0.041363351 0.001808735 0.997780919
1769789989137853440.000000 0.050767373 -0.177655905 0.115107752 0.040321030 -0.039572630 0.000761438 0.998402596
1769789989171193088.000000 0.042113215 -0.169352487 0.114800453 0.028598307 -0.037597880 0.000496643 0.998883545
1769789989237852928.000000 0.033027731 -0.174399018 0.125545189 0.008090866 -0.035508089 0.001026039 0.999336123
1769789989304518400.000000 0.019431803 -0.186181307 0.120773070 -0.007218427 -0.031133607 -0.000182065 0.999489188
1769789989337853440.000000 0.014670799 -0.189605981 0.127184272 -0.013443831 -0.030346567 -0.001266298 0.999448299
1769789989404516352.000000 -0.001155235 -0.198681340 0.131286874 -0.024955342 -0.027173413 -0.001633831 0.999317884
1769789989437853696.000000 -0.001727229 -0.209030896 0.122919425 -0.031018080 -0.026912680 -0.000980467 0.999155939
1769789989471183104.000000 -0.007084711 -0.214077726 0.126198068 -0.035979412 -0.026002381 -0.001109634 0.999013662
1769789989537850368.000000 -0.020723628 -0.228077799 0.128464907 -0.045038264 -0.023969194 -0.002879535 0.998693526
1769789989604518144.000000 -0.035343647 -0.241940588 0.130061015 -0.052482009 -0.021409430 -0.003900644 0.998384714
1769789989637853952.000000 -0.037793115 -0.243880853 0.134946078 -0.053942803 -0.021520270 -0.004360314 0.998302579
1769789989704522496.000000 -0.052892171 -0.256514013 0.143025398 -0.058446165 -0.018691173 -0.005750312 0.998099029
1769789989771186432.000000 -0.070506655 -0.278302670 0.144057959 -0.061972477 -0.016526058 -0.005270140 0.997927129
1769789989837865984.000000 -0.084535778 -0.286768496 0.149483860 -0.061410062 -0.015509966 -0.009205393 0.997949719
1769789989904528384.000000 -0.091702364 -0.316003919 0.121258773 -0.063685931 -0.013696599 -0.005379668 0.997861505
1769789989937854976.000000 -0.096407980 -0.319542676 0.122954026 -0.062184632 -0.013085018 -0.005956913 0.997961164
1769789990004518912.000000 -0.112961292 -0.338293999 0.114493906 -0.060341533 -0.010449097 -0.006184317 0.998103976
1769789990037907712.000000 -0.111608267 -0.348710060 0.120272040 -0.059842579 -0.010842650 -0.005572958 0.998133421
1769789990071191296.000000 -0.114634588 -0.352699697 0.127373010 -0.058146868 -0.010706217 -0.006021277 0.998232543
1769789990104522240.000000 -0.120436445 -0.358760327 0.129829928 -0.055927783 -0.009720987 -0.006160593 0.998368561
1769789990171219712.000000 -0.132373989 -0.382793069 0.122519322 -0.053404126 -0.008347712 -0.004942707 0.998525918
1769789990204543744.000000 -0.142279819 -0.387221724 0.128501877 -0.050599549 -0.006956101 -0.004255411 0.998685718
1769789990271208960.000000 -0.147521287 -0.392961264 0.133697599 -0.044199549 -0.005984235 -0.003798763 0.998997569
1769789990304536320.000000 -0.152886152 -0.401821107 0.130818233 -0.042020749 -0.005376060 -0.003147027 0.999097347
1769789990337881344.000000 -0.085569315 -0.422655463 0.154512525 -0.041368816 -0.012266087 -0.003340955 0.999063075
1769789990371196416.000000 -0.086098380 -0.421846151 0.157945409 -0.038248699 -0.012229050 -0.003058399 0.999188781
1769789990437853184.000000 -0.082087994 -0.419081360 0.164127186 -0.033060931 -0.012383270 -0.002441790 0.999373674
1769789990471186176.000000 -0.083438210 -0.422426373 0.156955242 -0.031554017 -0.012380526 -0.002540787 0.999422193
1769789990537848832.000000 -0.066256553 -0.423617035 0.169253141 -0.026978062 -0.014212754 -0.002123749 0.999532759
1769789990571188736.000000 -0.066341117 -0.423805684 0.170419589 -0.024820974 -0.014412018 -0.001675013 0.999586642
1769789990604515328.000000 -0.063843355 -0.421574265 0.176937073 -0.022686055 -0.014544927 -0.001414778 0.999635875
1769789990637848320.000000 -0.065858766 -0.423700511 0.171936378 -0.021789076 -0.014479994 -0.001423823 0.999656737
1769789990704518400.000000 -0.065903179 -0.422866642 0.170050696 -0.020058634 -0.014187373 -0.000849412 0.999697804
1769789990737847552.000000 -0.065043777 -0.422886550 0.170711175 -0.019374402 -0.014451900 -0.000555754 0.999707758
1769789990804524544.000000 -0.064505689 -0.423180908 0.172145396 -0.017041970 -0.014548389 -0.000320315 0.999748945
1769789990837855744.000000 -0.065211229 -0.423490137 0.173331261 -0.015611516 -0.014752558 -0.000703541 0.999769092
1769789990871181824.000000 -0.056975920 -0.419648737 0.173617765 -0.013182838 -0.016012281 -0.000887567 0.999784470
1769789990904547840.000000 -0.055411365 -0.419902980 0.175402313 -0.011781797 -0.016357381 -0.000086929 0.999796808
1769789990971183360.000000 -0.055959724 -0.419210911 0.177593291 -0.009943657 -0.016925177 -0.000310555 0.999807298
1769789991004528640.000000 -0.056286275 -0.418034881 0.174801528 -0.009241750 -0.016973181 -0.000491817 0.999813139
1769789991104518400.000000 -0.055980057 -0.416800529 0.178535178 -0.007515312 -0.017399564 -0.000274766 0.999820352
1769789991137848832.000000 -0.057818007 -0.418363839 0.172921762 -0.007255623 -0.017685737 0.000045589 0.999817252
1769789991171185152.000000 -0.057676129 -0.416679174 0.176432446 -0.006494115 -0.017971033 -0.000197518 0.999817431
1769789991204517376.000000 -0.057214573 -0.417281389 0.176480159 -0.006320701 -0.018141115 0.000312535 0.999815404
1769789991271189248.000000 -0.057943799 -0.418526798 0.172979504 -0.006172099 -0.018786220 0.000952286 0.999804020
1769789991304517376.000000 -0.057003144 -0.418812990 0.175378010 -0.006168699 -0.019087492 0.001117076 0.999798238
1769789991437850368.000000 -0.058520380 -0.415716469 0.172463223 -0.006021253 -0.019759996 0.001258294 0.999785900
1769789991471200768.000000 -0.057481788 -0.414360970 0.176933616 -0.006165090 -0.020052759 0.000871747 0.999779582
1769789991504521472.000000 -0.072673425 -0.433907449 0.173971564 -0.008621885 -0.018823611 0.000974239 0.999785185
1769789991571185920.000000 -0.071258478 -0.433829010 0.172582671 -0.009444925 -0.019937042 0.001236071 0.999755859
1769789991604521984.000000 -0.070555277 -0.432449609 0.174805567 -0.009906864 -0.019988976 0.001083162 0.999750555
1769789991704521728.000000 -0.068851210 -0.430496782 0.179612011 -0.011217333 -0.020829450 0.001428672 0.999719143
1769789991737850112.000000 -0.068191297 -0.428824097 0.181238264 -0.011604798 -0.021139113 0.000970434 0.999708772
1769789991771188992.000000 -0.068186760 -0.428330749 0.181105852 -0.012235116 -0.021440899 0.001162051 0.999694586
1769789991804512512.000000 -0.069767825 -0.429523945 0.179772764 -0.013059521 -0.021422327 0.001153458 0.999684572
1769789991837886976.000000 -0.070707403 -0.428097963 0.178292766 -0.013507497 -0.021647390 0.000458649 0.999674380
1769789991871182080.000000 -0.071024008 -0.425065786 0.174589619 -0.014217625 -0.021581769 0.002035021 0.999663949
1769789991971190016.000000 -0.077156752 -0.404006243 0.171076536 -0.014321295 -0.021393666 0.000104502 0.999668598
1769789992004517120.000000 -0.115464181 -0.416600049 0.159374878 -0.017189419 -0.017491858 0.001654103 0.999697864
1769789992037856000.000000 -0.116489485 -0.411938220 0.158172637 -0.017671306 -0.017663131 0.001649122 0.999686480
1769789992071191040.000000 -0.119759493 -0.399841368 0.157531187 -0.016721744 -0.017613700 0.000720034 0.999704838
1769789992104515840.000000 -0.119604491 -0.388735473 0.157552794 -0.016361237 -0.017882928 0.000755923 0.999705970
1769789992137902848.000000 -0.121668264 -0.379346460 0.161617294 -0.016416062 -0.017762356 0.000936020 0.999707043
1769789992271218176.000000 -0.127494648 -0.335873783 0.152363464 -0.015715336 -0.017606728 0.000814109 0.999721169
1769789992304521984.000000 -0.127969369 -0.330136836 0.151577383 -0.016168278 -0.017784687 0.000729382 0.999710917
1769789992337850112.000000 -0.129894182 -0.325301349 0.145702109 -0.016560366 -0.017913064 0.000289080 0.999702454
1769789992371193344.000000 -0.129054949 -0.307910919 0.147567868 -0.015806632 -0.018224187 0.000694642 0.999708772
1769789992404550400.000000 -0.130580738 -0.297164887 0.149585575 -0.015519892 -0.018101402 0.000530787 0.999715626
1769789992437867008.000000 -0.207620710 -0.237000331 0.142869473 -0.009848936 -0.009792978 -0.000649677 0.999903381
1769789992604522752.000000 -0.208408996 -0.181164607 0.141755953 -0.009339955 -0.010513604 0.000126816 0.999901116
1769789992637875456.000000 -0.207036957 -0.173186839 0.140528992 -0.010208169 -0.010668825 0.000928982 0.999890566
1769789992671198720.000000 -0.208979219 -0.160231173 0.140631646 -0.009690324 -0.010251032 -0.000167626 0.999900520
1769789992704528128.000000 -0.208396882 -0.148826033 0.139089584 -0.009599876 -0.010502674 0.000223340 0.999898791
1769789992737865472.000000 -0.208489224 -0.137554422 0.136671901 -0.009445934 -0.010523848 0.000122337 0.999900043
1769789992771198208.000000 -0.207443416 -0.124935247 0.135042369 -0.009433310 -0.010529115 0.000045623 0.999900103
1769789992871241216.000000 -0.207444772 -0.084576823 0.149810031 -0.007892445 -0.010041316 -0.000390110 0.999918342
1769789992904575232.000000 -0.208031729 -0.076793194 0.146996066 -0.008088405 -0.009861151 -0.000355602 0.999918640
1769789992937850624.000000 -0.207953572 -0.067225225 0.147415429 -0.008271197 -0.009924115 -0.002894734 0.999912381
1769789992971185920.000000 -0.210685700 -0.053779911 0.148125663 -0.007891984 -0.010087813 -0.013809095 0.999822617
1769789993004521216.000000 -0.213427335 -0.043907296 0.144546449 -0.007768063 -0.010347106 -0.026808761 0.999556899
1769789993037858048.000000 -0.215522528 -0.031456646 0.146166295 -0.007102895 -0.010495436 -0.038086690 0.999194145
1769789993137847808.000000 -0.218932390 0.000008376 0.140253291 -0.007030713 -0.011951550 -0.072813764 0.997249186
1769789993171191296.000000 -0.221511588 0.007546483 0.137755170 -0.007545247 -0.011938799 -0.084791735 0.996298671
1769789993204543232.000000 -0.223285601 0.020422840 0.138350993 -0.006717222 -0.012065414 -0.096259587 0.995260537
1769789993237858816.000000 -0.224732086 0.030604726 0.138710260 -0.006710471 -0.012300446 -0.108389519 0.994009793
1769789993271184384.000000 -0.225106984 0.040128749 0.137926564 -0.006452606 -0.012721256 -0.118841775 0.992810786
1769789993304519168.000000 -0.228940666 0.051417977 0.135936826 -0.006208424 -0.012621098 -0.131452382 0.991222739
1769789993404520448.000000 -0.231125504 0.085427836 0.137937412 -0.004973256 -0.013336713 -0.162135720 0.986665845
1769789993437847552.000000 -0.230961815 0.091872543 0.137214661 -0.005200155 -0.013852092 -0.171734080 0.985032260
1769789993471180288.000000 -0.232078880 0.102621950 0.138848394 -0.004983945 -0.014386000 -0.181351781 0.983300447
1769789993504525312.000000 -0.231819957 0.113532312 0.138328955 -0.004347204 -0.014618139 -0.190348104 0.981598258
1769789993537850112.000000 -0.232124671 0.123798452 0.140993461 -0.003980445 -0.014808825 -0.199938223 0.979688525
1769789993571202560.000000 -0.233417779 0.129885793 0.138762355 -0.004394870 -0.014784534 -0.210517541 0.977468491
1769789993671182592.000000 -0.230915636 0.154142871 0.132469252 -0.004261229 -0.013811431 -0.235677019 0.971723974
1769789993704516864.000000 -0.229822069 0.159145489 0.132491097 -0.004683935 -0.013891797 -0.242832795 0.969957411
1769789993737847296.000000 -0.229020730 0.164310634 0.132688433 -0.004483449 -0.013765454 -0.250812054 0.967927575
1769789993771181056.000000 -0.227441415 0.174548835 0.138829485 -0.004389287 -0.013595931 -0.257635474 0.966136634
1769789993804517632.000000 -0.226386115 0.180737302 0.140598133 -0.004653045 -0.014011537 -0.264083534 0.964386821
1769789993871180032.000000 -0.224977389 0.195427835 0.151963606 -0.004961595 -0.013477267 -0.278619379 0.960294247
1769789993937848064.000000 -0.221910566 0.203822926 0.154716432 -0.005833868 -0.013462265 -0.290636331 0.956721067
1769789994004517120.000000 -0.216521069 0.217221916 0.151821673 -0.004250637 -0.012770143 -0.300749332 0.953608274
1769789994037859328.000000 -0.212967366 0.221812919 0.148851976 -0.004131846 -0.012500021 -0.304837078 0.952313542
1769789994104521984.000000 -0.207014054 0.234191850 0.149733081 -0.003247335 -0.011547752 -0.313893795 0.949382305
1769789994171187456.000000 -0.202466220 0.238640577 0.153274328 -0.003563643 -0.011770347 -0.321399510 0.946863830
1769789994237862144.000000 -0.195612818 0.242348984 0.152490675 -0.003927345 -0.012035715 -0.327687025 0.944701552
1769789994304522496.000000 -0.185082078 0.255840063 0.164407387 -0.002570643 -0.012116324 -0.331667989 0.943314850
1769789994337858048.000000 -0.182689309 0.256154925 0.164914519 -0.003130467 -0.011820213 -0.334123254 0.942450106
1769789994371187200.000000 -0.180212557 0.257663071 0.165322453 -0.003286046 -0.011727330 -0.336069822 0.941758394
1769789994404549376.000000 -0.175739974 0.258820951 0.164630935 -0.003191191 -0.011905639 -0.337493002 0.941247404
1769789994437862656.000000 -0.170352250 0.260616839 0.164309099 -0.002823053 -0.012114191 -0.339428604 0.940549552
1769789994504514304.000000 -0.162778482 0.256038874 0.159006923 -0.003488095 -0.012046957 -0.344239235 0.938798189
1769789994571184128.000000 -0.155917630 0.252916038 0.159004629 -0.004514214 -0.011811207 -0.345611900 0.938292384
1769789994604515840.000000 -0.148709178 0.252887607 0.157963201 -0.003882189 -0.012222370 -0.345185369 0.938446939
1769789994637874688.000000 -0.143942475 0.251506656 0.163940728 -0.003899654 -0.011748154 -0.344913125 0.938553035
1769789994671186432.000000 -0.137772888 0.248806342 0.164187834 -0.004029573 -0.011877344 -0.344272971 0.938785851
1769789994704512256.000000 -0.128896832 0.247399509 0.165580779 -0.003361188 -0.012709479 -0.342486829 0.939430714
1769789994771186688.000000 -0.127943158 0.234436885 0.152537376 -0.004934786 -0.011727587 -0.337487251 0.941244125
1769789994837845248.000000 -0.116639785 0.227054611 0.152277604 -0.005362855 -0.011364749 -0.333872467 0.942534506
1769789994871181568.000000 -0.110110044 0.224169031 0.154916525 -0.005210793 -0.011361819 -0.331591606 0.943340242
1769789994904519680.000000 -0.103246674 0.220161974 0.157746717 -0.005308303 -0.011092223 -0.328115344 0.944557667
1769789994937854208.000000 -0.092305019 0.220440075 0.166809767 -0.003802972 -0.011491759 -0.325171500 0.945577562
1769789994971191552.000000 -0.091254652 0.213147908 0.162864998 -0.004745726 -0.010498469 -0.322145224 0.946620166
1769789995004562688.000000 -0.084581524 0.205891639 0.160720810 -0.005173486 -0.010380412 -0.317925930 0.948044598
1769789995104584192.000000 -0.063013390 0.188707978 0.163578510 -0.004802112 -0.010534975 -0.301361620 0.953439653
1769789995137871360.000000 -0.058448754 0.183096319 0.159565121 -0.004933508 -0.009710095 -0.295691371 0.955221474
1769789995171199744.000000 -0.046421379 0.173929900 0.160143748 -0.005134393 -0.010463135 -0.287369698 0.957748830
1769789995204534016.000000 -0.041215703 0.165164202 0.157783821 -0.005604729 -0.009629227 -0.279622287 0.960045457
1769789995237877248.000000 -0.029992117 0.152393162 0.148533285 -0.005349542 -0.011171590 -0.270172715 0.962732196
1769789995271197184.000000 -0.018792532 0.149122015 0.168416858 -0.004632244 -0.009963336 -0.261755258 0.965071797
1769789995371208960.000000 0.012569407 0.125277042 0.163360447 -0.003401750 -0.010569367 -0.228019804 0.973593235
1769789995437861888.000000 0.035377678 0.104770906 0.162752286 -0.003627677 -0.010831159 -0.207637593 0.978139162
1769789995471205376.000000 0.032409843 0.097864673 0.157205477 -0.003081047 -0.008953514 -0.199851766 0.979780376
1769789995504529920.000000 0.051683135 0.089999430 0.167748168 -0.002153922 -0.009702250 -0.188021809 0.982114613
1769789995537861888.000000 0.065874867 0.082496040 0.175267264 -0.001490324 -0.010212393 -0.177730337 0.984025180
1769789995571203584.000000 0.067834362 0.070989907 0.156955093 -0.002590135 -0.009533333 -0.172830105 0.984902143
1769789995637865216.000000 0.090718277 0.056386653 0.178434104 0.000193225 -0.010001129 -0.155285910 0.987818956
1769789995704533248.000000 0.109040372 0.038112395 0.165760204 0.003300487 -0.009241858 -0.146938905 0.989096940
1769789995737865216.000000 0.117766038 0.029007170 0.168156683 0.005634281 -0.008317236 -0.145724624 0.989274263
1769789995771195392.000000 0.124307700 0.025001885 0.180124015 0.009039884 -0.006563402 -0.147480264 0.989001989
1769789995804563712.000000 0.132844836 0.012605600 0.165341362 0.011315866 -0.006583760 -0.144437388 0.989427388
1769789995837867264.000000 0.141112357 0.003298177 0.166009650 0.014333323 -0.005381810 -0.143914819 0.989471674
1769789995904560128.000000 0.161230817 -0.017185563 0.175469100 0.020931495 -0.002277123 -0.141529173 0.989710152
1769789996004534272.000000 0.183391228 -0.044491768 0.174998865 0.030236389 0.004585725 -0.140078694 0.989667952
1769789996037864704.000000 0.190376505 -0.050797246 0.181547537 0.033665989 0.007272619 -0.139658019 0.989600658
1769789996071194112.000000 0.197070554 -0.058951188 0.178501233 0.036710795 0.009993888 -0.139239281 0.989527583
1769789996104536064.000000 0.200979665 -0.068194784 0.175790727 0.039847527 0.013098820 -0.137830287 0.989567280
1769789996137874176.000000 0.207990095 -0.076373696 0.173697144 0.043509874 0.015431256 -0.137945637 0.989363313
1769789996171193856.000000 0.213872343 -0.084914178 0.174413100 0.046919569 0.018579513 -0.137337402 0.989238024
1769789996271195392.000000 0.207495049 -0.104990400 0.178966030 0.054382585 0.033644684 -0.133614570 0.988968015
1769789996304534784.000000 0.213700861 -0.114220895 0.179078221 0.055998597 0.038419537 -0.132697582 0.988827407
1769789996337869824.000000 0.225052595 -0.127921417 0.179047942 0.056591667 0.042403605 -0.130627260 0.988906384
1769789996371206400.000000 0.236964211 -0.138783082 0.178999722 0.058199048 0.046110325 -0.128717169 0.988897681
1769789996404563456.000000 0.269559592 -0.155049950 0.204146102 0.058865152 0.049924653 -0.131293967 0.988334119
1769789996504558592.000000 0.236277834 -0.147771776 0.222184688 0.064890958 0.074331589 -0.130349651 0.986545980
1769789996571206912.000000 0.258349448 -0.169467419 0.224527210 0.064124443 0.082908399 -0.128709301 0.986127913
1769789996604539136.000000 0.272122025 -0.176356077 0.216142759 0.064891115 0.085867263 -0.125883788 0.986189246
1769789996637866752.000000 0.234080285 -0.152954519 0.235537559 0.066413656 0.099734604 -0.130935073 0.984123111
1769789996671197696.000000 0.243500575 -0.165533736 0.227741286 0.064295717 0.102541566 -0.129546046 0.984159112
1769789996704539904.000000 0.252067953 -0.168545514 0.237468407 0.064019814 0.106918313 -0.129571363 0.983707905
1769789996771198208.000000 0.275190622 -0.189689636 0.241458982 0.060666516 0.110501491 -0.128532514 0.983660698
1769789996837868032.000000 0.288841575 -0.193731770 0.233530328 0.057616372 0.110743962 -0.128141403 0.983867884
1769789996871215616.000000 0.305763692 -0.208229437 0.222816631 0.044570107 0.105751902 -0.126363322 0.985323489
1769789996904530944.000000 0.308002084 -0.203330487 0.229831025 0.032140102 0.103037849 -0.121486515 0.986707330
1769789996937864704.000000 0.314851075 -0.204497650 0.222883806 0.019197369 0.097916111 -0.116639055 0.988149464
1769789996971195904.000000 0.327934474 -0.206777394 0.229487687 0.009383168 0.090405539 -0.106664702 0.990132093
1769789997037865472.000000 0.340685099 -0.206527755 0.246343955 -0.005213470 0.079976559 -0.094413884 0.992301702
1769789997104533504.000000 0.365863770 -0.214139149 0.239827111 -0.017832899 0.065943778 -0.086996220 0.993863702
1769789997137870080.000000 0.371179253 -0.210487768 0.246517345 -0.021687714 0.062693067 -0.080370732 0.994555116
1769789997171210240.000000 0.386530697 -0.213269413 0.250260442 -0.026509164 0.056507260 -0.072269700 0.995430231
1769789997204530176.000000 0.399430066 -0.217766747 0.258085340 -0.032142252 0.051056061 -0.065644354 0.996017575
1769789997237873920.000000 0.410959244 -0.222485960 0.263829142 -0.036975909 0.046281960 -0.059148896 0.996490002
1769789997304526592.000000 0.434278101 -0.235409111 0.274174273 -0.046303805 0.036920629 -0.047336478 0.997121930
1769789997371200256.000000 0.447742850 -0.252910405 0.256083548 -0.054257102 0.031048831 -0.042932197 0.997120321
1769789997404533248.000000 0.452736795 -0.256374061 0.260805428 -0.056324366 0.029369079 -0.037905339 0.997260392
1769789997437873152.000000 0.467509687 -0.261059344 0.262073636 -0.057804540 0.025212590 -0.032250885 0.997488260
1769789997471209472.000000 0.479626983 -0.267794937 0.260604858 -0.059155170 0.021469971 -0.026991609 0.997652829
1769789997504546304.000000 0.490117490 -0.279490978 0.259999961 -0.061691761 0.018459318 -0.021653108 0.997689605
1769789997571205632.000000 0.509710848 -0.287195593 0.255444378 -0.061407510 0.013093455 -0.013313648 0.997938156
1769789997671197952.000000 0.528535664 -0.324204415 0.233777538 -0.064149909 0.008084401 -0.010297725 0.997854412
1769789997704537344.000000 0.536547899 -0.329752028 0.236453503 -0.063159332 0.006763821 -0.006090024 0.997961998
1769789997737864704.000000 0.548368752 -0.338704407 0.234026179 -0.062892869 0.003780620 -0.003358427 0.998007536
1769789997771194880.000000 0.554366648 -0.344726652 0.238622278 -0.061932992 0.003001355 -0.000442547 0.998075724
1769789997804528896.000000 0.564116240 -0.351498455 0.240648136 -0.060483798 0.001138975 0.002945744 0.998164237
1769789997871200768.000000 0.581863940 -0.360529453 0.246724844 -0.056383390 -0.002118116 0.008481731 0.998370945
1769789998037860352.000000 0.614073992 -0.415338039 0.255739182 -0.048587654 -0.005298788 0.009991691 0.998754919
1769789998071196928.000000 0.620037496 -0.423450887 0.253745019 -0.046522759 -0.005889553 0.010736032 0.998842239
1769789998104527104.000000 0.625759542 -0.431208909 0.254173368 -0.044853583 -0.006146497 0.012097946 0.998901427
1769789998137859328.000000 0.634014547 -0.438500881 0.249057338 -0.042900983 -0.007100560 0.013542518 0.998962343
1769789998171196928.000000 0.639796317 -0.440048873 0.256045640 -0.040560167 -0.007435590 0.014862048 0.999038935
1769789998304539904.000000 0.671057105 -0.446269751 0.252629548 -0.030497266 -0.010563587 0.021625986 0.999245048
1769789998337858304.000000 0.675177693 -0.446887195 0.254424334 -0.028694343 -0.010651498 0.021956269 0.999290347
1769789998371193856.000000 0.682288766 -0.448004097 0.256860316 -0.026783925 -0.011253434 0.022970309 0.999313951
1769789998404528128.000000 0.688746989 -0.449569076 0.260180950 -0.025558105 -0.011882778 0.023386186 0.999329090
1769789998437860864.000000 0.695672333 -0.446163714 0.260179818 -0.023017917 -0.012750978 0.024397621 0.999356031
1769789998471201024.000000 0.698429048 -0.445734859 0.263660878 -0.021701105 -0.012945051 0.024589937 0.999378324
1769789998604530688.000000 0.717132032 -0.451757967 0.259353071 -0.018392844 -0.014201852 0.026656553 0.999374509
1769789998637867776.000000 0.721126258 -0.450297803 0.258867413 -0.017553488 -0.015000660 0.026963582 0.999369740
1769789998671198464.000000 0.726101696 -0.447075546 0.259214550 -0.016817950 -0.015965577 0.027177343 0.999361634
1769789998704531456.000000 0.729748905 -0.444570243 0.262504905 -0.016412184 -0.016259642 0.027112640 0.999365389
1769789998737864192.000000 0.734731257 -0.439194083 0.263714463 -0.015060685 -0.016864095 0.027146153 0.999375761
1769789998771197696.000000 0.736377597 -0.438351810 0.266397446 -0.014466910 -0.016612625 0.026629142 0.999402642
1769789998871202560.000000 0.745776534 -0.419809282 0.272660464 -0.008456693 -0.016360352 0.026680412 0.999474347
1769789998904561408.000000 0.750124454 -0.416724414 0.273059309 -0.007726288 -0.016678827 0.027357530 0.999456704
1769789998937862400.000000 0.757817447 -0.419170558 0.265468746 -0.008684237 -0.017263513 0.027922867 0.999423265
1769789998971205888.000000 0.761569679 -0.414089292 0.266006142 -0.007707639 -0.017697135 0.027547721 0.999434173
1769789999004527872.000000 0.762220144 -0.409972847 0.266643882 -0.006814206 -0.017432801 0.027712276 0.999440730
1769789999037902592.000000 0.764083683 -0.404175669 0.267115831 -0.005714045 -0.017299086 0.027634293 0.999452055
1769789999137868288.000000 0.769222856 -0.387603670 0.270279914 -0.003499559 -0.017274562 0.026800411 0.999485433
1769789999171216640.000000 0.770069718 -0.376087219 0.270397723 -0.001877701 -0.016868269 0.026396750 0.999507487
1769789999204528384.000000 0.772348046 -0.370342940 0.272600591 -0.001198639 -0.016872723 0.026914123 0.999494672
1769789999237871616.000000 0.777158916 -0.358663142 0.269558221 -0.000594648 -0.017164852 0.027356820 0.999478161
1769789999271216384.000000 0.778822124 -0.350325227 0.270856917 0.000434823 -0.017376902 0.026445452 0.999499202
1769789999304536320.000000 0.779338419 -0.344275534 0.268983424 0.000729960 -0.017118318 0.025538985 0.999527037
1769789999404534016.000000 0.782566607 -0.317669332 0.268832654 0.003111193 -0.017094269 0.024869146 0.999539733
1769789999471199488.000000 0.787613392 -0.301132202 0.266689032 0.003774956 -0.017489374 0.024699984 0.999534786
1769789999504530944.000000 0.788303912 -0.290431947 0.267611086 0.004995883 -0.017239980 0.023660529 0.999558926
1769789999537860608.000000 0.792261779 -0.280611098 0.266585171 0.004455158 -0.017892400 0.023962475 0.999542832
1769789999571195392.000000 0.793720841 -0.272715896 0.266260117 0.004841789 -0.018079448 0.023826215 0.999540925
1769789999604526848.000000 0.794204295 -0.261095554 0.266665310 0.005872464 -0.018153949 0.022736121 0.999559462
1769789999671198976.000000 0.796857774 -0.241208464 0.264827222 0.006863641 -0.018163631 0.022541797 0.999557376
1769789999737861376.000000 0.799084663 -0.212578520 0.267670721 0.009214427 -0.018231066 0.022632444 0.999535143
1769789999771193088.000000 0.801720858 -0.206830665 0.263949215 0.008678664 -0.018685987 0.023110202 0.999520659
1769789999804538880.000000 0.796358347 -0.198532969 0.267108351 0.009115469 -0.017431634 0.023682479 0.999526024
1769789999837871616.000000 0.791626096 -0.173691958 0.273785889 0.011760119 -0.016590433 0.023681633 0.999512732
1769789999871193088.000000 0.791161776 -0.166890591 0.275385320 0.011618163 -0.016556552 0.023085825 0.999528885
1769789999937866496.000000 0.789657116 -0.149864554 0.277509034 0.011849373 -0.016026940 0.021805000 0.999563575
1769790000037860864.000000 0.785640776 -0.145252839 0.272099108 0.008962024 -0.014839865 0.022682747 0.999592364
1769790000071194368.000000 0.788847268 -0.148519933 0.274776131 0.007454239 -0.015194893 0.024353642 0.999560118
1769790000104530688.000000 0.787710726 -0.147961825 0.272701204 0.006746470 -0.015132815 0.025047204 0.999549031
1769790000137874432.000000 0.788500309 -0.130188584 0.268358707 0.007062476 -0.015400154 0.024034094 0.999567568
1769790000171194112.000000 0.786750257 -0.122311778 0.265653282 0.006868748 -0.015222016 0.022594051 0.999605298
1769790000237864192.000000 0.783493876 -0.098193839 0.268820107 0.008189199 -0.014409009 0.020665918 0.999649107
1769790000304526080.000000 0.781160355 -0.067901537 0.268877894 0.010102078 -0.014107109 0.021405883 0.999620318
1769790000371207680.000000 0.781296611 -0.039033562 0.267927349 0.011038896 -0.014544738 0.022954861 0.999569774
1769790000404526592.000000 0.783135355 -0.024653381 0.264729649 0.011624152 -0.014697702 0.024070971 0.999534607
1769790000437868032.000000 0.781908393 -0.017071797 0.263863832 0.011326338 -0.014772863 0.022778708 0.999567270
1769790000471191040.000000 0.779549003 -0.012015487 0.264624000 0.010459028 -0.014491450 0.021630015 0.999606311
1769790000537862656.000000 0.776124597 0.000320234 0.263063103 0.009860571 -0.014182858 0.020910863 0.999632120
1769790000604542208.000000 0.774399817 0.004901086 0.261385918 0.007607355 -0.014479080 0.021776635 0.999629080
1769790000704538368.000000 0.760070086 0.011979381 0.255297035 0.004490945 -0.013217989 0.021569461 0.999669909
1769790000737866240.000000 0.759653866 0.016691210 0.254373729 0.003275865 -0.013570245 0.020890862 0.999684274
1769790000771228672.000000 0.755466044 0.023678621 0.254810929 0.002719786 -0.013040051 0.019067010 0.999729514
1769790000837865472.000000 0.748871386 0.034583990 0.252753466 0.001686402 -0.012338290 0.016445566 0.999787211
1769790000904538368.000000 0.745135069 0.047175914 0.252189547 0.001134436 -0.012723501 0.015596616 0.999796808
1769790000937863424.000000 0.741665184 0.053891782 0.253575712 0.000893953 -0.012366142 0.014562161 0.999817073
1769790000971200512.000000 0.743453503 0.088962868 0.250792563 0.005958945 -0.013362059 0.021821767 0.999654830
1769790001004530944.000000 0.738673866 0.093118325 0.250231862 0.004779604 -0.012459111 0.020178340 0.999707401
1769790001037862144.000000 0.734700203 0.098148607 0.247574642 0.004047879 -0.012138879 0.018741906 0.999742508
1769790001104534528.000000 0.726754546 0.108426183 0.248562604 0.002857738 -0.011250137 0.016096126 0.999803066
1769790001171198976.000000 0.728517354 0.122660592 0.249472991 0.003059631 -0.013218115 0.017473955 0.999755263
1769790001204536064.000000 0.725293636 0.129223049 0.248989418 0.003215388 -0.013013246 0.016400013 0.999775708
1769790001237871104.000000 0.722468376 0.136788949 0.249791622 0.003287714 -0.012772452 0.015459933 0.999793530
1769790001271211008.000000 0.718111873 0.142194644 0.249080136 0.002987888 -0.012566319 0.014014360 0.999818444
1769790001304570880.000000 0.714788377 0.145466819 0.247541368 0.002097802 -0.012444346 0.013291464 0.999832094
1769790001371202304.000000 0.709321976 0.157142669 0.247994483 0.001987599 -0.012453957 0.014480415 0.999815643
1769790001404608000.000000 0.704675615 0.160841703 0.245926917 0.001208653 -0.011667873 0.013819324 0.999835789
1769790001437880064.000000 0.700592577 0.165401191 0.244779527 0.000847241 -0.011604545 0.012291277 0.999856770
1769790001471197184.000000 0.695568621 0.168074265 0.243610680 -0.000069110 -0.011051572 0.011617329 0.999871492
1769790001504542208.000000 0.692093670 0.173135459 0.242641106 -0.000059708 -0.010800141 0.010986033 0.999881387
1769790001537872384.000000 0.686261892 0.179204389 0.243410558 0.000204539 -0.010012520 0.011233780 0.999886751
1769790001604528128.000000 0.685495675 0.191463351 0.244786516 0.001364454 -0.012836753 0.011820099 0.999846816
1769790001637866752.000000 0.680251420 0.193801582 0.244524091 0.000837468 -0.012099939 0.011089424 0.999864995
1769790001737859584.000000 0.670841217 0.201834843 0.243576735 -0.000106933 -0.012398619 0.008989005 0.999882758
1769790001771190016.000000 0.667630434 0.205661193 0.246424779 -0.000034535 -0.012468009 0.009488811 0.999877274
1769790001804529152.000000 0.665395617 0.209574491 0.246765301 -0.000236135 -0.013289583 0.009451414 0.999867022
1769790001837857536.000000 0.661711991 0.211866200 0.243865281 -0.000471866 -0.013361948 0.009891893 0.999861777
1769790001937860864.000000 0.651533604 0.218750611 0.238048971 0.000348338 -0.013493792 0.009274015 0.999865890
1769790001971191808.000000 0.646948099 0.220218912 0.235170782 0.000049287 -0.012908043 0.008810709 0.999877930
1769790002037870080.000000 0.638996303 0.222221076 0.229050368 -0.000404939 -0.012879326 0.008458384 0.999881208
1769790002071190016.000000 0.635057569 0.222387224 0.226294652 -0.000596086 -0.012899269 0.008261140 0.999882579
1769790002104530176.000000 0.630680799 0.222893417 0.220660999 -0.000596663 -0.012662445 0.008321231 0.999885082
1769790002137871360.000000 0.624642253 0.221112713 0.214261517 -0.001506996 -0.012029907 0.006906141 0.999902725
1769790002237876992.000000 0.618181825 0.221162945 0.223482773 -0.000960936 -0.014450110 0.008695827 0.999857366
1769790002271196928.000000 0.614443719 0.224438146 0.225217044 -0.000313475 -0.014305108 0.007365324 0.999870539
1769790002304522240.000000 0.611278415 0.223175645 0.224837273 -0.000701729 -0.014524771 0.007172707 0.999868631
1769790002337867008.000000 0.608881295 0.222450688 0.223553896 -0.000436639 -0.015386716 0.008144937 0.999848366
1769790002371225344.000000 0.605281055 0.219658300 0.219194621 -0.000632383 -0.015237010 0.007943743 0.999852240
1769790002404584192.000000 0.600819945 0.216410011 0.216739237 -0.000874073 -0.015303496 0.008874125 0.999843180
1769790002537893376.000000 0.586552322 0.208041802 0.212489203 -0.000516385 -0.016626718 0.009002153 0.999821126
1769790002571221248.000000 0.580308735 0.205448717 0.211584195 -0.000869436 -0.015599457 0.008129860 0.999844909
1769790002604550144.000000 0.577537954 0.201478943 0.210858747 -0.001133585 -0.016475525 0.008279922 0.999829412
1769790002637885440.000000 0.573801637 0.199926853 0.208573177 -0.000397219 -0.016686538 0.009526795 0.999815345
1769790002671213824.000000 0.567528844 0.193786219 0.206445411 -0.000354855 -0.016254123 0.010609307 0.999811590
1769790002704551936.000000 0.567974448 0.192412451 0.204864189 0.000029569 -0.017899785 0.010911762 0.999780297
1769790002804547328.000000 0.549699485 0.181424126 0.206822485 0.000659838 -0.016391288 0.010007570 0.999815345
1769790002871212032.000000 0.542976201 0.170992717 0.201610401 0.000986009 -0.017334336 0.010802715 0.999790907
1769790002904545792.000000 0.546149671 0.160950720 0.192792818 0.000535527 -0.018808313 0.015865907 0.999697089
1769790002937880832.000000 0.532504976 0.160054967 0.199233636 0.000873407 -0.016941223 0.011330591 0.999791920
1769790002971214336.000000 0.531241953 0.153465971 0.196578279 0.001417667 -0.018039964 0.012463942 0.999758601
1769790003004565504.000000 0.522877038 0.146938130 0.200271741 0.000890649 -0.016975429 0.012287217 0.999780059
1769790003104562176.000000 0.515367985 0.129350409 0.187444448 0.002382051 -0.018769473 0.014411035 0.999717176
1769790003137883904.000000 0.512248695 0.124158576 0.185080990 0.003258774 -0.018968752 0.016033299 0.999686241
1769790003171218176.000000 0.512877703 0.114148870 0.177052796 0.004016478 -0.020052949 0.019884376 0.999593139
1769790003204544768.000000 0.505006909 0.109153338 0.177630663 0.003843266 -0.019383891 0.017804656 0.999646187
1769790003237879552.000000 0.502298355 0.104463421 0.176714689 0.004377684 -0.019972973 0.018278930 0.999623895
1769790003271223808.000000 0.500089705 0.097567387 0.171960607 0.005444691 -0.020592693 0.019964559 0.999573767
1769790003371218432.000000 0.486854196 0.073584132 0.162203386 0.006844832 -0.021023447 0.021789284 0.999518096
1769790003404550912.000000 0.484052032 0.068576679 0.160709858 0.007829521 -0.021498786 0.021855112 0.999499381
1769790003437879808.000000 0.479400277 0.067969605 0.160584226 0.009844696 -0.021555075 0.021124292 0.999495983
1769790003471221760.000000 0.476746887 0.060936667 0.157161161 0.009929777 -0.021645652 0.020848313 0.999499023
1769790003504558080.000000 0.472856998 0.052732766 0.148348972 0.011229842 -0.022275714 0.021550700 0.999456465
1769790003537883648.000000 0.466246128 0.044878915 0.141019940 0.012841175 -0.022390563 0.021803200 0.999429107
1769790003637877504.000000 0.416148871 0.046310790 0.203341216 0.018027298 -0.014271451 0.006380763 0.999715328
1769790003704544256.000000 0.387959659 0.031183934 0.214268208 0.022349413 -0.010707513 0.002449136 0.999689877
1769790003737886720.000000 0.384701639 0.026426151 0.210601270 0.025760358 -0.011504803 0.002952825 0.999597549
1769790003771215104.000000 0.381178021 0.020866981 0.207483888 0.028469397 -0.012518837 0.001808484 0.999514639
1769790003804584192.000000 0.375374645 0.011142717 0.198898971 0.030522967 -0.012972877 0.002151621 0.999447584
1769790003837879552.000000 0.369366109 0.003956969 0.200448036 0.032892641 -0.013655963 0.001035974 0.999365032
1769790003904545536.000000 0.354614556 -0.007319360 0.203104317 0.038576279 -0.014431624 -0.000054461 0.999151468
1769790003971212032.000000 0.343788832 -0.024805190 0.190665588 0.042875774 -0.017163439 0.000285035 0.998932958
1769790004004549376.000000 0.338597894 -0.027816098 0.194328457 0.046486612 -0.017928233 0.000224624 0.998758018
1769790004037885440.000000 0.337901473 -0.035944283 0.196236014 0.049450621 -0.019130860 -0.000031128 0.998593390
1769790004104544256.000000 0.332285821 -0.053948477 0.200573102 0.055350143 -0.021597784 -0.000486075 0.998233318
1769790004137879808.000000 0.329229802 -0.059707284 0.198423699 0.058874156 -0.023805525 0.000686048 0.997981369
1769790004204544512.000000 0.319374382 -0.083033018 0.198098511 0.062591411 -0.029372377 -0.001405761 0.997605979
1769790004271213568.000000 0.308144152 -0.101519816 0.201111659 0.067697853 -0.035383988 -0.001488276 0.997077107
1769790004304552192.000000 0.306735754 -0.110907584 0.196630210 0.070043318 -0.039553348 -0.001349720 0.996758580
1769790004337879296.000000 0.300751060 -0.126988158 0.202821165 0.072306126 -0.043880258 -0.002312840 0.996414065
1769790004437883392.000000 0.286849678 -0.160929635 0.197965458 0.079452172 -0.057859767 -0.003008458 0.995153546
1769790004504557568.000000 0.275277674 -0.192051202 0.190509304 0.081939541 -0.067406826 -0.002518212 0.994352043
1769790004537878016.000000 0.271722168 -0.197520018 0.186117545 0.084559098 -0.072306857 -0.004019212 0.993783355
1769790004604547328.000000 0.250583559 -0.227321193 0.218091235 0.086355597 -0.081376001 -0.003126458 0.992930472
1769790004637880320.000000 0.187200740 -0.276775360 0.188115343 0.081772648 -0.078731149 -0.002351895 0.993533671
1769790004671213568.000000 0.190908641 -0.281288385 0.199718311 0.082559638 -0.083610497 -0.001761904 0.993071079
1769790004704551424.000000 0.179532275 -0.279677868 0.192337275 0.082878515 -0.085745186 -0.000506397 0.992863894
1769790004737886720.000000 0.182611093 -0.282498807 0.192030281 0.082005426 -0.089207843 0.001297454 0.992630541
1769790004771220480.000000 0.176970109 -0.284674466 0.180938005 0.081144787 -0.089390814 0.002347739 0.992682874
1769790004871212032.000000 0.171816885 -0.293566972 0.160039127 0.061797302 -0.087215424 0.005893395 0.994253457
1769790004904547328.000000 0.163181648 -0.297187924 0.136304095 0.046824094 -0.084426746 0.006146630 0.995309949
1769790004937881088.000000 0.162073582 -0.294975400 0.148655578 0.034585860 -0.082777157 0.004585984 0.995957255
1769790004971216896.000000 0.155036867 -0.307439506 0.148092553 0.020102102 -0.078572117 0.006717447 0.996683121
1769790005004550656.000000 0.145107672 -0.306965441 0.174742609 0.011154654 -0.075539768 0.004730894 0.997069180
1769790005037883648.000000 0.136893794 -0.307614923 0.185425177 0.004522877 -0.073109359 0.004190576 0.997304857
1769790005171225856.000000 0.115564689 -0.343134552 0.167698070 -0.024384713 -0.063551612 0.002481634 0.997677565
1769790005204550144.000000 0.110347442 -0.342865437 0.176679268 -0.028838327 -0.061996493 0.002195300 0.997657239
1769790005237881344.000000 0.101309627 -0.354082733 0.184574068 -0.035337877 -0.059601959 0.001121475 0.997595966
1769790005271231744.000000 0.097838573 -0.356759012 0.186392367 -0.038918801 -0.058227152 0.002091267 0.997542322
1769790005304562176.000000 0.093887269 -0.360011190 0.191386297 -0.041827817 -0.057095032 0.001375836 0.997491241
1769790005337880832.000000 0.083382875 -0.369139612 0.193344191 -0.045887474 -0.054497305 0.000405172 0.997458935
1769790005437879040.000000 0.066706873 -0.395303607 0.187993437 -0.053482000 -0.049294252 0.001865126 0.997349679
1769790005471217664.000000 0.063093431 -0.402180046 0.185704663 -0.054421023 -0.048447866 0.000017968 0.997342050
1769790005504549888.000000 0.046358503 -0.407544017 0.193220407 -0.054664835 -0.045096539 -0.000482883 0.997485816
1769790005537879552.000000 0.036182571 -0.416603804 0.194530860 -0.055380810 -0.042841300 -0.001276140 0.997545004
1769790005571217920.000000 0.029879797 -0.421688914 0.199730515 -0.055916980 -0.041296933 -0.001304646 0.997580171
1769790005604547072.000000 0.040391292 -0.428509831 0.190453410 -0.056374796 -0.042600136 -0.001300895 0.997499585
1769790005737889792.000000 0.020041790 -0.461037427 0.186104849 -0.053187568 -0.037739720 -0.000478646 0.997871041
1769790005771233536.000000 0.011032658 -0.464613289 0.191043302 -0.051458050 -0.035629272 -0.001457019 0.998038292
1769790005804570112.000000 0.002683636 -0.473996967 0.190618247 -0.049941063 -0.033977531 -0.001453461 0.998173058
1769790005837885440.000000 -0.003220295 -0.479588419 0.194220632 -0.047961749 -0.032427177 -0.000959637 0.998322248
1769790005871238400.000000 -0.004929653 -0.475247622 0.211662471 -0.044796783 -0.032202370 -0.000296942 0.998476923
1769790005904585728.000000 -0.006708421 -0.482017457 0.209639683 -0.042985532 -0.031003661 -0.001134188 0.998593926
1769790006004562944.000000 -0.016691756 -0.469841599 0.204200640 -0.033601463 -0.028277414 -0.000662943 0.999035001
1769790006037897216.000000 -0.004420815 -0.475467473 0.208638057 -0.032057002 -0.029346643 0.000042774 0.999055147
1769790006071221248.000000 -0.017250020 -0.472096026 0.192264900 -0.029514458 -0.027542114 -0.000438237 0.999184728
1769790006104573440.000000 -0.017837187 -0.472379476 0.188530475 -0.027642995 -0.026883068 -0.000097547 0.999256372
1769790006137918464.000000 -0.017071405 -0.476032615 0.177404031 -0.026223389 -0.027009465 0.000033319 0.999291182
1769790006171271680.000000 -0.021310434 -0.475155622 0.168226019 -0.024248010 -0.026172023 0.000014752 0.999363363
1769790006271208960.000000 -0.021310011 -0.472962886 0.180608720 -0.020112101 -0.025423728 0.000629929 0.999474287
1769790006304573696.000000 -0.021230668 -0.471594065 0.183188885 -0.019334463 -0.024962869 0.000373589 0.999501348
1769790006337900288.000000 -0.021841349 -0.471587479 0.183026791 -0.019074935 -0.024753017 0.000484132 0.999511540
1769790006371227904.000000 -0.021442207 -0.472420692 0.181829453 -0.018891845 -0.024478294 0.000845266 0.999521554
1769790006404563968.000000 -0.021864461 -0.471817702 0.184100106 -0.018326759 -0.024120515 0.000295819 0.999541044
1769790006437886208.000000 -0.016370706 -0.471490681 0.190548405 -0.016987499 -0.024802368 0.000772582 0.999547720
1769790006571207936.000000 -0.021098662 -0.470667511 0.186061770 -0.011861524 -0.024512786 0.001287185 0.999628365
1769790006604561152.000000 -0.019647196 -0.469637841 0.189614594 -0.011199826 -0.024587769 0.001277578 0.999634147
1769790006637894144.000000 -0.022750387 -0.471306175 0.183998451 -0.010930649 -0.024465268 0.001397425 0.999639988
1769790006671210496.000000 -0.022440024 -0.470427305 0.185050517 -0.010220400 -0.024459997 0.001435203 0.999647558
1769790006871245312.000000 -0.017507201 -0.471527785 0.189015359 -0.009938808 -0.025685024 0.001314064 0.999619842
1769790006904561152.000000 -0.017328126 -0.470811576 0.187539548 -0.009601008 -0.025929095 0.002198985 0.999615312
1769790006937884928.000000 -0.018314270 -0.470958024 0.188729674 -0.010118637 -0.025833616 0.001452054 0.999614060
1769790006971220992.000000 -0.019252274 -0.470810533 0.188628167 -0.010205350 -0.025690304 0.001271316 0.999617100
1769790007004545024.000000 -0.017848749 -0.470284879 0.189490512 -0.010493728 -0.026172329 0.001457417 0.999601364
1769790007037875968.000000 -0.022972094 -0.467009306 0.186404541 -0.010082638 -0.025901837 0.001204799 0.999612927
1769790007137885696.000000 -0.024254730 -0.470671296 0.178074747 -0.011830390 -0.026203863 0.002710418 0.999582946
1769790007171221760.000000 -0.023920044 -0.469139963 0.179000169 -0.012357853 -0.026397843 0.002115223 0.999572933
1769790007204559104.000000 -0.025373999 -0.469514698 0.175929576 -0.012608171 -0.026487118 0.002546623 0.999566495
1769790007237977088.000000 -0.024485692 -0.468389302 0.178514123 -0.013032629 -0.026487470 0.002379071 0.999561429
1769790007271235840.000000 -0.022448841 -0.467325091 0.186910734 -0.013826815 -0.026818592 0.002421386 0.999541759
1769790007304545792.000000 -0.025541678 -0.467721552 0.176756904 -0.014479152 -0.027082764 0.003207455 0.999523222
1769790007371217920.000000 -0.024404051 -0.469053805 0.180330068 -0.015887735 -0.027417317 0.003223556 0.999492645
1769790007437881856.000000 -0.025808383 -0.469276071 0.179496109 -0.017744897 -0.027435429 0.004200373 0.999457240
1769790007471248896.000000 -0.023323668 -0.466886818 0.178435385 -0.018218856 -0.028193096 0.002369786 0.999433696
1769790007504551936.000000 -0.030435301 -0.462839484 0.175216690 -0.019162077 -0.027550891 0.004389090 0.999427140
1769790007537889792.000000 -0.033133838 -0.450089514 0.176006913 -0.017958634 -0.027053878 0.003014064 0.999468148
1769790007571209984.000000 -0.033697784 -0.433844328 0.178873554 -0.017294241 -0.027324645 0.003124362 0.999472141
1769790007637892352.000000 -0.041179355 -0.419968367 0.167134821 -0.017230438 -0.026857916 0.001761711 0.999489248
1769790007704545024.000000 -0.039525934 -0.399090886 0.175725028 -0.016999437 -0.027378010 0.002489492 0.999477506
1769790007737884928.000000 -0.038896073 -0.389343351 0.175973192 -0.017488111 -0.027836023 0.001141701 0.999458909
1769790007804556800.000000 -0.047000002 -0.380794466 0.166630238 -0.018499807 -0.027110709 0.002222568 0.999458790
1769790007837876224.000000 -0.046383291 -0.360149771 0.169710889 -0.016777668 -0.027264949 0.001215546 0.999486744
1769790007871216896.000000 -0.047238581 -0.352750480 0.169290781 -0.017209236 -0.027295671 0.001623390 0.999477923
1769790007937880320.000000 -0.049695969 -0.328334093 0.170607686 -0.016316660 -0.026931047 0.000887595 0.999503732
1769790007971214080.000000 -0.050416939 -0.326118022 0.162323311 -0.017532231 -0.027328020 0.000101181 0.999472737
1769790008004542720.000000 -0.047092583 -0.303151876 0.173839390 -0.016013084 -0.027471473 -0.001280748 0.999493539
1769790008071210752.000000 -0.052918732 -0.283317089 0.170213640 -0.016045703 -0.027080098 0.000306508 0.999504447
1769790008104542720.000000 -0.052177768 -0.271849304 0.174549997 -0.015710553 -0.026978765 -0.000921387 0.999512196
1769790008137881600.000000 -0.054225691 -0.266313732 0.172216371 -0.016404115 -0.026621075 -0.002645627 0.999507487
1769790008204544512.000000 -0.053921845 -0.238551021 0.167105943 -0.015624608 -0.027283333 -0.000231208 0.999505579
1769790008237882880.000000 -0.053559493 -0.232884616 0.165658534 -0.016508033 -0.027281350 -0.000045845 0.999491513
1769790008271208704.000000 -0.051950544 -0.217192367 0.177039072 -0.015867800 -0.027381113 -0.002349323 0.999496400
1769790008371218688.000000 -0.057053715 -0.184181690 0.161778927 -0.015424795 -0.027036905 -0.001868322 0.999513745
1769790008404553472.000000 -0.054028168 -0.169162765 0.161105096 -0.015011687 -0.027017811 -0.001730015 0.999520719
1769790008437875200.000000 -0.053392336 -0.159215704 0.159492061 -0.014685633 -0.026874708 -0.001468058 0.999529898
1769790008504543488.000000 -0.052600913 -0.136127114 0.161664322 -0.014783041 -0.027019190 -0.001390732 0.999524653
1769790008537882624.000000 -0.052518774 -0.125998139 0.161068797 -0.014286769 -0.026730413 -0.002557482 0.999537289
1769790008571214080.000000 -0.055033460 -0.118415646 0.164355382 -0.014776684 -0.026768716 -0.015089144 0.999418557
1769790008637874688.000000 -0.061257042 -0.093758076 0.160639837 -0.013270926 -0.027430331 -0.039841510 0.998741269
1769790008671212800.000000 -0.063200332 -0.078782506 0.160723463 -0.012016645 -0.027881041 -0.053501215 0.998106182
1769790008704551168.000000 -0.064424299 -0.068207927 0.161121160 -0.011877623 -0.028230637 -0.064877294 0.997423172
1769790008771208192.000000 -0.069439404 -0.049485575 0.158161461 -0.011300760 -0.028526425 -0.089517623 0.995512545
1769790008804555776.000000 -0.071427807 -0.038679816 0.156702861 -0.010910769 -0.028548179 -0.101167589 0.994399905
1769790008837886208.000000 -0.073807403 -0.027625354 0.159772024 -0.010397022 -0.028811203 -0.112567969 0.993171811
1769790008904575232.000000 -0.077034019 -0.002622508 0.157937959 -0.009200822 -0.029448520 -0.135210484 0.990336478
1769790008937882624.000000 -0.079967305 0.001503461 0.154231787 -0.010059698 -0.029927118 -0.145683885 0.988827288
1769790008971216896.000000 -0.085819535 0.017602360 0.159805998 -0.008658234 -0.029412953 -0.156611949 0.987184167
1769790009037885440.000000 -0.085911639 0.038415633 0.162962422 -0.007427144 -0.030839520 -0.176627621 0.983766496
1769790009071220480.000000 -0.084672637 0.049547072 0.162824914 -0.006866318 -0.031284988 -0.186345279 0.981962144
1769790009104544512.000000 -0.080684468 0.057583172 0.147995815 -0.006676440 -0.031565957 -0.196488634 0.979975104
1769790009171219712.000000 -0.082150795 0.074746087 0.145156816 -0.006672136 -0.030637110 -0.213935256 0.976344526
1769790009204550656.000000 -0.079637595 0.085522845 0.154486910 -0.005661326 -0.030363673 -0.223526314 0.974208415
1769790009237875968.000000 -0.078399971 0.090422444 0.151350424 -0.006038434 -0.030643329 -0.231034458 0.972444177
1769790009304547328.000000 -0.078570545 0.107378632 0.152910605 -0.005322732 -0.030223045 -0.247757822 0.968335867
1769790009337881600.000000 -0.076145500 0.117774189 0.156196818 -0.004497698 -0.030382590 -0.255358428 0.966358483
1769790009371209984.000000 -0.073503360 0.122747138 0.155896708 -0.004327460 -0.030673105 -0.261863887 0.964607596
1769790009471207168.000000 -0.067064844 0.144948363 0.154225856 -0.003042964 -0.030472903 -0.281220555 0.959154367
1769790009504597504.000000 -0.065121882 0.151292071 0.154069722 -0.002826699 -0.030513380 -0.286171526 0.957688272
1769790009537888512.000000 -0.062647492 0.158389524 0.157708257 -0.002268781 -0.030459406 -0.291490197 0.956086099
1769790009604577024.000000 -0.058274779 0.170842990 0.159691244 -0.001307086 -0.029652964 -0.301990211 0.952848852
1769790009637879552.000000 -0.059204765 0.178525373 0.165830880 -0.001708876 -0.028255966 -0.308416992 0.950829983
1769790009671214080.000000 -0.056953944 0.181233898 0.166086018 -0.001938698 -0.027841114 -0.313113093 0.949305713
1769790009737857280.000000 -0.050963148 0.187817872 0.172544882 -0.001557789 -0.027668137 -0.321180344 0.946612537
1769790009771190528.000000 -0.047472045 0.191744432 0.170648172 -0.001228107 -0.027719093 -0.323866904 0.945695758
1769790009804528896.000000 -0.044371445 0.193685666 0.174117237 -0.001338801 -0.028006420 -0.327406555 0.944467545
1769790009871189760.000000 -0.034973059 0.201861352 0.176580936 -0.000931488 -0.028727004 -0.333060175 0.942467391
1769790009904532480.000000 -0.032699961 0.205175519 0.175048500 -0.000769535 -0.028272210 -0.336306095 0.941327989
1769790009971190272.000000 -0.024963886 0.208334148 0.169225320 -0.000607662 -0.027932832 -0.340405852 0.939863443
1769790010004520704.000000 -0.018340893 0.208878934 0.165908158 -0.000332541 -0.028686197 -0.340819389 0.939691007
1769790010037852160.000000 -0.015703440 0.207423747 0.160915464 -0.000849239 -0.028273493 -0.341381133 0.939499259
1769790010071195904.000000 -0.013788838 0.208047792 0.165505499 -0.001067916 -0.028033059 -0.342703402 0.939024746
1769790010137856512.000000 -0.001924643 0.210622370 0.174074352 -0.000087550 -0.029032376 -0.344489038 0.938341320
1769790010204546816.000000 0.010112450 0.206004322 0.177089393 0.000005017 -0.029978670 -0.342847973 0.938912451
1769790010237854208.000000 0.013832025 0.203567743 0.174347386 -0.000638200 -0.029241640 -0.342506051 0.939060271
1769790010271231232.000000 0.017077021 0.203317538 0.166152179 -0.000297884 -0.028934585 -0.342233419 0.939169347
1769790010337869824.000000 0.029991873 0.195917279 0.159890980 -0.000628920 -0.028913373 -0.339787513 0.940057516
1769790010371203840.000000 0.040471263 0.191715598 0.164015666 -0.000218331 -0.030105839 -0.337231636 0.940940201
1769790010404527104.000000 0.043883890 0.188840061 0.166541308 -0.000946330 -0.029468400 -0.336474985 0.941230774
1769790010504527616.000000 0.063780040 0.172492951 0.166341975 -0.001831452 -0.030068304 -0.327733248 0.944289982
1769790010537857024.000000 0.066123024 0.168775082 0.165116817 -0.002121047 -0.029272847 -0.324858367 0.945307255
1769790010571196160.000000 0.069047473 0.163771927 0.167851985 -0.002515485 -0.028030766 -0.321346432 0.946543455
1769790010604524288.000000 0.083291456 0.158314407 0.171196789 -0.001825293 -0.029528901 -0.316217482 0.948225319
1769790010637863424.000000 0.089663677 0.152940094 0.175918728 -0.002272369 -0.029016465 -0.312394470 0.949506521
1769790010704527616.000000 0.104189366 0.138152972 0.176029339 -0.002588948 -0.029407948 -0.300451964 0.953339994
1769790010771197696.000000 0.117723554 0.124501333 0.182542905 -0.002979714 -0.029063832 -0.287152797 0.957439125
1769790010837886976.000000 0.135959297 0.104486957 0.187251478 -0.004247265 -0.029283036 -0.271163970 0.962078273
1769790010871222016.000000 0.149506435 0.100597158 0.196069926 -0.002628602 -0.029733041 -0.260455638 0.965024292
1769790010904524288.000000 0.152513921 0.085502528 0.189374357 -0.004846199 -0.028675679 -0.251038283 0.967540205
1769790010937855744.000000 0.163154230 0.077297539 0.190995649 -0.004828620 -0.029042995 -0.240019187 0.970321655
1769790010971203840.000000 0.172774523 0.068228088 0.190140903 -0.004934451 -0.028853826 -0.228843808 0.973022938
1769790011037860864.000000 0.190076023 0.051865336 0.188254148 -0.004541066 -0.027330054 -0.208526984 0.977624178
1769790011104533504.000000 0.210782140 0.033117160 0.187356696 -0.004255248 -0.027510293 -0.189418867 0.981501698
1769790011137851904.000000 0.218603238 0.028049922 0.191495076 -0.003479079 -0.026305223 -0.181016043 0.983122170
1769790011171187456.000000 0.233411714 0.019200381 0.197165266 -0.003443330 -0.027424501 -0.171898708 0.984726787
1769790011204535040.000000 0.242316172 0.006910650 0.184935272 -0.003264753 -0.027606515 -0.163729459 0.986113548
1769790011237860608.000000 0.251568943 0.000748942 0.194001764 -0.002044244 -0.027513875 -0.158103779 0.987037003
1769790011304521472.000000 0.265340358 -0.019807728 0.198485434 0.000838948 -0.025975283 -0.149167195 0.988470435
1769790011404564736.000000 0.291727960 -0.046230458 0.208649829 0.008865519 -0.023476191 -0.145726711 0.989006579
1769790011437869568.000000 0.299300134 -0.054992545 0.210517809 0.011957481 -0.022029664 -0.144812509 0.989141583
1769790011471191040.000000 0.305997491 -0.064226925 0.210579216 0.015350828 -0.020472037 -0.144047409 0.989239931
1769790011504524544.000000 0.318627357 -0.068636112 0.213397533 0.019498581 -0.019516319 -0.143214986 0.989307046
1769790011537854976.000000 0.326302856 -0.074262351 0.219226256 0.023511905 -0.017139088 -0.142239228 0.989404619
1769790011571188992.000000 0.333370626 -0.083703429 0.216606304 0.026466392 -0.014988352 -0.141410097 0.989483774
1769790011704523264.000000 0.354978502 -0.116220243 0.223139986 0.037987858 -0.003785130 -0.137941182 0.989704430
1769790011737875200.000000 0.361641645 -0.123490013 0.220935300 0.041928858 -0.001287193 -0.136386171 0.989767194
1769790011771189504.000000 0.368565321 -0.133553296 0.218468294 0.044894848 0.001373217 -0.136221036 0.989659786
1769790011804523264.000000 0.375030369 -0.142119497 0.217455626 0.047605172 0.004762638 -0.135548636 0.989614964
1769790011837862400.000000 0.385147125 -0.151118949 0.220810920 0.049823236 0.008326494 -0.135239601 0.989524424
1769790011871193856.000000 0.390036047 -0.156472892 0.222958311 0.052224588 0.012881386 -0.133556753 0.989580393
1769790011971194880.000000 0.422445685 -0.193293989 0.194705024 0.055794727 0.024637340 -0.129827142 0.989658952
1769790012004534784.000000 0.429990202 -0.201293722 0.190493748 0.057314437 0.029702375 -0.129288450 0.989503622
1769790012037862656.000000 0.436657757 -0.212131977 0.191560209 0.057654060 0.035383657 -0.128016174 0.989462435
1769790012071189248.000000 0.448494017 -0.230058193 0.193342373 0.056353536 0.039096616 -0.127676085 0.989441574
1769790012104531712.000000 0.463515431 -0.241005003 0.199662238 0.057860408 0.043007471 -0.124666423 0.989576101
1769790012137860608.000000 0.473965347 -0.249103099 0.199614540 0.058233459 0.047800917 -0.122766115 0.989571929
1769790012237863168.000000 0.503357291 -0.285959572 0.238479376 0.055861514 0.062077954 -0.119863346 0.989271760
1769790012271206400.000000 0.514380515 -0.294832855 0.246228963 0.054667059 0.065734118 -0.119381532 0.989160597
1769790012304549888.000000 0.527092934 -0.306115746 0.255120903 0.053016856 0.068614192 -0.118799925 0.989124835
1769790012337864704.000000 0.536569178 -0.318421811 0.253740430 0.051089816 0.070933469 -0.117653392 0.989199698
1769790012371184384.000000 0.549256444 -0.333148807 0.263297945 0.046744727 0.071714319 -0.119273156 0.989164293
1769790012404527872.000000 0.555685937 -0.339439034 0.263895750 0.046406902 0.073038474 -0.118331254 0.989196420
1769790012504518656.000000 0.591127396 -0.121977754 0.193396777 0.083583221 0.066124335 -0.074330889 0.991522253
1769790012604521728.000000 0.597572446 -0.090471432 0.222085088 0.063874528 0.052363679 -0.057239994 0.994938076
1769790012637861120.000000 0.642296076 -0.110632598 0.202810839 0.050996505 0.036739420 -0.048965577 0.996820927
1769790012671186176.000000 0.647812963 -0.106952786 0.211056441 0.046486598 0.031654269 -0.041778542 0.997542799
1769790012704522240.000000 0.659215987 -0.112447307 0.214199811 0.040092658 0.025210859 -0.035259280 0.998255432
1769790012737852928.000000 0.671519279 -0.107395709 0.215967491 0.036961481 0.019139361 -0.026779108 0.998774529
1769790012804524544.000000 0.691919088 -0.114458472 0.225035205 0.026156310 0.008245488 -0.013928565 0.999526799
1769790012904531200.000000 0.836173654 -0.179477006 0.195771962 0.005589838 -0.023356156 0.003900307 0.999704003
1769790012937860096.000000 0.844702423 -0.183227450 0.200978562 0.002472019 -0.027316405 0.009350074 0.999580085
1769790013037857536.000000 0.881645024 -0.195847705 0.201779693 -0.003526120 -0.039650958 0.025858754 0.998872757
1769790013104535552.000000 0.910720050 -0.210090652 0.205018491 -0.007292143 -0.048364758 0.035169028 0.998183846
1769790013204547584.000000 0.947104394 -0.196057439 0.212885126 -0.003781350 -0.055091280 0.043935020 0.997507095
1769790013237854208.000000 0.954459488 -0.198681310 0.213596135 -0.003013660 -0.056765161 0.047853768 0.997235596
1769790013271190528.000000 0.964707255 -0.206763372 0.210392252 -0.003290575 -0.059117187 0.051199794 0.996931791
1769790013304525824.000000 0.974312186 -0.214929089 0.208165810 -0.003288783 -0.060669787 0.054800764 0.996647060
1769790013337858816.000000 0.985818565 -0.219851211 0.208552927 -0.002753023 -0.062802412 0.057293929 0.996376276
1769790013371193344.000000 0.990899086 -0.215981379 0.200952575 0.001076819 -0.063584469 0.061025340 0.996108353
1769790013437864448.000000 0.977582872 -0.200929910 0.213043317 0.007659945 -0.061796162 0.054831952 0.996552110
1769790013471190784.000000 0.980209529 -0.204134598 0.214640960 0.009657552 -0.061828040 0.056461148 0.996441782
1769790013504522752.000000 0.981098592 -0.202972621 0.212138817 0.012582060 -0.062066685 0.056329571 0.996401787
1769790013537860608.000000 0.986694455 -0.200129390 0.210846752 0.016520303 -0.062870286 0.057917934 0.996202826
1769790013571190784.000000 0.981510341 -0.205364078 0.205700770 0.018709507 -0.061685607 0.057238221 0.996277392
1769790013604521728.000000 0.982767224 -0.200924531 0.209131360 0.022565646 -0.061367493 0.056665733 0.996249914
1769790013671194112.000000 1.001581311 -0.203550532 0.212151602 0.029174656 -0.063437037 0.060915139 0.995697737
1769790013737856512.000000 1.012757301 -0.213334545 0.218095079 0.033294998 -0.063990220 0.063467920 0.995373607
1769790013771196928.000000 1.018491387 -0.215669736 0.220998675 0.035749849 -0.064391874 0.065084815 0.995158136
1769790013804523008.000000 1.020857573 -0.213956743 0.224708959 0.038718686 -0.064388573 0.065545000 0.995017052
1769790013837861120.000000 1.030360937 -0.217757568 0.227996990 0.040434405 -0.065431751 0.066703245 0.994803727
1769790013871188736.000000 1.016552687 -0.207092017 0.207229108 0.043718744 -0.062890418 0.064111225 0.994999111
1769790013904527872.000000 1.019772291 -0.206174418 0.206742793 0.045858078 -0.063089974 0.064827673 0.994843781
1769790014004518144.000000 1.034305573 -0.209469035 0.209595487 0.050626028 -0.064441979 0.066861339 0.994391203
1769790014037863936.000000 1.038092256 -0.209038422 0.219052494 0.052657336 -0.064133689 0.067373119 0.994271100
1769790014104551424.000000 1.046812773 -0.208170474 0.216941714 0.055217106 -0.064796865 0.068546072 0.994009018
1769790014137851136.000000 1.050387025 -0.206653312 0.218188837 0.056642044 -0.065296426 0.068825230 0.993876815
1769790014171193088.000000 1.054023266 -0.205126747 0.220415711 0.057906333 -0.065503418 0.069033757 0.993775964
1769790014204524288.000000 1.056693316 -0.201177210 0.222365141 0.059506174 -0.065521419 0.070106395 0.993605137
1769790014271190272.000000 1.063088298 -0.195691079 0.231658295 0.061039645 -0.066875689 0.069679715 0.993451893
1769790014371185152.000000 1.072216272 -0.188427597 0.243856877 0.063656867 -0.067879014 0.070382282 0.993169963
1769790014404518400.000000 1.072993159 -0.185500160 0.248823896 0.065244488 -0.067154571 0.070249341 0.993125618
1769790014437860352.000000 1.073255181 -0.188816592 0.247279555 0.064597569 -0.066458873 0.071455851 0.993128657
1769790014471198720.000000 1.075708628 -0.183607191 0.244878501 0.066040553 -0.066318333 0.071776204 0.993020058
1769790014504525824.000000 1.078348637 -0.178539172 0.242801279 0.067149170 -0.066312298 0.071657754 0.992954671
1769790014537862656.000000 1.081348062 -0.172943294 0.240860179 0.068223841 -0.066350818 0.071102425 0.992918670
1769790014637864704.000000 1.083371878 -0.155749723 0.239966482 0.070850760 -0.065144375 0.070296653 0.992872000
1769790014704528640.000000 1.068610549 -0.159068093 0.214863285 0.069931664 -0.062203407 0.072710574 0.992951930
1769790014737864704.000000 1.071079612 -0.152487516 0.213384330 0.070750095 -0.062452510 0.072730333 0.992876887
1769790014771201280.000000 1.070981145 -0.146378249 0.211076930 0.071263626 -0.061984964 0.071343735 0.992970049
1769790014804519424.000000 1.069783568 -0.138885617 0.215055540 0.072173662 -0.061648659 0.071160853 0.992938399
1769790014937860608.000000 1.063182712 -0.130518839 0.217086196 0.071481854 -0.059962779 0.071986943 0.993032098
1769790015004519168.000000 1.060339928 -0.135364577 0.212749958 0.069386952 -0.059429042 0.074338160 0.993039548
1769790015037860608.000000 1.061212182 -0.128584102 0.212795973 0.069472834 -0.059742961 0.073661968 0.993065059
1769790015071190016.000000 1.060191154 -0.121238425 0.214882627 0.069905668 -0.059584606 0.073109560 0.993085086
1769790015104520448.000000 1.059996843 -0.114335366 0.216586694 0.070318460 -0.059208822 0.072910190 0.993093073
1769790015137855744.000000 1.057443380 -0.121947072 0.210385993 0.068241581 -0.058735102 0.074553065 0.993144095
1769790015204517888.000000 1.057262301 -0.111453861 0.209492892 0.068059005 -0.058390021 0.074866302 0.993153393
1769790015271187200.000000 1.054118991 -0.110474087 0.207395881 0.066420212 -0.057456471 0.075706437 0.993255079
1769790015304527104.000000 1.057104945 -0.088461317 0.214988679 0.068618603 -0.057952784 0.075089402 0.993123651
1769790015337875200.000000 1.055728793 -0.080800578 0.216867596 0.068537757 -0.057766542 0.074064173 0.993217051
1769790015371202816.000000 1.054643035 -0.070874274 0.218566999 0.069055080 -0.057731450 0.073672377 0.993212461
1769790015404519680.000000 1.053472042 -0.058547370 0.219598219 0.069841243 -0.057716735 0.073557265 0.993166804
1769790015471202816.000000 1.049900770 -0.043096483 0.221273497 0.069821328 -0.057249092 0.073479667 0.993201017
1769790015537855488.000000 1.046868205 -0.058474738 0.211218700 0.065085053 -0.056533560 0.075737223 0.993394136
1769790015571195392.000000 1.051987529 -0.045207135 0.218860835 0.065671653 -0.057678606 0.075415626 0.993314087
1769790015604529664.000000 1.049717665 -0.039180510 0.219443098 0.065426126 -0.057333007 0.074608706 0.993411243
1769790015637855744.000000 1.048290491 -0.028233800 0.220589012 0.065722145 -0.057196610 0.074103288 0.993437409
1769790015671201792.000000 1.047926188 -0.018936884 0.219695449 0.065906301 -0.057281401 0.074270442 0.993407845
1769790015737848576.000000 1.042080998 0.002157713 0.219953269 0.066501580 -0.056474388 0.073133804 0.993498683
1769790015804530944.000000 1.038456440 0.012226448 0.223990276 0.065422989 -0.055889308 0.073183529 0.993599713
1769790015837850112.000000 1.048744082 0.001149151 0.225802124 0.062281016 -0.057552014 0.074613057 0.993600428
1769790015871188224.000000 1.046625495 0.008283771 0.226833329 0.062001280 -0.057430029 0.073701017 0.993693054
1769790015904530432.000000 1.042730808 0.017761180 0.227959856 0.062249754 -0.056845184 0.072840676 0.993774593
1769790015937852672.000000 1.040471196 0.029146811 0.229693204 0.062675245 -0.056869447 0.072567381 0.993766427
1769790016004520704.000000 1.038395166 0.033304129 0.226043463 0.060373429 -0.056752831 0.073898479 0.993817568
1769790016071188992.000000 1.035258055 0.025307301 0.212631702 0.056233816 -0.057010517 0.077414967 0.993777871
1769790016104525568.000000 1.031992555 0.032590400 0.212930158 0.056009665 -0.056496978 0.076036625 0.993926346
1769790016137853696.000000 1.029196739 0.039501052 0.213508978 0.055415828 -0.056367636 0.075232349 0.994028151
1769790016171195392.000000 1.027533650 0.045617253 0.214610472 0.055316541 -0.056533445 0.075237490 0.994023860
1769790016204538368.000000 1.028798223 0.052751698 0.213764220 0.055186644 -0.057049152 0.075960346 0.993946612
1769790016304539392.000000 1.023080230 0.070435591 0.206957787 0.053085506 -0.057025947 0.076298162 0.994036496
1769790016337878784.000000 1.020018458 0.076208539 0.206186503 0.052585263 -0.056890931 0.074992463 0.994170189
1769790016371198720.000000 1.016952157 0.081770398 0.206510097 0.051942319 -0.056720637 0.074034214 0.994285524
1769790016437853952.000000 1.012330055 0.095634744 0.204886630 0.051938836 -0.057009023 0.074467875 0.994236887
1769790016471186432.000000 1.017569065 0.093960859 0.202816606 0.050478332 -0.058448479 0.076862581 0.994046211
1769790016504524288.000000 1.014666677 0.099914156 0.202185854 0.050265148 -0.058465131 0.075845443 0.994134188
1769790016571193344.000000 1.008133650 0.111390039 0.202295825 0.049243353 -0.058241397 0.073632419 0.994364798
1769790016604532480.000000 1.013899446 0.104704373 0.202525347 0.047277246 -0.059503324 0.079179935 0.993959129
1769790016637853184.000000 1.010302186 0.108069137 0.202679440 0.046131462 -0.059479851 0.078011066 0.994106829
1769790016704526592.000000 1.002074122 0.115693435 0.206105575 0.044790801 -0.059134897 0.075311556 0.994396806
1769790016737860096.000000 1.000352979 0.119597979 0.205879137 0.044282764 -0.059654836 0.074526228 0.994447708
1769790016771183616.000000 0.998670816 0.123274468 0.209006935 0.043894675 -0.059965409 0.074349843 0.994459450
1769790016837862912.000000 0.995835662 0.137582794 0.213227987 0.044658706 -0.061384033 0.077091403 0.994130015
1769790016937851648.000000 0.981875837 0.146805868 0.212604448 0.042358797 -0.060248852 0.072619267 0.994636774
1769790016971182848.000000 0.979947507 0.152588204 0.209259868 0.042524979 -0.060685571 0.073185630 0.994561613
1769790017004515840.000000 0.974876463 0.155449435 0.203512877 0.041856866 -0.059977412 0.072031878 0.994717181
1769790017071182848.000000 0.976617694 0.177458242 0.200680971 0.044347450 -0.062459536 0.076731160 0.994104862
1769790017104515584.000000 0.972173095 0.180415317 0.198677063 0.043809980 -0.062309176 0.075368308 0.994242370
1769790017137856512.000000 0.969876766 0.184345514 0.197177365 0.044044990 -0.063113958 0.074954994 0.994212508
1769790017204527872.000000 0.960949242 0.190691158 0.195779294 0.043307237 -0.062548898 0.073902637 0.994359374
1769790017237875200.000000 0.956650496 0.193736225 0.194851860 0.043095011 -0.062423330 0.073559567 0.994401991
1769790017271210240.000000 0.955490947 0.201029539 0.195929691 0.044174284 -0.063284017 0.074881576 0.994201481
1769790017337861888.000000 0.948867917 0.204597041 0.192427009 0.043370795 -0.063465402 0.073345557 0.994339764
1769790017371186688.000000 0.943643272 0.207882568 0.192764103 0.043550607 -0.063266963 0.073475696 0.994334996
1769790017437853184.000000 0.936182380 0.211757749 0.187293112 0.042908095 -0.063242882 0.072758444 0.994417131
1769790017471189504.000000 0.933118224 0.213554502 0.183506906 0.042936411 -0.063341156 0.072540335 0.994425654
1769790017504528896.000000 0.929575145 0.214953348 0.178772241 0.042867612 -0.063343361 0.071740128 0.994486511
1769790017537854208.000000 0.924918175 0.215700760 0.174926326 0.042382035 -0.062861122 0.071153685 0.994580030
1769790017604520704.000000 0.917043984 0.218394980 0.169289351 0.042276666 -0.062893704 0.071575418 0.994552195
1769790017637857536.000000 0.914325833 0.221352160 0.170019388 0.042778797 -0.062941790 0.071448699 0.994536757
1769790017704523008.000000 0.908313096 0.221766397 0.172206551 0.042515136 -0.064120874 0.071319327 0.994482040
1769790017737872384.000000 0.905643284 0.221847028 0.170724824 0.042603817 -0.064613849 0.071036033 0.994466603
1769790017771192832.000000 0.902668476 0.219453141 0.170385003 0.042038474 -0.064913645 0.070604198 0.994501948
1769790017804577280.000000 0.897248030 0.219316453 0.174504548 0.042067140 -0.065021120 0.071131974 0.994456053
1769790017871200256.000000 0.890959620 0.217380971 0.172101304 0.042226057 -0.065671436 0.072285451 0.994323432
1769790017904532224.000000 0.886973917 0.216105387 0.168779179 0.042045854 -0.065676831 0.072268024 0.994331956
1769790018004527616.000000 0.876102448 0.210064828 0.155716851 0.042180728 -0.065502703 0.072139770 0.994347095
1769790018037864960.000000 0.874673307 0.209054843 0.154698893 0.042769048 -0.066288218 0.073272809 0.994186997
1769790018071205120.000000 0.872087717 0.206882969 0.154398248 0.042961802 -0.066712625 0.073520921 0.994131982
1769790018104538112.000000 0.867768228 0.204220146 0.152091429 0.042926140 -0.066777512 0.073212177 0.994151950
1769790018171205632.000000 0.863214254 0.198382244 0.148369730 0.043408658 -0.067663006 0.074195527 0.993998230
1769790018204540672.000000 0.856678724 0.193002507 0.144228324 0.042995274 -0.067176335 0.073638789 0.994090617
1769790018237877248.000000 0.853229105 0.189044833 0.142295316 0.042938747 -0.067319028 0.072870381 0.994140029
1769790018304552192.000000 0.847548783 0.181298956 0.138517946 0.043173984 -0.068020679 0.074125424 0.993989289
1769790018337866752.000000 0.845076680 0.175876543 0.135911211 0.043210752 -0.068441659 0.074839585 0.993905306
1769790018371197184.000000 0.843498528 0.172337294 0.134023458 0.043907538 -0.069135226 0.076539539 0.993697226
1769790018437880320.000000 0.831940293 0.162054405 0.129917786 0.043871190 -0.067857571 0.075128295 0.993894577
1769790018471192320.000000 0.829730272 0.157543033 0.128384545 0.044131521 -0.068152145 0.075653471 0.993823051
1769790018504525312.000000 0.828774154 0.151385784 0.121664762 0.044095773 -0.069066793 0.076165453 0.993722439
1769790018604530688.000000 0.817040622 0.125815466 0.110466391 0.043246128 -0.069041327 0.075714409 0.993795991
1769790018637859840.000000 0.811062574 0.118229926 0.103035070 0.043208178 -0.068639159 0.076100878 0.993795931
1769790018671191808.000000 0.808673382 0.110011913 0.095373921 0.043308530 -0.068982758 0.076865196 0.993708968
1769790018737866240.000000 0.803833604 0.099705815 0.105330542 0.044273417 -0.069519080 0.076489508 0.993658066
1769790018771194112.000000 0.800122201 0.092068590 0.102733709 0.044370145 -0.069559403 0.076609328 0.993641734
1769790018804529664.000000 0.804012120 0.079740182 0.082057774 0.044059098 -0.071118489 0.079512574 0.993317127
1769790018904529664.000000 0.785813332 0.069771335 0.092208900 0.047189075 -0.069318876 0.075134680 0.993641257
1769790018937857536.000000 0.783143103 0.063789189 0.088220067 0.048250597 -0.069675379 0.075801954 0.993514657
1769790018971198720.000000 0.779116094 0.055350039 0.082685247 0.048717339 -0.069756225 0.076150946 0.993459523
1769790019004527872.000000 0.777134538 0.046531208 0.081442043 0.048753425 -0.069990456 0.075934276 0.993457854
1769790019037868288.000000 0.774930835 0.040208094 0.080940038 0.049626920 -0.070241623 0.076975398 0.993316710
1769790019071201536.000000 0.774556637 0.037130136 0.069743864 0.051610190 -0.071020678 0.079019353 0.992999792
1769790019171200000.000000 0.715340316 0.036990121 0.093794473 0.058907170 -0.063930422 0.070718750 0.993701041
1769790019204536576.000000 0.713828743 0.032071121 0.088145129 0.061912406 -0.064228304 0.070566319 0.993509948
1769790019237862912.000000 0.715372741 0.022495365 0.074804790 0.063826501 -0.065580331 0.072947986 0.993128419
1769790019271193344.000000 0.712299347 0.016388580 0.070433170 0.067006811 -0.065855347 0.073328242 0.992872715
1769790019304534016.000000 0.709415019 0.009066599 0.064560466 0.070019007 -0.066044517 0.072181024 0.992736340
1769790019337873920.000000 0.707992136 0.004439580 0.057582181 0.073427871 -0.066517644 0.073427640 0.992367029
1769790019437867520.000000 0.672029197 -0.008038352 0.070029125 0.083774857 -0.064955063 0.070315115 0.991876245
1769790019504526592.000000 0.665327847 -0.028788079 0.059205387 0.086943813 -0.066535063 0.070131615 0.991511762
1769790019537862912.000000 0.669748247 -0.025342681 0.058173981 0.092273019 -0.068699583 0.071066432 0.990815639
1769790019571189760.000000 0.668641090 -0.027207389 0.052880380 0.095873795 -0.069869190 0.071732692 0.990343869
1769790019604526848.000000 0.667888284 -0.037506346 0.049946465 0.097730026 -0.071150281 0.071319535 0.990101039
1769790019637868544.000000 0.666613877 -0.041142806 0.048961557 0.102195837 -0.071976893 0.072409876 0.989511132
1769790019737926912.000000 0.658015311 -0.071107432 0.041244719 0.111135945 -0.075683258 0.070997842 0.988372505
1769790019804525056.000000 0.649785638 -0.087466419 0.039528180 0.117041409 -0.080306634 0.070860364 0.987335324
1769790019837858560.000000 0.645916998 -0.099438198 0.038667593 0.119113244 -0.082914509 0.070123807 0.986924529
1769790019871192576.000000 0.640611231 -0.116169848 0.040255293 0.120753564 -0.085873753 0.072175317 0.986324072
1769790019904528128.000000 0.626589715 -0.123394743 0.048028521 0.123863474 -0.087744355 0.071613349 0.985814571
1769790020037869824.000000 0.589976668 -0.169257417 0.034373514 0.134430796 -0.103110977 0.072100379 0.982902884
1769790020104531712.000000 0.579785645 -0.169449911 0.034561515 0.142255470 -0.112531297 0.070163995 0.980906308
1769790020137867008.000000 0.574866235 -0.168580443 0.043188140 0.146806717 -0.117279425 0.066400141 0.979941010
1769790020171196416.000000 0.573613644 -0.175541788 0.047964055 0.145827845 -0.122598030 0.074987054 0.978816092
1769790020204532736.000000 0.570359409 -0.173017547 0.049490310 0.149801478 -0.127146780 0.071092807 0.977925897
1769790020237866752.000000 0.573264420 -0.172368005 0.036027841 0.150905266 -0.131612808 0.072138414 0.977088392
1769790020304526336.000000 0.575242579 -0.176390857 0.040086098 0.152608901 -0.139626011 0.073759116 0.975589395
1769790020371200256.000000 0.574774384 -0.182879359 0.039320461 0.150142327 -0.143624574 0.078932285 0.974986672
1769790020404536320.000000 0.573957086 -0.183008775 0.038613003 0.150105819 -0.144559160 0.079159670 0.974835753
1769790020437863168.000000 0.570369303 -0.180943593 0.048377648 0.144796416 -0.144029573 0.080804884 0.975581944
1769790020471202816.000000 0.565080404 -0.181626931 0.074710816 0.131378770 -0.144624516 0.079283185 0.977516055
1769790020504535552.000000 0.553929031 -0.193899304 0.042934962 0.112600081 -0.141165569 0.079931051 0.980308414
1769790020571218176.000000 0.538474381 -0.222148955 0.030854002 0.085553408 -0.137021303 0.080963038 0.983539939
1769790020637865984.000000 0.527114213 -0.247798949 0.019776296 0.068493068 -0.131450415 0.074664064 0.986131251
1769790020671194880.000000 0.520108998 -0.252491564 0.021691967 0.061923847 -0.129214302 0.072799169 0.987000227
1769790020704553472.000000 0.518147886 -0.257458866 0.016467033 0.055423178 -0.128032029 0.071437329 0.987640083
1769790020737856512.000000 0.532747746 -0.254806012 0.019502684 0.049255267 -0.128432393 0.073506206 0.987763107
1769790020771204864.000000 0.523972392 -0.257773280 0.033016570 0.044082358 -0.126859784 0.071459398 0.988360703
1769790020837871360.000000 0.514989376 -0.277169466 0.028354440 0.032483853 -0.123847626 0.071138546 0.989214838
1769790020904540160.000000 0.504548132 -0.296440601 0.016186200 0.023735909 -0.119046368 0.066125825 0.990399897
1769790020937866752.000000 0.501382351 -0.299419582 0.019910488 0.021747941 -0.118878357 0.064815722 0.990552306
1769790020971190016.000000 0.490680814 -0.301463962 0.032570250 0.020672288 -0.117043823 0.062348727 0.990952194
1769790021004535808.000000 0.484402835 -0.312714696 0.029176051 0.017145028 -0.114588670 0.061951969 0.991331160
1769790021037862656.000000 0.484426826 -0.325073689 0.017800968 0.013856268 -0.113332435 0.063538283 0.991426587
1769790021137860096.000000 0.471416205 -0.346551180 0.018109960 0.011388741 -0.109706692 0.063379690 0.991875887
1769790021171197696.000000 0.469884157 -0.348696560 0.019533589 0.012591902 -0.109314650 0.062707245 0.991947353
1769790021204523520.000000 0.460771799 -0.355672717 0.025573485 0.012466175 -0.106938444 0.061713986 0.992270231
1769790021271203072.000000 0.458774984 -0.375937700 0.008395821 0.012393958 -0.104712069 0.063205585 0.992414653
1769790021304529664.000000 0.453288406 -0.389232844 0.007011923 0.012894252 -0.103363670 0.063465618 0.992533028
1769790021337856512.000000 0.448902816 -0.395492584 0.008311330 0.014223775 -0.101928607 0.062897407 0.992699444
1769790021471196672.000000 0.438288093 -0.420671046 0.014475172 0.021328613 -0.097460985 0.065694585 0.992839694
1769790021504533760.000000 0.436274558 -0.426290959 0.016057882 0.023678469 -0.096305974 0.065998361 0.992879033
1769790021537868544.000000 0.431856155 -0.430298507 0.017606467 0.026210595 -0.095284253 0.066526167 0.992878735
1769790021571188736.000000 0.442658871 -0.418677807 0.026441786 0.029752221 -0.095853902 0.066556983 0.992722034
1769790021604527104.000000 0.444230855 -0.415309876 0.031675354 0.032337297 -0.095406719 0.067892507 0.992593825
1769790021637871616.000000 0.448615611 -0.409170061 0.032861244 0.034863122 -0.095597394 0.068602704 0.992441177
1769790021737862144.000000 0.444995850 -0.420442075 0.036635954 0.039070215 -0.093581207 0.068252482 0.992500722
1769790021771197952.000000 0.444700152 -0.418174893 0.041239988 0.041271504 -0.093021236 0.068429776 0.992452085
1769790021804532992.000000 0.444362789 -0.418195128 0.039644994 0.042816561 -0.092791542 0.068576559 0.992398024
1769790021837867008.000000 0.445210755 -0.418138444 0.040154602 0.044095796 -0.092730120 0.068713866 0.992338181
1769790021871202304.000000 0.444887519 -0.418456227 0.037820861 0.044957474 -0.092030302 0.068705201 0.992365301
1769790021904532736.000000 0.443687499 -0.419849932 0.036274087 0.045119833 -0.091522902 0.068527840 0.992417157
1769790022037866240.000000 0.447454333 -0.420427769 0.036565877 0.047092751 -0.091311008 0.069237113 0.992295742
1769790022071196672.000000 0.446051151 -0.419975907 0.034285691 0.048478637 -0.090951726 0.069631450 0.992234409
1769790022104548864.000000 0.444442838 -0.419226527 0.040763598 0.050055724 -0.090812810 0.069299109 0.992192090
1769790022137856000.000000 0.445678592 -0.417794049 0.043182828 0.051151093 -0.091142379 0.069719106 0.992076576
1769790022171231744.000000 0.446322143 -0.416566521 0.047054999 0.052087747 -0.091165118 0.069728293 0.992025137
1769790022204534272.000000 0.445199370 -0.417988390 0.041288830 0.052385326 -0.090905413 0.069681406 0.992036581
1769790022304535040.000000 0.444232583 -0.417631328 0.043224774 0.054186597 -0.090799630 0.070027933 0.991925120
1769790022371188992.000000 0.443124682 -0.419097841 0.041007064 0.054439716 -0.091112919 0.070452340 0.991852462
1769790022404566272.000000 0.446023315 -0.419102043 0.040498685 0.054667197 -0.091396779 0.070201129 0.991831660
1769790022437863680.000000 0.437802583 -0.417121619 0.040830895 0.055116098 -0.090439834 0.070588380 0.991867065
1769790022471194880.000000 0.437537819 -0.417984188 0.039186075 0.054838885 -0.090837285 0.070678256 0.991839707
1769790022504524544.000000 0.437345654 -0.417107701 0.038867429 0.054899145 -0.090866864 0.070817783 0.991823614
1769790022604529408.000000 0.440939307 -0.416130066 0.040511124 0.054400682 -0.092056915 0.071065865 0.991723657
1769790022637857280.000000 0.437375784 -0.414902627 0.040585428 0.054437507 -0.091647290 0.071183242 0.991751134
1769790022671189760.000000 0.435803056 -0.415552258 0.037665516 0.053823572 -0.091443650 0.071085773 0.991810501
1769790022704526848.000000 0.445239425 -0.415430069 0.036338173 0.053388175 -0.093232922 0.070688248 0.991695821
1769790022737854720.000000 0.439013720 -0.415963441 0.035265137 0.052856192 -0.092701443 0.071490951 0.991716564
1769790022771210752.000000 0.440262586 -0.417269439 0.036014076 0.052145548 -0.092889875 0.071440957 0.991740108
1769790022904528384.000000 0.402374566 -0.407130718 0.023808278 0.051389612 -0.089544162 0.071481012 0.992084384
1769790022937857024.000000 0.436844260 -0.415652215 0.034215178 0.048986144 -0.093604550 0.072240651 0.991776109
1769790022971191552.000000 0.397043437 -0.397419304 0.020334007 0.050473131 -0.088793673 0.071457841 0.992200553
1769790023004536576.000000 0.325041115 -0.346370727 0.010487685 0.056664400 -0.081360780 0.070075035 0.992602170
1769790023037865728.000000 0.390724301 -0.381343782 0.020265011 0.050927073 -0.089049049 0.071514331 0.992150426
1769790023071193088.000000 0.387799978 -0.376266629 0.021461762 0.051184442 -0.089085653 0.070369765 0.992215753
1769790023171197184.000000 0.309677005 -0.305094182 0.010227629 0.057492476 -0.081219576 0.069460087 0.992609382
1769790023204526336.000000 0.308070391 -0.299065351 0.007217761 0.056967039 -0.081088379 0.069759451 0.992629409
1769790023237863936.000000 0.306196362 -0.289102167 0.013291940 0.057316314 -0.081213370 0.068895936 0.992659390
1769790023271188480.000000 0.298126161 -0.279333085 0.011681154 0.057355352 -0.081123210 0.069142967 0.992647350
1769790023304524032.000000 0.296493381 -0.272369027 0.009626778 0.057114925 -0.081116356 0.069146968 0.992661417
1769790023337858304.000000 0.295546651 -0.259831041 0.011377113 0.057723518 -0.081326455 0.069010921 0.992618561
1769790023437860096.000000 0.286525041 -0.232458740 0.012849579 0.057842251 -0.080999836 0.068112664 0.992700338
1769790023471198208.000000 0.298571944 -0.265706211 0.008994884 0.052325141 -0.082622439 0.069774501 0.992757380
1769790023504521728.000000 0.282703221 -0.212600112 0.021053795 0.057716805 -0.081102714 0.068485111 0.992673635
1769790023537864960.000000 0.294252723 -0.248365238 0.008492415 0.051972188 -0.082807012 0.069955468 0.992747784
1769790023571188736.000000 0.291363090 -0.237659633 0.012221105 0.052215580 -0.082715116 0.069481842 0.992775917
1769790023604524800.000000 0.293709695 -0.231962100 -0.000130891 0.051603232 -0.083068229 0.069971301 0.992744088
1769790023704530944.000000 0.286609828 -0.200344905 0.001621156 0.051268365 -0.083242938 0.068919890 0.992820323
1769790023737864192.000000 0.283341229 -0.184203401 0.017587386 0.052218147 -0.083282180 0.069654495 0.992716312
1769790023771207424.000000 0.283553094 -0.184041157 0.009581922 0.050790858 -0.083255060 0.068698160 0.992859304
1769790023804542720.000000 0.281730354 -0.169550255 0.012103020 0.051129505 -0.083325237 0.069112457 0.992807209
1769790023837871360.000000 0.279304296 -0.154108897 0.013945671 0.051862713 -0.083069816 0.069393955 0.992770970
1769790023871208704.000000 0.273358434 -0.139607191 0.016197529 0.052334536 -0.082690001 0.069233634 0.992789149
1769790023971243520.000000 0.271849722 -0.111092873 0.020038638 0.052189801 -0.083797790 0.070213407 0.992635071
1769790024037869056.000000 0.267343044 -0.083968930 0.024900060 0.053198759 -0.082932718 0.069343053 0.992715299
1769790024071196160.000000 0.268025070 -0.080018453 0.025082013 0.051918581 -0.083008215 0.068647824 0.992825031
1769790024104536576.000000 0.275496989 -0.067774683 0.038688101 0.052067835 -0.084145613 0.068224043 0.992750764
1769790024137876480.000000 0.260244876 -0.054532450 0.028989017 0.053326860 -0.082295783 0.066934258 0.992926776
1769790024171201280.000000 0.257329494 -0.044462480 0.026492884 0.054240998 -0.081615709 0.053216182 0.993762970
1769790024237866752.000000 0.252551049 -0.025589988 0.026069704 0.056068636 -0.081311256 0.028016787 0.994715989
1769790024337858048.000000 0.240518749 0.007659405 0.037905626 0.059519585 -0.079131134 -0.009134077 0.995043874
1769790024371195904.000000 0.235783294 0.015054301 0.021510674 0.059469800 -0.078400321 -0.021410311 0.994916260
1769790024404526848.000000 0.232449681 0.026330868 0.017327769 0.060441550 -0.077522106 -0.033848688 0.994581044
1769790024437873664.000000 0.234973118 0.029447068 0.005051302 0.060607847 -0.078197107 -0.042317219 0.994193733
1769790024471191040.000000 0.234014809 0.036363214 -0.000403647 0.060988687 -0.077786349 -0.052929711 0.993694186
1769790024571187200.000000 0.226195514 0.068778776 -0.004354448 0.064439535 -0.076389484 -0.084923036 0.991362810
1769790024637862400.000000 0.223186418 0.090308510 -0.013211004 0.066518635 -0.075836249 -0.105293371 0.989311635
1769790024671186432.000000 0.220763549 0.108970456 -0.020241100 0.067706376 -0.075052746 -0.117272690 0.987942338
1769790024704535040.000000 0.218144685 0.115086325 -0.018841155 0.068031356 -0.074250564 -0.127499163 0.986713052
1769790024737862400.000000 0.215717733 0.125955462 -0.013478735 0.068935648 -0.072862029 -0.136542350 0.985543132
1769790024771190528.000000 0.214604378 0.134201005 -0.013342522 0.069252819 -0.072001867 -0.145732239 0.984267175
1769790024804525312.000000 0.212623358 0.144919962 -0.006696232 0.070566483 -0.070796214 -0.153515518 0.983077526
1769790024904521472.000000 0.212486744 0.175979644 0.018952463 0.073618494 -0.068736866 -0.176972911 0.979048610
1769790024937860352.000000 0.212442935 0.179803312 0.018453222 0.073494606 -0.068138614 -0.184769094 0.977658510
1769790024971208448.000000 0.214254484 0.174724147 -0.010367265 0.071307950 -0.067551106 -0.195426539 0.975787103
1769790025004522496.000000 0.214428186 0.198887974 0.024337554 0.075063080 -0.067563526 -0.195670709 0.975455701
1769790025037856256.000000 0.213426784 0.208263278 0.028356425 0.076417804 -0.066719644 -0.202536657 0.974006057
1769790025071201024.000000 0.216174304 0.214454591 0.027093822 0.076915994 -0.066255115 -0.208669797 0.972703040
1769790025204529152.000000 0.220640436 0.235289931 0.035506539 0.078106754 -0.062694333 -0.234194279 0.967016995
1769790025237858304.000000 0.220921278 0.236631155 0.036407478 0.077415399 -0.061755762 -0.239080280 0.965936720
1769790025271191296.000000 0.224272951 0.239341170 0.037409659 0.077775113 -0.061193403 -0.243348718 0.964877069
1769790025304527360.000000 0.226807103 0.242823780 0.037201542 0.077942289 -0.060647603 -0.247215733 0.963914573
1769790025337860352.000000 0.231186032 0.248025209 0.041741479 0.078511797 -0.060754023 -0.249940455 0.963158667
1769790025371192320.000000 0.232102334 0.251040608 0.047087107 0.078690670 -0.060560331 -0.253553748 0.962211430
1769790025471189760.000000 0.238416135 0.267482400 0.060035601 0.080489442 -0.059610393 -0.263629645 0.959410012
1769790025504528384.000000 0.242334902 0.268151015 0.057444617 0.079927295 -0.059553094 -0.266191512 0.958752930
1769790025537866240.000000 0.244247198 0.269067496 0.055259895 0.079549298 -0.058763530 -0.268417418 0.958212316
1769790025571195136.000000 0.245216846 0.268563718 0.047302540 0.078870960 -0.057979740 -0.270324200 0.957780063
1769790025604551680.000000 0.253590137 0.273887813 0.043025468 0.079789534 -0.058182854 -0.271980643 0.957222521
1769790025637865216.000000 0.259204835 0.275730073 0.039367583 0.079814248 -0.058582049 -0.272310525 0.957102299
1769790025704501760.000000 0.271522999 0.278611600 0.029120695 0.080948122 -0.059097718 -0.273428917 0.956656456
1769790025737844480.000000 0.273618430 0.279997766 0.030963797 0.080310553 -0.058516778 -0.276639163 0.955822647
1769790025771168256.000000 0.274801016 0.277330697 0.036056060 0.079665743 -0.058300041 -0.277253062 0.955711961
1769790025804499200.000000 0.280120611 0.277579099 0.042526588 0.080077738 -0.058371466 -0.277372897 0.955638349
1769790025837843200.000000 0.284789681 0.275848687 0.046227917 0.079993993 -0.058555566 -0.276936561 0.955760658
1769790025871172864.000000 0.293382794 0.272562742 0.054076329 0.080783159 -0.059868235 -0.272187710 0.956976354
1769790025937839872.000000 0.305260032 0.270819664 0.042437181 0.080416717 -0.059042446 -0.270152986 0.957634866
1769790025971176192.000000 0.312848657 0.268509299 0.043708801 0.080891319 -0.059337799 -0.267987967 0.958184779
1769790026071174144.000000 0.330137283 0.257844299 0.039698988 0.079477794 -0.059872523 -0.261739820 0.959995210
1769790026104516608.000000 0.338160604 0.255712539 0.041757412 0.079826705 -0.060583934 -0.257714748 0.961010098
1769790026137841920.000000 0.344547451 0.248981059 0.040185876 0.079015203 -0.060361084 -0.254670709 0.961902261
1769790026171177728.000000 0.351938486 0.248440742 0.046613626 0.079524659 -0.060929365 -0.249750942 0.963113725
1769790026271170816.000000 0.374376267 0.227479786 0.038534049 0.077766642 -0.061479740 -0.235005945 0.966925442
1769790026304503808.000000 0.378585875 0.221652895 0.039150402 0.076720893 -0.060692858 -0.230332106 0.968182564
1769790026371170816.000000 0.401482463 0.214428842 0.060639586 0.077581532 -0.063436411 -0.213535458 0.971781611
1769790026404505344.000000 0.405722082 0.210138887 0.058374964 0.077195346 -0.062777974 -0.206324145 0.973411620
1769790026437842176.000000 0.417695254 0.197102338 0.054112535 0.075837046 -0.063994251 -0.198097959 0.975146532
1769790026471180288.000000 0.424920380 0.189576179 0.054494664 0.075158194 -0.064159825 -0.189850539 0.976827323
1769790026537831168.000000 0.447021127 0.174525455 0.072453156 0.073839553 -0.066933639 -0.166264817 0.981031954
1769790026604502016.000000 0.464643538 0.158772171 0.094035007 0.071756236 -0.067558266 -0.145787671 0.984394670
1769790026637830400.000000 0.476308554 0.152509302 0.088777982 0.072513707 -0.068538509 -0.134579405 0.985866487
1769790026671165696.000000 0.480801195 0.146358117 0.094220698 0.072597384 -0.067722470 -0.126054570 0.987042844
1769790026704500736.000000 0.493605167 0.135482624 0.103300348 0.071313307 -0.069601648 -0.115677610 0.988275647
1769790026737856512.000000 0.498847157 0.130154699 0.112473622 0.071805045 -0.068459123 -0.107157789 0.989279866
1769790026804503808.000000 0.513334394 0.116698697 0.104177229 0.072257951 -0.067372426 -0.094700493 0.990591526
1769790026837840384.000000 0.525613844 0.107245326 0.100103363 0.072912820 -0.067396961 -0.089078076 0.991063356
1769790026871171584.000000 0.541645050 0.100461893 0.095406525 0.074337743 -0.068697572 -0.083403334 0.991361976
1769790026904514048.000000 0.555746317 0.088834658 0.096257836 0.075135082 -0.069031805 -0.079146817 0.991627514
1769790026971169536.000000 0.571817577 0.080589846 0.103194252 0.082326934 -0.066643059 -0.076809123 0.991403699
1769790027004498944.000000 0.581912160 0.069033168 0.109043092 0.084564969 -0.065628499 -0.075423777 0.991389394
1769790027104505344.000000 0.597687662 0.043620698 0.115240984 0.093431629 -0.058244139 -0.072942771 0.991240382
1769790027137842688.000000 0.603600979 0.039163187 0.121462211 0.097402774 -0.055314288 -0.071537316 0.991128445
1769790027171164160.000000 0.615848541 0.032870091 0.119257867 0.100289486 -0.054033007 -0.071488239 0.990914702
1769790027204505856.000000 0.633783758 0.022269908 0.128615722 0.102534547 -0.053436697 -0.065901607 0.991104543
1769790027304513536.000000 0.629812062 0.008503811 0.124845207 0.111968681 -0.041579593 -0.066027187 0.990643501
1769790027337838336.000000 0.638753891 0.000775065 0.124830805 0.115361489 -0.039320834 -0.064384609 0.990454555
1769790027404500480.000000 0.659772873 -0.018601369 0.115771905 0.120122522 -0.033020250 -0.062836923 0.990218103
1769790027437833472.000000 0.670985997 -0.025915969 0.111330286 0.122098647 -0.029336846 -0.060937356 0.990211129
1769790027471166208.000000 0.669072568 -0.043281209 0.128562286 0.122450903 -0.021667028 -0.063514434 0.990203142
1769790027504512000.000000 0.676541984 -0.049624428 0.129313812 0.123659857 -0.017267244 -0.062095489 0.990229368
1769790027571174400.000000 0.700962126 -0.070100456 0.127294451 0.125023127 -0.009149552 -0.059354242 0.990334630
1769790027604517632.000000 0.707321167 -0.082066998 0.136092559 0.124667913 -0.002636635 -0.059989475 0.990379810
1769790027671163904.000000 0.723986030 -0.096443608 0.138526648 0.125767440 0.007347374 -0.056388959 0.990428627
1769790027704509184.000000 0.732890666 -0.108371340 0.141726807 0.125071511 0.012228602 -0.055803910 0.990501642
1769790027737847296.000000 0.704717994 -0.107702695 0.174666747 0.126821205 0.024406815 -0.054361194 0.990134120
1769790027771164416.000000 0.716727376 -0.111537158 0.170542836 0.127040714 0.027794598 -0.052949406 0.990093231
1769790027837861632.000000 0.725420654 -0.130457580 0.173710495 0.124318063 0.038247298 -0.050883453 0.990198493
1769790027871192832.000000 0.711863339 -0.118529215 0.181888551 0.125379086 0.046419956 -0.053095475 0.989598989
1769790027971186176.000000 0.753941953 -0.148784503 0.190371886 0.118771002 0.051096529 -0.050868668 0.990300536
1769790028004497664.000000 0.764551938 -0.153487265 0.197158530 0.118576080 0.051865768 -0.049993724 0.990328372
1769790028037834240.000000 0.760161161 -0.150607795 0.181036592 0.110563099 0.050733179 -0.051116988 0.991256297
1769790028071167744.000000 0.773206294 -0.145453647 0.176708847 0.099443033 0.044685353 -0.046125278 0.992968738
1769790028137837824.000000 0.795022070 -0.150594294 0.172159106 0.072753705 0.030439680 -0.039167367 0.996115625
1769790028171178240.000000 0.800758839 -0.143905535 0.174694926 0.065550558 0.023524784 -0.032421391 0.997044921
1769790028204501760.000000 0.798418820 -0.144094959 0.164845020 0.054681100 0.018437413 -0.034705620 0.997730255
1769790028237852928.000000 0.804277062 -0.143497929 0.170004651 0.048845634 0.012529994 -0.027915906 0.998337567
1769790028337830400.000000 0.835982680 -0.150343478 0.183391958 0.031081283 -0.006177200 -0.009303504 0.999454558
1769790028371165184.000000 0.845234692 -0.155833155 0.189682260 0.025268966 -0.011657793 -0.005098971 0.999599695
1769790028404497920.000000 0.853661358 -0.154820845 0.196745902 0.021352656 -0.016394751 -0.004970150 0.999625206
1769790028471189760.000000 0.873709679 -0.162675515 0.204825208 0.012111740 -0.026285429 0.005703493 0.999564826
1769790028504512512.000000 0.885945976 -0.167422652 0.211241245 0.007848620 -0.031011764 0.011454705 0.999422550
1769790028537838336.000000 0.894257545 -0.166271552 0.218397483 0.006255696 -0.034830056 0.016748726 0.999233305
1769790028604504064.000000 0.908542573 -0.177629113 0.212010980 0.000763936 -0.040619731 0.023225801 0.998904407
1769790028671165184.000000 0.927644908 -0.185508475 0.218030989 -0.002022944 -0.046970669 0.032893647 0.998352528
1769790028704533760.000000 0.938418329 -0.191968724 0.218008861 -0.003266839 -0.050073817 0.037512254 0.998035491
1769790028771175424.000000 0.957863688 -0.199278295 0.223767832 -0.004223402 -0.055834658 0.045229401 0.997406125
1769790028804497408.000000 0.960943460 -0.201390654 0.224368185 -0.004148017 -0.056874596 0.047912374 0.997222424
1769790028837846528.000000 0.960622787 -0.195207492 0.229687214 -0.001784282 -0.057362061 0.050691865 0.997064114
1769790028904497408.000000 0.978159070 -0.213560030 0.227277547 -0.002213093 -0.061036419 0.057810124 0.996457577
1769790028937831424.000000 0.979323328 -0.219113827 0.223344743 -0.001186247 -0.060844939 0.058572762 0.996426523
1769790029004514816.000000 0.976533413 -0.208403498 0.208153203 0.004397020 -0.061934538 0.055600811 0.996520638
1769790029037840640.000000 0.981562197 -0.210507870 0.209053934 0.006782520 -0.062585339 0.057847362 0.996338725
1769790029071165184.000000 0.990834355 -0.216079384 0.211516291 0.008452576 -0.063847333 0.059910819 0.996123910
1769790029104498432.000000 0.999037862 -0.223323300 0.211933717 0.010157954 -0.065136395 0.061825417 0.995907485
1769790029171167488.000000 0.998717129 -0.215671077 0.213581711 0.017903347 -0.064050108 0.062174454 0.995847106
1769790029204505088.000000 0.989008725 -0.211735398 0.207076713 0.021547103 -0.062318649 0.059633322 0.996040225
1769790029271163648.000000 0.990813494 -0.211740971 0.203435674 0.028140033 -0.061969079 0.060901944 0.995820820
1769790029304512000.000000 1.008146286 -0.211375952 0.209555551 0.031525634 -0.064045765 0.062188335 0.995508373
1769790029337834240.000000 1.012190819 -0.212770164 0.213839069 0.034096293 -0.063841559 0.063810952 0.995334089
1769790029371164928.000000 1.017219782 -0.217112258 0.217454270 0.036083609 -0.064075261 0.065353781 0.995148838
1769790029404501504.000000 1.025180101 -0.220249981 0.218565851 0.037917174 -0.065145262 0.066424251 0.994940281
1769790029471162112.000000 1.039685369 -0.227161229 0.224214390 0.041008681 -0.066406056 0.068790659 0.994573474
1769790029504506880.000000 1.048248649 -0.233665690 0.227898493 0.041495629 -0.067280389 0.068770625 0.994495928
1769790029604499968.000000 1.034347653 -0.209883898 0.217291936 0.050861180 -0.064015746 0.066440158 0.994434953
1769790029637835008.000000 1.038605571 -0.209433556 0.219649374 0.052389305 -0.064051546 0.067161322 0.994304895
1769790029671163392.000000 1.044260383 -0.209327027 0.222694457 0.053798653 -0.064528629 0.067608863 0.994168401
1769790029704504576.000000 1.048823237 -0.209920049 0.224594384 0.054873053 -0.065032661 0.068290018 0.994030297
1769790029771170048.000000 1.052653790 -0.204035565 0.226963490 0.058011446 -0.065171033 0.068337910 0.993839741
1769790029804512000.000000 1.054821372 -0.202007920 0.230922014 0.059016567 -0.065057091 0.068455175 0.993779957
1769790029937836800.000000 1.071235061 -0.191979215 0.242091969 0.061915521 -0.067640387 0.068373188 0.993436694
1769790029971170048.000000 1.076856852 -0.189398676 0.244581103 0.063165329 -0.068051942 0.068778045 0.993301928
1769790030004531968.000000 1.060923934 -0.187994212 0.226106465 0.064191014 -0.064768620 0.070359081 0.993344963
1769790030037840128.000000 1.062417626 -0.183301136 0.226557940 0.065721124 -0.064467810 0.069905333 0.993296504
1769790030071166208.000000 1.064712882 -0.180971384 0.229733720 0.066413805 -0.064384490 0.069676146 0.993271947
1769790030104508416.000000 1.068378091 -0.175219506 0.230280563 0.067615546 -0.064800315 0.069197461 0.993197262
1769790030204500736.000000 1.073018551 -0.157730192 0.238540262 0.071005292 -0.064458884 0.068947442 0.993000329
1769790030237852928.000000 1.073263645 -0.148875639 0.240800679 0.072827511 -0.064146318 0.068702228 0.992905617
1769790030271178496.000000 1.068634510 -0.147273019 0.236739218 0.072821029 -0.062752448 0.068335831 0.993020415
1769790030304505600.000000 1.065750599 -0.146903008 0.234914362 0.072822869 -0.062038153 0.068399705 0.993060708
1769790030337838592.000000 1.057040691 -0.153512165 0.221971452 0.071612142 -0.060806304 0.071369097 0.993016064
1769790030371165696.000000 1.048488259 -0.149108201 0.211438805 0.071855173 -0.059465211 0.071685776 0.993056893
1769790030471176448.000000 1.073822856 -0.152024657 0.232778192 0.069563121 -0.062136345 0.074356750 0.992860079
1769790030537835520.000000 1.075062990 -0.138466015 0.235167980 0.070241816 -0.061906945 0.073610932 0.992882252
1769790030571180288.000000 1.075109839 -0.129373699 0.234311715 0.071053490 -0.061874036 0.072997160 0.992871821
1769790030604499968.000000 1.073730469 -0.122292340 0.235703662 0.071462959 -0.061448272 0.071955204 0.992944956
1769790030637837568.000000 1.073297024 -0.112844296 0.236509800 0.072029635 -0.061365321 0.071840517 0.992917418
1769790030671191808.000000 1.072352171 -0.104658619 0.236739591 0.072311461 -0.060976990 0.070311606 0.993030310
1769790030837828352.000000 1.074021935 -0.065597914 0.236719280 0.073360980 -0.060946401 0.072193965 0.992820084
1769790030871162368.000000 1.071821213 -0.057353403 0.236282513 0.073868968 -0.060510650 0.070947342 0.992899001
1769790030904495104.000000 1.064833641 -0.048055571 0.241809472 0.074495614 -0.059059639 0.070698783 0.992957234
1769790030937833216.000000 1.068757653 -0.092642851 0.229968235 0.066897973 -0.059861574 0.075900592 0.993066132
1769790030971170304.000000 1.067085624 -0.085490614 0.230642200 0.067053169 -0.059653923 0.074540459 0.993171275
1769790031037838080.000000 1.064997792 -0.071345195 0.232447729 0.066827275 -0.059339840 0.074020781 0.993244112
1769790031104508416.000000 1.063007474 -0.063007295 0.230549932 0.065587215 -0.058996532 0.073816441 0.993362427
1769790031137849856.000000 1.066063881 -0.075326458 0.233044282 0.062754080 -0.059587318 0.076671861 0.993293941
1769790031171165440.000000 1.066137075 -0.068931527 0.229728043 0.062582321 -0.059601951 0.077059343 0.993273854
1769790031204509184.000000 1.068618536 -0.069194250 0.234298453 0.061662246 -0.059955783 0.078599282 0.993189514
1769790031237841664.000000 1.070586443 -0.061313674 0.239526793 0.061603565 -0.060326301 0.078466974 0.993181169
1769790031304527872.000000 1.065991044 -0.053814784 0.236616522 0.059999254 -0.059549965 0.077916510 0.993369520
1769790031371182336.000000 1.055195808 -0.029390950 0.229581147 0.060439296 -0.058396008 0.077268183 0.993461967
1769790031404505600.000000 1.052694559 -0.022367265 0.230443776 0.060074005 -0.058198757 0.076612368 0.993546486
1769790031437841664.000000 1.048748255 -0.010044015 0.232448339 0.060459472 -0.057616744 0.075487539 0.993643165
1769790031471172608.000000 1.044511557 -0.001548179 0.233694017 0.060349867 -0.056907050 0.074265771 0.993782699
1769790031504502528.000000 1.042686701 0.011159066 0.232412696 0.060667723 -0.056984998 0.073572911 0.993810475
1769790031571176704.000000 1.036051273 0.042951364 0.239026397 0.062500283 -0.056649480 0.074755780 0.993627846
1769790031637834752.000000 1.030354261 0.060706235 0.238892153 0.062223170 -0.056232963 0.073471092 0.993764699
1769790031671164160.000000 1.025816083 0.073749766 0.244154274 0.062731944 -0.055964272 0.074281737 0.993687570
1769790031704502016.000000 1.026149273 0.045011476 0.214716539 0.057524391 -0.056069609 0.075462721 0.993907750
1769790031737830912.000000 1.023975372 0.051478256 0.214056939 0.056939062 -0.056308575 0.073645473 0.994064271
1769790031771165184.000000 1.019390225 0.055171929 0.213965848 0.056016900 -0.055552702 0.072193697 0.994265616
1769790031837834240.000000 1.017218471 0.061292626 0.210487857 0.054419853 -0.055800661 0.072388157 0.994326353
1769790031904510208.000000 1.015156150 0.065080754 0.205384284 0.052381605 -0.055968538 0.073488191 0.994345665
1769790031937828352.000000 1.012192369 0.063146114 0.202509061 0.050931785 -0.055904072 0.074374296 0.994358659
1769790031971169280.000000 1.026172996 0.081189685 0.218157411 0.052485302 -0.058688886 0.078227244 0.993821681
1769790032004510464.000000 1.023191214 0.086986333 0.217240334 0.052002445 -0.058738045 0.076678589 0.993964851
1769790032071182848.000000 1.016058326 0.097940795 0.218295604 0.050836898 -0.058350373 0.074489988 0.994214356
1769790032104501760.000000 1.013806581 0.100396544 0.217764661 0.050185923 -0.058339823 0.073640808 0.994311333
1769790032204510464.000000 1.008943558 0.109295778 0.212076589 0.048055053 -0.058763836 0.075154461 0.994278371
1769790032237840640.000000 1.006524324 0.112939350 0.209907532 0.047386914 -0.059125744 0.075334378 0.994275272
1769790032271166208.000000 1.008074522 0.115467459 0.207819626 0.046665810 -0.060175754 0.078685075 0.993986845
1769790032304501504.000000 1.004823208 0.119615488 0.205506697 0.045873929 -0.060011942 0.077660501 0.994114220
1769790032337845504.000000 1.001445889 0.124813206 0.205510437 0.045479149 -0.059977747 0.076719560 0.994207501
1769790032371169024.000000 0.997385681 0.128819183 0.204270393 0.044762719 -0.059448935 0.075570710 0.994359672
1769790032537852416.000000 0.982154548 0.150377110 0.204940841 0.043119747 -0.060023446 0.074359559 0.994489133
1769790032637853952.000000 0.976750731 0.168937549 0.209888935 0.043869231 -0.061934464 0.075007997 0.994290411
1769790032671183360.000000 0.973787844 0.174572065 0.210311100 0.044044107 -0.062208999 0.075318307 0.994242132
1769790032704514560.000000 0.970519006 0.176767126 0.203075290 0.043261614 -0.062298723 0.074068375 0.994364679
1769790032837882880.000000 0.951865196 0.194853500 0.190668195 0.043569896 -0.061614506 0.072142400 0.994535506
1769790032871164672.000000 0.946340501 0.198797911 0.189600334 0.043546673 -0.061430212 0.071778931 0.994574249
1769790032904515584.000000 0.947614312 0.200754762 0.190977514 0.043361768 -0.061865102 0.072473198 0.994504988
1769790032937854720.000000 0.943901479 0.202998266 0.189155504 0.043284450 -0.061867237 0.071696557 0.994564474
1769790032971194880.000000 0.940948844 0.204055727 0.190198079 0.042817276 -0.062553868 0.071608834 0.994548082
1769790033004506368.000000 0.936707079 0.205889970 0.187143907 0.042535245 -0.062289648 0.070458852 0.994658947
1769790033104503040.000000 0.927290857 0.211659670 0.181679204 0.042622060 -0.062871054 0.070739344 0.994598746
1769790033137828864.000000 0.921259880 0.215116337 0.183910489 0.042907249 -0.062555440 0.070821509 0.994600475
1769790033171168256.000000 0.918805122 0.214983374 0.179925919 0.042329781 -0.062996447 0.070914261 0.994590819
1769790033204505344.000000 0.914572001 0.213415414 0.175712109 0.041298188 -0.062771596 0.069332153 0.994759917
1769790033237829376.000000 0.915649652 0.222337052 0.182227641 0.042924084 -0.064243376 0.072189681 0.994393766
1769790033271168768.000000 0.914352179 0.221249357 0.179830477 0.042355601 -0.064951517 0.072948687 0.994316757
1769790033337826048.000000 0.904965222 0.224481016 0.178795144 0.042853530 -0.065194167 0.073333763 0.994251251
1769790033404502784.000000 0.897817373 0.222671017 0.178116277 0.042822201 -0.065834396 0.073340014 0.994209945
1769790033437839872.000000 0.893895447 0.220477641 0.178134814 0.042866874 -0.065900654 0.073447496 0.994195640
1769790033471163136.000000 0.891581714 0.220780909 0.177852809 0.043117952 -0.066596806 0.073726200 0.994117796
1769790033504502784.000000 0.888286650 0.220483750 0.180125177 0.043397743 -0.067374028 0.074441999 0.993999898
1769790033537827584.000000 0.884801447 0.219245806 0.179731846 0.043605026 -0.067795865 0.074470870 0.993959963
1769790033604506368.000000 0.877962172 0.211113423 0.170046881 0.042797927 -0.066929363 0.073008016 0.994162261
1769790033637829120.000000 0.874265373 0.210402191 0.168207109 0.043119457 -0.066726379 0.073164754 0.994150519
1769790033671160320.000000 0.870218873 0.207174420 0.162570775 0.042915765 -0.066609435 0.073342003 0.994154155
1769790033737851392.000000 0.862616301 0.201165512 0.150807589 0.043054458 -0.066365719 0.073562533 0.994148135
1769790033771177728.000000 0.860231340 0.197270036 0.145183578 0.042921923 -0.066716969 0.073387370 0.994143367
1769790033804497408.000000 0.856561303 0.193819612 0.140305549 0.043123379 -0.066776440 0.073201433 0.994144320
1769790033871165952.000000 0.853426456 0.187003255 0.127047583 0.043801878 -0.067793623 0.075927854 0.993841290
1769790033904504832.000000 0.848387301 0.181546733 0.132747397 0.043427531 -0.068090744 0.075978167 0.993833542
1769790033937857280.000000 0.844876587 0.179417774 0.130707502 0.044467337 -0.068075016 0.076147549 0.993775666
1769790034037844736.000000 0.830887377 0.164746106 0.128957331 0.044669077 -0.067419581 0.074872598 0.993908167
1769790034071172352.000000 0.826980233 0.159180582 0.127388507 0.044536978 -0.067161389 0.074432604 0.993964672
1769790034104509952.000000 0.823957622 0.152919188 0.124248929 0.044540178 -0.067710027 0.074974224 0.993886530
1769790034137835264.000000 0.822451115 0.148375839 0.121208735 0.044901561 -0.068300121 0.074779242 0.993844628
1769790034204526592.000000 0.814310372 0.135826558 0.112011820 0.045082182 -0.068137296 0.075017273 0.993829668
1769790034237844992.000000 0.813818216 0.129974097 0.115368605 0.045223705 -0.068823792 0.074251294 0.993833423
1769790034337845248.000000 0.805251241 0.110499248 0.103795618 0.046540957 -0.069262236 0.076078825 0.993603885
1769790034371164672.000000 0.798738122 0.098859511 0.104799539 0.045832962 -0.068825126 0.074896999 0.993756950
1769790034404509440.000000 0.798165798 0.098144114 0.099017613 0.047344368 -0.069534361 0.076051824 0.993549049
1769790034437840384.000000 0.793752432 0.087954342 0.091388121 0.047079679 -0.069207780 0.075897679 0.993596196
1769790034504497664.000000 0.790136278 0.076752424 0.088637494 0.048460830 -0.070044555 0.075823113 0.993476808
1769790034537839872.000000 0.788324714 0.070329063 0.085162409 0.049441338 -0.070413373 0.076846160 0.993323863
1769790034571169024.000000 0.785605609 0.060089674 0.072570108 0.050402354 -0.070568226 0.080635972 0.992964029
1769790034637840896.000000 0.776516914 0.052197281 0.079192102 0.051995561 -0.069937959 0.075320311 0.993343890
1769790034671171072.000000 0.775941193 0.045773260 0.071267352 0.053009178 -0.070583001 0.076461203 0.993157506
1769790034704506880.000000 0.771808565 0.039680317 0.071245134 0.054141361 -0.070591293 0.075613953 0.993160725
1769790034771166208.000000 0.763297617 0.034485571 0.080057569 0.058800757 -0.070057377 0.072916113 0.993135273
1769790034804509696.000000 0.760377467 0.030928971 0.073179074 0.061853755 -0.070103176 0.072882175 0.992949069
1769790034837852160.000000 0.763244092 0.033976786 0.069915868 0.066721588 -0.071629733 0.073914424 0.992448568
1769790034904501248.000000 0.756800473 0.033513203 0.081362695 0.073147528 -0.071325459 0.070632488 0.992256641
1769790034937841920.000000 0.756099999 0.028098349 0.075184599 0.076163039 -0.072012663 0.071079306 0.991948187
1769790034971173376.000000 0.753309250 0.022527359 0.066644318 0.079568706 -0.072341777 0.072330937 0.991566360
1769790035071164416.000000 0.728136301 0.007610488 0.037665159 0.087301336 -0.072628431 0.070138663 0.991052091
1769790035104498432.000000 0.726809502 0.004840279 0.035306398 0.090921476 -0.073910996 0.070882574 0.990578771
1769790035137841920.000000 0.723393023 -0.006208341 0.032483373 0.092793144 -0.074582137 0.071125686 0.990337372
1769790035204509696.000000 0.712496281 -0.018283062 0.032007273 0.099076249 -0.075224712 0.072413474 0.989586532
1769790035237860864.000000 0.711704969 -0.025333315 0.028944090 0.102304682 -0.076055951 0.072410174 0.989194632
1769790035271174400.000000 0.707896948 -0.030829323 0.029894292 0.105926163 -0.076167129 0.071707636 0.988856077
1769790035337833216.000000 0.705770731 -0.047881521 0.028732633 0.111515626 -0.081634291 0.073305003 0.987687469
1769790035404496896.000000 0.705342472 -0.057738833 0.023895551 0.118633673 -0.088222302 0.073156655 0.986301720
1769790035437830656.000000 0.696729481 -0.075059913 0.026495522 0.119809382 -0.089712299 0.071642786 0.986136258
1769790035471163648.000000 0.693110764 -0.081481449 0.028363815 0.123618066 -0.092567205 0.071667604 0.985400259
1769790035537835264.000000 0.688217700 -0.109334953 0.011898742 0.127566457 -0.100372680 0.072239980 0.984090209
1769790035571168768.000000 0.683803082 -0.116699703 0.005897657 0.130956709 -0.103780799 0.072431751 0.983276963
1769790035604494336.000000 0.674092591 -0.138289109 0.000730095 0.131224513 -0.106182203 0.072752409 0.982961178
1769790035671206144.000000 0.671865046 -0.180981934 -0.012527548 0.132937923 -0.116880827 0.077395335 0.981160700
1769790035704525568.000000 0.669266999 -0.182332933 -0.013487756 0.136929333 -0.121696688 0.076474875 0.980097890
1769790035737838336.000000 0.663140237 -0.190017268 -0.016249364 0.138689458 -0.125475526 0.076398090 0.979379654
1769790035804497920.000000 0.652701437 -0.183927193 0.008753568 0.146881744 -0.135146797 0.072199278 0.977214634
1769790035837831680.000000 0.655150592 -0.174210131 0.020519780 0.149611712 -0.139901221 0.072408795 0.976115286
1769790035871181568.000000 0.642782509 -0.181368247 0.033234272 0.151355714 -0.143000886 0.070420243 0.975542486
1769790035937843200.000000 0.647444665 -0.176805109 0.037458092 0.151461229 -0.148950502 0.073976465 0.974372029
1769790036004500992.000000 0.623352230 -0.189935610 0.062463589 0.149026990 -0.149706244 0.078493394 0.974278092
1769790036037832960.000000 0.626301050 -0.198612392 0.033310488 0.139633387 -0.147949278 0.078340925 0.975948930
1769790036071164416.000000 0.617141128 -0.206300363 0.049570195 0.124765530 -0.147624463 0.076282129 0.978172600
1769790036137830144.000000 0.535516977 -0.261016160 0.062812716 0.092591062 -0.138422951 0.079211980 0.982848644
1769790036171171840.000000 0.580083907 -0.248004839 0.090569526 0.083834082 -0.141218886 0.073767319 0.983660281
1769790036204513792.000000 0.576350570 -0.261424720 0.099013932 0.074060105 -0.140385047 0.072177105 0.984681487
1769790036304505856.000000 0.574702442 -0.290551662 0.063839316 0.050136413 -0.134557799 0.072327115 0.986990035
1769790036337835520.000000 0.571019232 -0.302293032 0.051193677 0.042652376 -0.131960854 0.071499348 0.987752497
1769790036371163904.000000 0.564199090 -0.306162387 0.061287835 0.037513383 -0.130875647 0.069588125 0.988241851
1769790036404502528.000000 0.556950390 -0.312088460 0.061963916 0.032098264 -0.128735319 0.068160355 0.988812983
1769790036471167488.000000 0.550527155 -0.327121824 0.062425751 0.022257896 -0.126551986 0.067864120 0.989385486
1769790036504504064.000000 0.545239508 -0.332488626 0.070051380 0.018962065 -0.125557706 0.066516645 0.989672303
1769790036604496128.000000 0.529613256 -0.353324056 0.066233397 0.011211560 -0.120764941 0.064700283 0.990506947
1769790036637837568.000000 0.524820328 -0.359607339 0.067945689 0.009772431 -0.119282313 0.064686373 0.990702748
1769790036671161088.000000 0.520749390 -0.367792934 0.066317469 0.008470790 -0.117997192 0.064368322 0.990889311
1769790036704501504.000000 0.518301070 -0.379874527 0.059543479 0.006696687 -0.116528377 0.064129688 0.991092145
1769790036737832704.000000 0.516421497 -0.389814019 0.055210955 0.005387028 -0.115659885 0.064806491 0.991157889
1769790036771166208.000000 0.508908927 -0.393284202 0.055169467 0.006398551 -0.113702841 0.064006917 0.991430223
1769790036871167232.000000 0.495032132 -0.420607358 0.043589734 0.007011956 -0.109003462 0.064078912 0.991949141
1769790036904510976.000000 0.492209226 -0.429114342 0.040455922 0.007734231 -0.107790627 0.064543068 0.992046237
1769790036937830400.000000 0.492399484 -0.434855789 0.039489307 0.009228975 -0.107027188 0.065442391 0.992057145
1769790036971163392.000000 0.487295449 -0.443528533 0.032233074 0.010530589 -0.105304368 0.064920716 0.992262840
1769790037004497664.000000 0.481563538 -0.450558394 0.029469360 0.012638158 -0.103188492 0.064985372 0.992456198
1769790037037835776.000000 0.481677026 -0.455404103 0.032294147 0.014564848 -0.102892049 0.065751143 0.992410183
1769790037137843968.000000 0.471988350 -0.470002860 0.030340923 0.021490319 -0.099357508 0.067349151 0.992537379
1769790037171174400.000000 0.467230558 -0.475817800 0.025105523 0.023537239 -0.097915582 0.066326328 0.992703080
1769790037204495616.000000 0.464881331 -0.478726298 0.022689318 0.025281724 -0.096871339 0.067167118 0.992706120
1769790037237839616.000000 0.443755507 -0.421239734 0.032498974 0.033937220 -0.094756626 0.067714095 0.992614865
1769790037271167232.000000 0.441444635 -0.424528331 0.032286979 0.035430983 -0.093884274 0.068029039 0.992624044
1769790037304498944.000000 0.442521840 -0.421037406 0.038263369 0.037800767 -0.093562588 0.068020545 0.992567539
1769790037437833216.000000 0.442219168 -0.420390785 0.036869507 0.044017177 -0.092275500 0.068968311 0.992366433
1769790037471169792.000000 0.436971039 -0.423777997 0.019481912 0.043999109 -0.090638429 0.070479691 0.992411911
1769790037504494592.000000 0.433292747 -0.425949723 0.013935110 0.044511113 -0.089845240 0.069773257 0.992511094
1769790037604502272.000000 0.438769758 -0.422537386 0.032644615 0.046355553 -0.090129510 0.070310399 0.992363036
1769790037637833472.000000 0.442210615 -0.418273836 0.038308717 0.048489507 -0.090704538 0.069657221 0.992254734
1769790037771169536.000000 0.440445423 -0.419682175 0.035311125 0.051694151 -0.090445027 0.070756346 0.992038846
1769790037804499200.000000 0.439696103 -0.418318540 0.033355709 0.052475695 -0.090227723 0.070101298 0.992064059
1769790037837832704.000000 0.441813469 -0.417847693 0.036734574 0.053266697 -0.090709962 0.070776179 0.991930008
1769790037871169024.000000 0.438762933 -0.417287886 0.042386793 0.054091476 -0.090308972 0.070457041 0.991944730
1769790037904494848.000000 0.438931972 -0.418465555 0.040183965 0.054129142 -0.090366967 0.071069211 0.991893649
1769790037937831424.000000 0.438774049 -0.418036669 0.039123029 0.054479960 -0.090717681 0.071227625 0.991831064
1769790038037831936.000000 0.438502014 -0.418925583 0.040765680 0.055077884 -0.090851322 0.071037360 0.991799474
1769790038071161088.000000 0.436054021 -0.414436549 0.040195964 0.055594806 -0.090907723 0.071513154 0.991731286
1769790038104499200.000000 0.440574497 -0.417194635 0.044976849 0.055069536 -0.091587588 0.072131746 0.991653264
1769790038137832960.000000 0.438309193 -0.415696979 0.042250589 0.055128481 -0.091289550 0.071328498 0.991735578
1769790038171166720.000000 0.435358047 -0.415492117 0.037632924 0.054702606 -0.091162831 0.071809500 0.991736054
1769790038204508160.000000 0.436907440 -0.417040676 0.039228220 0.054266039 -0.091531672 0.071402393 0.991755486
1769790038304503552.000000 0.434092134 -0.416121364 0.043081518 0.053445794 -0.091859825 0.071489871 0.991763353
1769790038337846784.000000 0.432363629 -0.417492270 0.041238394 0.052986894 -0.092008471 0.071553305 0.991769612
1769790038371164416.000000 0.430211186 -0.415503860 0.038654961 0.052733496 -0.091812268 0.071200863 0.991826713
1769790038404495872.000000 0.428704292 -0.413571596 0.037959736 0.052508231 -0.091871157 0.071328320 0.991824031
1769790038437836288.000000 0.402898401 -0.407059431 0.030538645 0.052723832 -0.089048848 0.071614452 0.992049336
1769790038471165696.000000 0.402535677 -0.406937778 0.031738438 0.051929023 -0.089411400 0.071478277 0.992068470
1769790038571174400.000000 0.369844943 -0.407235026 0.017514192 0.049686559 -0.086018488 0.070940256 0.992521822
1769790038604500992.000000 0.398487926 -0.400722235 0.029537821 0.049708664 -0.089829102 0.071407408 0.992149591
1769790038637844480.000000 0.365071058 -0.397672325 0.013155491 0.049579788 -0.086147636 0.070406340 0.992554009
1769790038671180800.000000 0.360086352 -0.383365571 0.015164470 0.050540611 -0.086230747 0.070904061 0.992462873
1769790038704502784.000000 0.359785706 -0.379062116 0.006338085 0.049861901 -0.086341128 0.071292110 0.992459774
1769790038737836288.000000 0.355029225 -0.366218030 0.017454468 0.050720137 -0.085984677 0.070777535 0.992484093
1769790038871164160.000000 0.343045652 -0.330361664 0.016166113 0.051029470 -0.086068250 0.070699550 0.992466629
1769790038904507648.000000 0.341424018 -0.323712945 0.019922905 0.050501723 -0.086239733 0.070884101 0.992465496
1769790038937829376.000000 0.337722838 -0.313352108 0.021168573 0.050888725 -0.085955516 0.070041977 0.992530227
1769790038971162624.000000 0.336956769 -0.303835750 0.019861141 0.050727203 -0.086097404 0.070430890 0.992498577
1769790039004497408.000000 0.334533185 -0.295753539 0.020276945 0.050617460 -0.086063549 0.070245072 0.992520332
1769790039037835008.000000 0.331153840 -0.285738498 0.020251855 0.050868198 -0.086052299 0.069994465 0.992526174
1769790039137843456.000000 0.321663558 -0.253334284 0.025550209 0.051588755 -0.085920028 0.069388375 0.992543042
1769790039204494848.000000 0.319412708 -0.236204863 0.020207776 0.050671007 -0.086116873 0.069761053 0.992547095
1769790039237828608.000000 0.316898644 -0.222989365 0.025368657 0.051293742 -0.086223789 0.069703877 0.992509842
1769790039271164160.000000 0.315805197 -0.216915533 0.022734856 0.050478008 -0.086287081 0.069420993 0.992565989
1769790039304493312.000000 0.312851578 -0.206037953 0.021327658 0.050643802 -0.086021990 0.068451829 0.992647886
1769790039337837824.000000 0.310993820 -0.198698416 0.020277936 0.049846962 -0.086416766 0.069882587 0.992554247
1769790039404492032.000000 0.308250278 -0.184415519 0.018216373 0.048965406 -0.086301886 0.069246121 0.992652714
1769790039471174656.000000 0.305926621 -0.156844586 0.021737367 0.049800228 -0.086301453 0.069284886 0.992608488
1769790039504505856.000000 0.306074291 -0.150228649 0.022501435 0.049331386 -0.086707525 0.069776513 0.992562115
1769790039537827328.000000 0.302225024 -0.140384600 0.022256000 0.049095206 -0.086471587 0.068967983 0.992650926
1769790039571167488.000000 0.299463183 -0.125556156 0.025269965 0.049738467 -0.086489983 0.068273000 0.992665350
1769790039604500224.000000 0.301888168 -0.117014572 0.030109311 0.049911778 -0.086663976 0.068779826 0.992606401
1769790039671158784.000000 0.302771598 -0.098079748 0.028059632 0.049232554 -0.087025635 0.070435144 0.992492676
1769790039737841664.000000 0.299250156 -0.077454604 0.025748041 0.049334880 -0.086376078 0.064962797 0.992917478
1769790039771160320.000000 0.296479434 -0.069930583 0.026714263 0.050557632 -0.086159997 0.051784653 0.993649244
1769790039804546048.000000 0.291481912 -0.057792339 0.025479181 0.051518593 -0.085269518 0.038959622 0.994262099
1769790039837846272.000000 0.285942376 -0.047322839 0.024694810 0.052731454 -0.084864378 0.025672242 0.994664967
1769790039871163904.000000 0.282810897 -0.037579250 0.023204023 0.053734794 -0.084434569 0.013223560 0.994891226
1769790039937830912.000000 0.275613725 -0.015924767 0.025785157 0.056131236 -0.083262570 -0.010111428 0.994894147
1769790040004496640.000000 0.269781172 0.006054410 0.019594196 0.058116619 -0.081877843 -0.034197822 0.994358599
1769790040037833984.000000 0.268749744 0.014808198 0.018933203 0.059190694 -0.081989624 -0.044884309 0.993860960
1769790040104494080.000000 0.264123827 0.038034096 0.007456428 0.061693151 -0.080711693 -0.067989297 0.992500424
1769790040137831168.000000 0.261721998 0.043040946 0.001843935 0.061330047 -0.080376074 -0.078851745 0.991746366
1769790040171169536.000000 0.258296251 0.059875831 0.003955937 0.063581362 -0.079716086 -0.089717694 0.990733802
1769790040204498432.000000 0.260822862 0.068588525 -0.013187827 0.064322673 -0.079966180 -0.100019991 0.989678800
1769790040271163392.000000 0.255240828 0.087997861 0.005057176 0.066337846 -0.078944862 -0.119490288 0.987465978
1769790040304495360.000000 0.250416845 0.099969514 0.011340564 0.067427561 -0.077743717 -0.128894538 0.986304045
1769790040371163648.000000 0.248364449 0.112996802 0.007257480 0.067609124 -0.075115077 -0.148583189 0.983722389
1769790040404502272.000000 0.247815579 0.119408309 0.007757083 0.067885697 -0.074098855 -0.156608820 0.982534766
1769790040437829376.000000 0.250286192 0.130711511 0.008939073 0.069380581 -0.074040823 -0.164534971 0.981138408
1769790040471166720.000000 0.247411683 0.137570292 0.009005994 0.069870651 -0.072665840 -0.172003254 0.979924858
1769790040571162112.000000 0.246141911 0.165112406 0.023169031 0.072780788 -0.071187615 -0.194657728 0.975573540
1769790040604495360.000000 0.247818351 0.170853227 0.023992460 0.073069170 -0.070886612 -0.201277331 0.974229693
1769790040637830912.000000 0.249929890 0.176300555 0.022107854 0.073408082 -0.070464142 -0.207091779 0.973015428
1769790040704497152.000000 0.252482682 0.188889474 0.024668882 0.074133962 -0.069325104 -0.219555512 0.970305920
1769790040737831168.000000 0.253595769 0.191491783 0.026001388 0.074190527 -0.068656415 -0.224213928 0.969283342
1769790040771160832.000000 0.254466355 0.199779689 0.025436753 0.075027086 -0.068047985 -0.230239719 0.967848182
1769790040837849344.000000 0.259856939 0.206450284 0.026031891 0.075570077 -0.066607185 -0.238951385 0.965792418
1769790040871201536.000000 0.261901557 0.212382555 0.026470819 0.075888894 -0.065826625 -0.243504465 0.964683056
1769790040904495360.000000 0.265055805 0.216747835 0.027130511 0.076537296 -0.065423608 -0.247600168 0.963616133
1769790040971225088.000000 0.265464544 0.219017625 0.026410997 0.076415762 -0.064070717 -0.254004478 0.962048531
1769790041004519936.000000 0.270231634 0.224317387 0.034493983 0.077011451 -0.064213306 -0.256892353 0.961224377
1769790041037865984.000000 0.273465663 0.221950799 0.025443740 0.075777352 -0.064734794 -0.261738122 0.959979415
1769790041104571136.000000 0.274255425 0.225021392 0.032509714 0.075761057 -0.063731991 -0.265892774 0.958905458
1769790041137864448.000000 0.287506074 0.235937148 0.052796982 0.077651046 -0.064403959 -0.268392801 0.958012402
1769790041171197184.000000 0.284261584 0.233577222 0.035364147 0.077030040 -0.063124143 -0.268994451 0.957978964
1769790041271200768.000000 0.305410355 0.243251622 0.035784584 0.078735575 -0.064242020 -0.272600234 0.956745923
1769790041304523008.000000 0.308974832 0.243862212 0.034946539 0.078725696 -0.064015642 -0.273657888 0.956459999
1769790041337882880.000000 0.311802745 0.243368268 0.024760168 0.078103699 -0.063723840 -0.274727941 0.956223667
1769790041404516096.000000 0.325513691 0.246977329 0.031779021 0.079466179 -0.064679563 -0.273810387 0.956310391
1769790041437896960.000000 0.329109997 0.246794954 0.033574652 0.079473823 -0.064443484 -0.273380786 0.956448615
1769790041471200000.000000 0.334636956 0.236616686 0.038753755 0.078094199 -0.065001808 -0.271790504 0.956977546
1769790041537858560.000000 0.346843958 0.231822759 0.044977799 0.077648468 -0.065317757 -0.269236118 0.957714140
1769790041571208192.000000 0.348548084 0.228698879 0.044123933 0.077032357 -0.064142205 -0.268764555 0.957975745
1769790041604536576.000000 0.355727702 0.226979196 0.038916308 0.077020660 -0.064358428 -0.266301692 0.958649755
1769790041671191296.000000 0.369258612 0.219027817 0.023880089 0.076063357 -0.064694367 -0.261190504 0.960108578
1769790041704533248.000000 0.376105726 0.215911686 0.029463114 0.075967178 -0.065100797 -0.257760644 0.961015284
1769790041737864448.000000 0.376277715 0.211863577 0.023733934 0.075016789 -0.064006686 -0.255684972 0.961717665
1769790041804518912.000000 0.387359828 0.198803693 0.016616501 0.073169068 -0.063978225 -0.247434944 0.964017153
1769790041837865984.000000 0.396571785 0.196461573 0.015579700 0.073389500 -0.064670689 -0.241881669 0.965362608
1769790041871194624.000000 0.403886795 0.187748551 0.013450783 0.072482936 -0.065205082 -0.235606268 0.966945827
1769790041937860352.000000 0.414247036 0.173294008 0.005830714 0.070173979 -0.064356759 -0.225298166 0.969626009
1769790041971183872.000000 0.423454970 0.165862799 -0.000739233 0.069866553 -0.065003835 -0.217482105 0.971388042
1769790042037884672.000000 0.441544712 0.154257029 0.005237312 0.069595553 -0.065661274 -0.200202063 0.975071430
1769790042071191808.000000 0.451845467 0.146499500 0.014483732 0.068840429 -0.066388488 -0.190353245 0.977046192
1769790042104531968.000000 0.463872671 0.137625933 0.014500520 0.067882702 -0.067574307 -0.180187628 0.978957653
1769790042171200768.000000 0.484385103 0.122560479 0.036051098 0.067006327 -0.069317468 -0.156601682 0.982945144
1769790042204524288.000000 0.496790051 0.119900309 0.047355834 0.067680374 -0.069810718 -0.146289319 0.984451771
1769790042237862912.000000 0.505545795 0.114332162 0.062184509 0.068069875 -0.070310526 -0.135900378 0.985877335
1769790042304535552.000000 0.526421726 0.098584414 0.078654870 0.067319721 -0.071937785 -0.117080316 0.988223255
1769790042337850624.000000 0.531882584 0.098505981 0.083761975 0.068622008 -0.071264856 -0.109736301 0.989024937
1769790042371190528.000000 0.541239798 0.087953798 0.084121086 0.067629650 -0.071618132 -0.101376712 0.989959538
1769790042471182080.000000 0.576836109 0.059686806 0.083347254 0.069242589 -0.072180882 -0.081958234 0.991603851
1769790042504525824.000000 0.583154738 0.055252761 0.091630489 0.071786366 -0.071107052 -0.079638138 0.991689622
1769790042537868800.000000 0.585237265 0.048964780 0.097472116 0.075177014 -0.068024501 -0.079287164 0.991682708
1769790042604523776.000000 0.606540203 0.035974376 0.101806030 0.081535362 -0.066880435 -0.076123573 0.991506040
1769790042637859328.000000 0.617099643 0.029463600 0.106140956 0.084773310 -0.065850899 -0.075357914 0.991361916
1769790042671187968.000000 0.623190403 0.021701304 0.101480417 0.087987244 -0.063714303 -0.073428541 0.991366208
1769790042737864960.000000 0.638606608 0.008001831 0.106104255 0.094245903 -0.059085246 -0.071292736 0.991233587
1769790042771197184.000000 0.646510422 0.002169744 0.108343244 0.097503185 -0.056481998 -0.070058726 0.991158307
1769790042804526592.000000 0.653596163 -0.005892902 0.104222149 0.100575119 -0.053273618 -0.070116252 0.991024911
1769790042871193344.000000 0.668160081 -0.019355226 0.111009687 0.106588215 -0.046687331 -0.067281909 0.990925014
1769790042904522496.000000 0.681198239 -0.031837147 0.109551407 0.108674943 -0.045938838 -0.066285372 0.990800500
1769790042971185408.000000 0.697813511 -0.048705544 0.113073811 0.115002587 -0.040086433 -0.063575424 0.990517914
1769790043004518144.000000 0.703858316 -0.056877207 0.112073809 0.116451800 -0.036125608 -0.062981822 0.990538836
1769790043037849600.000000 0.706634045 -0.060487375 0.118150637 0.119185872 -0.031400383 -0.062121533 0.990429044
1769790043137856256.000000 0.709537804 -0.086329110 0.136037499 0.121889770 -0.013723393 -0.059490349 0.990664184
1769790043271241984.000000 0.724263191 -0.110832267 0.158129349 0.125333712 0.009574085 -0.055174503 0.990532994
1769790043304585472.000000 0.736797869 -0.115845256 0.161388621 0.126177505 0.013849116 -0.053005122 0.990493774
1769790043337872896.000000 0.736280203 -0.120830856 0.170281783 0.126331583 0.021046463 -0.051330473 0.990435541
1769790043437890048.000000 0.736168683 -0.132015124 0.177439824 0.124857903 0.038895424 -0.049967274 0.990152001
1769790043471206912.000000 0.746236265 -0.141828135 0.180060267 0.122920781 0.042419121 -0.049227674 0.990286708
1769790043504546560.000000 0.752560139 -0.150216192 0.182475328 0.120924726 0.045884289 -0.048157237 0.990430593
1769790043537909504.000000 0.769490480 -0.162071183 0.190982938 0.118384637 0.047146119 -0.047952659 0.990688086
1769790043571210496.000000 0.780332744 -0.175826624 0.205255181 0.115830094 0.048745688 -0.047974046 0.990911603
1769790043604517120.000000 0.789449632 -0.170704767 0.207470834 0.116063863 0.049449056 -0.049841244 0.990757227
1769790043671203328.000000 0.807855546 -0.171767846 0.219730318 0.093415089 0.040619835 -0.045651473 0.993750274
1769790043771201280.000000 0.833916426 -0.176622361 0.219405785 0.058389246 0.018892217 -0.034985255 0.997501791
1769790043804527360.000000 0.846143484 -0.182126194 0.242587104 0.050387416 0.011150476 -0.021860464 0.998428226
1769790043837859328.000000 0.853066623 -0.174579009 0.219072133 0.044895921 0.003721884 -0.021821054 0.998746455
1769790043871185664.000000 0.860545039 -0.174729392 0.224648356 0.038093563 -0.002557650 -0.016743314 0.999130607
1769790043904531968.000000 0.869020820 -0.173379704 0.224197388 0.033164993 -0.008714110 -0.010424254 0.999357581
1769790043937848320.000000 0.876915455 -0.181603402 0.220152572 0.026405282 -0.013498220 -0.007440793 0.999532461
1769790044037850368.000000 0.900088727 -0.191337600 0.231232360 0.011410876 -0.027049610 0.008492213 0.999532938
1769790044071182080.000000 0.912210703 -0.188602507 0.237739399 0.009074835 -0.032455485 0.015523310 0.999311447
1769790044104516864.000000 0.922480881 -0.194232583 0.238190308 0.005417783 -0.036432911 0.018941531 0.999141932
1769790044137857280.000000 0.927977920 -0.201048329 0.236084536 0.001620451 -0.040160228 0.021420654 0.998962343
1769790044171185664.000000 0.935060441 -0.207074255 0.238050073 -0.001730002 -0.043044608 0.026065342 0.998731673
1769790044204515584.000000 0.944949448 -0.210464939 0.243064895 -0.003796484 -0.046586212 0.030752921 0.998433650
1769790044271186432.000000 0.967646539 -0.221498534 0.245163381 -0.007187358 -0.053653851 0.040399022 0.997716188
1769790044337864960.000000 0.989171386 -0.233798638 0.250799060 -0.009496835 -0.059662890 0.050216354 0.996909559
1769790044371185920.000000 1.001096487 -0.240997553 0.249559626 -0.010078344 -0.062569551 0.055535261 0.996443391
1769790044404526592.000000 1.005623460 -0.247043937 0.246372998 -0.009981820 -0.063618466 0.055203646 0.996396303
1769790044437847552.000000 1.010087252 -0.248019874 0.245452255 -0.008945473 -0.064404607 0.058697499 0.996155918
1769790044471209984.000000 1.017701626 -0.255464584 0.243137971 -0.009547539 -0.066040434 0.061570179 0.995869815
1769790044571186944.000000 1.028467298 -0.255403012 0.239253923 -0.004171171 -0.068528011 0.065768421 0.995470285
1769790044604517888.000000 1.061795950 -0.275417358 0.231780171 -0.003442305 -0.074020304 0.075712480 0.994372606
1769790044637852160.000000 1.061171055 -0.277004302 0.227223456 -0.001158640 -0.073052272 0.077649891 0.994300067
1769790044671180288.000000 1.048887730 -0.267597735 0.241884843 0.001784002 -0.070196666 0.075031720 0.994705796
1769790044704519424.000000 1.044683576 -0.267536998 0.235206172 0.004725181 -0.069519900 0.074021474 0.994819343
1769790044771182336.000000 1.044875503 -0.258253425 0.215684369 0.013114855 -0.069697328 0.073092058 0.994800389
1769790044837849088.000000 1.006422877 -0.248470828 0.185285211 0.020038102 -0.063704029 0.063430399 0.995749414
1769790044937851904.000000 0.987584770 -0.229390472 0.167805150 0.031220367 -0.059990067 0.059046056 0.995961845
1769790044971187968.000000 0.987422347 -0.225070491 0.166106850 0.034581449 -0.059699185 0.059319578 0.995852053
1769790045004515328.000000 1.035490751 -0.221059471 0.230470702 0.038549136 -0.066601723 0.067075387 0.994775951
1769790045037846528.000000 1.037157416 -0.217115864 0.228597909 0.041019987 -0.066404581 0.066561833 0.994724751
1769790045237851136.000000 1.039906979 -0.203280851 0.212381065 0.053266674 -0.064192072 0.065665409 0.994349062
1769790045271188736.000000 1.041673064 -0.198962122 0.215039372 0.055450778 -0.064039126 0.066246800 0.994200945
1769790045304521216.000000 1.041702747 -0.198627636 0.210996836 0.056647658 -0.063781776 0.066340551 0.994143784
1769790045337848576.000000 1.042856932 -0.197323799 0.213460222 0.058087837 -0.063785955 0.067016646 0.994015098
1769790045371188992.000000 1.034853935 -0.193776473 0.202668577 0.059708931 -0.062552258 0.067816183 0.993943214
1769790045404524800.000000 1.033759594 -0.193440571 0.200109094 0.060287092 -0.062089510 0.067980349 0.993926108
1769790045504523264.000000 1.040671945 -0.188242137 0.202482432 0.061794981 -0.063490905 0.069500238 0.993639767
1769790045537852928.000000 1.044873238 -0.186867729 0.203901231 0.062335141 -0.063869253 0.069510296 0.993581176
1769790045571182848.000000 1.046326399 -0.184199527 0.205260456 0.063628219 -0.063516930 0.069530383 0.993520379
1769790045604518656.000000 1.052339315 -0.186205402 0.212075815 0.064255953 -0.063513204 0.070327386 0.993424118
1769790045637856000.000000 1.050722241 -0.183279380 0.207822949 0.065484628 -0.062690124 0.070543103 0.993380785
1769790045671181824.000000 1.055502772 -0.182081625 0.211790606 0.066144675 -0.062969618 0.070804268 0.993300796
1769790045771195136.000000 1.055085421 -0.174495533 0.208678722 0.067926988 -0.061944384 0.070697874 0.993252575
1769790045804517888.000000 1.056811452 -0.169473395 0.209648371 0.068715468 -0.061879262 0.071242608 0.993163466
1769790045837851648.000000 1.058882117 -0.167163029 0.214766264 0.069233716 -0.061624847 0.071626082 0.993115723
1769790045871184384.000000 1.057319641 -0.163454011 0.211285233 0.069750220 -0.061031766 0.071755588 0.993106842
1769790045904520704.000000 1.056194544 -0.158019707 0.210673571 0.070426568 -0.060665682 0.071453072 0.993103325
1769790045937846272.000000 1.058297873 -0.153609380 0.210199594 0.071004175 -0.060806733 0.071860425 0.993024230
1769790046004526080.000000 1.058061123 -0.150822237 0.209123403 0.070368640 -0.060309730 0.072217278 0.993073881
1769790046104525824.000000 1.074452639 -0.146304429 0.225444883 0.069610216 -0.061693877 0.074107826 0.992903054
1769790046137864192.000000 1.076732635 -0.141957492 0.226581201 0.069637865 -0.062029954 0.074730568 0.992833495
1769790046171179776.000000 1.076659203 -0.136264801 0.225717932 0.069789737 -0.061819050 0.073891275 0.992898703
1769790046204515072.000000 1.076011777 -0.141433850 0.225812197 0.068463124 -0.061603334 0.075426370 0.992889106
1769790046237856768.000000 1.063230872 -0.125871032 0.216177985 0.070000939 -0.059859011 0.073866762 0.993005812
1769790046271188992.000000 1.062528610 -0.118370526 0.216180086 0.070383407 -0.059682023 0.073365055 0.993026614
1769790046404519936.000000 1.071848631 -0.104684606 0.225506455 0.068625636 -0.060692806 0.074489929 0.993004680
1769790046471184128.000000 1.072135925 -0.107778981 0.221745610 0.066237412 -0.060197134 0.075582787 0.993114412
1769790046504519680.000000 1.068915129 -0.097694859 0.221494123 0.066736124 -0.059856333 0.075383455 0.993116796
1769790046537855744.000000 1.069739342 -0.096003994 0.218742490 0.066025920 -0.060052350 0.076644860 0.993055880
1769790046571189760.000000 1.066840053 -0.088032007 0.217448890 0.066086248 -0.059561312 0.075873844 0.993140638
1769790046671192064.000000 1.065739751 -0.074305683 0.218945876 0.064622715 -0.059443217 0.076241255 0.993215919
1769790046704520960.000000 1.064658523 -0.067158498 0.223740399 0.064575091 -0.059232518 0.075933076 0.993255138
1769790046737857792.000000 1.058650017 -0.062652081 0.217781261 0.063984588 -0.058542624 0.075657442 0.993355334
1769790046771183360.000000 1.058302879 -0.058385916 0.216504827 0.063319042 -0.058436535 0.076207228 0.993362188
1769790046804516864.000000 1.062041998 -0.054802187 0.224021286 0.062914453 -0.058877449 0.076009914 0.993376911
1769790046837855232.000000 1.053501248 -0.037160262 0.214135364 0.063673437 -0.057822485 0.075176060 0.993454039
1769790046937849344.000000 1.054187894 -0.019588351 0.219799876 0.062431116 -0.058149155 0.074766949 0.993544698
1769790046971185408.000000 1.052829146 -0.012965649 0.222396195 0.062382240 -0.057917763 0.075348735 0.993517339
1769790047004517888.000000 1.047954082 -0.002191842 0.218179792 0.062638491 -0.057467856 0.074656755 0.993579566
1769790047037856256.000000 1.051890612 -0.011570727 0.222295925 0.060191151 -0.058195073 0.076413050 0.993554950
1769790047071178752.000000 1.055919528 -0.010706490 0.222617373 0.058832593 -0.058900882 0.076868348 0.993559659
1769790047104519168.000000 1.054237843 -0.000260253 0.220843449 0.058972068 -0.058927592 0.076391272 0.993586540
1769790047237850624.000000 1.038811445 0.025221253 0.213755369 0.057184681 -0.057434026 0.076422364 0.993776083
1769790047271183104.000000 1.035378695 0.035415053 0.211737141 0.056894183 -0.057029292 0.075641647 0.993875802
1769790047304513024.000000 1.032970786 0.041363575 0.211213350 0.056348208 -0.056836486 0.074388385 0.994012535
1769790047337854464.000000 1.029077172 0.048184890 0.212497607 0.055745848 -0.056589693 0.073003024 0.994163275
1769790047371187712.000000 1.026243329 0.055597864 0.213399887 0.055683915 -0.056272026 0.072769903 0.994201899
1769790047404518656.000000 1.025100589 0.063743398 0.213188976 0.055650573 -0.056489650 0.072974697 0.994176388
1769790047537850112.000000 1.016918778 0.101449408 0.212618336 0.056096561 -0.056847040 0.072856858 0.994139612
1769790047571184640.000000 1.018040061 0.093752660 0.203491420 0.053342905 -0.057752885 0.075893402 0.994011760
1769790047604515328.000000 1.015200257 0.098839477 0.203431562 0.052774299 -0.057657272 0.075102530 0.994107783
1769790047637854464.000000 1.012160540 0.102977075 0.203656271 0.052076679 -0.057357136 0.073520951 0.994280100
1769790047671180544.000000 1.009654164 0.107525170 0.204486653 0.051603410 -0.057131723 0.073947154 0.994286120
1769790047704515584.000000 1.007952929 0.110162802 0.204517767 0.050794076 -0.057213299 0.074158415 0.994307399
1769790047804520960.000000 1.010597348 0.108172767 0.201900482 0.047375660 -0.059260327 0.078376777 0.994032621
1769790047837859328.000000 1.010924339 0.111801594 0.203198686 0.046741676 -0.060128894 0.079037890 0.993958116
1769790047871184384.000000 1.007980824 0.115274586 0.202916369 0.046297073 -0.060044084 0.078359455 0.994037807
1769790047904521728.000000 1.009508610 0.117441393 0.202665627 0.045545068 -0.060936078 0.078902036 0.993975341
1769790047937852160.000000 1.004505038 0.125348449 0.203652486 0.045624662 -0.060348857 0.077166334 0.994143784
1769790047971179264.000000 1.001034498 0.129949331 0.202092364 0.045148008 -0.059991419 0.076214261 0.994260609
1769790048071180032.000000 0.991753101 0.142157614 0.197717294 0.043491345 -0.060317647 0.074281849 0.994460940
1769790048104505600.000000 0.987109303 0.146006480 0.198648110 0.043361325 -0.059826646 0.073198617 0.994576573
1769790048137832192.000000 0.984418869 0.147571504 0.196130514 0.042518131 -0.059838530 0.073983572 0.994554162
1769790048171171840.000000 0.983344495 0.161510050 0.197308972 0.043805499 -0.060757924 0.073664077 0.994466245
1769790048204498944.000000 0.979897499 0.165556684 0.195723623 0.043462347 -0.060739096 0.073027067 0.994529486
1769790048237835008.000000 0.976104975 0.168973744 0.194860041 0.043031760 -0.060619343 0.072194606 0.994616270
1769790048371168768.000000 0.962348938 0.187639832 0.191801175 0.042911448 -0.061237816 0.071235545 0.994652748
1769790048404497920.000000 0.959894001 0.193715766 0.191430986 0.043699577 -0.061617114 0.072177917 0.994527042
1769790048437837312.000000 0.957256198 0.197079688 0.190573230 0.043664582 -0.062068533 0.072199769 0.994498909
1769790048471181824.000000 0.953229427 0.200331837 0.188576445 0.043728817 -0.062114134 0.071881190 0.994516373
1769790048504500480.000000 0.950187564 0.201399952 0.186544195 0.043019321 -0.062095799 0.070792235 0.994626522
1769790048537837312.000000 0.946324348 0.203281552 0.185171947 0.042773709 -0.061943226 0.069944933 0.994706631
1769790048671165440.000000 0.931933522 0.213185787 0.184940100 0.042658817 -0.062672064 0.069989741 0.994662702
1769790048704498688.000000 0.929016709 0.217442572 0.182839990 0.043301996 -0.062969409 0.071124852 0.994535625
1769790048737834240.000000 0.925743282 0.222552717 0.181839749 0.043800674 -0.063276097 0.071852304 0.994441986
1769790048771177216.000000 0.920367360 0.222165093 0.181724295 0.043426730 -0.062727973 0.071882442 0.994490981
1769790048804503808.000000 0.916406214 0.223659307 0.179870725 0.043550551 -0.062760353 0.071839310 0.994486630
1769790048837841152.000000 0.915612936 0.223185420 0.176824629 0.043129303 -0.063501291 0.072018072 0.994445026
1769790048971171072.000000 0.905418754 0.220913529 0.164188281 0.042198919 -0.064697966 0.072144680 0.994398654
1769790049004500992.000000 0.900671303 0.220300049 0.163468361 0.042459410 -0.064804226 0.071968324 0.994393468
1769790049037885440.000000 0.896673620 0.220159441 0.161325395 0.042998061 -0.065072231 0.072334707 0.994326234
1769790049071174912.000000 0.892746508 0.218449771 0.160329878 0.042770140 -0.064978577 0.072247066 0.994348526
1769790049104502016.000000 0.888931215 0.217766821 0.160054579 0.042895548 -0.065206409 0.072385386 0.994318128
1769790049137833216.000000 0.886312962 0.215493709 0.157846138 0.042672466 -0.065641232 0.072289571 0.994306087
1769790049204504576.000000 0.879824936 0.211999685 0.154255047 0.042999413 -0.066090420 0.073271796 0.994190335
1769790049237845760.000000 0.875472009 0.209764138 0.153732166 0.042997025 -0.065764017 0.072661459 0.994256914
1769790049271173120.000000 0.873616159 0.207351759 0.150929794 0.043098297 -0.066390201 0.073519088 0.994147837
1769790049304518144.000000 0.871524036 0.205100894 0.149600402 0.043348040 -0.067007393 0.074148864 0.994048774
1769790049337834496.000000 0.864014447 0.201979488 0.151140645 0.043374676 -0.066327021 0.072672240 0.994202256
1769790049371172608.000000 0.861593544 0.200524792 0.150859922 0.043804899 -0.066888943 0.072653934 0.994147122
1769790049437839360.000000 0.855602860 0.192505300 0.143139213 0.043679286 -0.067469329 0.073145367 0.994077384
1769790049504503808.000000 0.849083543 0.182942852 0.137525588 0.043795217 -0.068089850 0.073778361 0.993983150
1769790049537853184.000000 0.846238196 0.180191517 0.136827171 0.044625998 -0.068143733 0.074812882 0.993865192
1769790049571166464.000000 0.841699243 0.174664289 0.137881428 0.044526879 -0.068235561 0.074274369 0.993903697
1769790049604517376.000000 0.838546872 0.170333475 0.135727778 0.044741374 -0.068305112 0.074642792 0.993861735
1769790049671170048.000000 0.832762659 0.158502445 0.127812058 0.044801109 -0.068746977 0.075989775 0.993726492
1769790049737833728.000000 0.827040195 0.147537395 0.121520154 0.045212511 -0.069373667 0.077326700 0.993561149
1769790049804500736.000000 0.815446675 0.133515954 0.123036996 0.045052934 -0.068368971 0.075061090 0.993811786
1769790049837830656.000000 0.819442093 0.129042134 0.111712128 0.046238050 -0.070369832 0.078966461 0.993314862
1769790049871177472.000000 0.816602170 0.122921661 0.108881921 0.046632152 -0.070559122 0.079671510 0.993226707
1769790049904499200.000000 0.811734378 0.116804399 0.107233755 0.046707250 -0.070226952 0.079456866 0.993263960
1769790049937863680.000000 0.805406034 0.107444495 0.110280946 0.046462860 -0.069433965 0.077255167 0.993504822
1769790050071169792.000000 0.793642581 0.080078512 0.099509560 0.047649067 -0.069883622 0.075497448 0.993552268
1769790050104506368.000000 0.791821897 0.074759021 0.095592901 0.048720483 -0.070230260 0.076392271 0.993407488
1769790050137837824.000000 0.784123182 0.062159728 0.090130620 0.047509976 -0.069524251 0.073404811 0.993740857
1769790050171181312.000000 0.787469804 0.058985218 0.080252960 0.049691558 -0.071095496 0.077714257 0.993195176
1769790050204507904.000000 0.785531878 0.054478623 0.077615224 0.050651219 -0.071265288 0.077325508 0.993164957
1769790050237865728.000000 0.779162109 0.052652624 0.086381242 0.052264225 -0.070527248 0.076505423 0.993197560
1769790050404501248.000000 0.767745793 0.047873702 0.096971773 0.064826377 -0.070846424 0.071644336 0.992796779
1769790050437837312.000000 0.765408039 0.039788667 0.092997953 0.066995226 -0.071072176 0.071648620 0.992636323
1769790050471164416.000000 0.761060774 0.033470638 0.086423941 0.070200779 -0.071301892 0.072360083 0.992346644
1769790050504515584.000000 0.759065747 0.026589278 0.082127601 0.072665326 -0.072037242 0.072940886 0.992073596
1769790050537833216.000000 0.753550291 0.019580593 0.076900728 0.075858682 -0.071629852 0.072377816 0.991905332
1769790050571166208.000000 0.748129368 0.012938549 0.074750394 0.078489400 -0.071373187 0.072632752 0.991700470
1769790050704507136.000000 0.735734582 0.005773248 0.065794624 0.092419036 -0.074564241 0.071464352 0.990349293
1769790050737837312.000000 0.735947132 0.001419403 0.062657110 0.095835030 -0.076298214 0.072371177 0.989826620
1769790050771179264.000000 0.728515387 -0.008684724 0.063396715 0.097866170 -0.076443382 0.072724201 0.989590764
1769790050804509696.000000 0.727847636 -0.015718441 0.060918666 0.100588866 -0.077183805 0.073179513 0.989226639
1769790050837841152.000000 0.721746504 -0.022848638 0.061719790 0.103973940 -0.076714344 0.072428420 0.988968432
1769790050871168768.000000 0.723273218 -0.034464799 0.051878504 0.106727377 -0.078329943 0.073436245 0.988474011
1769790050971171584.000000 0.718486786 -0.048055612 0.046008807 0.116622217 -0.085936427 0.073725335 0.986700952
1769790051004499968.000000 0.714079022 -0.057125341 0.046038136 0.119449817 -0.088023104 0.073731370 0.986178219
1769790051037853184.000000 0.710126400 -0.070037998 0.056382522 0.121839829 -0.091151245 0.072539516 0.985689878
1769790051071171072.000000 0.707960904 -0.076326616 0.056868039 0.125453278 -0.094624616 0.072000384 0.984948516
1769790051104510464.000000 0.701687992 -0.095918044 0.051542934 0.127094150 -0.097484730 0.072900079 0.984392941
1769790051137854208.000000 0.697927117 -0.109979734 0.049140230 0.128827244 -0.100918628 0.073047236 0.983810544
1769790051237863680.000000 0.689479828 -0.141842231 0.046747319 0.137836799 -0.114923224 0.070652448 0.981224716
1769790051271180800.000000 0.687361240 -0.151519120 0.044139802 0.140772372 -0.120071039 0.069933914 0.980242491
1769790051304499712.000000 0.683309853 -0.174655929 0.011997136 0.139780715 -0.124331243 0.072446436 0.979670644
1769790051337833472.000000 0.681661308 -0.178450108 0.009297142 0.142690614 -0.129121959 0.070047081 0.978805602
1769790051371177216.000000 0.672010183 -0.177980199 0.026063573 0.146848544 -0.133187428 0.068471067 0.977756798
1769790051404505600.000000 0.664319277 -0.174475953 0.040975265 0.149794996 -0.137186721 0.069019116 0.976717830
1769790051504507136.000000 0.653357565 -0.180512086 0.046577536 0.150753215 -0.147171393 0.072830342 0.974838316
1769790051537832192.000000 0.648014486 -0.182004139 0.061005123 0.151092902 -0.149323314 0.073029011 0.974443555
1769790051604499712.000000 0.648331761 -0.186676621 0.055128388 0.148974985 -0.150452033 0.077243529 0.974271059
1769790051637829376.000000 0.637910008 -0.184589222 0.069174901 0.140367478 -0.148800403 0.076661773 0.975847542
1769790051671163136.000000 0.633869290 -0.184520483 0.083597347 0.126762837 -0.148661569 0.076087669 0.977773786
1769790051704517632.000000 0.634074509 -0.194019616 0.076528661 0.111299902 -0.147223875 0.076094054 0.979870975
1769790051804500224.000000 0.594296694 -0.260685444 0.065758333 0.073722847 -0.138120368 0.073939383 0.984896302
1769790051837843968.000000 0.588867366 -0.265103191 0.068670236 0.066801324 -0.136496350 0.073737010 0.985631347
1769790051971190528.000000 0.571099758 -0.289213777 0.065220863 0.041496873 -0.129867166 0.068253823 0.988308668
1769790052004509952.000000 0.565440059 -0.292656302 0.069309443 0.036881857 -0.128581837 0.067047887 0.988742173
1769790052104510720.000000 0.552370131 -0.319224954 0.059345543 0.023360578 -0.124159098 0.065067925 0.989850998
1769790052137848064.000000 0.547222376 -0.321797490 0.065794997 0.021150874 -0.123128392 0.064345971 0.990076661
1769790052171172608.000000 0.542294204 -0.330962896 0.067501284 0.017940238 -0.122029714 0.063929111 0.990302980
1769790052204511232.000000 0.536638916 -0.340713918 0.061580643 0.015195539 -0.120094143 0.063928917 0.990585566
1769790052237844224.000000 0.533172488 -0.347656816 0.060332388 0.013143913 -0.119056702 0.063633382 0.990759075
1769790052271169280.000000 0.527442873 -0.351674139 0.068735763 0.012512340 -0.117931671 0.062997848 0.990942478
1769790052337838080.000000 0.521214187 -0.368081927 0.057919141 0.009482455 -0.114906684 0.063080251 0.991326094
1769790052371177728.000000 0.519145072 -0.370470703 0.056667525 0.009684894 -0.114063852 0.062258117 0.991473496
1769790052404505600.000000 0.514647126 -0.373645782 0.054433785 0.010574245 -0.113181591 0.060402501 0.991680324
1769790052471177216.000000 0.502394080 -0.379277349 0.060270045 0.012695186 -0.110438675 0.058779776 0.992062032
1769790052504499456.000000 0.499501586 -0.381993920 0.061397664 0.013788228 -0.109379098 0.058755282 0.992166281
1769790052537835520.000000 0.496992290 -0.388212889 0.054175861 0.014180242 -0.107936732 0.058913048 0.992309391
1769790052571172352.000000 0.496033013 -0.397827238 0.048784241 0.013766818 -0.107207641 0.059246805 0.992374361
1769790052604496128.000000 0.490814030 -0.405583471 0.055603020 0.013711000 -0.105704546 0.058564328 0.992576897
1769790052671196928.000000 0.490555525 -0.411525965 0.046588976 0.017107271 -0.104743369 0.061838731 0.992427409
1769790052704499200.000000 0.488407433 -0.412914425 0.048569359 0.019377943 -0.103831612 0.062064514 0.992467463
1769790052737831680.000000 0.484931827 -0.420473605 0.043493226 0.020045662 -0.102131203 0.060648900 0.992718041
1769790052804508160.000000 0.480873019 -0.424253166 0.042351823 0.024015332 -0.100110911 0.064291954 0.992606521
1769790052837833728.000000 0.477489233 -0.424880415 0.043442704 0.025255786 -0.099336945 0.063822918 0.992683709
1769790052871177216.000000 0.476461649 -0.424347997 0.044561513 0.027321298 -0.098857902 0.064293407 0.992646515
1769790052971173120.000000 0.473908871 -0.420957685 0.046967212 0.031861741 -0.096963808 0.064577207 0.992679536
1769790053004498176.000000 0.477109551 -0.421008021 0.050365057 0.032526013 -0.096970960 0.064590953 0.992656410
1769790053037835776.000000 0.452384889 -0.404738873 0.040026989 0.035266902 -0.093258165 0.063671567 0.992977917
1769790053104507392.000000 0.473397374 -0.419489861 0.048679832 0.034356005 -0.095146343 0.065778382 0.992693365
1769790053137834496.000000 0.447875619 -0.410668969 0.032034829 0.037078012 -0.091309018 0.065531448 0.992972136
1769790053171165952.000000 0.445629060 -0.413744092 0.028319500 0.037922874 -0.090356126 0.065647468 0.993019700
1769790053271160832.000000 0.451653570 -0.404025972 0.041777555 0.042160820 -0.091028191 0.065009169 0.992829382
1769790053304503552.000000 0.447439998 -0.409146667 0.028719086 0.041804224 -0.089631990 0.066203818 0.992892623
1769790053337830656.000000 0.447070390 -0.407604754 0.029088326 0.042557567 -0.089333043 0.066524766 0.992866039
1769790053371162880.000000 0.446288317 -0.407385021 0.030941151 0.043189410 -0.088980623 0.066948049 0.992841959
1769790053437838336.000000 0.452032864 -0.410066277 0.035415865 0.043730818 -0.089602813 0.067041546 0.992755949
1769790053471176192.000000 0.451645792 -0.410564005 0.035612609 0.043916378 -0.089390740 0.066669300 0.992791951
1769790053571165184.000000 0.451861799 -0.403934896 0.040115409 0.045861799 -0.089495331 0.065752000 0.992755771
1769790053604499456.000000 0.451520473 -0.413147956 0.025538735 0.044075087 -0.088754095 0.067791604 0.992766082
1769790053637830144.000000 0.450333923 -0.412582695 0.026736608 0.043856304 -0.088343188 0.068114534 0.992790282
1769790053671165440.000000 0.454001158 -0.404115409 0.040981967 0.045813769 -0.089403972 0.066484548 0.992717445
1769790053704500736.000000 0.454272598 -0.403999001 0.036173653 0.045699537 -0.089361981 0.066391192 0.992732763
1769790053737837824.000000 0.447672844 -0.407011479 0.029795300 0.044955797 -0.087836109 0.065813802 0.992941320
1769790053837831424.000000 0.450159550 -0.403516084 0.036297966 0.045058962 -0.088164479 0.066964783 0.992830515
1769790053871164928.000000 0.447846979 -0.405861557 0.026138950 0.044196386 -0.087147616 0.067312099 0.992935658
1769790053904513024.000000 0.448112935 -0.406275481 0.025540341 0.043180678 -0.087084159 0.067621984 0.992964804
1769790053937834752.000000 0.445607454 -0.405832469 0.025894094 0.043529574 -0.086639605 0.066888005 0.993038177
1769790053971179008.000000 0.449116319 -0.394872993 0.033631139 0.045275237 -0.087919340 0.064466357 0.993007779
1769790054004504576.000000 0.448353976 -0.398649484 0.034735106 0.043883417 -0.087564826 0.065425351 0.993038893
1769790054137833984.000000 0.449713290 -0.397898853 0.031882808 0.042067584 -0.087246202 0.067413032 0.993012547
1769790054171174400.000000 0.450067729 -0.397026896 0.028688502 0.041000471 -0.087148488 0.067954883 0.993028820
1769790054204503040.000000 0.449885130 -0.393083125 0.020899294 0.040965758 -0.086623073 0.068640850 0.993029058
1769790054237829120.000000 0.450035870 -0.383129716 0.020263229 0.041889448 -0.086554825 0.067856550 0.993050396
1769790054271181824.000000 0.450721234 -0.377069324 0.036964688 0.042953670 -0.087812349 0.067200303 0.992939174
1769790054304503296.000000 0.444388032 -0.359701723 0.034956824 0.044031639 -0.086483911 0.066819355 0.993034184
1769790054437834240.000000 0.442615718 -0.339623600 0.040213503 0.044702377 -0.085698120 0.065267108 0.993175626
1769790054471164160.000000 0.443958014 -0.337840408 0.039031602 0.043435909 -0.085763179 0.065239571 0.993228018
1769790054504501760.000000 0.447012097 -0.333102584 0.038513683 0.042742651 -0.086368203 0.066930547 0.993093133
1769790054537833472.000000 0.448756933 -0.319891691 0.041118119 0.042665057 -0.086766757 0.069079995 0.992914498
1769790054571191808.000000 0.450817078 -0.318716377 0.039997786 0.041827071 -0.086537525 0.070481144 0.992871761
1769790054604497152.000000 0.454305589 -0.300927401 0.051889129 0.043602780 -0.088437594 0.070867069 0.992600381
1769790054704505088.000000 0.437092006 -0.257912040 0.076780975 0.050613556 -0.086340018 0.063854679 0.992928147
1769790054737834240.000000 0.438999474 -0.255455405 0.075341217 0.049906857 -0.086786754 0.063833058 0.992926359
1769790054771202560.000000 0.440326512 -0.251698762 0.075532481 0.049061064 -0.086969629 0.064960122 0.992879450
1769790054804498432.000000 0.446105480 -0.241726220 0.072604634 0.049058657 -0.087990239 0.066362165 0.992696881
1769790054837849856.000000 0.447405159 -0.235764787 0.075569488 0.048524518 -0.087904215 0.067540146 0.992651343
1769790054904509184.000000 0.454035163 -0.227498874 0.074723288 0.046841826 -0.088946916 0.070560619 0.992429078
1769790055004505600.000000 0.460200459 -0.212207988 0.070979357 0.045102805 -0.089093886 0.072805367 0.992334366
1769790055037856000.000000 0.462168664 -0.207387328 0.070475906 0.044362739 -0.088781901 0.074962266 0.992235065
1769790055071172096.000000 0.470486313 -0.206642747 0.073295437 0.042937510 -0.090287656 0.075594850 0.992113888
1769790055104506880.000000 0.470829755 -0.205051929 0.076000869 0.041511491 -0.089830324 0.076020062 0.992183626
1769790055204502784.000000 0.484637767 -0.189650133 0.064497642 0.040285751 -0.091279536 0.080184869 0.991773963
1769790055304500992.000000 0.494111210 -0.180256978 0.061286952 0.037724078 -0.092098482 0.083508052 0.991524696
1769790055337834496.000000 0.496205211 -0.177494109 0.059496135 0.037549537 -0.092141293 0.084200583 0.991468787
1769790055371162368.000000 0.499055088 -0.174171701 0.059840094 0.037261210 -0.092325121 0.084047332 0.991475582
1769790055404498688.000000 0.500751317 -0.165656909 0.060898803 0.037679534 -0.092057586 0.083823092 0.991503596
1769790055437845248.000000 0.501671553 -0.163113922 0.062718809 0.037146427 -0.091764659 0.084027298 0.991533577
1769790055471162112.000000 0.504691958 -0.158829406 0.063439071 0.036874980 -0.092297301 0.083788410 0.991514504
1769790055537842432.000000 0.509125352 -0.152512774 0.064614154 0.036245480 -0.092549019 0.084838249 0.991424978
1769790055604496384.000000 0.513433933 -0.149089798 0.063048214 0.034932882 -0.092163913 0.085239351 0.991473556
1769790055637854208.000000 0.514664352 -0.146966025 0.066344388 0.034289744 -0.091637440 0.085578769 0.991515577
1769790055671164160.000000 0.514644623 -0.143674135 0.066984788 0.034165032 -0.091126435 0.085035622 0.991613746
1769790055704488704.000000 0.517464280 -0.145768672 0.067690857 0.032228820 -0.091067739 0.085249469 0.991665542
1769790055737839360.000000 0.516594887 -0.143825144 0.069560006 0.031698745 -0.090429604 0.084901772 0.991770864
1769790055804529664.000000 0.521084428 -0.140482858 0.069559522 0.031018304 -0.090163924 0.085520960 0.991763413
1769790055871171072.000000 0.516323447 -0.147176728 0.076771297 0.026757952 -0.087124586 0.083469950 0.992333651
1769790055904501504.000000 0.516592741 -0.146043032 0.077018991 0.026213741 -0.086604990 0.083126530 0.992422581
1769790055937831168.000000 0.516709626 -0.146099269 0.077982523 0.025343189 -0.086012878 0.082961135 0.992510438
1769790055971165440.000000 0.518440068 -0.137761652 0.075453430 0.026630681 -0.085919857 0.082841314 0.992494822
1769790056004508928.000000 0.520737827 -0.129059181 0.074529588 0.027356818 -0.085472636 0.082800373 0.992517114
1769790056071164416.000000 0.517712891 -0.146106556 0.081745714 0.022506969 -0.082836948 0.083680846 0.992788494
1769790056171163904.000000 0.520526648 -0.146242291 0.081161335 0.020726498 -0.081560932 0.082622342 0.993021548
1769790056204495360.000000 0.518746674 -0.145642459 0.084267147 0.020673804 -0.080040276 0.083097994 0.993106723
1769790056237839872.000000 0.518927157 -0.144547686 0.083200417 0.020664459 -0.079749055 0.082963482 0.993141592
1769790056271153920.000000 0.518197536 -0.150366500 0.090120748 0.018433049 -0.078487121 0.082805492 0.993299246
1769790056304558848.000000 0.518416703 -0.142131940 0.082454406 0.020125175 -0.078529857 0.081238404 0.993392408
1769790056337832448.000000 0.517447829 -0.141757265 0.081105322 0.019684821 -0.077178471 0.081266880 0.993504822
1769790056437831424.000000 0.519400418 -0.142890722 0.083586134 0.018976476 -0.075399004 0.081694052 0.993620157
1769790056471161600.000000 0.519435048 -0.143161029 0.083181821 0.018810144 -0.074513234 0.081891678 0.993673921
1769790056504497408.000000 0.521395028 -0.143038914 0.085102096 0.018489173 -0.074334033 0.081850111 0.993696749
1769790056537835264.000000 0.518988132 -0.144391611 0.084206104 0.018084617 -0.073111989 0.081341289 0.993836641
1769790056571166720.000000 0.520143688 -0.143590242 0.086063161 0.018138530 -0.072659291 0.081316799 0.993870914
1769790056604487680.000000 0.520905256 -0.143011734 0.086516023 0.018534025 -0.072126992 0.081291705 0.993904412
1769790056704501504.000000 0.520740867 -0.149283946 0.091905348 0.016819961 -0.069687910 0.081584118 0.994084895
1769790056737831424.000000 0.522252917 -0.149372801 0.091525316 0.016895993 -0.069687508 0.081756227 0.994069457
1769790056771156224.000000 0.523690581 -0.150762245 0.091841131 0.016639562 -0.069308035 0.081807576 0.994096100
1769790056804492288.000000 0.523860753 -0.150264591 0.092659935 0.016808162 -0.068660714 0.081721783 0.994145274
1769790056837844480.000000 0.524385452 -0.149382189 0.094280481 0.016928649 -0.068241552 0.081756927 0.994169176
1769790056871163392.000000 0.524925053 -0.149892345 0.092012145 0.017107878 -0.067919083 0.081698962 0.994192958
1769790057004489728.000000 0.526370883 -0.151743099 0.093635179 0.017048258 -0.065415286 0.082334362 0.994309485
1769790057037831424.000000 0.524637580 -0.152856559 0.094068564 0.016708802 -0.064380571 0.081705220 0.994434655
1769790057071165440.000000 0.526247561 -0.151559845 0.094174199 0.017091393 -0.064504348 0.081438713 0.994441986
1769790057104496128.000000 0.526164055 -0.153545395 0.094857588 0.017041670 -0.063575983 0.081845723 0.994469225
1769790057137820928.000000 0.526461661 -0.154630020 0.092101656 0.017032001 -0.062940888 0.082467549 0.994458437
1769790057171161600.000000 0.527680039 -0.154491380 0.092676245 0.017232440 -0.063051045 0.081690446 0.994512081
1769790057337822208.000000 0.529967427 -0.156459063 0.094350219 0.018058820 -0.061248079 0.082014024 0.994583547
1769790057371163136.000000 0.530913055 -0.156724975 0.094632350 0.018140575 -0.061260894 0.081794240 0.994599283
1769790057404489216.000000 0.530419827 -0.157059401 0.092910238 0.018384987 -0.060701083 0.082103074 0.994603634
1769790057437827072.000000 0.531060457 -0.150885180 0.093882620 0.020239491 -0.061007973 0.080640167 0.994668603
1769790057471155200.000000 0.531879663 -0.152470723 0.094337337 0.019919524 -0.060825180 0.080262922 0.994716763
1769790057637824000.000000 0.535298765 -0.150433809 0.097406574 0.021368630 -0.060542434 0.080608621 0.994675934
1769790057671159808.000000 0.536387920 -0.151747674 0.097822577 0.021190286 -0.060480662 0.080433697 0.994697750
1769790057704507648.000000 0.535810888 -0.151593506 0.097042322 0.021573782 -0.059778530 0.080588333 0.994719446
1769790057737827328.000000 0.536621928 -0.152732819 0.097615629 0.021385269 -0.059735987 0.079984777 0.994774759
1769790057771163392.000000 0.535978675 -0.154947102 0.094192348 0.021750683 -0.059021760 0.081043854 0.994723678
1769790057804499456.000000 0.534361899 -0.155238003 0.092553005 0.022204142 -0.058397554 0.080518290 0.994793177
1769790057904502272.000000 0.535301447 -0.155621946 0.093068182 0.022688936 -0.058302861 0.080920920 0.994755149
1769790057937824256.000000 0.536447465 -0.155397967 0.093106948 0.022965580 -0.058205049 0.080778852 0.994766057
1769790058004496384.000000 0.537139833 -0.156364724 0.092847206 0.023028351 -0.057838913 0.080608882 0.994799852
1769790058037826816.000000 0.537602782 -0.154005930 0.093572825 0.023900982 -0.057837460 0.080985904 0.994748652
1769790058071159040.000000 0.536876202 -0.153705508 0.094408043 0.024238808 -0.057563175 0.080992699 0.994755864
1769790058104496128.000000 0.537140548 -0.155620039 0.094518676 0.023693733 -0.057708148 0.080708221 0.994783700
1769790058171153408.000000 0.536711574 -0.155670881 0.095343687 0.023850562 -0.057418931 0.080550723 0.994809508
1769790058204538880.000000 0.538590312 -0.154438436 0.095880911 0.024170576 -0.057854444 0.080688544 0.994765341
1769790058237828608.000000 0.538759470 -0.155010119 0.097074449 0.023921294 -0.057742793 0.080931462 0.994758129
1769790058271158784.000000 0.539385557 -0.154745907 0.096403867 0.024004605 -0.057533506 0.080692314 0.994787633
1769790058304492032.000000 0.538750589 -0.155762047 0.094759025 0.023770766 -0.057243887 0.080286771 0.994842827
1769790058337828096.000000 0.537983000 -0.155269161 0.097188741 0.023871755 -0.057029326 0.080304921 0.994851232
1769790058404485376.000000 0.538762510 -0.156536013 0.094995238 0.023526691 -0.057068776 0.080504052 0.994841099
1769790058437820416.000000 0.538011014 -0.155186787 0.096568942 0.023822287 -0.056933559 0.080152869 0.994870186
1769790058504492800.000000 0.540039182 -0.153278410 0.101717867 0.023475729 -0.058117647 0.079379573 0.994871914
1769790058537828352.000000 0.540646851 -0.153671741 0.102168448 0.023283374 -0.058200911 0.079433933 0.994867265
1769790058571160576.000000 0.540865123 -0.153004482 0.102333248 0.023343876 -0.058228672 0.079268597 0.994877398
1769790058604485632.000000 0.540806830 -0.152679399 0.103040718 0.023413502 -0.058144044 0.079201236 0.994886041
1769790058671157760.000000 0.541600704 -0.152883932 0.101793349 0.023069954 -0.058033500 0.079086281 0.994909704
1769790058704486912.000000 0.541606545 -0.152953282 0.103352815 0.022988647 -0.057956193 0.079093315 0.994915485
1769790058737820160.000000 0.542357385 -0.151720643 0.106202744 0.023399839 -0.058063563 0.079743274 0.994847775
1769790058804500736.000000 0.541381538 -0.153586105 0.103863366 0.023101980 -0.057792138 0.079148330 0.994918108
1769790058837820416.000000 0.541562140 -0.154190525 0.102951981 0.022957845 -0.057878252 0.079030573 0.994925797
1769790058871157248.000000 0.540991366 -0.153260112 0.104540572 0.023242977 -0.057830039 0.079273671 0.994902611
1769790058971160320.000000 0.541479051 -0.154512405 0.103855245 0.023170210 -0.058044828 0.078842677 0.994926035
1769790059004487168.000000 0.542189717 -0.154399544 0.102903403 0.023266859 -0.058250684 0.078824326 0.994913220
1769790059037833984.000000 0.542190492 -0.154419184 0.102278464 0.023498153 -0.058328807 0.079010531 0.994888484
1769790059104492288.000000 0.541612804 -0.155235305 0.101370774 0.023292329 -0.058247533 0.078601785 0.994930387
1769790059137885696.000000 0.540750444 -0.153835580 0.103463531 0.023700299 -0.058012512 0.078784823 0.994920075
1769790059171168000.000000 0.541068494 -0.153174579 0.103798755 0.023856061 -0.058175392 0.078640364 0.994918227
1769790059237844480.000000 0.540978312 -0.153703704 0.102522954 0.023850212 -0.058155429 0.078728586 0.994912624
1769790059304510720.000000 0.540555954 -0.153783366 0.103371873 0.023878448 -0.057988781 0.078927524 0.994905829
1769790059337848832.000000 0.541009903 -0.153448179 0.103836246 0.023979351 -0.058154441 0.079117939 0.994878650
1769790059404492032.000000 0.540436804 -0.153762951 0.104344293 0.023850111 -0.058081865 0.078839928 0.994908035
1769790059437833728.000000 0.540498197 -0.153173774 0.104710840 0.024056524 -0.058039598 0.079038225 0.994889796
1769790059471154688.000000 0.540093064 -0.153080270 0.104626760 0.023995312 -0.058008522 0.078766219 0.994914651
1769790059537826048.000000 0.540484071 -0.153287768 0.104121432 0.024034586 -0.058034871 0.079107553 0.994885147
1769790059571173632.000000 0.540156007 -0.152633920 0.104541764 0.024105009 -0.058043696 0.079032265 0.994888902
1769790059604493056.000000 0.540981472 -0.152270138 0.104744047 0.024254069 -0.058270931 0.078893378 0.994883001
1769790059671177984.000000 0.544921041 -0.154848456 0.102660507 0.023514427 -0.059288409 0.079173647 0.994818389
1769790059704497920.000000 0.545849621 -0.154394105 0.101637274 0.023585213 -0.059567682 0.078943253 0.994818330
1769790059737820928.000000 0.544960499 -0.155681252 0.100920506 0.023222670 -0.059255827 0.078514434 0.994879425
1769790059804492544.000000 0.541613221 -0.154031977 0.103498362 0.023846369 -0.058266677 0.079088837 0.994877517
1769790059837844992.000000 0.542065620 -0.153901950 0.102960780 0.023960650 -0.058356594 0.079316862 0.994851410
1769790059871155200.000000 0.541575670 -0.153886974 0.104278244 0.023971545 -0.058156747 0.079351038 0.994860113
1769790059937838336.000000 0.542920887 -0.151688978 0.104611747 0.024474612 -0.058515567 0.079530485 0.994812548
1769790059971189248.000000 0.541328788 -0.153772160 0.103321530 0.023904230 -0.058063820 0.079026952 0.994892955
1769790060004498432.000000 0.542967260 -0.154056504 0.103034511 0.023855444 -0.058493625 0.079187162 0.994856179
1769790060104498688.000000 0.542286336 -0.154231459 0.103160888 0.023714801 -0.058532618 0.078874499 0.994882166
1769790060137825280.000000 0.542045474 -0.152732164 0.103667356 0.024205210 -0.058374096 0.079180457 0.994855344
1769790060171172352.000000 0.541775644 -0.153429061 0.103190884 0.024012251 -0.058310587 0.079005890 0.994877577
1769790060237826816.000000 0.542091966 -0.152267486 0.103726745 0.024307307 -0.058262326 0.079157561 0.994861186
1769790060271158016.000000 0.542429686 -0.153107822 0.100963064 0.024188636 -0.058410764 0.078992948 0.994868457
1769790060304492800.000000 0.541670203 -0.152852818 0.102368988 0.024292102 -0.058191683 0.079344861 0.994850814
1769790060437834496.000000 0.542820871 -0.153695568 0.102772914 0.023924835 -0.058519505 0.079130545 0.994857550
1769790060471160832.000000 0.541720271 -0.152538031 0.102809496 0.024375986 -0.058138859 0.079172537 0.994865596
1769790060504487936.000000 0.541604578 -0.152673185 0.101803869 0.024346018 -0.058172766 0.078997813 0.994878232
1769790060537825280.000000 0.542630374 -0.152761191 0.103106879 0.024265148 -0.058438722 0.079353757 0.994836211
1769790060571153408.000000 0.542162776 -0.152779356 0.103247754 0.024317894 -0.058350928 0.079310991 0.994843543
