1770112638060911104.000000 0.000000000 0.000000000 0.000000000 -0.000000000 -0.000000000 -0.000000000 1.000000000
1770112638094244864.000000 0.000112084 -0.000005963 0.000134057 -0.000147178 0.000002914 0.000569667 0.999999821
1770112638127577600.000000 0.000052048 0.000067956 -0.000254226 -0.000094338 0.000097601 0.000662134 0.999999762
1770112638160912640.000000 0.000095815 0.000134340 -0.000246423 0.000484745 0.000262730 0.001560014 0.999998629
1770112638194247168.000000 -0.000016110 0.000071726 -0.000371968 0.000382149 0.000737998 0.001969507 0.999997735
1770112638227577856.000000 0.000096313 0.000034463 -0.000371761 0.000228896 0.000452380 0.002375665 0.999997079
1770112638260912640.000000 -0.000072379 -0.000011126 -0.000286014 0.000125479 0.000871158 0.002768730 0.999995768
1770112638294244864.000000 -0.000032000 -0.000183639 -0.000326287 -0.000061165 0.000993324 0.003296664 0.999994099
1770112638327576320.000000 -0.000158552 -0.000080643 -0.000358313 0.000148231 0.001372523 0.003275620 0.999993682
1770112638360912128.000000 -0.000090314 -0.000140840 -0.000374510 -0.000067600 0.001188180 0.002904505 0.999995053
1770112638394243328.000000 0.000051693 -0.000123994 -0.000515609 -0.000148139 0.000689572 0.002226835 0.999997258
1770112638427575552.000000 0.000111591 -0.000066955 -0.000479780 -0.000122880 0.000568569 0.002178700 0.999997497
1770112638460912128.000000 0.000082569 -0.000052786 -0.000522381 0.000089028 0.000697941 0.002308925 0.999997139
1770112638494244096.000000 0.000122120 -0.000089483 -0.000434054 -0.000219030 0.000717968 0.002073042 0.999997616
1770112638527576576.000000 0.000140574 0.000004383 -0.000503298 0.000101731 0.000642054 0.002372223 0.999996960
1770112638560910848.000000 0.000115223 0.000103597 -0.000545925 0.000427207 0.000627513 0.002296505 0.999997079
1770112638594244864.000000 0.000101066 -0.000025741 -0.000573747 -0.000031290 0.000598870 0.002205420 0.999997437
1770112638627577344.000000 0.000038541 0.000000810 -0.000551112 -0.000068027 0.000498443 0.001616425 0.999998569
1770112638660912640.000000 0.000041926 -0.000055836 -0.000643060 -0.000060593 0.000418979 0.001501992 0.999998808
1770112638694246656.000000 0.000114444 -0.000066942 -0.000533583 -0.000113996 0.000420523 0.001888092 0.999998152
1770112638727577088.000000 0.000084174 -0.000058972 -0.000619380 0.000020679 0.000271341 0.001616055 0.999998748
1770112638760913152.000000 -0.000156924 -0.000134356 -0.000458328 -0.000344207 0.000885713 0.001474648 0.999998510
1770112638794244352.000000 -0.000180219 -0.000209605 -0.000656504 -0.000330517 0.001008592 0.001717935 0.999998033
1770112638827577088.000000 -0.000215594 -0.000205653 -0.000576211 -0.000277524 0.001017175 0.001713509 0.999998033
1770112638860911872.000000 -0.000207983 -0.000242634 -0.000582985 -0.000302356 0.001028338 0.001706120 0.999998033
1770112638894244096.000000 -0.000132104 -0.000186514 -0.000573538 -0.000187468 0.000928714 0.001703854 0.999998152
1770112638927576320.000000 -0.000182341 -0.000285294 -0.000558680 -0.000490914 0.001067345 0.001661962 0.999997973
1770112638960911360.000000 -0.000042817 -0.000207876 -0.000279892 -0.000588865 0.000727361 0.001786293 0.999998033
1770112638994243584.000000 -0.000020582 -0.000180962 -0.000236373 -0.000643331 0.000625379 0.001880091 0.999997854
1770112639027576320.000000 -0.000036442 -0.000118264 -0.000266483 -0.000459131 0.000620873 0.001932496 0.999997914
1770112639060911360.000000 0.000025153 -0.000233842 -0.000299438 -0.000660081 0.000521807 0.002154779 0.999997318
1770112639094244096.000000 -0.000107443 -0.000282488 -0.000279788 -0.000865539 0.000695895 0.002135469 0.999997139
1770112639127575552.000000 -0.000093833 -0.000233971 -0.000234627 -0.000702613 0.000693001 0.002288847 0.999996901
1770112639160910080.000000 0.000066983 -0.000265922 -0.000274919 -0.000808012 0.000388864 0.002339950 0.999996901
1770112639194247424.000000 -0.000102954 -0.000250421 -0.000354726 -0.000775172 0.000654082 0.002132854 0.999997258
1770112639227576832.000000 -0.000022269 -0.000160015 -0.000185300 -0.000678183 0.000666744 0.002222950 0.999997079
1770112639260911104.000000 -0.000114108 -0.000232894 -0.000346955 -0.000650206 0.000809692 0.002401999 0.999996662
1770112639294243840.000000 -0.000026042 -0.000286422 -0.000249716 -0.000754923 0.000702729 0.002119295 0.999997318
1770112639327575808.000000 -0.000007358 -0.000124166 -0.000262796 -0.000568104 0.000620961 0.002049882 0.999997616
1770112639360911104.000000 -0.000161406 -0.000054548 -0.000423837 -0.000224150 0.000461800 0.001770386 0.999998331
1770112639394243584.000000 0.000034343 -0.000096471 -0.000447414 -0.000384835 0.000120591 0.001572993 0.999998748
1770112639427575296.000000 -0.000070200 -0.000161369 -0.000523628 -0.000423476 0.000293203 0.001739309 0.999998391
1770112639460911360.000000 -0.000036142 -0.000234643 -0.000545948 -0.000485362 0.000187080 0.001709761 0.999998450
1770112639494243072.000000 -0.000053878 -0.000093524 -0.000514012 -0.000255076 0.000275841 0.001720198 0.999998450
1770112639527576320.000000 -0.000003704 -0.000160384 -0.000538649 -0.000260348 0.000130038 0.001971821 0.999998093
1770112639560911104.000000 0.000003582 -0.000113297 -0.000416278 -0.000356312 0.000067487 0.001424402 0.999998927
1770112639594244352.000000 0.000017886 -0.000056883 -0.000339595 -0.000252908 -0.000049099 0.001892254 0.999998212
1770112639627576064.000000 0.000046012 -0.000166977 -0.000353601 -0.000495213 0.000120116 0.002088844 0.999997735
1770112639660910848.000000 -0.000077358 -0.000101665 -0.000367104 -0.000329202 0.000145584 0.001870043 0.999998212
1770112639694243584.000000 -0.000077049 -0.000070268 -0.000618748 -0.000138459 0.000101843 0.002133965 0.999997735
1770112639727576064.000000 -0.000074607 -0.000149307 -0.000490343 -0.000357429 -0.000016192 0.002241990 0.999997437
1770112639760911360.000000 0.000036011 -0.000071611 -0.000592055 -0.000120553 -0.000043950 0.002118709 0.999997795
1770112639794243328.000000 0.000079704 0.000014018 -0.000401933 0.000040735 -0.000239981 0.002331459 0.999997258
1770112639827575296.000000 -0.000134631 -0.000074919 -0.000470709 -0.000198969 0.000273838 0.002328488 0.999997258
1770112639860911104.000000 -0.000181790 -0.000120921 -0.000343841 -0.000224443 0.000263544 0.002395269 0.999997139
1770112639894243328.000000 -0.000120744 0.000018291 -0.000356328 -0.000028274 0.000207201 0.002199614 0.999997616
1770112639927576064.000000 -0.000107305 -0.000196923 -0.000368542 -0.000236165 0.000171046 0.002320737 0.999997318
1770112639960911616.000000 -0.000074347 -0.000106495 -0.000384509 -0.000087245 0.000248715 0.002437354 0.999997079
1770112639994245376.000000 -0.000099457 -0.000045188 -0.000380122 -0.000079538 0.000352203 0.002553975 0.999996662
1770112640027577856.000000 -0.000129466 0.000014599 -0.000381382 0.000107249 0.000397116 0.002247107 0.999997437
1770112640060913408.000000 -0.000048721 -0.000007954 -0.000284657 0.000158993 0.000202115 0.002228139 0.999997497
1770112640094245376.000000 -0.000231292 0.000032466 -0.000417866 0.000083803 0.000521704 0.002298215 0.999997199
1770112640127577088.000000 -0.000034008 -0.000071302 -0.000333892 -0.000128392 0.000192549 0.002569352 0.999996662
1770112640160913152.000000 -0.000018599 -0.000145478 -0.000625787 -0.000135126 0.000106438 0.002135167 0.999997735
1770112640194247168.000000 -0.000054588 -0.000087223 -0.000548487 -0.000202029 0.000147756 0.002025240 0.999997973
1770112640227577600.000000 -0.000105485 -0.000181238 -0.000617025 -0.000327320 0.000245300 0.002326637 0.999997258
1770112640260913920.000000 -0.000005033 -0.000108619 -0.000396032 -0.000057847 0.000141877 0.002151527 0.999997735
1770112640294245120.000000 -0.000082768 -0.000204379 -0.000265366 -0.000476495 0.000123869 0.002158038 0.999997556
1770112640327577088.000000 -0.000207970 -0.000028426 -0.000404743 -0.000313166 0.000370741 0.001355367 0.999999046
1770112640360912896.000000 -0.000191274 -0.000033602 -0.000284102 -0.000559012 0.000746521 0.001975910 0.999997675
1770112640394245120.000000 -0.000127353 0.000102759 -0.000243496 -0.000249527 0.000434827 0.001619562 0.999998569
1770112640427576832.000000 -0.000217741 0.000066627 -0.000250110 -0.000136350 0.000494414 0.001555564 0.999998748
1770112640460912384.000000 -0.000098432 0.000127613 -0.000131990 -0.000184098 0.000477532 0.001562084 0.999998629
1770112640494244864.000000 -0.000127570 0.000070835 -0.000340423 -0.000480271 0.000374034 0.001568843 0.999998629
1770112640527578112.000000 -0.000129148 0.000119675 -0.000185921 -0.000319144 0.000458080 0.001673991 0.999998510
1770112640560912384.000000 -0.000098483 0.000080863 -0.000221316 -0.000512465 0.000377557 0.001429995 0.999998868
1770112640594245888.000000 -0.000045521 0.000165272 -0.000177753 -0.000206393 0.000412691 0.001338974 0.999998987
1770112640627576576.000000 -0.000177309 0.000073065 -0.000280855 -0.000425487 0.000536642 0.001798866 0.999998152
1770112640660911872.000000 -0.000065834 -0.000000558 -0.000183859 -0.000649158 0.000446173 0.001795134 0.999998093
1770112640694244608.000000 -0.000115351 0.000115251 -0.000155896 -0.000463225 0.000456106 0.001587692 0.999998629
1770112640727578624.000000 -0.000045052 0.000165982 -0.000034788 -0.000162630 0.000512607 0.001731061 0.999998450
1770112640760912128.000000 -0.000208958 0.000050375 -0.000219613 -0.000466649 0.000693941 0.001504009 0.999998510
1770112640794245120.000000 -0.000070066 0.000079175 -0.000050230 -0.000652645 0.000394582 0.001152524 0.999999046
1770112640827576832.000000 0.000008724 0.000080322 -0.000216398 -0.000645857 0.000226335 0.001290581 0.999998987
1770112640860913408.000000 -0.000068017 0.000081932 -0.000123431 -0.000672383 0.000463589 0.001365181 0.999998808
1770112640894244864.000000 -0.000116445 0.000180899 0.000002171 -0.000412028 0.000522580 0.001671662 0.999998391
1770112640927577344.000000 -0.000066167 0.000053734 -0.000136019 -0.000567548 0.000472725 0.001258385 0.999998927
1770112640960912896.000000 -0.000036056 0.000021440 -0.000095589 -0.000777257 0.000383818 0.001475444 0.999998569
1770112640994244608.000000 -0.000177253 0.000007131 -0.000212399 -0.000532153 0.000579712 0.001712549 0.999998271
1770112641027576576.000000 -0.000095405 0.000065809 -0.000136517 -0.000396711 0.000518617 0.001246223 0.999998987
1770112641060912896.000000 -0.000125493 0.000147617 -0.000096686 -0.000278623 0.000129093 0.001150190 0.999999344
1770112641094244608.000000 0.000033373 0.000102838 -0.000130751 -0.000460914 0.000265481 0.001224754 0.999999106
1770112641127576576.000000 -0.000055004 0.000143053 -0.000251612 -0.000085154 0.000384392 0.001641412 0.999998629
1770112641160911360.000000 0.000112604 -0.000024123 -0.000016708 -0.000853554 0.000166652 0.001386791 0.999998689
1770112641194247168.000000 -0.000042287 0.000239953 -0.000040001 -0.000072023 0.000579099 0.001554370 0.999998689
1770112641227576832.000000 -0.000022225 0.000158106 -0.000120169 -0.000166898 0.000430105 0.001794288 0.999998331
1770112641260912640.000000 -0.000092521 0.000079264 -0.000147169 -0.000597762 0.000515741 0.001829952 0.999998033
1770112641294244608.000000 -0.000152156 0.000046951 -0.000118666 -0.000518562 0.000463874 0.001076014 0.999999225
1770112641327576832.000000 -0.000024923 0.000022409 -0.000069573 -0.000788485 0.000186582 0.001406592 0.999998689
1770112641360911616.000000 -0.000090188 0.000075542 -0.000086126 -0.000448913 0.000611837 0.001654679 0.999998391
1770112641394244608.000000 -0.000051428 0.000137015 -0.000042318 -0.000368600 0.000519913 0.001963248 0.999997914
1770112641427576832.000000 -0.000079538 -0.000085200 -0.000165188 -0.000904707 0.000273460 0.001778719 0.999997973
1770112641460911872.000000 0.000056150 0.000076003 0.000056028 -0.000491395 0.000419559 0.001752606 0.999998271
1770112641494244352.000000 -0.000038583 0.000247268 -0.000041408 -0.000102108 0.000332316 0.001591568 0.999998689
1770112641527577344.000000 -0.000147252 0.000068412 -0.000043742 -0.000591052 0.000678118 0.001852904 0.999997914
1770112641560911872.000000 -0.000052291 0.000105328 -0.000057159 -0.000616993 0.000496497 0.001646137 0.999998391
1770112641594245376.000000 -0.000041218 0.000176816 -0.000147050 -0.000289482 0.000214307 0.001221548 0.999999225
1770112641627576320.000000 0.000028751 0.000172913 0.000014966 -0.000232662 0.000510725 0.001824743 0.999998271
1770112641660912384.000000 -0.000042192 0.000022142 -0.000110909 -0.000703226 0.000300895 0.001702755 0.999998331
1770112641694244096.000000 -0.000022539 0.000086060 -0.000033274 -0.000632107 0.000298333 0.001148843 0.999999166
1770112641727577088.000000 -0.000141569 0.000019972 -0.000282469 -0.000744622 0.000318013 0.001391210 0.999998689
1770112641760911872.000000 -0.000032514 0.000195007 -0.000155467 -0.000165105 0.000485960 0.001392859 0.999998927
1770112641794244352.000000 0.000094826 0.000026989 0.000053527 -0.000758780 0.000509233 0.001846231 0.999997914
1770112641827576320.000000 0.000127832 -0.000010007 -0.000153570 -0.000913993 0.000282090 0.001836640 0.999997854
1770112641860913664.000000 -0.000139630 0.000262725 -0.000263133 -0.000222666 0.000581962 0.001370043 0.999998868
1770112641894244096.000000 -0.000121283 0.000053722 -0.000229807 -0.000631244 0.000651038 0.001968472 0.999997735
1770112641927577088.000000 -0.000159499 0.000151765 -0.000338441 -0.000477906 0.000360836 0.001046308 0.999999285
1770112641960911104.000000 -0.000137881 0.000136114 -0.000157523 -0.000380859 0.000505346 0.001613623 0.999998510
1770112641994244096.000000 -0.000234010 0.000141750 -0.000403623 -0.000499334 0.000491608 0.001570135 0.999998510
1770112642027576320.000000 -0.000124564 -0.000070594 0.000054195 -0.000964721 0.000505624 0.001809504 0.999997795
1770112642060910592.000000 -0.000183730 -0.000020707 -0.000198273 -0.000900393 0.000488385 0.001654037 0.999998093
1770112642094244352.000000 -0.000237059 0.000072020 -0.000130422 -0.000677406 0.000707557 0.001940573 0.999997675
1770112642127576064.000000 0.000008623 0.000060106 -0.000075392 -0.000816808 0.000349846 0.001379084 0.999998689
1770112642160911360.000000 -0.000172712 0.000082201 -0.000081482 -0.000362636 0.000635668 0.001697259 0.999998271
1770112642194244864.000000 -0.000115098 0.000209576 -0.000042747 -0.000104069 0.000506059 0.000939259 0.999999523
1770112642227576576.000000 -0.000189296 -0.000012996 -0.000212697 -0.000526408 0.000542576 0.001485354 0.999998629
1770112642260911360.000000 -0.000152258 -0.000021320 -0.000087445 -0.000903836 0.000695417 0.001689751 0.999997973
1770112642294243840.000000 -0.000177384 0.000078333 -0.000175520 -0.000384208 0.000825981 0.001728268 0.999998152
1770112642327575808.000000 -0.000254791 0.000221538 -0.000206939 0.000037148 0.000725620 0.001331149 0.999998927
1770112642360910592.000000 -0.000203611 0.000006350 -0.000257898 -0.000837306 0.000594984 0.001547668 0.999998271
1770112642394243840.000000 -0.000140477 0.000003239 -0.000177605 -0.000705672 0.000580347 0.001467561 0.999998569
1770112642427576576.000000 -0.000123532 0.000106994 -0.000264985 -0.000465011 0.000759258 0.001537720 0.999998450
1770112642460911360.000000 -0.000196523 0.000089148 -0.000137996 -0.000313982 0.000638203 0.001603762 0.999998510
1770112642494244096.000000 -0.000125038 -0.000298572 0.000029879 -0.001075299 0.000459762 0.002211131 0.999996901
1770112642527576320.000000 -0.000280683 0.000030428 -0.000269987 -0.000486097 0.000963184 0.001795491 0.999997795
1770112642560912128.000000 -0.000228166 -0.000022912 -0.000163691 -0.000622405 0.000616618 0.001628788 0.999998331
1770112642594244864.000000 -0.000210776 0.000004308 0.000084680 -0.000533454 0.000653361 0.001633503 0.999998331
1770112642627576576.000000 -0.000054628 0.000169801 0.000039091 -0.000168979 0.000323121 0.001836664 0.999998271
1770112642660910848.000000 -0.000180195 0.000135503 -0.000080184 -0.000138524 0.000534482 0.002012632 0.999997854
1770112642694243584.000000 -0.000083660 0.000038141 -0.000148683 -0.000327468 0.000349006 0.001540912 0.999998689
1770112642727576576.000000 -0.000131349 0.000076754 -0.000004755 -0.000451898 0.000622196 0.001312479 0.999998927
1770112642760912640.000000 -0.000076992 0.000095714 0.000040926 -0.000503899 0.000519197 0.001179371 0.999999046
1770112642794243584.000000 -0.000007581 0.000000758 0.000006555 -0.000673487 0.000589990 0.001238854 0.999998868
1770112642827575808.000000 -0.000143295 0.000039217 0.000026923 -0.000903801 0.000789331 0.001276855 0.999998510
1770112642860912384.000000 -0.000064022 0.000260061 0.000134461 -0.000472490 0.000537175 0.001194638 0.999999046
1770112642894243840.000000 -0.000103512 0.000066765 -0.000068423 -0.000900863 0.000757863 0.001235840 0.999998569
1770112642927576832.000000 -0.000062765 0.000030036 0.000153867 -0.000936182 0.000822679 0.001045102 0.999998689
1770112642960911360.000000 0.000103116 -0.000092195 0.000212061 -0.001556658 0.000560139 0.000981035 0.999998152
1770112642994243328.000000 -0.000049811 0.000160560 0.000107228 -0.000919354 0.000844336 0.000969529 0.999998748
1770112643027576320.000000 -0.000160001 -0.000080918 0.000030708 -0.001326432 0.000773956 0.000970129 0.999998391
1770112643060912128.000000 -0.000142573 0.000076663 0.000065718 -0.001008350 0.000666974 0.000123931 0.999999344
1770112643094243840.000000 -0.000270794 0.000053733 0.000067859 -0.001115673 0.000890341 0.000698576 0.999998808
1770112643127575552.000000 -0.000100619 0.000063286 0.000189917 -0.001169190 0.000613575 0.000404681 0.999999046
1770112643160910080.000000 -0.000033679 0.000114875 0.000228165 -0.001067812 0.000525217 0.000529193 0.999999166
1770112643194244096.000000 -0.000114344 0.000249692 0.000084578 -0.000607201 0.000388841 0.000192757 0.999999762
1770112643227576064.000000 0.000160181 0.000097125 0.000329891 -0.001070862 0.000121167 -0.000070239 0.999999464
1770112643260911360.000000 0.000114008 0.000030180 0.000249847 -0.001239417 0.000188515 0.000104026 0.999999225
1770112643294243840.000000 -0.000164794 0.000116417 -0.000066749 -0.000667555 0.000586599 0.000140968 0.999999583
1770112643327575552.000000 -0.000010183 -0.000097447 0.000167373 -0.001058978 0.000497475 0.000463198 0.999999285
1770112643360910080.000000 -0.000054662 0.000346792 0.000057363 0.000062467 0.000646159 0.000769658 0.999999523
1770112643394242816.000000 0.000031041 -0.000032829 0.000180900 -0.000917196 0.000467407 0.000380672 0.999999464
1770112643427575040.000000 0.000134755 0.000272207 0.000106421 -0.000270349 0.000004971 0.000214050 1.000000000
1770112643460910592.000000 0.000184018 0.000371751 0.000027458 0.000221592 -0.000152714 0.000063849 1.000000000
1770112643494243328.000000 0.000040501 0.000282483 0.000021209 0.000104411 0.000271177 0.000104218 1.000000000
1770112643527577088.000000 0.000038368 0.000384933 0.000089333 0.000401837 0.000184306 -0.000203842 0.999999940
1770112643560912384.000000 -0.000155058 0.000425814 -0.000107162 0.000720518 0.000443513 -0.000212914 0.999999642
1770112643594244352.000000 -0.000073559 0.000414815 -0.000037073 0.000739936 0.000320668 -0.000191614 0.999999642
1770112643627575040.000000 -0.000154235 0.000230439 -0.000025430 0.000829210 0.000256825 0.000237538 0.999999642
1770112643660911360.000000 -0.000062722 0.000133358 -0.000085372 0.000641962 -0.000098080 -0.000035677 0.999999821
1770112643694243328.000000 -0.000339631 0.000272768 -0.000522271 0.001253888 0.000249182 -0.000230680 0.999999166
1770112643727575808.000000 -0.000185883 0.000220965 -0.000002307 0.001449279 0.000600992 0.000023386 0.999998808
1770112643760911616.000000 -0.000186599 0.000131860 0.000007546 0.001484151 0.000566782 0.000387092 0.999998689
1770112643794243072.000000 -0.000172945 -0.000044139 -0.000040873 0.001396387 0.000422145 -0.000644364 0.999998808
1770112643827575296.000000 -0.000219903 0.000167974 -0.000232563 0.001844951 0.000534179 -0.000865426 0.999997854
1770112643860911616.000000 -0.000196751 0.000162523 0.000061147 0.001755052 0.000672222 -0.000610600 0.999998093
1770112643894243328.000000 -0.000537656 0.000204892 -0.000156088 0.001845102 0.001055031 0.000029527 0.999997735
1770112643927576064.000000 -0.000610767 0.000172555 -0.000184026 0.001858008 0.001680846 0.000275664 0.999996901
1770112643960911616.000000 -0.000632201 0.000140220 -0.000389498 0.001909689 0.001743886 0.000643169 0.999996483
1770112643994242816.000000 -0.000622415 0.000258262 -0.000317094 0.002066322 0.001716522 0.000298044 0.999996364
1770112644027576576.000000 -0.000529279 0.000268419 -0.000495373 0.001913573 0.001706608 0.000668768 0.999996483
1770112644060910592.000000 -0.000646425 0.000160920 -0.000488238 0.001862082 0.001925102 0.000308711 0.999996424
1770112644094244608.000000 -0.000784587 0.000326274 -0.000465863 0.002214474 0.001951145 0.000070110 0.999995708
1770112644127574784.000000 -0.000610768 0.000227086 -0.000556485 0.002136114 0.001788444 -0.000197820 0.999996126
1770112644160910080.000000 -0.000398104 0.000162413 -0.000430592 0.002274645 0.001639391 -0.000548808 0.999996006
1770112644194243584.000000 -0.000460427 0.000082552 -0.000180290 0.002116948 0.002094778 0.000624592 0.999995410
1770112644227575296.000000 -0.000716243 0.000105100 -0.000437238 0.002522768 0.002401888 0.000420533 0.999993920
1770112644260911104.000000 -0.000869050 0.000282874 -0.000625602 0.002998230 0.002694627 0.000077203 0.999991894
1770112644294243328.000000 -0.000484236 0.000301326 -0.000554155 0.003255631 0.002105987 -0.000192293 0.999992490
1770112644327574784.000000 -0.000733937 0.000317632 -0.000478832 0.003484963 0.002807921 0.000024314 0.999989986
1770112644360910336.000000 -0.000676953 0.000402083 -0.000514041 0.003701816 0.002661834 -0.000496651 0.999989510
1770112644394242816.000000 -0.000592856 0.000332393 -0.000522038 0.003611855 0.002679675 -0.000491978 0.999989808
1770112644427574528.000000 -0.000958873 0.000358046 -0.000814767 0.003830112 0.003345952 -0.000966576 0.999986589
1770112644460910592.000000 -0.000811027 0.000338770 -0.000421722 0.003425048 0.003403747 0.000028384 0.999988377
1770112644494242304.000000 -0.000807787 0.000278814 -0.000651176 0.003541134 0.003440568 -0.000273127 0.999987841
1770112644527575552.000000 -0.000324693 0.000190197 -0.000287368 0.002995542 0.003026013 -0.000636974 0.999990761
1770112644560909568.000000 -0.000789987 0.000322752 -0.000459375 0.003896431 0.004222894 -0.000252145 0.999983490
1770112644594243840.000000 -0.000797066 0.000421759 -0.000457066 0.004443575 0.004498525 -0.000317100 0.999979973
1770112644627574528.000000 -0.000605241 0.000511445 -0.000371779 0.003895404 0.004349887 -0.001802892 0.999981344
1770112644660909568.000000 -0.000622340 0.000447599 -0.000506883 0.004465212 0.004365626 -0.000623185 0.999980330
1770112644694242816.000000 -0.000535309 0.000502053 -0.000318597 0.004750703 0.004504262 0.000434881 0.999978542
1770112644727575808.000000 -0.000532945 0.000375297 -0.000530725 0.004511918 0.004525734 -0.000357813 0.999979496
1770112644760911872.000000 -0.000585658 0.000463545 -0.000530237 0.004762108 0.005200727 -0.000497087 0.999975026
1770112644794242560.000000 -0.000712471 0.000508843 -0.000702707 0.005064817 0.005796852 0.000134318 0.999970376
1770112644827574272.000000 -0.000547814 0.000455830 -0.000576097 0.005231427 0.005684158 -0.000676328 0.999969959
1770112644860909824.000000 -0.000661987 0.000394347 -0.000708898 0.005088401 0.006055279 -0.000125549 0.999968708
1770112644894242560.000000 -0.000628379 0.000332123 -0.000756923 0.004591739 0.006195212 -0.000139538 0.999970317
1770112644927575040.000000 -0.000561576 0.000320629 -0.001140121 0.004831907 0.005846606 -0.001237396 0.999970496
1770112644960908800.000000 -0.001090436 0.000434986 -0.000870641 0.005982498 0.008230446 -0.000105920 0.999948263
1770112644994241792.000000 -0.000696511 0.000587385 -0.000871146 0.006011708 0.007707848 -0.001411440 0.999951303
1770112645027574272.000000 -0.000684483 0.000218217 -0.000449996 0.005536149 0.007652825 -0.000976839 0.999954939
1770112645060909312.000000 -0.000628929 0.000245809 -0.000544032 0.005303213 0.008044735 -0.000857690 0.999953210
1770112645094242560.000000 -0.000566588 0.000261577 -0.000615653 0.005289109 0.007935404 -0.000575730 0.999954402
1770112645127574528.000000 -0.000685787 0.000035674 -0.000564816 0.004390737 0.008645641 -0.000424570 0.999952972
1770112645160910848.000000 -0.000625880 0.000261017 -0.000459653 0.005241056 0.009281628 -0.001094020 0.999942660
1770112645194243072.000000 -0.000392397 0.000069302 -0.000460400 0.004699250 0.009071717 -0.001325520 0.999947011
1770112645227576320.000000 -0.000692456 0.000152181 -0.000794050 0.005341255 0.010029328 -0.000592511 0.999935269
1770112645260910848.000000 -0.000525456 -0.000013133 -0.000442084 0.004990535 0.010528909 0.000031838 0.999932170
1770112645294242304.000000 -0.000664260 0.000341405 -0.000563174 0.005922652 0.010124537 -0.000146472 0.999931216
1770112645327574784.000000 -0.000915751 0.000552124 -0.000979909 0.006641053 0.011074797 -0.000973783 0.999916196
1770112645360910080.000000 -0.000900025 0.000393044 -0.000889213 0.005631733 0.011442718 -0.000467837 0.999918580
1770112645394242048.000000 -0.000870631 0.000545081 -0.001111001 0.006192128 0.011461196 -0.000580083 0.999915004
1770112645427574016.000000 -0.000883483 0.000079369 -0.001072507 0.005204321 0.012271824 -0.000824364 0.999910831
1770112645460909568.000000 -0.000702732 0.000547127 -0.001058460 0.005978955 0.011656490 -0.000165158 0.999914229
1770112645494242048.000000 -0.000831109 0.000434869 -0.000923031 0.005054069 0.012702578 -0.000216160 0.999906540
1770112645527574528.000000 -0.000862627 0.000383844 -0.001113166 0.005282509 0.012787431 -0.001188555 0.999903679
1770112645560910336.000000 -0.000912120 0.000423213 -0.001169777 0.005311408 0.013323831 -0.000935572 0.999896705
1770112645594242560.000000 -0.000736073 0.000225147 -0.001235251 0.004437796 0.013399905 -0.001226878 0.999899626
1770112645627574528.000000 -0.000677601 0.000277270 -0.001102535 0.004514592 0.013728403 -0.001450179 0.999894559
1770112645660908800.000000 -0.000768281 0.000139669 -0.000688193 0.004704392 0.014706042 -0.000512331 0.999880672
1770112645694242048.000000 -0.001042949 0.000319680 -0.001398946 0.006053186 0.016012900 -0.001818849 0.999851823
1770112645727574528.000000 -0.001106355 0.000388820 -0.001368907 0.006615283 0.016536813 -0.001296816 0.999840617
1770112645760911104.000000 -0.000915896 0.000055995 -0.001223788 0.005291304 0.016616648 -0.000615622 0.999847770
1770112645794241792.000000 -0.001118467 0.000311896 -0.001108040 0.005633676 0.017803682 -0.000785564 0.999825358
1770112645827573760.000000 -0.000727806 0.000264598 -0.001216940 0.005818591 0.017076237 -0.000930212 0.999836922
1770112645860909824.000000 -0.000734763 0.000263323 -0.001232952 0.005716021 0.016992226 -0.001566277 0.999838114
1770112645894241792.000000 -0.000616262 0.000405923 -0.001473201 0.005840241 0.017047295 -0.002170135 0.999835312
1770112645927575552.000000 -0.000785897 0.000337313 -0.001229968 0.005301028 0.018167723 -0.001535151 0.999819696
1770112645960911616.000000 -0.000528038 0.000412808 -0.001032804 0.005619764 0.018085761 -0.001350864 0.999819756
1770112645994241792.000000 -0.000688876 0.000391534 -0.001035729 0.005319284 0.019035744 -0.001133221 0.999804080
1770112646027574272.000000 -0.000601274 0.000564915 -0.000165181 0.005695428 0.020324636 -0.001158467 0.999776542
1770112646060911872.000000 -0.000594653 0.000672164 -0.000759244 0.005938584 0.020910207 -0.001814037 0.999762118
1770112646094241792.000000 -0.000613424 0.000118908 -0.000662235 0.004078994 0.021060478 -0.001333851 0.999769092
1770112646127573504.000000 -0.001207656 0.000301112 -0.001824534 0.004602061 0.022584600 -0.002059263 0.999732256
1770112646160908800.000000 -0.000953789 0.000441577 -0.001832643 0.005019014 0.022766238 -0.002320936 0.999725521
1770112646194242304.000000 -0.001059923 0.000025175 -0.001565149 0.003318890 0.023558205 -0.002732058 0.999713302
1770112646227574272.000000 -0.001168744 -0.000049929 -0.001944808 0.003040619 0.024434647 -0.002776535 0.999692976
1770112646260909312.000000 -0.001103565 0.000081905 -0.001814743 0.003264284 0.024458148 -0.002510306 0.999692440
1770112646294241792.000000 -0.001547288 -0.000111259 -0.001937747 0.002878207 0.026121704 -0.002592436 0.999651253
1770112646327574016.000000 -0.001247850 0.000057053 -0.001870249 0.002916118 0.026298925 -0.002681385 0.999646306
1770112646360909056.000000 -0.001332556 0.000008456 -0.001830606 0.002378659 0.027024262 -0.002193461 0.999629557
1770112646394241792.000000 -0.001538457 0.000008552 -0.001873374 0.001705767 0.028415306 -0.002012146 0.999592721
1770112646427573760.000000 -0.001569261 -0.000082233 -0.002019933 0.001391998 0.028737182 -0.002808856 0.999582112
1770112646460909312.000000 -0.001417880 -0.000405687 -0.002231663 0.000182846 0.028545957 -0.002432120 0.999589562
1770112646494241280.000000 -0.001567955 -0.000283400 -0.002505634 0.000159429 0.029892936 -0.002141916 0.999550879
1770112646527573760.000000 -0.001951287 -0.000326074 -0.002372874 -0.000576049 0.030789528 -0.002010094 0.999523699
1770112646560909312.000000 -0.001637558 -0.000044023 -0.002510978 -0.000093647 0.031458173 -0.001631619 0.999503732
1770112646594242304.000000 -0.000306911 -0.000749241 -0.002427340 -0.000963589 0.029539166 -0.001352192 0.999562263
1770112646627573248.000000 -0.000264455 -0.000918443 -0.002526935 -0.002140227 0.029793838 -0.001733498 0.999552310
1770112646660908288.000000 -0.000203083 -0.001063289 -0.002751651 -0.002963360 0.030712128 -0.000771595 0.999523580
1770112646694241536.000000 -0.000120668 -0.001088274 -0.002624507 -0.003114310 0.030632989 -0.001257970 0.999525130
1770112646727573760.000000 -0.000106925 -0.000748272 -0.003016953 -0.003041037 0.031653646 -0.000676928 0.999494076
1770112646760910336.000000 -0.000210237 -0.000928533 -0.003004528 -0.003703869 0.032107465 -0.000732803 0.999477327
1770112646794241280.000000 -0.000404559 -0.001104364 -0.002806830 -0.004878358 0.033162560 -0.000687820 0.999437869
1770112646827572992.000000 -0.000495684 -0.001290168 -0.002891880 -0.005671584 0.033734649 -0.001458783 0.999413669
1770112646860909312.000000 -0.001022074 -0.001613267 -0.002478502 -0.007139692 0.035569549 -0.000701207 0.999341488
1770112646894241280.000000 -0.001168074 -0.001940735 -0.002006917 -0.008112465 0.035982769 -0.001789400 0.999317884
1770112646927574016.000000 -0.001017089 -0.001255552 -0.002049665 -0.007325020 0.036813498 -0.001213756 0.999294579
1770112646960908544.000000 -0.001379892 -0.000975556 -0.002543688 -0.007388987 0.037879139 -0.001561265 0.999253809
1770112646994241536.000000 -0.001049016 -0.001280643 -0.002690371 -0.008414125 0.038060833 -0.001376123 0.999239028
1770112647027572992.000000 -0.001101332 -0.001670325 -0.002989710 -0.009915393 0.038663872 -0.000827956 0.999202728
1770112647060908288.000000 -0.001722998 -0.001651829 -0.002413908 -0.009874583 0.039212868 -0.000145046 0.999182105
1770112647094241280.000000 -0.001736080 -0.001459327 -0.002702665 -0.010034456 0.040275130 -0.000333742 0.999138236
1770112647127572992.000000 -0.001615552 -0.001274667 -0.002728915 -0.010223974 0.040942684 -0.000111649 0.999109209
1770112647160909312.000000 -0.001412391 -0.001480681 -0.002241273 -0.011876459 0.040677592 -0.000050684 0.999101758
1770112647194241792.000000 -0.001525134 -0.001566539 -0.002769607 -0.012375479 0.041700959 0.000561879 0.999053419
1770112647227573760.000000 -0.001863370 -0.001702742 -0.002848575 -0.013311121 0.042655695 0.000135367 0.999001205
1770112647260909568.000000 -0.002065377 -0.001795731 -0.002935107 -0.013968582 0.043533776 0.000482927 0.998954237
1770112647294240768.000000 -0.001702059 -0.001854612 -0.002023974 -0.015054303 0.043589093 0.000453224 0.998936057
1770112647327572992.000000 -0.001671678 -0.001816206 -0.002236702 -0.015553329 0.043794792 0.000551205 0.998919368
1770112647360908544.000000 -0.001851384 -0.002002908 -0.002255141 -0.016932929 0.045315657 0.000057622 0.998829246
1770112647394240512.000000 -0.001947113 -0.001893147 -0.002244252 -0.017529525 0.046187598 0.000870901 0.998778582
1770112647427573248.000000 -0.002043496 -0.002432717 -0.001804292 -0.019123830 0.047017600 0.000537701 0.998710811
1770112647460908544.000000 -0.002160262 -0.002576903 -0.001600397 -0.019631678 0.047909383 -0.000189888 0.998658717
1770112647494240768.000000 -0.002671170 -0.002609617 -0.001458726 -0.020227831 0.049461026 0.001343682 0.998570323
1770112647527573248.000000 -0.002315806 -0.002297914 -0.002419215 -0.019269846 0.049676266 0.001097735 0.998578906
1770112647560908032.000000 -0.002093772 -0.002461367 -0.001914618 -0.021322712 0.049847379 0.000404415 0.998529136
1770112647594241536.000000 -0.001866351 -0.002019570 -0.002859572 -0.021532910 0.050628703 0.002572984 0.998482108
1770112647627572736.000000 -0.001663601 -0.001334698 -0.002293716 -0.021216871 0.050407045 0.002863195 0.998499334
1770112647660908032.000000 -0.001877047 -0.001697844 -0.002459087 -0.022704126 0.050794326 0.003167958 0.998446047
1770112647694240768.000000 -0.000765683 -0.000371187 -0.002480559 -0.024193829 0.050582640 -0.000930272 0.998426437
1770112647727573504.000000 -0.000820161 -0.000297083 -0.002519493 -0.025074769 0.050464571 -0.002460612 0.998408020
1770112647760909568.000000 -0.000882489 -0.000320078 -0.002725781 -0.025903281 0.050706249 -0.002092637 0.998375535
1770112647794240768.000000 -0.000768580 -0.000175747 -0.002624522 -0.026142584 0.051516250 -0.000855954 0.998329639
1770112647827572480.000000 -0.000618508 -0.000255597 -0.002219647 -0.026656309 0.051925838 -0.001528686 0.998293996
1770112647860908288.000000 -0.000821488 -0.000085992 -0.002564855 -0.027266584 0.052445285 -0.001335146 0.998250663
1770112647894240512.000000 -0.000970519 -0.000045591 -0.003475626 -0.027765010 0.052835792 -0.001261721 0.998216391
1770112647927573504.000000 -0.000586699 0.000236555 -0.002702561 -0.027694037 0.052708745 -0.000809982 0.998225510
1770112647960908800.000000 -0.000964230 -0.000129320 -0.002652020 -0.028944246 0.052769944 -0.000244002 0.998187125
1770112647994240256.000000 -0.000722663 0.000125767 -0.002391481 -0.029425597 0.052385140 0.000160641 0.998193383
1770112648027572480.000000 -0.000835235 0.000143564 -0.002756509 -0.030154776 0.052322384 -0.002159604 0.998172581
1770112648060908544.000000 -0.000933239 0.000075474 -0.003030440 -0.031000182 0.053178959 -0.001297701 0.998102903
1770112648094240256.000000 -0.000359129 0.000250380 -0.002567285 -0.031321328 0.052324783 -0.000925610 0.998138428
1770112648127571712.000000 -0.000842092 0.000130754 -0.002839859 -0.032613520 0.053812422 -0.000618413 0.998018146
1770112648160908800.000000 -0.000088559 0.000751334 -0.002415203 -0.032368559 0.053212740 0.000392215 0.998058438
1770112648194238720.000000 -0.000319377 0.000163731 -0.001735680 -0.034504380 0.053453997 -0.002375459 0.997971237
1770112648227570432.000000 -0.000011693 0.000482792 -0.001876361 -0.034716219 0.053324264 -0.000747640 0.997973382
1770112648260907520.000000 0.000053703 0.000391609 -0.002122457 -0.035235755 0.052707743 0.000276033 0.997988164
1770112648294238208.000000 -0.000234267 0.000166897 -0.002420176 -0.035468958 0.053886920 0.000512245 0.997916818
1770112648327569664.000000 -0.000132895 -0.000051188 -0.002369910 -0.037827425 0.054957055 -0.000036959 0.997771919
1770112648360904960.000000 -0.000498884 -0.000112625 -0.002849435 -0.037372500 0.055033263 0.002424178 0.997781992
1770112648394237440.000000 -0.000473806 0.000095535 -0.002900395 -0.038031235 0.054747339 0.001223551 0.997775018
1770112648427569664.000000 -0.000666694 -0.000344261 -0.002558915 -0.038901895 0.054516047 0.000976968 0.997754335
1770112648460904960.000000 -0.000171919 0.000321048 -0.001963150 -0.038874950 0.053895690 0.000146334 0.997789562
1770112648494237696.000000 -0.000234228 0.000237014 -0.001474911 -0.039587017 0.054574698 0.000329586 0.997724593
1770112648527570176.000000 -0.000211170 0.000520668 -0.002358926 -0.038958889 0.054596025 0.000895982 0.997747898
1770112648560906240.000000 -0.000438077 -0.000195724 -0.003485986 -0.038995139 0.054072160 0.002272983 0.997772813
1770112648594238464.000000 -0.000126094 0.000178275 -0.001776194 -0.039575875 0.053361882 0.000695449 0.997790456
1770112648627569664.000000 -0.001140293 -0.000898355 -0.002443140 -0.041251719 0.054461811 -0.000594878 0.997663260
1770112648660904192.000000 -0.001189296 -0.000685953 -0.002312862 -0.040671304 0.054183688 -0.002123954 0.997700095
1770112648694237696.000000 -0.001308652 -0.000769742 -0.002564223 -0.040984310 0.053692345 -0.003190505 0.997711003
1770112648727570176.000000 -0.001006556 -0.000747612 -0.002983942 -0.040662043 0.053291310 -0.002688685 0.997747183
1770112648760905984.000000 -0.001449658 -0.001450794 -0.002367065 -0.041882377 0.053918879 -0.001716155 0.997665226
1770112648794237440.000000 -0.001538285 -0.001552767 -0.002016923 -0.042275425 0.053509146 -0.001017443 0.997671604
1770112648827569152.000000 -0.001433110 -0.001434718 -0.002398604 -0.041311651 0.052180178 -0.000801857 0.997782528
1770112648860906240.000000 -0.001393825 -0.001478924 -0.002405445 -0.041465875 0.051665120 -0.000365509 0.997803211
1770112648894237440.000000 -0.001727108 -0.001689433 -0.002098646 -0.041930199 0.051570009 -0.000726497 0.997788489
1770112648927570176.000000 -0.001620278 -0.001320689 -0.002120624 -0.041120224 0.050952453 -0.000775253 0.997853935
1770112648960905216.000000 -0.001612279 -0.001647117 -0.002131582 -0.041866381 0.050804634 -0.001355422 0.997829795
1770112648994237184.000000 -0.001627041 -0.001734140 -0.002188113 -0.041265439 0.050801881 -0.000459774 0.997855842
1770112649027569408.000000 -0.001663781 -0.001290718 -0.002407651 -0.040681206 0.051200021 -0.000610928 0.997859299
1770112649060906752.000000 -0.001583292 -0.001599391 -0.002238447 -0.040217519 0.050691441 -0.000255217 0.997904301
1770112649094237440.000000 -0.001551902 -0.001601063 -0.002084681 -0.040561344 0.049942549 -0.001594683 0.997926831
1770112649127568896.000000 -0.001493348 -0.001600936 -0.001939721 -0.040532913 0.049759492 -0.001912485 0.997936606
1770112649160904448.000000 -0.001426642 -0.001695045 -0.002202365 -0.039958909 0.049436517 -0.000681579 0.997977376
1770112649194237952.000000 -0.001577705 -0.001430222 -0.002379230 -0.038258914 0.049597964 -0.000126488 0.998036206
1770112649227570944.000000 -0.001495005 -0.001421619 -0.002288361 -0.037974656 0.048371308 -0.001582694 0.998106062
1770112649260906240.000000 -0.001565514 -0.001588960 -0.002397715 -0.037509594 0.048066564 -0.001733335 0.998138130
1770112649294237184.000000 -0.001364620 -0.001594632 -0.002488428 -0.036351092 0.047487438 -0.000886499 0.998209774
1770112649327570176.000000 -0.001217190 -0.001226437 -0.002290049 -0.034659028 0.046362668 -0.001295877 0.998322368
1770112649360905472.000000 -0.001456366 -0.001362768 -0.002143277 -0.034799751 0.046349917 -0.001717044 0.998317480
1770112649394236928.000000 -0.001389911 -0.000889601 -0.002363662 -0.032799836 0.045549829 -0.000965124 0.998423040
1770112649427568896.000000 -0.001518502 -0.000993121 -0.002310416 -0.032237355 0.045527380 -0.000878111 0.998442411
1770112649460904448.000000 -0.001641231 -0.001320315 -0.002551032 -0.031632718 0.044912443 0.000443232 0.998489916
1770112649494236928.000000 -0.001433342 -0.001168314 -0.002591593 -0.030254137 0.043718200 0.000491829 0.998585641
1770112649527569664.000000 -0.000621754 -0.000133411 -0.002958441 -0.028057178 0.041419968 -0.002193695 0.998745441
1770112649560903936.000000 -0.000956996 -0.000992825 -0.002473276 -0.028500339 0.041465126 -0.001527263 0.998732269
1770112649594237440.000000 -0.000706505 -0.000108952 -0.003164127 -0.025430558 0.039715331 -0.001320367 0.998886526
1770112649627568640.000000 -0.001284905 -0.000322081 -0.003725087 -0.023242282 0.039657924 0.000191270 0.998943031
1770112649660904192.000000 -0.001254592 -0.000348100 -0.003076627 -0.022159826 0.039082095 0.000475759 0.998990178
1770112649694236928.000000 -0.001485727 -0.000291296 -0.003898711 -0.020431079 0.038808752 0.001297172 0.999036968
1770112649727570176.000000 -0.001454346 -0.000280863 -0.003580410 -0.018638384 0.038093932 0.000974177 0.999099851
1770112649760904448.000000 -0.001397309 -0.000126370 -0.003382544 -0.017645124 0.037308693 0.000293589 0.999147952
1770112649794236928.000000 -0.001184708 -0.000611580 -0.003313674 -0.017005062 0.035680465 0.003886763 0.999211073
1770112649827568896.000000 -0.001559081 -0.000915225 -0.002983870 -0.015812211 0.035271723 0.004395546 0.999243021
1770112649860904192.000000 -0.001508586 -0.000852075 -0.003602056 -0.013809601 0.034165300 0.004875679 0.999308884
1770112649894236928.000000 -0.001383323 -0.000815811 -0.002976540 -0.012385999 0.033176810 0.003777001 0.999365628
1770112649927569664.000000 -0.001284695 -0.000577036 -0.003056853 -0.012751563 0.031915676 0.000395804 0.999409139
1770112649960903424.000000 -0.001234916 -0.000597198 -0.002734218 -0.010315982 0.031274829 0.001570255 0.999456406
1770112649994236672.000000 -0.001191563 -0.000528627 -0.003074106 -0.008400692 0.030298576 0.000535014 0.999505520
1770112650027569152.000000 -0.000952250 -0.000382832 -0.002620932 -0.004556206 0.028907247 0.001202796 0.999571025
1770112650060903936.000000 -0.000838241 -0.000261242 -0.003089432 -0.001482260 0.027083978 0.000633267 0.999631882
1770112650094237184.000000 -0.000725873 -0.000706198 -0.002895282 -0.001403497 0.025759434 -0.002191680 0.999664783
1770112650127568640.000000 -0.000171007 -0.000455379 -0.003403975 0.001946899 0.024239337 -0.001590277 0.999703050
1770112650160903680.000000 -0.000033607 -0.000619974 -0.003174052 0.004313183 0.023300854 -0.001254745 0.999718428
1770112650194237440.000000 -0.002768198 -0.001575899 -0.003069374 0.005591316 0.027120665 -0.003627192 0.999609947
1770112650227569664.000000 -0.001300779 -0.001318422 -0.003580034 0.009644790 0.022690548 -0.001332823 0.999695182
1770112650260904960.000000 -0.001341275 -0.001463188 -0.003174847 0.011261099 0.022001160 -0.001843387 0.999692798
1770112650294236416.000000 -0.002436677 -0.001074397 -0.003130982 0.014265548 0.023473106 -0.004333289 0.999613345
1770112650327568896.000000 -0.000788070 -0.001175618 -0.003028526 0.016589217 0.017843373 -0.003054814 0.999698520
1770112650360904192.000000 -0.000955239 -0.001149545 -0.003610990 0.019296924 0.015349885 -0.002941957 0.999691606
1770112650394236672.000000 -0.000674365 -0.000522856 -0.003405635 0.022669978 0.012235817 -0.005131860 0.999655008
1770112650427568128.000000 -0.000381269 -0.000593584 -0.003468816 0.025332389 0.009373711 -0.005127665 0.999622047
1770112650460903936.000000 -0.000344691 -0.000395593 -0.003278765 0.028072748 0.007569215 -0.004483138 0.999567270
1770112650494236160.000000 -0.001516097 -0.000212618 -0.003503014 0.030146603 0.007750763 -0.007402131 0.999488115
1770112650527568896.000000 -0.001687563 0.000218544 -0.004293530 0.033647962 0.004964277 -0.007850396 0.999390662
1770112650560905472.000000 -0.001825029 0.000109793 -0.004831274 0.035920210 0.002808176 -0.007682212 0.999321222
1770112650594237440.000000 -0.001558805 0.000290915 -0.003719078 0.038136132 -0.000513518 -0.008753208 0.999234080
1770112650627568128.000000 -0.001531112 0.000268081 -0.003992197 0.040365972 -0.003572989 -0.009586387 0.999132574
1770112650660904192.000000 -0.001076549 0.000066684 -0.003586153 0.042038821 -0.007221138 -0.009199616 0.999047518
1770112650694236160.000000 -0.001692529 0.000315059 -0.004706217 0.045080896 -0.008302607 -0.008627189 0.998911619
1770112650727569408.000000 -0.001614582 0.000030150 -0.005303450 0.046756972 -0.011317829 -0.007292157 0.998815536
1770112650760904704.000000 -0.000967251 -0.000676745 -0.005368785 0.047603626 -0.015776636 -0.007760179 0.998711586
1770112650794236160.000000 -0.000719982 -0.000759354 -0.005154182 0.048498020 -0.018148862 -0.006543792 0.998636961
1770112650827567872.000000 -0.001165156 -0.000698325 -0.005666037 0.051078882 -0.019194134 -0.005847499 0.998493075
1770112650860904448.000000 -0.001153877 -0.000787031 -0.005741617 0.051977739 -0.021276882 -0.006023787 0.998403370
1770112650894236416.000000 -0.001339690 -0.000755300 -0.005574507 0.054138158 -0.022844553 -0.005231278 0.998258412
1770112650927568640.000000 -0.001836654 -0.001026174 -0.006613609 0.055876866 -0.021829993 -0.000729341 0.998198807
1770112650960903424.000000 -0.002013290 -0.001250472 -0.007455803 0.056761842 -0.022212368 0.000246219 0.998140574
1770112650994235904.000000 -0.002140028 -0.001072137 -0.007649282 0.058210887 -0.021887094 0.000679354 0.998064160
1770112651027568128.000000 -0.001890155 -0.000967943 -0.007360146 0.057161391 -0.020645665 0.001957593 0.998149574
1770112651060904448.000000 -0.001939155 -0.000739930 -0.007223269 0.052300703 -0.020023417 0.002080970 0.998428464
1770112651094236672.000000 -0.002173745 -0.000895867 -0.007628296 0.046167277 -0.019270686 0.003796348 0.998740613
1770112651127567872.000000 -0.001453078 0.000227204 -0.004456262 0.040661130 -0.019142101 0.005100591 0.998976588
1770112651160903936.000000 -0.001395285 0.000118479 -0.005693779 0.036714021 -0.019838206 0.005246093 0.999115169
1770112651194236672.000000 -0.001534555 -0.000149642 -0.004380459 0.032147456 -0.019934051 0.003142747 0.999279380
1770112651227568896.000000 -0.000337761 -0.000795701 -0.005767533 0.029086148 -0.024345553 0.005037092 0.999267697
1770112651260904192.000000 -0.000135947 -0.000592673 -0.005239229 0.026814625 -0.024540093 0.005211843 0.999325633
1770112651294235904.000000 0.000291823 -0.000473882 -0.003788490 0.023828749 -0.024604728 0.003606255 0.999406755
1770112651327567872.000000 -0.000128200 -0.000670703 -0.004642107 0.021586422 -0.024668075 0.005504389 0.999447465
1770112651360902656.000000 -0.000164869 -0.000187935 -0.004928747 0.021179453 -0.024831139 0.007201514 0.999441326
1770112651394236160.000000 0.000258520 -0.000196270 -0.003812127 0.019166790 -0.024527038 0.008329139 0.999480724
1770112651427567616.000000 0.000166466 -0.000598878 -0.003599100 0.016412023 -0.025576703 0.008747851 0.999499917
1770112651460902912.000000 0.000124177 -0.000429529 -0.004486078 0.016457833 -0.026792003 0.008967430 0.999465346
1770112651494235392.000000 -0.000099271 -0.000942159 -0.005177171 0.014177219 -0.026050381 0.009146268 0.999518275
1770112651527568640.000000 0.000113750 -0.000976730 -0.004872092 0.013270010 -0.026784478 0.010209019 0.999501109
1770112651560905472.000000 -0.000506054 -0.000926200 -0.005424803 0.014035629 -0.025814041 0.008563767 0.999531507
1770112651594236416.000000 -0.000783403 -0.001626242 -0.005288738 0.011281249 -0.024622627 0.010174154 0.999581456
1770112651627567104.000000 -0.000058447 -0.001497015 -0.005332276 0.011693219 -0.027192015 0.012902208 0.999478638
1770112651660903680.000000 -0.000590127 -0.002019489 -0.006725575 0.011713007 -0.025918135 0.010423365 0.999541163
1770112651694235904.000000 -0.001644947 -0.002107636 -0.008739226 0.015439991 -0.025816778 0.012906757 0.999464154
1770112651727569408.000000 -0.001614353 -0.002360540 -0.008249751 0.014989248 -0.026072528 0.012575994 0.999468565
1770112651760902912.000000 -0.001553973 -0.002301607 -0.008267488 0.015778024 -0.027020777 0.011308982 0.999446452
1770112651794235392.000000 -0.001661042 -0.002227754 -0.008278079 0.017428976 -0.025975749 0.011413181 0.999445558
1770112651827567104.000000 -0.001872758 -0.002357666 -0.007983895 0.017672533 -0.025743019 0.011034777 0.999451518
1770112651860902912.000000 -0.001805114 -0.002147263 -0.008053893 0.020349942 -0.026026497 0.012544109 0.999375343
1770112651894235392.000000 -0.001379638 -0.002055555 -0.008171109 0.021623116 -0.028113365 0.010793297 0.999312639
1770112651927568384.000000 -0.001801148 -0.002541888 -0.007625813 0.021856438 -0.026834201 0.011083770 0.999339521
1770112651960902912.000000 -0.001562637 -0.002068868 -0.007842987 0.024588645 -0.027369600 0.010763573 0.999265015
1770112651994235136.000000 -0.002497431 -0.002999833 -0.010215641 0.024769174 -0.026274838 0.010194212 0.999295890
1770112652027567616.000000 -0.003001768 -0.002983152 -0.009719766 0.026775224 -0.024002360 0.011956186 0.999281764
1770112652060902400.000000 -0.002824109 -0.002880019 -0.010233092 0.030086933 -0.025360797 0.012458379 0.999147892
1770112652094235904.000000 -0.004309112 -0.003783237 -0.012195413 0.032350928 -0.024016529 0.010927162 0.999128222
1770112652127567104.000000 -0.006240847 -0.005731594 -0.017060107 0.031810820 -0.024661293 0.011196373 0.999126911
1770112652160902144.000000 -0.006230628 -0.005469921 -0.017215323 0.034988500 -0.024773892 0.010733470 0.999022961
1770112652194235904.000000 -0.005958241 -0.006107858 -0.017234027 0.036113612 -0.025339307 0.012708876 0.998945534
1770112652227568896.000000 -0.005865008 -0.005269826 -0.017368549 0.040552754 -0.026534608 0.012494656 0.998746872
1770112652260903168.000000 -0.006476993 -0.005752321 -0.017512128 0.041874956 -0.024728378 0.012890159 0.998733699
1770112652294235136.000000 -0.006323671 -0.005771808 -0.017701838 0.043260127 -0.025214225 0.014416148 0.998641610
1770112652327567104.000000 -0.006172884 -0.005561527 -0.017693207 0.045926847 -0.025638267 0.015047706 0.998502374
1770112652360902912.000000 -0.005957710 -0.005301417 -0.017440990 0.047997486 -0.026464934 0.013473999 0.998405933
1770112652394235392.000000 -0.006498211 -0.005356303 -0.017414693 0.049301807 -0.025359765 0.013861234 0.998365700
1770112652427567360.000000 -0.006725443 -0.005427103 -0.017777208 0.049624167 -0.025239389 0.013862809 0.998352766
1770112652460901632.000000 -0.006399819 -0.005775568 -0.017853145 0.050192870 -0.026121754 0.015869010 0.998271763
1770112652494235392.000000 -0.006613961 -0.005901656 -0.018230947 0.052165423 -0.025872653 0.017879467 0.998143196
1770112652527568896.000000 -0.006353964 -0.006080616 -0.017490666 0.052621670 -0.026384892 0.018278904 0.998098552
1770112652560901632.000000 -0.006402596 -0.006053896 -0.017795062 0.053627644 -0.026797239 0.018460874 0.998030722
1770112652594235904.000000 -0.005756671 -0.005790047 -0.017992839 0.053915128 -0.028333886 0.017325114 0.997993112
1770112652627568128.000000 -0.005844760 -0.005788322 -0.017789776 0.054598063 -0.028036388 0.017944487 0.997953475
1770112652660902144.000000 -0.005659314 -0.005848944 -0.017669421 0.053261712 -0.028537119 0.016118543 0.998042583
1770112652694235392.000000 -0.005394246 -0.005278063 -0.018014088 0.055920593 -0.029946500 0.016075743 0.997856617
1770112652727567872.000000 -0.006118163 -0.005446809 -0.016390976 0.055421665 -0.028929848 0.014715075 0.997935355
1770112652760903168.000000 -0.006226382 -0.005361691 -0.016729208 0.056193188 -0.028826635 0.015557417 0.997882426
1770112652794234880.000000 -0.005953059 -0.005415434 -0.016395168 0.057141431 -0.029863760 0.015845928 0.997793496
1770112652827566848.000000 -0.006179822 -0.005283425 -0.016386012 0.058318932 -0.028918276 0.016343186 0.997745275
1770112652860903424.000000 -0.006052069 -0.005669209 -0.016743330 0.058159664 -0.029981481 0.016875068 0.997714341
1770112652894235136.000000 -0.006208008 -0.005530215 -0.016595496 0.059156548 -0.030244745 0.016940136 0.997646630
1770112652927567360.000000 -0.006127327 -0.005449373 -0.016426001 0.059703186 -0.030845445 0.016141897 0.997608960
1770112652960902400.000000 -0.005948529 -0.005568175 -0.016739007 0.059237063 -0.031778369 0.015772251 0.997613370
1770112652994235648.000000 -0.005935886 -0.005658489 -0.016479570 0.059808847 -0.031778008 0.015686044 0.997580588
1770112653027568384.000000 -0.006131900 -0.005629012 -0.016262330 0.061189398 -0.031390358 0.017852508 0.997472703
1770112653060901888.000000 -0.006010853 -0.005420166 -0.016440270 0.060745858 -0.032147292 0.018052040 0.997472167
1770112653094235392.000000 -0.005551899 -0.005744434 -0.017018054 0.059995975 -0.033329852 0.017369691 0.997490823
1770112653127566848.000000 -0.005706315 -0.005743281 -0.016722005 0.060034651 -0.033640940 0.017727306 0.997471809
1770112653160902400.000000 -0.006223990 -0.005520626 -0.016367508 0.060221247 -0.032118525 0.018631892 0.997494221
1770112653194235392.000000 -0.006481011 -0.005956260 -0.016630633 0.059642725 -0.031479824 0.020351168 0.997515738
1770112653227567616.000000 -0.006287472 -0.005572581 -0.016509186 0.060548574 -0.032665927 0.020937601 0.997410953
1770112653260902400.000000 -0.006142852 -0.005842916 -0.016510379 0.059486017 -0.033494767 0.021395482 0.997437656
1770112653294234880.000000 -0.006288571 -0.005745232 -0.016539877 0.059642360 -0.033211809 0.022576636 0.997411728
1770112653327566848.000000 -0.006493340 -0.005471000 -0.016407147 0.059669606 -0.032869626 0.019447563 0.997487366
1770112653360902144.000000 -0.006603418 -0.005576320 -0.015985688 0.058924563 -0.032245129 0.021861922 0.997501969
1770112653394234880.000000 -0.005855328 -0.005991172 -0.016740188 0.057045128 -0.035205524 0.021013450 0.997529447
1770112653427566848.000000 -0.006170355 -0.006146749 -0.017318889 0.055998854 -0.034358367 0.019968830 0.997639716
1770112653460900864.000000 -0.005977458 -0.006463175 -0.016885944 0.054858029 -0.034687363 0.020865992 0.997673333
1770112653494234368.000000 -0.005994440 -0.006166503 -0.016394578 0.054506350 -0.035023887 0.020753810 0.997683167
1770112653527566848.000000 -0.006499888 -0.005763493 -0.016590443 0.056895558 -0.033085637 0.021601304 0.997597933
1770112653560902144.000000 -0.006833175 -0.006191225 -0.016509445 0.054652784 -0.030981911 0.027364088 0.997649431
1770112653594235136.000000 -0.007029561 -0.006059508 -0.016714264 0.054310285 -0.031613313 0.028180361 0.997625649
1770112653627567360.000000 -0.006914947 -0.005929531 -0.016437307 0.053615127 -0.032041162 0.028580029 0.997638226
1770112653660901376.000000 -0.007205466 -0.006133544 -0.016576113 0.052256092 -0.031574938 0.028915497 0.997715533
1770112653694234112.000000 -0.006913297 -0.006075511 -0.016646430 0.052147213 -0.032144859 0.029565195 0.997683942
1770112653727568896.000000 -0.007427980 -0.005381957 -0.016679991 0.051947825 -0.032224763 0.026565600 0.997776210
1770112653760903424.000000 -0.007285645 -0.004825452 -0.016209081 0.051711287 -0.032279868 0.027796753 0.997753143
1770112653794234368.000000 -0.007575077 -0.004883243 -0.016389584 0.050710790 -0.032331284 0.029351434 0.997758329
1770112653827567616.000000 -0.007882206 -0.004333318 -0.016427657 0.050889857 -0.032046247 0.028900849 0.997771502
1770112653860902912.000000 -0.008971135 -0.005048752 -0.018031733 0.048730824 -0.031233806 0.029590009 0.997884929
1770112653894234112.000000 -0.008422938 -0.004262906 -0.016813768 0.048710451 -0.031210525 0.028826237 0.997909009
1770112653927566848.000000 -0.008084980 -0.004471204 -0.016278310 0.047967415 -0.030859068 0.032749970 0.997834861
1770112653960901376.000000 -0.008458007 -0.003803005 -0.016602207 0.048085913 -0.030947922 0.029720573 0.997921169
1770112653994234112.000000 -0.008009743 -0.003486673 -0.016073123 0.047487650 -0.031658851 0.029197119 0.997942984
1770112654027566336.000000 -0.008645233 -0.002080579 -0.016548719 0.049565084 -0.032784149 0.028203271 0.997834206
1770112654060902144.000000 -0.007946440 -0.000862427 -0.016445804 0.049307693 -0.034238659 0.025215631 0.997878075
1770112654094234112.000000 -0.007904741 -0.000903442 -0.016604114 0.048441920 -0.034556031 0.026798038 0.997868359
1770112654127565824.000000 -0.008163111 -0.000579635 -0.016659433 0.047937319 -0.034359947 0.026194500 0.997915447
1770112654160902144.000000 -0.008221480 -0.001094196 -0.016407097 0.045188494 -0.034153238 0.028106917 0.997998834
1770112654194234624.000000 -0.008278195 -0.000920683 -0.016777614 0.044839919 -0.034219835 0.028086750 0.998012781
1770112654227567104.000000 -0.008472967 -0.000485817 -0.016540846 0.044603825 -0.034139678 0.028407039 0.998017073
1770112654260902400.000000 -0.008564347 0.000332703 -0.016894683 0.044550177 -0.034881502 0.026400046 0.998048961
1770112654294234112.000000 -0.008135544 0.000450266 -0.016135238 0.042979717 -0.034542315 0.026452148 0.998128176
1770112654327565824.000000 -0.008734049 0.000469978 -0.017250782 0.043061674 -0.034426179 0.029116936 0.998054504
1770112654360900864.000000 -0.007741961 -0.000033058 -0.015970949 0.040516485 -0.035107069 0.030145105 0.998106837
1770112654394234112.000000 -0.008110645 0.000440021 -0.015767330 0.040311787 -0.034895979 0.027939340 0.998186707
1770112654427566080.000000 -0.007869746 0.000240319 -0.015361609 0.037873261 -0.034740608 0.030766539 0.998204470
1770112654460900096.000000 -0.008726822 -0.000466961 -0.015215570 0.030375246 -0.032665197 0.027178852 0.998634934
1770112654494234368.000000 -0.008458953 -0.000555083 -0.014792540 0.027851915 -0.034057859 0.022412566 0.998780310
1770112654527566592.000000 -0.008538657 -0.001043964 -0.014998126 0.025616270 -0.033222940 0.026051844 0.998780012
1770112654560900096.000000 -0.009683855 -0.000513638 -0.017024167 0.025777569 -0.033125274 0.023694647 0.998837709
1770112654594233856.000000 -0.009251956 -0.000567157 -0.016095271 0.023783330 -0.032045502 0.025199868 0.998885632
1770112654627566592.000000 -0.008456624 -0.001141928 -0.015488812 0.019065518 -0.033506621 0.022213692 0.999009728
1770112654660902144.000000 -0.008894194 -0.001746086 -0.015753148 0.014692063 -0.032593537 0.021170668 0.999136508
1770112654694233856.000000 -0.009217124 -0.001755377 -0.015533160 0.012815585 -0.031662073 0.024484368 0.999116540
1770112654727567616.000000 -0.008426432 -0.001289797 -0.014715106 0.012460617 -0.033697207 0.025530934 0.999028206
1770112654760901888.000000 -0.008653657 -0.001358855 -0.015569739 0.010637613 -0.033009030 0.024015004 0.999109924
1770112654794234112.000000 -0.009028797 -0.001228924 -0.015398509 0.008851003 -0.032279640 0.023734258 0.999157906
1770112654827565568.000000 -0.008927723 -0.001074887 -0.015674256 0.008151143 -0.032219678 0.023906790 0.999161601
1770112654860902400.000000 -0.009045688 -0.000753984 -0.015822079 0.007485245 -0.031879686 0.021911478 0.999223530
1770112654894233600.000000 -0.008575466 -0.001361349 -0.015101011 0.003933986 -0.033353318 0.013606059 0.999343336
1770112654927567360.000000 -0.008689902 -0.001066803 -0.015151558 0.002414958 -0.033599880 0.000099270 0.999432504
1770112654960900608.000000 -0.009067048 -0.001059023 -0.015362232 0.000670796 -0.033152319 -0.011427969 0.999384820
1770112654994233344.000000 -0.008946335 -0.000827529 -0.015640693 -0.000809576 -0.033775147 -0.026638355 0.999074101
1770112655027565824.000000 -0.008833842 -0.000849603 -0.016105430 -0.002335900 -0.034708593 -0.037516885 0.998690367
1770112655060901120.000000 -0.009393392 -0.000651997 -0.015709566 -0.005783265 -0.034371529 -0.051317301 0.998073995
1770112655094233856.000000 -0.009287422 -0.000709689 -0.016170677 -0.008704046 -0.035407253 -0.064140476 0.997274637
1770112655127565312.000000 -0.008601477 -0.001852900 -0.016433639 -0.011962404 -0.037233289 -0.073954493 0.996494532
1770112655160900608.000000 -0.009385898 -0.000574615 -0.016587581 -0.010004732 -0.036837175 -0.089167885 0.995284975
1770112655194234112.000000 -0.009423531 -0.000408274 -0.016211735 -0.012545732 -0.038326137 -0.102210678 0.993945003
1770112655227567616.000000 -0.009889821 -0.000856181 -0.018302333 -0.014073026 -0.040509142 -0.103616379 0.993692458
1770112655260902144.000000 -0.009988359 -0.000724321 -0.018086936 -0.016146578 -0.041388348 -0.115027115 0.992368460
1770112655294234624.000000 -0.010444066 -0.000706312 -0.018531343 -0.016860930 -0.040617868 -0.125800222 0.991080403
1770112655327566592.000000 -0.010596165 -0.000778749 -0.019400388 -0.018510710 -0.042051546 -0.135319754 0.989736199
1770112655360900864.000000 -0.010930059 -0.001018813 -0.020091271 -0.021004021 -0.042784289 -0.147460431 0.987918913
1770112655394233344.000000 -0.010387932 -0.001198544 -0.019447099 -0.023114279 -0.044631004 -0.156557634 0.986389160
1770112655427565568.000000 -0.010499969 -0.000871609 -0.018958451 -0.023174405 -0.044406079 -0.165872186 0.984874427
1770112655460900864.000000 -0.010949221 0.000062466 -0.019774988 -0.022697113 -0.043923516 -0.178089023 0.982771516
1770112655494233088.000000 -0.010978322 -0.000392202 -0.020016946 -0.026479376 -0.045483168 -0.187852979 0.980786145
1770112655527565824.000000 -0.010241149 -0.000346133 -0.017279053 -0.029143833 -0.046787165 -0.192918539 0.979665279
1770112655560900864.000000 -0.010293566 -0.000411032 -0.016778318 -0.031242922 -0.047394399 -0.201146200 0.977915108
1770112655594222592.000000 -0.010224358 -0.000029068 -0.017183818 -0.030927217 -0.047641154 -0.208888009 0.976288676
1770112655627555072.000000 -0.010156441 -0.000277450 -0.016679658 -0.034686659 -0.047758639 -0.217243031 0.974331319
1770112655660888576.000000 -0.010366569 0.000065987 -0.017196178 -0.034410372 -0.047561746 -0.226523191 0.972235084
1770112655694222080.000000 -0.010334298 -0.000144983 -0.017315809 -0.035482433 -0.048352968 -0.232938051 0.970640481
1770112655727554560.000000 -0.010264793 -0.000037431 -0.017603103 -0.036275305 -0.048528384 -0.239013031 0.969124317
1770112655760890368.000000 -0.010425145 0.000261762 -0.017933164 -0.036913581 -0.048424739 -0.248253733 0.966779530
1770112655794221824.000000 -0.010225904 0.000563943 -0.017524252 -0.036437061 -0.048686747 -0.253556311 0.965407252
1770112655827553536.000000 -0.010809597 0.000248725 -0.018123269 -0.038177833 -0.048225291 -0.259549111 0.963769197
1770112655860889856.000000 -0.010561331 0.000548776 -0.018668396 -0.038003825 -0.048818197 -0.266227365 0.961922824
1770112655894221568.000000 -0.010449000 0.000596537 -0.018683122 -0.038275447 -0.049461015 -0.268089980 0.961361766
1770112655927554048.000000 -0.010337467 0.000438200 -0.018184742 -0.039587248 -0.049152341 -0.275295079 0.959285975
1770112655960888064.000000 -0.010424424 0.000495556 -0.018395195 -0.041282639 -0.048321489 -0.282183886 0.957252920
1770112655994221824.000000 -0.010431034 0.000627662 -0.018381290 -0.041925855 -0.048318513 -0.287298113 0.955702603
1770112656027553792.000000 -0.010536165 0.000605827 -0.018514074 -0.043120760 -0.047740418 -0.290878713 0.954594672
1770112656060889600.000000 -0.010193639 0.000594604 -0.019050764 -0.042907044 -0.048746996 -0.294937640 0.953307211
1770112656094221568.000000 -0.010361156 0.000400781 -0.018684473 -0.045452114 -0.048386578 -0.299435884 0.951804101
1770112656127554048.000000 -0.010495342 0.000340474 -0.018342130 -0.046050087 -0.048088323 -0.301779956 0.951049864
1770112656160887808.000000 -0.009794722 0.000787865 -0.017628722 -0.046763126 -0.048315007 -0.305633903 0.949772000
1770112656194222080.000000 -0.009868919 0.000433113 -0.017726894 -0.047785312 -0.048658513 -0.309669882 0.948395193
1770112656227554304.000000 -0.010461473 0.000519135 -0.018163623 -0.048215274 -0.047563665 -0.311599880 0.947796702
1770112656260889088.000000 -0.010042094 0.000404636 -0.017462501 -0.049115345 -0.047720291 -0.314161986 0.946896374
1770112656294221568.000000 -0.009694891 0.000202518 -0.016663877 -0.050377022 -0.048468232 -0.316723228 0.945938408
1770112656327554560.000000 -0.010022421 0.000272519 -0.017697170 -0.050240334 -0.048217990 -0.317574978 0.945672870
1770112656360888832.000000 -0.009936566 0.000072956 -0.017429680 -0.050856635 -0.047944698 -0.318379611 0.945383251
1770112656394221568.000000 -0.010189507 0.000113601 -0.017852444 -0.051772751 -0.047238272 -0.318740308 0.945247412
1770112656427553280.000000 -0.009724913 0.000564577 -0.016724451 -0.050037190 -0.047734708 -0.320847481 0.944602907
1770112656460888832.000000 -0.009951831 0.000220970 -0.016839772 -0.051674098 -0.046527714 -0.321476132 0.944361210
1770112656494221312.000000 -0.009884322 0.000675679 -0.017447125 -0.050420441 -0.045101888 -0.321651787 0.944438338
1770112656527553536.000000 -0.009731096 0.000140149 -0.017421052 -0.052205667 -0.044824030 -0.320315301 0.944808722
1770112656560887808.000000 -0.009454521 0.000321446 -0.016525371 -0.051213775 -0.045061849 -0.321437418 0.944470525
1770112656594222080.000000 -0.009721075 0.000773606 -0.017945064 -0.049594250 -0.043719858 -0.322254896 0.944341481
1770112656627554304.000000 -0.009600730 0.000619545 -0.017703094 -0.049909107 -0.043145884 -0.321432561 0.944631517
1770112656660888064.000000 -0.009446386 0.000825565 -0.018287860 -0.048960514 -0.042145263 -0.320017546 0.945206642
1770112656694221312.000000 -0.009354591 0.000791093 -0.017971156 -0.048728831 -0.041169077 -0.318920791 0.945632160
1770112656727556352.000000 -0.009592043 0.000454762 -0.017284384 -0.049833152 -0.040581517 -0.317182273 0.946184516
1770112656760889600.000000 -0.009361765 0.000448282 -0.017520497 -0.048912056 -0.039477348 -0.315389305 0.946878433
1770112656794221312.000000 -0.009216821 0.000786963 -0.017213682 -0.047462080 -0.038946509 -0.313457251 0.947615504
1770112656827553024.000000 -0.009029509 0.001330405 -0.017541224 -0.045474458 -0.037084840 -0.312077284 0.948242962
1770112656860888832.000000 -0.009520268 0.000887196 -0.017465470 -0.045554452 -0.035518970 -0.308144808 0.949584126
1770112656894221312.000000 -0.008816541 0.001055424 -0.017246470 -0.045536928 -0.034890346 -0.304089129 0.950914741
1770112656927553792.000000 -0.008393478 0.000803170 -0.017075440 -0.044431247 -0.034969222 -0.297751337 0.952967584
1770112656960889088.000000 -0.008386707 0.000238948 -0.016780442 -0.045330264 -0.032955565 -0.292104423 0.954743028
1770112656994220800.000000 -0.008132367 0.000810829 -0.016499786 -0.042356897 -0.031475045 -0.287503898 0.956324637
1770112657027553792.000000 -0.007049335 0.000967733 -0.017216140 -0.040411755 -0.032014653 -0.280602932 0.958438337
1770112657060888320.000000 -0.006530556 0.000803816 -0.017302223 -0.040270839 -0.031659264 -0.275531471 0.959926248
1770112657094221056.000000 -0.006252796 0.001036095 -0.015858790 -0.038593557 -0.030202484 -0.268663406 0.961986661
1770112657127553280.000000 -0.006264139 0.000818252 -0.015502105 -0.037632514 -0.028580926 -0.261774391 0.963971555
1770112657160888576.000000 -0.006059865 0.001338884 -0.013361151 -0.036050241 -0.026215078 -0.251967430 0.966708660
1770112657194222336.000000 -0.005794292 0.001158318 -0.013484376 -0.035069183 -0.025123499 -0.243649572 0.968903482
1770112657227553536.000000 -0.005684414 0.000938820 -0.013444387 -0.033745546 -0.023103893 -0.233056709 0.971602798
1770112657260890368.000000 -0.006228716 0.000755600 -0.013400378 -0.032442339 -0.020877047 -0.221836910 0.974320292
1770112657294220800.000000 -0.005435638 0.000418835 -0.011984766 -0.032251019 -0.020510342 -0.209805980 0.976995766
1770112657327553792.000000 -0.005551974 0.000616918 -0.012047498 -0.031088781 -0.018979441 -0.199784711 0.979162633
1770112657360888320.000000 -0.005284327 0.000635781 -0.010973675 -0.030119266 -0.017464930 -0.190637380 0.981042922
1770112657394221056.000000 -0.004702206 0.000629851 -0.010481670 -0.027281459 -0.016138643 -0.180726245 0.983022511
1770112657427553536.000000 -0.004828549 0.000455138 -0.010112938 -0.027658487 -0.013415939 -0.173058078 0.984431863
1770112657460887296.000000 -0.004367458 0.000278041 -0.009620554 -0.027857319 -0.011851572 -0.167759761 0.985363007
1770112657494221312.000000 -0.004025412 0.000190830 -0.009843704 -0.024694866 -0.012235237 -0.155434564 0.987461686
1770112657527553024.000000 -0.004515304 0.000587875 -0.009457448 -0.022259502 -0.009145152 -0.148696423 0.988590062
1770112657560887808.000000 -0.004000146 0.000012287 -0.009079903 -0.022149790 -0.008886009 -0.143083915 0.989422798
1770112657594221056.000000 -0.002706756 -0.002039906 -0.008339901 -0.026956243 -0.008805979 -0.143183827 0.989289761
1770112657627553280.000000 -0.002711627 -0.002110954 -0.008245642 -0.024233637 -0.007094139 -0.141256571 0.989651024
1770112657660887552.000000 -0.002857552 -0.002064356 -0.008170078 -0.022522399 -0.005204633 -0.142602086 0.989510179
1770112657694220800.000000 -0.002781845 -0.001265489 -0.008240097 -0.018481486 -0.003659848 -0.142410159 0.989628434
1770112657727554560.000000 -0.003728844 -0.001850812 -0.009435564 -0.017031476 -0.001243740 -0.143780842 0.989462256
1770112657760889600.000000 -0.003682089 -0.001682850 -0.009097654 -0.013276675 0.000345248 -0.144037947 0.989483058
1770112657794220800.000000 -0.002618048 -0.002032243 -0.008408166 -0.011211468 0.000778489 -0.142415822 0.989743173
1770112657827552000.000000 -0.002546081 -0.001616715 -0.008756685 -0.007923142 0.003765714 -0.141672432 0.989874721
1770112657860888320.000000 -0.002621152 -0.001684760 -0.008212910 -0.004985913 0.005367086 -0.141322136 0.989936590
1770112657894220288.000000 -0.003282510 -0.001117426 -0.008146939 -0.001354739 0.009837316 -0.143232986 0.989639223
1770112657927553280.000000 -0.003409756 -0.001073778 -0.007994725 0.000765467 0.012167235 -0.143580645 0.989563525
1770112657960888320.000000 -0.003333772 -0.001162555 -0.007852260 0.004058865 0.015055383 -0.142974496 0.989603579
1770112657994220032.000000 -0.003421383 -0.001239547 -0.007949932 0.007235692 0.017291294 -0.142931670 0.989555120
1770112658027553536.000000 -0.003514650 -0.000600675 -0.007510075 0.011327648 0.021151926 -0.144948527 0.989148259
1770112658060887040.000000 -0.003758579 -0.001010268 -0.007904997 0.013708116 0.024088735 -0.143884644 0.989206314
1770112658094220288.000000 -0.003636585 -0.000187686 -0.007145065 0.020289307 0.027217090 -0.140770420 0.989460170
1770112658127553024.000000 -0.002644013 -0.000519093 -0.005616986 0.022188360 0.028762145 -0.140869752 0.989361525
1770112658160887296.000000 -0.002385340 0.000296286 -0.005521963 0.026959563 0.032722861 -0.140530422 0.989168167
1770112658194220800.000000 -0.001431560 -0.000177041 -0.004719279 0.028077113 0.034493312 -0.140914008 0.989022374
1770112658227553536.000000 -0.001970228 -0.000080094 -0.004488838 0.030357558 0.037549756 -0.140632600 0.988883734
1770112658260887808.000000 -0.001995285 -0.000086761 -0.003999440 0.032907944 0.041772489 -0.139363214 0.988812447
1770112658294220288.000000 -0.001082993 0.000295059 -0.002908638 0.035317637 0.045271520 -0.140500858 0.988414288
1770112658327553024.000000 -0.000896866 0.000030393 -0.002727592 0.037022602 0.049167939 -0.140533075 0.988161147
1770112658360886784.000000 -0.000765040 0.000075975 -0.002676505 0.039035466 0.052389629 -0.141330376 0.987804353
1770112658394220032.000000 -0.000413752 0.000431636 -0.001618374 0.041888230 0.056479096 -0.139672369 0.987697959
1770112658427553024.000000 -0.000054205 -0.000134330 -0.001598407 0.041737128 0.060171347 -0.139106676 0.987566113
1770112658460886784.000000 -0.001221984 -0.000470249 -0.002964018 0.043184735 0.065149680 -0.140700489 0.986961961
1770112658494220544.000000 -0.001246157 -0.000098717 -0.003482061 0.045048136 0.069360740 -0.139767006 0.986724377
1770112658527553792.000000 -0.000994614 -0.000804773 -0.003132911 0.045296904 0.072884806 -0.140933856 0.986292899
1770112658560888832.000000 -0.000924667 -0.000966368 -0.003469096 0.046359062 0.075682901 -0.141944751 0.985887766
1770112658594220544.000000 -0.001157843 -0.002027598 -0.004481832 0.045031924 0.079088904 -0.142804593 0.985557735
1770112658627552768.000000 -0.001154259 -0.001993980 -0.003992663 0.045430183 0.082334422 -0.144695520 0.984997690
1770112658660885760.000000 -0.000666771 -0.001716974 -0.003923416 0.045819715 0.084459946 -0.144522592 0.984825015
1770112658694219776.000000 -0.000076325 -0.001792638 -0.003635335 0.045768421 0.086399645 -0.145303279 0.984544218
1770112658727553280.000000 -0.000173598 -0.001962385 -0.003655592 0.045565180 0.087890901 -0.146284103 0.984276354
1770112658760888320.000000 -0.000267831 -0.002252387 -0.003619615 0.043839879 0.088589847 -0.148375019 0.983979046
1770112658794218752.000000 -0.000868274 -0.001883743 -0.004648163 0.040158972 0.089510553 -0.151056588 0.983644783
1770112658827553024.000000 -0.000548831 -0.001759223 -0.004523007 0.033499468 0.087962613 -0.148031503 0.984493315
1770112658860888064.000000 -0.000511000 -0.001647729 -0.003933805 0.026756305 0.086849511 -0.142732650 0.985580385
1770112658894219776.000000 -0.000300988 -0.001621588 -0.004147371 0.020718802 0.083733328 -0.138599500 0.986584902
1770112658927552768.000000 -0.000602676 -0.002206602 -0.003887135 0.015654037 0.081905700 -0.135867804 0.987211406
1770112658960887296.000000 0.000206339 -0.002261661 -0.004091858 0.011537272 0.078001589 -0.126623809 0.988811970
1770112658994220288.000000 0.000444153 -0.002094936 -0.002981707 0.008594045 0.076362200 -0.120644674 0.989717066
1770112659027552000.000000 0.000730097 -0.002226799 -0.003555184 0.005790320 0.074091159 -0.115718633 0.990498006
1770112659060887040.000000 0.000544661 -0.001875672 -0.003055924 0.004597011 0.073293701 -0.111399166 0.991058648
1770112659094219776.000000 0.000223085 -0.002418434 -0.003103196 0.000631170 0.072001912 -0.106741473 0.991676211
1770112659127552000.000000 0.000890192 -0.001924123 -0.002401511 -0.000283516 0.069832534 -0.102938816 0.992233396
1770112659160886784.000000 0.000832885 -0.002024686 -0.002496104 -0.002016439 0.068727247 -0.099005461 0.992708683
1770112659194220032.000000 0.001106279 -0.001512397 -0.001243204 -0.003431036 0.068080604 -0.095947184 0.993049562
1770112659227553792.000000 0.000994197 -0.002103404 -0.002553176 -0.004988999 0.066616423 -0.090921953 0.993614912
1770112659260887040.000000 0.001121969 -0.001960965 -0.001880363 -0.006020868 0.065948606 -0.087855749 0.993929565
1770112659294219264.000000 0.001382893 -0.001818591 -0.001464430 -0.005921549 0.066101171 -0.083505481 0.994295001
1770112659327551232.000000 0.001299875 -0.001240392 -0.001069182 -0.005710580 0.065174162 -0.084373020 0.994284153
1770112659360886784.000000 0.000967756 -0.001332935 -0.000869341 -0.005034219 0.066486552 -0.078066550 0.994715989
1770112659394219264.000000 0.001247150 -0.001000840 -0.000112984 -0.004985553 0.065359652 -0.076029889 0.994948626
1770112659427551488.000000 0.001502334 -0.001276270 0.000090626 -0.004341808 0.063997611 -0.073767133 0.995210528
1770112659460886528.000000 0.001472557 -0.001001276 0.000487809 -0.004065799 0.065025285 -0.070148610 0.995406628
1770112659494219264.000000 0.001626542 -0.000894592 0.000530247 -0.002981722 0.064728417 -0.068888597 0.995517850
1770112659527552512.000000 0.001275634 -0.000848921 0.000510671 -0.001378288 0.065659128 -0.065888412 0.995663524
1770112659560888064.000000 0.001490548 -0.001331814 -0.000129946 -0.001381323 0.064757600 -0.064489715 0.995814085
1770112659594220032.000000 0.001385919 -0.001453583 -0.000836777 0.000441480 0.064912520 -0.061910670 0.995968521
1770112659627552000.000000 0.001502919 -0.001438610 -0.000604967 0.002597627 0.064991586 -0.058903478 0.996142507
1770112659660886016.000000 0.001109652 -0.001954904 -0.002253918 0.006265265 0.066516712 -0.056393497 0.996170700
1770112659694218752.000000 0.000854160 -0.001668773 -0.001920623 0.008108564 0.067667603 -0.054855566 0.996165752
1770112659727552768.000000 0.001111768 -0.002289153 -0.002301361 0.009189391 0.067276403 -0.053180732 0.996273756
1770112659760886784.000000 0.001035140 -0.002271042 -0.001902142 0.011359541 0.067671962 -0.054740228 0.996140063
1770112659794218752.000000 0.001501878 -0.002014649 -0.001753065 0.013906697 0.066912718 -0.053574834 0.996222436
1770112659827551232.000000 0.000804167 -0.002556484 -0.001905023 0.015394719 0.068309955 -0.052147985 0.996181428
1770112659860886528.000000 0.000566919 -0.002430107 -0.002137902 0.018267589 0.069564216 -0.051601801 0.996074498
1770112659894219008.000000 0.000572948 -0.002211783 -0.004151926 0.024242701 0.070354544 -0.047468387 0.996097028
1770112659927552256.000000 0.000500982 -0.002065309 -0.004477717 0.027083796 0.070961915 -0.046939749 0.996005774
1770112659960886272.000000 0.000609807 -0.002576059 -0.004540270 0.028643752 0.070562854 -0.046347804 0.996018231
1770112659994219008.000000 0.000361702 -0.002151035 -0.004205298 0.031263709 0.071604140 -0.046829361 0.995842636
1770112660027552000.000000 0.000516559 -0.001224145 -0.005066724 0.035685197 0.072162993 -0.046108384 0.995687306
1770112660060886016.000000 0.001024648 -0.000533897 -0.005031893 0.038339883 0.071636438 -0.046622958 0.995602667
1770112660094219264.000000 0.001195238 -0.001566272 -0.004772052 0.039445527 0.071975417 -0.045241091 0.995598793
1770112660127551232.000000 0.000531463 -0.001074755 -0.004982643 0.041353326 0.073279977 -0.045300633 0.995423496
1770112660160885504.000000 0.001001767 -0.001275340 -0.004277763 0.043221943 0.073182844 -0.044139255 0.995403409
1770112660194219520.000000 0.000798131 -0.001645797 -0.003611593 0.044715531 0.073836945 -0.043045096 0.995337069
1770112660227553024.000000 0.000615883 -0.002644494 -0.004761097 0.045933891 0.076294616 -0.042865571 0.995103896
1770112660260886272.000000 0.000985238 -0.001905849 -0.005208994 0.048929598 0.076296538 -0.042919558 0.994958699
1770112660294219264.000000 0.000999024 -0.003520797 -0.006805446 0.048537392 0.075774319 -0.042740624 0.995025456
1770112660327551488.000000 0.001378184 -0.003801705 -0.007375233 0.050174180 0.075392559 -0.041418374 0.995029211
1770112660360886272.000000 0.000738664 -0.003818809 -0.007955348 0.050724674 0.075858936 -0.043471221 0.994878292
1770112660394218752.000000 0.000498604 -0.004188760 -0.008878356 0.052896943 0.077101611 -0.040632043 0.994789600
1770112660427550976.000000 0.000760649 -0.003395346 -0.006546563 0.051005375 0.076756090 -0.042122699 0.994853079
1770112660460885504.000000 0.001118404 -0.003343444 -0.005631755 0.051012207 0.077321202 -0.041938066 0.994816780
1770112660494219520.000000 0.000387960 -0.003684708 -0.007475877 0.051941548 0.077347249 -0.041835207 0.994771004
1770112660527551232.000000 0.000745980 -0.003599095 -0.007165884 0.052369729 0.077513263 -0.041183066 0.994762838
1770112660560886272.000000 0.001138494 -0.003422753 -0.006914840 0.052671202 0.077783585 -0.041632544 0.994707108
1770112660594219520.000000 0.000360878 -0.003644116 -0.008125542 0.053213421 0.078411065 -0.041424341 0.994637728
1770112660627551488.000000 0.001027984 -0.003987286 -0.008434096 0.053002104 0.078070194 -0.040550608 0.994711816
1770112660660885248.000000 0.001168205 -0.004921156 -0.010181256 0.052412286 0.077194400 -0.038592096 0.994889259
1770112660694218752.000000 0.000792682 -0.005108710 -0.011940029 0.052802753 0.076939456 -0.039639942 0.994847238
1770112660727552256.000000 0.001704329 -0.004704160 -0.009742401 0.052887976 0.077608563 -0.039160300 0.994809687
1770112660760886528.000000 0.002498472 -0.004723968 -0.009251872 0.053921681 0.077742219 -0.036803845 0.994833708
1770112660794219008.000000 0.001915706 -0.005483646 -0.011974239 0.054142337 0.078455560 -0.037805885 0.994728148
1770112660827550720.000000 0.001781898 -0.004600347 -0.010656442 0.054271594 0.078998864 -0.039076276 0.994629025
1770112660860885760.000000 0.001931758 -0.004279610 -0.011035748 0.055657040 0.079818934 -0.039509792 0.994469881
1770112660894218496.000000 0.001874902 -0.004862443 -0.010086588 0.054320395 0.081624120 -0.037384819 0.994479358
1770112660927551744.000000 0.001448653 -0.004867512 -0.010996806 0.053870302 0.081466392 -0.037740760 0.994503379
1770112660960886016.000000 0.001218980 -0.004502606 -0.010347938 0.053779885 0.083467402 -0.038510475 0.994312763
1770112660994218240.000000 0.000976998 -0.003256581 -0.006694470 0.053573832 0.083573334 -0.039588429 0.994272709
1770112661027551488.000000 0.001139758 -0.003253682 -0.006548778 0.052954797 0.083999835 -0.038755074 0.994302690
1770112661060886016.000000 0.001171713 -0.003295534 -0.006096869 0.052814469 0.084863603 -0.037291378 0.994292855
1770112661094218496.000000 0.001018085 -0.003410069 -0.006391683 0.052069180 0.085077345 -0.037234969 0.994315982
1770112661127551232.000000 0.000701470 -0.003332503 -0.007395024 0.051448233 0.085208550 -0.037667111 0.994320750
1770112661160884992.000000 0.001131629 -0.002835308 -0.007157318 0.052014980 0.085508920 -0.037749063 0.994262457
1770112661194218752.000000 0.000857287 -0.002661494 -0.005856843 0.050611973 0.086584337 -0.037223313 0.994261622
1770112661227552512.000000 0.001111071 -0.002804261 -0.006378280 0.049732704 0.086407140 -0.038713790 0.994264483
1770112661260887040.000000 0.000936025 -0.002988763 -0.006230664 0.049240131 0.087316789 -0.037716214 0.994247794
1770112661294218496.000000 0.000732056 -0.002782695 -0.005937305 0.047869593 0.087396950 -0.038277332 0.994286299
1770112661327550208.000000 0.000973570 -0.002954367 -0.006467465 0.047132879 0.087647080 -0.036954716 0.994349420
1770112661360885760.000000 0.000998994 -0.002882035 -0.006062727 0.044492185 0.088652797 -0.040333241 0.994250655
1770112661394218752.000000 0.001275722 -0.002203213 -0.005150971 0.043977935 0.089543641 -0.038124990 0.994280875
1770112661427550976.000000 0.001251725 -0.002548879 -0.006178284 0.043646302 0.089204431 -0.038531270 0.994310319
1770112661460885504.000000 0.001251062 -0.002797159 -0.006319993 0.042139798 0.089241020 -0.037245955 0.994420946
1770112661494217984.000000 0.001491664 -0.002269721 -0.005209684 0.040710557 0.089786768 -0.036074370 0.994474590
1770112661527551488.000000 0.001548702 -0.001828657 -0.004834750 0.040078327 0.090573251 -0.034739085 0.994476438
1770112661560884992.000000 0.001703457 -0.002042576 -0.005014078 0.038878132 0.090597898 -0.034203414 0.994540453
1770112661594218496.000000 0.001679583 -0.002678126 -0.005810038 0.036975875 0.089709103 -0.036169235 0.994624019
1770112661627550720.000000 0.001658441 -0.002636381 -0.005775012 0.035928231 0.090255119 -0.035307933 0.994643986
1770112661660885248.000000 0.001686792 -0.002814526 -0.006071072 0.034545612 0.090109117 -0.033881702 0.994755805
1770112661694217984.000000 0.001730878 -0.002534894 -0.005991728 0.034207266 0.090327047 -0.032082699 0.994807363
1770112661727552768.000000 0.001312580 -0.002875297 -0.006821510 0.032830644 0.090456277 -0.031204706 0.994869888
1770112661760886272.000000 0.001736855 -0.002259090 -0.005930949 0.032516964 0.090502538 -0.032089222 0.994847894
1770112661794217472.000000 0.001861408 -0.002346206 -0.006257780 0.030605825 0.090861723 -0.030351518 0.994930327
1770112661827550208.000000 0.001918690 -0.002662243 -0.005516295 0.027479675 0.091584735 -0.030236691 0.994958818
1770112661860885760.000000 0.001982377 -0.002674612 -0.005450728 0.025580766 0.091399997 -0.030689104 0.995012581
1770112661894217984.000000 0.001396330 -0.002492483 -0.005306589 0.022736268 0.094137691 -0.031155290 0.994811773
1770112661927550976.000000 0.001050480 -0.002633950 -0.005552109 0.021491339 0.095072880 -0.030073460 0.994783819
1770112661960885504.000000 0.001498306 -0.002443149 -0.005646982 0.020606650 0.095032729 -0.027484959 0.994881272
1770112661994218752.000000 0.002020453 -0.002180547 -0.004366568 0.017894361 0.095234260 -0.026715066 0.994935453
1770112662027550208.000000 0.002343078 -0.001435836 -0.003981201 0.019125815 0.095515192 -0.022475323 0.994990408
1770112662060884992.000000 0.002428022 -0.001336261 -0.004810102 0.017914332 0.094595477 -0.020686600 0.995139658
1770112662094217984.000000 0.001911333 -0.001704391 -0.004220102 0.013443659 0.095802702 -0.021273479 0.995082200
1770112662127550208.000000 0.001973432 -0.001500233 -0.004166076 0.012740094 0.095708802 -0.021199068 0.995102167
1770112662160884224.000000 0.002085583 -0.001536325 -0.004112545 0.011318362 0.095972054 -0.019798413 0.995122790
1770112662194218496.000000 0.001681095 -0.001628333 -0.005171184 0.009006198 0.096138567 -0.020572478 0.995114625
1770112662227551488.000000 0.001744145 -0.001549933 -0.005027351 0.007666960 0.096472822 -0.020235326 0.995100439
1770112662260885760.000000 0.002066902 -0.001102229 -0.004718428 0.007749221 0.096226275 -0.020859899 0.995110691
1770112662294217728.000000 0.002102579 -0.001223834 -0.005552538 0.006868839 0.095764019 -0.019125680 0.995196581
1770112662327550464.000000 0.002080257 -0.001273796 -0.005463464 0.005167259 0.096142806 -0.019225920 0.995168507
1770112662360883968.000000 0.001666242 -0.001123655 -0.006495210 0.004184087 0.095839046 -0.019284071 0.995201290
1770112662394217728.000000 0.002097098 -0.000947764 -0.005078298 0.001463712 0.095841184 -0.020931248 0.995175481
1770112662427550208.000000 0.002314341 -0.000716018 -0.004908474 -0.000015517 0.095650941 -0.019555518 0.995222867
1770112662460884480.000000 0.002810598 -0.000640056 -0.004003884 -0.002032203 0.095489122 -0.019181488 0.995243609
1770112662494217728.000000 0.002382771 -0.001013798 -0.004036973 -0.004028373 0.096199669 -0.016760949 0.995212853
1770112662527551488.000000 0.002287670 -0.000609867 -0.003871163 -0.006267070 0.096177071 -0.015154309 0.995229125
1770112662560885504.000000 0.002466501 -0.000612357 -0.004169243 -0.007821145 0.096084848 -0.013435926 0.995251775
1770112662594218240.000000 0.002421339 -0.000485709 -0.003853763 -0.009565505 0.096459091 -0.013668579 0.995197177
1770112662627550208.000000 0.002419768 -0.000149429 -0.003750409 -0.011054416 0.096228473 -0.012892358 0.995214403
1770112662660883968.000000 0.002788974 0.000010354 -0.003203039 -0.013152691 0.096097954 -0.011193231 0.995222092
1770112662694217472.000000 0.002639520 0.000007830 -0.002510498 -0.016782733 0.097012296 -0.010174133 0.995089710
1770112662727549440.000000 0.002760777 -0.000198084 -0.002085028 -0.019229922 0.096707270 -0.011073984 0.995065510
1770112662760886272.000000 0.002487047 -0.000178243 -0.001220979 -0.021324620 0.097387128 -0.010243064 0.994965374
1770112662794217216.000000 0.002406988 -0.000660378 -0.001629659 -0.022452725 0.097343162 -0.009008300 0.994956791
1770112662827549952.000000 0.002396835 -0.000715127 -0.002026583 -0.024257515 0.096996598 -0.007337294 0.994962037
1770112662860884736.000000 0.002711280 -0.000772336 -0.001690918 -0.026520554 0.096044317 -0.007334230 0.994996667
1770112662894216960.000000 0.002433428 -0.000702201 -0.001682313 -0.027557433 0.096832670 -0.007543639 0.994890511
1770112662927550464.000000 0.002659768 -0.000991517 -0.002531471 -0.029396264 0.095711291 -0.006122774 0.994956195
1770112662960884992.000000 0.002690544 -0.000307526 -0.001430682 -0.030105971 0.095621996 -0.005572980 0.994946778
1770112662994216704.000000 0.003050736 -0.000360622 -0.001086798 -0.033558898 0.094414942 -0.003991959 0.994959176
1770112663027550208.000000 0.002849387 -0.000129286 -0.000139604 -0.034244690 0.095426068 -0.004084359 0.994838953
1770112663060884736.000000 0.003299990 -0.000205888 0.000470533 -0.035931818 0.094793171 -0.000553907 0.994848192
1770112663094217216.000000 0.002738515 0.000379134 -0.001670177 -0.034098096 0.094691232 0.002451308 0.994919538
1770112663127549696.000000 0.002773936 0.000294097 -0.001938900 -0.035610110 0.094501548 0.003814317 0.994880378
1770112663160886016.000000 0.002934990 0.000321630 -0.001698795 -0.036269575 0.094120309 0.005022146 0.994887292
1770112663194200832.000000 0.002891552 0.000459925 -0.001855822 -0.037092950 0.093646735 0.004815932 0.994902611
1770112663227534080.000000 0.002744371 0.000615278 -0.001667746 -0.037937742 0.093384653 0.005760957 0.994890392
1770112663260869376.000000 0.003158754 0.000642193 -0.001320248 -0.039461438 0.092397541 0.006575198 0.994918287
1770112663294200832.000000 0.002984696 0.000448326 -0.001231299 -0.041977733 0.092563219 0.008074620 0.994788766
1770112663327533312.000000 0.003251657 0.000598271 -0.000776807 -0.043213148 0.092068717 0.010167272 0.994762599
1770112663360868864.000000 0.003131458 0.001000172 -0.001076705 -0.042247411 0.091525227 0.011753834 0.994836748
1770112663394200320.000000 0.003089948 0.001043084 -0.000879273 -0.043985665 0.092017218 0.012141606 0.994711339
1770112663427533312.000000 0.003253639 0.000955909 -0.001103863 -0.045198675 0.091211170 0.013499419 0.994713724
1770112663460867072.000000 0.003506639 0.000880891 -0.000567632 -0.046200790 0.090607144 0.014847047 0.994703710
1770112663494202368.000000 0.003325062 0.000877858 -0.000701930 -0.047044870 0.089958496 0.015149729 0.994718432
1770112663527532288.000000 0.003663137 0.001268214 -0.000179527 -0.047395408 0.089572676 0.016688513 0.994712055
1770112663560867584.000000 0.003224289 0.001116204 -0.000550319 -0.048557710 0.089173242 0.017032564 0.994686007
1770112663594201344.000000 0.003389842 0.000952896 -0.000063060 -0.050687931 0.088646799 0.017559592 0.994617641
1770112663627533312.000000 0.003474533 0.001336998 -0.000368547 -0.050106082 0.087980568 0.016611997 0.994722545
1770112663660867840.000000 0.003198207 0.001078246 -0.000355882 -0.050827000 0.087876350 0.018078249 0.994669616
1770112663694200064.000000 0.003513939 0.000746561 0.000094013 -0.052051820 0.087790728 0.017729867 0.994620025
1770112663727532800.000000 0.003455611 0.001304189 0.000341755 -0.051932655 0.087606817 0.018217376 0.994633734
1770112663760869376.000000 0.003293397 0.001417867 0.000152124 -0.051891148 0.086742520 0.018074473 0.994714200
1770112663794200064.000000 0.003394542 0.001475329 0.000215253 -0.052201010 0.086111240 0.018880602 0.994737864
1770112663827532800.000000 0.003393376 0.001484802 0.000675235 -0.053338788 0.086036406 0.020350128 0.994655073
1770112663860867328.000000 0.003180450 0.001633919 0.000349443 -0.053476423 0.086438209 0.021381289 0.994591177
1770112663894200064.000000 0.003365559 0.001559697 0.001068382 -0.054651149 0.085428722 0.021638634 0.994608939
1770112663927533312.000000 0.003435720 0.001432362 0.000731914 -0.055241369 0.084394120 0.021147558 0.994675279
1770112663960867840.000000 0.003154792 0.001717927 0.000953320 -0.054983519 0.084161960 0.018979207 0.994753003
1770112663994199552.000000 0.003400348 0.001767961 0.001291696 -0.055409700 0.083365008 0.021238606 0.994750738
1770112664027533056.000000 0.003050686 0.001834749 0.001268686 -0.055633865 0.083889574 0.023175798 0.994650841
1770112664060867584.000000 0.002934726 0.002242971 0.001880251 -0.055662170 0.082842268 0.022693310 0.994748175
1770112664094200064.000000 0.002638923 0.002177474 0.001390001 -0.055366378 0.082186647 0.022649260 0.994820118
1770112664127532032.000000 0.002378315 0.002234188 0.001563731 -0.055761974 0.081998363 0.023041356 0.994804502
1770112664160867328.000000 0.002385953 0.002043815 0.001075645 -0.055935785 0.080583900 0.022688724 0.994918466
1770112664194200576.000000 0.002655000 0.002071199 0.001770006 -0.056100003 0.080495037 0.023562534 0.994896114
1770112664227533568.000000 0.001971341 0.002516253 0.002422043 -0.055308923 0.081484064 0.024086438 0.994847298
1770112664260868864.000000 0.002075731 0.002314458 0.001783863 -0.055206813 0.080359906 0.023807185 0.994951129
1770112664294200320.000000 0.002236389 0.002134423 0.002000285 -0.055508062 0.080159582 0.025953291 0.994896889
1770112664327532544.000000 0.001536767 0.001808146 0.001827677 -0.055678759 0.079859562 0.024599975 0.994945824
1770112664360866816.000000 0.002460719 0.001906514 0.001961711 -0.055832230 0.077112459 0.024624022 0.995153368
1770112664394199296.000000 0.001486901 0.001609512 0.001554679 -0.055698123 0.078297518 0.024183704 0.995079160
1770112664427532544.000000 0.001452632 0.002181956 0.001864740 -0.054393038 0.077081501 0.023780715 0.995255888
1770112664460866816.000000 0.001857945 0.001994116 0.001390826 -0.054417711 0.073890857 0.023035679 0.995514095
1770112664494199808.000000 0.001446168 0.001879674 0.001871688 -0.053336833 0.075286500 0.024061039 0.995443761
1770112664527533568.000000 0.001544817 0.002305667 0.001314186 -0.051172830 0.073207431 0.021499226 0.995770931
1770112664560866816.000000 0.001893694 0.002061873 0.001033662 -0.050906338 0.071693175 0.023931211 0.995839417
1770112664594200064.000000 0.001654254 0.001948708 0.001188781 -0.050542090 0.071449816 0.022735003 0.995903373
1770112664627532544.000000 0.001981593 0.001913713 0.001202001 -0.049508233 0.070098221 0.023614524 0.996030986
1770112664660866816.000000 0.001406385 0.001556546 -0.000334785 -0.049096741 0.067998379 0.024773000 0.996168733
1770112664694199552.000000 0.002150753 0.001594697 -0.000043572 -0.048678540 0.065226190 0.022434451 0.996429980
1770112664727532032.000000 0.002030476 0.001746765 -0.000375406 -0.047469035 0.065087512 0.022934467 0.996486008
1770112664760867072.000000 0.001489575 0.001559447 -0.000723292 -0.046692763 0.065225676 0.022569764 0.996521950
1770112664794200064.000000 0.001649283 0.001212553 -0.001753621 -0.045451436 0.062609188 0.021322330 0.996774673
1770112664827532544.000000 0.000366795 0.000268427 -0.003258500 -0.045426100 0.062572166 0.019856317 0.996808410
1770112664860868096.000000 0.000697865 0.000162895 -0.002456109 -0.047249693 0.060206652 0.017364729 0.996915758
1770112664894199040.000000 0.001179200 0.000637234 -0.003043080 -0.044065747 0.058653690 0.019848432 0.997107863
1770112664927532544.000000 0.001550836 0.000843183 -0.000844105 -0.044629265 0.059216041 0.019629184 0.997053862
1770112664960867328.000000 0.001690196 0.000866842 -0.001139955 -0.043031603 0.058155157 0.020121992 0.997176707
1770112664994200576.000000 0.001934437 0.000543064 -0.001372337 -0.041978814 0.057081606 0.019875662 0.997288585
1770112665027531776.000000 0.002012945 0.000856690 -0.000761621 -0.042058166 0.055026159 0.015720723 0.997474909
1770112665060867072.000000 0.001510065 0.000579797 -0.000646335 -0.040823832 0.055206299 0.016455499 0.997504413
1770112665094199296.000000 0.001430967 0.000252223 -0.000444110 -0.040146478 0.054136656 0.016491169 0.997589886
1770112665127532032.000000 0.000842303 0.000304841 -0.000415899 -0.039674565 0.054430962 0.012559859 0.997650027
1770112665160866816.000000 0.000827161 0.000151745 -0.000938355 -0.038012918 0.053008102 0.013298619 0.997781754
1770112665194200064.000000 0.001085305 0.000174723 -0.000481477 -0.036306441 0.051374618 0.010303808 0.997966170
1770112665227532800.000000 0.001220241 0.000268140 0.000144233 -0.034636274 0.050540604 0.009565361 0.998075426
1770112665260867072.000000 0.000898961 0.000781935 0.002489455 -0.032878630 0.049771708 0.006863094 0.998195708
1770112665294199552.000000 0.001222253 0.000892352 0.003334121 -0.032517802 0.047329199 0.006065386 0.998331547
1770112665327531776.000000 0.001325253 0.001493028 0.003793567 -0.028372969 0.045252662 0.005098587 0.998559594
1770112665360866560.000000 0.001176939 0.000620365 0.000311500 -0.025767574 0.041965008 0.006304685 0.998766840
1770112665394199296.000000 0.001189099 0.000870625 0.002390616 -0.025873734 0.041701231 0.005912381 0.998777568
1770112665427532032.000000 0.001548119 0.000976145 0.002834591 -0.023454189 0.040237810 0.003481378 0.998908758
1770112665460865536.000000 0.001312934 0.000885826 0.002865222 -0.022836499 0.039400470 0.001898438 0.998960733
1770112665494199296.000000 0.001328232 0.000420205 0.000012297 -0.018841833 0.036578469 0.001080900 0.999152601
1770112665527533056.000000 0.000908784 0.000713207 -0.000177089 -0.015133850 0.036048591 0.000789898 0.999235153
1770112665560867072.000000 0.000776242 0.000473947 -0.001081705 -0.012452774 0.035488840 0.000298539 0.999292493
1770112665594199552.000000 0.001008877 0.000701538 -0.001343052 -0.008732495 0.033760358 -0.000714236 0.999391615
1770112665627531776.000000 0.001053055 0.000240457 -0.001936275 -0.008398817 0.032403000 -0.000858507 0.999439240
1770112665660866560.000000 0.000798655 0.000321842 -0.002005743 -0.004484320 0.031660236 -0.001302163 0.999487877
1770112665694198784.000000 0.000904422 -0.000084975 -0.002200089 -0.001950189 0.029975325 -0.000297044 0.999548733
1770112665727531520.000000 0.000455137 0.000207462 -0.002835821 0.002577716 0.029200474 -0.001658341 0.999568939
1770112665760868096.000000 0.000261905 0.000113448 -0.003513777 0.004546732 0.028093539 -0.001235698 0.999594271
1770112665794199296.000000 0.000099183 0.000053004 -0.003104529 0.006993842 0.026495798 -0.003098345 0.999619722
1770112665827531264.000000 0.000073691 0.000369184 -0.003106826 0.011656433 0.025572516 -0.002421330 0.999602079
1770112665860866304.000000 0.000098347 -0.000352192 -0.002959174 0.011739764 0.023573065 -0.002836672 0.999649167
1770112665894198784.000000 -0.000543468 -0.000754777 -0.003169634 0.014457060 0.023305209 -0.003401198 0.999618113
1770112665927532288.000000 -0.001570860 -0.000265097 -0.003555690 0.018309414 0.023587925 -0.007128752 0.999528646
1770112665960866304.000000 -0.001575781 -0.000136146 -0.004274327 0.021482725 0.021264441 -0.007824312 0.999512494
1770112665994198784.000000 -0.001478085 -0.000277142 -0.003888164 0.024296226 0.020587001 -0.008863651 0.999453485
1770112666027531776.000000 -0.001479941 -0.000462708 -0.004346743 0.027363500 0.019492514 -0.008106335 0.999402642
1770112666060867840.000000 -0.001622570 -0.000689884 -0.004061906 0.029443311 0.018451054 -0.006438339 0.999375463
1770112666094199040.000000 -0.001324669 -0.000669563 -0.004036579 0.031711258 0.015153490 -0.006274677 0.999362528
1770112666127531264.000000 -0.001274651 -0.000702012 -0.004186252 0.034295507 0.012251533 -0.007628521 0.999307573
1770112666160865792.000000 -0.001463497 -0.000812873 -0.004292188 0.036488630 0.010067291 -0.008083949 0.999250710
1770112666194199296.000000 -0.001322073 -0.000786032 -0.004380095 0.039684713 0.007498959 -0.007786192 0.999153793
1770112666227532800.000000 -0.001219753 -0.000517696 -0.004199791 0.042624399 0.004484384 -0.008873370 0.999041736
1770112666260866304.000000 -0.001241992 -0.000380553 -0.003707493 0.045642618 0.000982396 -0.009546792 0.998911798
1770112666294198528.000000 -0.001234233 -0.000388532 -0.004100807 0.048326831 -0.001867988 -0.010008221 0.998779714
1770112666327531008.000000 -0.001599960 -0.000563810 -0.004849182 0.051379718 -0.004957046 -0.010971085 0.998606682
1770112666360865536.000000 -0.000958841 -0.000904830 -0.005324424 0.054727975 -0.010183562 -0.010355121 0.998395681
1770112666394198528.000000 -0.001030210 -0.001239085 -0.005450565 0.056006528 -0.013891467 -0.010984086 0.998273313
1770112666427531008.000000 -0.001112418 -0.001416215 -0.006132295 0.058796775 -0.017957462 -0.010669194 0.998051405
1770112666460865536.000000 -0.001266775 -0.001497687 -0.006225516 0.061763290 -0.021665839 -0.010572655 0.997799695
1770112666494199296.000000 -0.001395851 -0.001613315 -0.005983284 0.064383090 -0.024587033 -0.010601431 0.997566044
1770112666527531776.000000 -0.001344106 -0.001613057 -0.006489441 0.066835813 -0.029049182 -0.009631406 0.997294486
1770112666560867584.000000 -0.001773333 -0.002462729 -0.006787380 0.065891571 -0.031982291 -0.008805505 0.997275233
1770112666594199040.000000 -0.001961440 -0.002649006 -0.006812008 0.066330276 -0.034520786 -0.008247972 0.997166336
1770112666627531264.000000 -0.002278465 -0.002580617 -0.006658815 0.067991830 -0.036326684 -0.007558426 0.996995687
1770112666660867328.000000 -0.002357178 -0.002409730 -0.006519191 0.068711534 -0.038654063 -0.008430540 0.996851861
1770112666694198784.000000 -0.002324238 -0.002602020 -0.006444418 0.068401098 -0.040454213 -0.007692888 0.996807694
1770112666727531008.000000 -0.002522752 -0.003615611 -0.007926009 0.066795878 -0.040904455 -0.003865625 0.996920407
1770112666760867584.000000 -0.002852279 -0.003490170 -0.007324554 0.067041732 -0.040238939 -0.001586491 0.996937215
1770112666794198272.000000 -0.002815561 -0.003413487 -0.007088512 0.059695203 -0.040124577 0.001037687 0.997409344
1770112666827530496.000000 -0.002894252 -0.003300014 -0.006849753 0.052903075 -0.039698169 0.003852591 0.997802854
1770112666860867584.000000 -0.002808677 -0.002609189 -0.005946442 0.047364380 -0.038146418 0.002820942 0.998145103
1770112666894198272.000000 -0.002782720 -0.002574827 -0.005591689 0.040734887 -0.036537640 0.006312853 0.998481810
1770112666927531520.000000 -0.002459482 -0.002346926 -0.005169447 0.036816601 -0.037360907 0.004175114 0.998614728
1770112666960865280.000000 -0.002699663 -0.002739433 -0.004580830 0.031224551 -0.035608325 0.003848136 0.998870492
1770112666994197760.000000 -0.002631855 -0.002739567 -0.004928022 0.030460557 -0.038091972 0.003567370 0.998803496
1770112667027531264.000000 -0.002580318 -0.002555744 -0.004536879 0.028602328 -0.038181324 0.002427579 0.998858452
1770112667060865280.000000 -0.002662054 -0.002704759 -0.003787820 0.025572186 -0.036653433 0.002556474 0.998997509
1770112667094198272.000000 -0.002887379 -0.002286464 -0.004148258 0.023799218 -0.035811830 0.001494936 0.999074042
1770112667127530240.000000 -0.002764588 -0.002199233 -0.003603063 0.021644138 -0.034896333 0.000535883 0.999156415
1770112667160867328.000000 -0.002451187 -0.002285899 -0.003126672 0.019349083 -0.035710566 -0.000837016 0.999174535
1770112667194198784.000000 -0.003166133 -0.002134944 -0.003757361 0.018887807 -0.034872394 -0.001752650 0.999211729
1770112667227531776.000000 -0.003485453 -0.002028890 -0.004228308 0.017742833 -0.033250239 -0.000894042 0.999289155
1770112667260866048.000000 -0.003476763 -0.002720411 -0.005364574 0.017699307 -0.034583021 0.000585077 0.999244988
1770112667294198272.000000 -0.003673928 -0.002310344 -0.005926414 0.019243866 -0.034082457 -0.000037778 0.999233723
1770112667327530496.000000 -0.003574582 -0.002500727 -0.006585071 0.019602899 -0.035764363 0.000558824 0.999167800
1770112667360865792.000000 -0.003539552 -0.002095975 -0.006517978 0.021517998 -0.036091771 -0.000765733 0.999116540
1770112667394198016.000000 -0.003536267 -0.002000783 -0.006319006 0.021533411 -0.036429726 -0.001373398 0.999103308
1770112667427530496.000000 -0.003515356 -0.002175245 -0.006194334 0.022274515 -0.035876941 0.000652384 0.999107778
1770112667460864512.000000 -0.003681665 -0.001893615 -0.006512710 0.024883296 -0.035977446 -0.001437877 0.999041736
1770112667494197248.000000 -0.003385243 -0.002008402 -0.006377367 0.024258545 -0.036589023 0.000445556 0.999035835
1770112667527531008.000000 -0.003566885 -0.002790877 -0.008131182 0.028379673 -0.035820361 0.008573957 0.998918414
1770112667560865280.000000 -0.003313580 -0.002862550 -0.008339019 0.030860178 -0.035634406 0.011515365 0.998821974
1770112667594198784.000000 -0.003492245 -0.002830527 -0.009408988 0.034143146 -0.034147512 0.013743986 0.998738885
1770112667627530240.000000 -0.003766797 -0.004085264 -0.011226167 0.032924552 -0.033596516 0.015837874 0.998767495
1770112667660865280.000000 -0.004624012 -0.004641621 -0.013448390 0.035270501 -0.032017108 0.017584881 0.998710036
1770112667694198016.000000 -0.005835735 -0.005570204 -0.015479732 0.035224367 -0.031156350 0.016542032 0.998756707
1770112667727530240.000000 -0.005771256 -0.005589531 -0.014737382 0.037126858 -0.030114429 0.018479297 0.998685777
1770112667760865792.000000 -0.006338526 -0.005250936 -0.016958464 0.041174851 -0.031120468 0.018504335 0.998495758
1770112667794197760.000000 -0.006505589 -0.005063581 -0.017002041 0.043197624 -0.031475727 0.016090812 0.998440981
1770112667827530240.000000 -0.005771999 -0.005311484 -0.016779903 0.044114657 -0.032009535 0.017581480 0.998358786
1770112667860865024.000000 -0.006083706 -0.005474788 -0.016772114 0.046319727 -0.032115977 0.016988277 0.998265803
1770112667894197504.000000 -0.006013138 -0.005312161 -0.016687771 0.047193356 -0.033132855 0.014510366 0.998230696
1770112667927530752.000000 -0.005408345 -0.005153534 -0.017080264 0.050344434 -0.033622839 0.015261172 0.998049140
1770112667960864768.000000 -0.006065206 -0.005689470 -0.016455213 0.049768399 -0.032960527 0.014186445 0.998115957
1770112667994197248.000000 -0.005975130 -0.005043250 -0.016921202 0.051958438 -0.033084068 0.014758700 0.997991920
1770112668027530496.000000 -0.005535205 -0.005437498 -0.017177260 0.052182920 -0.033705119 0.012164211 0.997994483
1770112668060865280.000000 -0.006211972 -0.005509948 -0.016612435 0.052854460 -0.032429840 0.013565730 0.997983336
1770112668094197248.000000 -0.006234221 -0.005445598 -0.016964108 0.054127693 -0.032786150 0.013950725 0.997898161
1770112668127529984.000000 -0.006034320 -0.005116561 -0.016780350 0.057093751 -0.033528619 0.016175376 0.997674584
1770112668160864768.000000 -0.006319623 -0.005494927 -0.017036781 0.057244275 -0.031911790 0.017203469 0.997701764
1770112668194198272.000000 -0.006124806 -0.005278388 -0.017616967 0.057748150 -0.032511950 0.016487816 0.997665465
1770112668227531264.000000 -0.005929508 -0.005434658 -0.017138058 0.057674032 -0.032813828 0.017890807 0.997635663
1770112668260865792.000000 -0.006232681 -0.005515112 -0.016818818 0.058069464 -0.032116961 0.018874116 0.997617304
1770112668294197248.000000 -0.005701171 -0.005582820 -0.017376730 0.057181541 -0.032822873 0.018885797 0.997645438
1770112668327529728.000000 -0.005740562 -0.005311701 -0.017201554 0.058311705 -0.032677814 0.018695025 0.997588336
1770112668360865024.000000 -0.005970901 -0.005385845 -0.017237715 0.058002587 -0.031912331 0.018310240 0.997638226
1770112668394197504.000000 -0.005946221 -0.005320290 -0.016628899 0.060043100 -0.033189245 0.018487113 0.997472644
1770112668427530240.000000 -0.005687152 -0.005314602 -0.016838958 0.060312476 -0.033614300 0.019925514 0.997414410
1770112668460864768.000000 -0.005882141 -0.005442677 -0.016878586 0.060156148 -0.033200946 0.020404024 0.997428000
1770112668494197248.000000 -0.005958075 -0.005245935 -0.016962068 0.061817043 -0.032595128 0.020295739 0.997348666
1770112668527531264.000000 -0.005891465 -0.004771531 -0.017078107 0.062641181 -0.032713570 0.021278033 0.997272849
1770112668560866048.000000 -0.005936336 -0.005172922 -0.016980333 0.062650315 -0.033440005 0.021630665 0.997240663
1770112668594197760.000000 -0.006381522 -0.005453995 -0.016662844 0.062342908 -0.031047044 0.023096871 0.997304380
1770112668627529728.000000 -0.006337746 -0.005454444 -0.016712433 0.061976220 -0.032941882 0.021393260 0.997304499
1770112668660865280.000000 -0.006353098 -0.005511256 -0.016735349 0.061476439 -0.032985076 0.022492219 0.997309744
1770112668694197504.000000 -0.006127274 -0.005534955 -0.016614366 0.061437730 -0.034584079 0.021705789 0.997275412
1770112668727529728.000000 -0.006324342 -0.005562936 -0.016585518 0.061268438 -0.034136597 0.022412289 0.997285604
1770112668760865536.000000 -0.006339430 -0.005863790 -0.016585829 0.060895976 -0.034031335 0.023879828 0.997277975
1770112668794196736.000000 -0.006557844 -0.005945906 -0.016300395 0.060245689 -0.032023203 0.025086353 0.997354388
1770112668827529216.000000 -0.006660484 -0.005750965 -0.016491462 0.060693037 -0.032004364 0.024368854 0.997345626
1770112668860865024.000000 -0.006346113 -0.005537674 -0.016572988 0.061585881 -0.034150265 0.022055518 0.997273564
1770112668894196992.000000 -0.006613818 -0.005787009 -0.016439995 0.060350787 -0.032134511 0.024687471 0.997354329
1770112668927530240.000000 -0.006932481 -0.005991121 -0.016170086 0.059269309 -0.031488054 0.026455475 0.997394502
1770112668960863744.000000 -0.006979619 -0.006266236 -0.016319769 0.057948891 -0.031646732 0.024846267 0.997508466
1770112668994197248.000000 -0.006884408 -0.005982433 -0.016334267 0.058364533 -0.031600896 0.025484813 0.997469604
1770112669027529728.000000 -0.006739477 -0.006240524 -0.016366053 0.057647269 -0.032775052 0.026858833 0.997437358
1770112669060865792.000000 -0.006949728 -0.006336771 -0.016409488 0.056357868 -0.032101121 0.026707958 0.997536957
1770112669094196480.000000 -0.006919383 -0.006103796 -0.016446322 0.056092583 -0.032478280 0.027061274 0.997530222
1770112669127529216.000000 -0.007005561 -0.006124980 -0.016508140 0.055398799 -0.032091014 0.027414443 0.997571826
1770112669160864000.000000 -0.007084153 -0.006209089 -0.016441928 0.054697771 -0.032413993 0.029532630 0.997539699
1770112669194197760.000000 -0.007005939 -0.006312878 -0.016754068 0.054197676 -0.031926326 0.028312078 0.997618079
1770112669227530496.000000 -0.006983786 -0.006185450 -0.016645288 0.053872332 -0.033108916 0.029715551 0.997556329
1770112669260866048.000000 -0.006871093 -0.006255778 -0.016667776 0.052304965 -0.033308271 0.031033812 0.997592986
1770112669294196736.000000 -0.006827324 -0.006086752 -0.016867865 0.052236259 -0.033424418 0.031946290 0.997563899
1770112669327529472.000000 -0.006952704 -0.005684489 -0.016625378 0.052984901 -0.033019405 0.030035105 0.997597218
1770112669360863232.000000 -0.006699908 -0.005773254 -0.016984208 0.050839718 -0.033305850 0.028725797 0.997737885
1770112669394196480.000000 -0.006712043 -0.005398100 -0.017327210 0.053299028 -0.032767490 0.030919345 0.997561753
1770112669427529216.000000 -0.006406958 -0.005057141 -0.017385995 0.052277833 -0.033671990 0.031225998 0.997576177
1770112669460862720.000000 -0.006614636 -0.005373588 -0.017402440 0.051105358 -0.033134963 0.033084668 0.997595012
1770112669494196992.000000 -0.006501005 -0.004575134 -0.019525353 0.051803172 -0.032544732 0.035008900 0.997512758
1770112669527529984.000000 -0.006413226 -0.004425880 -0.019632448 0.051204037 -0.032817207 0.038424749 0.997408986
1770112669560864256.000000 -0.006359795 -0.004868679 -0.020342907 0.048983529 -0.033080649 0.039813325 0.997457385
1770112669594197248.000000 -0.006468353 -0.004083605 -0.019566914 0.049271539 -0.032632694 0.038748018 0.997499883
1770112669627529216.000000 -0.006041769 -0.004353622 -0.018841386 0.046481088 -0.034644444 0.037546027 0.997611940
1770112669660864000.000000 -0.005269481 -0.003239980 -0.017877592 0.046624221 -0.035456538 0.039317582 0.997508526
1770112669694196992.000000 -0.006019209 -0.002494106 -0.017014734 0.044742521 -0.035281952 0.034916863 0.997764528
1770112669727528960.000000 -0.007958847 -0.001857292 -0.018747292 0.045998178 -0.034120958 0.032526553 0.997828603
1770112669760864768.000000 -0.008291485 -0.002068636 -0.019037738 0.044261035 -0.033592954 0.032022174 0.997941494
1770112669794197504.000000 -0.008256402 -0.002047096 -0.018366469 0.042824354 -0.034133285 0.032424200 0.997972786
1770112669827528960.000000 -0.008670750 -0.001523820 -0.018700484 0.041981596 -0.033903014 0.033802237 0.997970760
1770112669860864768.000000 -0.008323065 -0.001450173 -0.018234672 0.041022949 -0.034926750 0.033260111 0.997993469
1770112669894195968.000000 -0.008329374 -0.001647861 -0.017383581 0.037695218 -0.035354506 0.031524099 0.998166025
1770112669927529472.000000 -0.008775432 -0.001086167 -0.019067517 0.039114181 -0.034529384 0.037451591 0.997935474
1770112669960863488.000000 -0.008831344 -0.000328657 -0.018009651 0.042216241 -0.032707863 0.040230475 0.997762263
1770112669994196224.000000 -0.007851598 -0.000067728 -0.017417051 0.040854324 -0.034462173 0.041969482 0.997688293
1770112670027528704.000000 -0.008462004 -0.000408929 -0.018775756 0.038647491 -0.035014041 0.038048171 0.997914255
1770112670060863232.000000 -0.008174014 -0.000865249 -0.020380918 0.034810133 -0.036531832 0.037514817 0.998021245
1770112670094195968.000000 -0.008440631 -0.000111135 -0.019868014 0.035743453 -0.035716027 0.036138158 0.998068511
1770112670127528704.000000 -0.008197500 -0.000196371 -0.016429584 0.030919176 -0.034633894 0.034215767 0.998335540
1770112670160863744.000000 -0.008371089 -0.000924962 -0.017336663 0.028957101 -0.034440409 0.035751194 0.998347282
1770112670194196992.000000 -0.008903574 -0.000010656 -0.017728481 0.027010923 -0.036067035 0.032198898 0.998465240
1770112670227531008.000000 -0.009050189 0.000006217 -0.017922411 0.026277710 -0.035535395 0.032688260 0.998488009
1770112670260866048.000000 -0.008949045 -0.000297024 -0.018307723 0.024658876 -0.036274645 0.031801924 0.998531342
1770112670294196480.000000 -0.008639056 -0.000603843 -0.018001011 0.021482117 -0.037430968 0.031277958 0.998578608
1770112670327528704.000000 -0.009269359 -0.000357737 -0.018606333 0.020514604 -0.035158362 0.032453682 0.998643994
1770112670360862720.000000 -0.009233924 -0.000400660 -0.018081766 0.018301377 -0.034608781 0.029257726 0.998804927
1770112670394195968.000000 -0.009154820 0.000007577 -0.017176613 0.015360032 -0.035305768 0.030095005 0.998805225
1770112670427529216.000000 -0.009123167 -0.000050254 -0.016938021 0.013337934 -0.035558514 0.028953090 0.998859107
1770112670460863232.000000 -0.009176432 0.000366393 -0.017117079 0.013694945 -0.035565458 0.030458415 0.998809218
1770112670494196224.000000 -0.009054661 -0.000117345 -0.016972994 0.010685826 -0.035895996 0.019838482 0.999101520
1770112670527529216.000000 -0.009211805 -0.000037827 -0.017629554 0.009037904 -0.035662051 0.006097650 0.999304473
1770112670560863488.000000 -0.008985087 -0.000446525 -0.018200213 0.006566082 -0.037400041 -0.004717227 0.999267697
1770112670594196224.000000 -0.009392233 -0.000541213 -0.018092576 0.004509390 -0.037136842 -0.016868163 0.999157727
1770112670627528448.000000 -0.009193179 -0.000558675 -0.018144278 0.003396351 -0.037604652 -0.027436627 0.998910189
1770112670660862976.000000 -0.009970857 -0.001298482 -0.017041942 0.000210412 -0.036615789 -0.038976666 0.998569071
1770112670694196224.000000 -0.009450843 -0.001501603 -0.017734151 -0.002996268 -0.039361838 -0.051043134 0.997915983
1770112670727528192.000000 -0.009193316 -0.001662372 -0.018273834 -0.005350128 -0.041174419 -0.063760266 0.997101188
1770112670760864000.000000 -0.009122167 -0.001772908 -0.018908404 -0.006930363 -0.041449953 -0.076083370 0.996215463
1770112670794195712.000000 -0.009475133 -0.000518955 -0.017698711 -0.010026272 -0.041001439 -0.093590908 0.994715631
1770112670827528448.000000 -0.009606693 -0.000448674 -0.017844733 -0.012077083 -0.040750325 -0.105849221 0.993473530
1770112670860863744.000000 -0.009481953 -0.000624739 -0.018028593 -0.013563696 -0.042487074 -0.115562290 0.992298543
1770112670894195456.000000 -0.009706285 0.000094286 -0.017161876 -0.015299669 -0.042721104 -0.128057286 0.990728140
1770112670927529216.000000 -0.009947483 0.000262675 -0.018162275 -0.016691534 -0.042945318 -0.139051005 0.989212871
1770112670960862976.000000 -0.010388539 0.000302997 -0.017947871 -0.018851077 -0.042599630 -0.151938096 0.987291634
1770112670994195456.000000 -0.010060430 0.000138586 -0.017622050 -0.021532360 -0.044643022 -0.162623316 0.985442638
1770112671027519232.000000 -0.010601901 -0.000108994 -0.018281685 -0.023320107 -0.044397507 -0.172128767 0.983797073
1770112671060851456.000000 -0.010350010 -0.001207920 -0.019046301 -0.024567438 -0.046164799 -0.171502277 0.983794868
1770112671094184704.000000 -0.010397613 -0.000349108 -0.018065209 -0.026687611 -0.046108939 -0.186293259 0.981048763
1770112671127516928.000000 -0.010211868 -0.000541612 -0.017389691 -0.029325312 -0.046539966 -0.195995733 0.979060650
1770112671160851968.000000 -0.010238552 -0.000381320 -0.017469371 -0.030173304 -0.046346676 -0.205229849 0.977150083
1770112671194185472.000000 -0.010364134 -0.000124817 -0.017949764 -0.031117013 -0.046015888 -0.212772757 0.975521445
1770112671227518976.000000 -0.010442351 -0.000003491 -0.017681126 -0.031928372 -0.046460334 -0.221005276 0.973641992
1770112671260854016.000000 -0.010342414 0.000179127 -0.017141143 -0.033875700 -0.047193147 -0.227848798 0.971962035
1770112671294184704.000000 -0.010443858 0.000024492 -0.017024040 -0.035960186 -0.048054896 -0.235394701 0.970044851
1770112671327517696.000000 -0.010308529 0.000537635 -0.016923284 -0.036008686 -0.048306342 -0.242928818 0.968171179
1770112671360852224.000000 -0.010424111 0.000162572 -0.017562497 -0.036735382 -0.048727371 -0.249021173 0.966573656
1770112671394184704.000000 -0.010643927 0.000278701 -0.018273504 -0.036885954 -0.048017036 -0.257072449 0.964493513
1770112671427517184.000000 -0.010638917 0.000391407 -0.018066859 -0.038033392 -0.048213594 -0.262889177 0.962869823
1770112671460850688.000000 -0.010746816 0.000043088 -0.017813362 -0.040339701 -0.048659295 -0.266733348 0.961695552
1770112671494184448.000000 -0.010287296 0.000385737 -0.017790999 -0.039971564 -0.048995763 -0.274641931 0.959465265
1770112671527517952.000000 -0.010438086 0.000668851 -0.017991439 -0.040823445 -0.048890766 -0.279031873 0.958167195
1770112671560851712.000000 -0.010544994 0.000609076 -0.017795306 -0.042174313 -0.048051853 -0.284845978 0.956438780
1770112671594184960.000000 -0.010606691 0.000701926 -0.017626664 -0.042953301 -0.048351463 -0.289434344 0.955010474
1770112671627516928.000000 -0.010535780 0.000541112 -0.017895898 -0.044178195 -0.048177671 -0.292855769 0.953919649
1770112671660850944.000000 -0.010394582 0.000753069 -0.017708242 -0.044063061 -0.048520803 -0.296651214 0.952734113
1770112671694184448.000000 -0.010448986 0.000360163 -0.017751837 -0.046130404 -0.048446033 -0.299927980 0.951613486
1770112671727517184.000000 -0.010374541 0.000420901 -0.018241568 -0.046097834 -0.048650481 -0.303588331 0.950443268
1770112671760853760.000000 -0.010369465 0.000140816 -0.018409949 -0.047353461 -0.048662774 -0.307561159 0.949102581
1770112671794184192.000000 -0.010164355 0.000263230 -0.017733572 -0.048824053 -0.049747106 -0.310011834 0.948174119
1770112671827516672.000000 -0.010351496 0.000809869 -0.017239783 -0.048424695 -0.048567250 -0.313273460 0.947183251
1770112671860852224.000000 -0.010050841 0.000561036 -0.016283968 -0.049908027 -0.048493698 -0.314767748 0.946614444
1770112671894183936.000000 -0.010408677 0.001307422 -0.016335076 -0.048125036 -0.046656687 -0.319338977 0.945267081
1770112671927517440.000000 -0.010241842 0.001390080 -0.016505221 -0.048087232 -0.046448637 -0.321268022 0.944625318
1770112671960851712.000000 -0.010244261 0.001336853 -0.016364841 -0.048468713 -0.046458337 -0.322965443 0.944026351
1770112671994183680.000000 -0.009882443 0.001346952 -0.015760347 -0.048690517 -0.046237461 -0.325558692 0.943134606
1770112672027516672.000000 -0.009943397 0.001775505 -0.015725538 -0.047598287 -0.045295380 -0.325727016 0.943177998
1770112672060851456.000000 -0.009926639 0.001538329 -0.015692648 -0.048153773 -0.045184705 -0.326910198 0.942745686
1770112672094183936.000000 -0.009926816 0.001511051 -0.015980432 -0.048548024 -0.044397347 -0.326820910 0.942793846
1770112672127516416.000000 -0.009884404 0.001732006 -0.015838694 -0.047814175 -0.043843366 -0.327304006 0.942689657
1770112672160851456.000000 -0.009658004 0.001647654 -0.016621238 -0.047945429 -0.043337263 -0.326002270 0.943157256
1770112672194184704.000000 -0.009569700 0.001739403 -0.016457088 -0.047370818 -0.042950112 -0.325700581 0.943308294
1770112672227519488.000000 -0.009557653 0.001540280 -0.016183261 -0.047825553 -0.042470355 -0.325195849 0.943481147
1770112672260852480.000000 -0.009419058 0.001573751 -0.016066540 -0.047180582 -0.041774057 -0.323390543 0.944165051
1770112672294184192.000000 -0.009459811 0.001661628 -0.015705125 -0.046750408 -0.040440001 -0.323027581 0.944368720
1770112672327516672.000000 -0.009305255 0.001509460 -0.015013042 -0.047086544 -0.039842661 -0.320944667 0.945087314
1770112672360850688.000000 -0.009087341 0.001619643 -0.016261060 -0.045941111 -0.038694225 -0.318237484 0.946106315
1770112672394183680.000000 -0.008705752 0.001778492 -0.014633914 -0.045920663 -0.038283292 -0.314559370 0.947353244
1770112672427516928.000000 -0.008379569 0.001823811 -0.014692909 -0.045265350 -0.037304685 -0.312362462 0.948150396
1770112672460850944.000000 -0.009203233 0.001686645 -0.015473424 -0.044542477 -0.034998581 -0.310700893 0.948818326
1770112672494183936.000000 -0.008947302 0.001596184 -0.015766088 -0.044094265 -0.033876862 -0.308413833 0.949625790
1770112672527517696.000000 -0.009035178 0.001058839 -0.017726794 -0.042813946 -0.031579837 -0.302928656 0.951527178
1770112672560852224.000000 -0.008563834 0.001098127 -0.017281745 -0.041725490 -0.031025982 -0.296902895 0.953491032
1770112672594184192.000000 -0.008954669 0.000945421 -0.018103395 -0.041494936 -0.028616175 -0.293421268 0.954653502
1770112672627516416.000000 -0.008832051 0.000557438 -0.018208237 -0.040923588 -0.026770897 -0.285121083 0.957243204
1770112672660852992.000000 -0.008217948 0.000849310 -0.016995337 -0.040547982 -0.026492173 -0.278217524 0.959296167
1770112672694183680.000000 -0.008098787 0.000835542 -0.016624993 -0.039114352 -0.023921955 -0.272128671 0.961167932
1770112672727515904.000000 -0.007932194 0.000519178 -0.015974654 -0.038645182 -0.023037860 -0.263158590 0.963702977
1770112672760851712.000000 -0.008078427 0.000541654 -0.015269361 -0.038736250 -0.020414429 -0.257075369 0.965398967
1770112672794183424.000000 -0.008030782 0.000617637 -0.014494883 -0.037718311 -0.018126789 -0.249147564 0.967561007
1770112672827515904.000000 -0.008134449 0.000626250 -0.015797963 -0.034954052 -0.014901119 -0.241260692 0.969716251
1770112672860850688.000000 -0.008356472 0.001033913 -0.015114011 -0.032118171 -0.012274583 -0.231759861 0.972165227
1770112672894183424.000000 -0.008535168 0.001614489 -0.015891939 -0.029150916 -0.010096431 -0.221589997 0.974651873
1770112672927516928.000000 -0.008112810 0.001192007 -0.014513986 -0.030023934 -0.008491595 -0.212838858 0.976589024
1770112672960850944.000000 -0.007700574 0.001779806 -0.013186019 -0.026933135 -0.006884174 -0.202838168 0.978817642
1770112672994183424.000000 -0.007480693 0.001483744 -0.013235673 -0.025654187 -0.005322677 -0.194996893 0.980453849
1770112673027516416.000000 -0.006991435 0.001427577 -0.011954709 -0.025060138 -0.004284734 -0.186956361 0.982039273
1770112673060851712.000000 -0.006449842 0.001374071 -0.012103437 -0.021462915 -0.003419873 -0.176171899 0.984119475
1770112673094183936.000000 -0.007211383 0.000767246 -0.013807867 -0.022046536 -0.001981970 -0.168422937 0.985466301
1770112673127515904.000000 -0.006401503 0.000295742 -0.013566617 -0.022774789 -0.002564109 -0.160931796 0.986699402
1770112673160850432.000000 -0.006525086 0.000570478 -0.012117922 -0.021236293 -0.000607229 -0.155968979 0.987533510
1770112673194184192.000000 -0.006387649 0.000611379 -0.012489709 -0.018894924 0.000318644 -0.150361985 0.988450408
1770112673227518464.000000 -0.006512774 0.001088146 -0.012096085 -0.015055354 0.001403000 -0.145025894 0.989312351
1770112673260852480.000000 -0.005553117 0.000290830 -0.011128984 -0.015519173 -0.000066657 -0.144086078 0.989443481
1770112673294183168.000000 -0.004656347 -0.000139168 -0.010486144 -0.012322159 0.001347319 -0.143089175 0.989632189
1770112673327515904.000000 -0.003583176 -0.000927722 -0.009094339 -0.011469377 0.001002629 -0.141064882 0.989933431
1770112673360850944.000000 -0.003782970 -0.001333975 -0.009359507 -0.010726432 0.003361857 -0.143386498 0.989602983
1770112673394183680.000000 -0.002693814 -0.001779019 -0.008720280 -0.010260847 0.002556765 -0.142400712 0.989752650
1770112673427515904.000000 -0.002742362 -0.001178577 -0.008206808 -0.006652941 0.004382472 -0.143470600 0.989622533
1770112673460849920.000000 -0.002652713 -0.001395058 -0.008063539 -0.004059562 0.007151363 -0.141733170 0.989870787
1770112673494183680.000000 -0.002953760 -0.000813286 -0.007359406 -0.000307232 0.010038160 -0.144236252 0.989492357
1770112673527516672.000000 -0.003222275 -0.001196286 -0.007798769 0.002663613 0.013547814 -0.142089948 0.989757478
1770112673560851456.000000 -0.003279805 -0.000904817 -0.007456968 0.005844297 0.016477311 -0.142536104 0.989635229
1770112673594183936.000000 -0.003734083 -0.000508181 -0.008033401 0.008914319 0.018920885 -0.143699393 0.989400327
1770112673627515648.000000 -0.003551935 -0.000223021 -0.007526115 0.014006421 0.022050072 -0.142552242 0.989442527
1770112673660849408.000000 -0.003121543 0.000630595 -0.004530827 0.017170798 0.024448907 -0.144540578 0.989047766
1770112673694182912.000000 -0.001781989 0.000333177 -0.002562414 0.020042209 0.025870377 -0.143773004 0.989069521
1770112673727515648.000000 -0.001862572 0.000400583 -0.002286292 0.023238728 0.029431537 -0.143497214 0.988940001
1770112673760851456.000000 -0.001407232 0.000491065 -0.001745459 0.026310412 0.032407667 -0.143754452 0.988732636
1770112673794183168.000000 -0.001005452 0.000346533 -0.001676571 0.028911239 0.035425253 -0.142959192 0.988671839
1770112673827515648.000000 -0.002357553 -0.000415686 -0.005216739 0.030340396 0.038526177 -0.141458690 0.988728881
1770112673860850688.000000 -0.002101153 0.000112476 -0.003851491 0.033569153 0.042993903 -0.140287668 0.988607109
1770112673894182656.000000 -0.001821398 -0.000101714 -0.003930270 0.035853311 0.046481729 -0.140543222 0.988332808
1770112673927516160.000000 -0.001911749 0.000026864 -0.004219079 0.038725611 0.050807673 -0.140250191 0.988053024
1770112673960849920.000000 -0.001863892 -0.000492287 -0.004169206 0.039213981 0.054521497 -0.140512422 0.987798512
1770112673994182656.000000 -0.001632599 -0.000428650 -0.003655795 0.041303065 0.058617420 -0.140115991 0.987535059
1770112674027516160.000000 -0.001714627 -0.000227797 -0.004436846 0.043586861 0.062725767 -0.140753329 0.987093866
1770112674060851712.000000 -0.001417915 -0.000228296 -0.003118515 0.043888275 0.066228069 -0.141665533 0.986721098
1770112674094183168.000000 -0.000982368 -0.000310496 -0.003155714 0.045138709 0.069333725 -0.142091811 0.986390054
1770112674127515136.000000 -0.001265077 -0.001214319 -0.004044075 0.045607656 0.073402658 -0.141771883 0.986120045
1770112674160849152.000000 -0.001355864 -0.001773597 -0.004358354 0.045538172 0.077053897 -0.141841501 0.985834718
1770112674194183424.000000 -0.001394837 -0.002202021 -0.004571508 0.045297842 0.080292746 -0.143697530 0.985318363
1770112674227515392.000000 -0.001342156 -0.002168947 -0.004688020 0.045248657 0.083541594 -0.144418806 0.984944999
1770112674260850176.000000 -0.001010608 -0.001698806 -0.004551493 0.047283396 0.085422248 -0.144516513 0.984673738
1770112674294182656.000000 -0.000994148 -0.001946546 -0.004314266 0.046230301 0.087997012 -0.145708248 0.984321296
1770112674327515392.000000 -0.001084778 -0.002250814 -0.004840700 0.046690740 0.090104714 -0.148292586 0.983722806
1770112674360849664.000000 -0.001081892 -0.002322792 -0.005701033 0.045144357 0.090217285 -0.149951622 0.983533144
1770112674394182656.000000 -0.000821839 -0.002481989 -0.005486211 0.037287038 0.089200296 -0.148343921 0.984198749
1770112674427515648.000000 -0.000282768 -0.002267278 -0.004247961 0.030024678 0.087494940 -0.146395579 0.984891653
1770112674460849152.000000 0.000120004 -0.002047460 -0.003827303 0.024122396 0.085639045 -0.142129585 0.985841453
1770112674494182912.000000 0.000092689 -0.002233925 -0.003843613 0.017348057 0.083100595 -0.136895880 0.986941159
1770112674527515648.000000 0.000074584 -0.002111759 -0.003299421 0.013556184 0.080704257 -0.131796017 0.987893224
1770112674560849664.000000 0.000423850 -0.002034345 -0.003074849 0.010575007 0.077648662 -0.125545353 0.988987982
1770112674594182656.000000 0.000679879 -0.002200388 -0.002431930 0.007097227 0.076048620 -0.119410314 0.989902735
1770112674627515136.000000 0.000382494 -0.002257168 -0.003084421 0.005135520 0.074400783 -0.114515565 0.990618229
1770112674660849664.000000 0.000706905 -0.001866455 -0.002652860 0.002620063 0.072464980 -0.110201463 0.991260648
1770112674694182912.000000 0.000802580 -0.002244944 -0.002287321 -0.000763200 0.070557013 -0.106234841 0.991834283
1770112674727515136.000000 0.000931489 -0.002018754 -0.002211805 -0.002255032 0.069504775 -0.102448627 0.992304564
1770112674760852992.000000 0.001036051 -0.001992976 -0.001543441 -0.004098123 0.068747655 -0.098034315 0.992797196
1770112674794182400.000000 0.001340197 -0.001860542 -0.001093540 -0.005736229 0.067260392 -0.094937608 0.993191838
1770112674827514624.000000 0.001209482 -0.001993156 -0.001593415 -0.006884266 0.066201217 -0.090743832 0.993647635
1770112674860849664.000000 0.001340302 -0.002010720 -0.001935904 -0.006745686 0.065153986 -0.086525828 0.994094014
1770112674894182144.000000 0.001276167 -0.002218983 -0.001769344 -0.008151762 0.064378455 -0.082956150 0.994438171
1770112674927515392.000000 0.001367525 -0.001675083 -0.000860230 -0.007426085 0.064319707 -0.079044804 0.994766235
1770112674960848640.000000 0.001292654 -0.001419781 -0.000708927 -0.005694969 0.064983845 -0.075038671 0.995044708
1770112674994182400.000000 0.001211399 -0.001406686 -0.000834558 -0.005243426 0.065056995 -0.072494298 0.995231032
1770112675027515136.000000 0.001320311 -0.001177494 -0.000242794 -0.004301360 0.065594822 -0.068558566 0.995479107
1770112675060848896.000000 0.001611882 -0.001458169 -0.000427748 -0.004276992 0.063666269 -0.066349931 0.995754063
1770112675094182400.000000 0.001437957 -0.001336471 0.000252327 -0.003005874 0.064930543 -0.062571846 0.995921612
1770112675127514624.000000 0.001376664 -0.001258360 0.000154767 -0.001261664 0.065227494 -0.060979962 0.996004701
1770112675160849152.000000 0.001534900 -0.001141656 0.000355314 0.000557905 0.065292306 -0.057642680 0.996199727
1770112675194182912.000000 0.001208876 -0.001027972 0.000137655 0.003003004 0.066295400 -0.055619627 0.996244133
1770112675227514880.000000 0.001219763 -0.000372400 0.000667086 0.005866294 0.066384971 -0.052950189 0.996370852
1770112675260849920.000000 0.000475455 -0.001507799 -0.002697809 0.008708524 0.068927430 -0.051889081 0.996233284
1770112675294182144.000000 0.000255380 -0.001494136 -0.002801192 0.011131467 0.069829173 -0.049860008 0.996249974
1770112675327514112.000000 0.001034383 -0.000135791 0.000280748 0.013005497 0.068443857 -0.049110919 0.996360660
1770112675360849664.000000 0.001048636 -0.000806698 -0.000365499 0.014516385 0.068180874 -0.046774801 0.996470213
1770112675394181376.000000 0.000335930 -0.001525204 -0.003195872 0.017703108 0.070580937 -0.047425993 0.996220708
1770112675427514880.000000 0.000904460 -0.002129949 -0.002998900 0.018716518 0.068974994 -0.048139419 0.996280491
1770112675460849408.000000 0.000607532 -0.002339597 -0.003705197 0.021409355 0.069704995 -0.046654500 0.996246099
1770112675494181888.000000 0.000699791 -0.002310979 -0.002687318 0.023700239 0.070271999 -0.047638252 0.996107876
1770112675527516160.000000 0.001176313 -0.002190025 -0.002786832 0.025616145 0.070513546 -0.046240814 0.996109188
1770112675560849408.000000 0.001184067 -0.002657938 -0.003167469 0.028029803 0.070582651 -0.045692652 0.996064544
1770112675594181888.000000 0.000984784 -0.002643771 -0.003315221 0.030305088 0.070664756 -0.046231966 0.995967269
1770112675627514624.000000 0.001121263 -0.003074874 -0.004294466 0.033115122 0.071370430 -0.047180429 0.995782971
1770112675660849664.000000 0.000766502 -0.003672660 -0.005371612 0.034942724 0.071701415 -0.046539918 0.995726943
1770112675694182144.000000 0.000976363 -0.004337513 -0.007775642 0.038048491 0.071683124 -0.043121886 0.995768249
1770112675727514368.000000 0.000471118 -0.004275024 -0.008630008 0.040697642 0.072616033 -0.043277953 0.995589137
1770112675760849408.000000 0.000525060 -0.004404879 -0.008728470 0.042138878 0.072751477 -0.043912604 0.995491445
1770112675794182400.000000 0.000532605 -0.005246219 -0.009328505 0.041170347 0.073163390 -0.045536578 0.995428860
1770112675827513856.000000 0.000653879 -0.005158016 -0.010031405 0.043972835 0.072781526 -0.044905115 0.995365679
1770112675860849664.000000 0.000536686 -0.003927687 -0.007390928 0.045492694 0.075307786 -0.041976240 0.995237231
1770112675894181376.000000 0.000573215 -0.003498961 -0.006737557 0.047490794 0.075060219 -0.042135082 0.995155931
1770112675927515136.000000 0.000550497 -0.003802356 -0.007181594 0.048229665 0.075811848 -0.042443257 0.995050311
1770112675960848896.000000 0.000871513 -0.004111504 -0.007683869 0.048929330 0.074853823 -0.043053985 0.995062411
1770112675994181376.000000 0.000655140 -0.003906783 -0.008408234 0.050665356 0.076189943 -0.042201381 0.994910657
1770112676027514368.000000 0.000716217 -0.003717982 -0.007527377 0.050956380 0.076857649 -0.042579826 0.994828343
1770112676060849920.000000 0.000992493 -0.003995374 -0.007436066 0.050928380 0.077121660 -0.041312627 0.994862735
1770112676094181888.000000 0.000815857 -0.003969891 -0.008256382 0.052231394 0.077220127 -0.041970540 0.994760036
1770112676127513856.000000 0.000754846 -0.003545479 -0.007649109 0.053651225 0.078065261 -0.041827146 0.994624496
1770112676160848384.000000 0.000923245 -0.003536729 -0.008091290 0.054041825 0.078030132 -0.040215261 0.994672596
1770112676194182144.000000 0.000244023 -0.003593669 -0.007036531 0.053855192 0.077946894 -0.041655164 0.994629979
1770112676227514112.000000 0.000365693 -0.003845185 -0.006965673 0.053422794 0.078191884 -0.039762076 0.994711578
1770112676260850688.000000 0.000837814 -0.003388620 -0.006656620 0.052956499 0.078005701 -0.040754993 0.994710922
1770112676294181632.000000 0.000803084 -0.003266021 -0.006348714 0.053451788 0.079047628 -0.041656252 0.994564772
1770112676327514368.000000 0.000673273 -0.003231459 -0.006709763 0.054601360 0.079748593 -0.040582247 0.994490862
1770112676360849408.000000 0.000697742 -0.003371381 -0.006917778 0.054324925 0.080193713 -0.040432900 0.994476199
1770112676394181632.000000 0.000720240 -0.003517265 -0.006582933 0.053617444 0.081190363 -0.040216312 0.994442582
1770112676427514624.000000 0.000493781 -0.003247013 -0.006677004 0.054231357 0.081962943 -0.040600292 0.994330287
1770112676460847872.000000 0.000434482 -0.003218460 -0.006846227 0.054502226 0.082631953 -0.039831638 0.994291186
1770112676494181120.000000 0.000894159 -0.003138991 -0.006394478 0.054600995 0.082251780 -0.039790619 0.994318902
1770112676527514624.000000 0.000821797 -0.003245739 -0.006697300 0.053966191 0.082175612 -0.039507575 0.994371176
1770112676560851200.000000 0.000780094 -0.003270132 -0.006862796 0.053201467 0.083189204 -0.040294584 0.994296551
1770112676594181888.000000 0.000907697 -0.003190463 -0.006645341 0.053788710 0.083542302 -0.039553910 0.994265020
1770112676627513856.000000 0.000818925 -0.003185025 -0.006674138 0.053584471 0.083933607 -0.038847499 0.994270980
1770112676660849152.000000 0.000862612 -0.003144138 -0.006944712 0.053172875 0.084409684 -0.038596272 0.994262516
1770112676694180608.000000 0.000785084 -0.003099375 -0.006768085 0.052623715 0.084852979 -0.038439713 0.994260073
1770112676727513856.000000 0.000847834 -0.003238363 -0.006971601 0.052002326 0.085430242 -0.037274811 0.994287729
1770112676760851712.000000 0.000822944 -0.003230008 -0.006811643 0.051057771 0.085507937 -0.039707616 0.994235814
1770112676794180608.000000 0.000895672 -0.003167461 -0.006920677 0.051032338 0.086274408 -0.037097707 0.994271696
1770112676827513856.000000 0.001154018 -0.002996778 -0.005775820 0.048571978 0.086809061 -0.038277891 0.994303703
1770112676860849408.000000 0.001278744 -0.002683946 -0.005787187 0.048059344 0.087059051 -0.039658248 0.994252622
1770112676894182400.000000 0.001132324 -0.003093107 -0.006047890 0.046343125 0.087677054 -0.038682844 0.994318247
1770112676927514368.000000 0.001180612 -0.002739338 -0.005761502 0.045985382 0.088110812 -0.038945541 0.994286239
1770112676960848640.000000 0.001113545 -0.002720345 -0.005920406 0.044631705 0.088209979 -0.040746305 0.994266927
1770112676994180608.000000 0.001205247 -0.002705881 -0.005752397 0.043464527 0.088252097 -0.040026750 0.994344175
1770112677027513856.000000 0.001183913 -0.003151103 -0.005981136 0.041446622 0.087974638 -0.040216815 0.994447231
1770112677060850176.000000 0.001086549 -0.002881676 -0.006200416 0.041120589 0.088551156 -0.040956024 0.994379401
1770112677094180864.000000 0.001111553 -0.002708073 -0.005842491 0.040367197 0.089265652 -0.039726507 0.994396269
1770112677127513600.000000 0.001089054 -0.002647253 -0.006566111 0.038887750 0.089244746 -0.040705346 0.994417548
1770112677160847872.000000 0.001997090 -0.002779007 -0.005397475 0.037077323 0.088346556 -0.038806111 0.994642794
1770112677194181376.000000 0.001998357 -0.002570011 -0.005736702 0.036691479 0.088291079 -0.037161425 0.994724810
1770112677227513600.000000 0.002188963 -0.002716886 -0.005527599 0.034831364 0.088821322 -0.036873616 0.994755268
1770112677260848640.000000 0.001980241 -0.002989582 -0.006088809 0.032673303 0.089558326 -0.035739861 0.994803727
1770112677294180864.000000 0.001808963 -0.002600892 -0.005599636 0.031956665 0.089716613 -0.038092352 0.994725406
1770112677327513088.000000 0.001747357 -0.002537695 -0.005526444 0.030225987 0.091910809 -0.033465933 0.994745612
1770112677360848128.000000 0.001881006 -0.002424096 -0.005882377 0.029475560 0.091099419 -0.035509571 0.994771898
1770112677394180608.000000 0.001471441 -0.002598703 -0.005424269 0.026689194 0.092609629 -0.033971868 0.994764805
1770112677427513856.000000 0.001421254 -0.002733667 -0.005272991 0.025718309 0.093270734 -0.033204339 0.994754553
1770112677460848128.000000 0.001083157 -0.002668294 -0.005135918 0.023912940 0.094002374 -0.033018596 0.994736910
1770112677494180864.000000 0.001287117 -0.002608089 -0.004700458 0.022041146 0.094707824 -0.031015906 0.994777739
1770112677527514112.000000 0.001132219 -0.002229073 -0.005670198 0.022135928 0.094770059 -0.027943742 0.994860709
1770112677560848896.000000 0.001190210 -0.002488643 -0.005871064 0.020320328 0.094733909 -0.026629310 0.994938910
1770112677594181376.000000 0.001501564 -0.002150362 -0.005352849 0.018201910 0.094858751 -0.025500091 0.994997680
1770112677627513344.000000 0.001481204 -0.002613470 -0.006018430 0.016094323 0.094379276 -0.024520777 0.995104194
1770112677660847872.000000 0.001341042 -0.002400617 -0.006281217 0.014927359 0.094922602 -0.023716206 0.995090187
1770112677694180608.000000 0.001905096 -0.001939827 -0.004825266 0.012869804 0.095082775 -0.022488341 0.995132148
1770112677727513088.000000 0.001855434 -0.001962587 -0.004542727 0.010695471 0.095985681 -0.022679878 0.995066881
1770112677760849152.000000 0.001694010 -0.001596133 -0.005105271 0.010797602 0.095519871 -0.025082659 0.995052934
1770112677794180352.000000 0.001746197 -0.001323383 -0.004476159 0.009753831 0.095342249 -0.026546972 0.995042741
1770112677827512832.000000 0.001893962 -0.001345896 -0.004705444 0.008137354 0.095736481 -0.023579663 0.995094121
1770112677860848384.000000 0.002040287 -0.001236358 -0.005196628 0.006718876 0.095510520 -0.021946553 0.995163798
1770112677894180096.000000 0.001958211 -0.001315471 -0.005641237 0.005542974 0.095560148 -0.021457931 0.995176971
1770112677927513856.000000 0.002066663 -0.001217152 -0.005347823 0.004068843 0.095689848 -0.020940877 0.995182633
1770112677960848640.000000 0.001858495 -0.001326482 -0.006089963 0.002207243 0.095914707 -0.021249300 0.995160282
1770112677994180096.000000 0.001951753 -0.001138081 -0.005899590 0.002025133 0.095608093 -0.019795286 0.995220184
1770112678027513856.000000 0.001592837 -0.001626755 -0.006571831 -0.000722845 0.096175507 -0.017808601 0.995204866
1770112678060847872.000000 0.001700284 -0.000704258 -0.005129719 -0.003098218 0.096354559 -0.018405151 0.995172143
1770112678094180352.000000 0.002233093 -0.000161617 -0.003796546 -0.004531760 0.096372776 -0.016722657 0.995194554
1770112678127512832.000000 0.002253867 -0.000277157 -0.003657760 -0.006940599 0.096819952 -0.015127406 0.995162785
1770112678160848128.000000 0.002350852 -0.000451749 -0.003896001 -0.008983365 0.096836686 -0.014068378 0.995160341
1770112678194180608.000000 0.002491023 -0.000095110 -0.002568617 -0.010806038 0.096996017 -0.013835168 0.995130002
1770112678227512832.000000 0.002288967 -0.000106831 -0.003087414 -0.012461585 0.097287223 -0.013687364 0.995084226
1770112678260848640.000000 0.002205946 -0.000702260 -0.002982348 -0.015099529 0.096906610 -0.011721649 0.995109975
1770112678294179584.000000 0.002413963 -0.000614332 -0.002465131 -0.017168963 0.096872024 -0.012173816 0.995074332
1770112678327512576.000000 0.002336387 -0.000599402 -0.002387913 -0.018549046 0.096531674 -0.010593865 0.995100677
1770112678360847360.000000 0.002388983 -0.000866945 -0.002190868 -0.021381535 0.096417688 -0.011833845 0.995040894
1770112678394180352.000000 0.002196488 -0.000586508 -0.001718722 -0.023213957 0.097057261 -0.009031554 0.994967103
1770112678427513088.000000 0.002197314 -0.000807382 -0.001612637 -0.024441062 0.097384743 -0.008025857 0.994914293
1770112678460846592.000000 0.002303522 -0.000403227 -0.001243728 -0.026448144 0.097123131 -0.009530160 0.994875252
1770112678494179840.000000 0.002939950 -0.000036391 -0.000621354 -0.027849939 0.095883794 -0.008070321 0.994970202
1770112678527514880.000000 0.002585346 -0.000461366 -0.001942143 -0.028803514 0.095615171 -0.005693041 0.994985342
1770112678560848128.000000 0.002199018 -0.000230392 -0.002635708 -0.029668953 0.096120819 -0.002855380 0.994923353
1770112678594180864.000000 0.002235433 -0.000079792 -0.002882013 -0.030328309 0.095352866 -0.001327080 0.994980574
1770112678627512576.000000 0.002477376 0.000058041 -0.002469695 -0.031793170 0.095541835 0.001590663 0.994916320
1770112678660848384.000000 0.002733148 -0.000204878 -0.002151389 -0.033613246 0.095032446 0.001552571 0.994905353
1770112678694179840.000000 0.002830389 -0.000213463 -0.002503959 -0.034892745 0.094515450 0.002271537 0.994909167
1770112678727512576.000000 0.002578045 0.000477557 -0.002004203 -0.034771882 0.095061429 0.004650158 0.994853079
1770112678760849408.000000 0.002807811 -0.000100657 -0.002240912 -0.037455589 0.094311140 0.004453856 0.994828045
1770112678794179328.000000 0.003393660 0.000413629 -0.001450509 -0.038259160 0.093442068 0.005423099 0.994874597
1770112678827491328.000000 0.003008248 0.000303735 -0.001602025 -0.038664136 0.093438499 0.007104948 0.994848728
1770112678860826368.000000 0.003154430 0.000278974 -0.001203110 -0.040482402 0.093087710 0.007377952 0.994807243
1770112678894158848.000000 0.003268255 0.000599782 -0.001023446 -0.042066187 0.092430517 0.008312087 0.994795442
1770112678927492352.000000 0.003248929 0.000464583 -0.001081690 -0.042807166 0.092534095 0.010120156 0.994737506
1770112678960826112.000000 0.002932522 0.001029640 -0.000795929 -0.043468233 0.092208199 0.010709529 0.994732857
1770112678994158848.000000 0.002996030 0.000793636 -0.000883860 -0.044997633 0.091860272 0.011537919 0.994687796
1770112679027491840.000000 0.002928160 0.001083894 -0.000808086 -0.044745244 0.091924921 0.011602719 0.994692445
1770112679060826880.000000 0.002820376 0.001350862 -0.000718641 -0.045303762 0.091421105 0.012515437 0.994702578
1770112679094158592.000000 0.002928130 0.001381438 -0.000290076 -0.046469055 0.090900101 0.013540835 0.994683146
1770112679127491584.000000 0.003052231 0.001046282 -0.000578392 -0.047929965 0.090141505 0.015170054 0.994659364
1770112679160825856.000000 0.003070469 0.001382765 -0.000392545 -0.047750242 0.089621224 0.016284145 0.994697392
1770112679194159360.000000 0.003469442 0.001488791 -0.000112051 -0.048356563 0.089397229 0.016239682 0.994688928
1770112679227491328.000000 0.003189627 0.001375898 -0.000459499 -0.049092054 0.088633366 0.015081034 0.994739532
1770112679260827904.000000 0.002826759 0.001622079 -0.000293231 -0.049477037 0.089099757 0.012559107 0.994713843
1770112679294158848.000000 0.002921483 0.001667746 -0.000008298 -0.049493089 0.088521466 0.013206555 0.994756281
1770112679327491072.000000 0.002734211 0.002213815 0.000648109 -0.050044823 0.088476837 0.012760578 0.994738460
1770112679360826880.000000 0.002978950 0.001312103 0.000544646 -0.052274078 0.086757578 0.016678225 0.994717300
1770112679394158592.000000 0.003332215 0.001230485 0.000697665 -0.052727330 0.085525967 0.017773977 0.994781017
1770112679427491584.000000 0.003526583 0.001521513 0.000417299 -0.052557837 0.084134325 0.016655600 0.994928002
1770112679460825856.000000 0.002916837 0.001751664 0.000121525 -0.051660974 0.084395707 0.017204534 0.994943559
1770112679494158336.000000 0.003283403 0.001735286 0.000326883 -0.052766051 0.083382301 0.018581014 0.994946182
1770112679527492096.000000 0.003405649 0.001171745 0.000621307 -0.054892149 0.082744822 0.019789895 0.994861126
1770112679560825088.000000 0.003216934 0.001487653 0.001040825 -0.054798558 0.082603872 0.019476037 0.994884193
1770112679594158848.000000 0.003253987 0.001973224 0.001841822 -0.054617438 0.082335107 0.021630393 0.994871855
1770112679627491072.000000 0.003282952 0.001363560 0.001605718 -0.055682123 0.081515379 0.021921558 0.994873941
1770112679660826368.000000 0.002597481 0.001455369 0.000621095 -0.055744905 0.080824070 0.018942909 0.994988084
1770112679694158336.000000 0.002234863 0.001569971 0.000741452 -0.055841543 0.080547489 0.019019797 0.995003581
1770112679727490816.000000 0.001980486 0.001897967 0.001610903 -0.056163717 0.080673464 0.022321288 0.994906604
1770112679760828416.000000 0.001988938 0.001986773 0.002033090 -0.056301322 0.079778761 0.022437366 0.994968414
1770112679794159872.000000 0.001932702 0.001852312 0.002004934 -0.056796659 0.080031499 0.022659911 0.994914889
1770112679827491328.000000 0.001769878 0.001703049 0.002147569 -0.057632271 0.079926096 0.024602834 0.994829178
1770112679860829184.000000 0.001578754 0.001884794 0.002049454 -0.056889772 0.079252832 0.023852378 0.994944036
1770112679894158336.000000 0.001808638 0.001966381 0.002063934 -0.055998072 0.078071065 0.023122814 0.995105267
1770112679927491584.000000 0.001971672 0.001594211 0.001717281 -0.056321595 0.076540358 0.023305679 0.995201707
1770112679960825600.000000 0.001759201 0.001493975 0.001492666 -0.056273267 0.077077657 0.022897419 0.995172441
1770112679994158080.000000 0.001719646 0.001445040 0.001651131 -0.055722181 0.076788582 0.023413783 0.995213747
1770112680027491840.000000 0.002185283 0.001589345 0.001662305 -0.055796135 0.074688956 0.022715118 0.995385587
1770112680060825344.000000 0.001699656 0.001463957 0.001665072 -0.055617329 0.075118773 0.023228800 0.995351374
1770112680094157824.000000 0.001619316 0.001194267 0.002002772 -0.055186797 0.075845145 0.026596483 0.995235920
1770112680127490816.000000 0.001576121 0.000975119 0.001667609 -0.054928988 0.074130252 0.026585076 0.995379746
1770112680160825856.000000 0.001598637 0.001217532 0.002092267 -0.054444354 0.073533237 0.025589932 0.995476723
1770112680194158592.000000 0.001343711 0.001279444 0.001314991 -0.053521186 0.072091401 0.025163673 0.995643079
1770112680227490304.000000 0.002318571 0.001653975 0.002819603 -0.051745292 0.068039931 0.026719073 0.995981514
1770112680260827392.000000 0.001570794 0.001497081 0.001901357 -0.050913095 0.068312734 0.021299282 0.996136367
1770112680294158080.000000 0.001425310 0.001082618 0.001468267 -0.051749159 0.066348784 0.016979722 0.996308982
1770112680327490560.000000 0.001628425 0.001440619 0.001331270 -0.050240405 0.063372299 0.011150767 0.996662259
1770112680360825088.000000 0.001068149 0.000781634 -0.000439351 -0.050425027 0.061892230 0.012505216 0.996729791
1770112680394157824.000000 0.001438901 0.000675148 -0.000409791 -0.049029350 0.060878709 0.014955832 0.996828139
1770112680427490816.000000 0.001171913 0.000708047 -0.001031145 -0.047808666 0.060050439 0.013516549 0.996958196
1770112680460825600.000000 0.001305650 0.000676630 -0.001168159 -0.046745881 0.057643890 0.010994165 0.997181654
1770112680494159104.000000 0.001385603 0.000785800 -0.001533602 -0.044414502 0.055476092 0.011322875 0.997407436
1770112680527491072.000000 0.001841673 0.000948691 -0.000716665 -0.044632863 0.055828124 0.014487191 0.997337162
1770112680560826624.000000 0.001510434 0.001186678 -0.000696378 -0.042431731 0.056641143 0.012095577 0.997419238
1770112680594158336.000000 0.000569337 0.000332001 -0.001228281 -0.041753676 0.055897914 0.010483601 0.997507989
1770112680627490816.000000 0.000879529 0.000672050 -0.000602070 -0.043339234 0.055356443 0.008524518 0.997489274
1770112680660824576.000000 0.001335487 0.001000597 0.001628012 -0.042621545 0.053097300 0.004847444 0.997667611
1770112680694157568.000000 0.000440639 -0.000052457 -0.000289479 -0.042098809 0.052978523 0.004800978 0.997696340
1770112680727490560.000000 0.000406029 -0.000339775 -0.003647309 -0.039111774 0.050776292 0.004279064 0.997934699
1770112680760827904.000000 0.000715772 0.000473753 -0.000767565 -0.037082467 0.050181203 0.003236933 0.998046219
1770112680794158336.000000 0.000591967 0.000391480 -0.000897017 -0.035855137 0.049881548 0.003783138 0.998104155
1770112680827490816.000000 0.000421404 0.000193047 -0.000938579 -0.034324925 0.049873214 0.004857385 0.998153746
1770112680860827648.000000 0.000537105 0.000195578 -0.000837419 -0.033342846 0.047918331 0.002560683 0.998291373
1770112680894157568.000000 0.000571560 0.000436868 -0.000677561 -0.031841218 0.046471346 0.001791966 0.998410463
1770112680927491072.000000 0.000679624 0.000120175 -0.000879270 -0.029676661 0.044104308 0.000665151 0.998585820
1770112680960825088.000000 0.000788945 0.000426693 -0.000675817 -0.028011927 0.043374091 0.000057967 0.998666108
1770112680994157312.000000 0.000824314 0.000410739 -0.001454048 -0.025923971 0.040867712 0.000182141 0.998828173
1770112681027490304.000000 0.000748097 -0.000208633 -0.002665266 -0.024513802 0.039455488 0.001587678 0.998919368
1770112681060824064.000000 0.000911662 -0.000167194 -0.002786214 -0.021772008 0.037828073 0.002463106 0.999044001
1770112681094157568.000000 0.001093035 0.000222379 -0.000887814 -0.019569447 0.037025362 0.001213831 0.999121964
1770112681127489536.000000 0.000992902 0.000357687 -0.000539727 -0.016705800 0.036935892 0.000071665 0.999178052
1770112681160824064.000000 0.001070335 0.000798624 -0.000573548 -0.013274129 0.034958757 -0.001180237 0.999299943
1770112681194157568.000000 0.000998666 0.000358081 -0.001289293 -0.009854414 0.033623621 -0.001273979 0.999385238
1770112681227490304.000000 0.000591686 0.000477512 -0.001308311 -0.007443622 0.032455254 -0.001435185 0.999444485
1770112681260827136.000000 0.000918497 0.000160100 -0.002438911 -0.004312163 0.029775398 -0.001980630 0.999545395
1770112681294158592.000000 0.000180368 0.000165740 -0.001966809 -0.001635797 0.030499307 -0.004808251 0.999521911
1770112681327489792.000000 -0.000164264 -0.000004853 -0.001859668 0.000314810 0.029838787 -0.005470356 0.999539673
1770112681360824576.000000 -0.000006170 0.000001234 -0.002335100 0.003484746 0.027813321 -0.005001708 0.999594569
1770112681394157056.000000 -0.000154206 0.000123927 -0.002040453 0.006187204 0.026835732 -0.004929864 0.999608576
1770112681427490304.000000 -0.000155257 -0.000054466 -0.002040066 0.008121095 0.025113644 -0.005420598 0.999636948
1770112681460825344.000000 -0.000223522 0.000040895 -0.001973561 0.010577243 0.024445334 -0.005655296 0.999629200
1770112681494157312.000000 -0.000416219 0.000043479 -0.002891235 0.013894595 0.022333706 -0.007475431 0.999626100
1770112681527491328.000000 -0.000541813 0.000005792 -0.003373157 0.016857857 0.020854373 -0.007019901 0.999615788
1770112681560825344.000000 -0.001313426 0.000209272 -0.003494218 0.021299871 0.021528548 -0.004298373 0.999532044
1770112681594157568.000000 -0.001113349 -0.000124857 -0.004047886 0.024051327 0.020209469 -0.005559441 0.999490976
1770112681627490048.000000 -0.001344058 -0.000102957 -0.004557345 0.027809618 0.018810680 -0.006443314 0.999415457
1770112681660826112.000000 -0.001244502 -0.000151693 -0.004668052 0.030708253 0.016545929 -0.006274201 0.999371767
1770112681694157056.000000 -0.001194594 0.000137525 -0.004493625 0.033940915 0.014519998 -0.006777129 0.999295413
1770112681727489536.000000 -0.001062208 -0.000122927 -0.003910700 0.035848390 0.011843654 -0.006658174 0.999264956
1770112681760827904.000000 -0.001268207 -0.000202361 -0.004495163 0.038688079 0.009815855 -0.006555493 0.999181628
1770112681794157568.000000 -0.001260455 -0.000111382 -0.004055393 0.040867485 0.006599836 -0.007230033 0.999116659
1770112681827489536.000000 -0.001144629 -0.000446727 -0.004704126 0.043291539 0.003198762 -0.007286178 0.999030769
1770112681860825088.000000 -0.001200830 -0.000191796 -0.005157391 0.046883319 0.000280231 -0.008433688 0.998864770
1770112681894157056.000000 -0.000794369 -0.000676944 -0.005384876 0.049788494 -0.004062349 -0.008251659 0.998717427
1770112681927490304.000000 -0.000969888 -0.000775244 -0.005557112 0.052783597 -0.007054653 -0.009791761 0.998533130
1770112681960824576.000000 -0.001187556 -0.000833588 -0.005909272 0.055431478 -0.010602260 -0.011046188 0.998345077
1770112681994157056.000000 -0.001146316 -0.000885749 -0.005412193 0.057375345 -0.014664024 -0.012120486 0.998171389
1770112682027489792.000000 -0.001260005 -0.001224344 -0.006204861 0.059823107 -0.018855641 -0.012238674 0.997955859
1770112682060825088.000000 -0.001403942 -0.001413117 -0.006151645 0.062583670 -0.022473216 -0.012047340 0.997713983
1770112682094157056.000000 -0.001361735 -0.001271049 -0.005974712 0.064359255 -0.025583008 -0.012194818 0.997524321
1770112682127489280.000000 -0.001508415 -0.001718258 -0.006094745 0.065323234 -0.029500226 -0.011422572 0.997362614
1770112682160824576.000000 -0.001502531 -0.001692294 -0.005910595 0.067524500 -0.032738347 -0.011362174 0.997115612
1770112682194157568.000000 -0.001355531 -0.001735446 -0.005576561 0.067833006 -0.035682127 -0.010177849 0.997006536
1770112682227489536.000000 -0.001814142 -0.002032696 -0.005412932 0.067775197 -0.037640076 -0.009356911 0.996946454
1770112682260826112.000000 -0.002309486 -0.002419715 -0.005706977 0.067602299 -0.038451131 -0.009056756 0.996930003
1770112682294157312.000000 -0.002472131 -0.002545852 -0.006371388 0.068192273 -0.039863024 -0.007608360 0.996846497
1770112682327489024.000000 -0.002538092 -0.002853529 -0.005480941 0.068318836 -0.041153986 -0.002913467 0.996810138
1770112682360823552.000000 -0.002582601 -0.002866121 -0.005126386 0.067167349 -0.041036718 -0.000179353 0.996897519
1770112682394156544.000000 -0.002720543 -0.002830715 -0.004719970 0.059403431 -0.040311191 0.001335147 0.997418940
1770112682427489536.000000 -0.002572630 -0.002766822 -0.004244112 0.051783003 -0.040152300 0.003592718 0.997844458
1770112682460823040.000000 -0.002409700 -0.002248953 -0.003548422 0.046042155 -0.039228022 0.002733270 0.998165250
1770112682494158080.000000 -0.002267732 -0.002251012 -0.003057670 0.040447239 -0.038616352 0.005565092 0.998419702
1770112682527490048.000000 -0.002344997 -0.001995842 -0.002738975 0.036352761 -0.037240189 0.004864285 0.998633087
1770112682560824832.000000 -0.002559741 -0.001904261 -0.002597254 0.034492292 -0.036461275 0.005771562 0.998723030
1770112682594157312.000000 -0.002586579 -0.002309039 -0.003673721 0.031597380 -0.035896610 0.006735060 0.998833179
1770112682627489280.000000 -0.002981225 -0.002566765 -0.004579937 0.028374597 -0.035672385 0.005383241 0.998946130
1770112682660822784.000000 -0.003013699 -0.002202319 -0.003448726 0.025902219 -0.035254803 0.002585838 0.999039352
1770112682694156032.000000 -0.002896237 -0.002174861 -0.003383408 0.022920128 -0.034711115 0.002439092 0.999131620
1770112682727489024.000000 -0.002866150 -0.002320704 -0.003015781 0.020134240 -0.034858949 0.000877884 0.999189079
1770112682760826880.000000 -0.003066132 -0.002477817 -0.002494263 0.017017147 -0.033020608 0.000969944 0.999309361
1770112682794156288.000000 -0.003232461 -0.002339388 -0.002481969 0.015901811 -0.032177255 0.000334180 0.999355674
1770112682827489024.000000 -0.003321159 -0.002279171 -0.002222424 0.015233208 -0.031622943 -0.000213898 0.999383807
1770112682860824832.000000 -0.003327540 -0.002027101 -0.001884361 0.015632281 -0.032130163 -0.001772383 0.999359906
1770112682894156288.000000 -0.003099746 -0.001713189 -0.001851203 0.015737617 -0.031656403 -0.000643281 0.999374747
1770112682927489536.000000 -0.003628498 -0.001966293 -0.001406450 0.014440152 -0.029729929 -0.000969521 0.999453187
1770112682960824832.000000 -0.003676367 -0.002134786 -0.001662896 0.014090571 -0.029239461 -0.001200004 0.999472439
1770112682994156032.000000 -0.003525210 -0.001891791 -0.001006013 0.015924072 -0.029553721 -0.001765226 0.999434829
1770112683027489536.000000 -0.003807970 -0.002167372 -0.000878127 0.014475643 -0.028220918 -0.001994294 0.999494970
1770112683060824064.000000 -0.003847590 -0.002103231 -0.000821533 0.015129618 -0.028017486 -0.001931171 0.999491096
1770112683094156288.000000 -0.003310598 -0.001833115 -0.000591497 0.016227342 -0.028681211 -0.001529436 0.999455750
1770112683127488256.000000 -0.003545555 -0.002048899 -0.000381452 0.016459839 -0.028119190 -0.002875105 0.999464929
1770112683160823296.000000 -0.003616303 -0.002016115 -0.000483498 0.017178752 -0.028554931 -0.001740511 0.999443173
1770112683194157312.000000 -0.003199350 -0.001643399 -0.000477166 0.020555820 -0.028422574 -0.002207955 0.999382198
1770112683227488512.000000 -0.003330318 -0.001777783 -0.000284322 0.021395143 -0.027914360 -0.001915185 0.999379575
1770112683260824576.000000 -0.003451929 -0.001805503 -0.000550947 0.023285825 -0.027839467 -0.001382404 0.999340236
1770112683294156544.000000 -0.003473894 -0.001832517 0.000076819 0.023909174 -0.027960725 -0.004363022 0.999313593
1770112683327488512.000000 -0.003335321 -0.002208626 0.000910435 0.024570387 -0.026363727 -0.005772079 0.999333799
1770112683360822784.000000 -0.003474668 -0.002186979 0.000624428 0.027080141 -0.026530968 -0.005610958 0.999265432
1770112683394156032.000000 -0.003253337 -0.002148013 0.001001529 0.029439542 -0.025812658 -0.005477755 0.999218225
1770112683427488768.000000 -0.002902945 -0.001988635 0.000881604 0.031718370 -0.026493846 -0.004095141 0.999137282
1770112683460822528.000000 -0.003485576 -0.002562827 0.000914693 0.032772280 -0.024941761 -0.003493067 0.999145567
1770112683494156032.000000 -0.002998733 -0.002237037 0.000704997 0.034293406 -0.026176438 -0.005564050 0.999053478
1770112683527489280.000000 -0.002961997 -0.002073609 0.000938612 0.035372578 -0.026004871 -0.003179179 0.999030709
1770112683560823296.000000 -0.003109629 -0.002448282 0.000839188 0.036591422 -0.025518997 -0.001770593 0.999002874
1770112683594156800.000000 -0.003001238 -0.002167855 0.001228946 0.037164688 -0.027023926 -0.005893235 0.998926401
1770112683627488512.000000 -0.002891179 -0.001511495 0.000871261 0.040506314 -0.027126938 -0.005379958 0.998796523
1770112683660823040.000000 -0.002879870 -0.001910304 0.000634575 0.041274164 -0.027060518 -0.006310553 0.998761475
1770112683694156288.000000 -0.002477088 -0.001169573 0.000500562 0.043652978 -0.026712734 -0.004409334 0.998679817
1770112683727488256.000000 -0.002256040 -0.001402173 0.000142429 0.043300368 -0.027022000 -0.006108697 0.998677969
1770112683760826112.000000 -0.002169666 -0.000636170 -0.000985711 0.044685435 -0.026429089 -0.003514992 0.998645306
1770112683794156288.000000 -0.002455142 -0.000150507 -0.001286910 0.046142619 -0.025319567 -0.001931048 0.998612046
1770112683827488512.000000 -0.002860174 -0.000334433 -0.000871828 0.046515200 -0.024206346 -0.002057531 0.998622179
1770112683860823040.000000 -0.002201270 -0.000549211 -0.000590982 0.045553107 -0.026205825 -0.000614853 0.998617947
1770112683894155776.000000 -0.002100247 -0.000441476 -0.000550998 0.046031255 -0.026434492 -0.000984215 0.998589694
1770112683927489024.000000 -0.001941366 -0.000612253 -0.000532643 0.045169041 -0.026771277 -0.000306351 0.998620570
1770112683960823296.000000 -0.001964968 -0.000476894 -0.000444321 0.046036765 -0.026111528 -0.000254236 0.998598397
1770112683994155520.000000 -0.002104202 -0.000864266 -0.000504197 0.045306232 -0.026000721 0.000207864 0.998634756
1770112684027488512.000000 -0.001967738 -0.000649853 -0.000543264 0.046360556 -0.026872192 -0.000458979 0.998563170
1770112684060823040.000000 -0.002032441 -0.000709414 -0.000499987 0.046600971 -0.027075909 -0.000720448 0.998546362
1770112684094155520.000000 -0.002194219 -0.000626901 -0.000545426 0.047566541 -0.026494034 -0.000231025 0.998516679
1770112684127488256.000000 -0.002194965 -0.000659059 -0.000471356 0.047522586 -0.026395813 -0.001354345 0.998520434
1770112684160823040.000000 -0.002047826 -0.000518074 -0.000762287 0.048155483 -0.027847474 -0.000233984 0.998451650
1770112684194156288.000000 -0.001982800 -0.000592424 -0.000570346 0.048965804 -0.027740890 0.001280346 0.998414338
1770112684227488256.000000 -0.002169319 -0.000683651 -0.000451537 0.049038634 -0.027151121 0.001657444 0.998426378
1770112684260824320.000000 -0.001891726 -0.000763990 -0.000571526 0.048764333 -0.027330872 0.000260086 0.998436272
1770112684294156032.000000 -0.002222044 -0.000945125 -0.000348390 0.047549158 -0.027626272 0.000695073 0.998486578
1770112684327488000.000000 -0.002034229 -0.000899819 -0.000612643 0.047585711 -0.028298076 0.001733380 0.998464763
1770112684360823040.000000 -0.002358502 -0.000424925 -0.001089846 0.049228594 -0.028290341 0.001591077 0.998385549
1770112684394155008.000000 -0.001563115 -0.000501173 -0.000933214 0.047385581 -0.029996164 -0.001341041 0.998425245
1770112684427488000.000000 -0.001833644 -0.000587225 -0.000837609 0.047462679 -0.029361779 -0.001124422 0.998440802
1770112684460823296.000000 -0.001212997 -0.000702507 -0.001569299 0.047293078 -0.030061517 -0.001253788 0.998427868
1770112684494155520.000000 -0.000936776 -0.000938827 -0.001335774 0.046370927 -0.030317761 -0.001605104 0.998462856
1770112684527490304.000000 -0.001106611 -0.000558867 -0.001255536 0.047930568 -0.031229218 0.000643146 0.998362184
1770112684560823296.000000 -0.000982072 -0.000799639 -0.001274319 0.047181290 -0.030746005 0.000977441 0.998412609
1770112684594156032.000000 -0.001247268 -0.000878948 -0.001108572 0.046134617 -0.030523304 0.000644904 0.998468637
1770112684627488000.000000 -0.001478734 -0.000584625 -0.001019751 0.046847120 -0.030811898 0.003778506 0.998419642
1770112684660821760.000000 -0.001525686 -0.001288055 -0.000830642 0.045033190 -0.030842699 0.004880196 0.998497307
1770112684694155264.000000 -0.001481122 -0.001248915 -0.001585905 0.044332068 -0.030730231 0.004194018 0.998535275
1770112684727488000.000000 -0.001432125 -0.001289731 -0.001176467 0.044102103 -0.030831285 0.004243128 0.998542190
1770112684760826112.000000 -0.001491644 -0.001355069 -0.001131227 0.042908330 -0.031307433 0.004988729 0.998575985
1770112684794155008.000000 -0.001602905 -0.001612402 -0.000987349 0.041950710 -0.031374171 0.005598750 0.998611331
1770112684827487744.000000 -0.002086262 -0.001365411 -0.000947317 0.041879080 -0.029417304 0.004176947 0.998680830
1770112684860823552.000000 -0.002464604 -0.002249057 -0.000481114 0.039829411 -0.029346457 0.006297112 0.998755634
1770112684894155264.000000 -0.002376022 -0.001494552 -0.000592503 0.040309217 -0.029941646 0.007261933 0.998712182
1770112684927489024.000000 -0.002522017 -0.001318100 -0.001834219 0.039792463 -0.030250508 0.007329870 0.998723090
1770112684960821504.000000 -0.001937846 -0.001034093 -0.002966928 0.039278988 -0.030493347 0.005326667 0.998748720
1770112684994155264.000000 -0.002115987 -0.000609769 -0.002609429 0.040031157 -0.030169012 0.008016802 0.998710692
1770112685027488000.000000 -0.002665957 -0.000373767 -0.002909083 0.039317511 -0.029928515 0.008720828 0.998740435
1770112685060824320.000000 -0.002330411 -0.000207517 -0.002695851 0.039341729 -0.031231260 0.010439813 0.998683095
1770112685094155264.000000 -0.002951047 -0.000386574 -0.002727894 0.038787834 -0.028493134 0.010291246 0.998788178
1770112685127487744.000000 -0.003355944 -0.000780922 -0.002522894 0.036384378 -0.028797982 0.011306519 0.998858929
1770112685160823040.000000 -0.003417474 -0.000527099 -0.002224587 0.036016461 -0.029459875 0.009279109 0.998873830
1770112685194156032.000000 -0.003580798 -0.000640016 -0.001898002 0.035755109 -0.028600233 0.011921511 0.998880148
1770112685227486976.000000 -0.003838861 -0.001318619 -0.002147701 0.032585114 -0.027908031 0.012743938 0.998997986
1770112685260825344.000000 -0.003482258 -0.001095683 -0.002723064 0.031296343 -0.029191544 0.014043412 0.998985112
1770112685294156800.000000 -0.003137457 -0.000647986 -0.003031245 0.033228584 -0.030751335 0.015090983 0.998860598
1770112685327486976.000000 -0.002136319 0.000624672 -0.003423687 0.034763090 -0.033873096 0.014698643 0.998713195
1770112685360821504.000000 -0.002328616 0.000125507 -0.003471314 0.032248154 -0.033127237 0.016452486 0.998795271
1770112685394154752.000000 -0.002287447 0.000720913 -0.003243147 0.034662127 -0.035013881 0.016348775 0.998651803
1770112685427487744.000000 -0.002224026 0.001407019 -0.002726038 0.037500855 -0.036439344 0.020173449 0.998428226
1770112685460821760.000000 -0.003071687 0.000588547 -0.003862565 0.040401377 -0.035059527 0.024927676 0.998257101
1770112685494154752.000000 -0.003354104 0.001541679 -0.003746742 0.042830382 -0.035000827 0.026945174 0.998105466
1770112685527488256.000000 -0.003129479 0.001516741 -0.004009805 0.042151701 -0.035986383 0.027978200 0.998070896
1770112685560822016.000000 -0.003156655 0.002109647 -0.004167551 0.042024795 -0.036349595 0.024811016 0.998146772
1770112685594157312.000000 -0.003380243 0.001686128 -0.004116114 0.039765637 -0.035658769 0.027409967 0.998196304
1770112685627487488.000000 -0.003666291 0.001131348 -0.004426651 0.036472365 -0.035740633 0.030222071 0.998237967
1770112685660822016.000000 -0.003567172 0.001047925 -0.004678930 0.034128383 -0.035559922 0.029648643 0.998344541
1770112685694154752.000000 -0.004064627 0.000963373 -0.004805501 0.032548312 -0.034871388 0.032221686 0.998341858
1770112685727486976.000000 -0.004324809 0.000862945 -0.004144546 0.030408008 -0.034393184 0.034280006 0.998357356
1770112685760824320.000000 -0.003607998 0.000014578 -0.004815877 0.026718920 -0.035259254 0.033188861 0.998469591
1770112685794154496.000000 -0.004308670 0.000517817 -0.005266349 0.027135184 -0.034706838 0.035300415 0.998405218
1770112685827487232.000000 -0.004051517 -0.000065777 -0.004931073 0.025027251 -0.034509577 0.032990526 0.998546124
1770112685860822784.000000 -0.004014573 0.000136570 -0.005971335 0.022178533 -0.035114445 0.032418966 0.998611093
1770112685894154240.000000 -0.004080635 0.000174985 -0.006614053 0.019961489 -0.036172349 0.032305755 0.998623848
1770112685927488000.000000 -0.003117332 -0.000379141 -0.004434791 0.018985178 -0.037958603 0.033634119 0.998532712
1770112685960821248.000000 -0.003199755 -0.000386422 -0.005366600 0.016358336 -0.038517430 0.034086324 0.998542368
1770112685994154240.000000 -0.003894245 -0.000232187 -0.006016324 0.015201365 -0.037588064 0.031391904 0.998684466
1770112686027487488.000000 -0.004090813 -0.000368086 -0.005785018 0.014232161 -0.035462093 0.032344874 0.998746097
1770112686060821760.000000 -0.004004292 -0.000940957 -0.005391269 0.011501982 -0.036276314 0.031380154 0.998782814
1770112686094154496.000000 -0.004492620 -0.001294775 -0.005600282 0.008856904 -0.034871593 0.019649815 0.999159336
1770112686127486720.000000 -0.004312385 -0.001578301 -0.006442065 0.006975134 -0.035357233 0.006560488 0.999328852
1770112686160822272.000000 -0.004421599 -0.000838181 -0.006583691 0.007279487 -0.035624530 -0.002866008 0.999334633
1770112686194155264.000000 -0.004785671 -0.001281605 -0.006188239 0.004274543 -0.035768602 -0.015318291 0.999233544
1770112686227486976.000000 -0.004419527 -0.001234318 -0.006570796 0.001738521 -0.037814248 -0.029969281 0.998833776
1770112686260822784.000000 -0.005181802 -0.001233133 -0.008450061 -0.001980035 -0.038373724 -0.046871495 0.998161614
1770112686294154752.000000 -0.007433838 -0.001384676 -0.010712688 -0.006789436 -0.037820838 -0.058987424 0.997518957
1770112686327486720.000000 -0.009515403 -0.000221727 -0.017590852 -0.005713194 -0.039491363 -0.074554890 0.996418297
1770112686360821504.000000 -0.009782592 -0.000397610 -0.017997537 -0.007928764 -0.039829142 -0.087089568 0.995372415
1770112686394153472.000000 -0.009508962 0.000321166 -0.016398828 -0.009249075 -0.040624622 -0.099002860 0.994214535
1770112686427486720.000000 -0.009149432 -0.000029020 -0.016311824 -0.010869103 -0.042045247 -0.109614514 0.993025064
1770112686460820224.000000 -0.009603515 0.000166206 -0.016115546 -0.012904413 -0.042305637 -0.121023834 0.991663754
1770112686494153984.000000 -0.009913387 -0.000172908 -0.016203618 -0.015893506 -0.042263843 -0.132410690 0.990166008
1770112686527487488.000000 -0.009911029 0.000027131 -0.016258826 -0.016848058 -0.043433759 -0.142927900 0.988636136
1770112686560821504.000000 -0.009987405 0.000071974 -0.016549269 -0.018607527 -0.043928582 -0.152192116 0.987198889
1770112686594154496.000000 -0.010276211 -0.000121500 -0.018198181 -0.020847563 -0.045331951 -0.160481557 0.985776901
1770112686627486464.000000 -0.010304552 -0.000186230 -0.017423803 -0.023916326 -0.046281919 -0.171336561 0.983834267
1770112686660820992.000000 -0.010069272 -0.000338440 -0.017783569 -0.025287397 -0.046495970 -0.178645059 0.982489049
1770112686694153984.000000 -0.010015958 -0.000455517 -0.017979033 -0.027684109 -0.047227800 -0.188129604 0.980617404
1770112686727475968.000000 -0.009961566 -0.000340089 -0.017288281 -0.029391846 -0.047188062 -0.196697667 0.978886902
1770112686760813824.000000 -0.010096494 -0.000319967 -0.017604133 -0.030737881 -0.047339246 -0.204570249 0.977223217
1770112686794143744.000000 -0.010151808 -0.000372615 -0.017535467 -0.032525852 -0.047493365 -0.213960305 0.975144804
1770112686827476224.000000 -0.010429582 -0.000038987 -0.017115643 -0.032792732 -0.047413293 -0.222894222 0.973136604
1770112686860811776.000000 -0.010388992 -0.000285521 -0.017974237 -0.034434307 -0.048054587 -0.229879066 0.971422017
1770112686894143232.000000 -0.010504971 -0.000118150 -0.018218825 -0.034867018 -0.048371151 -0.237200767 0.969628990
1770112686927476992.000000 -0.010478752 0.000199432 -0.017656196 -0.036008682 -0.048105266 -0.244698867 0.967735410
1770112686960811008.000000 -0.010454629 0.000251088 -0.018187262 -0.036203813 -0.048452463 -0.250652701 0.966185749
1770112686994142976.000000 -0.010449836 0.000119591 -0.018484788 -0.036986768 -0.048847824 -0.256511480 0.964597225
1770112687027475968.000000 -0.010516893 0.000342673 -0.017859122 -0.038439967 -0.049404711 -0.263433397 0.962644517
1770112687060811008.000000 -0.010650643 0.000806300 -0.017912855 -0.038096048 -0.048712365 -0.269593865 0.960986495
1770112687094143488.000000 -0.010501481 0.000749362 -0.017756905 -0.039706767 -0.048810516 -0.275638223 0.959199965
1770112687127475968.000000 -0.010502811 0.000926185 -0.017307576 -0.040000789 -0.048642632 -0.279933602 0.957951546
1770112687160810496.000000 -0.010528719 0.000789228 -0.018168598 -0.041284222 -0.048609640 -0.284761131 0.956474721
1770112687194144000.000000 -0.010619701 0.000943477 -0.018483697 -0.041128598 -0.047684513 -0.290197879 0.954892635
1770112687227475712.000000 -0.010210713 0.000909269 -0.016797395 -0.043044634 -0.048470411 -0.294055343 0.953587592
1770112687260812032.000000 -0.010590903 0.000954454 -0.017685072 -0.043216523 -0.047394115 -0.298851371 0.952141821
1770112687294142976.000000 -0.010420233 0.000742725 -0.017256383 -0.045300428 -0.048124894 -0.301801533 0.951077163
1770112687327475456.000000 -0.010088020 0.000828084 -0.016219769 -0.045948263 -0.048621297 -0.305658489 0.949788213
1770112687360809728.000000 -0.010211324 0.001190897 -0.017065616 -0.045367610 -0.048022952 -0.309044659 0.948750257
1770112687394143232.000000 -0.010495913 0.000928097 -0.018018946 -0.045948610 -0.047423013 -0.312953621 0.947470248
1770112687427475968.000000 -0.010213581 0.001174776 -0.016713299 -0.047406867 -0.047644429 -0.315530539 0.946532190
1770112687460809984.000000 -0.010126289 0.001232184 -0.016601102 -0.047318868 -0.047290385 -0.317920268 0.945754349
1770112687494143232.000000 -0.010212797 0.001202911 -0.015998496 -0.047823422 -0.046903342 -0.319126487 0.945341885
1770112687527476224.000000 -0.009833781 0.001324352 -0.015801970 -0.048030328 -0.046985492 -0.320669323 0.944805145
1770112687560810496.000000 -0.009906137 0.001228092 -0.015852565 -0.048733544 -0.046954151 -0.322196454 0.944250941
1770112687594143232.000000 -0.009750108 0.001306845 -0.015529878 -0.048872255 -0.046606135 -0.324276447 0.943548739
1770112687627475712.000000 -0.009677359 0.001423744 -0.015852772 -0.048842233 -0.046070468 -0.324637800 0.943452418
1770112687660810496.000000 -0.009441154 0.001484123 -0.015634507 -0.048119660 -0.046030849 -0.323859125 0.943758965
1770112687694142720.000000 -0.009738253 0.001360411 -0.015280714 -0.048853405 -0.044925053 -0.325838298 0.943093121
1770112687727475712.000000 -0.009404968 0.001574225 -0.015680337 -0.047576688 -0.044387605 -0.325629383 0.943255961
1770112687760813056.000000 -0.009384984 0.001826692 -0.015452176 -0.047451541 -0.043427873 -0.326102734 0.943143427
1770112687794142464.000000 -0.009032801 0.002142149 -0.014721477 -0.047302853 -0.043370344 -0.325930387 0.943213046
1770112687827474944.000000 -0.008867709 0.002080565 -0.014519565 -0.046800047 -0.043181643 -0.324517369 0.943733931
1770112687860811520.000000 -0.008908398 0.001480581 -0.014897348 -0.047258519 -0.042137656 -0.323432177 0.944130719
1770112687894142464.000000 -0.008914679 0.001743287 -0.015596146 -0.046433270 -0.041142728 -0.320850819 0.945095778
1770112687927475968.000000 -0.008555936 0.001597642 -0.015009777 -0.046681352 -0.040647872 -0.319485158 0.945567548
1770112687960811008.000000 -0.008557286 0.001621304 -0.014191983 -0.046288665 -0.039263267 -0.317670405 0.946256459
1770112687994142464.000000 -0.008800226 0.001512832 -0.014356253 -0.046537690 -0.037560105 -0.314669371 0.947315574
1770112688027475712.000000 -0.008571111 0.001471623 -0.014467815 -0.046443038 -0.036562070 -0.312275559 0.948150992
1770112688060809984.000000 -0.008696056 0.000970099 -0.014774903 -0.047536016 -0.034746274 -0.307473928 0.949733078
1770112688094142976.000000 -0.008653247 0.001024439 -0.015359885 -0.046305444 -0.033985175 -0.302708507 0.951350868
1770112688127474688.000000 -0.008447464 0.000996416 -0.014991543 -0.045077160 -0.033122327 -0.297645867 0.953036129
1770112688160810240.000000 -0.008293117 0.001123223 -0.014464377 -0.044443082 -0.031234140 -0.295400262 0.953828096
1770112688194143232.000000 -0.008389875 0.000939995 -0.014615010 -0.044206917 -0.029888805 -0.288618922 0.955955863
1770112688227475200.000000 -0.008305186 0.001004764 -0.015180361 -0.042641830 -0.028256377 -0.283134341 0.957715154
1770112688260812032.000000 -0.007668964 0.000871381 -0.014727660 -0.041323617 -0.026601611 -0.276661783 0.959709942
1770112688294142208.000000 -0.008212411 0.001258555 -0.015782937 -0.038707171 -0.022686522 -0.271067470 0.961514235
1770112688327474944.000000 -0.007719486 0.000521806 -0.015153226 -0.039266113 -0.021425301 -0.262714982 0.963836074
1770112688360808960.000000 -0.007774274 0.000605524 -0.014782107 -0.037838191 -0.019444976 -0.255687594 0.965822995
1770112688394142464.000000 -0.007785653 0.000288014 -0.015024110 -0.037200868 -0.017463038 -0.245362461 0.968560040
1770112688427475200.000000 -0.007921712 0.000454714 -0.015009764 -0.035615291 -0.014359357 -0.234846070 0.971273839
1770112688460809728.000000 -0.007955542 0.000972783 -0.014844655 -0.031230507 -0.011667874 -0.225482509 0.973676622
1770112688494142208.000000 -0.008264990 0.000999196 -0.015107015 -0.029236585 -0.009423554 -0.215204060 0.976085901
1770112688527475712.000000 -0.007779131 0.000667466 -0.015679380 -0.028212715 -0.008468274 -0.204609320 0.978400409
1770112688560809984.000000 -0.007547971 0.000685638 -0.015085822 -0.025925139 -0.006865032 -0.197247624 0.979986787
1770112688594142720.000000 -0.007586851 0.000525667 -0.014939954 -0.025244676 -0.004928687 -0.189752802 0.981494963
1770112688627474688.000000 -0.007152163 0.000875090 -0.011754596 -0.023771416 -0.002180262 -0.181539506 0.983093917
1770112688660809216.000000 -0.007053791 0.000880956 -0.012400515 -0.022286840 -0.001640472 -0.171888277 0.984862983
1770112688694142208.000000 -0.006774573 0.000510025 -0.011901665 -0.021483604 -0.000567310 -0.165617019 0.985955954
1770112688727474944.000000 -0.006690786 0.001699214 -0.010104219 -0.017852101 0.002521718 -0.158709124 0.987160742
1770112688760812032.000000 -0.006836416 0.002254555 -0.008589249 -0.015139211 0.004815228 -0.155109495 0.987769544
1770112688794141952.000000 -0.006514112 0.002608711 -0.008465201 -0.012594232 0.005030178 -0.151103795 0.988424897
1770112688827474944.000000 -0.006583379 0.001333245 -0.008755069 -0.013550383 0.008166733 -0.150730267 0.988448322
1770112688860809984.000000 -0.006341136 0.001983991 -0.008641735 -0.009479537 0.008344709 -0.148240522 0.988870740
1770112688894141952.000000 -0.005777630 0.002008545 -0.007639719 -0.005527600 0.008184949 -0.147128537 0.989068091
1770112688927475456.000000 -0.005398890 0.002286638 -0.007326344 -0.001805677 0.009031235 -0.147218391 0.989061177
1770112688960809728.000000 -0.005037318 0.002096104 -0.007079069 0.000948344 0.010988536 -0.147768155 0.988960564
1770112688994144256.000000 -0.004346527 0.001798502 -0.005696301 0.002856234 0.011137616 -0.146520868 0.989140809
1770112689027474944.000000 -0.003841554 0.002116995 -0.005277147 0.005561694 0.012082730 -0.147733539 0.988937795
1770112689060809216.000000 -0.003672326 0.001662626 -0.006506545 0.008111868 0.013881345 -0.146992803 0.989006937
1770112689094141952.000000 -0.003778010 0.001629945 -0.006379359 0.010267181 0.016487442 -0.146736085 0.988984942
1770112689127474432.000000 -0.003915711 0.001858293 -0.006055465 0.012863502 0.018848822 -0.147743300 0.988762438
1770112689160808448.000000 -0.003570750 0.001197248 -0.005838547 0.013285756 0.019904451 -0.147738591 0.988736928
1770112689194142208.000000 -0.003114726 0.000920717 -0.005621749 0.015095850 0.021713233 -0.147985145 0.988636017
1770112689227474688.000000 -0.003146256 0.000775675 -0.005792832 0.017769614 0.023953566 -0.146573529 0.988750100
1770112689260811264.000000 -0.002344656 0.001052008 -0.002301404 0.019159451 0.025964359 -0.142759338 0.989231348
1770112689294141696.000000 -0.001929794 0.001008892 -0.002218454 0.022824431 0.027775886 -0.143028483 0.989065468
1770112689327473920.000000 -0.002786996 0.000253252 -0.005306272 0.024939086 0.030057790 -0.141945496 0.989103734
1770112689360807936.000000 -0.002526805 -0.000525555 -0.005233668 0.025676945 0.032406248 -0.141856164 0.989023447
1770112689394141440.000000 -0.002070890 -0.000086555 -0.004593363 0.029452333 0.035212152 -0.142244339 0.988766551
1770112689427474688.000000 -0.001885625 -0.000050770 -0.004824615 0.031556897 0.038375854 -0.141350389 0.988712072
1770112689460808448.000000 -0.001766259 0.000091712 -0.003843059 0.034709193 0.043010853 -0.140943289 0.988473713
1770112689494141696.000000 -0.002080812 -0.000463212 -0.004306464 0.035597157 0.047812223 -0.140515417 0.988282502
1770112689527475200.000000 -0.001685001 -0.000307412 -0.003338639 0.037515342 0.051403224 -0.140553758 0.988025784
1770112689560810240.000000 -0.002252308 -0.000466287 -0.005128982 0.039688312 0.055800881 -0.140990138 0.987640083
1770112689594141952.000000 -0.002049328 -0.000294543 -0.004251371 0.041566618 0.059553865 -0.140311033 0.987440348
1770112689627474176.000000 -0.001828800 -0.000436920 -0.004343037 0.043011386 0.063310251 -0.140092582 0.987175763
1770112689660808704.000000 -0.001589618 -0.000316509 -0.003720773 0.045019865 0.067264557 -0.140635177 0.986747384
1770112689694141696.000000 -0.001419911 -0.000480313 -0.004050713 0.045718335 0.070431158 -0.141549289 0.986363590
1770112689727474432.000000 -0.001599755 -0.001130683 -0.004416439 0.046141524 0.074661821 -0.142364517 0.985915303
1770112689760809472.000000 -0.001232604 -0.001144758 -0.003903745 0.046590023 0.077539466 -0.142351761 0.985673904
1770112689794142464.000000 -0.001345504 -0.001465124 -0.004314537 0.046143934 0.080929331 -0.141933858 0.985482633
1770112689827474176.000000 -0.001225512 -0.001555512 -0.004689788 0.046941083 0.083919540 -0.143627718 0.984949350
1770112689860809472.000000 -0.001259175 -0.001852368 -0.004455565 0.046103563 0.086088099 -0.145356476 0.984548032
1770112689894141440.000000 -0.001213110 -0.002320686 -0.005302183 0.045113511 0.088104054 -0.145830005 0.984345555
1770112689927474432.000000 -0.000633140 -0.002127797 -0.004497952 0.047064010 0.089625359 -0.148328543 0.983743370
1770112689960808192.000000 -0.000506822 -0.001915170 -0.004149058 0.043853901 0.089808114 -0.149983093 0.983624101
1770112689994141440.000000 -0.000458905 -0.002016895 -0.004108909 0.036863346 0.088811174 -0.148762912 0.984186649
1770112690027474176.000000 -0.000224041 -0.001859802 -0.003747969 0.029890848 0.087703615 -0.146747410 0.984824777
1770112690060808704.000000 0.000110527 -0.001516345 -0.003170497 0.024153588 0.086211376 -0.142661184 0.985714018
1770112690094140928.000000 0.000165001 -0.001799125 -0.003179369 0.017804096 0.082325809 -0.135449350 0.987197578
1770112690127473664.000000 0.000236754 -0.002290540 -0.003183767 0.011942383 0.079777025 -0.129240632 0.988326848
1770112690160808192.000000 0.000319958 -0.002029508 -0.002924558 0.010026618 0.077420570 -0.124943525 0.989087760
1770112690194142208.000000 0.000345301 -0.002033521 -0.003279625 0.007573288 0.075882569 -0.118810728 0.989984155
1770112690227474176.000000 0.000524708 -0.002060786 -0.002892162 0.003676528 0.073588438 -0.113387577 0.990815103
1770112690260810752.000000 0.000679557 -0.001857273 -0.002549795 0.002608335 0.072057374 -0.110064834 0.991305590
1770112690294140928.000000 0.000764017 -0.001884514 -0.002540397 0.000243758 0.070350081 -0.105685264 0.991907954
1770112690327473664.000000 0.000942451 -0.001967693 -0.002473990 -0.001605639 0.069237299 -0.101512477 0.992420673
1770112690360808448.000000 0.001064129 -0.002033266 -0.002233147 -0.003796298 0.068431213 -0.097615696 0.992861509
1770112690394140672.000000 0.000725644 -0.002351352 -0.002785970 -0.005445998 0.067304604 -0.093840078 0.993294775
1770112690427473664.000000 0.001237406 -0.001837978 -0.001963827 -0.005963543 0.066489950 -0.090087518 0.993694007
1770112690460807936.000000 0.001119051 -0.002066434 -0.002429469 -0.006278178 0.065407008 -0.085342295 0.994182706
1770112690494140928.000000 0.001161391 -0.002094299 -0.002473465 -0.007224210 0.064613126 -0.082309335 0.994483888
1770112690527474432.000000 0.001321134 -0.001978785 -0.002051294 -0.006776609 0.064652838 -0.079371154 0.994723260
1770112690560809728.000000 0.001094115 -0.001914814 -0.002439085 -0.005085465 0.065582417 -0.075537287 0.994970977
1770112690594141440.000000 0.001259228 -0.001433889 -0.001311506 -0.005122736 0.064512521 -0.073720224 0.995176971
1770112690627473408.000000 0.001485007 -0.001593641 -0.001106139 -0.004826983 0.064096481 -0.071565881 0.995362580
1770112690660806912.000000 0.001474190 -0.001082626 -0.000167895 -0.003378812 0.065215118 -0.069132544 0.995467842
1770112690694140672.000000 0.001014248 -0.001498544 -0.000899008 -0.002399708 0.065934218 -0.065197542 0.995688796
1770112690727473408.000000 0.000990906 -0.001688645 -0.001310689 -0.000535484 0.066051565 -0.063005596 0.995824933
1770112690760808960.000000 0.000970129 -0.001788595 -0.001833641 0.000542431 0.065623924 -0.060584120 0.996003449
1770112690794140672.000000 0.000810907 -0.002109888 -0.002728093 0.002917789 0.066111751 -0.059277166 0.996045709
1770112690827473408.000000 0.001042408 -0.002178162 -0.003435447 0.004377312 0.065537684 -0.057142533 0.996203005
1770112690860807936.000000 0.001245994 -0.001828283 -0.002348415 0.006164383 0.065802656 -0.057755809 0.996140718
1770112690894140416.000000 0.000909892 -0.002310986 -0.003113794 0.008796255 0.065911442 -0.054568879 0.996293426
1770112690927473920.000000 0.001051799 -0.001929721 -0.002476249 0.011987674 0.067166537 -0.050973251 0.996366799
1770112690960808448.000000 0.000858432 -0.001872635 -0.001613931 0.014356758 0.068717085 -0.048962515 0.996330500
1770112690994140672.000000 0.000909580 -0.001908895 -0.002246214 0.017069021 0.068516806 -0.048055835 0.996345699
1770112691027473408.000000 0.000736802 -0.001865926 -0.002521545 0.020059325 0.070041433 -0.045978002 0.996282041
1770112691060808448.000000 0.000916030 -0.002335644 -0.003313340 0.020943671 0.068950929 -0.047628406 0.996262372
1770112691094140672.000000 0.000674195 -0.001844252 -0.002875144 0.023972703 0.069842651 -0.048095424 0.996109545
1770112691127473152.000000 0.000901023 -0.002247359 -0.003340106 0.025932567 0.069638565 -0.047026340 0.996125758
1770112691160807424.000000 0.000845159 -0.002172821 -0.002691737 0.027871322 0.070374824 -0.046825118 0.996031165
1770112691194140928.000000 0.000888028 -0.002666201 -0.002781036 0.030102365 0.070771523 -0.046967681 0.995931387
1770112691227472896.000000 0.000900217 -0.002817754 -0.003757344 0.032403015 0.070549682 -0.045505114 0.995942831
1770112691260809728.000000 0.000995113 -0.002439236 -0.003219274 0.035324544 0.070770070 -0.046570644 0.995778561
1770112691294142208.000000 0.000695265 -0.002450312 -0.003246235 0.037547540 0.072198942 -0.045867711 0.995627344
1770112691327472640.000000 0.000696493 -0.002081502 -0.002625674 0.039907753 0.073162697 -0.044982638 0.995505452
1770112691360808960.000000 0.000762266 -0.002745780 -0.002998233 0.039853390 0.072984166 -0.045666352 0.995489657
1770112691394139648.000000 0.000800320 -0.002699174 -0.002926675 0.041424103 0.073419899 -0.046249427 0.995366573
1770112691427473664.000000 0.000815343 -0.002822047 -0.003158946 0.043644391 0.073790371 -0.044150304 0.995339632
1770112691460807168.000000 0.000624850 -0.003109573 -0.004459569 0.045395363 0.073985547 -0.044540450 0.995229483
1770112691494140160.000000 0.000338442 -0.002781951 -0.004155874 0.046881672 0.075780183 -0.045860164 0.994965494
1770112691527473408.000000 0.000676678 -0.003324628 -0.005328417 0.047983203 0.075456321 -0.043421380 0.995047033
1770112691560807680.000000 0.000388267 -0.002833385 -0.005451037 0.050609645 0.076549709 -0.042496100 0.994873345
1770112691594140672.000000 0.000428580 -0.003363966 -0.005816706 0.050726179 0.077754892 -0.041194744 0.994828701
1770112691627472640.000000 0.000437629 -0.003329537 -0.007018494 0.052118476 0.077325635 -0.041330844 0.994784534
1770112691660808192.000000 0.000454233 -0.003334194 -0.007040510 0.052701741 0.077670388 -0.040751640 0.994750857
1770112691694140416.000000 0.000459047 -0.003510755 -0.006729992 0.052292209 0.078225866 -0.042069584 0.994674027
1770112691727472896.000000 0.000403355 -0.003360310 -0.006888759 0.053404514 0.078025267 -0.042720787 0.994602919
1770112691760807936.000000 0.000783109 -0.003418336 -0.006682669 0.053558640 0.078066632 -0.040664092 0.994677603
1770112691794140160.000000 0.000842082 -0.003537240 -0.006632475 0.053093269 0.077812657 -0.040547337 0.994727254
1770112691827472896.000000 0.000857289 -0.003515315 -0.006567658 0.052891068 0.077894084 -0.040189832 0.994746149
1770112691860808448.000000 0.000922208 -0.003480245 -0.006709661 0.052962124 0.078143440 -0.040321920 0.994717479
1770112691894139904.000000 0.001008720 -0.003429806 -0.006177448 0.053196870 0.078657560 -0.040044341 0.994675636
1770112691927473664.000000 0.000784869 -0.003463400 -0.006421334 0.054272406 0.079997525 -0.039304167 0.994540215
1770112691960808448.000000 0.001173047 -0.003547683 -0.006159392 0.053825576 0.079601057 -0.039743155 0.994578779
1770112691994139904.000000 0.001118293 -0.003443390 -0.006241299 0.054481387 0.080436371 -0.039328620 0.994492352
1770112692027472640.000000 0.001030022 -0.003349573 -0.006485463 0.054918472 0.080984227 -0.039732438 0.994407833
1770112692060809472.000000 0.001022945 -0.003386877 -0.006420869 0.054675512 0.081232719 -0.039355006 0.994415939
1770112692094139904.000000 0.001026999 -0.003308303 -0.006584808 0.054928470 0.081925705 -0.038373623 0.994383514
1770112692127472896.000000 0.001046108 -0.003340341 -0.006418930 0.054606110 0.082387447 -0.037699584 0.994388938
1770112692160807168.000000 0.001185148 -0.003102107 -0.006253684 0.054533172 0.082895003 -0.038317297 0.994327068
1770112692194142208.000000 0.001123231 -0.003101469 -0.006234551 0.054012302 0.083619133 -0.038655091 0.994281828
1770112692227472896.000000 0.001092855 -0.003256412 -0.006392207 0.053301185 0.083843045 -0.038758673 0.994297326
1770112692260809216.000000 0.001144318 -0.002994197 -0.006193311 0.053774972 0.084243886 -0.038078032 0.994264245
1770112692294140160.000000 0.001173113 -0.003145288 -0.006237562 0.052168734 0.084286839 -0.038563091 0.994327486
1770112692327471616.000000 0.001224909 -0.003052587 -0.006668217 0.052692886 0.084156916 -0.038122814 0.994327843
1770112692360805632.000000 0.001119972 -0.003058225 -0.005800453 0.051158085 0.085908577 -0.037723549 0.994273365
1770112692394139648.000000 0.001328521 -0.003220354 -0.006001297 0.049337231 0.085382655 -0.037954368 0.994401932
1770112692427472384.000000 0.001366761 -0.002933064 -0.005970479 0.049834073 0.086472891 -0.036427066 0.994340062
1770112692460807424.000000 0.001207703 -0.003111388 -0.005860679 0.047712173 0.087347835 -0.037347935 0.994333506
1770112692494139904.000000 0.000955950 -0.003033114 -0.006606460 0.047677986 0.087468259 -0.037021667 0.994336724
1770112692527472896.000000 0.001401186 -0.002815854 -0.005569427 0.046422090 0.087127924 -0.038137648 0.994383931
1770112692560807168.000000 0.001410688 -0.002924607 -0.005350989 0.044863209 0.087939665 -0.037433688 0.994410753
1770112692594139904.000000 0.001498085 -0.002902770 -0.005286837 0.044001777 0.087811619 -0.037652049 0.994452298
1770112692627472384.000000 0.001275970 -0.002992865 -0.005788131 0.041676275 0.088461466 -0.038416136 0.994465649
1770112692660807424.000000 0.001453262 -0.003209337 -0.005420865 0.038654462 0.088507831 -0.039092731 0.994557202
1770112692694139392.000000 0.001428446 -0.003353736 -0.005842766 0.037973333 0.088921577 -0.037103623 0.994622767
1770112692727472384.000000 0.001431965 -0.003096264 -0.005779965 0.037340287 0.089451939 -0.036307983 0.994628549
1770112692760806912.000000 0.001445688 -0.003057108 -0.005692646 0.035982139 0.089406237 -0.038799491 0.994588614
1770112692794140672.000000 0.001506856 -0.003070534 -0.005930032 0.035096996 0.089983575 -0.036411449 0.994658470
1770112692827472384.000000 0.001604676 -0.003091765 -0.005667545 0.033263538 0.090444833 -0.035122216 0.994726002
1770112692860807936.000000 0.001703828 -0.002968509 -0.006166104 0.032272764 0.090356305 -0.035786618 0.994742990
1770112692894139648.000000 0.001634891 -0.002965371 -0.006173560 0.030736793 0.091096140 -0.036257021 0.994707108
1770112692927473152.000000 0.001517139 -0.003127968 -0.005810899 0.027847508 0.091851473 -0.033806521 0.994809091
1770112692960807424.000000 0.001619305 -0.002261234 -0.004700696 0.028430635 0.092513971 -0.035059042 0.994687796
1770112692994139392.000000 0.001258025 -0.002425478 -0.005410234 0.027072703 0.093081139 -0.035399675 0.994660676
1770112693027472128.000000 0.001499963 -0.002291154 -0.004974528 0.024732467 0.093574584 -0.033412971 0.994744062
1770112693060807936.000000 0.001413189 -0.002056074 -0.004815292 0.024122827 0.093770713 -0.033070780 0.994752049
1770112693094139904.000000 0.001694073 -0.002345585 -0.004571531 0.021613216 0.093513638 -0.032336608 0.994858027
1770112693127471872.000000 0.001596818 -0.002131502 -0.004533154 0.020741375 0.094802566 -0.029177045 0.994852245
1770112693160805376.000000 0.001792879 -0.001763967 -0.004689862 0.020390231 0.094630435 -0.029808722 0.994857192
1770112693194140416.000000 0.001594078 -0.001925163 -0.004849372 0.018159911 0.095504768 -0.026171135 0.994919181
1770112693227471872.000000 0.001655917 -0.001567671 -0.004109691 0.017069994 0.095581003 -0.025241941 0.994955182
1770112693260807936.000000 0.001737007 -0.001370616 -0.004658971 0.016033169 0.095469989 -0.023229284 0.995032132
1770112693294139648.000000 0.001762021 -0.001440085 -0.004337698 0.014261028 0.095987566 -0.022980427 0.995015085
1770112693327471360.000000 0.001839652 -0.001333323 -0.004190224 0.012722124 0.096644163 -0.021730537 0.995000422
1770112693360806656.000000 0.001946191 -0.000789169 -0.004348579 0.012662752 0.095438451 -0.022986341 0.995089412
1770112693394138880.000000 0.002038529 -0.000752513 -0.004193376 0.011496025 0.096129961 -0.022562066 0.995046616
1770112693427471872.000000 0.002015778 -0.000874090 -0.004581767 0.009544734 0.095756151 -0.023016168 0.995092988
1770112693460807168.000000 0.002041203 -0.001359427 -0.005203113 0.006176073 0.095308661 -0.022613414 0.995171726
1770112693494139392.000000 0.002078470 -0.001197440 -0.005389974 0.004837292 0.095740207 -0.021388886 0.995164871
1770112693527472384.000000 0.001943373 -0.001107442 -0.005705192 0.004296072 0.095984936 -0.021172432 0.995148361
1770112693560806400.000000 0.001953086 -0.000846434 -0.005797921 0.003234779 0.095613234 -0.020890003 0.995194137
1770112693594139136.000000 0.002091447 -0.000951701 -0.005353983 0.001376568 0.095677391 -0.019668462 0.995217144
1770112693627471872.000000 0.002133850 -0.000826751 -0.005116174 -0.000350834 0.096086182 -0.016515024 0.995235920
1770112693660805632.000000 0.002136793 -0.000676247 -0.005022531 -0.002546912 0.095790356 -0.016316028 0.995264590
1770112693694138880.000000 0.002217235 -0.000719482 -0.004835278 -0.004511143 0.096040837 -0.014704243 0.995258570
1770112693727471872.000000 0.002518697 -0.000527408 -0.003445196 -0.007489626 0.096445151 -0.015382843 0.995191276
1770112693760806912.000000 0.002504542 -0.000600066 -0.003480166 -0.009859227 0.096390262 -0.014499621 0.995189250
1770112693794139392.000000 0.002467996 -0.000696841 -0.004133255 -0.010921635 0.096590266 -0.012021061 0.995191753
1770112693827471616.000000 0.002193701 -0.000375422 -0.003201619 -0.012600734 0.097155482 -0.013373092 0.995099664
1770112693860806656.000000 0.002390032 -0.000495282 -0.002472828 -0.015432003 0.096446723 -0.010166521 0.995166659
1770112693894139136.000000 0.002224233 -0.000128083 -0.002209018 -0.017108727 0.096870884 -0.009606324 0.995103538
1770112693927472128.000000 0.002045962 -0.000168364 -0.001923053 -0.019623524 0.097199038 -0.012506337 0.994992971
1770112693960805376.000000 0.002217812 -0.000001150 -0.002316333 -0.020102965 0.097082086 -0.011000271 0.995012581
1770112693994139136.000000 0.001900593 0.000188702 -0.002225254 -0.020854939 0.098040864 -0.010877607 0.994904399
1770112694027471360.000000 0.002091361 -0.000120464 -0.001971097 -0.023236301 0.097235307 -0.010914041 0.994930327
1770112694060805632.000000 0.002328582 0.000159578 -0.002505908 -0.024292221 0.096720994 -0.007387334 0.994987607
1770112694094123520.000000 0.002646426 -0.000067648 -0.002068044 -0.027178155 0.096569806 -0.005178784 0.994941652
1770112694127456256.000000 0.002661767 0.000326472 -0.001761973 -0.027642347 0.096697271 -0.002669760 0.994926393
1770112694160792832.000000 0.002805800 0.000097591 -0.001711650 -0.030212125 0.095831193 -0.003753616 0.994931936
1770112694194124032.000000 0.002351688 0.000090663 -0.002376039 -0.030439883 0.095789775 -0.001984474 0.994934082
1770112694227456000.000000 0.002560407 -0.000578842 -0.002718749 -0.033591118 0.095018670 0.000671876 0.994908392
1770112694260792320.000000 0.002472708 -0.000242660 -0.002122127 -0.033939544 0.095204152 0.001209862 0.994878352
1770112694294125312.000000 0.002466836 0.000515036 -0.001511163 -0.034120768 0.094917998 0.002973324 0.994895756
1770112694327456512.000000 0.002909936 0.000383486 -0.002195236 -0.035811797 0.094553091 0.003360117 0.994869888
1770112694360791808.000000 0.003111792 0.000344268 -0.001340245 -0.037344951 0.094230495 0.005219128 0.994836092
1770112694394123520.000000 0.002587569 0.000592158 -0.001265849 -0.038004164 0.094165750 0.005562382 0.994815409
1770112694427456512.000000 0.002603807 0.000640231 -0.001089113 -0.039514586 0.094559193 0.007337895 0.994707704
1770112694460791040.000000 0.002748585 0.000785259 -0.001191516 -0.040985331 0.093661599 0.008530694 0.994723558
1770112694494123520.000000 0.003219692 0.001143250 -0.000662136 -0.041280486 0.092629194 0.009520728 0.994799078
1770112694527456768.000000 0.003254487 0.000995649 -0.000509087 -0.043151855 0.092524573 0.012011671 0.994702458
1770112694560790016.000000 0.002917270 0.000898756 -0.000808831 -0.043768503 0.092219554 0.011781250 0.994706571
1770112694594123520.000000 0.003189159 0.001014561 -0.000836006 -0.044601034 0.091408931 0.011844927 0.994743586
1770112694627456000.000000 0.003072910 0.000780451 -0.001168074 -0.046250548 0.090901360 0.013531563 0.994693339
1770112694660790784.000000 0.002884181 0.001130391 -0.000991936 -0.046397083 0.091071084 0.014009580 0.994664371
1770112694694123264.000000 0.003132668 0.001522806 -0.000092777 -0.046294246 0.090246983 0.012502924 0.994764328
1770112694727456000.000000 0.003060366 0.001575205 0.000357842 -0.047510386 0.090574495 0.014942949 0.994643569
1770112694760790272.000000 0.003138531 0.001620097 -0.000444414 -0.047249973 0.089131691 0.016298244 0.994764984
1770112694794123776.000000 0.002869575 0.001145667 -0.000324964 -0.050217636 0.089377172 0.018045163 0.994567454
1770112694827456000.000000 0.002654204 0.001006118 -0.001165521 -0.049958177 0.089086451 0.016341120 0.994636059
1770112694860790784.000000 0.002830755 0.001049176 -0.000994148 -0.051202744 0.088893436 0.016234169 0.994591773
1770112694894123520.000000 0.003074967 0.001549538 -0.000087466 -0.052408837 0.088153437 0.019815963 0.994529903
1770112694927456512.000000 0.002798392 0.001727228 0.000714969 -0.052518606 0.088158749 0.017043134 0.994574964
1770112694960791040.000000 0.002700983 0.001649118 0.000495394 -0.052166872 0.087160259 0.018147040 0.994661987
1770112694994123520.000000 0.002648815 0.001446797 0.000126426 -0.052985121 0.086874165 0.018174721 0.994643211
1770112695027456000.000000 0.002499669 0.001024719 -0.001037001 -0.053998563 0.085646398 0.017606787 0.994705498
1770112695060790272.000000 0.002309070 0.001509092 0.000358821 -0.053870991 0.085433185 0.017689914 0.994729221
1770112695094123264.000000 0.002828687 0.001623161 0.001100848 -0.055857114 0.084281608 0.020394338 0.994666159
1770112695127455488.000000 0.003127450 0.001543410 0.001031691 -0.055911072 0.083018623 0.020330327 0.994770586
1770112695160790272.000000 0.002842686 0.001522263 0.001102335 -0.055567157 0.082679920 0.021131840 0.994801402
1770112695194122752.000000 0.002281887 0.001792027 0.001294748 -0.055668019 0.083533205 0.021785721 0.994710386
1770112695227455488.000000 0.002076984 0.001925811 0.001734182 -0.055368315 0.082977787 0.023351980 0.994738042
1770112695260792832.000000 0.002450583 0.002056854 0.001683288 -0.054932706 0.081815943 0.022790387 0.994871438
1770112695294123008.000000 0.002486977 0.002227398 0.002062263 -0.054898873 0.081270084 0.022503180 0.994924605
1770112695327455488.000000 0.001971684 0.001807524 0.001519997 -0.055676762 0.082089208 0.023333419 0.994794965
1770112695360790528.000000 0.002059075 0.001946086 0.001447193 -0.055528373 0.080192544 0.023539511 0.994953156
1770112695394122496.000000 0.002195628 0.001832854 0.001626628 -0.055671863 0.080226459 0.024152488 0.994927704
1770112695427456000.000000 0.002371249 0.001797303 0.001354177 -0.056089833 0.079332553 0.024872502 0.994958162
1770112695460789504.000000 0.001763448 0.001223768 0.000693649 -0.057324324 0.080113865 0.025188189 0.994817197
1770112695494123008.000000 0.001363338 0.001166056 0.001187162 -0.057353985 0.079862848 0.023109816 0.994886160
1770112695527455488.000000 0.001195990 0.001441458 0.001960522 -0.056933895 0.079712197 0.023000456 0.994924903
1770112695560792064.000000 0.000575893 0.001342343 0.001512468 -0.056823287 0.080257118 0.022373864 0.994901717
1770112695594123008.000000 0.000404806 0.001678789 0.001562459 -0.055911656 0.080278076 0.023305612 0.994930267
1770112695627455232.000000 0.001041822 0.001213241 0.001067979 -0.055561882 0.078102790 0.028043410 0.995000720
1770112695660789248.000000 0.001279577 0.001159319 0.001190671 -0.055168338 0.077413924 0.026075371 0.995130002
1770112695694122752.000000 0.001144253 0.001207465 0.001510345 -0.053904891 0.076326519 0.026547914 0.995270669
1770112695727455488.000000 0.001389515 0.001076088 0.002798922 -0.054714482 0.075629003 0.028227245 0.995233595
1770112695760790272.000000 0.001099732 0.001250656 0.001830643 -0.054395664 0.074353531 0.024986146 0.995433748
1770112695794123264.000000 0.000757514 0.001216635 0.002506769 -0.053836733 0.074735217 0.023368599 0.995474875
1770112695827455488.000000 0.000831813 0.001315136 0.002381655 -0.052596498 0.073339984 0.022414966 0.995666802
1770112695860790016.000000 0.001214591 0.001405665 0.002071318 -0.050598592 0.070106886 0.022024773 0.996011913
1770112695894123008.000000 0.001573869 0.001141468 0.002106053 -0.051754039 0.067484535 0.021706853 0.996140718
1770112695927456256.000000 0.000730043 0.001446767 0.001516414 -0.049129624 0.067457907 0.017176637 0.996363759
1770112695960789248.000000 0.000943295 0.001338000 0.001808875 -0.048202369 0.066264518 0.018352054 0.996468186
1770112695994121984.000000 0.000827622 0.001326256 0.000831832 -0.046382006 0.064175412 0.017141726 0.996712804
1770112696027455488.000000 0.000950832 0.001393250 0.000924660 -0.045395635 0.063052632 0.015883295 0.996850789
1770112696060790528.000000 0.001042150 0.000675035 -0.000151851 -0.046264224 0.061673202 0.014128082 0.996923506
1770112696094122496.000000 0.001784069 0.001308591 -0.000292188 -0.045020293 0.057895612 0.010920847 0.997247219
1770112696127454976.000000 0.001831512 0.001096571 -0.000536551 -0.045005281 0.055110160 0.007881693 0.997434378
1770112696160790016.000000 0.002078324 0.001262958 -0.000340373 -0.042174738 0.053150468 0.006991578 0.997671008
1770112696194122752.000000 0.000988781 0.000489032 -0.000789992 -0.043516260 0.055172965 0.005118506 0.997514963
1770112696227454976.000000 0.000868109 0.000512526 -0.000801043 -0.042036716 0.054063212 0.004049290 0.997644126
1770112696260792576.000000 0.000697296 0.000855850 -0.000623724 -0.040135778 0.053914908 0.004260182 0.997729540
1770112696294122752.000000 0.000547697 0.000725666 -0.000895866 -0.038676247 0.053577136 0.004481433 0.997804403
1770112696327454976.000000 0.000729090 0.000446690 -0.000460480 -0.038414702 0.051969331 0.003980828 0.997901618
1770112696360789504.000000 0.000782827 0.000720541 -0.000327496 -0.035430115 0.050432011 0.004953731 0.998086631
1770112696394122240.000000 0.000851362 0.000729502 -0.000531686 -0.033922452 0.049527228 0.004866586 0.998184741
1770112696427455232.000000 0.000658399 0.000717968 -0.000736311 -0.031491693 0.047501326 0.002692534 0.998371005
1770112696460789760.000000 0.000685880 0.000475390 -0.000789796 -0.030687299 0.046419196 0.002636676 0.998447180
1770112696494122496.000000 0.000662453 0.000566886 -0.000724484 -0.028617321 0.044334359 0.000414323 0.998606741
1770112696527455488.000000 0.000608038 0.000250979 -0.000799509 -0.027963378 0.043154556 0.001126535 0.998676419
1770112696560789248.000000 0.000747383 0.000519312 -0.000442023 -0.025664307 0.041329350 -0.000782646 0.998815656
1770112696594122752.000000 0.000970219 0.000268237 -0.000722801 -0.024533579 0.039952334 0.002621911 0.998896956
1770112696627454464.000000 0.000480355 0.000405439 -0.000409958 -0.022499761 0.039903123 -0.003002629 0.998945713
1770112696660788480.000000 0.001021304 0.000590163 -0.000294147 -0.019590020 0.037814155 0.000425847 0.999092638
1770112696694121472.000000 0.000643766 0.000618685 -0.000222686 -0.017675059 0.037545931 0.000149614 0.999138653
1770112696727454720.000000 0.000586484 0.000742541 -0.000935648 -0.013868904 0.036255095 -0.001329501 0.999245405
1770112696760789760.000000 0.000261162 0.000795682 -0.001416887 -0.010339108 0.035462163 -0.002693287 0.999313951
1770112696794123008.000000 0.000327230 0.000747055 -0.001358380 -0.007388512 0.034177851 -0.001389869 0.999387562
1770112696827454720.000000 0.000198413 0.000807381 -0.001820773 -0.004685930 0.033299416 -0.004217311 0.999425590
1770112696860792576.000000 0.000359512 0.000362270 -0.001596142 -0.003354365 0.031758629 -0.004803154 0.999478400
1770112696894122240.000000 0.000225757 0.000271392 -0.001904884 -0.000796856 0.030566098 -0.004509019 0.999522328
1770112696927455232.000000 -0.000065642 0.000371652 -0.002594171 0.002162562 0.028932400 -0.006971447 0.999554753
1770112696960789504.000000 -0.000088915 0.000360983 -0.002469285 0.005356150 0.028012590 -0.005172659 0.999579906
1770112696994121728.000000 -0.000172539 0.000329643 -0.002188748 0.008118308 0.026416963 -0.006653133 0.999595940
1770112697027454720.000000 -0.000407344 0.000527272 -0.002375769 0.010838093 0.025369037 -0.007361953 0.999592304
1770112697060788992.000000 -0.000574079 0.000274853 -0.002647619 0.013033330 0.024192316 -0.008680730 0.999584734
1770112697094121984.000000 -0.000376739 0.000381709 -0.002955304 0.016439358 0.022024034 -0.007749834 0.999592245
1770112697127454208.000000 -0.000364384 0.000281156 -0.002980754 0.019333182 0.020835362 -0.006291812 0.999576211
1770112697160789760.000000 -0.000431867 0.000257471 -0.003227444 0.023493430 0.020413112 -0.006053858 0.999497235
1770112697194122240.000000 -0.000457623 -0.000041832 -0.003370610 0.025802709 0.019375760 -0.007232586 0.999453068
1770112697227454464.000000 -0.000426767 0.000138130 -0.003513366 0.029123994 0.017441072 -0.006530324 0.999402344
1770112697260791296.000000 -0.000509317 -0.000197531 -0.003933461 0.031254224 0.015536479 -0.006512088 0.999369502
1770112697294122240.000000 -0.000462858 -0.000420539 -0.003667446 0.034193907 0.012739348 -0.007361412 0.999306917
1770112697327454464.000000 -0.000872553 -0.000533648 -0.003994228 0.036550391 0.011171218 -0.007225893 0.999243259
1770112697360788992.000000 -0.000563536 -0.000380433 -0.004200498 0.039529372 0.007717207 -0.007279877 0.999162138
1770112697394121472.000000 -0.000701560 -0.000506955 -0.004347352 0.042191502 0.005050933 -0.008197824 0.999063194
1770112697427454720.000000 -0.000829527 -0.000451135 -0.004266217 0.044265766 0.001989518 -0.009036537 0.998976946
1770112697460789760.000000 -0.000762122 -0.000218608 -0.004229077 0.048291042 -0.000876800 -0.009701287 0.998785853
1770112697494121472.000000 -0.000906563 -0.000767781 -0.004979315 0.049802888 -0.004579297 -0.009134484 0.998706818
1770112697527454464.000000 -0.000936796 -0.000756117 -0.005185113 0.053144094 -0.008484662 -0.010201646 0.998498738
1770112697560788224.000000 -0.000947734 -0.000794852 -0.004588042 0.055000000 -0.011502149 -0.010727064 0.998362541
1770112697594121984.000000 -0.001218652 -0.000948993 -0.005001088 0.057841636 -0.015055554 -0.011629692 0.998144507
1770112697627453440.000000 -0.001380436 -0.001108717 -0.005326083 0.060247649 -0.019019915 -0.011454010 0.997936547
1770112697660787968.000000 -0.001284253 -0.001248613 -0.004944877 0.061685778 -0.022506250 -0.012130391 0.997768164
1770112697694121472.000000 -0.001445066 -0.001413928 -0.005024487 0.063892134 -0.026269605 -0.010866487 0.997551858
1770112697727454208.000000 -0.001759525 -0.001640191 -0.005412875 0.065612748 -0.029449776 -0.010612228 0.997354090
1770112697760787712.000000 -0.001739338 -0.001820884 -0.005630757 0.067033641 -0.032922715 -0.009929963 0.997157991
1770112697794121728.000000 -0.001983413 -0.002011708 -0.005903326 0.067808837 -0.035472393 -0.009332161 0.997023880
1770112697827454208.000000 -0.002090528 -0.002432416 -0.006474087 0.068281971 -0.038217094 -0.007606880 0.996904850
1770112697860789248.000000 -0.002305464 -0.002477463 -0.006143654 0.069349550 -0.039888516 -0.006908233 0.996770740
1770112697894121472.000000 -0.002498471 -0.003000776 -0.005612749 0.067134887 -0.039883718 -0.004739454 0.996935189
1770112697927454464.000000 -0.002449641 -0.002823702 -0.005291841 0.068992585 -0.040942390 -0.002382093 0.996773839
1770112697960788992.000000 -0.002629875 -0.003027095 -0.005138861 0.065522298 -0.040553097 0.001668705 0.997025371
1770112697994120960.000000 -0.002240786 -0.002711156 -0.004758287 0.058721516 -0.041165337 0.005521469 0.997410059
1770112698027453952.000000 -0.002220743 -0.002725972 -0.004192358 0.050749332 -0.041006967 0.004345961 0.997859716
1770112698060788992.000000 -0.002642646 -0.002717859 -0.003750448 0.043238536 -0.037767518 0.004691851 0.998339713
1770112698094121216.000000 -0.002484319 -0.002285483 -0.003262097 0.039625958 -0.036825102 0.005206018 0.998522222
1770112698127453440.000000 -0.002663817 -0.002636445 -0.002829868 0.033615608 -0.035408463 0.004207443 0.998798609
1770112698160788224.000000 -0.002867900 -0.002409725 -0.002733108 0.030592922 -0.034301821 0.004292220 0.998933971
1770112698194121728.000000 -0.002539873 -0.002280849 -0.002196877 0.028036349 -0.035009243 0.003260728 0.998988330
1770112698227453696.000000 -0.002435574 -0.002177682 -0.002026843 0.025841475 -0.034598917 0.004015270 0.999059081
1770112698260792064.000000 -0.002797147 -0.002346698 -0.001651339 0.022286331 -0.034028262 0.003028746 0.999167800
1770112698294121472.000000 -0.002656644 -0.002220262 -0.002550754 0.021810682 -0.035324749 0.001541853 0.999136686
1770112698327453696.000000 -0.002766864 -0.002358231 -0.002667243 0.019887470 -0.034359172 0.001375572 0.999210775
1770112698360787968.000000 -0.003601083 -0.002274315 -0.002560681 0.018213198 -0.030910436 -0.000440615 0.999356151
1770112698394120960.000000 -0.003501551 -0.002100001 -0.002237291 0.017209295 -0.031063687 0.000115287 0.999369264
1770112698427453696.000000 -0.003468727 -0.002065195 -0.002329703 0.016409056 -0.031006234 -0.001142290 0.999383867
1770112698460788480.000000 -0.003511329 -0.002208325 -0.001722708 0.015241291 -0.031337019 -0.001194043 0.999391973
1770112698494120960.000000 -0.003844528 -0.002156012 -0.001338051 0.014715048 -0.028902536 -0.001279478 0.999473155
1770112698527453952.000000 -0.003972144 -0.002355235 -0.001889077 0.014294402 -0.028751345 -0.001922711 0.999482572
1770112698560788992.000000 -0.003575813 -0.002153808 -0.001450167 0.014071194 -0.029293004 -0.000907414 0.999471426
1770112698594121472.000000 -0.003436064 -0.002433664 -0.001419536 0.013907204 -0.029244516 -0.001784633 0.999473989
1770112698627453440.000000 -0.003470700 -0.002207707 -0.001253304 0.015051481 -0.028723313 -0.001613339 0.999472797
1770112698660788224.000000 -0.003574810 -0.001951604 -0.000944544 0.015468164 -0.028644633 -0.002615259 0.999466538
1770112698694120704.000000 -0.003539093 -0.002171314 -0.000731010 0.016073156 -0.028083278 -0.003092943 0.999471545
1770112698727453440.000000 -0.003215851 -0.002091154 -0.000504941 0.017051628 -0.028497709 -0.001523391 0.999447286
1770112698760788736.000000 -0.003090680 -0.001987839 0.000090412 0.017984204 -0.027651316 -0.002408262 0.999452949
1770112698794121472.000000 -0.003559373 -0.002212814 0.000034135 0.018556366 -0.026857520 -0.002571228 0.999463797
1770112698827453440.000000 -0.003355302 -0.002270690 -0.000473359 0.019122483 -0.027468104 -0.003896354 0.999432206
1770112698860787968.000000 -0.003871943 -0.002609800 -0.001224158 0.021394109 -0.026917662 -0.005628596 0.999392867
1770112698894121216.000000 -0.003961737 -0.002587256 -0.001446810 0.022750570 -0.026698954 -0.005634999 0.999368727
1770112698927453952.000000 -0.004569600 -0.002779663 -0.001608245 0.024629137 -0.025244044 -0.006590062 0.999356210
1770112698960787968.000000 -0.004622379 -0.003277161 -0.001659175 0.025647087 -0.024298621 -0.005051712 0.999363005
1770112698994120704.000000 -0.004733296 -0.003329206 -0.001516603 0.027179250 -0.024763765 -0.005635754 0.999307930
1770112699027453440.000000 -0.004645420 -0.003226963 -0.001614478 0.029642375 -0.025020763 -0.006155310 0.999228418
1770112699060788736.000000 -0.005020116 -0.003546020 -0.001991553 0.031062350 -0.024412125 -0.004977327 0.999206960
1770112699094120448.000000 -0.004147890 -0.003074175 -0.001348635 0.033388127 -0.025592320 -0.003143411 0.999109805
1770112699127453184.000000 -0.004058226 -0.002804653 -0.001142050 0.035249349 -0.025961449 -0.004124888 0.999032795
1770112699160788480.000000 -0.003904221 -0.002921596 -0.001223671 0.036886293 -0.026100203 -0.003479245 0.998972535
1770112699194121472.000000 -0.004243369 -0.002803817 -0.001122107 0.037883624 -0.025099583 -0.003896384 0.998959303
1770112699227453184.000000 -0.004428666 -0.003002041 -0.001195286 0.038316529 -0.024765154 -0.004889607 0.998946786
1770112699260790784.000000 -0.004449023 -0.003257488 -0.001580286 0.039566949 -0.025186675 -0.003003570 0.998894930
1770112699294120704.000000 -0.004549221 -0.003325720 -0.001429417 0.040147364 -0.024892639 -0.003144762 0.998878777
1770112699327452416.000000 -0.004225684 -0.003055753 -0.001210941 0.041699518 -0.024243372 -0.003886893 0.998828530
1770112699360788480.000000 -0.004302592 -0.003142304 -0.001137045 0.042442631 -0.024915094 -0.003744606 0.998781204
1770112699394120192.000000 -0.004360400 -0.003009076 -0.001213750 0.043079250 -0.024868913 -0.004156988 0.998753488
1770112699427452928.000000 -0.004345783 -0.002959807 -0.001140074 0.043860510 -0.024618592 -0.003823454 0.998727024
1770112699460787968.000000 -0.004522992 -0.003054582 -0.001215491 0.044130284 -0.024057858 -0.002432551 0.998733103
1770112699494119936.000000 -0.004333922 -0.003003637 -0.001078530 0.044512268 -0.024715595 -0.003568931 0.998696685
1770112699527453696.000000 -0.004115169 -0.003063047 -0.000770185 0.044195484 -0.024319200 -0.003185214 0.998721838
1770112699560787712.000000 -0.003838638 -0.003003272 -0.000735073 0.045431368 -0.025643395 -0.002578941 0.998634994
1770112699594120960.000000 -0.003728218 -0.002949790 -0.000821045 0.045738019 -0.025851786 -0.003343766 0.998613417
1770112699627453184.000000 -0.003802274 -0.003193440 -0.000863158 0.045784291 -0.025875019 -0.002920234 0.998611927
1770112699660787456.000000 -0.003602623 -0.003123724 -0.000854027 0.046261318 -0.026738906 -0.003801617 0.998564243
1770112699694119680.000000 -0.003727487 -0.003182881 -0.000649133 0.046545908 -0.025785992 -0.004683127 0.998572350
1770112699727452672.000000 -0.003618607 -0.003010574 -0.000439123 0.047625214 -0.026044955 -0.002609592 0.998522282
1770112699760788480.000000 -0.003706520 -0.003316714 -0.000543367 0.048467983 -0.026361624 -0.000838290 0.998476446
1770112699794120192.000000 -0.003780353 -0.003521350 -0.000451773 0.048077188 -0.026150871 -0.002010712 0.998499274
1770112699827452928.000000 -0.003841390 -0.003301803 -0.000542616 0.048257098 -0.025750482 0.000068258 0.998502970
1770112699860788736.000000 -0.003861767 -0.003385077 -0.000513834 0.047948342 -0.026330521 0.000229114 0.998502731
1770112699894120704.000000 -0.003909565 -0.003198664 -0.000617581 0.047321741 -0.026618743 -0.001269341 0.998524129
1770112699927453440.000000 -0.003739536 -0.003334741 -0.001016157 0.046599895 -0.026953073 -0.002638168 0.998546481
1770112699960787456.000000 -0.003396328 -0.003390566 -0.001158610 0.047253683 -0.027446743 -0.000396213 0.998505771
1770112699994119936.000000 -0.003552126 -0.003155827 -0.001066491 0.047427546 -0.027732963 -0.000782587 0.998489380
1770112700027452672.000000 -0.003638082 -0.003358218 -0.001016390 0.046490747 -0.026410993 0.001059495 0.998569012
1770112700060787456.000000 -0.004584137 -0.003381458 -0.001416158 0.044985898 -0.025973206 -0.000177006 0.998649895
1770112700094121216.000000 -0.004573090 -0.003001490 -0.001445992 0.045462575 -0.027223328 -0.000467316 0.998594940
1770112700127452416.000000 -0.004345902 -0.003067243 -0.002043215 0.045291074 -0.027806820 0.000889446 0.998586357
1770112700160786688.000000 -0.004421884 -0.002982548 -0.002291518 0.044302586 -0.027215661 0.002959929 0.998642981
1770112700194120448.000000 -0.004145935 -0.002622020 -0.003255566 0.045056537 -0.027673872 0.003031485 0.998596489
1770112700227452416.000000 -0.004244750 -0.002316829 -0.002931697 0.044849060 -0.027383596 0.001759500 0.998616874
1770112700260789504.000000 -0.004015312 -0.002473950 -0.003177266 0.043784704 -0.027506750 0.002873113 0.998658121
1770112700294120704.000000 -0.003883715 -0.002298449 -0.003591070 0.044114266 -0.027987339 0.002389648 0.998631597
1770112700327454464.000000 -0.004228333 -0.002539517 -0.003128243 0.042607304 -0.026900388 0.003781126 0.998722553
1770112700360786944.000000 -0.004514678 -0.002419444 -0.003326089 0.042226490 -0.027458699 0.003536332 0.998724401
1770112700394119424.000000 -0.004326633 -0.002353473 -0.003040867 0.041902561 -0.028755425 0.005054264 0.998695016
1770112700427452672.000000 -0.004024570 -0.002440505 -0.003641658 0.041053277 -0.029365545 0.004320418 0.998715997
1770112700460787712.000000 -0.004319549 -0.002557572 -0.003701680 0.040428668 -0.028803520 0.006172188 0.998748124
1770112700494119680.000000 -0.003917679 -0.002204251 -0.003910027 0.040933434 -0.029471239 0.007512532 0.998698950
1770112700527452416.000000 -0.004090223 -0.002404132 -0.003880326 0.039322741 -0.029628577 0.007036962 0.998762429
1770112700560786432.000000 -0.004327423 -0.002107360 -0.003774325 0.039820749 -0.028856825 0.008091787 0.998757303
1770112700594119936.000000 -0.004575681 -0.002374652 -0.003691688 0.037731715 -0.028677344 0.008077343 0.998843729
1770112700627452416.000000 -0.004034185 -0.002050564 -0.003914879 0.038200229 -0.029698461 0.006986907 0.998804271
1770112700660785664.000000 -0.004249267 -0.002283257 -0.003986806 0.036492828 -0.028804054 0.006423807 0.998898089
1770112700694119424.000000 -0.004469047 -0.002547158 -0.004004454 0.035294522 -0.028871134 0.010605104 0.998903573
1770112700727452416.000000 -0.004575867 -0.002377364 -0.003786438 0.034624118 -0.029111709 0.010150605 0.998924732
1770112700760787200.000000 -0.004539626 -0.002623704 -0.004474214 0.031880565 -0.029863549 0.010345545 0.998991907
1770112700794120192.000000 -0.004561872 -0.002363835 -0.004220543 0.032193150 -0.029571624 0.011512727 0.998977840
1770112700827452928.000000 -0.003874948 -0.001826093 -0.002845727 0.030207563 -0.030170092 0.009108805 0.999046743
1770112700860787200.000000 -0.003748390 -0.001839129 -0.001867277 0.028698865 -0.030407071 0.011177991 0.999063015
1770112700894119680.000000 -0.004003772 -0.001332747 -0.002094509 0.027383035 -0.029926747 0.011892186 0.999106228
1770112700927452928.000000 -0.004096040 -0.001578191 -0.001425751 0.026345517 -0.030435577 0.012542935 0.999110758
1770112700960786944.000000 -0.004114403 -0.001512688 -0.001626307 0.026112033 -0.030166170 0.014226616 0.999102473
1770112700994119168.000000 -0.004082974 -0.001495819 -0.001532953 0.024544368 -0.030625213 0.014273512 0.999127626
1770112701027452672.000000 -0.004262441 -0.001589157 -0.001533584 0.022534655 -0.030247578 0.015431608 0.999169290
1770112701060787968.000000 -0.004198756 -0.001750787 -0.001653855 0.020650754 -0.030782765 0.014790452 0.999203324
1770112701094119424.000000 -0.004161481 -0.001705178 -0.001726057 0.019741397 -0.030659374 0.014013597 0.999236643
1770112701127451904.000000 -0.004223554 -0.001237153 -0.002197553 0.020575730 -0.030469730 0.016258430 0.999191701
1770112701160785920.000000 -0.004307730 -0.001309442 -0.002276444 0.019231716 -0.030696804 0.016092313 0.999214172
1770112701194120192.000000 -0.004179923 -0.001167128 -0.002521526 0.019248139 -0.030892687 0.015177375 0.999222159
1770112701227452160.000000 -0.004021715 -0.000897176 -0.002397063 0.018837046 -0.030300690 0.018886976 0.999184847
1770112701260790528.000000 -0.004320581 -0.000373848 -0.002312196 0.018560462 -0.030192837 0.017399689 0.999220371
1770112701294119680.000000 -0.004528854 0.000252582 -0.002132739 0.019257490 -0.030620050 0.017324999 0.999195397
1770112701327451648.000000 -0.004238052 0.000054455 -0.002035243 0.018380683 -0.030019110 0.024067476 0.999090493
1770112701360785920.000000 -0.003865324 -0.000201947 -0.001567905 0.016815655 -0.030723182 0.021537038 0.999154449
1770112701394119168.000000 -0.004200313 -0.000280369 -0.003457420 0.016892090 -0.031490635 0.024493201 0.999061167
1770112701427451904.000000 -0.003977940 0.000294769 -0.004378485 0.018170379 -0.033542566 0.024662491 0.998967767
1770112701460786944.000000 -0.004108918 0.000775909 -0.004977390 0.021609033 -0.033428267 0.031780824 0.998701990
1770112701494118912.000000 -0.004366492 0.000692292 -0.005737623 0.018356893 -0.032302067 0.033998050 0.998731136
1770112701527451904.000000 -0.004113651 0.000636830 -0.005700889 0.017241256 -0.032809973 0.035369407 0.998686790
1770112701560786176.000000 -0.004334112 0.000624087 -0.005710267 0.015923468 -0.032703102 0.033320829 0.998782635
1770112701594119168.000000 -0.004198957 0.000791606 -0.006385333 0.014432410 -0.032742634 0.034081511 0.998778343
1770112701627451648.000000 -0.004182796 0.000139734 -0.005534830 0.012431350 -0.032564145 0.034354191 0.998801768
1770112701660786432.000000 -0.004087655 0.000233508 -0.005980023 0.011588356 -0.033024628 0.032270063 0.998866200
1770112701694118912.000000 -0.004183882 0.000438044 -0.006097666 0.009918969 -0.032468971 0.020003006 0.999223351
1770112701727451648.000000 -0.004092982 0.000437005 -0.007487833 0.008479581 -0.033244126 0.006688882 0.999388993
1770112701760786944.000000 -0.004091189 0.000041585 -0.006561101 0.005526670 -0.034547620 -0.001045983 0.999387324
1770112701794119680.000000 -0.004116422 -0.001183219 -0.005541969 0.003111331 -0.035704855 -0.017832167 0.999198437
1770112701827431168.000000 -0.003744571 -0.001073214 -0.005727523 0.000680947 -0.036456220 -0.032324202 0.998812079
1770112701860766208.000000 -0.004172256 -0.001303694 -0.005837220 -0.000788037 -0.037381075 -0.040833928 0.998466194
1770112701894098176.000000 -0.003737673 -0.001963605 -0.006059534 -0.005041459 -0.039197829 -0.052657347 0.997830331
1770112701927431168.000000 -0.003586775 -0.001838310 -0.007095613 -0.007075016 -0.040758979 -0.062174663 0.997207642
1770112701960765184.000000 -0.003732186 -0.002065762 -0.006602564 -0.008267372 -0.042008862 -0.074029483 0.996336639
1770112701994097408.000000 -0.003485513 -0.002501546 -0.006750247 -0.010977348 -0.042578936 -0.088727504 0.995084941
1770112702027430656.000000 -0.003694132 -0.002243765 -0.007276308 -0.011241833 -0.043076873 -0.099144235 0.994076669
1770112702060764672.000000 -0.002586139 -0.003542011 -0.008501181 -0.017916068 -0.045571577 -0.116380766 0.991996884
1770112702094097664.000000 -0.002877222 -0.003762013 -0.008801549 -0.020147497 -0.045706049 -0.127516508 0.990577996
1770112702127429632.000000 -0.002631299 -0.003845224 -0.009157849 -0.021545611 -0.047273874 -0.137365863 0.989157081
1770112702160764928.000000 -0.002880633 -0.003741108 -0.008897915 -0.022159662 -0.047556158 -0.146198794 0.987863004
1770112702194098432.000000 -0.002965956 -0.003923467 -0.009567585 -0.024428535 -0.048641380 -0.157720849 0.985982478
1770112702227430144.000000 -0.003134253 -0.003872450 -0.009318789 -0.025766205 -0.049074635 -0.167642131 0.984288573
1770112702260767232.000000 -0.002825843 -0.003669515 -0.010243308 -0.026468983 -0.049461354 -0.176675454 0.982669234
1770112702294097920.000000 -0.003158328 -0.003499795 -0.010334571 -0.027413104 -0.048737183 -0.187105715 0.980747044
1770112702327430400.000000 -0.003053108 -0.004081714 -0.011142999 -0.029867521 -0.049395736 -0.195652559 0.978972971
1770112702360765696.000000 -0.003324545 -0.003984325 -0.011464867 -0.031994641 -0.049582325 -0.204776704 0.977028430
1770112702394097408.000000 -0.003645780 -0.003874399 -0.010485382 -0.033677734 -0.049629088 -0.213619560 0.975074053
1770112702427430144.000000 -0.003468972 -0.003818627 -0.010182288 -0.034778446 -0.050442979 -0.222365782 0.973036230
1770112702460763648.000000 -0.003843764 -0.003707433 -0.010531588 -0.035770476 -0.050876983 -0.230227619 0.971147418
1770112702494097408.000000 -0.003595403 -0.003775054 -0.010699059 -0.037106555 -0.051821075 -0.237050280 0.969404399
1770112702527430912.000000 -0.003728551 -0.003917715 -0.010865425 -0.038306773 -0.051768757 -0.243903399 0.967658937
1770112702560766208.000000 -0.004183960 -0.004193755 -0.012406116 -0.039677553 -0.051445942 -0.250364393 0.965969384
1770112702594097664.000000 -0.004267687 -0.003682522 -0.012766236 -0.039254792 -0.051969796 -0.257563174 0.964064002
1770112702627430144.000000 -0.004014630 -0.003486998 -0.012226897 -0.039960701 -0.051766813 -0.264472604 0.962173402
1770112702660764672.000000 -0.004486179 -0.004074304 -0.013424740 -0.042327393 -0.051424950 -0.269621581 0.960660219
1770112702694097152.000000 -0.004409755 -0.003300150 -0.014260674 -0.041085657 -0.050940860 -0.276105940 0.958896518
1770112702727429888.000000 -0.004534659 -0.003418215 -0.014782351 -0.041881751 -0.050453216 -0.280980110 0.957471013
1770112702760764928.000000 -0.004145614 -0.003323763 -0.014692886 -0.041716002 -0.050835665 -0.286058724 0.955952942
1770112702794097664.000000 -0.004112735 -0.003343174 -0.014372786 -0.042514306 -0.050381351 -0.291003764 0.954448104
1770112702827429888.000000 -0.004441829 -0.003104910 -0.015647307 -0.042194642 -0.050039601 -0.295549631 0.953082442
1770112702860765952.000000 -0.004496578 -0.002920617 -0.015530475 -0.042728394 -0.049113359 -0.298771799 0.952101707
1770112702894096896.000000 -0.004580075 -0.003660311 -0.015931983 -0.045403775 -0.049569752 -0.302191108 0.950874329
1770112702927430400.000000 -0.004146980 -0.003670733 -0.014790367 -0.045790642 -0.050105240 -0.305368155 0.949812114
1770112702960763648.000000 -0.004178661 -0.003689787 -0.015843831 -0.045885559 -0.050788764 -0.308416277 0.948785782
1770112702994096896.000000 -0.003873086 -0.003153443 -0.016527452 -0.045989629 -0.051487781 -0.313153714 0.947189987
1770112703027430144.000000 -0.004693478 -0.003072715 -0.017645299 -0.046706069 -0.050140437 -0.315281779 0.946520925
1770112703060763648.000000 -0.004106826 -0.003254863 -0.016903756 -0.047456063 -0.049384803 -0.318750769 0.945360839
1770112703094096896.000000 -0.004321987 -0.003089070 -0.016814023 -0.047669914 -0.049844470 -0.320041358 0.944889784
1770112703127429632.000000 -0.004295903 -0.002813163 -0.016013185 -0.046849657 -0.049519707 -0.321129531 0.944578588
1770112703160763904.000000 -0.004308325 -0.003077283 -0.015586518 -0.048766207 -0.048986655 -0.323463887 0.943712533
1770112703194097664.000000 -0.004667325 -0.003784061 -0.016341804 -0.050480776 -0.048630744 -0.323504955 0.943626761
1770112703227429632.000000 -0.004659048 -0.003639637 -0.016347013 -0.049837708 -0.048638631 -0.323051423 0.943815827
1770112703260766720.000000 -0.004443249 -0.003464021 -0.016663456 -0.048326500 -0.048388507 -0.322329849 0.944153905
1770112703294097152.000000 -0.004750760 -0.003389837 -0.016724182 -0.048412677 -0.047118250 -0.323088288 0.943954468
1770112703327429888.000000 -0.004769918 -0.002813429 -0.016731709 -0.047573868 -0.046478916 -0.323904604 0.943749070
1770112703360765440.000000 -0.004742288 -0.003345141 -0.016486071 -0.048796833 -0.045828372 -0.323507667 0.943854630
1770112703394096640.000000 -0.004947680 -0.003356496 -0.016937867 -0.049411312 -0.044958085 -0.323216021 0.943964362
1770112703427429120.000000 -0.004789909 -0.003371978 -0.017392894 -0.049555145 -0.044617940 -0.322856069 0.944096148
1770112703460762880.000000 -0.004950025 -0.002985989 -0.017905153 -0.048812266 -0.042275973 -0.321587741 0.944675326
1770112703494096640.000000 -0.005196303 -0.002952602 -0.016998259 -0.048628695 -0.041376930 -0.319586873 0.945403397
1770112703527430144.000000 -0.004775626 -0.003175938 -0.017046912 -0.048316360 -0.041598707 -0.318248481 0.945861042
1770112703560763904.000000 -0.005186020 -0.002918480 -0.016729850 -0.047168676 -0.040144045 -0.314428717 0.947258294
1770112703594097152.000000 -0.005040790 -0.002888229 -0.016684033 -0.046815757 -0.038943950 -0.312892407 0.947834432
1770112703627429120.000000 -0.005142893 -0.002944048 -0.016533010 -0.047419868 -0.038037185 -0.308604926 0.949245811
1770112703660763904.000000 -0.005665383 -0.002605299 -0.016751377 -0.046744231 -0.036088280 -0.304640204 0.950635076
1770112703694096640.000000 -0.005422502 -0.002830628 -0.016197568 -0.046530254 -0.035570249 -0.301625192 0.951625943
1770112703727429376.000000 -0.005452767 -0.002718107 -0.016200293 -0.046388458 -0.034792922 -0.298046619 0.952788413
1770112703760762880.000000 -0.005894698 -0.002482529 -0.016562246 -0.044700708 -0.031886950 -0.292170286 0.954788804
1770112703794097664.000000 -0.006111676 -0.002292044 -0.016310874 -0.043616459 -0.030572474 -0.288202792 0.956086874
1770112703827429376.000000 -0.005944345 -0.002117408 -0.016328607 -0.042685341 -0.028491952 -0.281847030 0.958085835
1770112703860764672.000000 -0.005785692 -0.002144200 -0.016568445 -0.041179407 -0.027358806 -0.275140882 0.960131884
1770112703894097152.000000 -0.006918938 -0.001884426 -0.016480066 -0.041328900 -0.023444576 -0.265481442 0.962944448
1770112703927429888.000000 -0.007637334 0.000233856 -0.016852487 -0.037481025 -0.019961642 -0.262457967 0.964008629
1770112703960764416.000000 -0.007855027 0.000842979 -0.016200727 -0.035557710 -0.018429762 -0.252166718 0.966854692
1770112703994096384.000000 -0.007857831 0.000661055 -0.016065743 -0.034946319 -0.016404999 -0.243053064 0.969244480
1770112704027429632.000000 -0.008208139 0.000817167 -0.015943501 -0.033547480 -0.013507083 -0.232868776 0.971835554
1770112704060764928.000000 -0.008008444 0.000679440 -0.015503087 -0.031942874 -0.011904118 -0.222268954 0.974389315
1770112704094095104.000000 -0.007401039 0.000421976 -0.014718434 -0.031157961 -0.011349898 -0.210159838 0.977104545
1770112704127429120.000000 -0.007137117 0.000983071 -0.013616033 -0.027934745 -0.009646771 -0.203743100 0.978578269
1770112704160763648.000000 -0.007320563 0.000799329 -0.013130719 -0.026876112 -0.006572482 -0.194859594 0.980440855
1770112704194096896.000000 -0.007414229 0.001425036 -0.012781077 -0.023939051 -0.004117875 -0.190726906 0.981342614
1770112704227428608.000000 -0.007408359 0.001320160 -0.012293374 -0.023863474 -0.002370038 -0.182389602 0.982933939
1770112704260765440.000000 -0.006895853 0.002277900 -0.011650393 -0.020026276 -0.002135370 -0.173654944 0.984600663
1770112704294096384.000000 -0.007148531 0.001742674 -0.012611397 -0.020835366 -0.001344401 -0.167164028 0.985708058
1770112704327428864.000000 -0.007075865 0.001506221 -0.011698190 -0.019587649 0.001112333 -0.161180377 0.986729980
1770112704360763136.000000 -0.006729626 0.002119214 -0.009929852 -0.015866259 0.003388644 -0.154302314 0.987890542
1770112704394098432.000000 -0.006203619 0.002444816 -0.009955132 -0.012815457 0.004198228 -0.152100682 0.988273025
1770112704427428864.000000 -0.005929752 0.002235841 -0.009475435 -0.011508904 0.004754715 -0.150758311 0.988492310
1770112704460762624.000000 -0.006005089 0.002121856 -0.009406753 -0.008884290 0.005902331 -0.151914462 0.988336146
1770112704494095616.000000 -0.006112089 0.002274155 -0.009779478 -0.006758083 0.006608555 -0.149271443 0.988751113
1770112704527429632.000000 -0.005652593 0.002060265 -0.008994224 -0.004915389 0.007460928 -0.149869636 0.988665402
1770112704560763648.000000 -0.005590195 0.001779250 -0.008932927 -0.001973430 0.008365327 -0.145643666 0.989299834
1770112704594096896.000000 -0.005666516 0.001702744 -0.009171629 0.000376526 0.010128416 -0.148543909 0.988853872
1770112704627428864.000000 -0.005423983 0.001242223 -0.008839720 0.001502263 0.012517138 -0.148377657 0.988850415
1770112704660763904.000000 -0.005815756 0.001509195 -0.008141030 0.005020612 0.015748344 -0.148496836 0.988774776
1770112704694096128.000000 -0.005587218 0.001245013 -0.007700060 0.007571772 0.016807454 -0.149217054 0.988632619
1770112704727428608.000000 -0.004899466 0.001789476 -0.005912208 0.010521363 0.018711841 -0.150353953 0.988399148
1770112704760763392.000000 -0.005181740 0.001429736 -0.006329325 0.013373235 0.022095952 -0.148026347 0.988646150
1770112704794097408.000000 -0.005081937 0.001694374 -0.006951780 0.016907090 0.023505041 -0.148958340 0.988419533
1770112704827429376.000000 -0.003696393 0.001374747 -0.005420598 0.018595621 0.024770230 -0.147008345 0.988650203
1770112704860764672.000000 -0.002795291 0.000716197 -0.004138686 0.020618716 0.025456501 -0.146344557 0.988691092
1770112704894096640.000000 -0.003023037 0.000809954 -0.005325885 0.024213871 0.028393505 -0.145367607 0.988673747
1770112704927429376.000000 -0.002852674 0.000713814 -0.003907627 0.026477125 0.031679243 -0.144262999 0.988677680
1770112704960764672.000000 -0.002611043 0.000651955 -0.003484006 0.029163109 0.034497924 -0.143120006 0.988673925
1770112704994095872.000000 -0.002393531 0.000359579 -0.003488444 0.030309470 0.036869131 -0.142782122 0.988602698
1770112705027428608.000000 -0.001740966 0.000417816 -0.002389124 0.032883413 0.039754990 -0.141793907 0.988550842
1770112705060763648.000000 -0.002054968 0.000328431 -0.003448643 0.035086211 0.044335231 -0.141463965 0.988327503
1770112705094095872.000000 -0.002164697 0.000218773 -0.004016176 0.036992680 0.048395906 -0.141718924 0.988030970
1770112705127428608.000000 -0.001758366 0.000306977 -0.002878217 0.038440678 0.051761791 -0.142296210 0.987722039
1770112705160762624.000000 -0.001512448 0.000204303 -0.002559377 0.040000554 0.055535067 -0.142029524 0.987493515
1770112705194096640.000000 -0.001651046 -0.000028982 -0.003050942 0.041920744 0.059519090 -0.142460391 0.987119675
1770112705227427840.000000 -0.001352360 -0.000199468 -0.002702463 0.042952944 0.063299514 -0.141418219 0.986989915
1770112705260766208.000000 -0.001445242 -0.000617101 -0.003527090 0.044308711 0.067429498 -0.141495705 0.986645341
1770112705294095872.000000 -0.001190895 -0.000762924 -0.003202367 0.045060266 0.071162142 -0.141562909 0.986339450
1770112705327428352.000000 -0.000972929 -0.000971622 -0.003106140 0.045210391 0.074778929 -0.140870839 0.986164093
1770112705360762880.000000 -0.001107980 -0.001008720 -0.003486801 0.047031064 0.078538485 -0.141412422 0.985709071
1770112705394094848.000000 -0.000956284 -0.001250571 -0.003845712 0.046872124 0.081135251 -0.143204287 0.985247552
1770112705427428608.000000 -0.000864006 -0.001561827 -0.003852116 0.046044458 0.084307931 -0.143696666 0.984948456
1770112705460762880.000000 -0.000729329 -0.001625618 -0.004009356 0.046729676 0.087033138 -0.144963369 0.984493375
1770112705494095616.000000 -0.000650607 -0.002120262 -0.004824743 0.046530899 0.088501312 -0.147557348 0.983986497
1770112705527428352.000000 -0.000639013 -0.002206882 -0.004451430 0.046768297 0.089601405 -0.148753345 0.983695507
1770112705560763136.000000 -0.000438078 -0.001994577 -0.004135575 0.042796638 0.089359984 -0.150308713 0.983661830
1770112705594095616.000000 -0.000165898 -0.002088367 -0.003821419 0.035133604 0.088469893 -0.147904500 0.984409988
1770112705627428352.000000 0.000065018 -0.002107295 -0.003333878 0.027253358 0.086939856 -0.144741431 0.985265851
1770112705660763904.000000 0.000064133 -0.002138416 -0.003126044 0.020874973 0.085108496 -0.139398530 0.986351311
1770112705694095360.000000 0.000141578 -0.001975630 -0.002573653 0.016516458 0.082325891 -0.134756401 0.987314761
1770112705727428096.000000 0.000347968 -0.002043375 -0.002974844 0.012224962 0.079307854 -0.128987372 0.988394260
1770112705760762112.000000 0.000442789 -0.002106374 -0.002717212 0.008725451 0.077548951 -0.123720057 0.989243865
1770112705794098176.000000 0.000474745 -0.002042520 -0.002476234 0.006012124 0.075465374 -0.118513137 0.990062356
1770112705827428096.000000 0.000608780 -0.002222496 -0.002833965 0.003362518 0.073459074 -0.113954961 0.990760684
1770112705860763392.000000 0.000899197 -0.001946917 -0.002330874 0.001292654 0.072319128 -0.108854346 0.991422713
1770112705894094848.000000 0.000947098 -0.002072763 -0.002621771 -0.000664340 0.070174485 -0.104824923 0.992011547
1770112705927428608.000000 0.001105842 -0.002375133 -0.002491698 -0.003550839 0.068534195 -0.099215239 0.992696702
1770112705960763392.000000 0.001086271 -0.002293495 -0.002491396 -0.004596918 0.067896545 -0.095748484 0.993076622
1770112705994095360.000000 0.001068560 -0.002311472 -0.002641854 -0.005579013 0.066925324 -0.091754407 0.993514478
1770112706027428096.000000 0.001163558 -0.002239834 -0.002645297 -0.005977257 0.066155612 -0.088668235 0.993843853
1770112706060763136.000000 0.001190943 -0.002384937 -0.002819213 -0.006743162 0.065367363 -0.085482351 0.994170308
1770112706094095104.000000 0.001352581 -0.002376734 -0.002122758 -0.008054912 0.064834855 -0.082542203 0.994443774
1770112706127427328.000000 0.001468973 -0.002017617 -0.001645375 -0.006912112 0.064981289 -0.078976542 0.994732320
1770112706160762624.000000 0.001362192 -0.002273057 -0.002498954 -0.006378427 0.064743631 -0.076128319 0.994973421
1770112706194096384.000000 0.001181149 -0.002364798 -0.002657651 -0.005715000 0.064594924 -0.073528908 0.995182574
1770112706227427328.000000 0.001349018 -0.002278930 -0.002481388 -0.004724603 0.064876258 -0.069637090 0.995449364
1770112706260766208.000000 0.001277677 -0.002323595 -0.002941631 -0.003050475 0.064298943 -0.067001112 0.995674312
1770112706294095360.000000 0.001091316 -0.002655159 -0.003205557 -0.002130188 0.065140307 -0.063761376 0.995834708
1770112706327428096.000000 0.001009816 -0.002122301 -0.002961510 0.000057100 0.065832108 -0.061349761 0.995943010
1770112706360762368.000000 0.001035592 -0.002052481 -0.002553352 0.001277740 0.065649591 -0.060061406 0.996032715
1770112706394096384.000000 0.000920934 -0.002130084 -0.002986844 0.003687653 0.066268682 -0.057747271 0.996122599
1770112706427427584.000000 0.000823219 -0.002199794 -0.003647895 0.006424065 0.066887535 -0.054534059 0.996248424
1770112706460762368.000000 0.001091973 -0.001952019 -0.003300603 0.009231200 0.067240030 -0.052239954 0.996325493
1770112706494094592.000000 0.001119917 -0.002075325 -0.003488740 0.010544683 0.067038670 -0.051287290 0.996375561
1770112706527427584.000000 0.001161697 -0.002257878 -0.003305316 0.012118270 0.066887662 -0.049613435 0.996452570
1770112706560761856.000000 0.001246389 -0.002160770 -0.003311052 0.014528847 0.067151494 -0.048579451 0.996453524
1770112706594095360.000000 0.001192475 -0.002132085 -0.003097901 0.016647320 0.067676604 -0.047654897 0.996429503
1770112706627427072.000000 0.001089490 -0.002234716 -0.002954368 0.018995326 0.068551727 -0.047986973 0.996311784
1770112706660760832.000000 0.001263810 -0.002357802 -0.003274134 0.021036396 0.068365097 -0.047657155 0.996299386
1770112706694094336.000000 0.000999936 -0.002424646 -0.003195032 0.023767713 0.069043577 -0.047344107 0.996206164
1770112706727427072.000000 0.001072374 -0.002839087 -0.003829778 0.026275422 0.068964340 -0.045468967 0.996235967
1770112706760762112.000000 0.001080426 -0.003187210 -0.006332198 0.029584963 0.068794131 -0.044822767 0.996184289
1770112706794097920.000000 0.000941426 -0.003090929 -0.006326971 0.032119595 0.069885939 -0.046483718 0.995953560
1770112706827427328.000000 0.000880116 -0.003157353 -0.006300579 0.035026357 0.070437133 -0.044004090 0.995929480
1770112706860761856.000000 0.000844368 -0.002950502 -0.006406588 0.037749123 0.071507223 -0.042555604 0.995816648
1770112706894094592.000000 0.000987748 -0.002967527 -0.006245709 0.039804451 0.071789853 -0.043040879 0.995695412
1770112706927427840.000000 0.000521599 -0.003206509 -0.005189671 0.040265583 0.073357537 -0.044531770 0.995497048
1770112706960761856.000000 0.000538323 -0.003566538 -0.005445467 0.040311560 0.073835239 -0.044804305 0.995447636
1770112706994094592.000000 0.000916078 -0.003424892 -0.005325285 0.043040041 0.074304543 -0.043124482 0.995372713
1770112707027427328.000000 0.000665915 -0.003245981 -0.004463266 0.044072524 0.075782426 -0.043790355 0.995186925
1770112707060762368.000000 0.000680425 -0.003157904 -0.004761751 0.046154100 0.075666606 -0.043686450 0.995105982
1770112707094094592.000000 0.000600998 -0.003254676 -0.005563704 0.048012178 0.076263331 -0.043105885 0.994997859
1770112707127426816.000000 0.000713549 -0.003360078 -0.005866230 0.048554391 0.076456219 -0.043910809 0.994921505
1770112707160761088.000000 0.000472948 -0.003459129 -0.006255464 0.050056659 0.077557713 -0.042372677 0.994828463
1770112707194095360.000000 0.000581320 -0.003430749 -0.005965730 0.050540868 0.077668294 -0.042185314 0.994803369
1770112707227426816.000000 0.000670627 -0.003454892 -0.006155524 0.051122312 0.077426970 -0.041834231 0.994807303
1770112707260763136.000000 0.000799765 -0.003459065 -0.005915996 0.051593725 0.077630825 -0.042252667 0.994749367
1770112707294093312.000000 0.000823977 -0.003591663 -0.006317152 0.052009944 0.077824384 -0.042016581 0.994722605
1770112707327426816.000000 0.000801129 -0.003543573 -0.006472600 0.052569222 0.077839613 -0.041867107 0.994698286
1770112707360761856.000000 0.000769249 -0.003660057 -0.006695033 0.052312229 0.078102253 -0.041351441 0.994712830
1770112707394093568.000000 0.000762892 -0.003593788 -0.006441663 0.052490585 0.078302108 -0.040772729 0.994711578
1770112707427427072.000000 0.000790754 -0.003531799 -0.006648981 0.052843809 0.078440785 -0.040335059 0.994699836
1770112707460761600.000000 0.000900550 -0.003662275 -0.006613168 0.052273486 0.078466468 -0.040205799 0.994733155
1770112707494094336.000000 0.001041379 -0.003593774 -0.006251968 0.052484129 0.078653522 -0.039997943 0.994715691
1770112707527427328.000000 0.000881179 -0.003699838 -0.006668592 0.052978341 0.079822950 -0.039760578 0.994605839
1770112707560760832.000000 0.001037614 -0.003478999 -0.006065009 0.053723797 0.080217801 -0.040286914 0.994512856
1770112707594094848.000000 0.001135121 -0.003772194 -0.006145482 0.053214468 0.080612458 -0.039381545 0.994544625
1770112707627426560.000000 0.001027069 -0.003608116 -0.006508600 0.053924784 0.080515325 -0.039956935 0.994491279
1770112707660761344.000000 0.001110767 -0.003583039 -0.006499426 0.053754397 0.080962911 -0.039909448 0.994466007
1770112707694094080.000000 0.000984567 -0.003406635 -0.006501802 0.053974636 0.081795752 -0.039734669 0.994392991
1770112707727426816.000000 0.000899116 -0.003433773 -0.006433016 0.053461935 0.082532592 -0.039872278 0.994354308
1770112707760761600.000000 0.000883093 -0.003544647 -0.006816899 0.053150263 0.083161592 -0.039757844 0.994323134
1770112707794095872.000000 0.001171338 -0.003218754 -0.006490080 0.053416561 0.083321296 -0.039818317 0.994293094
1770112707827427072.000000 0.000855548 -0.003306066 -0.006472198 0.052632142 0.084459439 -0.039130200 0.994266212
1770112707860762112.000000 0.000915931 -0.003285810 -0.006444356 0.052400663 0.084519051 -0.038385909 0.994302392
1770112707894094592.000000 0.000728157 -0.003265114 -0.006898103 0.052497443 0.084920049 -0.038425513 0.994261622
1770112707927427072.000000 0.001112611 -0.003299755 -0.006215423 0.051135555 0.085142173 -0.038179673 0.994323075
1770112707960761344.000000 0.000676228 -0.003290836 -0.006342055 0.050206184 0.086138211 -0.037934199 0.994294047
1770112707994093568.000000 0.001383407 -0.003301163 -0.006268658 0.048821408 0.085618094 -0.038119655 0.994400799
1770112708027427072.000000 0.001516656 -0.002967674 -0.005790350 0.049024608 0.086517893 -0.036600377 0.994370043
1770112708060762368.000000 0.001509142 -0.003036519 -0.005953667 0.047843777 0.087183811 -0.035782147 0.994399190
1770112708094093824.000000 0.001109237 -0.002979960 -0.005664529 0.046170697 0.087617047 -0.037631020 0.994371951
1770112708127426048.000000 0.001500894 -0.003268949 -0.005142570 0.043663051 0.087337561 -0.038533762 0.994475186
1770112708160761344.000000 0.001057942 -0.003282391 -0.005806806 0.042549625 0.088625267 -0.037916917 0.994433224
1770112708194094848.000000 0.001143037 -0.002933013 -0.006164767 0.042286046 0.089103192 -0.037586581 0.994414330
1770112708227426304.000000 0.001239014 -0.003221952 -0.006149131 0.040565845 0.088634692 -0.039015189 0.994472802
1770112708260761088.000000 0.001100610 -0.003363989 -0.006190221 0.038687512 0.089217104 -0.039069317 0.994493425
1770112708294093312.000000 0.001129507 -0.002918329 -0.005269676 0.038600501 0.089459583 -0.038784172 0.994486272
1770112708327425792.000000 0.001302693 -0.002764244 -0.006107203 0.038299829 0.090134293 -0.038480189 0.994448781
1770112708360761344.000000 0.001503083 -0.003016394 -0.006047201 0.036369629 0.090120010 -0.036855444 0.994584084
1770112708394093824.000000 0.001674016 -0.002713838 -0.005609472 0.035761971 0.090330422 -0.036461443 0.994601488
1770112708427426816.000000 0.001451035 -0.002926396 -0.005593478 0.033286620 0.091573067 -0.035273794 0.994616628
1770112708460759808.000000 0.001380056 -0.003070121 -0.006054487 0.031152856 0.091979958 -0.032839745 0.994731545
1770112708494093568.000000 0.001546313 -0.002721669 -0.005244112 0.029794602 0.092119351 -0.032603286 0.994768023
1770112708527427072.000000 0.001746418 -0.002569017 -0.005040383 0.028697196 0.092219785 -0.031582125 0.994823873
1770112708560761088.000000 0.001603262 -0.002607464 -0.005059527 0.027281336 0.092930488 -0.032784376 0.994758725
1770112708594094336.000000 0.001618820 -0.002657625 -0.005723403 0.026096445 0.092575431 -0.034101393 0.994779348
1770112708627425792.000000 0.001605292 -0.002351590 -0.005277855 0.025069378 0.093535081 -0.032979783 0.994753778
1770112708660760320.000000 0.001642973 -0.002458093 -0.005587705 0.023243949 0.093500651 -0.032253068 0.994825184
1770112708694093568.000000 0.001632806 -0.002284747 -0.005205082 0.022219507 0.094297625 -0.030922728 0.994815588
1770112708727426304.000000 0.001520251 -0.002261101 -0.005115074 0.020879036 0.094898939 -0.029705206 0.994824588
1770112708760761344.000000 0.001753011 -0.002107638 -0.004947575 0.019416239 0.094575971 -0.027638664 0.994944513
1770112708794081792.000000 0.001533596 -0.002096129 -0.005561960 0.018387377 0.094674848 -0.028791353 0.994921982
1770112708827413760.000000 0.001787034 -0.001998367 -0.005341372 0.016923772 0.094273947 -0.028061310 0.995006859
1770112708860748544.000000 0.001783433 -0.002128480 -0.004797833 0.014363016 0.095409572 -0.023679705 0.995052755
1770112708894080768.000000 0.002013778 -0.001910785 -0.004093853 0.012213107 0.095678553 -0.023701191 0.995055139
1770112708927414528.000000 0.002054355 -0.001793766 -0.004708641 0.011031954 0.095611386 -0.021156365 0.995132804
1770112708960748288.000000 0.001960690 -0.001129671 -0.004502455 0.010949861 0.096139610 -0.022101780 0.995062232
1770112708994080512.000000 0.002033046 -0.000925743 -0.004524372 0.010050982 0.095289394 -0.023502091 0.995121419
1770112709027413504.000000 0.002089319 -0.001425020 -0.005369708 0.007248916 0.095505297 -0.023456935 0.995126128
1770112709060748288.000000 0.002070998 -0.001341671 -0.005711196 0.006322484 0.095522016 -0.021974441 0.995164752
1770112709094080512.000000 0.001973468 -0.001399561 -0.005859691 0.004396631 0.095742166 -0.021097675 0.995172858
1770112709127412736.000000 0.001996913 -0.001163204 -0.005598456 0.003251686 0.095758863 -0.020772031 0.995182514
1770112709160747776.000000 0.002067030 -0.000973651 -0.005541963 0.002351005 0.095397815 -0.020018127 0.995235145
1770112709194081792.000000 0.002018664 -0.001104752 -0.005389050 0.000194048 0.095973149 -0.019557005 0.995191813
1770112709227413504.000000 0.002269989 -0.000633820 -0.004643101 -0.000889872 0.096166350 -0.018361960 0.995195508
1770112709260749056.000000 0.002226154 -0.000599971 -0.004854515 -0.002615662 0.095880061 -0.017352600 0.995238245
1770112709294080000.000000 0.002297723 -0.000400597 -0.004109154 -0.004681901 0.095998801 -0.016657623 0.995231092
1770112709327413504.000000 0.002311240 -0.000315493 -0.004180027 -0.005992291 0.096195035 -0.016342236 0.995210290
1770112709360747520.000000 0.002373847 -0.000499918 -0.003401378 -0.009217118 0.096607469 -0.014223292 0.995178282
1770112709394080000.000000 0.002437323 -0.000239252 -0.003446938 -0.010110592 0.096345209 -0.014934770 0.995184600
1770112709427413248.000000 0.002366047 -0.000655662 -0.002590660 -0.015575809 0.097130813 -0.013215931 0.995061994
1770112709460750336.000000 0.002567348 -0.000526987 -0.002381693 -0.016666077 0.096395932 -0.011606321 0.995135903
1770112709494080512.000000 0.002034360 -0.000731661 -0.003093566 -0.018231772 0.097250938 -0.013104659 0.995006621
1770112709527413504.000000 0.002167679 -0.000529378 -0.003481151 -0.018849462 0.096949182 -0.011862611 0.995040119
1770112709560747776.000000 0.002251458 -0.000318230 -0.002617803 -0.020054717 0.096992426 -0.010836898 0.995024085
1770112709594080512.000000 0.002297717 -0.000282882 -0.002380701 -0.022249807 0.097203605 -0.010046640 0.994965136
1770112709627412480.000000 0.002312725 -0.000352904 -0.002301428 -0.023852197 0.096935615 -0.007608899 0.994975805
1770112709660747520.000000 0.002525585 -0.000224472 -0.002067920 -0.026075859 0.096262477 -0.006801848 0.994991124
1770112709694080000.000000 0.002577092 -0.000353219 -0.002188102 -0.027450182 0.096403636 -0.004907511 0.994951606
1770112709727412992.000000 0.002872787 -0.000136513 -0.001836772 -0.029138377 0.096276850 -0.002861007 0.994923890
1770112709760747008.000000 0.002940130 0.000484368 -0.001270922 -0.029617237 0.095583603 -0.002354393 0.994978011
1770112709794081280.000000 0.003057521 0.000295720 -0.001916434 -0.030672695 0.095016979 -0.001077150 0.995002449
1770112709827412736.000000 0.002915414 0.000460534 -0.001750876 -0.031724207 0.094556287 0.000820834 0.995013595
1770112709860749056.000000 0.002986015 0.000409959 -0.001979542 -0.033453081 0.094514377 0.000459139 0.994961202
1770112709894080512.000000 0.002794803 0.000061721 -0.001909758 -0.034937680 0.094862983 0.003157379 0.994872093
1770112709927413248.000000 0.002971152 0.000534155 -0.001520907 -0.035746250 0.094455279 0.005043514 0.994874358
1770112709960747264.000000 0.003256186 0.000986425 -0.001021690 -0.036763951 0.093743004 0.004822879 0.994905770
1770112709994080256.000000 0.003395517 0.001085174 -0.001261816 -0.037393294 0.093246184 0.005945736 0.994922936
1770112710027413248.000000 0.002825284 0.000400199 -0.001378990 -0.039758425 0.093210377 0.006334002 0.994832158
1770112710060747776.000000 0.002807174 0.000904491 -0.000997470 -0.041067477 0.093289010 0.008129301 0.994758606
1770112710094080000.000000 0.003127994 0.000738438 -0.001120587 -0.041787054 0.092231691 0.010419287 0.994805872
1770112710127412224.000000 0.003052182 0.000940558 -0.001340278 -0.042213205 0.091728225 0.009836432 0.994840324
1770112710160747520.000000 0.002876245 0.000916414 -0.001051402 -0.043481480 0.091494963 0.010091446 0.994804621
1770112710194080256.000000 0.002696163 0.001058196 -0.001218644 -0.043211024 0.092024378 0.011710950 0.994749844
1770112710227412480.000000 0.002832426 0.001111786 -0.000638915 -0.044902828 0.091733530 0.013917605 0.994673371
1770112710260747520.000000 0.002985826 0.001247414 -0.000305090 -0.045446370 0.090917185 0.013769505 0.994725645
1770112710294080000.000000 0.002867469 0.000991026 -0.000606728 -0.047033638 0.090081066 0.013808826 0.994727433
1770112710327412480.000000 0.002799578 0.001002671 -0.001069687 -0.048055921 0.089548834 0.014661496 0.994714379
1770112710360748032.000000 0.002635425 0.001253456 -0.000923314 -0.048168838 0.089472115 0.015291134 0.994706333
1770112710394080000.000000 0.002714573 0.001606040 -0.000407355 -0.048659779 0.089545183 0.013568887 0.994700909
1770112710427412736.000000 0.002720725 0.001786502 0.000766239 -0.050128341 0.088892825 0.012937558 0.994694889
1770112710460748800.000000 0.002741459 0.001654227 0.000161612 -0.050562769 0.088673361 0.014850358 0.994665742
1770112710494079744.000000 0.003006582 0.001232726 0.000383509 -0.052272860 0.088219717 0.015813351 0.994602859
1770112710527412992.000000 0.002814575 0.001259515 0.001129650 -0.052493598 0.087573253 0.018492039 0.994602203
1770112710560746496.000000 0.002773528 0.001652332 0.001253030 -0.052848373 0.087171577 0.017817024 0.994630933
1770112710594080256.000000 0.002642185 0.001779468 0.001847922 -0.053116959 0.087111667 0.018965408 0.994600654
1770112710627411968.000000 0.002645475 0.001749174 0.001545791 -0.053699549 0.085691385 0.021819860 0.994634271
1770112710660745984.000000 0.002657833 0.001847235 0.002191250 -0.053163048 0.085206859 0.018360874 0.994774580
1770112710694079744.000000 0.002415159 0.001637707 0.001415911 -0.054503161 0.085321456 0.021036059 0.994639277
1770112710727412480.000000 0.002490648 0.001423249 0.001915888 -0.056495100 0.084812514 0.019695802 0.994599044
1770112710760748032.000000 0.002593776 0.001469127 0.001936026 -0.055923153 0.083747379 0.019515000 0.994725168
1770112710794081280.000000 0.002970073 0.001914803 0.001857175 -0.054625310 0.082993984 0.022684654 0.994793236
1770112710827412992.000000 0.002490886 0.002025302 0.002689795 -0.055362318 0.082652621 0.024441740 0.994739294
1770112710860748032.000000 0.001987547 0.001497712 0.002221241 -0.057075225 0.083960123 0.024423771 0.994533360
1770112710894079744.000000 0.002050698 0.001282553 0.001881059 -0.057362869 0.082903184 0.022886965 0.994642079
1770112710927412736.000000 0.002069751 0.001743979 0.001206488 -0.055157721 0.081460841 0.024513893 0.994847178
1770112710960746752.000000 0.002038018 0.001709189 0.001607327 -0.056079678 0.080875129 0.024745464 0.994837701
1770112710994079488.000000 0.002175736 0.001555651 0.001994277 -0.057213522 0.079960436 0.025980853 0.994815528
1770112711027412480.000000 0.002426679 0.002005785 0.002047492 -0.056488711 0.079063855 0.026262319 0.994921207
1770112711060747264.000000 0.001783546 0.001411001 0.002605351 -0.057516329 0.080541439 0.028978450 0.994668365
1770112711094079488.000000 0.001765237 0.001573836 0.001665213 -0.056686454 0.079947576 0.026122002 0.994843066
1770112711127411712.000000 0.001961862 0.001433253 0.001464937 -0.056340236 0.079204448 0.025256572 0.994944513
1770112711160745984.000000 0.001552812 0.001413379 0.001497418 -0.055802569 0.079224981 0.025621226 0.994963884
1770112711194079744.000000 0.001712137 0.001554472 0.001675970 -0.055365410 0.077773683 0.026254427 0.995086253
1770112711227411968.000000 0.001408076 0.001520571 0.001949634 -0.054170318 0.077013277 0.026436437 0.995206356
1770112711260747776.000000 0.000930849 0.001453329 0.002599928 -0.054145504 0.076829776 0.025037916 0.995258093
1770112711294079488.000000 0.001576177 0.001918944 0.002537005 -0.052930105 0.075741842 0.026279582 0.995374799
1770112711327411712.000000 0.001471767 0.001380895 0.001996399 -0.053620286 0.074397758 0.026412232 0.995435715
1770112711360746496.000000 0.001440381 0.001734416 0.001588905 -0.052333735 0.073835433 0.025597846 0.995567322
1770112711394079232.000000 0.001265808 0.001623000 0.001336977 -0.052035738 0.074331783 0.025796004 0.995540857
1770112711427411968.000000 0.001295267 0.001158391 0.001279662 -0.051594891 0.073423423 0.028312638 0.995562911
1770112711460745728.000000 0.001337653 0.000992414 0.001637272 -0.051479656 0.072015531 0.027538421 0.995693386
1770112711494079488.000000 0.001293279 0.001613019 0.002122560 -0.050484419 0.070471846 0.022286506 0.995986164
1770112711527412480.000000 0.001059517 0.001646107 0.001085031 -0.047561213 0.067315102 0.018562647 0.996424675
1770112711560746752.000000 0.001300524 0.001977756 0.001937096 -0.046939980 0.066924132 0.018891592 0.996474266
1770112711594079744.000000 0.001230705 0.001766686 0.000837503 -0.044502534 0.064583741 0.017458873 0.996766627
1770112711627411456.000000 0.000876659 0.001220276 -0.000398529 -0.045733288 0.064374350 0.017030027 0.996731877
1770112711660745728.000000 0.000692815 0.001222879 -0.001313663 -0.044092271 0.061938949 0.017933339 0.996944249
1770112711694078720.000000 0.000900664 0.000630322 -0.001546950 -0.045662645 0.058976937 0.008223210 0.997180581
1770112711727411968.000000 0.000841907 0.000802558 -0.000758212 -0.045897104 0.057851281 0.005881071 0.997252285
1770112711760745728.000000 0.000784934 0.000775040 -0.000571899 -0.044898845 0.056728713 0.004475479 0.997369528
1770112711794080768.000000 0.000736459 0.000656487 -0.000648118 -0.043385815 0.055894647 0.006146693 0.997474670
1770112711827411712.000000 0.000529541 0.000350167 -0.000857062 -0.042746745 0.055342916 0.004377671 0.997542381
1770112711860746240.000000 0.000592697 0.000784460 -0.000534676 -0.040954981 0.053876556 0.002592553 0.997704089
1770112711894079232.000000 0.000446098 0.000538579 -0.000671744 -0.040160522 0.052438654 0.001082490 0.997815728
1770112711927411968.000000 0.000476182 0.000797122 -0.000412159 -0.037448227 0.050983615 0.000271517 0.997997165
1770112711960745216.000000 0.000395550 0.000336489 -0.000370591 -0.036930759 0.050250363 0.001026999 0.998053074
1770112711994078208.000000 0.000740562 0.000723317 -0.000141718 -0.034240529 0.048756648 0.001887323 0.998221874
1770112712027411712.000000 0.000493971 0.000553647 -0.000178960 -0.033686504 0.047746465 -0.000555336 0.998291135
1770112712060747264.000000 0.000409148 0.000438858 -0.000835448 -0.031079365 0.046137329 -0.001676748 0.998450100
1770112712094078720.000000 0.000465885 0.000325356 -0.001049598 -0.029683564 0.044575687 -0.000531255 0.998564780
1770112712127410944.000000 0.000250107 0.000477615 -0.001357579 -0.027425179 0.043861672 -0.002163432 0.998658836
1770112712160745472.000000 0.000409532 0.000460553 -0.001422698 -0.025106994 0.042895403 -0.000482051 0.998763919
1770112712194079744.000000 0.000500078 0.000748779 -0.000785476 -0.022979170 0.041707527 -0.001850013 0.998863935
1770112712227411200.000000 0.000381945 0.000303193 -0.000916000 -0.022800678 0.040898126 -0.001580492 0.998901904
1770112712260746752.000000 0.000416379 0.000493031 -0.001336791 -0.018044418 0.038892206 -0.002659404 0.999076962
1770112712294079488.000000 0.000461276 0.000808832 -0.001405820 -0.014893173 0.037388913 -0.004034021 0.999181688
1770112712327412224.000000 0.000286248 0.000599870 -0.001411857 -0.013443325 0.036478985 -0.004668240 0.999233127
1770112712360746496.000000 0.000354049 0.000543925 -0.001766757 -0.010101800 0.034566704 -0.006377873 0.999331057
1770112712394077952.000000 0.000187516 0.000629361 -0.001595270 -0.006695332 0.033622853 -0.005761772 0.999395549
1770112712427411200.000000 0.000330794 0.000460710 -0.001710412 -0.004896112 0.031907000 -0.004835599 0.999467194
1770112712460746240.000000 0.000192847 0.000611941 -0.001994480 -0.001117467 0.030926308 -0.005749392 0.999504566
1770112712494078208.000000 0.000103742 0.000519924 -0.002773063 0.002105056 0.029748723 -0.005565411 0.999539733
1770112712527411712.000000 0.000096504 0.000345401 -0.002070124 0.003181641 0.028768595 -0.005063707 0.999568224
1770112712560745472.000000 0.000006299 0.000464541 -0.002165128 0.006177033 0.027505588 -0.004964103 0.999590278
1770112712594078464.000000 -0.000212488 0.000262683 -0.002223476 0.008409229 0.026702315 -0.005038558 0.999595404
1770112712627410944.000000 -0.000069014 0.000573786 -0.001950289 0.011815722 0.024924712 -0.006040967 0.999601245
1770112712660745472.000000 -0.000110060 0.000581313 -0.001699857 0.014443127 0.024354368 -0.005825193 0.999582112
1770112712694078464.000000 -0.000497932 0.000432715 -0.002272571 0.016887667 0.023361009 -0.005521336 0.999569237
1770112712727410944.000000 -0.000484966 0.000174957 -0.002719668 0.019403741 0.021297611 -0.007626789 0.999555767
1770112712760747520.000000 -0.000513419 0.000131907 -0.002726370 0.022311747 0.020384911 -0.007067207 0.999518275
1770112712794081024.000000 -0.000569495 0.000253179 -0.003484164 0.026845705 0.019147271 -0.007494877 0.999428153
1770112712827411200.000000 -0.000693551 0.000216658 -0.003811312 0.030272972 0.017407328 -0.007567994 0.999361455
1770112712860745472.000000 -0.000767750 0.000016213 -0.004168335 0.033139214 0.015084939 -0.008150387 0.999303699
1770112712894078208.000000 -0.000612337 0.000085513 -0.003752285 0.034940146 0.012266729 -0.008394169 0.999278903
1770112712927411200.000000 -0.000682535 -0.000053687 -0.004353676 0.037991393 0.009575076 -0.008369476 0.999197125
1770112712960745216.000000 -0.000755413 -0.000158552 -0.004345086 0.039935824 0.007473805 -0.007950837 0.999142706
1770112712994078464.000000 -0.000814198 -0.000092010 -0.004476049 0.043338418 0.004619050 -0.009205859 0.999007404
1770112713027411200.000000 -0.000755061 -0.000240229 -0.004405170 0.045876000 0.001145200 -0.009359766 0.998902678
1770112713060744704.000000 -0.000793849 -0.000316929 -0.004313118 0.048448797 -0.001868103 -0.009678748 0.998777032
1770112713094078464.000000 -0.000875390 -0.000513922 -0.004849143 0.051290628 -0.005222041 -0.010558655 0.998614311
1770112713127410688.000000 -0.001062952 -0.000705764 -0.004900328 0.053433985 -0.008474056 -0.011071029 0.998474121
1770112713160745728.000000 -0.001180026 -0.000717036 -0.005054798 0.056732856 -0.011750008 -0.010742509 0.998262465
1770112713194078464.000000 -0.001297346 -0.001042294 -0.004744083 0.057717144 -0.015243326 -0.011105728 0.998154819
1770112713227410432.000000 -0.001303650 -0.001219036 -0.004593956 0.060427964 -0.018968729 -0.010784019 0.997934103
1770112713260745728.000000 -0.001479878 -0.001613661 -0.005169746 0.061063699 -0.022822810 -0.011914100 0.997801840
1770112713294078976.000000 -0.001530979 -0.001617977 -0.004815738 0.063514523 -0.026227552 -0.011514440 0.997569799
1770112713327410944.000000 -0.001638276 -0.001650110 -0.005169829 0.065401636 -0.029682022 -0.011275617 0.997353792
1770112713360745984.000000 -0.001885142 -0.001888384 -0.005536546 0.067093946 -0.032447521 -0.010803262 0.997160435
1770112713394077952.000000 -0.001968307 -0.002445122 -0.005532082 0.066443913 -0.035423424 -0.008229972 0.997127295
1770112713427410688.000000 -0.002105466 -0.002498397 -0.005839875 0.067479387 -0.037247069 -0.007623219 0.996996045
1770112713460745216.000000 -0.002472360 -0.003049090 -0.005820267 0.066957012 -0.038310938 -0.006035715 0.997001886
1770112713494077440.000000 -0.002631994 -0.003022177 -0.005608001 0.067088239 -0.038538232 -0.004611070 0.996991873
1770112713527410176.000000 -0.002749003 -0.003045948 -0.005276958 0.068600588 -0.038842700 -0.002522951 0.996884584
1770112713560745728.000000 -0.002804127 -0.002970000 -0.004707740 0.064995199 -0.038475957 0.000621571 0.997143388
1770112713594077952.000000 -0.002901057 -0.003231558 -0.004393016 0.056389157 -0.037405379 0.003125220 0.997703075
1770112713627410432.000000 -0.002650835 -0.003046779 -0.004174182 0.049165312 -0.037000403 0.002987084 0.998100579
1770112713660743680.000000 -0.002605490 -0.002577271 -0.003625745 0.043758593 -0.035445038 0.003901123 0.998405516
1770112713694076672.000000 -0.002539078 -0.002669528 -0.003367939 0.038748857 -0.035136621 0.004149440 0.998622417
1770112713727410432.000000 -0.002557760 -0.002641147 -0.003096762 0.034746073 -0.034056958 0.003450767 0.998809755
1770112713760744960.000000 -0.002716475 -0.002389038 -0.002397179 0.031783335 -0.032951482 0.004298460 0.998942256
1770112713794079488.000000 -0.002625379 -0.002305551 -0.002252753 0.028866401 -0.031709861 0.004723398 0.999069035
1770112713827411456.000000 -0.002471072 -0.002269552 -0.002026446 0.026397431 -0.032420456 0.004582544 0.999115169
1770112713860746496.000000 -0.002346262 -0.002100411 -0.001494439 0.022988288 -0.032187730 0.002712232 0.999213815
1770112713894077952.000000 -0.001853140 -0.001965899 -0.001162807 0.021202220 -0.032176781 0.001956479 0.999255419
1770112713927410944.000000 -0.002352960 -0.002006810 -0.001520093 0.019336389 -0.031026505 0.001587149 0.999330282
1770112713960744704.000000 -0.003142619 -0.002257766 -0.002328676 0.017820496 -0.029601764 0.000718861 0.999402702
1770112713994076928.000000 -0.003308852 -0.002506567 -0.002554740 0.016362630 -0.029468758 0.000919914 0.999431431
1770112714027410176.000000 -0.003486463 -0.002409522 -0.002173363 0.015093019 -0.029255398 -0.000340655 0.999458015
1770112714060744192.000000 -0.003390477 -0.002478490 -0.002460434 0.014885110 -0.029435454 -0.000218353 0.999455810
1770112714094077440.000000 -0.003258448 -0.002292938 -0.002069113 0.014480803 -0.029261606 -0.000361768 0.999466836
1770112714127409920.000000 -0.003299541 -0.002038385 -0.001436269 0.014558209 -0.029077582 -0.000295644 0.999471128
1770112714160745472.000000 -0.003165149 -0.002114175 -0.001551770 0.013926622 -0.028845524 -0.002130102 0.999484599
1770112714194078464.000000 -0.003518389 -0.002219101 -0.001495024 0.013526116 -0.027957629 -0.002671678 0.999514043
1770112714227410176.000000 -0.003344474 -0.002049412 -0.001394205 0.014074184 -0.028650945 -0.003415232 0.999484658
1770112714260745472.000000 -0.003644150 -0.002306132 -0.001245833 0.013894971 -0.027221417 -0.001906722 0.999531031
1770112714294078464.000000 -0.003321869 -0.001849704 -0.000758832 0.014980116 -0.027100600 -0.002323514 0.999517798
1770112714327410176.000000 -0.003292913 -0.002059391 -0.000608509 0.014782318 -0.026841367 -0.001863784 0.999528706
1770112714360744960.000000 -0.003391766 -0.002099705 -0.000675017 0.015797516 -0.026692191 -0.001823787 0.999517262
1770112714394077184.000000 -0.003552177 -0.002318543 -0.000870302 0.016624965 -0.026592795 -0.001313532 0.999507308
1770112714427409920.000000 -0.003284829 -0.001894330 -0.000509954 0.017833833 -0.026177172 -0.001227125 0.999497533
1770112714460745472.000000 -0.003222442 -0.001919728 -0.000539167 0.018798089 -0.026145447 -0.002499107 0.999478281
1770112714494076928.000000 -0.003249831 -0.002102774 -0.000312013 0.019526497 -0.025796549 -0.002524965 0.999473333
1770112714527409920.000000 -0.003368559 -0.002118547 -0.000208223 0.020455206 -0.025546556 -0.003574324 0.999457955
1770112714560744192.000000 -0.003683712 -0.002339241 -0.000806901 0.021393346 -0.025042780 -0.003427837 0.999451578
1770112714594077696.000000 -0.003753872 -0.002468748 -0.000997407 0.022547500 -0.024696348 -0.003824680 0.999433458
1770112714627409408.000000 -0.003866875 -0.002951121 -0.001052532 0.022452265 -0.024201101 -0.002797487 0.999451041
1770112714660744448.000000 -0.003759675 -0.002987862 -0.001419986 0.024868481 -0.024561819 -0.003494246 0.999382854
1770112714694077184.000000 -0.004368457 -0.003004748 -0.002046563 0.026098926 -0.024024449 -0.004710110 0.999359608
1770112714727409664.000000 -0.004703932 -0.003311871 -0.002136135 0.026583256 -0.023531241 -0.004576711 0.999359190
1770112714760745472.000000 -0.004579930 -0.003050259 -0.002392309 0.028824942 -0.023999628 -0.003340177 0.999290764
1770112714794078720.000000 -0.004535738 -0.002984246 -0.002114807 0.029940769 -0.023688640 -0.004387691 0.999261379
1770112714827409920.000000 -0.004436052 -0.002905547 -0.001878836 0.030944949 -0.023163736 -0.004703256 0.999241650
1770112714860744704.000000 -0.004507633 -0.003078252 -0.001754533 0.031912569 -0.023036670 -0.004389218 0.999215543
1770112714894077184.000000 -0.004221114 -0.003023535 -0.001913229 0.032483250 -0.023050092 -0.003504529 0.999200344
1770112714927410432.000000 -0.004646221 -0.003111342 -0.001935225 0.032922328 -0.022298960 -0.003826235 0.999201834
1770112714960744448.000000 -0.004900562 -0.003139677 -0.002193591 0.033579074 -0.021945886 -0.003246843 0.999189854
1770112714994076928.000000 -0.004874213 -0.003058847 -0.001954726 0.033118814 -0.021453856 -0.004025430 0.999213099
1770112715027409920.000000 -0.004140808 -0.003069316 -0.001633811 0.032745786 -0.022177376 -0.003897929 0.999210119
1770112715060743680.000000 -0.004603681 -0.003146218 -0.001899574 0.032933977 -0.021356747 -0.004045189 0.999221206
1770112715094076672.000000 -0.004908198 -0.003298509 -0.002092832 0.033729903 -0.020917827 -0.003343306 0.999206483
1770112715127409408.000000 -0.004675310 -0.003169687 -0.002060834 0.035373952 -0.021737786 -0.002334234 0.999135017
1770112715160742912.000000 -0.004695643 -0.003291878 -0.002117453 0.035772789 -0.021702090 -0.001183602 0.999123573
1770112715194076928.000000 -0.004424837 -0.002672859 -0.001930347 0.037308011 -0.021913011 -0.000805877 0.999063253
1770112715227409408.000000 -0.004481824 -0.002712085 -0.002151790 0.037835259 -0.022011973 -0.001660996 0.999040186
1770112715260745216.000000 -0.004935881 -0.002766829 -0.002763525 0.038389795 -0.021795737 -0.002372726 0.999022365
1770112715294078464.000000 -0.004962706 -0.002931227 -0.002724485 0.038744271 -0.021898715 -0.000112667 0.999009192
1770112715327411200.000000 -0.004925210 -0.003516349 -0.002790759 0.037884295 -0.021970015 -0.000109955 0.999040663
1770112715360743680.000000 -0.005094958 -0.003607087 -0.003088965 0.037585765 -0.021481618 -0.000048801 0.999062538
1770112715394076928.000000 -0.004812123 -0.003350933 -0.002307334 0.037868723 -0.021532547 0.000096289 0.999050736
1770112715427409408.000000 -0.004965371 -0.003071552 -0.003234211 0.038966194 -0.021942807 -0.000102141 0.998999596
1770112715460743168.000000 -0.005279790 -0.003370729 -0.003219552 0.038262740 -0.021526979 0.002021264 0.999033809
1770112715494076160.000000 -0.005685912 -0.003731211 -0.005052605 0.037221387 -0.021903029 0.000737454 0.999066770
1770112715527409664.000000 -0.006174471 -0.003725282 -0.005333554 0.038085770 -0.021733053 -0.000605459 0.999037981
1770112715560744192.000000 -0.006431131 -0.003417635 -0.004570640 0.038698975 -0.020446736 -0.000077187 0.999041796
1770112715594076672.000000 -0.006040475 -0.003157161 -0.004551759 0.038156848 -0.021194354 -0.000950498 0.999046564
1770112715627409408.000000 -0.006247354 -0.003429708 -0.004412064 0.036986377 -0.020952111 0.000581599 0.999095917
1770112715660743168.000000 -0.006363342 -0.003485778 -0.004510021 0.036612436 -0.020638989 0.001245635 0.999115646
1770112715694076416.000000 -0.006312437 -0.003621518 -0.004789930 0.036089323 -0.020593369 0.001978525 0.999134481
1770112715727409408.000000 -0.006264088 -0.003349077 -0.005383899 0.036215331 -0.021295058 0.001011421 0.999116600
1770112715760744448.000000 -0.006112211 -0.003376090 -0.005773504 0.035799082 -0.020932946 0.002180781 0.999137402
1770112715794079232.000000 -0.006108093 -0.003508273 -0.006107903 0.034832612 -0.021299565 0.001675458 0.999164760
1770112715827408896.000000 -0.006523053 -0.003854154 -0.006915349 0.034009371 -0.020660225 0.001573105 0.999206722
1770112715860744704.000000 -0.006752090 -0.003885966 -0.007371256 0.033672612 -0.020348495 0.001470603 0.999224663
1770112715894076928.000000 -0.006749623 -0.003936550 -0.007113533 0.033154968 -0.020122558 0.002689678 0.999244094
1770112715927409664.000000 -0.007040270 -0.003970229 -0.006972596 0.032286026 -0.019834034 0.002657218 0.999278367
1770112715960744192.000000 -0.007127181 -0.003749438 -0.006991260 0.031557858 -0.019540094 0.000384363 0.999310851
1770112715994075904.000000 -0.006894975 -0.003468999 -0.006463285 0.031558167 -0.019268028 0.001988902 0.999314189
1770112716027409408.000000 -0.006662670 -0.003464323 -0.005686495 0.030059993 -0.019019119 0.003367697 0.999361515
1770112716060743936.000000 -0.006689191 -0.003531419 -0.006813237 0.029797351 -0.019369246 0.004546280 0.999357998
1770112716094076672.000000 -0.006591705 -0.003162633 -0.006057722 0.029656375 -0.018441550 0.002783731 0.999386132
1770112716127408384.000000 -0.006597492 -0.003230552 -0.006572493 0.028519172 -0.019736122 0.000295113 0.999398351
1770112716160743936.000000 -0.006568776 -0.003361951 -0.006632937 0.026994223 -0.020093352 0.001966069 0.999431729
1770112716194076672.000000 -0.006657486 -0.003184478 -0.006671194 0.026692944 -0.019521214 0.001727329 0.999451578
1770112716227408896.000000 -0.006641129 -0.003253537 -0.006618458 0.025846681 -0.019113846 0.002729116 0.999479532
1770112716260742912.000000 -0.006593417 -0.003109601 -0.006636548 0.025589900 -0.019109266 0.002904343 0.999485672
1770112716294077440.000000 -0.006780233 -0.002965985 -0.006959528 0.025919497 -0.018547285 0.003731819 0.999485016
1770112716327408896.000000 -0.006509607 -0.002887862 -0.007415506 0.024939518 -0.018710444 0.002570770 0.999510586
1770112716360742912.000000 -0.006479475 -0.002931256 -0.007435369 0.023728540 -0.019183431 0.001246404 0.999533594
1770112716394075904.000000 -0.006072978 -0.002038818 -0.005808753 0.023970598 -0.019126678 0.000411159 0.999529660
1770112716427408896.000000 -0.006133626 -0.002218669 -0.005185124 0.020955658 -0.019137487 0.000299120 0.999597192
1770112716460743424.000000 -0.006000961 -0.002137838 -0.004818466 0.020536343 -0.018859539 0.001324321 0.999610364
1770112716494075648.000000 -0.006355055 -0.002008006 -0.005238302 0.019860273 -0.017968023 0.000650257 0.999641120
1770112716527409152.000000 -0.006221412 -0.002106851 -0.005190289 0.018683096 -0.017883155 0.000035935 0.999665558
1770112716560743936.000000 -0.006154938 -0.002223832 -0.005412635 0.017442208 -0.018571449 0.001043224 0.999674857
1770112716594076672.000000 -0.006223284 -0.001924062 -0.005396422 0.018154686 -0.017749175 0.002376674 0.999674857
1770112716627408384.000000 -0.006266170 -0.001839679 -0.005370659 0.018023308 -0.017090932 0.002842488 0.999687493
1770112716660743168.000000 -0.006340745 -0.001887287 -0.005767283 0.016849855 -0.017679933 0.001845081 0.999700069
1770112716694075904.000000 -0.006345488 -0.001778405 -0.005624042 0.016664283 -0.017086266 0.003117046 0.999710321
1770112716727408640.000000 -0.006305558 -0.001786305 -0.005633875 0.015986590 -0.016735571 0.004340549 0.999722779
1770112716760743168.000000 -0.006220738 -0.001522885 -0.005578454 0.016016006 -0.016553434 0.004864478 0.999722898
1770112716794054144.000000 -0.006156070 -0.001456350 -0.006578998 0.017052334 -0.016298706 0.007002529 0.999697208
1770112716827386368.000000 -0.006266932 -0.001568019 -0.006839744 0.016051762 -0.015963266 0.007468489 0.999715865
1770112716860720896.000000 -0.006216343 -0.001764369 -0.007134561 0.014570940 -0.016164811 0.007435397 0.999735594
1770112716894053376.000000 -0.006113356 -0.001677217 -0.006626648 0.013330550 -0.016085327 0.007208723 0.999755800
1770112716927386368.000000 -0.006281719 -0.001850980 -0.007469371 0.012724945 -0.016446436 0.006195337 0.999764621
1770112716960719616.000000 -0.005775149 -0.001514308 -0.007275699 0.012498246 -0.017412689 0.008133142 0.999737203
1770112716994052864.000000 -0.005361469 -0.000813560 -0.005142385 0.012781356 -0.016212286 0.009905113 0.999737799
1770112717027385600.000000 -0.005963456 -0.000769429 -0.004794241 0.010408258 -0.014565414 0.005151103 0.999826491
1770112717060720896.000000 -0.005598703 -0.000708324 -0.004184241 0.009188659 -0.013930175 0.006617681 0.999838889
1770112717094053120.000000 -0.005566796 -0.000458612 -0.004426694 0.008974543 -0.013751152 0.005450850 0.999850333
1770112717127385344.000000 -0.005696489 -0.000666687 -0.003847449 0.007102540 -0.013875187 0.003910863 0.999870896
1770112717160720128.000000 -0.005600275 -0.000370913 -0.004275259 0.006989173 -0.013724331 0.003166653 0.999876380
1770112717194053376.000000 -0.005471147 -0.000110670 -0.004178936 0.007850099 -0.012966131 0.006222229 0.999865830
1770112717227384832.000000 -0.005377125 -0.000164867 -0.004014194 0.006267176 -0.012759912 0.005710256 0.999882698
1770112717260721152.000000 -0.005394861 -0.000122897 -0.003756933 0.005540019 -0.012188635 0.005950626 0.999892712
1770112717294054144.000000 -0.005083293 -0.000068167 -0.003481010 0.005151687 -0.012427908 0.006869749 0.999885976
1770112717327385088.000000 -0.005250177 -0.000006976 -0.003573210 0.004742022 -0.011785655 0.004831139 0.999907672
1770112717360720896.000000 -0.005638019 -0.000076353 -0.004385223 0.003899008 -0.010685411 0.003653735 0.999928653
1770112717394052608.000000 -0.005677500 -0.000126002 -0.004297461 0.003459751 -0.010525481 0.001979850 0.999936700
1770112717427385344.000000 -0.005246417 0.000193309 -0.002797135 0.002266618 -0.009994466 0.004349125 0.999938011
1770112717460719616.000000 -0.005016425 0.000184242 -0.002491296 0.001050298 -0.010430926 0.002884318 0.999940932
1770112717494052352.000000 -0.005006259 0.000129522 -0.002037225 0.000589555 -0.010458385 0.002833765 0.999941170
1770112717527386112.000000 -0.004912645 0.000196506 -0.002218987 0.000573885 -0.009924246 0.002312234 0.999947965
1770112717560721408.000000 -0.004987110 0.000390190 -0.002202536 0.000598658 -0.009028970 0.001817531 0.999957442
1770112717594053632.000000 -0.005155483 0.000393332 -0.003457675 0.001001480 -0.008113418 0.003612956 0.999960065
1770112717627385600.000000 -0.004859303 0.000662190 -0.003260521 0.001526542 -0.008480759 0.003654562 0.999956191
1770112717660720384.000000 -0.004878290 0.000451806 -0.003806969 0.000442243 -0.008848971 0.002640438 0.999957263
1770112717694052096.000000 -0.004788492 0.000302322 -0.003484952 -0.000283172 -0.008393954 0.004799029 0.999953210
1770112717727384832.000000 -0.004932643 0.000590057 -0.003712496 0.000956992 -0.007435452 0.004667977 0.999961078
1770112717760720896.000000 -0.004959096 0.000630304 -0.002998795 -0.000060064 -0.006661695 0.001717823 0.999976397
1770112717794052096.000000 -0.004824400 0.000553900 -0.002888172 -0.001518351 -0.007203699 0.001770259 0.999971390
1770112717827384832.000000 -0.005049529 0.000494395 -0.002701133 -0.002145935 -0.006071849 0.002010163 0.999977231
1770112717860720640.000000 -0.004832068 0.000631112 -0.002728428 -0.002081328 -0.006714119 0.001285739 0.999974549
1770112717894052864.000000 -0.004800064 0.000660985 -0.002588634 -0.002553396 -0.007047181 -0.000593370 0.999971807
1770112717927385856.000000 -0.004505517 0.000506265 -0.002599421 -0.003129056 -0.006779452 0.002286531 0.999969542
1770112717960719616.000000 -0.004417293 0.000603125 -0.002271698 -0.003074559 -0.006480078 0.003170254 0.999969304
1770112717994051840.000000 -0.004594011 0.000484733 -0.002926011 -0.002695195 -0.006078966 0.002220866 0.999975443
1770112718027385088.000000 -0.004609427 0.000652007 -0.003134024 -0.002187500 -0.005972592 0.002326700 0.999977112
1770112718060719616.000000 -0.004571100 0.000657145 -0.002881860 -0.002412321 -0.005913851 0.001078698 0.999979079
1770112718094052096.000000 -0.004576881 0.000707445 -0.002684657 -0.002762115 -0.004852899 0.000873221 0.999984026
1770112718127384320.000000 -0.004486739 0.000550904 -0.003429817 -0.002609976 -0.004729439 0.002880111 0.999981284
1770112718160718848.000000 -0.004351094 0.000590093 -0.003298985 -0.003144756 -0.005395320 0.001604388 0.999979258
1770112718194052608.000000 -0.004308073 0.000599142 -0.002824672 -0.003869075 -0.004978898 0.002095134 0.999977946
1770112718227384320.000000 -0.004380727 0.000559429 -0.003461544 -0.003723455 -0.004539818 0.002763669 0.999979019
1770112718260720128.000000 -0.004271575 0.000734304 -0.002998632 -0.003789668 -0.003643732 0.003778174 0.999979079
1770112718294053120.000000 -0.004343178 0.000691012 -0.003275783 -0.004016308 -0.003892071 0.001829112 0.999982715
1770112718327384576.000000 -0.004140829 0.000727817 -0.003190173 -0.004176939 -0.004314967 0.001355086 0.999981105
1770112718360719616.000000 -0.004167851 0.000451398 -0.003027089 -0.005011853 -0.004024657 0.001215523 0.999978662
1770112718394051840.000000 -0.003972481 0.000620408 -0.003077221 -0.004093052 -0.004144723 0.001038257 0.999982536
1770112718427384576.000000 -0.003895550 0.000739487 -0.003011770 -0.004325778 -0.003507604 0.002705230 0.999980867
1770112718460719104.000000 -0.004161550 0.000708206 -0.003396466 -0.003164738 -0.002296156 0.002038976 0.999990344
1770112718494051840.000000 -0.004165823 0.000507761 -0.003731441 -0.003726941 -0.002184592 0.002683411 0.999987125
1770112718527385088.000000 -0.003940798 0.000567774 -0.003345475 -0.003836659 -0.002342823 0.001993252 0.999987960
1770112718560720128.000000 -0.003876867 0.000719581 -0.002860921 -0.004112918 -0.002001334 0.002856609 0.999985516
1770112718594052096.000000 -0.004016889 0.000421887 -0.003178668 -0.004857505 -0.001578584 0.003703624 0.999980092
1770112718627384576.000000 -0.004091439 0.000499722 -0.003820332 -0.003875553 -0.001795982 0.003592775 0.999984443
1770112718660720128.000000 -0.003777336 0.000714994 -0.003190338 -0.003508635 -0.002070924 0.001173119 0.999991000
1770112718694051840.000000 -0.003840565 0.000491235 -0.003123755 -0.004154553 -0.001033759 0.002489604 0.999987721
1770112718727384064.000000 -0.003654463 0.000688617 -0.002776522 -0.002989206 -0.000997300 0.002203859 0.999992609
1770112718760718592.000000 -0.003908616 0.000758066 -0.003273227 -0.002774092 -0.000527570 0.002380097 0.999993205
1770112718794051584.000000 -0.003910407 0.000724084 -0.003011330 -0.002850021 -0.000453052 0.000692286 0.999995649
1770112718827384320.000000 -0.003946707 0.000692188 -0.003405516 -0.002556674 -0.000466662 0.002150695 0.999994338
1770112718860720384.000000 -0.003798811 0.000656810 -0.003526071 -0.002695708 -0.000580656 0.001857707 0.999994516
1770112718894051840.000000 -0.003647056 0.000524739 -0.002969133 -0.003053123 -0.000191884 0.001567317 0.999994159
1770112718927385088.000000 -0.003617961 0.000654813 -0.002773111 -0.003054080 0.000175423 0.001718512 0.999993861
1770112718960719104.000000 -0.003599171 0.000640188 -0.002651044 -0.002963922 0.000350266 0.002038999 0.999993503
1770112718994051584.000000 -0.003532922 0.000617173 -0.002679178 -0.003016691 0.000424599 0.002415044 0.999992430
1770112719027384576.000000 -0.003534447 0.000876227 -0.003021033 -0.002055882 0.000744977 0.002496305 0.999994516
1770112719060719616.000000 -0.003426480 0.000741244 -0.002898914 -0.002218868 0.000873164 0.003194345 0.999992073
1770112719094051840.000000 -0.003599134 0.001004583 -0.002132285 -0.001530212 0.001204211 0.000785126 0.999997795
1770112719127384064.000000 -0.003457480 0.000682746 -0.002499830 -0.002028539 0.000747907 0.001361049 0.999996781
1770112719160719616.000000 -0.003086857 0.000912744 -0.001641330 -0.002033107 0.000391915 0.003310161 0.999992371
1770112719194052096.000000 -0.003041989 0.000647704 -0.002237564 -0.002286038 0.000476970 0.002724148 0.999993622
1770112719227383808.000000 -0.003044565 0.000680149 -0.001426632 -0.002699478 0.000912583 0.002265261 0.999993443
1770112719260719616.000000 -0.003103091 0.000730733 -0.001255158 -0.002258619 0.001381079 0.002173334 0.999994159
1770112719294052608.000000 -0.003419150 0.000745523 -0.001522431 -0.002277987 0.001639634 0.001774850 0.999994576
1770112719327384064.000000 -0.003602529 0.000922567 -0.001607000 -0.001667025 0.002048877 0.001488000 0.999995470
1770112719360717824.000000 -0.003422487 0.000773364 -0.001988002 -0.001529289 0.001583381 0.001250591 0.999996841
1770112719394051328.000000 -0.003252551 0.000823418 -0.001507654 -0.001644970 0.001393930 0.001852488 0.999996006
1770112719427384064.000000 -0.003231775 0.000853234 -0.001527438 -0.001300817 0.001704601 0.001626711 0.999996424
1770112719460718848.000000 -0.003063191 0.000902952 -0.001285231 -0.001111528 0.001728592 0.002076169 0.999995768
1770112719494051328.000000 -0.003037851 0.000780351 -0.001640726 -0.001432346 0.002158043 0.001924107 0.999994814
1770112719527385088.000000 -0.003058866 0.000843761 -0.000942235 -0.001929707 0.001922200 0.001888212 0.999994516
1770112719560719360.000000 -0.003298956 0.000866397 -0.001451680 -0.001098483 0.002348483 0.001529406 0.999995530
1770112719594051584.000000 -0.003328889 0.000647746 -0.002017019 -0.001057989 0.002693729 0.002014009 0.999993861
1770112719627383808.000000 -0.002772541 0.000647153 -0.001612804 -0.001582170 0.001245835 0.001585222 0.999996781
1770112719660718080.000000 -0.002962333 0.000812491 -0.001137774 -0.001074853 0.002212177 0.001177945 0.999996305
1770112719694051328.000000 -0.003234552 0.000800931 -0.000823800 -0.001064332 0.002323683 0.000747086 0.999996483
1770112719727383552.000000 -0.003168027 0.000840200 -0.001031830 -0.000513098 0.002739906 0.001528096 0.999994993
1770112719760717824.000000 -0.003075381 0.000841379 -0.001102478 -0.000159775 0.002646125 0.001718713 0.999995112
1770112719794050816.000000 -0.002968216 0.000802109 -0.001016784 -0.000377418 0.002230998 0.001586561 0.999996185
1770112719827384576.000000 -0.002955748 0.000782696 -0.001076402 -0.000129553 0.001982883 0.001237783 0.999997258
1770112719860719360.000000 -0.003112561 0.000799778 -0.000837887 -0.000250343 0.002264503 0.001374201 0.999996483
1770112719894051584.000000 -0.002640852 0.000881924 -0.000446640 0.000165369 0.002410367 0.001995336 0.999995172
1770112719927384576.000000 -0.002536348 0.001140803 -0.000214523 0.000258148 0.002081089 0.001521475 0.999996722
1770112719960719104.000000 -0.002288982 0.000827885 -0.000668901 0.000365127 0.002037549 0.001423697 0.999996841
1770112719994050816.000000 -0.002396303 0.000738649 -0.000583164 0.000091286 0.001990135 0.001703348 0.999996662
1770112720027384064.000000 -0.002497160 0.000670387 -0.000538899 -0.000090193 0.001843351 0.001662104 0.999996960
1770112720060719616.000000 -0.002618850 0.000658628 -0.001131334 0.000041364 0.002245861 0.001680743 0.999996066
1770112720094051072.000000 -0.002427076 0.000661046 -0.001662964 0.000415178 0.001911397 0.002108834 0.999995947
1770112720127383296.000000 -0.002506974 0.000495421 -0.002175366 0.000411402 0.001509499 0.001758417 0.999997258
1770112720160718336.000000 -0.002578233 0.000785301 -0.002183465 0.000812945 0.001994030 0.002196995 0.999995291
1770112720194051584.000000 -0.002405419 0.000539831 -0.002200142 0.000533440 0.002407773 0.001621366 0.999995649
1770112720227383296.000000 -0.002579075 0.000611530 -0.002145441 0.000640200 0.002617871 0.001327795 0.999995530
1770112720260718848.000000 -0.002504333 0.000602859 -0.002323793 0.000657617 0.001883828 0.000952152 0.999997616
1770112720294051840.000000 -0.002492648 0.000470852 -0.002599761 0.000913890 0.001890088 0.001783459 0.999996245
1770112720327383296.000000 -0.002518974 0.000735969 -0.001822763 0.000409245 0.001987875 0.001142591 0.999997318
1770112720360719360.000000 -0.002336092 0.000683668 -0.001968543 0.000434268 0.001478704 0.001572120 0.999997556
1770112720394050560.000000 -0.002326599 0.000881822 -0.002091661 0.000816684 0.001643131 0.000752600 0.999998093
1770112720427383296.000000 -0.002449355 0.000711444 -0.002108670 0.000477349 0.001765473 0.001538765 0.999997139
1770112720460718592.000000 -0.002552810 0.000706460 -0.001351173 0.000462760 0.002030116 0.001175363 0.999997199
1770112720494052608.000000 -0.002397675 0.000687189 -0.001768945 0.000616099 0.002199656 0.001261112 0.999996662
1770112720527384064.000000 -0.002393616 0.000621360 -0.002281511 0.000495822 0.001941546 0.001030917 0.999997497
1770112720560718848.000000 -0.002205621 0.000735549 -0.001699342 0.000469121 0.002068041 0.000966404 0.999997318
1770112720594052096.000000 -0.002462649 0.000580944 -0.001622041 0.000211707 0.002349651 0.001517727 0.999996126
1770112720627383296.000000 -0.002511229 0.000629449 -0.002348151 0.000588527 0.002114407 0.001151827 0.999996960
1770112720660717568.000000 -0.002396861 0.000604772 -0.002283992 0.000442643 0.001844959 0.000982333 0.999997735
1770112720694050304.000000 -0.002479722 0.000550449 -0.002230781 0.000347009 0.002305370 0.001626179 0.999996006
1770112720727382784.000000 -0.002586810 0.000459761 -0.002732361 0.000173877 0.002279134 0.001355684 0.999996543
1770112720760718592.000000 -0.002676759 0.000496397 -0.002168921 0.000656603 0.002817393 0.001398432 0.999994874
1770112720794050560.000000 -0.002527739 0.000560268 -0.002007663 0.000155988 0.002231878 0.000990299 0.999997020
1770112720827383808.000000 -0.002535811 0.000565998 -0.001883245 0.000201889 0.002480491 0.001600127 0.999995708
1770112720860719616.000000 -0.002513731 0.000962508 -0.000614166 0.000560455 0.002345649 0.000041413 0.999997139
1770112720894050560.000000 -0.002608372 0.000796962 -0.001212112 0.000370372 0.002087151 0.000214516 0.999997795
1770112720927383296.000000 -0.002424161 0.000888381 -0.001297780 0.000626713 0.002231557 0.000286920 0.999997258
1770112720960717568.000000 -0.002639740 0.000612200 -0.001758981 0.000531799 0.002896973 0.000900500 0.999995291
1770112720994050560.000000 -0.002445862 0.000625657 -0.002095541 0.000300911 0.002100184 0.001586216 0.999996483
1770112721027383296.000000 -0.002453699 0.000635991 -0.002007800 0.000539469 0.002168691 0.001028606 0.999997020
1770112721060717312.000000 -0.002403358 0.000671111 -0.001866260 0.000484426 0.002079304 0.001251886 0.999996960
1770112721094050304.000000 -0.002433777 0.000609306 -0.002183271 0.000438209 0.002266448 0.001169259 0.999996662
1770112721127382784.000000 -0.002590357 0.000617780 -0.001787708 0.000168899 0.002454270 0.000838120 0.999996662
1770112721160718336.000000 -0.002525748 0.000605261 -0.001666935 -0.000174890 0.002409620 0.000450767 0.999997020
1770112721194051072.000000 -0.002345824 0.000770379 -0.001477410 0.000246323 0.002346230 0.000544272 0.999997079
1770112721227382784.000000 -0.002364381 0.000668684 -0.001564219 0.000339172 0.002292905 0.001475056 0.999996305
1770112721260717824.000000 -0.002376497 0.000676459 -0.000874595 -0.000007623 0.002051978 0.000337081 0.999997854
1770112721294050816.000000 -0.002218920 0.001099439 -0.000321380 0.000689064 0.002172743 0.000098946 0.999997437
1770112721327382784.000000 -0.002254104 0.001016525 -0.000418026 0.000322153 0.001992912 0.000189220 0.999997973
1770112721360717568.000000 -0.002442624 0.000760856 -0.000649569 -0.000047525 0.002288164 0.000005542 0.999997377
1770112721394050816.000000 -0.002536206 0.000752296 -0.000675109 0.000171396 0.001987776 -0.000359280 0.999997973
1770112721427383040.000000 -0.002494100 0.000604206 -0.000985990 0.000150511 0.001874288 0.000737437 0.999997973
1770112721460718336.000000 -0.002503091 0.000671650 -0.001033026 0.000527849 0.002160515 0.000819939 0.999997258
1770112721494049792.000000 -0.002510616 0.000809642 -0.001376716 0.000510855 0.001878234 0.000411638 0.999998033
1770112721527383808.000000 -0.002795197 0.000643246 -0.002064178 0.000347075 0.002362791 0.000968276 0.999996722
1770112721560716800.000000 -0.002561813 0.000562956 -0.001262436 0.000311470 0.002066864 0.001086526 0.999997258
1770112721594051840.000000 -0.002574739 0.000752898 -0.000530049 0.000283619 0.002349559 0.000483216 0.999997139
1770112721627383040.000000 -0.002619726 0.000600996 -0.000835976 0.000241669 0.002357203 0.000171243 0.999997199
1770112721660719360.000000 -0.002856339 0.000568335 -0.001057742 0.000427993 0.002432733 0.001360117 0.999996066
1770112721694050304.000000 -0.002564261 0.000621155 -0.000706994 0.000170968 0.002221095 0.000743493 0.999997318
1770112721727382784.000000 -0.002570035 0.000569046 -0.000859980 0.000308537 0.002164895 0.000654461 0.999997377
1770112721760717568.000000 -0.002598766 0.000567965 -0.000688165 0.000179548 0.002395385 0.000937652 0.999996722
1770112721794049536.000000 -0.002667473 0.000562349 -0.001375680 0.000354156 0.002555080 0.001755748 0.999995172
1770112721827382784.000000 -0.002470382 0.000627281 -0.000826858 0.000140441 0.002044688 0.001404490 0.999996960
1770112721860717824.000000 -0.002517157 0.000596669 -0.000656497 0.000039538 0.002187269 0.001143196 0.999996960
1770112721894050048.000000 -0.002428028 0.000653483 -0.000864244 0.000106157 0.001912328 0.001149083 0.999997556
1770112721927383296.000000 -0.002379363 0.000634137 -0.000718808 0.000156181 0.001881091 0.001119825 0.999997675
1770112721960717568.000000 -0.002697495 0.000502266 -0.001125617 0.000233175 0.002115388 0.001243872 0.999996960
1770112721994049792.000000 -0.002224471 0.000907021 -0.000816467 0.000283456 0.001849756 0.001290482 0.999997497
1770112722027382784.000000 -0.002382317 0.000729355 -0.001573205 0.000423487 0.001803315 0.001418855 0.999997258
1770112722060716544.000000 -0.002501052 0.000617965 -0.001666185 0.000401173 0.002003661 0.000961809 0.999997497
1770112722094051072.000000 -0.002468981 0.000718575 -0.001904812 0.000713431 0.002017030 0.000884819 0.999997318
1770112722127383040.000000 -0.002651304 0.000478582 -0.002528267 0.000531588 0.002155848 0.001311925 0.999996662
1770112722160717824.000000 -0.002565373 0.000624054 -0.002187193 0.000474656 0.002237516 0.000730750 0.999997139
1770112722194050304.000000 -0.002459480 0.000394529 -0.002008776 -0.000103233 0.002194494 0.000795583 0.999997258
1770112722227382272.000000 -0.002464165 0.000445212 -0.002140464 0.000068538 0.001928729 0.000328622 0.999998093
1770112722260716800.000000 -0.002509559 0.000566636 -0.001994784 0.000415694 0.002362819 0.000644791 0.999996960
1770112722294050304.000000 -0.002504975 0.000431506 -0.001939310 0.000168395 0.002447376 0.000850683 0.999996662
1770112722327382016.000000 -0.002471550 0.000340656 -0.001919282 -0.000239655 0.002296444 0.000926035 0.999996960
1770112722360717056.000000 -0.002493491 0.000347284 -0.002148800 -0.000264207 0.002068596 0.000619989 0.999997675
1770112722394049280.000000 -0.002507355 0.000544090 -0.002022842 0.000350010 0.002244485 0.000609828 0.999997258
1770112722427382528.000000 -0.002567700 0.000347683 -0.002256769 -0.000018855 0.002246479 0.000430733 0.999997377
1770112722460716800.000000 -0.002470172 0.000421847 -0.002163398 0.000218750 0.002327165 0.000680438 0.999997079
1770112722494049280.000000 -0.002509103 0.000485655 -0.002023064 0.000106204 0.002140963 0.000402132 0.999997616
1770112722527382784.000000 -0.002430921 0.000547963 -0.002015953 0.000041677 0.002082430 0.000543288 0.999997675
1770112722560716288.000000 -0.002512333 0.000558526 -0.001853798 0.000121051 0.002290374 0.000527160 0.999997258
1770112722594050048.000000 -0.002497476 0.000531164 -0.001986787 0.000116879 0.002025782 0.000674885 0.999997735
1770112722627381760.000000 -0.002490459 0.000565303 -0.001918458 0.000180713 0.002167429 0.000881809 0.999997258
1770112722660715520.000000 -0.002560664 0.000495471 -0.002044264 -0.000050641 0.002212020 0.000729394 0.999997318
1770112722694049280.000000 -0.002614659 0.000426750 -0.002266696 0.000209225 0.002479598 0.001015381 0.999996424
1770112722727381760.000000 -0.002479029 0.000491052 -0.002020301 0.000044828 0.001976931 0.000920853 0.999997616
1770112722760717568.000000 -0.002603089 0.000515306 -0.002151315 0.000401679 0.002318162 0.000710563 0.999997020
1770112722794048768.000000 -0.002533348 0.000378712 -0.002357686 0.000221069 0.002075274 0.001144191 0.999997199
1770112722827382272.000000 -0.002565833 0.000412662 -0.002314946 0.000019543 0.002178492 0.000517001 0.999997497
1770112722860717824.000000 -0.002587124 0.000478211 -0.002092852 0.000296934 0.002554325 0.001093328 0.999996126
1770112722894049536.000000 -0.002529552 0.000518964 -0.002071508 0.000314266 0.002222655 0.000709904 0.999997258
1770112722927382784.000000 -0.002577538 0.000552552 -0.001958279 0.000292206 0.002249744 0.000992399 0.999996960
1770112722960716544.000000 -0.002537152 0.000493806 -0.002027940 0.000252865 0.002204725 0.000612237 0.999997377
1770112722994049024.000000 -0.002563499 0.000500784 -0.001998483 0.000185719 0.002220167 0.000814675 0.999997258
1770112723027382016.000000 -0.002606229 0.000396285 -0.002021327 0.000053840 0.002197336 0.000745317 0.999997318
1770112723060717568.000000 -0.002483218 0.000446321 -0.001952759 0.000058584 0.002067940 0.001074229 0.999997318
1770112723094049536.000000 -0.002548720 0.000512750 -0.002178534 0.000389698 0.002040878 0.000430475 0.999997795
1770112723127381248.000000 -0.002499945 0.000490115 -0.002229041 0.000241524 0.002131902 0.000712876 0.999997437
1770112723160716544.000000 -0.002562140 0.000557009 -0.001880593 0.000188449 0.002186483 0.000616972 0.999997437
1770112723194049792.000000 -0.002536949 0.000424459 -0.002004134 0.000023241 0.002153793 0.001009901 0.999997199
1770112723227381504.000000 -0.002440253 0.000407835 -0.002120196 0.000037799 0.002084170 0.000890074 0.999997437
1770112723260717056.000000 -0.002625200 0.000463558 -0.002113724 0.000092820 0.002299076 0.000530937 0.999997199
1770112723294050048.000000 -0.002596516 0.000498612 -0.002193042 0.000344428 0.002258003 0.000726575 0.999997199
1770112723327383040.000000 -0.002579577 0.000498856 -0.001988570 0.000182155 0.002396588 0.000708417 0.999996901
1770112723360716800.000000 -0.002595676 0.000502331 -0.002050967 0.000197007 0.002328282 0.000520982 0.999997199
1770112723394049024.000000 -0.002419292 0.000468544 -0.002212699 -0.000014899 0.001966110 0.000767419 0.999997795
1770112723427381760.000000 -0.002506743 0.000388195 -0.002099358 -0.000192674 0.002297817 0.000873788 0.999996960
1770112723460716032.000000 -0.002498315 0.000523639 -0.001993921 0.000111408 0.002217109 0.000648879 0.999997377
1770112723494049280.000000 -0.002616549 0.000436423 -0.002120799 -0.000191948 0.002322232 0.000808382 0.999996960
1770112723527382016.000000 -0.002678738 0.000464467 -0.002241644 0.000228636 0.002467117 0.000678686 0.999996781
1770112723560717312.000000 -0.002575047 0.000489975 -0.002071300 0.000105086 0.002163919 0.000737283 0.999997377
1770112723594050304.000000 -0.002553816 0.000498761 -0.002004223 0.000016272 0.002224851 0.000377764 0.999997497
1770112723627382016.000000 -0.002497572 0.000482970 -0.002057079 0.000110041 0.002252588 0.000475350 0.999997377
1770112723660716544.000000 -0.002581262 0.000413753 -0.001988817 -0.000258664 0.002211383 0.000603935 0.999997377
1770112723694048768.000000 -0.002632649 0.000517748 -0.001948012 0.000342667 0.002512325 0.000635905 0.999996603
1770112723727380992.000000 -0.002609603 0.000437204 -0.001939161 0.000063000 0.002639603 0.000988750 0.999996066
1770112723760715520.000000 -0.002586130 0.000374863 -0.002093054 -0.000048420 0.002282139 0.000598432 0.999997258
1770112723794048512.000000 -0.002607043 0.000360496 -0.002084432 -0.000160065 0.002341843 0.000598472 0.999997139
1770112723827381504.000000 -0.002667385 0.000456104 -0.002013264 0.000084736 0.002409687 0.000428471 0.999997020
