1768818980.402804 0.0000000 0.0000000 0.0000000 -0.0000000 -0.0000000 -0.0000000 1.0000000
1768818980.836138 -0.0000691 -0.0012255 -0.0046402 0.0067632 -0.0046518 -0.0012174 0.9999656
1768818980.969470 0.0004245 -0.0010023 -0.0040820 0.0066366 -0.0058512 -0.0012035 0.9999602
1768818981.069471 0.0004920 -0.0013001 -0.0057565 0.0064113 -0.0057371 -0.0022828 0.9999604
1768818981.336136 0.0003506 -0.0014739 -0.0052241 0.0076174 -0.0042563 -0.0063157 0.9999420
1768818981.469470 -0.0000929 -0.0011529 -0.0045206 0.0069125 -0.0030614 -0.0080202 0.9999393
1768818981.602803 0.0001677 -0.0007370 -0.0034420 0.0051370 -0.0023835 -0.0102627 0.9999313
1768818981.636137 -0.0002318 -0.0009313 -0.0038197 0.0043370 -0.0019235 -0.0107297 0.9999312
1768818981.702803 -0.0008431 -0.0018760 -0.0034846 0.0023186 -0.0015487 -0.0120090 0.9999240
1768818981.802802 -0.0005591 -0.0012967 -0.0031540 0.0008154 -0.0021339 -0.0137254 0.9999032
1768818982.002803 -0.0005342 0.0012441 0.0054910 -0.0023042 0.0000624 -0.0196882 0.9998035
1768818982.036137 -0.0002694 0.0011837 0.0052937 -0.0025387 -0.0004009 -0.0197654 0.9998013
1768818982.069471 0.0004323 0.0009565 0.0046659 -0.0029713 -0.0011335 -0.0200923 0.9997931
1768818982.169469 0.0005741 0.0007748 0.0039318 -0.0027220 -0.0015635 -0.0198299 0.9997985
1768818982.202802 0.0009293 0.0007656 0.0036759 -0.0028280 -0.0019516 -0.0198246 0.9997976
1768818982.269506 0.0000756 0.0001557 0.0017998 -0.0034222 -0.0020383 -0.0201712 0.9997886
1768818982.302840 -0.0001941 0.0003418 0.0009145 -0.0034902 -0.0022157 -0.0203500 0.9997844
1768818982.436174 -0.0009013 -0.0005898 -0.0016181 -0.0051997 -0.0037671 -0.0236033 0.9997008
1768818982.469506 -0.0006641 0.0002626 -0.0013166 -0.0051268 -0.0040912 -0.0243783 0.9996813
1768818982.569506 -0.0010525 0.0004400 -0.0025719 -0.0074122 -0.0057483 -0.0292193 0.9995290
1768818982.602840 -0.0009587 0.0003731 -0.0029573 -0.0078754 -0.0061557 -0.0298895 0.9995033
1768818983.002840 -0.0022343 -0.0000555 -0.0058058 -0.0089989 -0.0070323 -0.0319349 0.9994247
1768818983.036175 -0.0023378 -0.0004020 -0.0057446 -0.0090632 -0.0069089 -0.0316691 0.9994335
1768818983.102840 -0.0029104 -0.0000282 -0.0056915 -0.0088716 -0.0064416 -0.0317521 0.9994357
1768818983.269507 -0.0011239 -0.0007277 -0.0048649 -0.0093754 -0.0074155 -0.0326361 0.9993958
1768818983.336173 -0.0018401 0.0002275 -0.0038583 -0.0093149 -0.0066230 -0.0326382 0.9994019
1768818983.369507 -0.0016241 0.0006312 -0.0035887 -0.0095431 -0.0065369 -0.0334598 0.9993731
1768818983.402840 -0.0011125 0.0017820 -0.0023203 -0.0091139 -0.0063979 -0.0338613 0.9993645
1768818983.502842 -0.0004153 0.0044145 0.0012493 -0.0094551 -0.0057184 -0.0377535 0.9992260
1768818983.536173 0.0004039 0.0060002 0.0021172 -0.0093780 -0.0061758 -0.0395919 0.9991528
1768818983.569507 -0.0017957 0.0065590 0.0011894 -0.0098806 -0.0051798 -0.0414081 0.9990801
1768818983.602840 -0.0023920 0.0076243 -0.0011488 -0.0095503 -0.0059417 -0.0425561 0.9990308
1768818983.636173 -0.0032661 0.0064297 -0.0031483 -0.0104595 -0.0063636 -0.0420428 0.9990408
1768818983.669505 -0.0039859 0.0057870 -0.0064574 -0.0106603 -0.0076368 -0.0423600 0.9990164
1768818983.702840 -0.0047195 0.0043554 -0.0094133 -0.0127387 -0.0089411 -0.0451485 0.9988590
1768818983.769506 -0.0083279 0.0039788 -0.0157565 -0.0148161 -0.0092992 -0.0492276 0.9986344
1768818983.802839 -0.0106097 0.0046121 -0.0189951 -0.0154406 -0.0092502 -0.0521671 0.9984761
1768818983.836174 -0.0113382 0.0079985 -0.0189133 -0.0148042 -0.0086640 -0.0546801 0.9983566
1768818983.869505 -0.0110839 0.0111718 -0.0175153 -0.0142796 -0.0085666 -0.0552988 0.9983310
1768818983.936172 -0.0107176 0.0118544 -0.0162509 -0.0150094 -0.0082378 -0.0575417 0.9981963
1768818983.969506 -0.0101746 0.0116595 -0.0173536 -0.0147820 -0.0094242 -0.0575723 0.9981874
1768818984.002841 -0.0118930 0.0113016 -0.0184790 -0.0151790 -0.0091130 -0.0573153 0.9981992
1768818984.036173 -0.0136169 0.0101066 -0.0271032 -0.0160022 -0.0123342 -0.0584142 0.9980880
1768818984.236173 -0.0083706 0.0064051 -0.0039552 -0.0286386 -0.0648868 -0.0397008 0.9966912
1768818984.269505 -0.0085839 0.0066566 -0.0063028 -0.0287337 -0.0658249 -0.0391692 0.9966480
1768818984.302839 -0.0092644 0.0069316 -0.0086378 -0.0284115 -0.0659446 -0.0389065 0.9966596
1768818984.369506 -0.0092453 0.0067813 -0.0101244 -0.0287317 -0.0668371 -0.0387363 0.9965976
1768818984.502841 -0.0100884 0.0070497 -0.0102295 -0.0303005 -0.0662652 -0.0420108 0.9964567
1768818984.536172 -0.0099769 0.0070406 -0.0106331 -0.0305986 -0.0662162 -0.0424345 0.9964329
1768818984.569506 -0.0102190 0.0072041 -0.0107365 -0.0307751 -0.0661098 -0.0430515 0.9964080
1768818984.602839 -0.0101198 0.0075351 -0.0101792 -0.0307374 -0.0663988 -0.0432061 0.9963833
1768818984.636173 -0.0110401 0.0071390 -0.0107791 -0.0316685 -0.0657749 -0.0444849 0.9963393
1768818984.669505 -0.0123608 0.0058899 -0.0120120 -0.0334475 -0.0651589 -0.0461832 0.9962443
1768818984.702839 -0.0123854 0.0068757 -0.0139893 -0.0328160 -0.0656495 -0.0464929 0.9962187
1768818984.736173 -0.0136871 0.0072867 -0.0177609 -0.0334465 -0.0658041 -0.0473507 0.9961472
1768818984.769506 -0.0172140 0.0089335 -0.0311469 -0.0314671 -0.0671396 -0.0441190 0.9962709
1768818984.802839 -0.0180837 0.0070940 -0.0282744 -0.0345535 -0.0795310 -0.0360935 0.9955793
1768818984.936172 -0.0165406 0.0064235 -0.0134442 -0.0403365 -0.1186984 -0.0190204 0.9919284
1768818984.969506 -0.0156162 0.0070805 -0.0149256 -0.0393386 -0.1201550 -0.0212043 0.9917488
1768818985.002838 -0.0152732 0.0063122 -0.0203098 -0.0388718 -0.1216860 -0.0200774 0.9916040
1768818985.036174 -0.0148854 0.0041809 -0.0230038 -0.0390586 -0.1236460 -0.0176692 0.9913999
1768818985.069505 -0.0150883 0.0038718 -0.0238068 -0.0389714 -0.1242310 -0.0164973 0.9913505
1768818985.102839 -0.0153505 0.0048998 -0.0255545 -0.0374505 -0.1245423 -0.0169969 0.9913616
1768818985.136172 -0.0144354 0.0049213 -0.0269681 -0.0368217 -0.1261790 -0.0162160 0.9911913
1768818985.169506 -0.0145129 0.0039984 -0.0300199 -0.0363966 -0.1279946 -0.0154772 0.9909860
1768818985.202838 -0.0129451 0.0036510 -0.0345275 -0.0369324 -0.1313234 -0.0175996 0.9904950
1768818985.236172 -0.0122964 0.0036533 -0.0386069 -0.0368053 -0.1345029 -0.0205425 0.9900163
1768818985.336172 -0.0158813 0.0040090 -0.0327741 -0.0356488 -0.1474143 -0.0259471 0.9880916
1768818985.402838 -0.0186794 0.0063783 -0.0307473 -0.0332539 -0.1538097 -0.0284477 0.9871309
1768818985.436172 -0.0190555 0.0063210 -0.0339320 -0.0336731 -0.1562577 -0.0282794 0.9867371
1768818985.469504 -0.0196025 0.0066976 -0.0321104 -0.0330060 -0.1594832 -0.0287857 0.9862287
1768818985.569505 -0.0216933 0.0065394 -0.0301890 -0.0318379 -0.1714504 -0.0274290 0.9842961
1768818985.636172 -0.0233069 0.0060793 -0.0290980 -0.0329347 -0.1827723 -0.0242344 0.9823046
1768818985.869504 -0.0303514 0.0077861 -0.0287468 -0.0409317 -0.2203528 -0.0391887 0.9737728
1768818985.936171 -0.0333042 0.0095215 -0.0257342 -0.0419309 -0.2332376 -0.0420062 0.9706068
1768818985.969505 -0.0354485 0.0096376 -0.0243910 -0.0434882 -0.2385698 -0.0425653 0.9692169
1768818986.002838 -0.0366953 0.0101261 -0.0244454 -0.0456721 -0.2443437 -0.0437435 0.9676243
1768818986.036173 -0.0383664 0.0107373 -0.0231376 -0.0483631 -0.2507258 -0.0423224 0.9659226
1768818986.069505 -0.0382877 0.0107906 -0.0225186 -0.0512812 -0.2564211 -0.0426341 0.9642618
1768818986.136172 -0.0401664 0.0124793 -0.0197511 -0.0577854 -0.2693731 -0.0396346 0.9604833
1768818986.169504 -0.0405974 0.0124520 -0.0202154 -0.0616327 -0.2763291 -0.0370960 0.9583672
1768818986.202837 -0.0442032 0.0143764 -0.0154968 -0.0643109 -0.2832810 -0.0341571 0.9562684
1768818986.236171 -0.0482299 0.0172751 -0.0095208 -0.0674584 -0.2915694 -0.0301870 0.9536905
1768818986.302838 -0.0543698 0.0205541 -0.0006297 -0.0792720 -0.3067504 -0.0231139 0.9482014
1768818986.402838 -0.0616713 0.0243388 0.0087812 -0.0992116 -0.3206283 -0.0139389 0.9418919
1768818986.436172 -0.0637799 0.0255476 0.0117346 -0.1074106 -0.3224302 -0.0130077 0.9403896
1768818986.469504 -0.0656624 0.0265178 0.0140004 -0.1175337 -0.3222852 -0.0123337 0.9392369
1768818986.502840 -0.0700527 0.0284112 0.0199943 -0.1299931 -0.3186032 -0.0112257 0.9388652
1768818986.536171 -0.0718462 0.0294562 0.0223674 -0.1451078 -0.3116028 -0.0078271 0.9390347
1768818986.569504 -0.0753637 0.0306980 0.0262833 -0.1620472 -0.3000011 -0.0050663 0.9400609
1768818986.602838 -0.0767070 0.0306735 0.0276472 -0.1798601 -0.2868615 -0.0032441 0.9409306
1768818986.636172 -0.0783764 0.0321525 0.0304106 -0.1977194 -0.2751261 0.0001214 0.9408575
1768818986.669504 -0.0796537 0.0334468 0.0328845 -0.2118658 -0.2648739 -0.0009400 0.9407199
1768818986.702837 -0.0815452 0.0340609 0.0347574 -0.2249421 -0.2550936 -0.0046134 0.9403760
1768818986.736172 -0.0820418 0.0350446 0.0371269 -0.2372422 -0.2461398 -0.0076044 0.9397199
1768818986.769504 -0.0847914 0.0363471 0.0400814 -0.2508150 -0.2351890 -0.0118289 0.9389558
1768818986.802837 -0.0878910 0.0375425 0.0434173 -0.2641584 -0.2239492 -0.0183561 0.9379393
1768818986.836171 -0.0853841 0.0432640 0.0438240 -0.2722112 -0.2151540 -0.0294189 0.9374137
1768818986.869503 -0.0877402 0.0464978 0.0445373 -0.2820380 -0.2051993 -0.0386459 0.9364050
1768818986.902838 -0.0864798 0.0543082 0.0495562 -0.2928577 -0.1950345 -0.0499880 0.9347177
1768818986.936171 -0.0848632 0.0567778 0.0502965 -0.3046447 -0.1837416 -0.0622604 0.9324989
1768818986.969504 -0.0851543 0.0614038 0.0528762 -0.3127354 -0.1746680 -0.0731146 0.9307749
1768818987.002839 -0.0849195 0.0634233 0.0524784 -0.3193265 -0.1667455 -0.0835261 0.9291124
1768818987.036172 -0.0841000 0.0632819 0.0570077 -0.3292577 -0.1596300 -0.0884320 0.9264380
1768818987.069504 -0.0836890 0.0626605 0.0570515 -0.3356230 -0.1522941 -0.0978597 0.9244389
1768818987.102837 -0.0844384 0.0641421 0.0582800 -0.3379839 -0.1415161 -0.1042354 0.9245946
1768818987.136171 -0.0847146 0.0646629 0.0582993 -0.3390725 -0.1317726 -0.1095625 0.9250199
1768818987.169503 -0.0869432 0.0716147 0.0622255 -0.3384800 -0.1233599 -0.1156042 0.9256616
1768818987.202837 -0.0913191 0.0751529 0.0648613 -0.3399281 -0.1136430 -0.1221725 0.9255312
1768818987.236171 -0.0964687 0.0781558 0.0647775 -0.3375356 -0.1040961 -0.1316361 0.9262320
1768818987.269504 -0.1007487 0.0826058 0.0657633 -0.3351736 -0.0947115 -0.1406285 0.9267750
1768818987.302838 -0.1049195 0.0875259 0.0641752 -0.3284441 -0.0874215 -0.1516733 0.9281579
1768818987.336170 -0.1050621 0.0871918 0.0636201 -0.3276156 -0.0873150 -0.1529890 0.9282448
1768818987.369504 -0.1050488 0.0860609 0.0629688 -0.3273296 -0.0881538 -0.1536750 0.9281532
1768818987.402838 -0.1048389 0.0847725 0.0620312 -0.3261544 -0.0890023 -0.1556039 0.9281645
1768818987.436171 -0.1044488 0.0847482 0.0594593 -0.3208800 -0.0922263 -0.1606323 0.9288313
1768818987.469503 -0.1037844 0.0845102 0.0598472 -0.3124907 -0.0943778 -0.1617782 0.9312735
1768818987.502839 -0.1026757 0.0861588 0.0595616 -0.2999533 -0.0966919 -0.1644986 0.9346758
1768818987.536170 -0.1030875 0.0874977 0.0602442 -0.2945828 -0.1009849 -0.1702368 0.9349024
1768818987.569504 -0.1013605 0.0864504 0.0591582 -0.2877895 -0.1074283 -0.1752310 0.9353772
1768818987.602837 -0.1017035 0.0853368 0.0576132 -0.2806087 -0.1114153 -0.1810998 0.9359745
1768818987.636171 -0.1019805 0.0848432 0.0573964 -0.2750175 -0.1146125 -0.1859477 0.9362974
1768818987.669503 -0.1008131 0.0856834 0.0571804 -0.2640323 -0.1202393 -0.1889687 0.9381472
1768818987.702837 -0.1010713 0.0862408 0.0556598 -0.2558753 -0.1250291 -0.1963072 0.9382745
1768818987.736171 -0.1012723 0.0867277 0.0560638 -0.2494707 -0.1282760 -0.1994420 0.9388996
1768818987.769504 -0.1011631 0.0858295 0.0553481 -0.2444034 -0.1340930 -0.1936968 0.9406208
1768818987.802837 -0.1011699 0.0863922 0.0541791 -0.2369576 -0.1382236 -0.1997626 0.9406595
1768818987.836171 -0.1006467 0.0868479 0.0546652 -0.2260415 -0.1416366 -0.1987519 0.9430493
1768818987.869503 -0.0999871 0.0854211 0.0546804 -0.2200238 -0.1474051 -0.1960327 0.9441570
1768818988.036173 -0.1030034 0.0838193 0.0478884 -0.1871506 -0.1597138 -0.1992068 0.9485688
1768818988.069504 -0.1024774 0.0838679 0.0477677 -0.1843543 -0.1614468 -0.1981307 0.9490483
1768818988.102837 -0.1025318 0.0838616 0.0464597 -0.1813651 -0.1628641 -0.1988002 0.9492421
1768818988.136170 -0.1013903 0.0831620 0.0461203 -0.1796988 -0.1664057 -0.1989656 0.9489100
1768818988.302837 -0.1023335 0.0837611 0.0458128 -0.1649151 -0.1757664 -0.2003022 0.9496253
1768818988.402837 -0.1017962 0.0850941 0.0473568 -0.1596455 -0.1809039 -0.2001235 0.9495987
1768818988.436171 -0.1019797 0.0853404 0.0472346 -0.1589652 -0.1815779 -0.2018583 0.9492169
1768818988.536170 -0.1002705 0.0847675 0.0463325 -0.1479304 -0.1897411 -0.1997597 0.9498479
1768818988.569503 -0.1014009 0.0858462 0.0465454 -0.1456518 -0.1911671 -0.2008286 0.9496887
1768818988.602837 -0.1020360 0.0858542 0.0436644 -0.1427722 -0.1916626 -0.2019055 0.9497977
1768818988.636170 -0.1026762 0.0866174 0.0428342 -0.1402480 -0.1917824 -0.2038913 0.9497254
1768818988.669503 -0.1019429 0.0869837 0.0411074 -0.1354957 -0.1949961 -0.2070438 0.9490787
1768818988.702837 -0.1015428 0.0872657 0.0402254 -0.1312184 -0.1972157 -0.2082193 0.9489639
1768818988.736171 -0.1009879 0.0891991 0.0400529 -0.1261269 -0.1990926 -0.2102615 0.9488120
1768818988.802836 -0.1025698 0.0892291 0.0401893 -0.1201739 -0.2014995 -0.2154510 0.9479119
1768818988.836170 -0.1005516 0.0895473 0.0398072 -0.1170658 -0.2052289 -0.2163401 0.9472981
1768818988.869502 -0.1004287 0.0903295 0.0391730 -0.1138388 -0.2065594 -0.2169216 0.9472692
1768818988.902836 -0.1004053 0.0897920 0.0375809 -0.1125797 -0.2073504 -0.2169131 0.9472488
1768818988.969504 -0.0984882 0.0916002 0.0378961 -0.1045748 -0.2129259 -0.2171755 0.9468693
1768818989.002836 -0.0986445 0.0917285 0.0373730 -0.1029048 -0.2148501 -0.2193885 0.9461071
1768818989.036172 -0.0973969 0.0919339 0.0377029 -0.1012443 -0.2167891 -0.2188546 0.9459676
1768818989.069504 -0.0958276 0.0929298 0.0386130 -0.0980295 -0.2201814 -0.2170788 0.9459319
1768818989.102836 -0.0952791 0.0935654 0.0393557 -0.0965337 -0.2225528 -0.2191157 0.9450608
1768818989.136169 -0.0946771 0.0939965 0.0392648 -0.0936681 -0.2257572 -0.2219518 0.9439266
1768818989.169503 -0.0942727 0.0940363 0.0393265 -0.0933532 -0.2270547 -0.2222067 0.9435865
1768818989.202836 -0.0938914 0.0941629 0.0399822 -0.0924061 -0.2287062 -0.2239988 0.9428569
1768818989.236169 -0.0944199 0.0942876 0.0408211 -0.0929612 -0.2295048 -0.2247580 0.9424275
1768818989.302836 -0.0955857 0.0947395 0.0427418 -0.0952795 -0.2298833 -0.2277212 0.9413918
1768818989.336170 -0.0967020 0.0934148 0.0412495 -0.1024640 -0.2301986 -0.2326625 0.9393497
1768818989.369503 -0.0965501 0.0937521 0.0431277 -0.1063234 -0.2308178 -0.2316075 0.9390295
1768818989.402836 -0.0974505 0.0941097 0.0448826 -0.1085171 -0.2316297 -0.2311955 0.9386802
1768818989.436170 -0.0974655 0.0948145 0.0459814 -0.1105492 -0.2321202 -0.2314420 0.9382610
1768818989.469502 -0.0968868 0.0961892 0.0479063 -0.1113861 -0.2337443 -0.2325187 0.9374923
1768818989.536168 -0.0993904 0.0980012 0.0499675 -0.1125454 -0.2338252 -0.2342865 0.9368933
1768818989.569503 -0.0999934 0.0989586 0.0493086 -0.1127305 -0.2335360 -0.2347037 0.9368388
1768818989.602836 -0.1000554 0.0988141 0.0492414 -0.1123139 -0.2325055 -0.2326264 0.9376630
1768818989.636169 -0.1000447 0.0984740 0.0490730 -0.1130285 -0.2326632 -0.2320893 0.9376711
1768818989.702836 -0.1014511 0.0985275 0.0476218 -0.1143322 -0.2327089 -0.2323025 0.9374488
1768818989.736170 -0.1030067 0.0980549 0.0468950 -0.1152531 -0.2315794 -0.2310992 0.9379130
1768818989.769503 -0.1035057 0.0986799 0.0479398 -0.1156823 -0.2317952 -0.2309218 0.9378506
1768818989.802835 -0.1040645 0.0977194 0.0450207 -0.1200494 -0.2340273 -0.2189090 0.9396266
1768818989.836169 -0.1034022 0.0972557 0.0442904 -0.1223311 -0.2358102 -0.2049187 0.9420388
1768818989.902836 -0.1054522 0.0951201 0.0448353 -0.1296075 -0.2340950 -0.1843726 0.9457316
1768818989.936169 -0.1059422 0.0943011 0.0430899 -0.1291051 -0.2333797 -0.1825622 0.9463281
1768818989.969502 -0.1060695 0.0939068 0.0432292 -0.1297812 -0.2325882 -0.1800882 0.9469044
1768818990.002837 -0.1077265 0.0933592 0.0433396 -0.1300285 -0.2302956 -0.1779432 0.9478358
1768818990.036171 -0.1075843 0.0931053 0.0432251 -0.1284375 -0.2290013 -0.1736872 0.9491549
1768818990.069503 -0.1072089 0.0926762 0.0423086 -0.1283655 -0.2288253 -0.1718403 0.9495432
1768818990.102836 -0.1069295 0.0916294 0.0419242 -0.1286976 -0.2284685 -0.1708976 0.9497542
1768818990.136169 -0.1064712 0.0906843 0.0414094 -0.1283719 -0.2288525 -0.1707455 0.9497332
1768818990.169503 -0.1063354 0.0906651 0.0422969 -0.1283993 -0.2290441 -0.1698752 0.9498394
1768818990.202835 -0.1066332 0.0886412 0.0421556 -0.1287438 -0.2293164 -0.1702120 0.9496668
1768818990.236169 -0.1070051 0.0880908 0.0424929 -0.1293310 -0.2292884 -0.1709044 0.9494694
1768818990.269502 -0.1070237 0.0877899 0.0421769 -0.1286216 -0.2293704 -0.1717764 0.9493886
1768818990.302836 -0.1074841 0.0866205 0.0414657 -0.1290459 -0.2285618 -0.1717501 0.9495307
1768818990.336169 -0.1079859 0.0832517 0.0417853 -0.1304294 -0.2286438 -0.1720729 0.9492635
1768818990.369502 -0.1085219 0.0820400 0.0402460 -0.1307667 -0.2279034 -0.1719619 0.9494152
1768818990.402836 -0.1080696 0.0813261 0.0416465 -0.1310277 -0.2282811 -0.1720628 0.9492702
1768818990.436169 -0.1086024 0.0793207 0.0399374 -0.1315522 -0.2274329 -0.1710885 0.9495773
1768818990.469494 -0.1096408 0.0777317 0.0419060 -0.1328347 -0.2267901 -0.1708329 0.9495986
1768818990.502829 -0.1092202 0.0775585 0.0413184 -0.1320927 -0.2272899 -0.1714390 0.9494733
1768818990.569494 -0.1130848 0.0704097 0.0412481 -0.1348144 -0.2260014 -0.1699912 0.9496586
1768818990.602828 -0.1143545 0.0682675 0.0416094 -0.1338754 -0.2270111 -0.1721591 0.9491600
1768818990.636162 -0.1137098 0.0683375 0.0427712 -0.1284596 -0.2295348 -0.1773473 0.9483458
1768818990.669494 -0.1148883 0.0686047 0.0412484 -0.1221796 -0.2293524 -0.1788522 0.9489371
1768818990.702828 -0.1128060 0.0702364 0.0412218 -0.1143361 -0.2324422 -0.1809556 0.9487640
1768818990.736162 -0.1132398 0.0696200 0.0420050 -0.1117775 -0.2325238 -0.1832938 0.9485999
1768818990.769495 -0.1134159 0.0675234 0.0412935 -0.1096884 -0.2321688 -0.1829274 0.9490014
1768818990.802827 -0.1137587 0.0674345 0.0426051 -0.1051185 -0.2326907 -0.1844162 0.9491026
1768818990.836161 -0.1133503 0.0648712 0.0426186 -0.1019931 -0.2326500 -0.1854189 0.9492583
1768818990.902827 -0.1135196 0.0655557 0.0413621 -0.0883436 -0.2312059 -0.1887432 0.9503238
1768818990.969495 -0.1129709 0.0654576 0.0409857 -0.0788300 -0.2303546 -0.1922329 0.9506677
1768818991.002827 -0.1126255 0.0633626 0.0415186 -0.0770709 -0.2293213 -0.1924509 0.9510176
1768818991.036162 -0.1122944 0.0624963 0.0408942 -0.0710061 -0.2288079 -0.1949425 0.9511060
1768818991.102828 -0.1126317 0.0613724 0.0406671 -0.0608054 -0.2265460 -0.1964447 0.9520447
1768818991.136160 -0.1124610 0.0607618 0.0410180 -0.0546894 -0.2255543 -0.1986861 0.9521860
1768818991.169494 -0.1125105 0.0596360 0.0386434 -0.0495673 -0.2254479 -0.1995033 0.9523208
1768818991.202827 -0.1125620 0.0585551 0.0404886 -0.0455580 -0.2250461 -0.2008424 0.9523345
1768818991.269494 -0.1117264 0.0571105 0.0395917 -0.0321027 -0.2237523 -0.2008573 0.9531845
1768818991.302827 -0.1116758 0.0537530 0.0390347 -0.0317515 -0.2199047 -0.1956205 0.9551787
1768818991.336161 -0.1111084 0.0531786 0.0414525 -0.0266363 -0.2132979 -0.1936803 0.9572265
1768818991.369494 -0.1095325 0.0523446 0.0408346 -0.0245033 -0.2046587 -0.1935143 0.9592010
1768818991.402827 -0.1102053 0.0516419 0.0402866 -0.0214760 -0.1951452 -0.1956165 0.9608285
1768818991.436161 -0.1090732 0.0488978 0.0419916 -0.0177731 -0.1875983 -0.1944584 0.9626406
1768818991.536160 -0.1010497 0.0396349 0.0402122 -0.0117671 -0.1691900 -0.2067920 0.9635732
1768818991.569494 -0.1006581 0.0390757 0.0410232 -0.0076216 -0.1642210 -0.2083752 0.9641334
1768818991.669494 -0.1016603 0.0399379 0.0403549 0.0073868 -0.1499475 -0.2099890 0.9661086
1768818991.702827 -0.1014691 0.0392840 0.0406156 0.0108301 -0.1471988 -0.2101097 0.9664726
1768818991.736161 -0.1015730 0.0394958 0.0395288 0.0159521 -0.1447213 -0.2105663 0.9666763
1768818991.769494 -0.1014400 0.0396243 0.0388499 0.0209716 -0.1417057 -0.2126346 0.9665745
1768818991.869493 -0.1015011 0.0396635 0.0381568 0.0334747 -0.1355831 -0.2179054 0.9659265
1768818991.969494 -0.1016075 0.0399052 0.0370101 0.0401421 -0.1319838 -0.2192412 0.9658686
1768818992.002826 -0.1017855 0.0394659 0.0375591 0.0406191 -0.1300451 -0.2179655 0.9664002
1768818992.036163 -0.1015283 0.0393835 0.0382333 0.0417794 -0.1277581 -0.2186649 0.9664978
1768818992.102827 -0.1015476 0.0393916 0.0381781 0.0432845 -0.1207106 -0.2162572 0.9678782
1768818992.236160 -0.1014802 0.0391364 0.0396962 0.0478864 -0.1088111 -0.2124100 0.9699222
1768818992.369494 -0.1015466 0.0393205 0.0397658 0.0585381 -0.0928863 -0.2068933 0.9721834
1768818992.536160 -0.1006691 0.0410945 0.0323095 0.0699517 -0.0742512 -0.2038570 0.9736713
1768818992.636160 -0.1006549 0.0407349 0.0315614 0.0737998 -0.0659542 -0.2005625 0.9746683
1768818993.136159 -0.0986432 0.0396701 0.0358416 0.0744393 -0.0271339 -0.1897550 0.9786295
1768818993.336160 -0.0981628 0.0395646 0.0349344 0.0728664 -0.0212692 -0.1916105 0.9785313
1768818993.469491 -0.0975723 0.0379239 0.0417220 0.0662837 -0.0128612 -0.1873570 0.9799686
1768818993.536160 -0.0946402 0.0373299 0.0431396 0.0609785 -0.0121324 -0.1916154 0.9794989
1768818993.569492 -0.0926662 0.0382312 0.0437133 0.0596556 -0.0124986 -0.1944712 0.9790127
1768818993.636159 -0.0930210 0.0409970 0.0444111 0.0549768 -0.0107062 -0.2039534 0.9773771
1768818993.702826 -0.0915589 0.0434479 0.0438213 0.0512247 -0.0101924 -0.2133586 0.9755769
1768818993.736160 -0.0910209 0.0461615 0.0445589 0.0508378 -0.0095510 -0.2172059 0.9747543
1768818993.769493 -0.0902088 0.0469846 0.0446534 0.0481091 -0.0099958 -0.2209543 0.9740456
1768818993.869491 -0.0905270 0.0478253 0.0460360 0.0380716 -0.0088648 -0.2219544 0.9742732
1768818993.969493 -0.0892658 0.0462250 0.0492275 0.0286817 -0.0088300 -0.2177970 0.9755326
1768818994.002826 -0.0888308 0.0470716 0.0492839 0.0279567 -0.0086093 -0.2195610 0.9751601
1768818994.069493 -0.0878340 0.0483677 0.0497853 0.0262758 -0.0080363 -0.2235289 0.9743099
1768818994.136158 -0.0852258 0.0521582 0.0520574 0.0262871 -0.0072099 -0.2271394 0.9734808
1768818994.169492 -0.0851283 0.0530003 0.0529259 0.0246214 -0.0057305 -0.2296531 0.9729442
1768818994.202825 -0.0845933 0.0518846 0.0541060 0.0187972 -0.0045208 -0.2222403 0.9748002
1768818994.269492 -0.0850150 0.0547804 0.0566572 0.0164047 -0.0029572 -0.2269262 0.9737693
1768818994.302826 -0.0847948 0.0564808 0.0567708 0.0150921 -0.0027586 -0.2291405 0.9732724
1768818994.336159 -0.0844800 0.0585392 0.0561626 0.0153576 -0.0028189 -0.2301043 0.9730407
1768818994.369492 -0.0841785 0.0597929 0.0565466 0.0155924 -0.0026430 -0.2313120 0.9727511
1768818994.402826 -0.0842460 0.0611296 0.0569129 0.0150629 -0.0022697 -0.2330426 0.9723473
1768818994.669492 -0.0843762 0.0578924 0.0610399 -0.0135544 0.0002623 -0.2247854 0.9743140
1768818994.702825 -0.0840167 0.0571619 0.0617931 -0.0188816 0.0005558 -0.2239966 0.9744069
1768818994.736159 -0.0837252 0.0579378 0.0622051 -0.0218782 0.0020307 -0.2250056 0.9741097
1768818994.836159 -0.0828699 0.0576596 0.0646758 -0.0339447 0.0029482 -0.2230669 0.9742075
1768818994.969492 -0.0823685 0.0576419 0.0656882 -0.0443217 0.0050870 -0.2234945 0.9736837
1768818995.036161 -0.0810297 0.0592418 0.0671010 -0.0484908 0.0050216 -0.2275956 0.9725347
1768818995.102825 -0.0806753 0.0575942 0.0676134 -0.0586344 0.0065889 -0.2254874 0.9724577
1768818995.236159 -0.0798605 0.0581185 0.0704259 -0.0712937 0.0115219 -0.2294381 0.9706404
1768818995.269492 -0.0795561 0.0580942 0.0706143 -0.0730539 0.0124106 -0.2289832 0.9706059
1768818995.336159 -0.0794984 0.0578032 0.0704243 -0.0773604 0.0142873 -0.2268097 0.9707567
1768818995.369492 -0.0792083 0.0584299 0.0716205 -0.0782586 0.0154541 -0.2276999 0.9704584
1768818995.502825 -0.0730428 0.0629185 0.0740554 -0.0846876 0.0175961 -0.2304757 0.9692262
1768818995.536158 -0.0695426 0.0666868 0.0735627 -0.0832293 0.0169022 -0.2311189 0.9692116
1768818995.569491 -0.0684201 0.0678561 0.0746739 -0.0865728 0.0179829 -0.2309820 0.9689319
1768818995.602823 -0.0677997 0.0668837 0.0764702 -0.0928888 0.0181334 -0.2294790 0.9687013
1768818995.636158 -0.0686469 0.0695183 0.0776327 -0.0951036 0.0200122 -0.2316467 0.9679332
1768818995.836158 -0.0685412 0.0741735 0.0804517 -0.1175143 0.0221446 -0.2289307 0.9660698
1768818995.936157 -0.0654131 0.0795259 0.0802131 -0.1205450 0.0210050 -0.2302277 0.9654133
1768818996.002824 -0.0635526 0.0820862 0.0812965 -0.1223527 0.0214951 -0.2295299 0.9653413
1768818996.036159 -0.0640186 0.0817184 0.0817114 -0.1254659 0.0229780 -0.2281331 0.9652386
1768818996.069492 -0.0645446 0.0821698 0.0815113 -0.1268091 0.0244087 -0.2278455 0.9650959
1768818996.136157 -0.0647250 0.0814933 0.0837079 -0.1338810 0.0272494 -0.2292885 0.9637221
1768818996.269491 -0.0656065 0.0818184 0.0881084 -0.1483466 0.0336766 -0.2259694 0.9621835
1768818996.302824 -0.0647441 0.0841558 0.0885766 -0.1491448 0.0338853 -0.2282435 0.9615157
1768818996.369491 -0.0636759 0.0879798 0.0898089 -0.1540526 0.0387371 -0.2318721 0.9596888
1768818996.502824 -0.0625466 0.0882341 0.0936035 -0.1753517 0.0489551 -0.2226174 0.9577561
1768818996.536158 -0.0609063 0.0879930 0.0967321 -0.1814133 0.0492783 -0.2182060 0.9576257
1768818996.569491 -0.0610874 0.0888003 0.0960904 -0.1852102 0.0508511 -0.2149996 0.9575419
1768818996.636158 -0.0605808 0.0899389 0.0963618 -0.1913848 0.0521512 -0.2124877 0.9568182
1768818996.669491 -0.0609420 0.0892967 0.0971885 -0.1967405 0.0551578 -0.2101452 0.9560804
1768818996.702824 -0.0607221 0.0896783 0.0971731 -0.2003452 0.0565289 -0.2070154 0.9559346
1768818996.736157 -0.0597526 0.0909779 0.0976087 -0.2012964 0.0576694 -0.2048032 0.9561431
1768818996.769491 -0.0593908 0.0910423 0.0967367 -0.2020963 0.0582679 -0.2025248 0.9564233
1768818996.802823 -0.0590525 0.0917961 0.0980544 -0.2046829 0.0610972 -0.1982335 0.9565958
1768818996.836157 -0.0578961 0.0925399 0.0974307 -0.2038949 0.0607983 -0.1976278 0.9569084
1768818996.869490 -0.0581432 0.0919280 0.0983449 -0.2075505 0.0643594 -0.1917430 0.9570869
1768818996.902823 -0.0574655 0.0927029 0.0983221 -0.2076962 0.0651071 -0.1901268 0.9573271
1768818996.936157 -0.0575546 0.0924567 0.0999115 -0.2125158 0.0689189 -0.1841579 0.9571693
1768818996.969491 -0.0562950 0.0928451 0.1017999 -0.2175095 0.0713288 -0.1759650 0.9574122
1768818997.002823 -0.0541255 0.0930876 0.1043932 -0.2219367 0.0737418 -0.1662432 0.9579507
1768818997.036160 -0.0527672 0.0951242 0.1053811 -0.2254692 0.0752364 -0.1634331 0.9574929
1768818997.069491 -0.0523083 0.0981120 0.1059687 -0.2267237 0.0785407 -0.1574874 0.9579276
1768818997.102823 -0.0494150 0.0992642 0.1097894 -0.2323247 0.0789583 -0.1497820 0.9577872
1768818997.169490 -0.0484998 0.0991403 0.1110702 -0.2461082 0.0832191 -0.1475822 0.9543191
1768818997.202823 -0.0480381 0.1016914 0.1135087 -0.2479670 0.0846810 -0.1445066 0.9541799
1768818997.236157 -0.0485422 0.1021700 0.1144401 -0.2502198 0.0872431 -0.1404496 0.9539668
1768818997.269490 -0.0478637 0.1024875 0.1147497 -0.2512894 0.0877386 -0.1369591 0.9541477
1768818997.302824 -0.0464514 0.1030934 0.1147212 -0.2517312 0.0874418 -0.1337970 0.9545071
1768818997.336157 -0.0455155 0.1038306 0.1158675 -0.2526364 0.0870798 -0.1308357 0.9547114
1768818997.369490 -0.0454129 0.1044501 0.1153658 -0.2526908 0.0882711 -0.1295128 0.9547681
1768818997.402823 -0.0450975 0.1053697 0.1146760 -0.2518077 0.0889523 -0.1270507 0.9552688
1768818997.436157 -0.0446697 0.1047633 0.1155566 -0.2558192 0.0916746 -0.1205194 0.9547918
1768818997.469490 -0.0442751 0.1042084 0.1156334 -0.2587703 0.0923999 -0.1173118 0.9543260
1768818997.502823 -0.0441853 0.1049511 0.1154844 -0.2602516 0.0933035 -0.1151634 0.9540969
1768818997.536158 -0.0427209 0.1050125 0.1153507 -0.2615049 0.0935869 -0.1110447 0.9542148
1768818997.569490 -0.0420871 0.1052041 0.1162223 -0.2652293 0.0957749 -0.1030141 0.9538704
1768818997.602823 -0.0419182 0.1055415 0.1148691 -0.2645316 0.0964870 -0.1005108 0.9542593
1768818997.636157 -0.0408648 0.1065186 0.1134860 -0.2641368 0.0969979 -0.0969643 0.9546838
1768818997.669490 -0.0400528 0.1051066 0.1141708 -0.2694587 0.0986899 -0.0900668 0.9536982
1768818997.702823 -0.0395088 0.1062091 0.1127382 -0.2684896 0.0993618 -0.0878470 0.9541087
1768818997.736157 -0.0391043 0.1068299 0.1124268 -0.2677030 0.0992073 -0.0868566 0.9544365
1768818997.769490 -0.0385525 0.1065976 0.1127205 -0.2690055 0.0998324 -0.0849288 0.9541785
1768818997.802822 -0.0383270 0.1059713 0.1114115 -0.2706162 0.1023259 -0.0791901 0.9539524
1768818997.836141 -0.0405355 0.1043998 0.1104755 -0.2750036 0.1113732 -0.0695673 0.9524334
1768818997.869473 -0.0410042 0.1036885 0.1101509 -0.2798569 0.1153551 -0.0618207 0.9510792
1768818997.902807 -0.0408917 0.1048725 0.1106827 -0.2829896 0.1211987 -0.0534721 0.9499308
1768818997.936140 -0.0406999 0.1040247 0.1117370 -0.2866193 0.1247929 -0.0452129 0.9488055
1768818997.969474 -0.0408532 0.1049233 0.1108219 -0.2859960 0.1268567 -0.0420755 0.9488642
1768818998.002806 -0.0405120 0.1055868 0.1108626 -0.2856999 0.1268823 -0.0415606 0.9489727
1768818998.036143 -0.0405404 0.1056790 0.1114577 -0.2855101 0.1283792 -0.0407659 0.9488630
1768818998.069474 -0.0406449 0.1057324 0.1113498 -0.2851501 0.1284287 -0.0409137 0.9489582
1768818998.102807 -0.0403360 0.1058689 0.1115734 -0.2853637 0.1280561 -0.0409377 0.9489433
1768818998.136140 -0.0400933 0.1061504 0.1116335 -0.2849348 0.1283212 -0.0402749 0.9490647
1768818998.169474 -0.0403464 0.1059392 0.1116838 -0.2851568 0.1287979 -0.0402976 0.9489325
1768818998.202806 -0.0404312 0.1061876 0.1118967 -0.2846572 0.1293973 -0.0400684 0.9490107
1768818998.236140 -0.0401791 0.1066130 0.1117859 -0.2835249 0.1296997 -0.0390531 0.9493506
1768818998.269474 -0.0415764 0.1057871 0.1104191 -0.2776505 0.1333324 -0.0328179 0.9508184
1768818998.302807 -0.0406513 0.1063820 0.1108641 -0.2740311 0.1362220 -0.0289603 0.9515838
1768818998.336140 -0.0393077 0.1084920 0.1115996 -0.2693354 0.1399112 -0.0238261 0.9525312
1768818998.369474 -0.0381909 0.1083758 0.1122976 -0.2686566 0.1411406 -0.0205696 0.9526174
1768818998.402807 -0.0356101 0.1071918 0.1116461 -0.2643034 0.1423372 -0.0126912 0.9537939
1768818998.436141 -0.0356936 0.1090407 0.1130496 -0.2615859 0.1477530 -0.0083010 0.9537678
1768818998.469473 -0.0358639 0.1085291 0.1153853 -0.2609219 0.1544340 -0.0011164 0.9529264
1768818998.502807 -0.0355071 0.1090805 0.1156299 -0.2577809 0.1580008 0.0037099 0.9531900
1768818998.536141 -0.0344264 0.1093743 0.1158625 -0.2559833 0.1594844 0.0084826 0.9533967
1768818998.569474 -0.0331709 0.1092840 0.1155371 -0.2561896 0.1580712 0.0100098 0.9535618
1768818998.602806 -0.0316433 0.1092602 0.1167064 -0.2561466 0.1589948 0.0140674 0.9533686
1768818998.636140 -0.0305204 0.1108269 0.1170250 -0.2516987 0.1614418 0.0178921 0.9540777
1768818998.669473 -0.0289852 0.1086837 0.1165868 -0.2540321 0.1578821 0.0199800 0.9540135
1768818998.702806 -0.0279487 0.1035658 0.1117319 -0.2547179 0.1508845 0.0260668 0.9548158
1768818998.736141 -0.0259052 0.1039862 0.1127139 -0.2522778 0.1524484 0.0320698 0.9550325
1768818998.769473 -0.0247767 0.1038886 0.1141811 -0.2482384 0.1575812 0.0407039 0.9549289
1768818998.802806 -0.0227977 0.1041558 0.1162724 -0.2456984 0.1628262 0.0497924 0.9542750
1768818998.836140 -0.0204841 0.1038933 0.1191838 -0.2425684 0.1696930 0.0618657 0.9531723
1768818998.869472 -0.0210530 0.1060190 0.1210880 -0.2361894 0.1779314 0.0669796 0.9529264
1768818998.936139 -0.0272379 0.1095950 0.1246607 -0.2238869 0.1974889 0.0694237 0.9518682
1768818998.969474 -0.0282738 0.1118954 0.1251738 -0.2178245 0.2028138 0.0704781 0.9520777
1768818999.002806 -0.0263070 0.1139482 0.1271075 -0.2145347 0.2059420 0.0744226 0.9518530
1768818999.036142 -0.0280389 0.1142499 0.1289278 -0.2108497 0.2138252 0.0782977 0.9506265
1768818999.102807 -0.0332239 0.1157356 0.1310245 -0.2044121 0.2285726 0.0790962 0.9485326
1768818999.136139 -0.0349536 0.1163479 0.1321469 -0.2014182 0.2346359 0.0805542 0.9475694
1768818999.169473 -0.0338370 0.1158357 0.1324392 -0.2010024 0.2346829 0.0840767 0.9473401
1768818999.202806 -0.0321221 0.1152219 0.1329088 -0.2030441 0.2333006 0.0862918 0.9470468
1768818999.236140 -0.0291871 0.1150435 0.1326191 -0.2039380 0.2301769 0.0901106 0.9472634
1768818999.269473 -0.0250889 0.1090047 0.1323747 -0.2129606 0.2244039 0.1000407 0.9456652
1768818999.302807 -0.0224834 0.1065763 0.1326822 -0.2165703 0.2224811 0.1073552 0.9444969
1768818999.336140 -0.0243934 0.1071991 0.1346511 -0.2146950 0.2288404 0.1076434 0.9433722
1768818999.369473 -0.0245667 0.1090893 0.1346904 -0.2114400 0.2299661 0.1066236 0.9439492
1768818999.436140 -0.0234908 0.1083997 0.1345348 -0.2067130 0.2336905 0.1155838 0.9430264
1768818999.469472 -0.0240868 0.1103517 0.1350860 -0.2039278 0.2355883 0.1129889 0.9434751
1768818999.502806 -0.0241827 0.1098910 0.1352279 -0.2001642 0.2390160 0.1177405 0.9428377
1768818999.536140 -0.0259851 0.1096799 0.1342748 -0.1942473 0.2427810 0.1207688 0.9427302
1768818999.569473 -0.0263586 0.1087296 0.1343646 -0.1903409 0.2450471 0.1183660 0.9432454
1768818999.602806 -0.0287740 0.1109932 0.1338661 -0.1821004 0.2493727 0.1145480 0.9442095
1768818999.636140 -0.0307571 0.1099195 0.1354245 -0.1778345 0.2550249 0.1074140 0.9443513
1768818999.669473 -0.0324989 0.1102369 0.1354001 -0.1702700 0.2597855 0.0991099 0.9453554
1768818999.702806 -0.0307680 0.1101787 0.1359565 -0.1639372 0.2597269 0.0937239 0.9470388
1768818999.736140 -0.0315960 0.1117299 0.1383032 -0.1586525 0.2653253 0.0828394 0.9474015
1768818999.769474 -0.0325157 0.1127285 0.1399484 -0.1499460 0.2711954 0.0748914 0.9478189
1768818999.802805 -0.0344414 0.1144067 0.1421950 -0.1428140 0.2776878 0.0631142 0.9478978
1768818999.836140 -0.0347300 0.1163038 0.1440240 -0.1362104 0.2830910 0.0524065 0.9479240
1768818999.869472 -0.0343621 0.1168551 0.1462761 -0.1312618 0.2881736 0.0448003 0.9474805
1768818999.902806 -0.0360769 0.1167391 0.1488603 -0.1279056 0.2946254 0.0357383 0.9463397
1768818999.936139 -0.0347472 0.1169175 0.1466291 -0.1234466 0.2975513 0.0268827 0.9463094
1768818999.969473 -0.0353229 0.1157058 0.1452183 -0.1197188 0.3007021 0.0175452 0.9460115
1768819000.002806 -0.0369645 0.1144255 0.1446227 -0.1171706 0.3032157 0.0092530 0.9456456
1768819000.036142 -0.0382722 0.1136322 0.1438932 -0.1140099 0.3035318 0.0000655 0.9459758
1768819000.069474 -0.0357108 0.1148221 0.1449820 -0.1096972 0.3000918 -0.0087151 0.9475418
1768819000.102806 -0.0347198 0.1150231 0.1453593 -0.1079230 0.2972709 -0.0139843 0.9485711
1768819000.169472 -0.0328118 0.1152789 0.1463249 -0.1049145 0.2912078 -0.0270171 0.9505057
1768819000.202805 -0.0315104 0.1156652 0.1471184 -0.1029123 0.2875864 -0.0341063 0.9515986
1768819000.236139 -0.0292785 0.1157676 0.1484707 -0.1024034 0.2822866 -0.0385077 0.9530714
1768819000.269472 -0.0287292 0.1156778 0.1503040 -0.1012426 0.2757111 -0.0392019 0.9550899
1768819000.302806 -0.0275739 0.1158019 0.1513860 -0.1006214 0.2672653 -0.0436848 0.9573590
1768819000.369473 -0.0272352 0.1192125 0.1565428 -0.0956562 0.2542533 -0.0537377 0.9608940
1768819000.402806 -0.0286163 0.1172204 0.1576365 -0.0931474 0.2450760 -0.0558690 0.9634002
1768819000.436139 -0.0303123 0.1150337 0.1616401 -0.0920610 0.2372050 -0.0570887 0.9654012
1768819000.469471 -0.0301664 0.1137519 0.1625407 -0.0922521 0.2280354 -0.0583063 0.9675174
1768819000.502805 -0.0290127 0.1131434 0.1644056 -0.0915230 0.2182316 -0.0603585 0.9697192
1768819000.536140 -0.0309764 0.1143710 0.1672701 -0.0903491 0.2115400 -0.0630493 0.9711399
1768819000.569473 -0.0292578 0.1145905 0.1699023 -0.0893599 0.2027363 -0.0657361 0.9729294
1768819000.602805 -0.0297338 0.1135042 0.1716455 -0.0887937 0.1961592 -0.0670751 0.9742373
1768819000.636139 -0.0294822 0.1146624 0.1748219 -0.0857565 0.1893594 -0.0684693 0.9757565
1768819000.669472 -0.0308108 0.1146231 0.1774225 -0.0860381 0.1842634 -0.0707761 0.9765425
1768819000.702806 -0.0318402 0.1154371 0.1803292 -0.0860807 0.1813261 -0.0734388 0.9768919
1768819000.736140 -0.0328370 0.1168464 0.1837989 -0.0860785 0.1787857 -0.0768372 0.9770989
1768819000.769472 -0.0334964 0.1183119 0.1859730 -0.0865540 0.1760538 -0.0801856 0.9772839
1768819000.802805 -0.0341274 0.1193465 0.1892654 -0.0879348 0.1718050 -0.0847692 0.9775299
1768819000.836138 -0.0358476 0.1190735 0.1928737 -0.0890782 0.1690807 -0.0883722 0.9775823
1768819000.869471 -0.0392934 0.1200596 0.1936514 -0.0894070 0.1674932 -0.0915121 0.9775367
1768819000.902805 -0.0375644 0.1221609 0.1957969 -0.0898750 0.1625942 -0.0964845 0.9778427
1768819000.936139 -0.0399252 0.1216967 0.1961457 -0.0916660 0.1605724 -0.1006770 0.9775879
1768819000.969473 -0.0366823 0.1217887 0.2008196 -0.0936747 0.1544565 -0.1052594 0.9779001
1768819001.002805 -0.0387810 0.1207428 0.1984358 -0.0950871 0.1534365 -0.1059575 0.9778490
1768819001.036141 -0.0385988 0.1201894 0.1977924 -0.0959965 0.1528623 -0.1063673 0.9778056
1768819001.069473 -0.0438595 0.1215976 0.1928857 -0.0955016 0.1526202 -0.1067285 0.9778526
1768819001.102806 -0.0470461 0.1232712 0.1891317 -0.0953224 0.1515004 -0.1101055 0.9776697
1768819001.136138 -0.0484232 0.1234138 0.1876691 -0.0947700 0.1501421 -0.1140258 0.9774836
1768819001.169472 -0.0562162 0.1228576 0.1838164 -0.0955308 0.1518898 -0.1108609 0.9775036
1768819001.202804 -0.0590226 0.1240198 0.1806168 -0.0946391 0.1512142 -0.1114290 0.9776304
1768819001.236138 -0.0614227 0.1213358 0.1774035 -0.0956988 0.1504291 -0.1098681 0.9778250
1768819001.269473 -0.0632022 0.1203635 0.1736972 -0.0964714 0.1486610 -0.1091985 0.9780945
1768819001.302805 -0.0622588 0.1215626 0.1702975 -0.0954293 0.1421058 -0.1152780 0.9784734
1768819001.336138 -0.0598881 0.1239595 0.1704091 -0.0956459 0.1362345 -0.1236767 0.9782618
1768819001.402804 -0.0570138 0.1227299 0.1690821 -0.0956041 0.1312730 -0.1237255 0.9789378
1768819001.436139 -0.0570871 0.1223954 0.1686235 -0.0952869 0.1311039 -0.1222810 0.9791729
1768819001.469471 -0.0574698 0.1230202 0.1698551 -0.0960328 0.1323850 -0.1243245 0.9786702
1768819001.502805 -0.0588295 0.1230917 0.1686728 -0.0968636 0.1323566 -0.1257422 0.9784110
1768819001.536139 -0.0596020 0.1234467 0.1667378 -0.0992847 0.1313604 -0.1293991 0.9778256
1768819001.569472 -0.0603869 0.1248616 0.1651893 -0.1021735 0.1318727 -0.1351119 0.9766858
1768819001.602804 -0.0605355 0.1240800 0.1652859 -0.1050624 0.1317488 -0.1373752 0.9760801
1768819001.636138 -0.0614877 0.1240346 0.1652098 -0.1066991 0.1318072 -0.1391951 0.9756367
1768819001.669471 -0.0632463 0.1238902 0.1639823 -0.1077805 0.1318152 -0.1407899 0.9752879
1768819001.702805 -0.0627854 0.1245498 0.1643807 -0.1078330 0.1315562 -0.1416487 0.9751926
1768819001.736139 -0.0641758 0.1240229 0.1628942 -0.1089420 0.1312837 -0.1427580 0.9749443
1768819001.769472 -0.0659038 0.1245450 0.1615273 -0.1093605 0.1317233 -0.1431002 0.9747880
1768819001.802804 -0.0671480 0.1241496 0.1606123 -0.1109348 0.1317841 -0.1445096 0.9743938
1768819001.836138 -0.0677792 0.1239859 0.1599364 -0.1120775 0.1320105 -0.1450406 0.9741535
1768819001.869471 -0.0691385 0.1236291 0.1595087 -0.1132617 0.1327579 -0.1455424 0.9738401
1768819001.902805 -0.0695403 0.1237545 0.1595794 -0.1145809 0.1329363 -0.1472682 0.9734019
1768819001.936138 -0.0741646 0.1255428 0.1555259 -0.1196492 0.1342450 -0.1545935 0.9714748
1768819001.969472 -0.0743336 0.1269507 0.1558478 -0.1213666 0.1348912 -0.1577211 0.9706692
1768819002.002805 -0.0745600 0.1266015 0.1562995 -0.1239183 0.1353969 -0.1607958 0.9697715
1768819002.036140 -0.0753414 0.1267404 0.1556388 -0.1238367 0.1354396 -0.1607158 0.9697892
1768819002.069472 -0.0753423 0.1267975 0.1558918 -0.1226332 0.1352731 -0.1594345 0.9701768
1768819002.102805 -0.0741457 0.1261867 0.1550032 -0.1183634 0.1340488 -0.1545330 0.9716690
1768819002.136137 -0.0741111 0.1262030 0.1547069 -0.1183745 0.1336567 -0.1547775 0.9716827
1768819002.169471 -0.0744643 0.1259798 0.1544873 -0.1197211 0.1337121 -0.1555007 0.9713946
1768819002.202804 -0.0742975 0.1259462 0.1543409 -0.1189449 0.1330163 -0.1544603 0.9717514
1768819002.236138 -0.0759167 0.1246558 0.1528417 -0.1200039 0.1329169 -0.1536411 0.9717647
1768819002.269471 -0.0760918 0.1250714 0.1531726 -0.1207400 0.1334454 -0.1554685 0.9713103
1768819002.302805 -0.0768954 0.1248421 0.1526024 -0.1218034 0.1333754 -0.1564000 0.9710376
1768819002.336138 -0.0763397 0.1241734 0.1522051 -0.1221560 0.1316353 -0.1555677 0.9713644
1768819002.369471 -0.0759479 0.1236109 0.1513210 -0.1243324 0.1283558 -0.1563042 0.9714089
1768819002.402804 -0.0735951 0.1228337 0.1511237 -0.1235024 0.1233833 -0.1534376 0.9726154
1768819002.436138 -0.0751955 0.1222055 0.1488757 -0.1243491 0.1215823 -0.1541954 0.9726145
1768819002.469471 -0.0746238 0.1224672 0.1478951 -0.1238278 0.1185105 -0.1555556 0.9728435
1768819002.502804 -0.0728825 0.1218431 0.1468984 -0.1247395 0.1133742 -0.1556970 0.9733164
1768819002.536138 -0.0725351 0.1207259 0.1453339 -0.1264120 0.1082681 -0.1548108 0.9738232
1768819002.569471 -0.0714370 0.1204406 0.1444196 -0.1280096 0.1038520 -0.1573365 0.9736907
1768819002.602804 -0.0713761 0.1204576 0.1445524 -0.1281262 0.1033769 -0.1566871 0.9738306
1768819002.636138 -0.0710358 0.1201961 0.1433329 -0.1273676 0.1012255 -0.1568155 0.9741354
1768819002.669471 -0.0701253 0.1199501 0.1427557 -0.1270138 0.0994347 -0.1558942 0.9745138
1768819002.702804 -0.0677213 0.1188681 0.1416731 -0.1272554 0.0935923 -0.1538444 0.9753863
1768819002.736139 -0.0674774 0.1171986 0.1390908 -0.1273895 0.0880092 -0.1525146 0.9760971
1768819002.769472 -0.0669174 0.1181682 0.1379350 -0.1263232 0.0836097 -0.1553091 0.9761818
1768819002.802804 -0.0676049 0.1165290 0.1354873 -0.1268675 0.0797335 -0.1522977 0.9769098
1768819002.836138 -0.0671367 0.1162375 0.1345367 -0.1263479 0.0761328 -0.1530281 0.9771501
1768819002.869470 -0.0656023 0.1174561 0.1356958 -0.1241770 0.0713495 -0.1537464 0.9776765
1768819002.902804 -0.0648842 0.1156695 0.1329100 -0.1260189 0.0667072 -0.1540611 0.9777191
1768819002.936137 -0.0629672 0.1159759 0.1318543 -0.1263888 0.0617679 -0.1569908 0.9775298
1768819002.969471 -0.0612333 0.1146684 0.1315661 -0.1288552 0.0567498 -0.1575593 0.9774205
1768819003.002804 -0.0594565 0.1141707 0.1308817 -0.1302632 0.0522188 -0.1580251 0.9774113
1768819003.036137 -0.0597261 0.1139734 0.1304533 -0.1318636 0.0504964 -0.1596628 0.9770209
1768819003.069471 -0.0601435 0.1144635 0.1299664 -0.1324641 0.0492192 -0.1617753 0.9766573
1768819003.102804 -0.0604617 0.1141959 0.1283645 -0.1327266 0.0476907 -0.1628109 0.9765254
1768819003.136137 -0.0606536 0.1146793 0.1280311 -0.1316722 0.0478087 -0.1627019 0.9766806
1768819003.169471 -0.0596312 0.1149186 0.1275952 -0.1306786 0.0459013 -0.1620903 0.9770072
1768819003.202804 -0.0596074 0.1136353 0.1257798 -0.1309574 0.0436822 -0.1608133 0.9772825
1768819003.236137 -0.0596443 0.1114146 0.1227392 -0.1316532 0.0394440 -0.1581466 0.9778044
1768819003.269470 -0.0589442 0.1113127 0.1215542 -0.1310269 0.0372850 -0.1588229 0.9778636
1768819003.302804 -0.0594003 0.1106708 0.1198475 -0.1310347 0.0361264 -0.1577697 0.9780765
1768819003.336138 -0.0616099 0.1083890 0.1168370 -0.1328454 0.0358848 -0.1570260 0.9779608
1768819003.369471 -0.0621902 0.1089840 0.1150357 -0.1329494 0.0350135 -0.1576385 0.9778796
1768819003.402804 -0.0629482 0.1094575 0.1152760 -0.1326346 0.0359469 -0.1585377 0.9777431
1768819003.436138 -0.0632539 0.1091928 0.1146786 -0.1326569 0.0355780 -0.1582999 0.9777921
1768819003.502803 -0.0652862 0.1081241 0.1096405 -0.1323591 0.0347971 -0.1561736 0.9782025
1768819003.536138 -0.0664455 0.1080843 0.1078003 -0.1326458 0.0337267 -0.1575920 0.9779736
1768819003.569471 -0.0675994 0.1080062 0.1073061 -0.1332567 0.0345308 -0.1589195 0.9776477
1768819003.602804 -0.0696349 0.1079523 0.1053248 -0.1332225 0.0347132 -0.1578364 0.9778213
1768819003.636137 -0.0679339 0.1074064 0.1048683 -0.1331131 0.0331844 -0.1572490 0.9779839
1768819003.702804 -0.0686813 0.1074852 0.1029890 -0.1337674 0.0327241 -0.1591150 0.9776083
1768819003.736138 -0.0701122 0.1057176 0.0998342 -0.1351064 0.0317185 -0.1590150 0.9774735
1768819003.769471 -0.0691622 0.1045888 0.0964121 -0.1359559 0.0273771 -0.1595722 0.9773961
1768819003.802803 -0.0638291 0.1052420 0.0941560 -0.1359584 0.0164542 -0.1637734 0.9769457
1768819003.869469 -0.0640860 0.1032544 0.0853666 -0.1386795 0.0087477 -0.1663933 0.9762196
1768819003.902804 -0.0610718 0.1021424 0.0826705 -0.1397687 -0.0013890 -0.1678376 0.9758552
1768819003.936137 -0.0602060 0.1043772 0.0816412 -0.1376457 -0.0091691 -0.1688722 0.9759364
1768819003.969471 -0.0637373 0.1048937 0.0819953 -0.1391496 -0.0123129 -0.1701835 0.9754606
1768819004.002804 -0.0690556 0.1069161 0.0832237 -0.1386462 -0.0108039 -0.1716947 0.9752854
1768819004.069471 -0.0722937 0.1079593 0.0794163 -0.1397144 -0.0185007 -0.1725325 0.9748693
1768819004.102803 -0.0723449 0.1071413 0.0770996 -0.1398524 -0.0278548 -0.1727800 0.9745833
1768819004.136136 -0.0719830 0.1071346 0.0770328 -0.1418639 -0.0334675 -0.1772839 0.9733062
1768819004.169470 -0.0725799 0.1074202 0.0781289 -0.1427991 -0.0383183 -0.1806304 0.9723748
1768819004.202803 -0.0737645 0.1083801 0.0766378 -0.1430572 -0.0462039 -0.1807255 0.9719764
1768819004.269471 -0.0758082 0.1098015 0.0742221 -0.1412144 -0.0572498 -0.1830367 0.9712253
1768819004.302804 -0.0761310 0.1100426 0.0742152 -0.1419138 -0.0621054 -0.1864713 0.9701710
1768819004.336137 -0.0771188 0.1105162 0.0719613 -0.1409836 -0.0626603 -0.1888480 0.9698112
1768819004.369470 -0.0786243 0.1099531 0.0673962 -0.1411679 -0.0642321 -0.1909484 0.9692701
1768819004.402803 -0.0799972 0.1095639 0.0656811 -0.1418592 -0.0644747 -0.1926250 0.9688212
1768819004.469469 -0.0854896 0.1096029 0.0594909 -0.1409676 -0.0621831 -0.1916628 0.9692919
1768819004.502803 -0.0900224 0.1096405 0.0552920 -0.1415002 -0.0607767 -0.1922683 0.9691836
1768819004.536137 -0.0896199 0.1112634 0.0532258 -0.1407469 -0.0642269 -0.1970445 0.9681109
1768819004.569470 -0.0922069 0.1121047 0.0486126 -0.1398959 -0.0627934 -0.1980338 0.9681264
1768819004.602803 -0.0942558 0.1113950 0.0435932 -0.1422000 -0.0641756 -0.2013825 0.9670087
1768819004.636137 -0.0955919 0.1099095 0.0394025 -0.1454974 -0.0677574 -0.2079845 0.9648741
1768819004.702803 -0.0979835 0.1113133 0.0383688 -0.1459049 -0.0769240 -0.2150645 0.9625704
1768819004.736137 -0.0967181 0.1112539 0.0391368 -0.1477530 -0.0852511 -0.2183148 0.9608538
1768819004.769470 -0.0957717 0.1128974 0.0415655 -0.1472406 -0.0904540 -0.2196460 0.9601530
1768819004.836137 -0.1055541 0.1191250 0.0422725 -0.1449440 -0.0910439 -0.2249884 0.9592093
1768819004.869469 -0.1063775 0.1200639 0.0421745 -0.1445684 -0.0952792 -0.2264554 0.9585091
1768819004.902803 -0.1077200 0.1193288 0.0421791 -0.1466813 -0.0983522 -0.2258787 0.9580137
1768819004.936136 -0.1061614 0.1207122 0.0448336 -0.1461028 -0.1051442 -0.2269175 0.9571349
1768819005.069471 -0.1093969 0.1224016 0.0486334 -0.1495178 -0.1168999 -0.2270438 0.9552120
1768819005.169470 -0.1109087 0.1233020 0.0503033 -0.1575849 -0.1297983 -0.2275504 0.9521241
1768819005.236136 -0.1127602 0.1252445 0.0498494 -0.1618057 -0.1385786 -0.2320066 0.9490985
1768819005.302803 -0.1117155 0.1259966 0.0540454 -0.1687274 -0.1481564 -0.2309251 0.9467071
1768819005.336136 -0.1102412 0.1239455 0.0556672 -0.1735241 -0.1541080 -0.2309924 0.9448718
1768819005.402803 -0.1105851 0.1211336 0.0574565 -0.1843095 -0.1644953 -0.2226931 0.9430690
1768819005.436076 -0.1111102 0.1221098 0.0589086 -0.1866123 -0.1698201 -0.2222124 0.9417848
1768819005.469408 -0.1110053 0.1226499 0.0615320 -0.1891359 -0.1768531 -0.2239762 0.9395666
1768819005.502741 -0.1129152 0.1226657 0.0625967 -0.1927975 -0.1819528 -0.2214629 0.9384437
1768819005.569408 -0.1147097 0.1266267 0.0604857 -0.1940715 -0.1902642 -0.2230614 0.9361514
1768819005.602741 -0.1163683 0.1262509 0.0622355 -0.1994003 -0.1950419 -0.2193106 0.9349337
1768819005.636075 -0.1180106 0.1257390 0.0630810 -0.2056378 -0.1982578 -0.2147409 0.9339665
1768819005.736076 -0.1235050 0.1311245 0.0667019 -0.2142017 -0.2081937 -0.2183151 0.9290379
1768819005.802741 -0.1245222 0.1303003 0.0648817 -0.2164844 -0.2141085 -0.2215013 0.9264067
1768819005.836075 -0.1232973 0.1298386 0.0653068 -0.2169032 -0.2175005 -0.2206627 0.9257184
1768819005.869408 -0.1234437 0.1305004 0.0669267 -0.2185626 -0.2191340 -0.2197202 0.9251669
1768819005.936074 -0.1239267 0.1316864 0.0665936 -0.2259595 -0.2184081 -0.2229913 0.9227757
1768819005.969409 -0.1238632 0.1329972 0.0673260 -0.2268228 -0.2194387 -0.2211456 0.9227636
1768819006.036075 -0.1244145 0.1360742 0.0721265 -0.2298502 -0.2205167 -0.2123602 0.9238206
1768819006.069410 -0.1257503 0.1366717 0.0715936 -0.2284204 -0.2276388 -0.2087297 0.9232750
1768819006.102741 -0.1249835 0.1353586 0.0717318 -0.2301236 -0.2295642 -0.2071335 0.9227346
1768819006.202740 -0.1239542 0.1322800 0.0679695 -0.2319281 -0.2358334 -0.2053631 0.9210961
1768819006.236074 -0.1226989 0.1316082 0.0678214 -0.2319940 -0.2378337 -0.2047651 0.9206982
1768819006.269408 -0.1213971 0.1298069 0.0684060 -0.2349153 -0.2410388 -0.2017248 0.9197946
1768819006.302742 -0.1197818 0.1296551 0.0695143 -0.2356358 -0.2455736 -0.1992569 0.9189484
1768819006.402741 -0.1170534 0.1290600 0.0698325 -0.2366029 -0.2571886 -0.1962880 0.9161573
1768819006.436075 -0.1147076 0.1277883 0.0697624 -0.2381684 -0.2632050 -0.1962425 0.9140502
1768819006.469407 -0.1129024 0.1257029 0.0675011 -0.2387137 -0.2677243 -0.1972202 0.9123835
1768819006.502741 -0.1116604 0.1251774 0.0664999 -0.2381686 -0.2716430 -0.1993881 0.9108953
1768819006.536075 -0.1122565 0.1250605 0.0642024 -0.2390430 -0.2743523 -0.1982678 0.9100984
1768819006.569407 -0.1113374 0.1226039 0.0612099 -0.2403024 -0.2775463 -0.1989806 0.9086416
1768819006.602741 -0.1087670 0.1208881 0.0609866 -0.2412426 -0.2824188 -0.1970447 0.9073120
1768819006.636075 -0.1072896 0.1205818 0.0626089 -0.2422372 -0.2858992 -0.1953065 0.9063323
1768819006.669408 -0.1065573 0.1215156 0.0650086 -0.2457850 -0.2903521 -0.1839888 0.9063298
1768819006.702741 -0.1078112 0.1230880 0.0664019 -0.2506351 -0.2932132 -0.1640327 0.9079104
1768819006.736075 -0.1102719 0.1244224 0.0672292 -0.2532804 -0.2966757 -0.1487067 0.9086908
1768819006.769408 -0.1151053 0.1248026 0.0628046 -0.2544539 -0.2950057 -0.1401808 0.9102605
1768819006.802741 -0.1205608 0.1272703 0.0621004 -0.2546439 -0.2882272 -0.1350118 0.9131557
1768819006.836075 -0.1227798 0.1240965 0.0588333 -0.2582023 -0.2864372 -0.1248220 0.9141690
1768819006.902741 -0.1267633 0.1258802 0.0572477 -0.2608064 -0.2741713 -0.0990579 0.9203247
1768819006.936074 -0.1283714 0.1278232 0.0593974 -0.2639178 -0.2701705 -0.0813749 0.9223521
1768819006.969408 -0.1309930 0.1310702 0.0581220 -0.2657794 -0.2620158 -0.0668986 0.9253289
1768819007.002740 -0.1355742 0.1337798 0.0597523 -0.2682236 -0.2490011 -0.0544203 0.9290280
1768819007.036074 -0.1362708 0.1362078 0.0606023 -0.2681927 -0.2477622 -0.0496501 0.9296351
1768819007.069409 -0.1392820 0.1385561 0.0626793 -0.2696584 -0.2435567 -0.0474679 0.9304361
1768819007.102740 -0.1435752 0.1430239 0.0663614 -0.2689481 -0.2366932 -0.0489469 0.9323344
1768819007.136074 -0.1462488 0.1466037 0.0678024 -0.2647582 -0.2286719 -0.0477788 0.9355904
1768819007.169407 -0.1499805 0.1495618 0.0679436 -0.2632037 -0.2214356 -0.0496022 0.9376726
1768819007.202740 -0.1544326 0.1524763 0.0682366 -0.2605610 -0.2105068 -0.0509917 0.9408479
1768819007.236074 -0.1564563 0.1545766 0.0700328 -0.2582096 -0.2018070 -0.0499713 0.9434536
1768819007.269408 -0.1583634 0.1541440 0.0710825 -0.2579741 -0.1934267 -0.0485544 0.9453454
1768819007.302741 -0.1597806 0.1532229 0.0688225 -0.2572898 -0.1845583 -0.0482653 0.9473176
1768819007.336074 -0.1617905 0.1531681 0.0674687 -0.2568862 -0.1775739 -0.0434292 0.9489947
1768819007.369408 -0.1643845 0.1539020 0.0674520 -0.2548446 -0.1699038 -0.0402670 0.9510865
1768819007.402741 -0.1660106 0.1517484 0.0653131 -0.2560647 -0.1622960 -0.0362052 0.9522500
1768819007.436074 -0.1629029 0.1530252 0.0667609 -0.2558046 -0.1559947 -0.0355367 0.9533975
1768819007.469407 -0.1586280 0.1538056 0.0696368 -0.2567717 -0.1534835 -0.0351717 0.9535586
1768819007.502741 -0.1569636 0.1543647 0.0729190 -0.2590652 -0.1483506 -0.0368167 0.9536886
1768819007.536075 -0.1554545 0.1550197 0.0772509 -0.2636856 -0.1442801 -0.0405042 0.9528970
1768819007.569407 -0.1572526 0.1564783 0.0794160 -0.2693940 -0.1359987 -0.0459988 0.9522685
1768819007.602740 -0.1563850 0.1552299 0.0791572 -0.2749133 -0.1294366 -0.0518460 0.9513048
1768819007.636074 -0.1539792 0.1558040 0.0808052 -0.2753820 -0.1266921 -0.0588470 0.9511314
1768819007.669407 -0.1516875 0.1543999 0.0844721 -0.2779641 -0.1220324 -0.0625059 0.9507561
1768819007.702740 -0.1517865 0.1557583 0.0854304 -0.2782360 -0.1144722 -0.0690252 0.9511658
1768819007.736074 -0.1520696 0.1564493 0.0848780 -0.2753026 -0.1071176 -0.0754273 0.9523891
1768819007.769408 -0.1508982 0.1525518 0.0833366 -0.2772087 -0.1002454 -0.0739148 0.9527029
1768819007.802740 -0.1503717 0.1530842 0.0827899 -0.2774204 -0.0922057 -0.0785379 0.9530833
1768819007.836074 -0.1525814 0.1524939 0.0772298 -0.2737786 -0.0853994 -0.0860903 0.9541178
1768819007.869406 -0.1550740 0.1549483 0.0776552 -0.2727615 -0.0788274 -0.0891465 0.9546939
1768819007.902740 -0.1569999 0.1583236 0.0809399 -0.2724488 -0.0749994 -0.0912930 0.9548886
1768819007.936073 -0.1584933 0.1589887 0.0788923 -0.2683683 -0.0716854 -0.0955736 0.9558794
1768819007.969407 -0.1606994 0.1577852 0.0780201 -0.2643359 -0.0669939 -0.1051134 0.9563417
1768819008.002740 -0.1600976 0.1567551 0.0757914 -0.2598817 -0.0651587 -0.1067346 0.9575091
1768819008.036074 -0.1606516 0.1576736 0.0752694 -0.2526233 -0.0640230 -0.1107534 0.9590705
1768819008.069408 -0.1627074 0.1571829 0.0741706 -0.2484992 -0.0611680 -0.1066942 0.9607929
1768819008.102740 -0.1642819 0.1592982 0.0722737 -0.2426505 -0.0589803 -0.1091665 0.9621459
1768819008.136073 -0.1655864 0.1597246 0.0695359 -0.2379425 -0.0583424 -0.1087487 0.9634072
1768819008.169407 -0.1641659 0.1617277 0.0687148 -0.2345339 -0.0597610 -0.1093282 0.9640902
1768819008.202739 -0.1636832 0.1618142 0.0685896 -0.2344273 -0.0604859 -0.1090899 0.9640979
1768819008.236073 -0.1637058 0.1615352 0.0682938 -0.2341556 -0.0609557 -0.1085535 0.9641948
1768819008.269406 -0.1633779 0.1615478 0.0675384 -0.2330749 -0.0614370 -0.1078679 0.9645030
1768819008.302741 -0.1635377 0.1613899 0.0670565 -0.2327877 -0.0615755 -0.1075360 0.9646006
1768819008.336073 -0.1639516 0.1608153 0.0664823 -0.2330563 -0.0614281 -0.1074032 0.9645600
1768819008.369407 -0.1628939 0.1621596 0.0647114 -0.2293765 -0.0635067 -0.1085788 0.9651756
1768819008.402740 -0.1608104 0.1626375 0.0646174 -0.2275286 -0.0657169 -0.1070672 0.9656338
1768819008.436074 -0.1610172 0.1624567 0.0644193 -0.2274834 -0.0654942 -0.1072000 0.9656448
1768819008.469406 -0.1606956 0.1624180 0.0638982 -0.2268682 -0.0659550 -0.1069322 0.9657879
1768819008.502740 -0.1605888 0.1624719 0.0640169 -0.2268071 -0.0659806 -0.1069121 0.9658027
1768819008.569406 -0.1603623 0.1626488 0.0640861 -0.2266272 -0.0662092 -0.1068357 0.9658378
1768819008.602740 -0.1600135 0.1628148 0.0643315 -0.2266354 -0.0665923 -0.1067699 0.9658168
1768819008.669407 -0.1606460 0.1623996 0.0640098 -0.2269653 -0.0660094 -0.1064785 0.9658115
1768819008.702740 -0.1607232 0.1622369 0.0633315 -0.2267651 -0.0660810 -0.1061447 0.9658903
1768819008.769407 -0.1602889 0.1625141 0.0638472 -0.2263658 -0.0661718 -0.1066671 0.9659203
1768819008.802740 -0.1604765 0.1624374 0.0637444 -0.2262089 -0.0659579 -0.1061506 0.9660286
1768819008.836073 -0.1607041 0.1626051 0.0638195 -0.2260874 -0.0654454 -0.1061797 0.9660887
1768819008.869406 -0.1605446 0.1623669 0.0637532 -0.2260792 -0.0653884 -0.1064925 0.9660600
1768819008.936072 -0.1603816 0.1635988 0.0639581 -0.2248423 -0.0650182 -0.1066825 0.9663527
1768819008.969407 -0.1600243 0.1629706 0.0643141 -0.2247972 -0.0653943 -0.1055390 0.9664633
1768819009.002739 -0.1598779 0.1631999 0.0640895 -0.2233996 -0.0647464 -0.1044141 0.9669531
1768819009.036073 -0.1592564 0.1636528 0.0636400 -0.2216114 -0.0646208 -0.1037134 0.9674483
1768819009.069407 -0.1588320 0.1634710 0.0636391 -0.2206168 -0.0649823 -0.1016024 0.9678752
1768819009.102740 -0.1590262 0.1632449 0.0633508 -0.2197993 -0.0645746 -0.1002766 0.9682267
1768819009.169406 -0.1576525 0.1641190 0.0640353 -0.2189221 -0.0653603 -0.0996571 0.9684367
1768819009.202739 -0.1574683 0.1644742 0.0640063 -0.2182055 -0.0655823 -0.0996902 0.9685800
1768819009.236073 -0.1573341 0.1653429 0.0640492 -0.2172621 -0.0653189 -0.0994007 0.9688396
1768819009.269406 -0.1573975 0.1658241 0.0639814 -0.2168872 -0.0651896 -0.0999707 0.9688736
1768819009.302740 -0.1579333 0.1650461 0.0632521 -0.2171106 -0.0651065 -0.0995020 0.9688774
1768819009.369406 -0.1557862 0.1660555 0.0640430 -0.2155018 -0.0666657 -0.0980358 0.9692800
1768819009.402739 -0.1560415 0.1652002 0.0634129 -0.2151726 -0.0667381 -0.0962576 0.9695264
1768819009.436073 -0.1564301 0.1647051 0.0638061 -0.2157984 -0.0662553 -0.0965506 0.9693912
1768819009.502739 -0.1554472 0.1643622 0.0636209 -0.2157137 -0.0668269 -0.0958702 0.9694384
1768819009.536075 -0.1548844 0.1649859 0.0641757 -0.2153732 -0.0670191 -0.0960584 0.9694822
1768819009.569406 -0.1545447 0.1647157 0.0638641 -0.2148456 -0.0676485 -0.0952530 0.9696350
1768819009.602739 -0.1548361 0.1639353 0.0639430 -0.2152479 -0.0674956 -0.0949189 0.9695891
1768819009.636073 -0.1547694 0.1626256 0.0636486 -0.2157687 -0.0678036 -0.0942535 0.9695168
1768819009.702739 -0.1543484 0.1620858 0.0638672 -0.2126748 -0.0679565 -0.0887144 0.9707116
1768819009.736073 -0.1544344 0.1614879 0.0641034 -0.2130106 -0.0683828 -0.0877796 0.9706931
1768819009.769406 -0.1539976 0.1611737 0.0645045 -0.2131212 -0.0683686 -0.0868834 0.9707504
1768819009.802739 -0.1539028 0.1613577 0.0649500 -0.2126095 -0.0684021 -0.0859847 0.9709403
1768819009.836073 -0.1533069 0.1617298 0.0651705 -0.2115063 -0.0687438 -0.0850306 0.9712411
1768819009.869405 -0.1532573 0.1616610 0.0654567 -0.2113920 -0.0686926 -0.0843681 0.9713274
1768819009.902739 -0.1527985 0.1618819 0.0656763 -0.2109367 -0.0691295 -0.0837473 0.9714491
1768819009.936072 -0.1522694 0.1623598 0.0660085 -0.2097997 -0.0693848 -0.0828912 0.9717504
1768819009.969406 -0.1520801 0.1618398 0.0656005 -0.2099330 -0.0695314 -0.0824757 0.9717465
1768819010.002739 -0.1518599 0.1625832 0.0663251 -0.2092223 -0.0692873 -0.0821545 0.9719444
1768819010.069407 -0.1504945 0.1643632 0.0693106 -0.2000596 -0.0694104 -0.0832226 0.9737722
1768819010.102739 -0.1500705 0.1640373 0.0686460 -0.1987062 -0.0695256 -0.0818968 0.9741535
1768819010.136072 -0.1502503 0.1647143 0.0689458 -0.1979946 -0.0694789 -0.0821293 0.9742821
1768819010.169406 -0.1501634 0.1642887 0.0687950 -0.1978437 -0.0694694 -0.0808109 0.9744236
1768819010.202739 -0.1504345 0.1635716 0.0680305 -0.1978871 -0.0692149 -0.0803733 0.9744691
1768819010.236072 -0.1500822 0.1638232 0.0683074 -0.1976953 -0.0696980 -0.0801175 0.9744947
1768819010.269405 -0.1501557 0.1633326 0.0678269 -0.1973599 -0.0698911 -0.0793081 0.9746151
1768819010.302740 -0.1496378 0.1624226 0.0691380 -0.1963347 -0.0703462 -0.0751436 0.9751192
1768819010.336072 -0.1492990 0.1628916 0.0690086 -0.1943514 -0.0704794 -0.0726347 0.9756969
1768819010.369406 -0.1486942 0.1633393 0.0696587 -0.1930829 -0.0712736 -0.0705599 0.9760432
1768819010.402738 -0.1482187 0.1626766 0.0693571 -0.1928227 -0.0719458 -0.0692223 0.9761412
1768819010.436072 -0.1478296 0.1624214 0.0693006 -0.1921525 -0.0721573 -0.0674414 0.9763823
1768819010.469405 -0.1477289 0.1630068 0.0696133 -0.1915987 -0.0724166 -0.0676293 0.9764590
1768819010.536074 -0.1478712 0.1630181 0.0707596 -0.1909001 -0.0717389 -0.0656427 0.9767813
1768819010.569405 -0.1474500 0.1631086 0.0718439 -0.1908980 -0.0714687 -0.0649603 0.9768472
1768819010.602738 -0.1475146 0.1634258 0.0730923 -0.1905309 -0.0708901 -0.0645142 0.9769906
1768819010.636072 -0.1471758 0.1635252 0.0734915 -0.1893217 -0.0710557 -0.0632856 0.9772938
1768819010.702739 -0.1454387 0.1655544 0.0813671 -0.1852855 -0.0701819 -0.0558690 0.9785819
1768819010.736073 -0.1447237 0.1592411 0.0875224 -0.1872115 -0.0700868 -0.0521978 0.9784248
1768819010.769405 -0.1445696 0.1591997 0.0898992 -0.1853823 -0.0698113 -0.0497640 0.9789194
1768819010.802738 -0.1444032 0.1581381 0.0913053 -0.1853690 -0.0698077 -0.0491095 0.9789553
1768819010.869405 -0.1449144 0.1542718 0.0957783 -0.1852439 -0.0678308 -0.0451587 0.9793081
1768819010.902739 -0.1446565 0.1548393 0.0971600 -0.1827752 -0.0680525 -0.0442489 0.9797980
1768819010.936072 -0.1451414 0.1551899 0.0976369 -0.1809135 -0.0670811 -0.0422795 0.9802974
1768819010.969406 -0.1448610 0.1542585 0.0988664 -0.1800163 -0.0666339 -0.0399266 0.9805916
1768819011.002738 -0.1446448 0.1535541 0.1001650 -0.1777567 -0.0663834 -0.0350087 0.9812086
1768819011.036073 -0.1447628 0.1529728 0.1012929 -0.1779895 -0.0655167 -0.0332911 0.9812844
1768819011.102738 -0.1443840 0.1527085 0.1046128 -0.1774036 -0.0641353 -0.0306807 0.9815668
1768819011.136071 -0.1438325 0.1534949 0.1069867 -0.1763637 -0.0640002 -0.0300529 0.9817824
1768819011.202738 -0.1433771 0.1544889 0.1098595 -0.1742777 -0.0634406 -0.0267325 0.9822871
1768819011.236071 -0.1435939 0.1544899 0.1105358 -0.1720045 -0.0626336 -0.0239689 0.9828107
1768819011.269405 -0.1440250 0.1534554 0.1110341 -0.1693291 -0.0617311 -0.0195767 0.9834296
1768819011.302738 -0.1446922 0.1534329 0.1102610 -0.1617083 -0.0608177 -0.0229972 0.9846942
1768819011.336072 -0.1444467 0.1534543 0.1089868 -0.1556446 -0.0601521 -0.0243761 0.9856786
1768819011.402738 -0.1443616 0.1519271 0.1061416 -0.1467835 -0.0613088 -0.0273750 0.9868873
1768819011.436072 -0.1431225 0.1519546 0.1064602 -0.1442596 -0.0614631 -0.0244020 0.9873277
1768819011.469404 -0.1435908 0.1510716 0.1067522 -0.1430174 -0.0608187 -0.0212719 0.9876207
1768819011.536073 -0.1440519 0.1495355 0.1023142 -0.1326611 -0.0620009 -0.0229021 0.9889552
1768819011.569405 -0.1432828 0.1493300 0.1016747 -0.1276959 -0.0627452 -0.0234785 0.9895482
1768819011.602738 -0.1425103 0.1498948 0.1024352 -0.1251239 -0.0630076 -0.0227409 0.9898772
1768819011.636072 -0.1419387 0.1507564 0.1037447 -0.1235867 -0.0627408 -0.0222316 0.9900988
1768819011.702738 -0.1421581 0.1493801 0.1000281 -0.1162395 -0.0609514 -0.0252310 0.9910281
1768819011.736072 -0.1418785 0.1491111 0.1000322 -0.1146490 -0.0609268 -0.0259462 0.9911965
1768819011.769405 -0.1410169 0.1486366 0.1016478 -0.1130173 -0.0604124 -0.0234175 0.9914783
1768819011.836072 -0.1416130 0.1496065 0.1029404 -0.1056117 -0.0581255 -0.0288059 0.9922892
1768819011.869404 -0.1414121 0.1501088 0.1024195 -0.1006144 -0.0576001 -0.0330937 0.9927053
1768819011.902738 -0.1412561 0.1487713 0.1002698 -0.0942522 -0.0567156 -0.0401021 0.9931222
1768819011.936070 -0.1413204 0.1501160 0.1019740 -0.0905683 -0.0549864 -0.0400478 0.9935643
1768819012.002738 -0.1412808 0.1495944 0.1007085 -0.0847630 -0.0518983 -0.0470585 0.9939353
1768819012.036071 -0.1408561 0.1486856 0.0992139 -0.0801411 -0.0499721 -0.0530300 0.9941167
1768819012.102738 -0.1406962 0.1503697 0.1017398 -0.0769155 -0.0458994 -0.0539837 0.9945165
1768819012.136070 -0.1402698 0.1509255 0.1041180 -0.0765047 -0.0448470 -0.0548298 0.9945499
1768819012.169405 -0.1406272 0.1524367 0.1076192 -0.0763884 -0.0426019 -0.0549847 0.9946490
1768819012.202737 -0.1413937 0.1531233 0.1077865 -0.0760746 -0.0412064 -0.0557063 0.9946917
1768819012.269404 -0.1414563 0.1541080 0.1094035 -0.0767709 -0.0379667 -0.0560477 0.9947479
1768819012.302738 -0.1419759 0.1548647 0.1108495 -0.0761319 -0.0356577 -0.0540493 0.9949930
1768819012.336071 -0.1407429 0.1550878 0.1123932 -0.0762163 -0.0347243 -0.0537333 0.9950367
1768819012.402737 -0.1403933 0.1551469 0.1125396 -0.0771718 -0.0276655 -0.0512623 0.9953147
1768819012.436071 -0.1389487 0.1555714 0.1141961 -0.0774892 -0.0249960 -0.0502865 0.9954104
1768819012.469404 -0.1370994 0.1569644 0.1166478 -0.0773308 -0.0229203 -0.0511538 0.9954285
1768819012.502737 -0.1332742 0.1586335 0.1205333 -0.0763170 -0.0222662 -0.0491321 0.9956234
1768819012.569404 -0.1325095 0.1580997 0.1203472 -0.0767524 -0.0159597 -0.0466865 0.9958287
1768819012.602737 -0.1311186 0.1589074 0.1229522 -0.0765254 -0.0146079 -0.0466097 0.9958705
1768819012.669404 -0.1309162 0.1584326 0.1216198 -0.0768934 -0.0083738 -0.0458099 0.9959512
1768819012.702737 -0.1299911 0.1572495 0.1212320 -0.0789928 -0.0062349 -0.0448012 0.9958485
1768819012.736072 -0.1297157 0.1575278 0.1225474 -0.0797307 -0.0045159 -0.0462891 0.9957309
1768819012.869403 -0.1297372 0.1565830 0.1210564 -0.0834691 0.0140801 -0.0424969 0.9955043
1768819012.902737 -0.1273321 0.1559643 0.1198416 -0.0840066 0.0161805 -0.0409357 0.9954925
1768819012.969404 -0.1211521 0.1564465 0.1211683 -0.0838210 0.0210619 -0.0377856 0.9955414
1768819013.002737 -0.1188402 0.1554990 0.1202120 -0.0843011 0.0235476 -0.0368634 0.9954798
1768819013.036071 -0.1150561 0.1572446 0.1250434 -0.0839129 0.0249272 -0.0356572 0.9955229
1768819013.102737 -0.1110877 0.1539163 0.1218314 -0.0846699 0.0290248 -0.0318986 0.9954753
1768819013.136070 -0.1066108 0.1553789 0.1261913 -0.0842043 0.0293808 -0.0327737 0.9954759
1768819013.169404 -0.1045285 0.1557031 0.1288087 -0.0844665 0.0305207 -0.0346768 0.9953550
1768819013.269410 -0.0996963 0.1550175 0.1302870 -0.0838679 0.0361285 -0.0317715 0.9953148
1768819013.302744 -0.0950579 0.1562357 0.1326097 -0.0823755 0.0365118 -0.0315100 0.9954337
1768819013.402743 -0.0878642 0.1519602 0.1279149 -0.0818240 0.0425403 -0.0281509 0.9953405
1768819013.436076 -0.0862880 0.1524712 0.1279595 -0.0808582 0.0453221 -0.0294395 0.9952593
1768819013.469409 -0.0855843 0.1513538 0.1251268 -0.0810091 0.0495070 -0.0288040 0.9950663
1768819013.536079 -0.0824080 0.1504959 0.1241794 -0.0825351 0.0548942 -0.0278420 0.9946856
1768819013.569410 -0.0801803 0.1504333 0.1247278 -0.0833076 0.0562774 -0.0269043 0.9945697
1768819013.602743 -0.0760429 0.1516669 0.1264314 -0.0823068 0.0568837 -0.0267871 0.9946217
1768819013.669410 -0.0742197 0.1511349 0.1268622 -0.0805197 0.0621269 -0.0253682 0.9944915
1768819013.702743 -0.0717414 0.1503388 0.1271056 -0.0794381 0.0623678 -0.0248706 0.9945759
1768819013.736077 -0.0672705 0.1497255 0.1299422 -0.0791313 0.0616213 -0.0253905 0.9946338
1768819013.769410 -0.0659493 0.1504107 0.1307302 -0.0778303 0.0629386 -0.0257225 0.9946454
1768819013.802743 -0.0643849 0.1501423 0.1298219 -0.0773695 0.0635716 -0.0245240 0.9946715
1768819013.869409 -0.0632682 0.1497061 0.1292209 -0.0772665 0.0676816 -0.0271135 0.9943410
1768819013.902743 -0.0626983 0.1497640 0.1298592 -0.0774126 0.0695549 -0.0289426 0.9941488
1768819013.969410 -0.0609479 0.1494736 0.1296040 -0.0773264 0.0742421 -0.0298663 0.9937891
1768819014.002743 -0.0597638 0.1501368 0.1302564 -0.0775189 0.0760387 -0.0316093 0.9935843
1768819014.069411 -0.0568038 0.1498965 0.1309685 -0.0775602 0.0820172 -0.0303834 0.9931437
1768819014.102743 -0.0542327 0.1493912 0.1298159 -0.0760492 0.0848334 -0.0299894 0.9930360
1768819014.136076 -0.0537705 0.1488720 0.1297751 -0.0766986 0.0876507 -0.0320922 0.9926756
1768819014.236076 -0.0486293 0.1459251 0.1281815 -0.0813507 0.0928673 -0.0373768 0.9916455
1768819014.269409 -0.0470426 0.1454437 0.1266401 -0.0812801 0.0960044 -0.0400550 0.9912479
1768819014.302743 -0.0445502 0.1455121 0.1280100 -0.0811669 0.0971710 -0.0414038 0.9910880
1768819014.336076 -0.0429817 0.1460422 0.1309879 -0.0805975 0.0997711 -0.0430102 0.9908077
1768819014.369410 -0.0417511 0.1456951 0.1299183 -0.0780238 0.1027011 -0.0422540 0.9907469
1768819014.402742 -0.0394474 0.1452740 0.1301797 -0.0759419 0.1053130 -0.0411831 0.9906796
1768819014.469409 -0.0350480 0.1453825 0.1311333 -0.0710600 0.1099951 -0.0379590 0.9906617
1768819014.502742 -0.0326023 0.1441992 0.1286123 -0.0700277 0.1128477 -0.0376192 0.9904274
1768819014.536078 -0.0302498 0.1441794 0.1298946 -0.0694489 0.1142877 -0.0365182 0.9903442
1768819014.702742 -0.0232087 0.1443020 0.1294691 -0.0660468 0.1311701 -0.0447072 0.9881465
1768819014.769409 -0.0189526 0.1423057 0.1291437 -0.0648088 0.1365138 -0.0398417 0.9877127
1768819014.802743 -0.0184234 0.1427169 0.1289815 -0.0638781 0.1412017 -0.0443053 0.9869239
1768819014.836076 -0.0161702 0.1429561 0.1295363 -0.0624927 0.1433061 -0.0438897 0.9867278
1768819014.902742 -0.0135747 0.1429265 0.1296482 -0.0575724 0.1488406 -0.0449791 0.9861586
1768819014.936075 -0.0128665 0.1424429 0.1292499 -0.0564356 0.1504811 -0.0452047 0.9859650
1768819014.969409 -0.0115179 0.1426444 0.1294985 -0.0560881 0.1520228 -0.0460073 0.9857112
1768819015.036076 -0.0116468 0.1415490 0.1277302 -0.0582530 0.1561564 -0.0443206 0.9850165
1768819015.102742 -0.0114435 0.1418798 0.1267342 -0.0613059 0.1594102 -0.0479419 0.9841400
1768819015.169409 -0.0108168 0.1420275 0.1271976 -0.0702793 0.1616737 -0.0492486 0.9831058
1768819015.236075 -0.0072114 0.1424448 0.1270871 -0.0879766 0.1633203 -0.0506351 0.9813372
1768819015.269408 -0.0065916 0.1427578 0.1279133 -0.0987090 0.1658785 -0.0509187 0.9798715
1768819015.302742 -0.0059484 0.1427120 0.1287940 -0.1093482 0.1690883 -0.0500184 0.9782384
1768819015.369409 -0.0048368 0.1431164 0.1298331 -0.1292881 0.1747197 -0.0476631 0.9749286
1768819015.402742 -0.0030194 0.1435082 0.1319055 -0.1388254 0.1760648 -0.0429151 0.9735949
1768819015.469408 -0.0019293 0.1439701 0.1327685 -0.1531205 0.1731678 -0.0287180 0.9724929
1768819015.502742 -0.0018132 0.1434203 0.1324522 -0.1599951 0.1749443 -0.0232606 0.9712132
1768819015.536078 -0.0022598 0.1439149 0.1319748 -0.1660059 0.1782025 -0.0232439 0.9696110
1768819015.669408 0.0000947 0.1446382 0.1350290 -0.1886613 0.1869808 -0.0141426 0.9639736
1768819015.702742 0.0012305 0.1455712 0.1361636 -0.1930902 0.1876484 -0.0147452 0.9629573
1768819015.736076 0.0000743 0.1450403 0.1351485 -0.1972869 0.1886691 -0.0110933 0.9619557
1768819015.769409 0.0017916 0.1455240 0.1364951 -0.2020244 0.1879455 -0.0111836 0.9611127
1768819015.802741 0.0020409 0.1463277 0.1370966 -0.2054844 0.1877780 -0.0110258 0.9604135
1768819015.902742 0.0015558 0.1461682 0.1368853 -0.2124487 0.1851322 -0.0061778 0.9594548
1768819015.936074 0.0008476 0.1456038 0.1358563 -0.2140850 0.1840174 -0.0067867 0.9593014
1768819015.969409 0.0004119 0.1456286 0.1354998 -0.2154896 0.1834791 -0.0059823 0.9590954
1768819016.036075 0.0019353 0.1464843 0.1372819 -0.2210034 0.1818837 -0.0033112 0.9581571
1768819016.069410 0.0017639 0.1467764 0.1373234 -0.2241451 0.1818034 -0.0048122 0.9574358
1768819016.102742 0.0032679 0.1472853 0.1384338 -0.2288097 0.1813822 -0.0010298 0.9564233
1768819016.136075 0.0032848 0.1478329 0.1384376 -0.2326501 0.1804590 -0.0010158 0.9556712
1768819016.202741 0.0044463 0.1485535 0.1396535 -0.2417685 0.1788585 0.0018277 0.9537055
1768819016.369408 0.0052346 0.1503677 0.1415286 -0.2602873 0.1713283 0.0084190 0.9501718
1768819016.402741 0.0054825 0.1507249 0.1414132 -0.2636942 0.1697369 0.0102416 0.9494998
1768819016.469408 0.0062491 0.1499500 0.1423775 -0.2725630 0.1679869 0.0141799 0.9472533
1768819016.502742 0.0056729 0.1499371 0.1407008 -0.2761492 0.1661566 0.0126978 0.9465582
1768819016.536077 0.0050044 0.1497090 0.1404020 -0.2793519 0.1663713 0.0154377 0.9455394
1768819016.569408 0.0050556 0.1495993 0.1405645 -0.2834850 0.1663712 0.0164225 0.9442919
1768819016.669407 0.0045629 0.1502368 0.1411914 -0.2943009 0.1678973 0.0205265 0.9406254
1768819016.702741 0.0054972 0.1511350 0.1426664 -0.2995118 0.1687859 0.0240886 0.9387352
1768819016.736075 0.0056623 0.1518478 0.1438181 -0.3048868 0.1701867 0.0245721 0.9367373
1768819016.769408 0.0061965 0.1525044 0.1439170 -0.3096500 0.1693483 0.0245503 0.9353263
1768819016.836075 0.0068150 0.1528637 0.1448175 -0.3191683 0.1714515 0.0328462 0.9314812
1768819016.869407 0.0066420 0.1528926 0.1447357 -0.3245199 0.1718163 0.0345505 0.9295011
1768819016.902741 0.0079625 0.1541298 0.1460245 -0.3284646 0.1724253 0.0369899 0.9279075
1768819016.936074 0.0094137 0.1553689 0.1471213 -0.3330809 0.1720780 0.0385133 0.9262630
1768819016.969409 0.0085021 0.1549032 0.1467505 -0.3372271 0.1728047 0.0403863 0.9245461
1768819017.069410 0.0085645 0.1550222 0.1467060 -0.3476803 0.1742017 0.0432085 0.9202745
1768819017.102741 0.0086890 0.1555863 0.1468287 -0.3498164 0.1738933 0.0437978 0.9194952
1768819017.136074 0.0091388 0.1557059 0.1472825 -0.3519667 0.1739817 0.0452616 0.9185865
1768819017.236074 0.0107727 0.1574543 0.1487113 -0.3580324 0.1732986 0.0477023 0.9162450
1768819017.269407 0.0111282 0.1577597 0.1489343 -0.3597205 0.1728401 0.0478402 0.9156630
1768819017.302742 0.0121989 0.1593383 0.1500096 -0.3625736 0.1719896 0.0460361 0.9147900
1768819017.336074 0.0125407 0.1584558 0.1503603 -0.3655713 0.1719395 0.0482009 0.9134939
1768819017.369408 0.0124952 0.1590581 0.1511410 -0.3695206 0.1709360 0.0469751 0.9121562
1768819017.402741 0.0136752 0.1605797 0.1526511 -0.3734389 0.1697660 0.0463697 0.9108089
1768819017.436074 0.0141802 0.1605049 0.1537893 -0.3785813 0.1687733 0.0466437 0.9088543
1768819017.469407 0.0148532 0.1623081 0.1563810 -0.3833394 0.1675270 0.0452506 0.9071593
1768819017.502740 0.0146661 0.1623796 0.1571374 -0.3877032 0.1683972 0.0493135 0.9049292
1768819017.569408 0.0177159 0.1639528 0.1608170 -0.3967177 0.1649602 0.0496669 0.9016299
1768819017.602740 0.0195423 0.1655849 0.1620906 -0.4002674 0.1643670 0.0524055 0.9000129
1768819017.636074 0.0206208 0.1662834 0.1628424 -0.4050661 0.1621876 0.0538012 0.8981770
1768819017.669407 0.0204479 0.1656934 0.1627808 -0.4108894 0.1617960 0.0581347 0.8953280
1768819017.702740 0.0230014 0.1690080 0.1637502 -0.4155152 0.1598419 0.0610864 0.8933455
1768819017.736075 0.0222141 0.1678451 0.1632930 -0.4218844 0.1596387 0.0640298 0.8901849
1768819017.769408 0.0230039 0.1708313 0.1634292 -0.4275307 0.1592310 0.0657921 0.8874314
1768819017.802741 0.0235342 0.1722564 0.1641855 -0.4342144 0.1592558 0.0666889 0.8841086
1768819017.836074 0.0232232 0.1711845 0.1635702 -0.4406247 0.1597448 0.0689263 0.8806706
1768819017.869406 0.0241253 0.1714768 0.1631017 -0.4476185 0.1598239 0.0695946 0.8770693
1768819017.902740 0.0256885 0.1729240 0.1639020 -0.4522005 0.1613555 0.0734966 0.8741152
1768819017.969408 0.0281201 0.1762033 0.1663460 -0.4598156 0.1659904 0.0825495 0.8684483
1768819018.002740 0.0284336 0.1764753 0.1674392 -0.4623927 0.1667721 0.0833123 0.8668559
1768819018.036074 0.0278831 0.1766745 0.1683554 -0.4633111 0.1686058 0.0841802 0.8659264
1768819018.102740 0.0279013 0.1766285 0.1674964 -0.4622194 0.1682106 0.0845387 0.8665516
1768819018.169407 0.0279583 0.1758924 0.1673281 -0.4628058 0.1667225 0.0824860 0.8667240
1768819018.202740 0.0281299 0.1765594 0.1678976 -0.4636008 0.1666936 0.0825888 0.8662948
1768819018.269406 0.0280465 0.1761546 0.1672924 -0.4712405 0.1634650 0.0855153 0.8624957
1768819018.302741 0.0282397 0.1772239 0.1688456 -0.4748680 0.1620353 0.0840502 0.8609185
1768819018.336074 0.0281852 0.1770343 0.1696706 -0.4787681 0.1622047 0.0842001 0.8587090
1768819018.369407 0.0276478 0.1752426 0.1704269 -0.4832772 0.1609662 0.0836518 0.8564668
1768819018.402740 0.0272835 0.1772670 0.1699464 -0.4850006 0.1613311 0.0870987 0.8550792
1768819018.436074 0.0277081 0.1782620 0.1708773 -0.4874655 0.1604570 0.0869762 0.8538537
1768819018.469406 0.0281536 0.1786625 0.1724193 -0.4906155 0.1598486 0.0862620 0.8522345
1768819018.502740 0.0307267 0.1793739 0.1741691 -0.4947452 0.1578658 0.0893881 0.8498914
1768819018.536076 0.0312295 0.1790709 0.1748572 -0.4975744 0.1578609 0.0911187 0.8480548
1768819018.569407 0.0317999 0.1795688 0.1758993 -0.5005661 0.1573426 0.0908704 0.8464156
1768819018.602740 0.0324769 0.1790617 0.1774290 -0.5054224 0.1544533 0.0892429 0.8442323
1768819018.636074 0.0312744 0.1779498 0.1770772 -0.5095312 0.1542569 0.0906758 0.8416417
1768819018.669406 0.0320814 0.1798174 0.1784215 -0.5126140 0.1539717 0.0926828 0.8396008
1768819018.702740 0.0328411 0.1805888 0.1778453 -0.5139581 0.1547815 0.0972461 0.8381128
1768819018.736075 0.0342578 0.1820850 0.1783459 -0.5166355 0.1545292 0.1017143 0.8359801
1768819018.769407 0.0361737 0.1820378 0.1797866 -0.5208842 0.1520744 0.1018985 0.8337684
1768819018.802740 0.0375455 0.1829031 0.1811122 -0.5235265 0.1526767 0.1067057 0.8313987
1768819018.836073 0.0394563 0.1837846 0.1835221 -0.5266987 0.1532839 0.1109583 0.8287224
1768819018.869406 0.0402176 0.1844926 0.1840611 -0.5279703 0.1536064 0.1129292 0.8275865
1768819018.902739 0.0410510 0.1855771 0.1843803 -0.5290542 0.1538693 0.1164258 0.8263600
1768819018.936073 0.0417351 0.1869168 0.1854798 -0.5311986 0.1553354 0.1205574 0.8241146
1768819018.969407 0.0428066 0.1885307 0.1841410 -0.5301489 0.1553300 0.1245347 0.8242001
1768819019.002739 0.0426516 0.1904691 0.1831552 -0.5293987 0.1562513 0.1266021 0.8241932
1768819019.036074 0.0444313 0.1908934 0.1826657 -0.5295874 0.1569320 0.1330366 0.8229281
1768819019.069408 0.0452209 0.1931343 0.1831183 -0.5307102 0.1594280 0.1387597 0.8207771
1768819019.136073 0.0535526 0.1930354 0.1738869 -0.5284455 0.1579960 0.1582473 0.8189875
1768819019.169406 0.0546492 0.1937232 0.1751026 -0.5314544 0.1621772 0.1664044 0.8145946
1768819019.202739 0.0550796 0.1942910 0.1751443 -0.5325632 0.1635029 0.1703518 0.8127875
1768819019.236073 0.0551682 0.1945526 0.1752812 -0.5342240 0.1668188 0.1741806 0.8102083
1768819019.302740 0.0552197 0.1945747 0.1741870 -0.5353314 0.1725919 0.1817055 0.8066074
1768819019.336073 0.0558685 0.1947337 0.1742959 -0.5363174 0.1734523 0.1842460 0.8051903
1768819019.369406 0.0575022 0.1933266 0.1733810 -0.5376330 0.1775636 0.1923607 0.8015106
1768819019.402740 0.0562530 0.1929401 0.1735156 -0.5376917 0.1831983 0.1944866 0.7996880
1768819019.436073 0.0542656 0.1933230 0.1743669 -0.5383816 0.1877164 0.1928149 0.7985801
1768819019.536075 0.0468256 0.1802898 0.1673966 -0.5355138 0.2033996 0.1865038 0.7981666
1768819019.602740 0.0535771 0.1752213 0.1584042 -0.5304333 0.2062888 0.1818210 0.8018894
1768819019.669406 0.0522507 0.1672329 0.1541721 -0.5281119 0.2146279 0.1753233 0.8026796
1768819019.702739 0.0516798 0.1673310 0.1535074 -0.5264338 0.2203643 0.1716570 0.8030199
1768819019.736073 0.0525313 0.1663488 0.1534186 -0.5286955 0.2226360 0.1637535 0.8025579
1768819019.769407 0.0505342 0.1663339 0.1528423 -0.5267794 0.2287447 0.1620254 0.8024507
1768819019.802739 0.0500992 0.1674605 0.1515373 -0.5253484 0.2345844 0.1556750 0.8029599
1768819019.836073 0.0485760 0.1675197 0.1525635 -0.5236177 0.2433597 0.1545201 0.8017008
1768819019.869405 0.0481728 0.1676904 0.1517490 -0.5221378 0.2509381 0.1512059 0.8009613
1768819019.902739 0.0452871 0.1650569 0.1512433 -0.5204062 0.2588525 0.1485172 0.8000721
1768819019.936072 0.0431374 0.1655510 0.1520315 -0.5194624 0.2675793 0.1430694 0.7988063
1768819019.969406 0.0432935 0.1670927 0.1538894 -0.5183990 0.2760040 0.1446246 0.7963467
1768819020.036074 0.0416541 0.1623880 0.1506408 -0.5157719 0.2848892 0.1398481 0.7957764
1768819020.069407 0.0415958 0.1627820 0.1513132 -0.5131040 0.2935676 0.1389496 0.7945032
1768819020.202739 0.0425284 0.1619482 0.1485563 -0.5037042 0.3155864 0.1324904 0.7931794
1768819020.269406 0.0423169 0.1586751 0.1473160 -0.4998107 0.3256407 0.1313089 0.7917736
1768819020.302740 0.0471886 0.1582006 0.1456514 -0.4976815 0.3280699 0.1320303 0.7919920
1768819020.336073 0.0493250 0.1550003 0.1471277 -0.4989667 0.3324524 0.1331995 0.7891549
1768819020.369406 0.0535763 0.1515149 0.1441555 -0.4975879 0.3322164 0.1374182 0.7894016
1768819020.402739 0.0601664 0.1485958 0.1415667 -0.4981569 0.3282199 0.1391286 0.7904142
1768819020.436072 0.0655190 0.1452042 0.1409133 -0.4981422 0.3310760 0.1445235 0.7882614
1768819020.469405 0.0696202 0.1436811 0.1394184 -0.4953765 0.3348474 0.1475188 0.7878563
1768819020.502738 0.0746402 0.1434261 0.1369648 -0.4932591 0.3363543 0.1494588 0.7881773
1768819020.536075 0.0775860 0.1418459 0.1362364 -0.4916645 0.3406356 0.1502024 0.7871929
1768819020.569406 0.0831304 0.1400833 0.1348229 -0.4900075 0.3437345 0.1530356 0.7863329
1768819020.602739 0.0844625 0.1390032 0.1330495 -0.4868932 0.3487000 0.1514238 0.7863931
1768819020.636072 0.0912277 0.1382686 0.1306676 -0.4846343 0.3512693 0.1558187 0.7857863
1768819020.736073 0.1020683 0.1319773 0.1267458 -0.4790437 0.3625478 0.1601474 0.7832171
1768819020.769405 0.1077223 0.1310517 0.1234220 -0.4774989 0.3625771 0.1624568 0.7836712
1768819020.836072 0.1142352 0.1287506 0.1210413 -0.4737230 0.3707058 0.1652551 0.7815719
1768819020.936072 0.1255871 0.1228694 0.1153278 -0.4689205 0.3766539 0.1691768 0.7807847
1768819020.969406 0.1315394 0.1221703 0.1127509 -0.4671739 0.3774956 0.1721127 0.7807835
1768819021.002738 0.1332501 0.1216675 0.1112491 -0.4648712 0.3819258 0.1723358 0.7799537
1768819021.069395 0.1362883 0.1193419 0.1099539 -0.4601639 0.3942274 0.1704455 0.7770343
1768819021.102728 0.1436104 0.1170204 0.1062863 -0.4584724 0.3930244 0.1764564 0.7773018
1768819021.136060 0.1511215 0.1128263 0.1018303 -0.4576384 0.3911270 0.1796223 0.7780248
1768819021.169394 0.1549995 0.1110485 0.1004227 -0.4544510 0.3955318 0.1806533 0.7774274
1768819021.202727 0.1632907 0.1097783 0.0951103 -0.4511918 0.3942209 0.1853199 0.7788917
1768819021.236060 0.1660944 0.1057841 0.0945181 -0.4502469 0.3997187 0.1861978 0.7764233
1768819021.269394 0.1698960 0.1003140 0.0915520 -0.4514914 0.3974462 0.1875258 0.7765476
1768819021.302728 0.1790760 0.1011650 0.0858457 -0.4488018 0.3956925 0.1900963 0.7783751
1768819021.336061 0.1869566 0.1002086 0.0817982 -0.4472929 0.3951798 0.1939179 0.7785614
1768819021.369394 0.1941353 0.0999270 0.0781028 -0.4463836 0.3941296 0.1956779 0.7791750
1768819021.402727 0.1939850 0.0963623 0.0781392 -0.4461514 0.3999351 0.1899287 0.7777712
1768819021.436060 0.1977080 0.0964662 0.0760734 -0.4448408 0.4028459 0.1872688 0.7776646
1768819021.469393 0.2042736 0.0960522 0.0718094 -0.4436706 0.4017592 0.1895922 0.7783321
1768819021.536064 0.2156757 0.0986270 0.0659667 -0.4397656 0.4004343 0.1940675 0.7801259
1768819021.569393 0.2187161 0.0946401 0.0631175 -0.4402148 0.3991565 0.1958308 0.7800867
1768819021.602727 0.2247183 0.0935173 0.0604071 -0.4411162 0.3971321 0.1958067 0.7806166
1768819021.636060 0.2267147 0.0908193 0.0589934 -0.4416029 0.3962821 0.1965063 0.7805977
1768819021.669394 0.2293666 0.0903944 0.0580792 -0.4422731 0.3948399 0.1958632 0.7811105
1768819021.702727 0.2299450 0.0910095 0.0577463 -0.4420067 0.3948371 0.1953044 0.7814025
1768819021.736061 0.2321047 0.0910243 0.0568121 -0.4415663 0.3941495 0.1964686 0.7817068
1768819021.769394 0.2336226 0.0899660 0.0569498 -0.4428154 0.3932109 0.1956415 0.7816803
1768819021.802726 0.2349692 0.0896508 0.0580462 -0.4441057 0.3925906 0.1944817 0.7815495
1768819021.836061 0.2306729 0.0800746 0.0630232 -0.4485046 0.3933761 0.1831800 0.7813731
1768819021.869392 0.2296101 0.0792063 0.0614811 -0.4447947 0.3847418 0.1661121 0.7915417
1768819021.936060 0.2296820 0.0801927 0.0612559 -0.4415880 0.3684542 0.1450977 0.8051014
1768819021.969393 0.2313607 0.0827774 0.0617469 -0.4406672 0.3599125 0.1409589 0.8101889
1768819022.002726 0.2303272 0.0832141 0.0619550 -0.4411337 0.3509336 0.1363360 0.8146528
1768819022.036060 0.2289159 0.0841454 0.0623688 -0.4424056 0.3434109 0.1272699 0.8186261
1768819022.069395 0.2248575 0.0819391 0.0649122 -0.4428598 0.3393334 0.1183137 0.8214195
1768819022.102726 0.2178836 0.0784201 0.0702933 -0.4451890 0.3401493 0.1090687 0.8211024
1768819022.136060 0.2165423 0.0792561 0.0720083 -0.4453920 0.3407389 0.1071840 0.8209961
1768819022.169393 0.2161979 0.0795768 0.0739366 -0.4450983 0.3414909 0.1082739 0.8206999
1768819022.202726 0.2161960 0.0793849 0.0743719 -0.4453183 0.3415335 0.1086164 0.8205175
1768819022.236060 0.2158933 0.0791737 0.0749043 -0.4452938 0.3418587 0.1088318 0.8203668
1768819022.269393 0.2163560 0.0787397 0.0762408 -0.4457179 0.3421190 0.1093806 0.8199549
1768819022.302727 0.2163820 0.0788466 0.0766273 -0.4452360 0.3422624 0.1095215 0.8201381
1768819022.336060 0.2163232 0.0785390 0.0764470 -0.4456074 0.3421523 0.1095358 0.8199804
1768819022.369392 0.2162419 0.0785724 0.0765892 -0.4450892 0.3423631 0.1097714 0.8201423
1768819022.402726 0.2161057 0.0773263 0.0776213 -0.4462545 0.3425353 0.1098137 0.8194312
1768819022.436060 0.2167802 0.0778898 0.0777119 -0.4456802 0.3426539 0.1102827 0.8196312
1768819022.469393 0.2167989 0.0776635 0.0777015 -0.4455385 0.3429391 0.1107722 0.8195229
1768819022.502726 0.2167844 0.0782360 0.0785081 -0.4456835 0.3433640 0.1104057 0.8193156
1768819022.536062 0.2162289 0.0775244 0.0785391 -0.4462791 0.3429618 0.1096927 0.8192555
1768819022.569393 0.2165001 0.0772980 0.0783958 -0.4462143 0.3424640 0.1098646 0.8194761
1768819022.602726 0.2165386 0.0772475 0.0785931 -0.4465069 0.3426276 0.1100313 0.8192259
1768819022.636060 0.2168831 0.0768012 0.0789804 -0.4467239 0.3425492 0.1106521 0.8190567
1768819022.669393 0.2159114 0.0764105 0.0803214 -0.4470343 0.3436001 0.1104022 0.8184807
1768819022.702726 0.2156834 0.0763521 0.0802484 -0.4464647 0.3435466 0.1109876 0.8187348
1768819022.736060 0.2157070 0.0769337 0.0797003 -0.4458315 0.3431936 0.1107589 0.8192587
1768819022.769393 0.2151340 0.0771734 0.0796944 -0.4456061 0.3438724 0.1106245 0.8191149
1768819022.802726 0.2166749 0.0764570 0.0783195 -0.4456330 0.3422742 0.1114795 0.8196536
1768819022.836059 0.2156890 0.0769366 0.0792054 -0.4457042 0.3430471 0.1107504 0.8193905
1768819022.869392 0.2158255 0.0771297 0.0792616 -0.4453958 0.3432437 0.1112701 0.8194056
1768819022.902726 0.2156998 0.0761535 0.0787186 -0.4449899 0.3425985 0.1117667 0.8198284
1768819022.936059 0.2151917 0.0761785 0.0793955 -0.4445607 0.3435814 0.1125099 0.8195482
1768819022.969393 0.2145344 0.0752817 0.0788082 -0.4440574 0.3431362 0.1129184 0.8199512
1768819023.002726 0.2136198 0.0756121 0.0805501 -0.4449278 0.3442551 0.1121384 0.8191170
1768819023.036060 0.2117315 0.0748539 0.0809567 -0.4443071 0.3435633 0.1110470 0.8198927
1768819023.069395 0.2085709 0.0693772 0.0807461 -0.4448229 0.3426508 0.1129238 0.8197385
1768819023.102726 0.2065540 0.0667679 0.0824589 -0.4443789 0.3442638 0.1145374 0.8190794
1768819023.136059 0.2058492 0.0658933 0.0833496 -0.4448052 0.3440525 0.1145365 0.8189369
1768819023.169392 0.2058254 0.0652332 0.0841384 -0.4442482 0.3442877 0.1165738 0.8188529
1768819023.202725 0.2047197 0.0634779 0.0857234 -0.4446068 0.3447740 0.1171407 0.8183726
1768819023.236059 0.2039285 0.0634158 0.0859809 -0.4436583 0.3385717 0.1177081 0.8213899
1768819023.269392 0.2031614 0.0631597 0.0858026 -0.4429276 0.3295127 0.1180009 0.8254164
1768819023.302725 0.2017136 0.0623780 0.0867541 -0.4455857 0.3262024 0.1160644 0.8255752
1768819023.336059 0.2029077 0.0643241 0.0860746 -0.4447448 0.3191665 0.1158049 0.8288088
1768819023.369393 0.2029640 0.0646872 0.0860479 -0.4449461 0.3133452 0.1150842 0.8310195
1768819023.402725 0.2018807 0.0623276 0.0871614 -0.4470552 0.3102475 0.1137926 0.8312277
1768819023.436059 0.2008249 0.0609738 0.0869524 -0.4462760 0.3099077 0.1144155 0.8316875
1768819023.469392 0.1964954 0.0543111 0.0885826 -0.4461193 0.3115584 0.1177742 0.8306854
1768819023.502725 0.1959384 0.0532808 0.0894346 -0.4469933 0.3112227 0.1178096 0.8303363
1768819023.536063 0.1958418 0.0523730 0.0890669 -0.4452520 0.3113778 0.1196182 0.8309549
1768819023.569393 0.1941914 0.0507115 0.0901602 -0.4474932 0.3110757 0.1184160 0.8300357
1768819023.602726 0.1921835 0.0487955 0.0901796 -0.4471979 0.3113899 0.1189937 0.8299945
1768819023.636059 0.1923641 0.0491844 0.0900112 -0.4469492 0.3105032 0.1194370 0.8303968
1768819023.669393 0.1905355 0.0469461 0.0922941 -0.4499948 0.3049608 0.1176118 0.8310662
1768819023.702725 0.1893638 0.0445941 0.0919075 -0.4519923 0.3025389 0.1166203 0.8310072
1768819023.736059 0.1875830 0.0424986 0.0907057 -0.4493982 0.3000282 0.1196758 0.8328878
1768819023.769392 0.1867950 0.0407291 0.0900928 -0.4492397 0.2943070 0.1204398 0.8349020
1768819023.802726 0.1866395 0.0405555 0.0903128 -0.4501633 0.2839701 0.1191187 0.8381675
1768819023.836060 0.1870425 0.0414994 0.0907546 -0.4489157 0.2754570 0.1205400 0.8414679
1768819023.869391 0.1866933 0.0397476 0.0901783 -0.4480584 0.2688157 0.1222313 0.8438254
1768819023.902725 0.1858362 0.0389674 0.0908847 -0.4472543 0.2606514 0.1236947 0.8465956
1768819023.936058 0.1847979 0.0397645 0.0911831 -0.4432811 0.2535117 0.1264932 0.8504312
1768819023.969393 0.1835510 0.0406002 0.0914666 -0.4396691 0.2455882 0.1286849 0.8542937
1768819024.002725 0.1826830 0.0409018 0.0917368 -0.4376479 0.2368745 0.1296719 0.8576363
1768819024.036059 0.1807685 0.0412053 0.0924696 -0.4355272 0.2278851 0.1308314 0.8609690
1768819024.069395 0.1793603 0.0406638 0.0922747 -0.4323511 0.2196096 0.1326024 0.8644425
1768819024.102726 0.1780821 0.0399194 0.0919915 -0.4291910 0.2104893 0.1371268 0.8675745
1768819024.136059 0.1773474 0.0394387 0.0927040 -0.4273401 0.2013005 0.1393315 0.8703133
1768819024.169392 0.1751458 0.0382329 0.0932198 -0.4270525 0.1907525 0.1393598 0.8728222
1768819024.202724 0.1738593 0.0363290 0.0917944 -0.4266057 0.1784916 0.1396013 0.8755911
1768819024.236058 0.1733752 0.0353612 0.0916701 -0.4260366 0.1670942 0.1411220 0.8778707
1768819024.269392 0.1705426 0.0334085 0.0916785 -0.4279582 0.1567266 0.1415636 0.8787766
1768819024.302726 0.1707733 0.0341562 0.0928882 -0.4282312 0.1462331 0.1464662 0.8796486
1768819024.336059 0.1695492 0.0321175 0.0916697 -0.4304703 0.1362763 0.1498380 0.8795866
1768819024.402725 0.1651933 0.0319420 0.0943066 -0.4350477 0.1196811 0.1496690 0.8797779
1768819024.436059 0.1627281 0.0346658 0.0955530 -0.4354639 0.1133107 0.1498033 0.8803925
1768819024.469391 0.1616931 0.0344720 0.0966837 -0.4390591 0.1050933 0.1477967 0.8799652
1768819024.502725 0.1621588 0.0351499 0.0985501 -0.4418485 0.1004461 0.1527485 0.8782644
1768819024.536058 0.1637989 0.0378074 0.0987631 -0.4413845 0.0946967 0.1520273 0.8792611
1768819024.569392 0.1646743 0.0378083 0.0981262 -0.4421652 0.0868005 0.1517687 0.8797283
1768819024.602725 0.1643401 0.0372134 0.0978608 -0.4439002 0.0808550 0.1493397 0.8798367
1768819024.636059 0.1620864 0.0376911 0.0975889 -0.4425299 0.0797189 0.1454931 0.8812740
1768819024.669392 0.1618917 0.0381566 0.0972418 -0.4408457 0.0796016 0.1458333 0.8820722
1768819024.702726 0.1611655 0.0368771 0.0969973 -0.4418056 0.0783228 0.1428811 0.8821896
1768819024.736059 0.1607350 0.0366519 0.0967276 -0.4409852 0.0785531 0.1422534 0.8826808
1768819024.802724 0.1541928 0.0284895 0.0935454 -0.4361227 0.0846188 0.1536149 0.8826319
1768819024.836059 0.1529735 0.0253006 0.0922643 -0.4310609 0.0876110 0.1626468 0.8832083
1768819024.902724 0.1505041 0.0195234 0.0899881 -0.4229717 0.0856422 0.1783555 0.8842792
1768819024.936058 0.1506777 0.0170252 0.0887376 -0.4185873 0.0851108 0.1884890 0.8843148
1768819024.969391 0.1494733 0.0150702 0.0879007 -0.4146458 0.0852693 0.1913048 0.8855509
1768819025.002724 0.1485302 0.0146070 0.0873883 -0.4121538 0.0815531 0.1867333 0.8880366
1768819025.036058 0.1493815 0.0150780 0.0865431 -0.4077449 0.0764590 0.1860995 0.8906544
1768819025.069394 0.1501979 0.0149092 0.0861886 -0.4045919 0.0729056 0.1870376 0.8921923
1768819025.102725 0.1493181 0.0151774 0.0869391 -0.4037297 0.0705470 0.1855810 0.8930762
1768819025.136058 0.1454664 0.0100215 0.0849082 -0.4015017 0.0693044 0.1857834 0.8941352
1768819025.236058 0.1408654 0.0046754 0.0806426 -0.3998789 0.0525683 0.1902699 0.8950591
1768819025.269391 0.1372502 0.0016236 0.0791520 -0.4017291 0.0468370 0.1924407 0.8940842
1768819025.302726 0.1337058 -0.0003451 0.0783616 -0.4049026 0.0389523 0.1933507 0.8928338
1768819025.336058 0.1297406 -0.0030830 0.0815613 -0.4053071 0.0353593 0.1938841 0.8926841
1768819025.369392 0.1262560 0.0028666 0.0828283 -0.3967183 0.0382430 0.1912434 0.8969827
1768819025.402725 0.1201127 0.0027369 0.0827895 -0.3903114 0.0357444 0.1854714 0.9010992
1768819025.469391 0.1172295 -0.0019191 0.0821453 -0.3858701 0.0332043 0.1878018 0.9026252
1768819025.569391 0.1063409 -0.0052587 0.0844291 -0.3839859 0.0258746 0.1815294 0.9049488
1768819025.702724 0.0929811 -0.0094098 0.0874758 -0.3941977 -0.0261433 0.1491427 0.9064663
1768819025.736058 0.0905269 -0.0094820 0.0886021 -0.3952209 -0.0213806 0.1489364 0.9061795
1768819025.802724 0.0890698 -0.0090706 0.0896232 -0.3921704 -0.0117262 0.1547740 0.9067028
1768819025.836058 0.0886734 -0.0097969 0.0892800 -0.3897671 -0.0075795 0.1595906 0.9069482
1768819025.902724 0.0892753 -0.0117645 0.0877346 -0.3837800 -0.0028773 0.1691726 0.9077914
1768819025.936057 0.0874568 -0.0179744 0.0842180 -0.3826502 -0.0021091 0.1749902 0.9071674
1768819025.969391 0.0872853 -0.0179874 0.0845267 -0.3816931 0.0003029 0.1780505 0.9069776
1768819026.069394 0.0877061 -0.0205606 0.0843137 -0.3824336 0.0114702 0.2062843 0.9005886
1768819026.102725 0.0859660 -0.0230536 0.0841479 -0.3880489 0.0158749 0.2147192 0.8961371
1768819026.169391 0.0854806 -0.0263355 0.0820304 -0.3834931 0.0235064 0.2213245 0.8963236
1768819026.236057 0.0853825 -0.0273959 0.0816586 -0.3657656 0.0371084 0.2242538 0.9025235
1768819026.336058 0.0820287 -0.0259159 0.0834108 -0.3747357 0.0574220 0.2157621 0.8998459
1768819026.369391 0.0817347 -0.0287427 0.0855184 -0.3784770 0.0602782 0.2167135 0.8978624
1768819026.436057 0.0798473 -0.0298813 0.0861255 -0.3751251 0.0727912 0.2095873 0.9000310
1768819026.469390 0.0764098 -0.0313167 0.0864716 -0.3720377 0.0736339 0.2038811 0.9025511
1768819026.502723 0.0765756 -0.0335024 0.0854959 -0.3709293 0.0730672 0.2033484 0.9031734
1768819026.569391 0.0762134 -0.0449895 0.0815570 -0.3687763 0.0715541 0.1919508 0.9066637
1768819026.602724 0.0765288 -0.0496770 0.0803530 -0.3690567 0.0709996 0.1884981 0.9073173
1768819026.669391 0.0779109 -0.0630613 0.0831682 -0.3748565 0.0779159 0.1797763 0.9061414
1768819026.702724 0.0793816 -0.0681772 0.0855705 -0.3785930 0.0810224 0.1789375 0.9044800
1768819026.769390 0.0765817 -0.0693271 0.0835432 -0.3755759 0.0901924 0.1678807 0.9069863
1768819026.802724 0.0760727 -0.0700881 0.0820813 -0.3752812 0.0907403 0.1633391 0.9078825
1768819026.869390 0.0763630 -0.0721546 0.0822390 -0.3731029 0.0866416 0.1534530 0.9109005
1768819026.902723 0.0748748 -0.0726189 0.0808595 -0.3673305 0.0856873 0.1456938 0.9146034
1768819027.002723 0.0729287 -0.0775440 0.0788540 -0.3631736 0.1039630 0.1413847 0.9150448
1768819027.069392 0.0733187 -0.0788566 0.0777579 -0.3574679 0.1051046 0.1388135 0.9175514
1768819027.102723 0.0728654 -0.0806705 0.0777478 -0.3555869 0.1049499 0.1350927 0.9188544
1768819027.169390 0.0710774 -0.0822285 0.0781837 -0.3482750 0.1038947 0.1283832 0.9227287
1768819027.202722 0.0720044 -0.0810153 0.0767803 -0.3421740 0.0991480 0.1236617 0.9261719
1768819027.236057 0.0718526 -0.0801314 0.0777680 -0.3388642 0.0967471 0.1187351 0.9282850
1768819027.302724 0.0698256 -0.0808958 0.0773681 -0.3313329 0.0891626 0.1036191 0.9335586
1768819027.336057 0.0699658 -0.0808490 0.0766044 -0.3243042 0.0838982 0.1009112 0.9368057
1768819027.402723 0.0686967 -0.0838115 0.0752316 -0.3142360 0.0773229 0.0952075 0.9413885
1768819027.436057 0.0687200 -0.0847706 0.0748668 -0.3089878 0.0739695 0.0927450 0.9436384
1768819027.469390 0.0702033 -0.0849962 0.0758815 -0.3059084 0.0728982 0.0917212 0.9448245
1768819027.502723 0.0711118 -0.0858026 0.0773793 -0.3062602 0.0718810 0.0899114 0.9449623
1768819027.802722 0.0707148 -0.0969942 0.0841763 -0.2897295 0.0792858 0.0870808 0.9498355
1768819027.836057 0.0709910 -0.0978383 0.0850316 -0.2894242 0.0797228 0.0877997 0.9498259
1768819027.902723 0.0715144 -0.0993796 0.0842671 -0.2826265 0.0798613 0.0875403 0.9518830
1768819027.936055 0.0710395 -0.1007623 0.0844985 -0.2805841 0.0803932 0.0854071 0.9526359
1768819028.002723 0.0703701 -0.1005098 0.0847480 -0.2707563 0.0772099 0.0813874 0.9560888
1768819028.069391 0.0670484 -0.1073361 0.0882197 -0.2719146 0.0739441 0.0761661 0.9564484
1768819028.136056 0.0661447 -0.1065160 0.0891344 -0.2606406 0.0702452 0.0628636 0.9608227
1768819028.202722 0.0667693 -0.1079801 0.0889193 -0.2512157 0.0695243 0.0568431 0.9637561
1768819028.236056 0.0690904 -0.1101097 0.0922441 -0.2501566 0.0694650 0.0586694 0.9639264
1768819028.269389 0.0697532 -0.1123816 0.0934136 -0.2510360 0.0697173 0.0588736 0.9636671
1768819028.336056 0.0692278 -0.1133227 0.0922018 -0.2438861 0.0702155 0.0484618 0.9660439
1768819028.436056 0.0693301 -0.1141154 0.0889130 -0.2316354 0.0757783 0.0337923 0.9692578
1768819028.469389 0.0689555 -0.1153609 0.0877374 -0.2299803 0.0779606 0.0318672 0.9695441
1768819028.502722 0.0702163 -0.1148169 0.0878299 -0.2294271 0.0781965 0.0287140 0.9697546
1768819028.536056 0.0706504 -0.1147197 0.0886000 -0.2295528 0.0802395 0.0285305 0.9695634
1768819028.569390 0.0710657 -0.1141722 0.0889407 -0.2302335 0.0813228 0.0277136 0.9693354
1768819028.636056 0.0690813 -0.1145597 0.0883341 -0.2364737 0.0886145 0.0225248 0.9673263
1768819028.669389 0.0720224 -0.1148122 0.0911204 -0.2459647 0.0945510 0.0196112 0.9644568
1768819028.702723 0.0734539 -0.1135833 0.0908345 -0.2478319 0.1023618 0.0167390 0.9632348
1768819028.802722 0.0759052 -0.1147460 0.0910313 -0.2538340 0.1215536 0.0095553 0.9595321
1768819028.869388 0.0816221 -0.1100404 0.0942257 -0.2563001 0.1290256 0.0074135 0.9579185
1768819029.069369 0.0931211 -0.1018250 0.0981296 -0.2786718 0.1577925 0.0271463 0.9469460
1768819029.102700 0.0965118 -0.0997451 0.0991459 -0.2847738 0.1632887 0.0316744 0.9440538
1768819029.169367 0.0971309 -0.0976150 0.1014663 -0.2989246 0.1742116 0.0336144 0.9376377
1768819029.202699 0.0978365 -0.0977663 0.1030442 -0.3087665 0.1808702 0.0361442 0.9330825
1768819029.302701 0.0982971 -0.0964211 0.1037269 -0.3282648 0.1925385 0.0333102 0.9241545
1768819029.469366 0.1011585 -0.0931893 0.1067633 -0.3598232 0.2070960 0.0326915 0.9091588
1768819029.536032 0.1041513 -0.0907058 0.1109266 -0.3788514 0.2111383 0.0369611 0.9002922
1768819029.569366 0.1062838 -0.0889971 0.1110229 -0.3869612 0.2105675 0.0388849 0.8968893
1768819029.602700 0.1079210 -0.0867240 0.1118444 -0.3976422 0.2112229 0.0377200 0.8921002
1768819029.669366 0.1102738 -0.0807939 0.1107761 -0.4137683 0.2080053 0.0349275 0.8856126
1768819029.702699 0.1132054 -0.0797426 0.1120899 -0.4242841 0.2055611 0.0384911 0.8810483
1768819029.736033 0.1146637 -0.0787519 0.1136188 -0.4319579 0.2052493 0.0433576 0.8771574
1768819029.769367 0.1115188 -0.0783048 0.1128351 -0.4342628 0.2094704 0.0463895 0.8748634
1768819029.802701 0.1134775 -0.0747395 0.1115131 -0.4396461 0.2066562 0.0462306 0.8728501
1768819029.836033 0.1154714 -0.0729070 0.1133032 -0.4483824 0.2085099 0.0499234 0.8677468
1768819029.902699 0.1178797 -0.0697302 0.1143192 -0.4654850 0.2102575 0.0540717 0.8580161
1768819029.936032 0.1182573 -0.0690572 0.1164131 -0.4732558 0.2132753 0.0575828 0.8527760
1768819030.002699 0.1205182 -0.0649676 0.1172581 -0.4771376 0.2165211 0.0639828 0.8493319
1768819030.036032 0.1199350 -0.0632067 0.1150911 -0.4754740 0.2168124 0.0636102 0.8502180
1768819030.069366 0.1199757 -0.0628889 0.1146735 -0.4755417 0.2166477 0.0637219 0.8502138
1768819030.102699 0.1202770 -0.0625298 0.1142400 -0.4750966 0.2170282 0.0644745 0.8503088
1768819030.169366 0.1224615 -0.0606137 0.1110739 -0.4724328 0.2179570 0.0669706 0.8513618
1768819030.202698 0.1232881 -0.0615554 0.1125809 -0.4760673 0.2238899 0.0746118 0.8471519
1768819030.269366 0.1243039 -0.0581472 0.1120453 -0.4864110 0.2261375 0.0749483 0.8406242
1768819030.302700 0.1235415 -0.0574528 0.1143467 -0.4916846 0.2336342 0.0807842 0.8349462
1768819030.336033 0.1249727 -0.0552647 0.1155129 -0.4949481 0.2357204 0.0882287 0.8316718
1768819030.402699 0.1228578 -0.0540948 0.1112563 -0.4985611 0.2344273 0.0930002 0.8293562
1768819030.436032 0.1240759 -0.0529863 0.1127621 -0.5017425 0.2405633 0.1021330 0.8245924
1768819030.469365 0.1243231 -0.0524013 0.1121241 -0.5027207 0.2425529 0.1074250 0.8227393
1768819030.502699 0.1222899 -0.0497812 0.1113472 -0.5013531 0.2437038 0.1078901 0.8231727
1768819030.536032 0.1211156 -0.0475733 0.1114207 -0.5004978 0.2445684 0.1073091 0.8235126
1768819030.569366 0.1193473 -0.0463113 0.1088717 -0.4982139 0.2448636 0.1063917 0.8249276
1768819030.602699 0.1175580 -0.0450352 0.1075142 -0.5002084 0.2430262 0.1033804 0.8246468
1768819030.636033 0.1170100 -0.0444964 0.1071450 -0.4990898 0.2437300 0.1034963 0.8251022
1768819030.702698 0.1178083 -0.0445237 0.1066389 -0.4979360 0.2440199 0.1045173 0.8255847
1768819030.736033 0.1185029 -0.0447075 0.1048120 -0.4963565 0.2437509 0.1053589 0.8265078
1768819030.769365 0.1197979 -0.0452591 0.1038954 -0.4957151 0.2444444 0.1078478 0.8263669
1768819030.802698 0.1204739 -0.0450595 0.1026483 -0.4944932 0.2449488 0.1088814 0.8268140
1768819030.836032 0.1201219 -0.0468220 0.1019660 -0.4942082 0.2515061 0.1145874 0.8242407
1768819030.902698 0.1201234 -0.0450934 0.1026392 -0.4949650 0.2650655 0.1209511 0.8186091
1768819030.936032 0.1197068 -0.0455917 0.1025602 -0.4957663 0.2712897 0.1254882 0.8153959
1768819031.002699 0.1200458 -0.0453972 0.1020064 -0.4953695 0.2754582 0.1306504 0.8134263
1768819031.036032 0.1200506 -0.0459839 0.1015445 -0.4945645 0.2765470 0.1310726 0.8134788
1768819031.069365 0.1207637 -0.0467687 0.1012029 -0.4941453 0.2770948 0.1322077 0.8133634
1768819031.102699 0.1215175 -0.0488960 0.0996522 -0.4937463 0.2769242 0.1329678 0.8135399
1768819031.136031 0.1226520 -0.0491468 0.1002334 -0.4934267 0.2768626 0.1331300 0.8137282
1768819031.202698 0.1241799 -0.0458959 0.1016384 -0.4881158 0.2829566 0.1360376 0.8143539
1768819031.269365 0.1232769 -0.0468974 0.1009721 -0.4905517 0.2909415 0.1296287 0.8111156
1768819031.302701 0.1243200 -0.0472428 0.1005064 -0.4919925 0.2915341 0.1288139 0.8101594
1768819031.336032 0.1216967 -0.0501743 0.0987947 -0.4912630 0.2989493 0.1293834 0.8078056
1768819031.502698 0.1233734 -0.0506216 0.0962380 -0.5162572 0.3177058 0.1283003 0.7849080
1768819031.536031 0.1245566 -0.0468728 0.0970592 -0.5243060 0.3131151 0.1256992 0.7818324
1768819031.569365 0.1284393 -0.0442347 0.1003646 -0.5306082 0.3073851 0.1300199 0.7791432
1768819031.602698 0.1281381 -0.0433580 0.1002463 -0.5316181 0.3065405 0.1286709 0.7790116
1768819031.636031 0.1281367 -0.0428610 0.0994973 -0.5310577 0.3063947 0.1290680 0.7793853
1768819031.669364 0.1277879 -0.0426990 0.0993952 -0.5307298 0.3068413 0.1292105 0.7794093
1768819031.736032 0.1284103 -0.0434393 0.0989121 -0.5307223 0.3068006 0.1299135 0.7793136
1768819031.769364 0.1264946 -0.0448925 0.1005392 -0.5333281 0.3119744 0.1300430 0.7754495
1768819031.802698 0.1251888 -0.0446470 0.1001088 -0.5383615 0.3137850 0.1245597 0.7721339
1768819031.836032 0.1256908 -0.0438917 0.1009483 -0.5454944 0.3164531 0.1274870 0.7655327
1768819031.902698 0.1254948 -0.0418173 0.1016748 -0.5620143 0.3071176 0.1267817 0.7574596
1768819031.936031 0.1266057 -0.0396595 0.1007400 -0.5688341 0.3014235 0.1266465 0.7546737
1768819031.969365 0.1254332 -0.0388264 0.1007442 -0.5705029 0.3004232 0.1251235 0.7540666
1768819032.002697 0.1240920 -0.0398345 0.1011363 -0.5713106 0.3004269 0.1251351 0.7534514
1768819032.036031 0.1239793 -0.0395295 0.1009392 -0.5709209 0.3005179 0.1258414 0.7535929
1768819032.069366 0.1237231 -0.0394716 0.1012990 -0.5709494 0.3010842 0.1257686 0.7533575
1768819032.102698 0.1234739 -0.0393987 0.1011750 -0.5708461 0.3009973 0.1253052 0.7535476
1768819032.136030 0.1234024 -0.0390589 0.1009404 -0.5708792 0.3009603 0.1254260 0.7535172
1768819032.169364 0.1233946 -0.0390642 0.1011133 -0.5710892 0.3007282 0.1250823 0.7535079
1768819032.202697 0.1238229 -0.0380170 0.1005581 -0.5707725 0.3003806 0.1258787 0.7537538
1768819032.269364 0.1239232 -0.0381327 0.1004759 -0.5705180 0.3003996 0.1270947 0.7537348
1768819032.302698 0.1249255 -0.0376580 0.1004029 -0.5715546 0.2978660 0.1284033 0.7537332
1768819032.336031 0.1255755 -0.0362138 0.1003410 -0.5778445 0.2882124 0.1249345 0.7532733
1768819032.369364 0.1270266 -0.0353235 0.1001510 -0.5846373 0.2784745 0.1240192 0.7518446
1768819032.402698 0.1285252 -0.0342123 0.0991835 -0.5863427 0.2725983 0.1258956 0.7523581
1768819032.436031 0.1301458 -0.0323137 0.0978594 -0.5858404 0.2694274 0.1275464 0.7536125
1768819032.469364 0.1301935 -0.0321309 0.0973023 -0.5854501 0.2683773 0.1270842 0.7543682
1768819032.502697 0.1298799 -0.0323561 0.0973965 -0.5854187 0.2683946 0.1267748 0.7544385
1768819032.536030 0.1301781 -0.0322185 0.0972038 -0.5851423 0.2683291 0.1270902 0.7546231
1768819032.569365 0.1297455 -0.0329409 0.0976129 -0.5852152 0.2685272 0.1265499 0.7545869
1768819032.602697 0.1299498 -0.0327643 0.0974510 -0.5849685 0.2685902 0.1271705 0.7546515
1768819032.636031 0.1290039 -0.0348808 0.0980769 -0.5851625 0.2680414 0.1264569 0.7548161
1768819032.669364 0.1272188 -0.0417769 0.0999590 -0.5859725 0.2654052 0.1278339 0.7548873
1768819032.702698 0.1260867 -0.0491667 0.1042994 -0.5887467 0.2628726 0.1306035 0.7531388
1768819032.736031 0.1272876 -0.0552725 0.1046541 -0.5877749 0.2536369 0.1329334 0.7566490
1768819032.769364 0.1302553 -0.0595260 0.1038413 -0.5846606 0.2436481 0.1412627 0.7608236
1768819032.802699 0.1329062 -0.0650456 0.1027497 -0.5815237 0.2316544 0.1473827 0.7657969
1768819032.836031 0.1336945 -0.0678099 0.1011085 -0.5761406 0.2233647 0.1528775 0.7712319
1768819032.869363 0.1340903 -0.0696800 0.1015280 -0.5721861 0.2149647 0.1578029 0.7755589
1768819032.902697 0.1312937 -0.0708385 0.0992192 -0.5652821 0.2062965 0.1570030 0.7831015
1768819032.936030 0.1295331 -0.0716205 0.0995488 -0.5596790 0.2011542 0.1572409 0.7883982
1768819032.969364 0.1280555 -0.0702787 0.1004901 -0.5545686 0.1969617 0.1584699 0.7928096
1768819033.002697 0.1248770 -0.0705280 0.1024663 -0.5505853 0.1956656 0.1580866 0.7959771
1768819033.036031 0.1222436 -0.0705055 0.1057063 -0.5466125 0.1950719 0.1572750 0.7990158
1768819033.069364 0.1199397 -0.0730727 0.1087720 -0.5434368 0.1921469 0.1587050 0.8016039
1768819033.102698 0.1165430 -0.0684416 0.1100859 -0.5365264 0.1885125 0.1543202 0.8079528
1768819033.136030 0.1154379 -0.0708402 0.1106935 -0.5313418 0.1837748 0.1565274 0.8120357
1768819033.169364 0.1154030 -0.0732889 0.1133643 -0.5303016 0.1802253 0.1612253 0.8125918
1768819033.202697 0.1138885 -0.0730853 0.1138841 -0.5276434 0.1762806 0.1584849 0.8157206
1768819033.236030 0.1128131 -0.0717695 0.1148203 -0.5268087 0.1714319 0.1554748 0.8178700
1768819033.269364 0.1112276 -0.0706633 0.1153364 -0.5254133 0.1681572 0.1515371 0.8201832
1768819033.302698 0.1103335 -0.0707978 0.1164730 -0.5244041 0.1663673 0.1491863 0.8216238
1768819033.336030 0.1088973 -0.0736553 0.1163002 -0.5224299 0.1649089 0.1457869 0.8237829
1768819033.369363 0.1091808 -0.0753957 0.1177056 -0.5235791 0.1645736 0.1446525 0.8233203
1768819033.402697 0.1092656 -0.0768805 0.1205014 -0.5246516 0.1638612 0.1425740 0.8231421
1768819033.436030 0.1096166 -0.0792999 0.1216636 -0.5250615 0.1630354 0.1403124 0.8234332
1768819033.469363 0.1090217 -0.0826585 0.1210766 -0.5225390 0.1603222 0.1334524 0.8267045
1768819033.502697 0.1107452 -0.0830805 0.1223874 -0.5220926 0.1588019 0.1314871 0.8275943
1768819033.536030 0.1129948 -0.0845790 0.1217885 -0.5224161 0.1582492 0.1319803 0.8274176
1768819033.602697 0.1131837 -0.0830054 0.1217241 -0.5173874 0.1644657 0.1254684 0.8303728
1768819033.636030 0.1110273 -0.0838271 0.1212911 -0.5120367 0.1704227 0.1192290 0.8334020
1768819033.669364 0.1117640 -0.0820139 0.1212076 -0.5065121 0.1759946 0.1215974 0.8352757
1768819033.702697 0.1122928 -0.0822705 0.1216442 -0.5055865 0.1767413 0.1211675 0.8357412
1768819033.769363 0.1117681 -0.0812689 0.1217723 -0.4960779 0.1790467 0.1171827 0.8414971
1768819033.802696 0.1132038 -0.0805291 0.1235008 -0.4949820 0.1764073 0.1146779 0.8430434
1768819033.869362 0.1142079 -0.0783819 0.1232403 -0.4854940 0.1736717 0.1078984 0.8499951
1768819033.902696 0.1141847 -0.0784349 0.1228487 -0.4809686 0.1703932 0.1039689 0.8537130
1768819033.936030 0.1144281 -0.0799077 0.1244266 -0.4815328 0.1694467 0.1014907 0.8538815
1768819034.002697 0.1146614 -0.0802560 0.1244439 -0.4810072 0.1678034 0.0998637 0.8546937
1768819034.036030 0.1153394 -0.0807790 0.1261153 -0.4819960 0.1688637 0.1006505 0.8538352
1768819034.069363 0.1151828 -0.0823594 0.1268740 -0.4825777 0.1699417 0.1014390 0.8531991
1768819034.136030 0.1158597 -0.0814193 0.1284153 -0.4830492 0.1691446 0.1005705 0.8531936
1768819034.169363 0.1168363 -0.0810129 0.1292683 -0.4830088 0.1687139 0.1002484 0.8533396
1768819034.202696 0.1180131 -0.0814242 0.1308178 -0.4838834 0.1684531 0.1005253 0.8528629
1768819034.236030 0.1182283 -0.0812133 0.1323124 -0.4839963 0.1665896 0.0984343 0.8534086
1768819034.302698 0.1188254 -0.0804263 0.1345613 -0.4814095 0.1591563 0.0916412 0.8570392
1768819034.336030 0.1178134 -0.0800831 0.1350464 -0.4793624 0.1564925 0.0888519 0.8589686
1768819034.369363 0.1158668 -0.0816694 0.1367979 -0.4808597 0.1567865 0.0871044 0.8582568
1768819034.436030 0.1158836 -0.0807649 0.1389062 -0.4796054 0.1540287 0.0822965 0.8599309
1768819034.469362 0.1161473 -0.0816016 0.1399352 -0.4798776 0.1524062 0.0810102 0.8601902
1768819034.536029 0.1138745 -0.0850393 0.1430969 -0.4811349 0.1536243 0.0797263 0.8593908
1768819034.602696 0.1154854 -0.0856462 0.1456601 -0.4827295 0.1533152 0.0805866 0.8584710
1768819034.636030 0.1159479 -0.0860879 0.1469720 -0.4829653 0.1532960 0.0808790 0.8583143
1768819034.702696 0.1165840 -0.0874634 0.1485407 -0.4834096 0.1541596 0.0822663 0.8577775
1768819034.736030 0.1174775 -0.0873547 0.1488948 -0.4838390 0.1534081 0.0821936 0.8576771
1768819034.769363 0.1180823 -0.0871380 0.1492234 -0.4838495 0.1535092 0.0828255 0.8575923
1768819034.802696 0.1185031 -0.0873685 0.1488817 -0.4838827 0.1533375 0.0825598 0.8576300
1768819034.869362 0.1192129 -0.0876794 0.1482018 -0.4837998 0.1525998 0.0823287 0.8578304
1768819034.902696 0.1195309 -0.0876652 0.1480827 -0.4838828 0.1527198 0.0823768 0.8577576
1768819034.936029 0.1193968 -0.0885485 0.1475212 -0.4840353 0.1527552 0.0814163 0.8577571
1768819035.002696 0.1206557 -0.0888370 0.1480194 -0.4840515 0.1527031 0.0824018 0.8576630
1768819035.036030 0.1220877 -0.0894941 0.1480195 -0.4842428 0.1523255 0.0822804 0.8576339
1768819035.069364 0.1233413 -0.0888499 0.1495093 -0.4845240 0.1525107 0.0828223 0.8573899
1768819035.102696 0.1247084 -0.0900099 0.1513477 -0.4843249 0.1510051 0.0807889 0.8579627
1768819035.136029 0.1243260 -0.0898980 0.1512291 -0.4774309 0.1534295 0.0753777 0.8618801
1768819035.169363 0.1244448 -0.0902300 0.1506286 -0.4695954 0.1546081 0.0697170 0.8664387
1768819035.202695 0.1241779 -0.0911800 0.1500394 -0.4621255 0.1577115 0.0667543 0.8701213
1768819035.236029 0.1240354 -0.0921558 0.1500477 -0.4587590 0.1582982 0.0628009 0.8720883
