1768818980.402804 0.0000000 0.0000000 0.0000000 -0.0000000 -0.0000000 -0.0000000 1.0000000
1768818980.436137 -0.0004888 -0.0007600 -0.0010763 0.0010691 0.0002782 0.0004592 0.9999993
1768818980.836138 0.0001144 -0.0017533 -0.0032358 0.0066150 -0.0051280 -0.0024110 0.9999621
1768818980.869469 0.0002016 -0.0017407 -0.0040568 0.0068235 -0.0055715 -0.0025512 0.9999580
1768818981.136137 0.0001572 -0.0020587 -0.0052144 0.0062757 -0.0057788 -0.0047301 0.9999524
1768818981.302803 0.0004547 -0.0017736 -0.0040817 0.0071842 -0.0050905 -0.0065974 0.9999395
1768818981.536136 0.0000074 -0.0015741 -0.0031223 0.0061729 -0.0033784 -0.0102145 0.9999231
1768818981.569469 -0.0000010 -0.0016004 -0.0035059 0.0056148 -0.0032316 -0.0108602 0.9999201
1768818981.602803 0.0000054 -0.0014649 -0.0027174 0.0048903 -0.0026934 -0.0114074 0.9999194
1768818981.702803 -0.0006202 -0.0015815 -0.0026085 0.0030447 -0.0021207 -0.0134750 0.9999024
1768818981.869468 0.0004156 0.0008586 0.0015554 -0.0002211 -0.0018669 -0.0173463 0.9998478
1768818981.902802 0.0002471 0.0009462 0.0035905 -0.0011238 -0.0013228 -0.0186109 0.9998253
1768818981.936136 0.0001756 0.0015409 0.0046293 -0.0011183 -0.0010396 -0.0195292 0.9998081
1768818982.036137 0.0004193 0.0012806 0.0058093 -0.0022222 -0.0012069 -0.0208676 0.9997790
1768818982.069471 0.0003984 0.0012715 0.0052105 -0.0025793 -0.0015145 -0.0214784 0.9997649
1768818982.102803 0.0003763 0.0012903 0.0051564 -0.0023781 -0.0015668 -0.0213467 0.9997681
1768818982.336174 -0.0001116 0.0000228 0.0014667 -0.0035305 -0.0029908 -0.0221409 0.9997442
1768818982.369507 -0.0003186 -0.0004096 0.0018656 -0.0040983 -0.0028447 -0.0226412 0.9997312
1768818982.402840 -0.0001694 -0.0010275 0.0008185 -0.0049141 -0.0033837 -0.0235074 0.9997059
1768818982.436174 -0.0009447 -0.0001485 -0.0003199 -0.0046862 -0.0038004 -0.0242252 0.9996883
1768818982.469506 -0.0007104 -0.0003006 -0.0005572 -0.0053345 -0.0042430 -0.0250994 0.9996617
1768818982.536173 -0.0006322 0.0003272 -0.0015161 -0.0062967 -0.0052975 -0.0282137 0.9995680
1768818982.602840 -0.0008367 -0.0001545 -0.0029271 -0.0080846 -0.0067393 -0.0311304 0.9994599
1768818982.836174 -0.0012824 0.0000430 -0.0050042 -0.0092165 -0.0077455 -0.0334278 0.9993686
1768818983.136173 -0.0015874 -0.0000936 -0.0057616 -0.0087913 -0.0077181 -0.0326976 0.9993969
1768818983.236173 -0.0016609 -0.0000519 -0.0051651 -0.0086188 -0.0074172 -0.0323595 0.9994116
1768818983.336173 -0.0007069 0.0010832 -0.0021096 -0.0087404 -0.0075779 -0.0332413 0.9993805
1768818983.402840 -0.0009753 0.0008525 -0.0021890 -0.0096078 -0.0068242 -0.0347366 0.9993270
1768818983.436173 -0.0005502 0.0013036 -0.0007285 -0.0100927 -0.0068927 -0.0361232 0.9992726
1768818983.469505 0.0001006 0.0020728 -0.0005900 -0.0095638 -0.0069225 -0.0362154 0.9992743
1768818983.536173 0.0005077 0.0030854 0.0019890 -0.0115812 -0.0066858 -0.0403487 0.9990962
1768818983.569507 -0.0007542 0.0032037 0.0014652 -0.0124926 -0.0062570 -0.0422019 0.9990114
1768818983.602840 -0.0014618 0.0044265 -0.0011465 -0.0124315 -0.0071667 -0.0443371 0.9989136
1768818983.636173 -0.0039524 0.0045343 -0.0034414 -0.0128023 -0.0065857 -0.0447626 0.9988939
1768818983.669505 -0.0057080 0.0032151 -0.0060825 -0.0142568 -0.0072876 -0.0463867 0.9987953
1768818983.702840 -0.0090643 0.0005217 -0.0094150 -0.0169898 -0.0071845 -0.0485689 0.9986495
1768818983.769506 -0.0092550 0.0011573 -0.0144910 -0.0178782 -0.0093332 -0.0518763 0.9984499
1768818983.802839 -0.0090281 0.0019778 -0.0171973 -0.0187108 -0.0110596 -0.0535946 0.9983262
1768818983.836174 -0.0094000 0.0022273 -0.0174501 -0.0197094 -0.0110348 -0.0559548 0.9981778
1768818983.869505 -0.0115044 0.0017695 -0.0163187 -0.0213036 -0.0099769 -0.0581587 0.9980302
1768818983.902839 -0.0109306 0.0011052 -0.0136643 -0.0232170 -0.0097630 -0.0600310 0.9978787
1768818983.936172 -0.0111346 0.0011311 -0.0137666 -0.0236389 -0.0095075 -0.0602302 0.9978593
1768818983.969506 -0.0105509 0.0013705 -0.0157074 -0.0228464 -0.0104633 -0.0603509 0.9978608
1768818984.002841 -0.0121243 0.0002879 -0.0202447 -0.0234308 -0.0114255 -0.0595467 0.9978851
1768818984.069506 -0.0104533 -0.0059868 -0.0220878 -0.0270817 -0.0260332 -0.0595407 0.9975188
1768818984.136173 -0.0109897 -0.0054152 -0.0197788 -0.0260407 -0.0456692 -0.0651985 0.9964865
1768818984.169506 -0.0117219 -0.0064062 -0.0194595 -0.0302562 -0.0528878 -0.0611254 0.9962686
1768818984.202838 -0.0102672 -0.0074926 -0.0164495 -0.0339979 -0.0601353 -0.0503133 0.9963415
1768818984.236173 -0.0101162 -0.0063971 -0.0172519 -0.0335367 -0.0642481 -0.0496093 0.9961357
1768818984.269505 -0.0104053 -0.0066446 -0.0173693 -0.0343274 -0.0644507 -0.0498084 0.9960858
1768818984.302839 -0.0102924 -0.0062940 -0.0192704 -0.0339676 -0.0649482 -0.0493268 0.9960898
1768818984.369506 -0.0114143 -0.0069749 -0.0234480 -0.0345379 -0.0658409 -0.0502810 0.9959638
1768818984.469505 -0.0116471 -0.0074019 -0.0228882 -0.0359921 -0.0654358 -0.0524093 0.9958293
1768818984.502841 -0.0115482 -0.0074323 -0.0225763 -0.0364874 -0.0652814 -0.0529923 0.9957906
1768818984.536172 -0.0119113 -0.0065523 -0.0219469 -0.0363323 -0.0647723 -0.0538713 0.9957823
1768818984.602839 -0.0128240 -0.0062936 -0.0222175 -0.0369347 -0.0644896 -0.0551054 0.9957110
1768818984.636173 -0.0130856 -0.0061550 -0.0223796 -0.0373312 -0.0643238 -0.0558106 0.9956676
1768818984.669505 -0.0135544 -0.0064553 -0.0243174 -0.0383956 -0.0645761 -0.0568538 0.9955518
1768818984.702839 -0.0138057 -0.0055498 -0.0246421 -0.0383488 -0.0644437 -0.0579784 0.9954973
1768818984.736173 -0.0148640 -0.0047432 -0.0289852 -0.0385682 -0.0649110 -0.0589371 0.9954022
1768818984.769506 -0.0207406 -0.0034962 -0.0436367 -0.0376804 -0.0652201 -0.0573655 0.9955078
1768818984.802839 -0.0226158 -0.0057816 -0.0408109 -0.0408820 -0.0764412 -0.0489148 0.9950340
1768818984.902838 -0.0238283 -0.0006209 -0.0290543 -0.0449710 -0.1092037 -0.0270600 0.9926328
1768818984.936172 -0.0240849 -0.0012103 -0.0327730 -0.0452879 -0.1106594 -0.0270573 0.9924573
1768818984.969506 -0.0221065 -0.0011921 -0.0335112 -0.0448559 -0.1130719 -0.0266325 0.9922164
1768818985.002838 -0.0211920 -0.0022128 -0.0360689 -0.0449223 -0.1147697 -0.0260070 0.9920351
1768818985.036174 -0.0209411 -0.0025807 -0.0385368 -0.0439574 -0.1166228 -0.0245943 0.9918982
1768818985.069505 -0.0196788 -0.0023237 -0.0383849 -0.0432148 -0.1176786 -0.0239895 0.9918209
1768818985.102839 -0.0196142 -0.0021573 -0.0394133 -0.0424299 -0.1181403 -0.0238012 0.9918045
1768818985.136172 -0.0177242 -0.0020499 -0.0408677 -0.0414010 -0.1201824 -0.0229885 0.9916217
1768818985.169506 -0.0181926 -0.0032970 -0.0449884 -0.0415729 -0.1223866 -0.0228387 0.9913484
1768818985.202838 -0.0197738 -0.0043562 -0.0544139 -0.0426020 -0.1240729 -0.0256684 0.9910258
1768818985.236172 -0.0189748 -0.0041012 -0.0582905 -0.0420019 -0.1267552 -0.0278663 0.9906526
1768818985.269505 -0.0170833 -0.0033549 -0.0577849 -0.0411044 -0.1319338 -0.0316732 0.9898993
1768818985.336172 -0.0220486 -0.0017679 -0.0511395 -0.0408333 -0.1398504 -0.0332811 0.9887704
1768818985.402838 -0.0242343 -0.0015560 -0.0529092 -0.0395661 -0.1458508 -0.0361033 0.9878556
1768818985.436172 -0.0252888 -0.0015877 -0.0545563 -0.0399414 -0.1479758 -0.0362385 0.9875194
1768818985.469504 -0.0258263 -0.0019722 -0.0545918 -0.0395730 -0.1509320 -0.0360527 0.9870936
1768818985.502841 -0.0264501 -0.0010142 -0.0523797 -0.0385479 -0.1550367 -0.0361735 0.9864933
1768818985.736172 -0.0330868 -0.0002046 -0.0479877 -0.0432997 -0.1907524 -0.0356639 0.9800341
1768818985.936171 -0.0525479 0.0069617 -0.0472015 -0.0465766 -0.2208579 -0.0517923 0.9728155
1768818985.969505 -0.0536810 0.0071430 -0.0468248 -0.0480060 -0.2267512 -0.0526824 0.9713413
1768818986.002838 -0.0553572 0.0076698 -0.0462304 -0.0502704 -0.2325762 -0.0531467 0.9698230
1768818986.036173 -0.0562476 0.0078880 -0.0461098 -0.0532084 -0.2392633 -0.0530896 0.9680411
1768818986.069505 -0.0570566 0.0086709 -0.0438705 -0.0563654 -0.2438548 -0.0520398 0.9667728
1768818986.102838 -0.0579389 0.0095527 -0.0428632 -0.0590521 -0.2495066 -0.0524855 0.9651449
1768818986.169504 -0.0636723 0.0115576 -0.0390083 -0.0668190 -0.2626149 -0.0472603 0.9614235
1768818986.202837 -0.0676147 0.0122220 -0.0357795 -0.0701241 -0.2690925 -0.0449233 0.9595070
1768818986.236171 -0.0689424 0.0141626 -0.0325210 -0.0738072 -0.2775155 -0.0409481 0.9570063
1768818986.269505 -0.0710382 0.0150184 -0.0312229 -0.0795637 -0.2840401 -0.0379439 0.9547518
1768818986.369505 -0.0779332 0.0204325 -0.0196855 -0.0972817 -0.3022689 -0.0247882 0.9479216
1768818986.402838 -0.0807578 0.0215475 -0.0164322 -0.1043685 -0.3050758 -0.0233174 0.9463046
1768818986.436172 -0.0825666 0.0227822 -0.0133271 -0.1128252 -0.3073566 -0.0217700 0.9446314
1768818986.469504 -0.0844210 0.0238363 -0.0110807 -0.1229155 -0.3073625 -0.0220129 0.9433639
1768818986.502840 -0.0875067 0.0253811 -0.0068126 -0.1350662 -0.3030472 -0.0204941 0.9431328
1768818986.536171 -0.0912012 0.0306232 -0.0069131 -0.1466999 -0.2945083 -0.0177006 0.9441561
1768818986.569504 -0.0914949 0.0348455 -0.0043648 -0.1598151 -0.2854618 -0.0176394 0.9448066
1768818986.602838 -0.0928831 0.0371867 -0.0022917 -0.1760114 -0.2730526 -0.0153663 0.9456353
1768818986.636172 -0.0934435 0.0375478 -0.0004129 -0.1940493 -0.2610653 -0.0115329 0.9455457
1768818986.669504 -0.0948397 0.0399784 0.0052500 -0.2091810 -0.2513168 -0.0124184 0.9449492
1768818986.702837 -0.0961470 0.0431988 0.0084564 -0.2204386 -0.2415649 -0.0159859 0.9448797
1768818986.736172 -0.0974936 0.0431302 0.0104655 -0.2336518 -0.2321280 -0.0196816 0.9440000
1768818986.769504 -0.0987829 0.0450789 0.0114713 -0.2448335 -0.2211262 -0.0232633 0.9437259
1768818986.802837 -0.1037884 0.0458830 0.0123469 -0.2582948 -0.2086111 -0.0335044 0.9426785
1768818986.836171 -0.0995567 0.0495737 0.0156598 -0.2678572 -0.2015025 -0.0408534 0.9412652
1768818986.869503 -0.1021264 0.0576984 0.0182366 -0.2755504 -0.1909725 -0.0510771 0.9407405
1768818986.902838 -0.1007788 0.0572081 0.0207790 -0.2904235 -0.1798021 -0.0615951 0.9378334
1768818986.936171 -0.0998104 0.0623867 0.0223265 -0.3008035 -0.1684813 -0.0748032 0.9357007
1768818986.969504 -0.1012929 0.0690919 0.0233337 -0.3064463 -0.1582792 -0.0885922 0.9344462
1768818987.002839 -0.1023890 0.0713448 0.0228726 -0.3121235 -0.1487943 -0.0971223 0.9332773
1768818987.036172 -0.1015331 0.0713751 0.0283119 -0.3219078 -0.1412283 -0.1024331 0.9305575
1768818987.069504 -0.1011379 0.0741409 0.0281098 -0.3248235 -0.1341629 -0.1159686 0.9290001
1768818987.102837 -0.1027741 0.0757098 0.0292579 -0.3270679 -0.1219918 -0.1234065 0.9289325
1768818987.136171 -0.1025725 0.0756631 0.0303151 -0.3295963 -0.1129045 -0.1266955 0.9287449
1768818987.169503 -0.1042425 0.0764117 0.0312191 -0.3309680 -0.1030046 -0.1330854 0.9285142
1768818987.202837 -0.1051958 0.0814649 0.0343918 -0.3305427 -0.0962285 -0.1385929 0.9285869
1768818987.236171 -0.1039683 0.0826226 0.0348655 -0.3281441 -0.0912610 -0.1455735 0.9288710
1768818987.269504 -0.1034320 0.0841106 0.0353065 -0.3250994 -0.0862803 -0.1551739 0.9288633
1768818987.302838 -0.1038660 0.0885076 0.0363446 -0.3193470 -0.0834640 -0.1642267 0.9295595
1768818987.336170 -0.1036194 0.0881719 0.0359192 -0.3177277 -0.0841991 -0.1664287 0.9296564
1768818987.369504 -0.1042032 0.0878396 0.0359317 -0.3174123 -0.0840025 -0.1679717 0.9295045
1768818987.402838 -0.1040989 0.0871225 0.0356981 -0.3163143 -0.0853036 -0.1697841 0.9294310
1768818987.436171 -0.1037843 0.0867201 0.0331773 -0.3113782 -0.0885203 -0.1752791 0.9297768
1768818987.469503 -0.1027198 0.0862234 0.0338678 -0.3049532 -0.0935844 -0.1791895 0.9306646
1768818987.502839 -0.1021565 0.0867708 0.0332573 -0.2946228 -0.0961927 -0.1825073 0.9330785
1768818987.536170 -0.1020591 0.0871361 0.0331746 -0.2875575 -0.1000940 -0.1876837 0.9338451
1768818987.569504 -0.1013064 0.0893119 0.0331187 -0.2771050 -0.1045521 -0.1900461 0.9360365
1768818987.602837 -0.1012739 0.0886385 0.0322496 -0.2706166 -0.1096459 -0.1969290 0.9359292
1768818987.636171 -0.1003942 0.0873700 0.0314069 -0.2648397 -0.1147948 -0.2004054 0.9362264
1768818987.669503 -0.0997962 0.0900369 0.0327519 -0.2532418 -0.1200541 -0.2017224 0.9384901
1768818987.702837 -0.0990468 0.0896837 0.0332750 -0.2450839 -0.1254238 -0.2002165 0.9402745
1768818987.736171 -0.0983020 0.0891419 0.0318943 -0.2384191 -0.1301594 -0.2034943 0.9406407
1768818987.802837 -0.0994689 0.0903635 0.0313475 -0.2248431 -0.1369576 -0.2009608 0.9435586
1768818987.836171 -0.0994681 0.0890979 0.0298580 -0.2168525 -0.1414545 -0.2019347 0.9445570
1768818987.869503 -0.0988227 0.0891304 0.0297523 -0.2080404 -0.1472104 -0.2038891 0.9452394
1768818987.902837 -0.1008310 0.0880826 0.0282231 -0.2009972 -0.1490634 -0.2062107 0.9459690
1768818988.002837 -0.1031713 0.0860457 0.0263965 -0.1816988 -0.1577363 -0.2066927 0.9483580
1768818988.069504 -0.1039440 0.0860351 0.0252443 -0.1757142 -0.1601804 -0.2072060 0.9489639
1768818988.102837 -0.1036628 0.0860779 0.0239293 -0.1740898 -0.1613135 -0.2070820 0.9490984
1768818988.169503 -0.1017004 0.0878550 0.0246656 -0.1637399 -0.1678962 -0.2052747 0.9501907
1768818988.202836 -0.1019526 0.0871651 0.0252214 -0.1625075 -0.1702381 -0.2042088 0.9502153
1768818988.569503 -0.1023760 0.0870105 0.0267444 -0.1353711 -0.1921747 -0.2054934 0.9500085
1768818988.602837 -0.1033470 0.0862570 0.0242247 -0.1334985 -0.1927010 -0.2078552 0.9496530
1768818988.636170 -0.1037022 0.0870476 0.0238106 -0.1303330 -0.1927275 -0.2097763 0.9496649
1768818988.702837 -0.1024131 0.0873671 0.0243691 -0.1206756 -0.1987891 -0.2107670 0.9494722
1768818988.769503 -0.1032846 0.0866890 0.0221526 -0.1161429 -0.2007000 -0.2159281 0.9484753
1768818988.802836 -0.1036253 0.0870919 0.0220348 -0.1119800 -0.2030702 -0.2187839 0.9478167
1768818988.869502 -0.1038764 0.0879031 0.0217196 -0.1082617 -0.2064818 -0.2180322 0.9476849
1768818988.936169 -0.1014832 0.0880635 0.0184266 -0.1020253 -0.2104200 -0.2173572 0.9476656
1768818988.969504 -0.1007378 0.0885862 0.0196928 -0.0995306 -0.2134603 -0.2165103 0.9474449
1768818989.002836 -0.1006543 0.0889492 0.0187069 -0.0974637 -0.2144177 -0.2187399 0.9469312
1768818989.036172 -0.0994902 0.0895190 0.0192246 -0.0953238 -0.2169507 -0.2192865 0.9464456
1768818989.069504 -0.0987319 0.0895911 0.0187744 -0.0929299 -0.2192861 -0.2209206 0.9457652
1768818989.102836 -0.0980479 0.0901715 0.0194653 -0.0908538 -0.2220086 -0.2219263 0.9450960
1768818989.136169 -0.0981389 0.0900807 0.0186916 -0.0901881 -0.2218104 -0.2225867 0.9450510
1768818989.169503 -0.0976990 0.0901988 0.0188585 -0.0892731 -0.2233162 -0.2235133 0.9445645
1768818989.202836 -0.0974378 0.0903413 0.0190828 -0.0880645 -0.2249463 -0.2254126 0.9438396
1768818989.236169 -0.0977581 0.0903390 0.0193303 -0.0886509 -0.2248825 -0.2252290 0.9438436
1768818989.336170 -0.0995370 0.0883632 0.0247141 -0.1009953 -0.2273335 -0.2284858 0.9412299
1768818989.369503 -0.0992612 0.0883827 0.0233182 -0.1043440 -0.2284919 -0.2315118 0.9398437
1768818989.402836 -0.0999365 0.0891547 0.0248998 -0.1057458 -0.2290835 -0.2305128 0.9397885
1768818989.436170 -0.1001131 0.0897621 0.0259542 -0.1078096 -0.2294955 -0.2302982 0.9395061
1768818989.469502 -0.1014616 0.0896804 0.0280102 -0.1120391 -0.2303230 -0.2290130 0.9391227
1768818989.536168 -0.1024378 0.0899043 0.0301062 -0.1141082 -0.2312719 -0.2291972 0.9385954
1768818989.569503 -0.1031534 0.0909176 0.0312069 -0.1145188 -0.2315492 -0.2293444 0.9384410
1768818989.602836 -0.1033579 0.0911599 0.0306672 -0.1134187 -0.2296342 -0.2272407 0.9395563
1768818989.636169 -0.1033855 0.0902812 0.0313568 -0.1153753 -0.2304292 -0.2271201 0.9391525
1768818989.669502 -0.1031619 0.0903772 0.0314305 -0.1158980 -0.2301303 -0.2249330 0.9396876
1768818989.702836 -0.1045939 0.0896199 0.0281240 -0.1166281 -0.2288406 -0.2246874 0.9399710
1768818989.736170 -0.1081980 0.0895014 0.0234875 -0.1174949 -0.2258379 -0.2219793 0.9412319
1768818989.769503 -0.1086182 0.0899323 0.0243844 -0.1191562 -0.2277333 -0.2151263 0.9421571
1768818989.902836 -0.1111475 0.0890767 0.0270467 -0.1309735 -0.2289917 -0.1733708 0.9488685
1768818989.936169 -0.1109675 0.0882468 0.0257135 -0.1307545 -0.2281625 -0.1693675 0.9498209
1768818989.969502 -0.1112627 0.0878427 0.0264531 -0.1306583 -0.2272964 -0.1672814 0.9504113
1768818990.002837 -0.1117132 0.0880012 0.0272574 -0.1299819 -0.2267304 -0.1657467 0.9509081
1768818990.036171 -0.1118447 0.0878549 0.0267204 -0.1287538 -0.2251479 -0.1629419 0.9519353
1768818990.069503 -0.1115692 0.0883566 0.0271534 -0.1277158 -0.2246191 -0.1605360 0.9526086
1768818990.136169 -0.1122563 0.0871644 0.0293527 -0.1285517 -0.2233271 -0.1574481 0.9533150
1768818990.169503 -0.1121603 0.0865585 0.0281377 -0.1286306 -0.2236473 -0.1576758 0.9531918
1768818990.202835 -0.1119750 0.0859440 0.0262822 -0.1272216 -0.2241237 -0.1589977 0.9530493
1768818990.236169 -0.1119629 0.0866104 0.0279223 -0.1272787 -0.2244419 -0.1588534 0.9529908
1768818990.269502 -0.1118331 0.0865885 0.0275323 -0.1260727 -0.2250874 -0.1601471 0.9527824
1768818990.302836 -0.1122482 0.0854053 0.0274897 -0.1263974 -0.2243836 -0.1595942 0.9529981
1768818990.336169 -0.1132782 0.0820167 0.0280379 -0.1290111 -0.2238729 -0.1582142 0.9529981
1768818990.369502 -0.1142498 0.0814182 0.0269873 -0.1284940 -0.2228588 -0.1586559 0.9532322
1768818990.402836 -0.1137556 0.0804813 0.0284244 -0.1293940 -0.2233080 -0.1576988 0.9531641
1768818990.436169 -0.1134506 0.0802218 0.0281493 -0.1291330 -0.2230371 -0.1571773 0.9533491
1768818990.469494 -0.1130507 0.0796627 0.0290817 -0.1298108 -0.2232823 -0.1570987 0.9532126
1768818990.502829 -0.1135854 0.0784421 0.0307742 -0.1304326 -0.2234656 -0.1564956 0.9531839
1768818990.536160 -0.1141089 0.0767998 0.0299899 -0.1307448 -0.2234457 -0.1577163 0.9529446
1768818990.569494 -0.1135533 0.0749825 0.0307805 -0.1304632 -0.2252074 -0.1569969 0.9526873
1768818990.602828 -0.1148064 0.0747061 0.0301768 -0.1273738 -0.2262903 -0.1597630 0.9523888
1768818990.636162 -0.1160124 0.0745958 0.0302502 -0.1218704 -0.2262866 -0.1649297 0.9522290
1768818990.669494 -0.1164368 0.0740786 0.0306001 -0.1198657 -0.2258090 -0.1639321 0.9527690
1768818990.702828 -0.1163951 0.0729579 0.0306916 -0.1168599 -0.2266044 -0.1633519 0.9530532
1768818990.736162 -0.1154225 0.0732891 0.0302713 -0.1100133 -0.2279330 -0.1668358 0.9529478
1768818990.769495 -0.1149897 0.0735447 0.0304885 -0.1052813 -0.2290310 -0.1674277 0.9531152
1768818990.802827 -0.1153211 0.0720352 0.0303091 -0.1011246 -0.2287237 -0.1691345 0.9533377
1768818990.869493 -0.1153014 0.0712712 0.0301229 -0.0897415 -0.2279899 -0.1725054 0.9540488
1768818990.902827 -0.1151959 0.0708271 0.0300781 -0.0856344 -0.2271410 -0.1736471 0.9544215
1768818990.969495 -0.1155728 0.0700784 0.0288604 -0.0767481 -0.2244627 -0.1771619 0.9551648
1768818991.036162 -0.1155319 0.0704031 0.0286637 -0.0649902 -0.2217744 -0.1806927 0.9560034
1768818991.069494 -0.1159203 0.0698928 0.0272768 -0.0594082 -0.2201523 -0.1815506 0.9565788
1768818991.102828 -0.1156722 0.0695384 0.0270007 -0.0537186 -0.2197580 -0.1830424 0.9567216
1768818991.169494 -0.1150301 0.0678398 0.0273281 -0.0439472 -0.2191154 -0.1860322 0.9567911
1768818991.202827 -0.1157622 0.0672108 0.0272734 -0.0383215 -0.2176526 -0.1871020 0.9571581
1768818991.236161 -0.1148462 0.0676407 0.0279235 -0.0304342 -0.2181337 -0.1875122 0.9572516
1768818991.269494 -0.1142854 0.0660553 0.0278050 -0.0265560 -0.2170479 -0.1865259 0.9578064
1768818991.302827 -0.1126165 0.0645218 0.0279280 -0.0217042 -0.2146083 -0.1831846 0.9591224
1768818991.336161 -0.1123820 0.0640647 0.0286351 -0.0174949 -0.2082293 -0.1829001 0.9606675
1768818991.369494 -0.1113497 0.0625563 0.0285137 -0.0161953 -0.1987458 -0.1804471 0.9631597
1768818991.402827 -0.1088378 0.0608534 0.0319815 -0.0130774 -0.1913874 -0.1802985 0.9647239
1768818991.536160 -0.1011456 0.0435975 0.0374060 -0.0091627 -0.1663609 -0.1909467 0.9673570
1768818991.569494 -0.1019275 0.0433100 0.0368063 -0.0054257 -0.1605966 -0.1932454 0.9679026
1768818991.636161 -0.0968783 0.0397004 0.0375295 -0.0004363 -0.1567778 -0.1938896 0.9684149
1768818991.669494 -0.0967247 0.0388525 0.0366951 0.0038345 -0.1546984 -0.1966381 0.9681876
1768818991.802826 -0.0962366 0.0384948 0.0329770 0.0220609 -0.1428480 -0.1989841 0.9692848
1768818991.869493 -0.0957370 0.0387610 0.0322172 0.0302416 -0.1403368 -0.2038965 0.9684097
1768818991.969494 -0.0959809 0.0385976 0.0312381 0.0359066 -0.1367085 -0.2037563 0.9687646
1768818992.002826 -0.0961924 0.0388423 0.0315602 0.0375297 -0.1347038 -0.2055836 0.9685978
1768818992.102827 -0.0964270 0.0387399 0.0319891 0.0403708 -0.1241201 -0.2029094 0.9704598
1768818992.136160 -0.0959781 0.0386822 0.0328088 0.0411141 -0.1222893 -0.2028176 0.9706802
1768818992.236160 -0.0962544 0.0389293 0.0328957 0.0450899 -0.1121296 -0.1987992 0.9725599
1768818993.002826 -0.0953088 0.0381693 0.0372961 0.0680469 -0.0404939 -0.1821769 0.9800721
1768818993.102826 -0.0955349 0.0376983 0.0380416 0.0667920 -0.0304261 -0.1801507 0.9808969
1768818993.236159 -0.0938855 0.0377216 0.0406498 0.0658896 -0.0277883 -0.1814111 0.9808040
1768818993.436160 -0.0939849 0.0382192 0.0403872 0.0626062 -0.0197152 -0.1812228 0.9812493
1768818993.502825 -0.0939627 0.0370998 0.0429026 0.0575730 -0.0125410 -0.1774386 0.9823663
1768818993.569492 -0.0931050 0.0375558 0.0431703 0.0518902 -0.0112283 -0.1839681 0.9814973
1768818993.669493 -0.0924091 0.0382639 0.0447321 0.0421158 -0.0097877 -0.1988187 0.9790820
1768818993.702826 -0.0916158 0.0390399 0.0442392 0.0401780 -0.0099152 -0.2020212 0.9785064
1768818993.736160 -0.0920048 0.0403711 0.0437039 0.0375325 -0.0086577 -0.2059620 0.9778016
1768818993.769493 -0.0910766 0.0386803 0.0464552 0.0297665 -0.0092428 -0.2022749 0.9788327
1768818993.802825 -0.0913203 0.0399877 0.0458642 0.0283383 -0.0086848 -0.2041962 0.9784812
1768818993.869491 -0.0914577 0.0392134 0.0471881 0.0196202 -0.0080952 -0.2018645 0.9791835
1768818993.969493 -0.0905387 0.0380486 0.0490968 0.0101041 -0.0075924 -0.1991883 0.9798797
1768818994.002826 -0.0904821 0.0389299 0.0495087 0.0094083 -0.0070731 -0.2002484 0.9796745
1768818994.136158 -0.0884135 0.0409246 0.0521479 0.0037903 -0.0040603 -0.2079357 0.9781268
1768818994.169492 -0.0879306 0.0418480 0.0531962 0.0020595 -0.0029078 -0.2100648 0.9776810
1768818994.269492 -0.0828207 0.0566825 0.0550535 0.0114155 -0.0035263 -0.2115239 0.9772998
1768818994.302826 -0.0807180 0.0589376 0.0563890 0.0104435 -0.0052058 -0.2035954 0.9789855
1768818994.369492 -0.0810475 0.0626644 0.0580121 0.0100318 -0.0042356 -0.2064863 0.9783889
1768818994.402826 -0.0814898 0.0633756 0.0572299 0.0087675 -0.0041563 -0.2078204 0.9781189
1768818994.469491 -0.0813706 0.0629331 0.0581420 0.0030570 -0.0045997 -0.2061535 0.9785041
1768818994.669492 -0.0807488 0.0625096 0.0613565 -0.0152618 -0.0023434 -0.2031017 0.9790359
1768818994.702825 -0.0812843 0.0631375 0.0617281 -0.0191406 -0.0002742 -0.2048406 0.9786082
1768818994.736159 -0.0799901 0.0632149 0.0628632 -0.0226751 -0.0008397 -0.2063261 0.9782202
1768818994.902825 -0.0761378 0.0672812 0.0658585 -0.0339826 -0.0009904 -0.2048936 0.9781936
1768818994.969492 -0.0761779 0.0670950 0.0661886 -0.0399393 -0.0000336 -0.2051583 0.9779136
1768818995.036161 -0.0767637 0.0674984 0.0675842 -0.0465796 0.0022593 -0.2064933 0.9773360
1768818995.102825 -0.0764527 0.0682860 0.0683758 -0.0531990 0.0038033 -0.2074194 0.9767971
1768818995.202824 -0.0749349 0.0704368 0.0691351 -0.0602284 0.0067595 -0.2104568 0.9757227
1768818995.236159 -0.0737491 0.0707539 0.0709222 -0.0625091 0.0070438 -0.2123462 0.9751678
1768818995.269492 -0.0725512 0.0723830 0.0701162 -0.0623743 0.0071554 -0.2129366 0.9750468
1768818995.336159 -0.0720537 0.0719453 0.0704610 -0.0667890 0.0086109 -0.2111298 0.9751356
1768818995.369492 -0.0719735 0.0717099 0.0711792 -0.0687856 0.0098158 -0.2113634 0.9749348
1768818995.502825 -0.0704521 0.0727308 0.0743181 -0.0813400 0.0158181 -0.2098702 0.9742115
1768818995.536158 -0.0705432 0.0729237 0.0753005 -0.0859928 0.0187771 -0.2094682 0.9738459
1768818995.569491 -0.0693789 0.0754986 0.0756522 -0.0870589 0.0199253 -0.2115210 0.9732845
1768818995.636158 -0.0676613 0.0790555 0.0772848 -0.0930215 0.0197040 -0.2104831 0.9729623
1768818995.669491 -0.0659709 0.0822244 0.0775245 -0.0935507 0.0188050 -0.2116403 0.9726783
1768818995.769491 -0.0671047 0.0834238 0.0793949 -0.1056002 0.0194805 -0.2126501 0.9712101
1768818995.836158 -0.0674127 0.0822847 0.0823552 -0.1170251 0.0207217 -0.2112260 0.9701852
1768818995.936157 -0.0657369 0.0837597 0.0826588 -0.1251253 0.0202694 -0.2094575 0.9695671
1768818996.136157 -0.0631186 0.0887364 0.0863223 -0.1353792 0.0247035 -0.2085136 0.9682894
1768818996.269491 -0.0632829 0.0929130 0.0897267 -0.1442474 0.0304370 -0.2090019 0.9667391
1768818996.302824 -0.0621366 0.0952048 0.0902963 -0.1445197 0.0308740 -0.2089137 0.9667037
1768818996.336158 -0.0626504 0.0941287 0.0910568 -0.1514218 0.0337987 -0.2104012 0.9652256
1768818996.369491 -0.0611148 0.0952627 0.0916284 -0.1535830 0.0340455 -0.2126928 0.9643729
1768818996.402824 -0.0616117 0.0947997 0.0922262 -0.1602426 0.0376601 -0.2095471 0.9638434
1768818996.469490 -0.0607169 0.0982572 0.0951671 -0.1681764 0.0431782 -0.2087646 0.9624291
1768818996.502824 -0.0584657 0.0999546 0.0946895 -0.1690867 0.0416097 -0.2115230 0.9617361
1768818996.536158 -0.0575150 0.0998330 0.0973601 -0.1766313 0.0426619 -0.2056275 0.9616126
1768818996.602824 -0.0571207 0.1001441 0.0974464 -0.1857199 0.0441237 -0.2006180 0.9608921
1768818996.636158 -0.0559233 0.1006003 0.0983043 -0.1878831 0.0441648 -0.1974578 0.9611243
1768818996.669491 -0.0554018 0.1005769 0.0981924 -0.1919066 0.0457075 -0.1944824 0.9608638
1768818996.702824 -0.0548833 0.1014621 0.0981764 -0.1938486 0.0464143 -0.1925919 0.9608209
1768818996.736157 -0.0553915 0.1011625 0.0988905 -0.1980442 0.0498823 -0.1889245 0.9605196
1768818996.769491 -0.0536070 0.1029980 0.0992399 -0.1990153 0.0496741 -0.1896261 0.9601913
1768818996.802823 -0.0542564 0.1020169 0.1013404 -0.2051759 0.0535374 -0.1834524 0.9598864
1768818996.836157 -0.0545723 0.1022482 0.1024689 -0.2074990 0.0553491 -0.1841331 0.9591536
1768818996.869490 -0.0543743 0.1027319 0.1012758 -0.2097882 0.0569311 -0.1853204 0.9583340
1768818996.902823 -0.0542751 0.1034615 0.1015785 -0.2114782 0.0598473 -0.1823187 0.9583607
1768818996.936157 -0.0541039 0.1035782 0.1018893 -0.2155104 0.0629846 -0.1780391 0.9580659
1768818997.002823 -0.0530586 0.1042474 0.1021022 -0.2290241 0.0665007 -0.1776845 0.9547533
1768818997.036160 -0.0522977 0.1049258 0.1034406 -0.2365632 0.0698710 -0.1740297 0.9533465
1768818997.069491 -0.0492252 0.1051166 0.1060703 -0.2430378 0.0703278 -0.1664722 0.9530339
1768818997.102823 -0.0467976 0.1062749 0.1101830 -0.2484980 0.0708926 -0.1584550 0.9529507
1768818997.136156 -0.0481255 0.1053203 0.1064662 -0.2565191 0.0722814 -0.1607691 0.9503298
1768818997.169490 -0.0480044 0.1044978 0.1089054 -0.2622882 0.0755205 -0.1551057 0.9494440
1768818997.202823 -0.0461077 0.1053156 0.1094502 -0.2641675 0.0765546 -0.1503493 0.9496052
1768818997.236157 -0.0435371 0.1056843 0.1097831 -0.2653503 0.0760126 -0.1436356 0.9503579
1768818997.269490 -0.0437379 0.1056963 0.1103550 -0.2669638 0.0776729 -0.1406702 0.9502153
1768818997.302824 -0.0425125 0.1057621 0.1125553 -0.2704786 0.0787425 -0.1347187 0.9499958
1768818997.336157 -0.0424015 0.1064240 0.1132640 -0.2711762 0.0794236 -0.1325957 0.9500389
1768818997.369490 -0.0413988 0.1067427 0.1138643 -0.2719755 0.0790830 -0.1302956 0.9501570
1768818997.402823 -0.0400538 0.1087648 0.1133919 -0.2710504 0.0789871 -0.1272408 0.9508430
1768818997.436157 -0.0383950 0.1083720 0.1127843 -0.2739349 0.0798450 -0.1217875 0.9506589
1768818997.469490 -0.0376286 0.1077806 0.1149277 -0.2795400 0.0809028 -0.1174365 0.9494845
1768818997.502823 -0.0386793 0.1073680 0.1157066 -0.2823497 0.0836404 -0.1141018 0.9488223
1768818997.536158 -0.0373036 0.1078730 0.1158914 -0.2829510 0.0837085 -0.1103921 0.9490760
1768818997.569490 -0.0364253 0.1067402 0.1151971 -0.2863223 0.0861621 -0.1039466 0.9485730
1768818997.602823 -0.0357533 0.1068013 0.1147694 -0.2882251 0.0870678 -0.0982669 0.9485195
1768818997.636157 -0.0337990 0.1079196 0.1144955 -0.2883143 0.0859205 -0.0952418 0.9489055
1768818997.669490 -0.0326251 0.1089067 0.1135219 -0.2891622 0.0865296 -0.0909899 0.9490093
1768818997.702823 -0.0318597 0.1101906 0.1120625 -0.2869294 0.0867595 -0.0885086 0.9499003
1768818997.736157 -0.0319789 0.1106248 0.1119386 -0.2865069 0.0874958 -0.0882038 0.9499887
1768818997.769490 -0.0304170 0.1115678 0.1133469 -0.2874340 0.0862484 -0.0860534 0.9500198
1768818997.802822 -0.0303655 0.1109361 0.1129940 -0.2912792 0.0914906 -0.0774834 0.9490955
1768818997.836141 -0.0318353 0.1116930 0.1130670 -0.2934498 0.1008322 -0.0691447 0.9481240
1768818997.869473 -0.0320630 0.1116014 0.1138676 -0.2990976 0.1060607 -0.0600721 0.9464054
1768818997.902807 -0.0320211 0.1122845 0.1142220 -0.3026948 0.1110615 -0.0510597 0.9452165
1768818997.936140 -0.0321621 0.1122626 0.1152715 -0.3056683 0.1154616 -0.0444835 0.9440640
1768818997.969474 -0.0324216 0.1131473 0.1142671 -0.3049915 0.1179390 -0.0408522 0.9441407
1768818998.002806 -0.0328698 0.1127706 0.1140223 -0.3047227 0.1189871 -0.0397508 0.9441430
1768818998.036143 -0.0326502 0.1131189 0.1149021 -0.3047605 0.1206578 -0.0387824 0.9439591
1768818998.069474 -0.0338232 0.1127486 0.1141925 -0.3031369 0.1219195 -0.0377609 0.9443610
1768818998.102807 -0.0348707 0.1118188 0.1135155 -0.3020324 0.1234334 -0.0364603 0.9445693
1768818998.136140 -0.0357976 0.1115418 0.1134869 -0.3020831 0.1248498 -0.0366243 0.9443606
1768818998.169474 -0.0366297 0.1112546 0.1136688 -0.3023791 0.1266180 -0.0361816 0.9440475
1768818998.202806 -0.0374123 0.1106158 0.1132222 -0.3017172 0.1267428 -0.0352125 0.9442791
1768818998.236140 -0.0383232 0.1101032 0.1127184 -0.3007933 0.1275191 -0.0346239 0.9444911
1768818998.269474 -0.0391531 0.1094232 0.1114659 -0.2945794 0.1314995 -0.0286125 0.9461037
1768818998.302807 -0.0383820 0.1103925 0.1121324 -0.2897416 0.1357438 -0.0236430 0.9471349
1768818998.336140 -0.0394389 0.1124964 0.1124552 -0.2848376 0.1412857 -0.0202369 0.9478905
1768818998.369474 -0.0367509 0.1124917 0.1129028 -0.2836338 0.1419355 -0.0155015 0.9482436
1768818998.402807 -0.0354886 0.1123187 0.1135700 -0.2805744 0.1433951 -0.0105224 0.9490022
1768818998.436141 -0.0344230 0.1135253 0.1142508 -0.2783168 0.1481275 -0.0051754 0.9489843
1768818998.469473 -0.0329225 0.1138432 0.1177227 -0.2781397 0.1538213 0.0020445 0.9481419
1768818998.502807 -0.0312641 0.1153888 0.1183795 -0.2750161 0.1563287 0.0062236 0.9486247
1768818998.536141 -0.0283924 0.1154146 0.1194182 -0.2745760 0.1561775 0.0112093 0.9487312
1768818998.569474 -0.0281169 0.1152618 0.1196103 -0.2744005 0.1567033 0.0130456 0.9486718
1768818998.602806 -0.0277997 0.1151632 0.1194673 -0.2743783 0.1562648 0.0134770 0.9487445
1768818998.636140 -0.0271818 0.1156859 0.1197957 -0.2705193 0.1590937 0.0182218 0.9493032
1768818998.669473 -0.0244529 0.1152564 0.1201655 -0.2726275 0.1553964 0.0200716 0.9492752
1768818998.702806 -0.0172977 0.1113313 0.1188402 -0.2766420 0.1446688 0.0314616 0.9495000
1768818998.736141 -0.0127043 0.1115829 0.1185002 -0.2759729 0.1414861 0.0374125 0.9499584
1768818998.769473 -0.0145286 0.1116332 0.1201556 -0.2708924 0.1507465 0.0440270 0.9497129
1768818998.802806 -0.0147448 0.1146444 0.1215193 -0.2639489 0.1588160 0.0486172 0.9501289
1768818998.836140 -0.0182488 0.1178766 0.1232641 -0.2560193 0.1708456 0.0492331 0.9501800
1768818998.869472 -0.0202888 0.1183073 0.1236665 -0.2492439 0.1807996 0.0526028 0.9499589
1768818998.936139 -0.0247491 0.1225824 0.1272101 -0.2365791 0.1990104 0.0566304 0.9493251
1768818998.969474 -0.0243480 0.1239754 0.1281604 -0.2318774 0.2035803 0.0597203 0.9493268
1768818999.002806 -0.0232641 0.1249286 0.1297178 -0.2301669 0.2067052 0.0632277 0.9488406
1768818999.036142 -0.0248815 0.1254969 0.1317642 -0.2267031 0.2148764 0.0666755 0.9476224
1768818999.136139 -0.0295729 0.1283159 0.1350375 -0.2159745 0.2339318 0.0731659 0.9451337
1768818999.169473 -0.0294480 0.1283300 0.1359226 -0.2154544 0.2361808 0.0750353 0.9445463
1768818999.202806 -0.0284188 0.1285164 0.1360631 -0.2160686 0.2353203 0.0758246 0.9445577
1768818999.236140 -0.0263829 0.1267192 0.1356795 -0.2187882 0.2328892 0.0797900 0.9442075
1768818999.302807 -0.0188180 0.1211316 0.1353376 -0.2270940 0.2254928 0.0976828 0.9423584
1768818999.336140 -0.0175189 0.1218053 0.1369961 -0.2266265 0.2278336 0.1010639 0.9415510
1768818999.369473 -0.0174403 0.1222059 0.1375653 -0.2245472 0.2300672 0.1030338 0.9412926
1768818999.402806 -0.0173457 0.1228576 0.1377171 -0.2220903 0.2313395 0.1042981 0.9414244
1768818999.436140 -0.0163962 0.1227596 0.1373831 -0.2210515 0.2307253 0.1059290 0.9416375
1768818999.469472 -0.0167564 0.1243066 0.1383610 -0.2174885 0.2345259 0.1065567 0.9414575
1768818999.502806 -0.0161965 0.1239179 0.1385956 -0.2147086 0.2360943 0.1104322 0.9412569
1768818999.536140 -0.0166930 0.1235221 0.1383276 -0.2094784 0.2390909 0.1142069 0.9412285
1768818999.569473 -0.0170188 0.1219716 0.1385357 -0.2064673 0.2415280 0.1171226 0.9409133
1768818999.636140 -0.0257281 0.1285646 0.1382064 -0.1873360 0.2553710 0.1065971 0.9425116
1768818999.669473 -0.0293718 0.1303467 0.1377755 -0.1781711 0.2618464 0.0960767 0.9436423
1768818999.702806 -0.0296192 0.1308795 0.1394358 -0.1713191 0.2649948 0.0871762 0.9448957
1768818999.736140 -0.0297927 0.1325710 0.1416074 -0.1653824 0.2698561 0.0784375 0.9453433
1768818999.769474 -0.0292593 0.1338698 0.1441012 -0.1600629 0.2735209 0.0690626 0.9459369
1768818999.802805 -0.0276513 0.1369901 0.1455808 -0.1509727 0.2756331 0.0608225 0.9473829
1768818999.836140 -0.0297117 0.1385376 0.1477621 -0.1442524 0.2828210 0.0493471 0.9469786
1768818999.869472 -0.0309577 0.1346798 0.1454896 -0.1429223 0.2878717 0.0401459 0.9460928
1768818999.936139 -0.0291083 0.1334149 0.1418516 -0.1351891 0.2943586 0.0234282 0.9457949
1768818999.969473 -0.0267881 0.1337541 0.1414492 -0.1315195 0.2941448 0.0143758 0.9465594
1768819000.002806 -0.0281756 0.1336173 0.1415777 -0.1265508 0.2969578 0.0052792 0.9464529
1768819000.036142 -0.0261048 0.1335916 0.1413822 -0.1235683 0.2932258 -0.0023431 0.9480211
1768819000.069474 -0.0235179 0.1344607 0.1415787 -0.1198720 0.2888441 -0.0112404 0.9497755
1768819000.102806 -0.0237158 0.1328483 0.1420751 -0.1199786 0.2878059 -0.0137364 0.9500443
1768819000.136139 -0.0217645 0.1354098 0.1422482 -0.1167537 0.2816357 -0.0254569 0.9520514
1768819000.236139 -0.0226673 0.1346377 0.1447988 -0.1144037 0.2751826 -0.0404961 0.9537014
1768819000.269472 -0.0208732 0.1360299 0.1456747 -0.1119972 0.2673719 -0.0435259 0.9560724
1768819000.302806 -0.0170445 0.1371168 0.1481412 -0.1100480 0.2573391 -0.0473794 0.9588646
1768819000.336139 -0.0124511 0.1387918 0.1504353 -0.1081761 0.2478358 -0.0523189 0.9613210
1768819000.369473 -0.0129509 0.1380202 0.1515854 -0.1067615 0.2395059 -0.0553672 0.9634175
1768819000.402806 -0.0121277 0.1383639 0.1525928 -0.1027084 0.2284561 -0.0568650 0.9664498
1768819000.436139 -0.0137595 0.1379756 0.1538147 -0.1000733 0.2205630 -0.0592391 0.9684152
1768819000.469471 -0.0147500 0.1350848 0.1556911 -0.1013519 0.2122217 -0.0610115 0.9700347
1768819000.502805 -0.0149629 0.1359869 0.1584194 -0.0995650 0.2039167 -0.0636333 0.9718311
1768819000.536140 -0.0160271 0.1369182 0.1610660 -0.0984656 0.1963565 -0.0666234 0.9732985
1768819000.569473 -0.0159175 0.1359282 0.1635378 -0.0983115 0.1882872 -0.0682718 0.9747932
1768819000.602805 -0.0171614 0.1356380 0.1662768 -0.0966818 0.1830449 -0.0694476 0.9758710
1768819000.636139 -0.0169615 0.1369084 0.1696761 -0.0945151 0.1758391 -0.0710355 0.9772930
1768819000.669472 -0.0176439 0.1371791 0.1731069 -0.0942249 0.1704444 -0.0746668 0.9780058
1768819000.702806 -0.0192901 0.1392911 0.1756206 -0.0923806 0.1679961 -0.0771213 0.9784148
1768819000.736140 -0.0203234 0.1385758 0.1779064 -0.0944311 0.1646774 -0.0803191 0.9785259
1768819000.769472 -0.0233935 0.1405733 0.1800414 -0.0939859 0.1635397 -0.0834955 0.9784938
1768819000.802805 -0.0225247 0.1411661 0.1820936 -0.0945265 0.1584309 -0.0860160 0.9790637
1768819000.836138 -0.0212806 0.1412007 0.1861673 -0.0954883 0.1518097 -0.0899251 0.9796680
1768819000.869471 -0.0209405 0.1409332 0.1884491 -0.0976176 0.1475755 -0.0937082 0.9797505
1768819000.902805 -0.0205407 0.1404074 0.1884499 -0.0996704 0.1430307 -0.0983654 0.9797614
1768819000.936139 -0.0201770 0.1413796 0.1905492 -0.1018985 0.1371833 -0.1051785 0.9796606
1768819000.969473 -0.0201450 0.1419508 0.1959596 -0.1035578 0.1324115 -0.1095133 0.9796682
1768819001.002805 -0.0207940 0.1427560 0.1963242 -0.1038435 0.1298666 -0.1132640 0.9795522
1768819001.036141 -0.0211684 0.1420603 0.1961019 -0.1045818 0.1294323 -0.1143133 0.9794092
1768819001.069473 -0.0273605 0.1406275 0.1915192 -0.1059661 0.1302298 -0.1121889 0.9794004
1768819001.102806 -0.0288850 0.1412653 0.1872023 -0.1055105 0.1284086 -0.1124805 0.9796565
1768819001.136138 -0.0277320 0.1404511 0.1849902 -0.1063922 0.1246264 -0.1152811 0.9797241
1768819001.169472 -0.0250860 0.1374716 0.1800375 -0.1078395 0.1199834 -0.1143952 0.9802491
1768819001.202804 -0.0242955 0.1375029 0.1761145 -0.1077890 0.1151572 -0.1163115 0.9806080
1768819001.236138 -0.0250961 0.1373851 0.1731605 -0.1075624 0.1130375 -0.1166087 0.9808442
1768819001.269473 -0.0245388 0.1375125 0.1721347 -0.1069791 0.1077700 -0.1236103 0.9806435
1768819001.302805 -0.0246401 0.1370028 0.1762496 -0.1081051 0.1010320 -0.1303611 0.9803631
1768819001.336138 -0.0226163 0.1374830 0.1784277 -0.1093166 0.0937881 -0.1360119 0.9801808
1768819001.369472 -0.0226099 0.1357454 0.1767852 -0.1106527 0.0914793 -0.1355496 0.9803131
1768819001.402804 -0.0221754 0.1351528 0.1747607 -0.1118234 0.0895159 -0.1379135 0.9800318
1768819001.436139 -0.0227894 0.1347367 0.1737130 -0.1119541 0.0894984 -0.1374029 0.9800902
1768819001.469471 -0.0233651 0.1344017 0.1727609 -0.1118876 0.0892028 -0.1366022 0.9802366
1768819001.502805 -0.0242549 0.1346410 0.1717662 -0.1131263 0.0889589 -0.1394991 0.9797085
1768819001.536139 -0.0266075 0.1344403 0.1691236 -0.1152656 0.0888364 -0.1417029 0.9791538
1768819001.569472 -0.0287305 0.1346803 0.1675676 -0.1181281 0.0898098 -0.1461979 0.9780625
1768819001.602804 -0.0304763 0.1346543 0.1668911 -0.1204662 0.0905543 -0.1496573 0.9771850
1768819001.636138 -0.0307392 0.1341986 0.1664921 -0.1224668 0.0901859 -0.1512781 0.9767208
1768819001.669471 -0.0318339 0.1338515 0.1655099 -0.1234668 0.0900991 -0.1528436 0.9763590
1768819001.702805 -0.0317044 0.1345995 0.1662564 -0.1233517 0.0908941 -0.1529634 0.9762811
1768819001.736139 -0.0334185 0.1343890 0.1647528 -0.1241385 0.0909798 -0.1544496 0.9759393
1768819001.769472 -0.0350036 0.1340017 0.1633541 -0.1251742 0.0911252 -0.1541036 0.9758482
1768819001.802804 -0.0362732 0.1338765 0.1614905 -0.1260400 0.0904197 -0.1556970 0.9755494
1768819001.836138 -0.0367703 0.1338892 0.1607373 -0.1273428 0.0903739 -0.1570641 0.9751652
1768819001.869471 -0.0375630 0.1338984 0.1606638 -0.1282320 0.0911395 -0.1580003 0.9748262
1768819001.902805 -0.0384902 0.1334532 0.1605079 -0.1300295 0.0914164 -0.1596507 0.9742931
1768819001.936138 -0.0431396 0.1338372 0.1569759 -0.1355083 0.0935781 -0.1666048 0.9721746
1768819001.969472 -0.0449774 0.1343376 0.1575730 -0.1390467 0.0954752 -0.1700357 0.9708956
1768819002.002805 -0.0461258 0.1345794 0.1566857 -0.1414687 0.0957205 -0.1728894 0.9700173
1768819002.036140 -0.0459389 0.1345577 0.1570441 -0.1417441 0.0956140 -0.1736678 0.9698485
1768819002.069472 -0.0457078 0.1347270 0.1573520 -0.1406515 0.0955137 -0.1724467 0.9702352
1768819002.102805 -0.0444575 0.1343413 0.1569564 -0.1368224 0.0946502 -0.1679887 0.9716485
1768819002.136137 -0.0449772 0.1341846 0.1558942 -0.1358177 0.0939460 -0.1666049 0.9720960
1768819002.169471 -0.0451327 0.1340732 0.1554343 -0.1354535 0.0932902 -0.1658894 0.9723323
1768819002.202804 -0.0456070 0.1327949 0.1536963 -0.1352022 0.0915618 -0.1635732 0.9729238
1768819002.236138 -0.0464654 0.1323834 0.1533918 -0.1360409 0.0925810 -0.1643622 0.9725773
1768819002.269471 -0.0463564 0.1322599 0.1529123 -0.1364563 0.0916538 -0.1643829 0.9726035
1768819002.302805 -0.0469718 0.1319666 0.1525775 -0.1365788 0.0919895 -0.1643245 0.9725645
1768819002.336138 -0.0463064 0.1324195 0.1533312 -0.1359836 0.0919108 -0.1641134 0.9726909
1768819002.369471 -0.0460066 0.1315589 0.1523636 -0.1376750 0.0893093 -0.1647623 0.9725856
1768819002.402804 -0.0441039 0.1308416 0.1518498 -0.1373949 0.0839170 -0.1632175 0.9733656
1768819002.436138 -0.0454754 0.1301510 0.1497089 -0.1387639 0.0823667 -0.1647909 0.9730387
1768819002.469471 -0.0449269 0.1299236 0.1486434 -0.1380426 0.0793162 -0.1641268 0.9735069
1768819002.502804 -0.0437536 0.1295991 0.1483490 -0.1390179 0.0762379 -0.1649003 0.9734833
1768819002.536138 -0.0437816 0.1284947 0.1466067 -0.1398444 0.0737556 -0.1651559 0.9735128
1768819002.569471 -0.0425811 0.1282670 0.1459722 -0.1411221 0.0700243 -0.1659426 0.9734702
1768819002.602804 -0.0426512 0.1282489 0.1461876 -0.1425049 0.0689363 -0.1677128 0.9730430
1768819002.636138 -0.0418645 0.1278386 0.1451835 -0.1419233 0.0662494 -0.1668621 0.9734607
1768819002.669471 -0.0422868 0.1268877 0.1438701 -0.1421894 0.0640584 -0.1659743 0.9737203
1768819002.702804 -0.0396277 0.1267953 0.1425122 -0.1416009 0.0577283 -0.1664794 0.9741156
1768819002.736139 -0.0397214 0.1257173 0.1406214 -0.1419067 0.0539491 -0.1654557 0.9744621
1768819002.769472 -0.0381086 0.1264376 0.1403027 -0.1401449 0.0506325 -0.1662723 0.9747561
1768819002.802804 -0.0373770 0.1255861 0.1386111 -0.1403672 0.0475834 -0.1660982 0.9749073
1768819002.836138 -0.0387839 0.1233960 0.1356821 -0.1418019 0.0443334 -0.1644627 0.9751301
1768819002.869470 -0.0371801 0.1243695 0.1360280 -0.1396103 0.0390126 -0.1657502 0.9754557
1768819002.902804 -0.0364672 0.1237314 0.1351933 -0.1401473 0.0359750 -0.1657721 0.9754918
1768819002.936137 -0.0374756 0.1238033 0.1341479 -0.1402764 0.0356629 -0.1671910 0.9752425
1768819002.969471 -0.0366337 0.1233829 0.1331573 -0.1407204 0.0336916 -0.1675397 0.9751888
1768819003.002804 -0.0342731 0.1234366 0.1336052 -0.1427142 0.0290956 -0.1699706 0.9746261
1768819003.036137 -0.0340867 0.1238462 0.1338202 -0.1429268 0.0273480 -0.1705037 0.9745525
1768819003.069471 -0.0341360 0.1240707 0.1335361 -0.1431093 0.0259361 -0.1723189 0.9742450
1768819003.102804 -0.0348092 0.1239509 0.1319244 -0.1434557 0.0251381 -0.1729244 0.9741076
1768819003.136137 -0.0348333 0.1237015 0.1322836 -0.1425118 0.0252665 -0.1715947 0.9744779
1768819003.169471 -0.0333615 0.1238767 0.1326248 -0.1414671 0.0235541 -0.1702519 0.9749085
1768819003.202804 -0.0331707 0.1231361 0.1307310 -0.1415501 0.0214646 -0.1697523 0.9750318
1768819003.236137 -0.0295817 0.1218691 0.1294083 -0.1410863 0.0156743 -0.1677637 0.9755533
1768819003.269470 -0.0295849 0.1213007 0.1284995 -0.1415887 0.0143803 -0.1675360 0.9755396
1768819003.336138 -0.0311254 0.1196194 0.1253704 -0.1434521 0.0122716 -0.1684916 0.9751315
1768819003.369471 -0.0326501 0.1193095 0.1222034 -0.1444030 0.0108240 -0.1691348 0.9748970
1768819003.402804 -0.0326337 0.1193993 0.1209468 -0.1439267 0.0090496 -0.1705697 0.9747354
1768819003.436138 -0.0329269 0.1188035 0.1194281 -0.1444278 0.0079179 -0.1709996 0.9745958
1768819003.469470 -0.0342946 0.1176030 0.1164672 -0.1452924 0.0076098 -0.1704710 0.9745624
1768819003.502803 -0.0364529 0.1174690 0.1139527 -0.1451442 0.0080918 -0.1710175 0.9744849
1768819003.536138 -0.0373680 0.1162925 0.1139554 -0.1473517 0.0078375 -0.1720761 0.9739692
1768819003.569471 -0.0381680 0.1160731 0.1126678 -0.1485282 0.0075145 -0.1740463 0.9734427
1768819003.602804 -0.0385385 0.1162138 0.1109729 -0.1483109 0.0069656 -0.1745262 0.9733940
1768819003.636137 -0.0392357 0.1156368 0.1098173 -0.1486460 0.0068049 -0.1743071 0.9733833
1768819003.669470 -0.0399139 0.1151467 0.1085217 -0.1486358 0.0067438 -0.1743834 0.9733717
1768819003.702804 -0.0405964 0.1147143 0.1078108 -0.1491744 0.0065521 -0.1744430 0.9732799
1768819003.736138 -0.0415086 0.1133344 0.1069642 -0.1504737 0.0063864 -0.1751874 0.9729472
1768819003.769471 -0.0411559 0.1102776 0.1004765 -0.1515030 0.0000464 -0.1744890 0.9729339
1768819003.802803 -0.0362345 0.1092248 0.0980087 -0.1545545 -0.0113774 -0.1795280 0.9714696
1768819003.836137 -0.0341711 0.1087376 0.0932260 -0.1568214 -0.0199178 -0.1865604 0.9696420
1768819003.869469 -0.0343694 0.1078593 0.0908636 -0.1584216 -0.0257895 -0.1874583 0.9690701
1768819003.902804 -0.0360642 0.1094937 0.0925277 -0.1586042 -0.0320417 -0.1910399 0.9681538
1768819003.936137 -0.0372690 0.1098473 0.0928258 -0.1593049 -0.0394311 -0.1927081 0.9674352
1768819003.969471 -0.0394101 0.1107084 0.0916245 -0.1592836 -0.0429777 -0.1915348 0.9675206
1768819004.002804 -0.0412468 0.1158290 0.0936906 -0.1555203 -0.0475074 -0.1976871 0.9666831
1768819004.036137 -0.0434980 0.1187596 0.0953039 -0.1540617 -0.0536174 -0.1992130 0.9662838
1768819004.102803 -0.0459772 0.1192912 0.0913231 -0.1563000 -0.0633249 -0.2046704 0.9641942
1768819004.136136 -0.0457558 0.1194669 0.0925451 -0.1573613 -0.0716534 -0.2071606 0.9629059
1768819004.169470 -0.0464533 0.1188231 0.0899814 -0.1581251 -0.0751096 -0.2079396 0.9623493
1768819004.202803 -0.0499095 0.1202212 0.0867430 -0.1581136 -0.0781315 -0.2100666 0.9616483
1768819004.236136 -0.0501852 0.1195395 0.0883777 -0.1612937 -0.0858761 -0.2067333 0.9611821
1768819004.302804 -0.0513856 0.1205159 0.0929016 -0.1624340 -0.0964482 -0.2137731 0.9584435
1768819004.336137 -0.0521137 0.1201418 0.0896042 -0.1619190 -0.0978271 -0.2144519 0.9582393
1768819004.369470 -0.0539155 0.1200362 0.0851201 -0.1617375 -0.0982962 -0.2169799 0.9576526
1768819004.402803 -0.0565650 0.1210124 0.0819821 -0.1604974 -0.0985930 -0.2188918 0.9573956
1768819004.469469 -0.0606727 0.1212781 0.0794745 -0.1596429 -0.1009029 -0.2165399 0.9578326
1768819004.502803 -0.0651307 0.1214645 0.0768044 -0.1602426 -0.0984402 -0.2174384 0.9577851
1768819004.536137 -0.0658049 0.1224816 0.0736878 -0.1589541 -0.0998162 -0.2201495 0.9572380
1768819004.569470 -0.0666788 0.1231877 0.0741207 -0.1588800 -0.0988212 -0.2207529 0.9572145
1768819004.602803 -0.0684356 0.1236252 0.0722814 -0.1590950 -0.0979281 -0.2219243 0.9569998
1768819004.636137 -0.0721004 0.1227303 0.0679839 -0.1620216 -0.0972251 -0.2274396 0.9552841
1768819004.669470 -0.0744654 0.1218301 0.0661417 -0.1643339 -0.0977811 -0.2316585 0.9538174
1768819004.702803 -0.0756161 0.1253405 0.0682052 -0.1620863 -0.1040901 -0.2354004 0.9526174
1768819004.769470 -0.0790588 0.1258839 0.0708265 -0.1660768 -0.1139759 -0.2405910 0.9494967
1768819004.802803 -0.0825238 0.1279770 0.0711685 -0.1661871 -0.1167174 -0.2425290 0.9486510
1768819004.836137 -0.0856651 0.1285838 0.0693519 -0.1672332 -0.1181680 -0.2459197 0.9474138
1768819004.902803 -0.0896977 0.1323926 0.0662672 -0.1660873 -0.1242250 -0.2497245 0.9458440
1768819004.936136 -0.0889432 0.1337236 0.0677911 -0.1654124 -0.1280857 -0.2498964 0.9454018
1768819004.969471 -0.0893567 0.1340417 0.0671455 -0.1646041 -0.1286682 -0.2510657 0.9451540
1768819005.002803 -0.0898935 0.1346692 0.0683216 -0.1656047 -0.1309252 -0.2523542 0.9443257
1768819005.236136 -0.0937847 0.1372165 0.0691606 -0.1811545 -0.1591557 -0.2549388 0.9364074
1768819005.269469 -0.0949703 0.1389876 0.0714229 -0.1844907 -0.1634427 -0.2559627 0.9347367
1768819005.302803 -0.0964862 0.1395917 0.0725806 -0.1873485 -0.1675069 -0.2547560 0.9337780
1768819005.336136 -0.0954295 0.1387270 0.0752965 -0.1925860 -0.1731938 -0.2557512 0.9313999
1768819005.402803 -0.0989258 0.1372802 0.0745471 -0.2023262 -0.1828001 -0.2484637 0.9294697
1768819005.436076 -0.0988978 0.1377982 0.0734974 -0.2039496 -0.1874844 -0.2518251 0.9272746
1768819005.469408 -0.0986700 0.1391193 0.0765114 -0.2056523 -0.1940604 -0.2508443 0.9258104
1768819005.502741 -0.1003859 0.1388882 0.0767184 -0.2093712 -0.1992397 -0.2472624 0.9248397
1768819005.536076 -0.1021951 0.1389531 0.0749660 -0.2121475 -0.2022995 -0.2484855 0.9232136
1768819005.602741 -0.1045780 0.1413632 0.0789192 -0.2184813 -0.2120032 -0.2465370 0.9200761
1768819005.636075 -0.1049518 0.1415748 0.0789927 -0.2227225 -0.2172198 -0.2421330 0.9190114
1768819005.669408 -0.1057843 0.1416135 0.0796886 -0.2272353 -0.2190856 -0.2421988 0.9174451
1768819005.702741 -0.1054522 0.1429174 0.0814033 -0.2307003 -0.2238864 -0.2467307 0.9142080
1768819005.736076 -0.1065742 0.1413482 0.0778012 -0.2333907 -0.2264591 -0.2468891 0.9128476
1768819005.769409 -0.1058497 0.1417164 0.0804055 -0.2356004 -0.2305342 -0.2447908 0.9118245
1768819005.802741 -0.1043794 0.1411540 0.0798270 -0.2357323 -0.2349571 -0.2473275 0.9099751
1768819005.836075 -0.1035372 0.1419087 0.0815122 -0.2361900 -0.2378452 -0.2469583 0.9092060
1768819005.869408 -0.1040188 0.1421119 0.0831501 -0.2384296 -0.2395155 -0.2465947 0.9082812
1768819005.902741 -0.1054181 0.1438963 0.0847134 -0.2405575 -0.2381390 -0.2498997 0.9071780
1768819005.936074 -0.1055499 0.1450351 0.0842101 -0.2429270 -0.2386825 -0.2519305 0.9058412
1768819005.969409 -0.1056636 0.1447093 0.0846927 -0.2464615 -0.2390264 -0.2497500 0.9053994
1768819006.002742 -0.1049694 0.1450999 0.0855630 -0.2478628 -0.2396902 -0.2465904 0.9057074
1768819006.036075 -0.1041809 0.1457077 0.0854258 -0.2462796 -0.2404519 -0.2456904 0.9061818
1768819006.069410 -0.1045019 0.1457077 0.0854064 -0.2458465 -0.2481175 -0.2416645 0.9053151
1768819006.136074 -0.1031046 0.1472369 0.0885000 -0.2468849 -0.2539297 -0.2390627 0.9041109
1768819006.202740 -0.1046403 0.1485897 0.0891648 -0.2482593 -0.2584727 -0.2361542 0.9032112
1768819006.269408 -0.1062012 0.1452634 0.0819928 -0.2484523 -0.2610679 -0.2365185 0.9023159
1768819006.302742 -0.1071342 0.1444531 0.0782613 -0.2476479 -0.2619715 -0.2362317 0.9023502
1768819006.336075 -0.1049115 0.1436014 0.0791051 -0.2496150 -0.2675254 -0.2332665 0.9009491
1768819006.369408 -0.1037808 0.1427163 0.0783505 -0.2497715 -0.2702553 -0.2325202 0.9002836
1768819006.402741 -0.1018912 0.1427950 0.0783257 -0.2488899 -0.2745331 -0.2331733 0.8990638
1768819006.469407 -0.0981040 0.1368950 0.0750721 -0.2532437 -0.2850794 -0.2323307 0.8947737
1768819006.502741 -0.0972921 0.1360497 0.0749545 -0.2544342 -0.2879532 -0.2330538 0.8933265
1768819006.536075 -0.0968390 0.1356566 0.0736170 -0.2553124 -0.2922067 -0.2329684 0.8917155
1768819006.569407 -0.0954725 0.1364728 0.0750954 -0.2552409 -0.2971563 -0.2335193 0.8899546
1768819006.602741 -0.0926441 0.1339882 0.0763893 -0.2578390 -0.3040302 -0.2301247 0.8877654
1768819006.636075 -0.0913552 0.1320849 0.0765723 -0.2603583 -0.3067489 -0.2269522 0.8869112
1768819006.669408 -0.0901655 0.1336699 0.0804886 -0.2639223 -0.3110251 -0.2163178 0.8870260
1768819006.702741 -0.0890566 0.1331658 0.0794668 -0.2699333 -0.3140698 -0.1955038 0.8889738
1768819006.736075 -0.0919805 0.1336101 0.0798901 -0.2741758 -0.3165798 -0.1813862 0.8897775
1768819006.769408 -0.0965713 0.1342750 0.0757316 -0.2761276 -0.3139715 -0.1721179 0.8919366
1768819006.802741 -0.1008237 0.1375064 0.0760077 -0.2758688 -0.3077044 -0.1664791 0.8952649
1768819006.869407 -0.1039323 0.1397541 0.0786531 -0.2813712 -0.3027948 -0.1430668 0.8992649
1768819006.902741 -0.1052135 0.1402263 0.0773247 -0.2825106 -0.2958839 -0.1294444 0.9032634
1768819006.936074 -0.1064933 0.1402114 0.0774291 -0.2856475 -0.2907073 -0.1135396 0.9060925
1768819007.036074 -0.1162548 0.1447991 0.0734712 -0.2919886 -0.2649719 -0.0825839 0.9152663
1768819007.069409 -0.1182883 0.1489632 0.0762303 -0.2921467 -0.2612889 -0.0808674 0.9164273
1768819007.102740 -0.1233865 0.1517050 0.0755808 -0.2926035 -0.2506070 -0.0789358 0.9194283
1768819007.136074 -0.1274212 0.1561433 0.0771786 -0.2891242 -0.2423168 -0.0787416 0.9227619
1768819007.369408 -0.1318757 0.1564520 0.0771618 -0.2791876 -0.1870777 -0.0721375 0.9390700
1768819007.569407 -0.1296236 0.1575711 0.0770649 -0.2923629 -0.1510114 -0.0779118 0.9410894
1768819007.602740 -0.1296197 0.1578561 0.0770170 -0.2959194 -0.1438281 -0.0854961 0.9404444
1768819007.636074 -0.1286354 0.1592569 0.0808591 -0.2952662 -0.1396011 -0.0918524 0.9406873
1768819007.669407 -0.1269467 0.1586982 0.0829654 -0.2966966 -0.1340514 -0.0968261 0.9405457
1768819007.702740 -0.1265512 0.1589876 0.0855573 -0.2984110 -0.1275088 -0.1028353 0.9402751
1768819007.736074 -0.1276744 0.1601880 0.0850524 -0.2949523 -0.1205912 -0.1102394 0.9414394
1768819007.769408 -0.1267319 0.1589567 0.0847337 -0.2942329 -0.1145599 -0.1107889 0.9423528
1768819007.802740 -0.1266446 0.1586721 0.0881639 -0.2962447 -0.1072306 -0.1157812 0.9419848
1768819007.836074 -0.1277718 0.1598295 0.0892708 -0.2941152 -0.1011685 -0.1192394 0.9428909
1768819007.902740 -0.1315910 0.1639353 0.0910585 -0.2935351 -0.0900960 -0.1228965 0.9437248
1768819007.936073 -0.1328616 0.1647662 0.0893292 -0.2886002 -0.0886053 -0.1259467 0.9449849
1768819007.969407 -0.1330022 0.1633275 0.0869035 -0.2834912 -0.0848766 -0.1355807 0.9455404
1768819008.002740 -0.1314228 0.1617335 0.0834906 -0.2779065 -0.0838871 -0.1395669 0.9467059
1768819008.036074 -0.1322290 0.1604951 0.0776344 -0.2702034 -0.0818300 -0.1434948 0.9485269
1768819008.069408 -0.1326405 0.1601278 0.0727747 -0.2657156 -0.0793448 -0.1422572 0.9501908
1768819008.136073 -0.1310951 0.1627102 0.0689858 -0.2564879 -0.0793505 -0.1401469 0.9530353
1768819008.169407 -0.1296177 0.1631665 0.0692959 -0.2548108 -0.0809291 -0.1387589 0.9535554
1768819008.202739 -0.1300849 0.1631034 0.0677579 -0.2542696 -0.0808555 -0.1389203 0.9536827
1768819008.236073 -0.1301105 0.1624713 0.0675080 -0.2544818 -0.0814407 -0.1382308 0.9536764
1768819008.269406 -0.1294234 0.1624916 0.0672329 -0.2534053 -0.0821618 -0.1369380 0.9540876
1768819008.302741 -0.1298532 0.1624114 0.0670063 -0.2531857 -0.0818220 -0.1367508 0.9542019
1768819008.336073 -0.1301983 0.1619897 0.0660303 -0.2530247 -0.0817655 -0.1372066 0.9541841
1768819008.369407 -0.1291202 0.1624650 0.0645083 -0.2505725 -0.0840309 -0.1380504 0.9545126
1768819008.402740 -0.1274633 0.1628305 0.0636481 -0.2481252 -0.0858451 -0.1362581 0.9552478
1768819008.436074 -0.1271800 0.1627195 0.0629687 -0.2467649 -0.0863687 -0.1348773 0.9557487
1768819008.469406 -0.1271834 0.1622715 0.0618053 -0.2460762 -0.0871183 -0.1342914 0.9559408
1768819008.502740 -0.1273752 0.1620519 0.0613854 -0.2461656 -0.0870298 -0.1342981 0.9559249
1768819008.602740 -0.1274286 0.1619296 0.0611262 -0.2460758 -0.0873291 -0.1343324 0.9559159
1768819008.636073 -0.1277962 0.1615549 0.0607650 -0.2466014 -0.0871949 -0.1346481 0.9557483
1768819008.702740 -0.1270638 0.1622150 0.0607688 -0.2456456 -0.0879962 -0.1346205 0.9559249
1768819008.736073 -0.1277413 0.1619106 0.0603964 -0.2456154 -0.0871251 -0.1340249 0.9560961
1768819008.769407 -0.1280228 0.1617505 0.0600446 -0.2455085 -0.0867950 -0.1341146 0.9561409
1768819008.802740 -0.1275758 0.1618616 0.0605905 -0.2454811 -0.0868689 -0.1337365 0.9561942
1768819008.836073 -0.1270345 0.1623709 0.0612325 -0.2451400 -0.0870740 -0.1337381 0.9562628
1768819008.869406 -0.1268798 0.1623409 0.0615307 -0.2449457 -0.0869379 -0.1333829 0.9563746
1768819008.902739 -0.1271169 0.1617931 0.0614830 -0.2452202 -0.0865676 -0.1328842 0.9564073
1768819008.936072 -0.1259798 0.1625019 0.0611910 -0.2442709 -0.0875510 -0.1329876 0.9565464
1768819008.969407 -0.1258267 0.1633840 0.0616078 -0.2432791 -0.0875834 -0.1329656 0.9567991
1768819009.002739 -0.1249708 0.1641231 0.0622304 -0.2421757 -0.0875603 -0.1323746 0.9571630
1768819009.036073 -0.1244247 0.1646464 0.0624311 -0.2413697 -0.0877190 -0.1321654 0.9573810
1768819009.069407 -0.1236186 0.1645055 0.0622580 -0.2404842 -0.0884133 -0.1306879 0.9577428
1768819009.102740 -0.1230780 0.1644676 0.0625384 -0.2396735 -0.0885384 -0.1293703 0.9581132
1768819009.136072 -0.1225093 0.1642732 0.0627980 -0.2396422 -0.0891149 -0.1285917 0.9581724
1768819009.169406 -0.1223786 0.1639674 0.0627461 -0.2399187 -0.0892930 -0.1286845 0.9580742
1768819009.202739 -0.1220987 0.1638569 0.0626789 -0.2396166 -0.0895274 -0.1284672 0.9581571
1768819009.236073 -0.1219043 0.1636055 0.0631339 -0.2393420 -0.0894269 -0.1272659 0.9583954
1768819009.269406 -0.1217005 0.1641513 0.0632799 -0.2392577 -0.0895371 -0.1278205 0.9583323
1768819009.302740 -0.1214891 0.1637411 0.0629028 -0.2388606 -0.0897696 -0.1269485 0.9585255
1768819009.336073 -0.1207741 0.1641191 0.0627659 -0.2383718 -0.0901887 -0.1265803 0.9586565
1768819009.369406 -0.1195532 0.1646516 0.0627857 -0.2374455 -0.0913402 -0.1262097 0.9588262
1768819009.402739 -0.1196130 0.1652127 0.0626455 -0.2370258 -0.0910932 -0.1262277 0.9589512
1768819009.436073 -0.1199167 0.1646527 0.0627806 -0.2373476 -0.0906317 -0.1259736 0.9589487
1768819009.469405 -0.1197974 0.1646431 0.0628095 -0.2371351 -0.0907960 -0.1260827 0.9589714
1768819009.502739 -0.1195831 0.1644156 0.0625684 -0.2373264 -0.0910680 -0.1261848 0.9588849
1768819009.536075 -0.1197708 0.1644072 0.0628269 -0.2373901 -0.0907560 -0.1260319 0.9589188
1768819009.569406 -0.1197244 0.1639751 0.0628609 -0.2375355 -0.0909327 -0.1255112 0.9589343
1768819009.602739 -0.1200155 0.1633937 0.0631915 -0.2379338 -0.0904875 -0.1250339 0.9589401
1768819009.636073 -0.1200943 0.1621285 0.0634355 -0.2392922 -0.0904829 -0.1254414 0.9585492
1768819009.669406 -0.1194154 0.1625184 0.0634347 -0.2384237 -0.0912972 -0.1245678 0.9588023
1768819009.702739 -0.1191506 0.1622844 0.0635659 -0.2382599 -0.0911272 -0.1234755 0.9590005
1768819009.736073 -0.1187687 0.1627760 0.0636426 -0.2378289 -0.0914010 -0.1235442 0.9590725
1768819009.769406 -0.1186317 0.1626717 0.0638538 -0.2376543 -0.0912956 -0.1232920 0.9591583
1768819009.802739 -0.1184699 0.1630681 0.0641776 -0.2374310 -0.0914999 -0.1230546 0.9592246
1768819009.836073 -0.1181440 0.1629432 0.0644723 -0.2369126 -0.0916885 -0.1218317 0.9594909
1768819009.869405 -0.1181571 0.1628276 0.0644065 -0.2365889 -0.0915876 -0.1211134 0.9596713
1768819009.902739 -0.1174208 0.1635201 0.0650351 -0.2356303 -0.0919780 -0.1205778 0.9599372
1768819009.936072 -0.1176382 0.1635095 0.0649775 -0.2356994 -0.0916769 -0.1209130 0.9599069
1768819009.969406 -0.1175470 0.1627535 0.0645135 -0.2358207 -0.0918415 -0.1201489 0.9599573
1768819010.002739 -0.1171576 0.1635934 0.0652424 -0.2351498 -0.0920010 -0.1202793 0.9600903
1768819010.036072 -0.1168462 0.1642026 0.0655246 -0.2346599 -0.0920704 -0.1203359 0.9601964
1768819010.069407 -0.1168912 0.1642613 0.0654939 -0.2333965 -0.0917475 -0.1183129 0.9607865
1768819010.102739 -0.1164344 0.1646644 0.0661329 -0.2333092 -0.0920788 -0.1184017 0.9607650
1768819010.136072 -0.1165789 0.1650984 0.0665595 -0.2324352 -0.0919864 -0.1176304 0.9610804
1768819010.169406 -0.1163898 0.1651462 0.0667707 -0.2322963 -0.0918802 -0.1165898 0.9612509
1768819010.202739 -0.1166654 0.1645565 0.0662731 -0.2322479 -0.0920255 -0.1163531 0.9612774
1768819010.236072 -0.1165536 0.1639590 0.0674402 -0.2327034 -0.0921016 -0.1151515 0.9613047
1768819010.269405 -0.1165619 0.1641831 0.0674859 -0.2319390 -0.0919329 -0.1146540 0.9615650
1768819010.302740 -0.1161999 0.1636595 0.0673357 -0.2311804 -0.0925016 -0.1115789 0.9620547
1768819010.336072 -0.1159290 0.1635831 0.0676142 -0.2305354 -0.0928523 -0.1091705 0.9624519
1768819010.369406 -0.1148819 0.1646366 0.0682378 -0.2284539 -0.0938052 -0.1076653 0.9630252
1768819010.402738 -0.1147806 0.1642418 0.0681342 -0.2284825 -0.0941243 -0.1071410 0.9630458
1768819010.436072 -0.1143392 0.1642832 0.0680027 -0.2275939 -0.0945068 -0.1058677 0.9633595
1768819010.502738 -0.1146227 0.1638591 0.0679367 -0.2272283 -0.0938650 -0.1048495 0.9636199
1768819010.536074 -0.1146812 0.1637037 0.0696864 -0.2280470 -0.0936128 -0.1048973 0.9634458
1768819010.569405 -0.1145314 0.1638789 0.0702336 -0.2276691 -0.0933012 -0.1041263 0.9636490
1768819010.602738 -0.1139882 0.1642552 0.0715604 -0.2269666 -0.0932276 -0.1031449 0.9639274
1768819010.636072 -0.1143578 0.1645387 0.0729451 -0.2261863 -0.0924556 -0.1009696 0.9644153
1768819010.669405 -0.1143720 0.1651834 0.0765217 -0.2251252 -0.0919463 -0.0990290 0.9649134
1768819010.702739 -0.1129079 0.1626415 0.0826285 -0.2255675 -0.0921279 -0.0948043 0.9652171
1768819010.736073 -0.1136113 0.1588125 0.0860158 -0.2268935 -0.0916107 -0.0926502 0.9651647
1768819010.802738 -0.1133591 0.1589148 0.0885252 -0.2246438 -0.0911951 -0.0871590 0.9662412
1768819010.836072 -0.1130199 0.1577110 0.0892417 -0.2244950 -0.0915353 -0.0855986 0.9663830
1768819010.869405 -0.1130810 0.1575642 0.0908982 -0.2241514 -0.0907369 -0.0838241 0.9666936
1768819010.902739 -0.1143596 0.1578934 0.0938211 -0.2237339 -0.0895042 -0.0814765 0.9671059
1768819010.936072 -0.1145392 0.1581805 0.0946021 -0.2226802 -0.0887307 -0.0794646 0.9675876
1768819011.036073 -0.1147571 0.1592297 0.0990643 -0.2183274 -0.0863154 -0.0701566 0.9695158
1768819011.069406 -0.1145328 0.1601028 0.1011498 -0.2166559 -0.0858795 -0.0676432 0.9701079
1768819011.102738 -0.1138279 0.1613767 0.1030421 -0.2146284 -0.0850240 -0.0648863 0.9708220
1768819011.136071 -0.1138577 0.1619437 0.1044686 -0.2139056 -0.0849120 -0.0647862 0.9709980
1768819011.169405 -0.1135789 0.1635385 0.1071362 -0.2119051 -0.0839333 -0.0622637 0.9716865
1768819011.236071 -0.1134570 0.1664724 0.1130913 -0.2089248 -0.0822772 -0.0575930 0.9727610
1768819011.269405 -0.1137163 0.1645544 0.1152848 -0.2081829 -0.0817212 -0.0529981 0.9732280
1768819011.336072 -0.1136758 0.1637893 0.1146537 -0.1986500 -0.0807921 -0.0533641 0.9752759
1768819011.369405 -0.1137855 0.1642550 0.1146395 -0.1946764 -0.0807816 -0.0509399 0.9762073
1768819011.436072 -0.1133506 0.1632719 0.1159179 -0.1917145 -0.0798498 -0.0445571 0.9771818
1768819011.469404 -0.1132478 0.1618309 0.1149780 -0.1897175 -0.0793783 -0.0421075 0.9777185
1768819011.502738 -0.1133058 0.1625687 0.1146707 -0.1834320 -0.0803536 -0.0442622 0.9787425
1768819011.569405 -0.1131255 0.1624175 0.1110440 -0.1719370 -0.0809248 -0.0444636 0.9807711
1768819011.602738 -0.1123063 0.1622281 0.1113696 -0.1703231 -0.0810286 -0.0429829 0.9811100
1768819011.669405 -0.1113431 0.1602576 0.1088543 -0.1645488 -0.0801787 -0.0432662 0.9821523
1768819011.736072 -0.1105384 0.1605486 0.1106879 -0.1632990 -0.0795692 -0.0422920 0.9824528
1768819011.769405 -0.1101489 0.1611001 0.1124005 -0.1611607 -0.0784682 -0.0390986 0.9830266
1768819011.802738 -0.1101922 0.1600945 0.1104757 -0.1554907 -0.0778066 -0.0449579 0.9837416
1768819011.869404 -0.1094355 0.1596100 0.1087329 -0.1462503 -0.0770941 -0.0517669 0.9848795
1768819011.902738 -0.1095616 0.1586128 0.1067295 -0.1399128 -0.0766423 -0.0589039 0.9854343
1768819011.969405 -0.1091878 0.1583929 0.1052925 -0.1329707 -0.0735974 -0.0655776 0.9862058
1768819012.069406 -0.1096761 0.1608007 0.1077801 -0.1241220 -0.0670423 -0.0713271 0.9874268
1768819012.102738 -0.1101567 0.1620812 0.1094807 -0.1230032 -0.0653230 -0.0709633 0.9877082
1768819012.136070 -0.1092176 0.1632025 0.1135363 -0.1229969 -0.0648185 -0.0712073 0.9877246
1768819012.202737 -0.1099510 0.1653773 0.1166524 -0.1217255 -0.0615503 -0.0705243 0.9881401
1768819012.236071 -0.1096630 0.1654759 0.1166869 -0.1217568 -0.0603221 -0.0707566 0.9881954
1768819012.269404 -0.1115642 0.1641473 0.1147492 -0.1233616 -0.0568292 -0.0707431 0.9882044
1768819012.302738 -0.1111598 0.1644230 0.1156446 -0.1233796 -0.0551242 -0.0691448 0.9884118
1768819012.402737 -0.1087586 0.1641489 0.1160050 -0.1222775 -0.0492166 -0.0635357 0.9892367
1768819012.436071 -0.1090569 0.1632818 0.1142196 -0.1229176 -0.0456292 -0.0632362 0.9893485
1768819012.469404 -0.1077980 0.1637773 0.1161820 -0.1232145 -0.0431750 -0.0627702 0.9894514
1768819012.569404 -0.1033619 0.1629062 0.1158848 -0.1231625 -0.0351169 -0.0604274 0.9899224
1768819012.602737 -0.1011102 0.1620162 0.1170307 -0.1233722 -0.0336640 -0.0614958 0.9898810
1768819012.636071 -0.1017475 0.1619892 0.1171708 -0.1230653 -0.0297167 -0.0629115 0.9899566
1768819012.669404 -0.1020684 0.1619152 0.1172294 -0.1232278 -0.0273076 -0.0635481 0.9899651
1768819012.736072 -0.1010916 0.1604364 0.1152024 -0.1256037 -0.0189266 -0.0623886 0.9899359
1768819012.969404 -0.0825712 0.1586260 0.1170991 -0.1296912 0.0026621 -0.0559630 0.9899703
1768819013.036071 -0.0781611 0.1597320 0.1194826 -0.1295903 0.0081825 -0.0543233 0.9900447
1768819013.069405 -0.0758369 0.1572363 0.1189892 -0.1302464 0.0109840 -0.0514103 0.9900870
1768819013.102737 -0.0735175 0.1570412 0.1185171 -0.1303927 0.0113271 -0.0526288 0.9899998
1768819013.202736 -0.0698182 0.1546935 0.1168567 -0.1292780 0.0176543 -0.0542168 0.9899677
1768819013.236070 -0.0671634 0.1539776 0.1172496 -0.1296595 0.0185887 -0.0520418 0.9900175
1768819013.269410 -0.0666082 0.1543459 0.1178274 -0.1287201 0.0217036 -0.0534479 0.9900017
1768819013.369410 -0.0581866 0.1519265 0.1177631 -0.1273245 0.0272152 -0.0506872 0.9901912
1768819013.402743 -0.0559288 0.1509310 0.1166082 -0.1270131 0.0294177 -0.0504724 0.9901792
1768819013.502743 -0.0490617 0.1496775 0.1173686 -0.1274334 0.0363754 -0.0485379 0.9899907
1768819013.536079 -0.0478451 0.1493592 0.1180668 -0.1287929 0.0395609 -0.0496440 0.9896377
1768819013.569410 -0.0464507 0.1491502 0.1181220 -0.1293089 0.0417683 -0.0483698 0.9895428
1768819013.602743 -0.0441041 0.1485601 0.1181317 -0.1293626 0.0442539 -0.0479954 0.9894460
1768819013.702743 -0.0383349 0.1475111 0.1196171 -0.1266577 0.0483488 -0.0464383 0.9896786
1768819013.802743 -0.0345116 0.1461908 0.1196674 -0.1247633 0.0526261 -0.0478310 0.9896347
1768819013.836077 -0.0338064 0.1468798 0.1214959 -0.1250112 0.0542271 -0.0504224 0.9893883
1768819013.869409 -0.0322356 0.1463832 0.1243698 -0.1253553 0.0546130 -0.0503703 0.9893262
1768819013.936076 -0.0309722 0.1470457 0.1245810 -0.1243859 0.0586366 -0.0538439 0.9890352
1768819013.969410 -0.0298746 0.1471487 0.1245957 -0.1242022 0.0614037 -0.0540576 0.9888788
1768819014.102743 -0.0215211 0.1434865 0.1209568 -0.1238577 0.0702017 -0.0514217 0.9884770
1768819014.136076 -0.0206121 0.1427947 0.1199272 -0.1241336 0.0727246 -0.0536595 0.9881410
1768819014.202742 -0.0171587 0.1425494 0.1205477 -0.1246156 0.0764544 -0.0543458 0.9877613
1768819014.236076 -0.0144205 0.1434611 0.1216760 -0.1247654 0.0779843 -0.0554109 0.9875635
1768819014.269409 -0.0111931 0.1425708 0.1217470 -0.1253036 0.0796182 -0.0565038 0.9873030
1768819014.302743 -0.0095666 0.1424347 0.1226782 -0.1255941 0.0816932 -0.0593410 0.9869301
1768819014.369410 -0.0061786 0.1417421 0.1233721 -0.1220305 0.0861044 -0.0570759 0.9871358
1768819014.402742 -0.0054524 0.1416990 0.1230688 -0.1194809 0.0896246 -0.0580044 0.9870802
1768819014.469409 0.0005397 0.1407269 0.1235749 -0.1163941 0.0940291 -0.0561921 0.9871441
1768819014.502742 0.0031441 0.1393462 0.1213902 -0.1151069 0.0967077 -0.0571304 0.9869823
1768819014.536078 0.0044188 0.1385155 0.1198564 -0.1142783 0.0986443 -0.0577830 0.9868490
1768819014.602742 0.0085809 0.1380110 0.1206297 -0.1128897 0.1038987 -0.0579659 0.9864588
1768819014.636076 0.0106108 0.1385141 0.1208919 -0.1116392 0.1068794 -0.0592368 0.9862071
1768819014.669409 0.0112194 0.1373073 0.1199944 -0.1114287 0.1115364 -0.0611444 0.9855986
1768819014.769409 0.0175033 0.1367513 0.1201245 -0.1081313 0.1200674 -0.0628029 0.9848590
1768819014.802743 0.0178254 0.1362114 0.1196400 -0.1071649 0.1247708 -0.0639597 0.9843054
1768819014.836076 0.0209043 0.1353584 0.1199325 -0.1065680 0.1258673 -0.0607077 0.9844365
1768819014.869408 0.0217811 0.1351962 0.1198269 -0.1046263 0.1294735 -0.0624639 0.9840672
1768819014.902742 0.0217848 0.1349344 0.1194483 -0.1018649 0.1331854 -0.0647944 0.9837108
1768819014.936075 0.0215265 0.1345150 0.1191297 -0.1006301 0.1357623 -0.0659750 0.9834071
1768819015.002742 0.0208077 0.1341333 0.1181688 -0.1001635 0.1420985 -0.0668000 0.9825035
1768819015.036076 0.0207204 0.1342736 0.1175177 -0.1014068 0.1432425 -0.0682554 0.9821097
1768819015.069410 0.0214706 0.1339812 0.1169850 -0.1026536 0.1442548 -0.0695934 0.9817380
1768819015.136075 0.0218193 0.1340444 0.1167062 -0.1081906 0.1472208 -0.0725588 0.9804876
1768819015.169409 0.0230055 0.1344934 0.1179592 -0.1134519 0.1481300 -0.0724161 0.9797664
1768819015.202742 0.0228212 0.1348505 0.1180116 -0.1210374 0.1505002 -0.0744620 0.9783430
1768819015.269408 0.0237947 0.1370181 0.1203039 -0.1397155 0.1563316 -0.0825400 0.9742829
1768819015.302742 0.0243256 0.1369246 0.1214493 -0.1510306 0.1616837 -0.0795027 0.9719709
1768819015.336076 0.0255811 0.1372497 0.1225654 -0.1607080 0.1653316 -0.0780756 0.9699188
1768819015.369409 0.0253897 0.1375121 0.1226927 -0.1709023 0.1679715 -0.0781883 0.9677110
1768819015.436076 0.0264176 0.1382313 0.1241254 -0.1865405 0.1703774 -0.0653603 0.9653508
1768819015.469408 0.0253275 0.1378833 0.1234874 -0.1937330 0.1707632 -0.0576400 0.9643574
1768819015.502742 0.0262281 0.1383621 0.1243808 -0.1999592 0.1729586 -0.0540183 0.9629037
1768819015.536078 0.0242321 0.1378996 0.1233128 -0.2065296 0.1769733 -0.0540374 0.9607840
1768819015.669408 0.0262721 0.1385193 0.1251854 -0.2284546 0.1868649 -0.0444293 0.9544192
1768819015.702742 0.0267417 0.1390452 0.1258580 -0.2329622 0.1876252 -0.0446871 0.9531676
1768819015.769409 0.0278726 0.1403804 0.1277452 -0.2417199 0.1892122 -0.0415621 0.9508117
1768819015.802741 0.0278016 0.1408975 0.1277803 -0.2455016 0.1886462 -0.0428561 0.9498973
1768819015.902742 0.0277926 0.1410148 0.1283827 -0.2526990 0.1860264 -0.0375291 0.9487513
1768819015.969409 0.0279983 0.1409652 0.1281894 -0.2558150 0.1841704 -0.0354664 0.9483576
1768819016.002741 0.0283626 0.1410657 0.1283848 -0.2585711 0.1833594 -0.0344916 0.9478031
1768819016.036075 0.0279225 0.1409317 0.1280038 -0.2606173 0.1832116 -0.0346739 0.9472644
1768819016.069410 0.0285428 0.1414528 0.1284306 -0.2637675 0.1832003 -0.0353280 0.9463701
1768819016.102742 0.0285664 0.1418060 0.1288879 -0.2681971 0.1831763 -0.0328200 0.9452194
1768819016.136075 0.0286221 0.1421867 0.1293212 -0.2725855 0.1832037 -0.0319981 0.9439861
1768819016.169409 0.0295721 0.1429862 0.1301169 -0.2770178 0.1827419 -0.0304959 0.9428343
1768819016.269408 0.0300222 0.1436002 0.1308490 -0.2907870 0.1786468 -0.0249399 0.9396309
1768819016.302742 0.0308282 0.1440450 0.1313183 -0.2941901 0.1768960 -0.0232514 0.9389459
1768819016.336075 0.0300058 0.1440023 0.1306867 -0.2973754 0.1756592 -0.0215355 0.9382154
1768819016.369408 0.0318293 0.1448469 0.1319196 -0.3003635 0.1732046 -0.0214585 0.9377214
1768819016.402741 0.0315724 0.1442218 0.1318012 -0.3039207 0.1721759 -0.0203039 0.9367899
1768819016.436075 0.0316087 0.1448246 0.1316882 -0.3083003 0.1712618 -0.0198440 0.9355354
1768819016.469408 0.0324850 0.1451560 0.1325206 -0.3125115 0.1700644 -0.0194160 0.9343649
1768819016.536077 0.0330294 0.1464057 0.1326008 -0.3189842 0.1684598 -0.0179546 0.9324956
1768819016.569408 0.0321011 0.1449512 0.1317136 -0.3234295 0.1693293 -0.0152332 0.9308539
1768819016.636075 0.0323873 0.1450834 0.1324805 -0.3307700 0.1696913 -0.0129625 0.9282393
1768819016.669407 0.0327423 0.1451986 0.1322984 -0.3348357 0.1705105 -0.0110033 0.9266554
1768819016.736075 0.0318448 0.1452046 0.1318389 -0.3449087 0.1728351 -0.0081030 0.9225511
1768819016.769408 0.0324487 0.1456560 0.1322941 -0.3497825 0.1729165 -0.0067470 0.9207098
1768819016.802741 0.0320958 0.1453761 0.1322517 -0.3547726 0.1741773 -0.0026639 0.9185813
1768819016.902741 0.0339125 0.1470278 0.1331623 -0.3686977 0.1758502 0.0021503 0.9127619
1768819016.936074 0.0338725 0.1470365 0.1334044 -0.3736272 0.1760090 0.0029085 0.9107223
1768819016.969409 0.0337953 0.1472943 0.1334354 -0.3772036 0.1764868 0.0055635 0.9091419
1768819017.036076 0.0341592 0.1478515 0.1341975 -0.3846473 0.1783060 0.0069682 0.9056516
1768819017.069410 0.0348040 0.1495195 0.1354876 -0.3874547 0.1781330 0.0062336 0.9044936
1768819017.102741 0.0357421 0.1503670 0.1361926 -0.3902339 0.1774583 0.0064561 0.9034292
1768819017.136074 0.0360929 0.1513034 0.1377207 -0.3928508 0.1784114 0.0081671 0.9020926
1768819017.236074 0.0372664 0.1517601 0.1386671 -0.3982925 0.1785269 0.0121115 0.8996358
1768819017.269407 0.0377213 0.1525233 0.1390571 -0.3999635 0.1781014 0.0115239 0.8989863
1768819017.302742 0.0378244 0.1529458 0.1390527 -0.4020459 0.1777422 0.0112090 0.8981320
1768819017.336074 0.0391380 0.1529218 0.1400572 -0.4054950 0.1770427 0.0129396 0.8966952
1768819017.369408 0.0397903 0.1541978 0.1414797 -0.4087333 0.1772556 0.0140052 0.8951656
1768819017.402741 0.0396003 0.1556068 0.1423095 -0.4124756 0.1760188 0.0120628 0.8937202
1768819017.469407 0.0403111 0.1568620 0.1433622 -0.4215463 0.1743673 0.0118530 0.8898057
1768819017.502740 0.0421146 0.1576860 0.1448952 -0.4259775 0.1743554 0.0165599 0.8876200
1768819017.536077 0.0428885 0.1589289 0.1449286 -0.4293486 0.1733118 0.0169299 0.8861920
1768819017.569408 0.0429409 0.1591953 0.1458402 -0.4337865 0.1720895 0.0168338 0.8842687
1768819017.602740 0.0445864 0.1601016 0.1468292 -0.4375198 0.1715086 0.0194433 0.8824869
1768819017.636074 0.0440301 0.1605005 0.1476161 -0.4426380 0.1701754 0.0187804 0.8802041
1768819017.669407 0.0450622 0.1609570 0.1481438 -0.4488494 0.1686200 0.0216023 0.8772883
1768819017.702740 0.0472938 0.1627392 0.1493652 -0.4533301 0.1686147 0.0265317 0.8748469
1768819017.736075 0.0488384 0.1626440 0.1503486 -0.4603305 0.1668807 0.0298054 0.8714117
1768819017.769408 0.0502219 0.1654257 0.1503535 -0.4658403 0.1665844 0.0311589 0.8684881
1768819017.802741 0.0515500 0.1681786 0.1517361 -0.4722156 0.1674539 0.0340265 0.8647624
1768819017.836074 0.0512525 0.1703354 0.1535169 -0.4776279 0.1695879 0.0355468 0.8613060
1768819017.869406 0.0516971 0.1709962 0.1542174 -0.4833743 0.1714901 0.0395513 0.8575407
1768819017.902740 0.0508109 0.1713406 0.1551737 -0.4890686 0.1738126 0.0410040 0.8537680
1768819017.936073 0.0524658 0.1726522 0.1560442 -0.4933769 0.1756352 0.0452931 0.8506939
1768819018.002740 0.0541779 0.1735422 0.1576732 -0.4999573 0.1785243 0.0487619 0.8460462
1768819018.036074 0.0540196 0.1731137 0.1581202 -0.5013353 0.1793850 0.0492765 0.8450182
1768819018.169407 0.0539944 0.1734178 0.1575643 -0.5004280 0.1781592 0.0483743 0.8458670
1768819018.202740 0.0537402 0.1733293 0.1580182 -0.5018623 0.1775450 0.0470237 0.8452222
1768819018.236074 0.0552923 0.1736476 0.1584671 -0.5040364 0.1761548 0.0482343 0.8441506
1768819018.269406 0.0534572 0.1731568 0.1570038 -0.5087144 0.1752452 0.0506555 0.8413875
1768819018.336074 0.0549678 0.1741739 0.1596182 -0.5167239 0.1735680 0.0506830 0.8368403
1768819018.402740 0.0547341 0.1723418 0.1592271 -0.5246745 0.1702278 0.0499651 0.8326120
1768819018.469406 0.0559026 0.1734352 0.1600685 -0.5297173 0.1693967 0.0511915 0.8295082
1768819018.502740 0.0565119 0.1763817 0.1605476 -0.5311992 0.1694797 0.0538021 0.8283776
1768819018.536076 0.0543852 0.1736849 0.1595111 -0.5352598 0.1674815 0.0520828 0.8262773
1768819018.569407 0.0559304 0.1735075 0.1597034 -0.5379702 0.1667892 0.0544277 0.8245041
1768819018.602740 0.0560532 0.1745882 0.1621561 -0.5422256 0.1657868 0.0539459 0.8219465
1768819018.636074 0.0554753 0.1738042 0.1605000 -0.5437242 0.1652969 0.0552868 0.8209655
1768819018.669406 0.0557007 0.1754418 0.1626915 -0.5480579 0.1659809 0.0572047 0.8178084
1768819018.702740 0.0555452 0.1773065 0.1608496 -0.5488207 0.1666875 0.0608969 0.8168861
1768819018.736075 0.0567715 0.1786208 0.1617828 -0.5516594 0.1671666 0.0659295 0.8144817
1768819018.769407 0.0568262 0.1792644 0.1636258 -0.5541399 0.1690545 0.0679041 0.8122430
1768819018.802740 0.0596311 0.1801269 0.1634082 -0.5559790 0.1682311 0.0739098 0.8106312
1768819018.836073 0.0616034 0.1825210 0.1646839 -0.5578157 0.1686112 0.0784147 0.8088653
1768819018.869406 0.0625632 0.1827148 0.1664893 -0.5608538 0.1683825 0.0795703 0.8066963
1768819018.902739 0.0629789 0.1836921 0.1672940 -0.5624439 0.1690930 0.0819479 0.8052013
1768819018.969407 0.0636991 0.1827192 0.1671177 -0.5688193 0.1682630 0.0864976 0.8004064
1768819019.002739 0.0621393 0.1827269 0.1667042 -0.5700528 0.1686355 0.0848154 0.7996300
1768819019.036074 0.0627028 0.1833983 0.1657031 -0.5695416 0.1694050 0.0879137 0.7994971
1768819019.069408 0.0617020 0.1844208 0.1655879 -0.5692708 0.1708004 0.0881280 0.7993694
1768819019.136073 0.0609393 0.1814114 0.1650297 -0.5761421 0.1716616 0.0927875 0.7937147
1768819019.169406 0.0595419 0.1809241 0.1646861 -0.5770308 0.1759679 0.0945760 0.7919130
1768819019.202739 0.0609944 0.1814865 0.1660146 -0.5800178 0.1807980 0.1029098 0.7875919
1768819019.269406 0.0612832 0.1825580 0.1654504 -0.5892279 0.1818024 0.0984249 0.7810704
1768819019.336073 0.0616516 0.1834164 0.1657555 -0.5908235 0.1853562 0.1030357 0.7784307
1768819019.402740 0.0638244 0.1838964 0.1647085 -0.5906720 0.1924515 0.1145233 0.7752119
1768819019.436073 0.0628236 0.1831779 0.1638948 -0.5893933 0.1965830 0.1148998 0.7750927
1768819019.536075 0.0637489 0.1852959 0.1649190 -0.5870038 0.2088930 0.1109810 0.7742568
1768819019.602740 0.0601049 0.1809808 0.1630512 -0.5860384 0.2188549 0.0961672 0.7742178
1768819019.669406 0.0588821 0.1804733 0.1639511 -0.5813952 0.2333273 0.0976677 0.7733040
1768819019.702739 0.0585832 0.1811821 0.1637014 -0.5795940 0.2390059 0.0937754 0.7734036
1768819019.736073 0.0564619 0.1785228 0.1618392 -0.5773245 0.2440093 0.0874818 0.7742757
1768819019.769407 0.0524967 0.1771422 0.1592087 -0.5730432 0.2507434 0.0851243 0.7755663
1768819019.802739 0.0509156 0.1769604 0.1575295 -0.5720281 0.2541079 0.0745762 0.7763063
1768819019.836073 0.0504524 0.1759837 0.1572198 -0.5702201 0.2614367 0.0738035 0.7752760
1768819019.869405 0.0525929 0.1778143 0.1564636 -0.5685377 0.2673785 0.0712855 0.7747207
1768819019.902739 0.0502025 0.1760305 0.1563201 -0.5660625 0.2755814 0.0688826 0.7738756
1768819019.936072 0.0495773 0.1743287 0.1566670 -0.5650923 0.2823483 0.0650447 0.7724761
1768819020.069407 0.0505020 0.1686905 0.1597851 -0.5611782 0.3070439 0.0581792 0.7664321
1768819020.102739 0.0535133 0.1651795 0.1580289 -0.5593805 0.3091253 0.0586894 0.7668706
1768819020.136072 0.0569037 0.1664873 0.1569627 -0.5567779 0.3122933 0.0586542 0.7674835
1768819020.202739 0.0496985 0.1614817 0.1574948 -0.5518698 0.3274474 0.0474140 0.7654867
1768819020.236073 0.0497842 0.1635006 0.1571982 -0.5487167 0.3329355 0.0489851 0.7652872
1768819020.269406 0.0531969 0.1588520 0.1549700 -0.5474259 0.3339205 0.0529674 0.7655171
1768819020.302740 0.0557211 0.1561330 0.1563932 -0.5479218 0.3371303 0.0529669 0.7637535
1768819020.336073 0.0601325 0.1536966 0.1544566 -0.5459358 0.3382756 0.0549631 0.7645279
1768819020.369406 0.0626036 0.1539819 0.1541596 -0.5432885 0.3434290 0.0555545 0.7640732
1768819020.402739 0.0696471 0.1502379 0.1533958 -0.5439956 0.3416176 0.0609509 0.7639707
1768819020.436072 0.0760258 0.1469564 0.1511006 -0.5421558 0.3418674 0.0661775 0.7647315
1768819020.502738 0.0851103 0.1431013 0.1492287 -0.5393874 0.3461730 0.0706957 0.7643478
1768819020.536075 0.0891705 0.1410557 0.1490033 -0.5377712 0.3497902 0.0729491 0.7636278
1768819020.636072 0.1047466 0.1329764 0.1427640 -0.5316431 0.3548023 0.0790015 0.7650031
1768819020.669405 0.1085781 0.1282131 0.1428782 -0.5316256 0.3572039 0.0804175 0.7637491
1768819020.702739 0.1152047 0.1256694 0.1410447 -0.5302303 0.3585909 0.0846932 0.7636068
1768819020.836072 0.1314966 0.1189922 0.1339722 -0.5213999 0.3689154 0.0907811 0.7640695
1768819020.869404 0.1349077 0.1188126 0.1328337 -0.5189358 0.3721103 0.0913721 0.7641275
1768819020.902738 0.1393904 0.1147446 0.1310625 -0.5181771 0.3722080 0.0934990 0.7643374
1768819020.936072 0.1436263 0.1110255 0.1306750 -0.5181993 0.3733280 0.0948841 0.7636051
1768819020.969406 0.1490471 0.1099218 0.1280782 -0.5150077 0.3751643 0.0977858 0.7644977
1768819021.002738 0.1499132 0.1085296 0.1279563 -0.5132177 0.3803565 0.0974569 0.7631768
1768819021.069395 0.1523082 0.1071345 0.1267549 -0.5065749 0.3935378 0.0935588 0.7614175
1768819021.102728 0.1572204 0.1049531 0.1249202 -0.5039134 0.3962343 0.0973806 0.7613059
1768819021.136060 0.1592252 0.1012467 0.1238499 -0.5016066 0.3998785 0.0952695 0.7611910
1768819021.169394 0.1659023 0.0989029 0.1210422 -0.4980224 0.4013263 0.0989299 0.7623147
1768819021.202727 0.1745169 0.0956742 0.1171069 -0.4954941 0.4001540 0.1034748 0.7639734
1768819021.269394 0.1851344 0.0843729 0.1149110 -0.4977034 0.3993481 0.1092653 0.7621506
1768819021.302728 0.1933421 0.0812360 0.1102813 -0.4970693 0.3968492 0.1119040 0.7634856
1768819021.369394 0.2067271 0.0770033 0.1032978 -0.4952125 0.3950437 0.1166948 0.7649102
1768819021.402727 0.2059622 0.0739711 0.1040379 -0.4949473 0.3999180 0.1095264 0.7636077
1768819021.436060 0.2085464 0.0727064 0.1034030 -0.4936955 0.4042453 0.1065143 0.7625649
1768819021.502727 0.2229914 0.0694405 0.0952940 -0.4915155 0.4008721 0.1127643 0.7648517
1768819021.536064 0.2289064 0.0697524 0.0940569 -0.4898077 0.4012332 0.1148984 0.7654402
1768819021.569393 0.2335918 0.0639302 0.0908738 -0.4902126 0.3994740 0.1174941 0.7657070
1768819021.602727 0.2365367 0.0573306 0.0897983 -0.4925950 0.3982213 0.1176494 0.7648063
1768819021.636060 0.2396932 0.0554896 0.0887881 -0.4927819 0.3976573 0.1175738 0.7649909
1768819021.669394 0.2450066 0.0578688 0.0877349 -0.4923439 0.3965482 0.1164417 0.7660211
1768819021.702727 0.2460456 0.0582444 0.0874098 -0.4920358 0.3963379 0.1164699 0.7663236
1768819021.736061 0.2461532 0.0572950 0.0871629 -0.4924586 0.3956585 0.1157541 0.7665115
1768819021.769394 0.2484488 0.0568061 0.0879041 -0.4940355 0.3943261 0.1143904 0.7663881
1768819021.802726 0.2506752 0.0561778 0.0891302 -0.4958851 0.3929636 0.1130533 0.7660917
1768819021.836061 0.2487291 0.0561420 0.0885932 -0.4928172 0.3887861 0.1001109 0.7719808
1768819021.869392 0.2509736 0.0531967 0.0896673 -0.4929452 0.3799172 0.0906177 0.7774679
1768819021.902726 0.2504511 0.0525958 0.0895974 -0.4913564 0.3706112 0.0800989 0.7840921
1768819021.936060 0.2499653 0.0543572 0.0897143 -0.4913159 0.3608627 0.0702877 0.7895862
1768819021.969393 0.2460932 0.0560757 0.0894473 -0.4874435 0.3550009 0.0625044 0.7952776
1768819022.002726 0.2401667 0.0546739 0.0932177 -0.4894134 0.3514002 0.0558135 0.7961641
1768819022.036060 0.2359418 0.0566399 0.0939806 -0.4894997 0.3460375 0.0446271 0.7991599
1768819022.069395 0.2336255 0.0605008 0.0990037 -0.4912500 0.3442125 0.0401861 0.7991097
1768819022.102726 0.2262596 0.0597896 0.1026493 -0.4907645 0.3435327 0.0298431 0.8001531
1768819022.136060 0.2246805 0.0602592 0.1049743 -0.4914241 0.3445328 0.0283755 0.7993712
1768819022.169393 0.2226468 0.0612187 0.1086449 -0.4929641 0.3447126 0.0255556 0.7984400
1768819022.202726 0.2218103 0.0617166 0.1087726 -0.4927479 0.3449481 0.0251806 0.7984837
1768819022.236060 0.2221685 0.0617320 0.1092226 -0.4929024 0.3449674 0.0252476 0.7983779
1768819022.269393 0.2216502 0.0611978 0.1101034 -0.4929954 0.3452112 0.0254662 0.7982082
1768819022.302727 0.2217693 0.0610137 0.1105353 -0.4928291 0.3450013 0.0257106 0.7983937
1768819022.336060 0.2222055 0.0614847 0.1105793 -0.4921636 0.3453761 0.0266388 0.7986118
1768819022.369392 0.2221101 0.0609581 0.1106979 -0.4919155 0.3456209 0.0273865 0.7986335
1768819022.402726 0.2212445 0.0594721 0.1116705 -0.4926340 0.3458780 0.0275146 0.7980746
1768819022.436060 0.2220995 0.0599777 0.1120764 -0.4928599 0.3458193 0.0278065 0.7979504
1768819022.469393 0.2220927 0.0602520 0.1122454 -0.4925502 0.3462315 0.0280257 0.7979553
1768819022.502726 0.2219415 0.0605956 0.1127979 -0.4927208 0.3464087 0.0278384 0.7977797
1768819022.536062 0.2216111 0.0600200 0.1128954 -0.4929458 0.3461846 0.0277907 0.7977396
1768819022.569393 0.2216131 0.0598696 0.1130597 -0.4931563 0.3461052 0.0277761 0.7976444
1768819022.602726 0.2222622 0.0603249 0.1129565 -0.4934120 0.3459151 0.0274971 0.7975783
1768819022.636060 0.2224776 0.0597199 0.1141083 -0.4942457 0.3460869 0.0275097 0.7969870
1768819022.669393 0.2224168 0.0601524 0.1145163 -0.4941648 0.3462585 0.0272504 0.7969715
1768819022.702726 0.2221012 0.0600198 0.1150027 -0.4939867 0.3465016 0.0277713 0.7969583
1768819022.736060 0.2205519 0.0607083 0.1158999 -0.4937385 0.3478027 0.0272486 0.7965633
1768819022.769393 0.2202184 0.0612974 0.1173117 -0.4942603 0.3481883 0.0267539 0.7960879
1768819022.802726 0.2176553 0.0619291 0.1187091 -0.4940787 0.3504178 0.0259704 0.7952479
1768819022.836059 0.2174926 0.0622482 0.1196046 -0.4949476 0.3507095 0.0247960 0.7946162
1768819022.869392 0.2177663 0.0625735 0.1190823 -0.4946211 0.3501145 0.0253956 0.7950629
1768819022.902726 0.2183736 0.0616586 0.1185023 -0.4941657 0.3497761 0.0265497 0.7954571
1768819022.936059 0.2186291 0.0617266 0.1182224 -0.4935822 0.3493538 0.0269247 0.7959922
1768819022.969393 0.2175305 0.0573688 0.1160119 -0.4928984 0.3477586 0.0298335 0.7970101
1768819023.002726 0.2190887 0.0526688 0.1138605 -0.4922692 0.3445884 0.0354205 0.7985457
1768819023.036060 0.2229311 0.0562702 0.1110437 -0.4912828 0.3361720 0.0332672 0.8028219
1768819023.102726 0.2247410 0.0562467 0.1106655 -0.4906298 0.3301707 0.0340067 0.8056757
1768819023.136059 0.2244442 0.0547404 0.1105168 -0.4905576 0.3231117 0.0352696 0.8085222
1768819023.169392 0.2225713 0.0530449 0.1119265 -0.4913456 0.3213499 0.0349387 0.8087602
1768819023.202725 0.2242511 0.0550379 0.1112651 -0.4902851 0.3146178 0.0346213 0.8120576
1768819023.269392 0.2216952 0.0523541 0.1119249 -0.4923926 0.3010027 0.0367430 0.8158413
1768819023.302725 0.2209819 0.0516863 0.1114253 -0.4945230 0.2948394 0.0329912 0.8169628
1768819023.336059 0.2204626 0.0491427 0.1101211 -0.4949211 0.2868601 0.0351594 0.8194682
1768819023.369393 0.2206153 0.0503724 0.1094607 -0.4944858 0.2826751 0.0343881 0.8212162
1768819023.402725 0.2188601 0.0484179 0.1111149 -0.4952607 0.2821714 0.0357276 0.8208652
1768819023.436059 0.2185154 0.0474194 0.1112049 -0.4962747 0.2800680 0.0350284 0.8210033
1768819023.469392 0.2132643 0.0435667 0.1130854 -0.4982424 0.2814790 0.0339238 0.8193737
1768819023.502725 0.2131717 0.0428618 0.1141358 -0.4988441 0.2819143 0.0346871 0.8188258
1768819023.536063 0.2122472 0.0415619 0.1139467 -0.4986973 0.2811709 0.0350812 0.8191540
1768819023.569393 0.2099980 0.0385715 0.1141522 -0.4996369 0.2804706 0.0351998 0.8188163
1768819023.602726 0.2082120 0.0379079 0.1147200 -0.4993136 0.2812711 0.0351796 0.8187398
1768819023.636059 0.2075691 0.0376915 0.1150553 -0.4986761 0.2816683 0.0364299 0.8189371
1768819023.669393 0.2043591 0.0363850 0.1171185 -0.5013849 0.2806200 0.0335293 0.8177661
1768819023.702725 0.2022153 0.0352107 0.1172507 -0.5013925 0.2810940 0.0331338 0.8176148
1768819023.736059 0.1994611 0.0330776 0.1172115 -0.5016428 0.2815325 0.0334340 0.8172981
1768819023.769392 0.1965385 0.0299245 0.1174510 -0.5013110 0.2820103 0.0350200 0.8172705
1768819023.802726 0.1912260 0.0251764 0.1211477 -0.5043944 0.2831661 0.0353141 0.8149578
1768819023.836060 0.1906512 0.0244049 0.1196062 -0.5033394 0.2740612 0.0375100 0.8186164
1768819023.869391 0.1910394 0.0226175 0.1173283 -0.5016289 0.2630345 0.0406892 0.8231195
1768819023.902725 0.1904480 0.0226834 0.1170037 -0.4991411 0.2544030 0.0440886 0.8271599
1768819023.936058 0.1898091 0.0217054 0.1161287 -0.4974484 0.2451168 0.0470589 0.8308119
1768819023.969393 0.1893619 0.0225891 0.1159687 -0.4942549 0.2364344 0.0507130 0.8350084
1768819024.002725 0.1882387 0.0230057 0.1168601 -0.4943364 0.2269234 0.0517934 0.8375289
1768819024.036059 0.1866937 0.0239789 0.1174431 -0.4929824 0.2179867 0.0538186 0.8405675
1768819024.069395 0.1850672 0.0235473 0.1170162 -0.4899758 0.2095955 0.0570509 0.8442385
1768819024.102726 0.1827491 0.0178773 0.1145109 -0.4901763 0.1979003 0.0603424 0.8467122
1768819024.136059 0.1810620 0.0168611 0.1145963 -0.4892882 0.1881941 0.0624901 0.8492792
1768819024.169392 0.1809030 0.0159776 0.1150124 -0.4881423 0.1782560 0.0663105 0.8517892
1768819024.202724 0.1796591 0.0163629 0.1150811 -0.4875092 0.1673770 0.0668925 0.8543097
1768819024.236058 0.1795330 0.0160072 0.1148620 -0.4887104 0.1536404 0.0707385 0.8558931
1768819024.269392 0.1794767 0.0160469 0.1156896 -0.4919819 0.1394237 0.0726425 0.8562932
1768819024.302726 0.1787555 0.0170080 0.1172893 -0.4942909 0.1297502 0.0757072 0.8562184
1768819024.336059 0.1766204 0.0164914 0.1175707 -0.4955303 0.1243542 0.0814236 0.8557780
1768819024.369392 0.1785262 0.0194585 0.1190291 -0.4996419 0.1108722 0.0808584 0.8552937
1768819024.402725 0.1803168 0.0193313 0.1185123 -0.5020619 0.0975629 0.0836872 0.8552262
1768819024.436059 0.1816049 0.0179716 0.1183205 -0.5055799 0.0882443 0.0898168 0.8535425
1768819024.502725 0.1821079 0.0208626 0.1169214 -0.5071582 0.0728264 0.0882823 0.8542208
1768819024.536058 0.1840860 0.0237575 0.1170717 -0.5067624 0.0667721 0.0879322 0.8549861
1768819024.569392 0.1848964 0.0230214 0.1166747 -0.5084544 0.0606595 0.0903651 0.8541831
1768819024.602725 0.1846555 0.0230821 0.1165569 -0.5096316 0.0555016 0.0887715 0.8539993
1768819024.636059 0.1844335 0.0232144 0.1162652 -0.5093520 0.0525306 0.0876181 0.8544731
1768819024.669392 0.1828073 0.0231065 0.1172201 -0.5092949 0.0536491 0.0886705 0.8543290
1768819024.702726 0.1825146 0.0233293 0.1173870 -0.5096163 0.0513999 0.0865385 0.8544942
1768819024.736059 0.1820602 0.0225634 0.1169946 -0.5086812 0.0516412 0.0859464 0.8550964
1768819024.769391 0.1815096 0.0195532 0.1165059 -0.5076126 0.0516933 0.0931405 0.8549749
1768819024.802724 0.1800318 0.0155031 0.1151036 -0.5039672 0.0557617 0.1054546 0.8554455
1768819024.836059 0.1793929 0.0109436 0.1147256 -0.5008137 0.0582875 0.1154345 0.8558406
1768819024.869391 0.1788984 0.0087360 0.1137806 -0.4978961 0.0559330 0.1189563 0.8572167
1768819024.902724 0.1783312 0.0087709 0.1125495 -0.4914678 0.0536837 0.1254341 0.8601417
1768819024.936058 0.1763964 0.0076510 0.1091557 -0.4842875 0.0545256 0.1346092 0.8627705
1768819024.969391 0.1725974 0.0031700 0.1077124 -0.4803024 0.0557532 0.1384807 0.8643057
1768819025.002724 0.1730714 0.0036512 0.1084699 -0.4786818 0.0522547 0.1367329 0.8657005
1768819025.069394 0.1716229 0.0035117 0.1065463 -0.4743379 0.0433337 0.1279117 0.8699220
1768819025.102725 0.1713051 0.0041977 0.1060176 -0.4723763 0.0402797 0.1266993 0.8713125
1768819025.136058 0.1655819 -0.0009856 0.1070807 -0.4716566 0.0416423 0.1283950 0.8713901
1768819025.169392 0.1591197 0.0007867 0.1091061 -0.4695366 0.0388614 0.1261743 0.8729864
1768819025.202724 0.1540367 0.0018842 0.1097604 -0.4701356 0.0376994 0.1234942 0.8730982
1768819025.236058 0.1551117 -0.0014022 0.1104517 -0.4747988 0.0278759 0.1275950 0.8703496
1768819025.269391 0.1521650 -0.0049862 0.1082136 -0.4750327 0.0209388 0.1307760 0.8699443
1768819025.302726 0.1503360 -0.0083289 0.1070650 -0.4786616 0.0125517 0.1350073 0.8674668
1768819025.336058 0.1510702 -0.0097357 0.1067669 -0.4746689 0.0039903 0.1404471 0.8688775
1768819025.369392 0.1511267 -0.0099532 0.1073418 -0.4688604 0.0060789 0.1421572 0.8717364
1768819025.402725 0.1461426 -0.0119828 0.1082425 -0.4651206 0.0046455 0.1369224 0.8745819
1768819025.436058 0.1406866 -0.0148626 0.1099119 -0.4633530 0.0031013 0.1337681 0.8760140
1768819025.502724 0.1371758 -0.0174604 0.1097462 -0.4573858 0.0055262 0.1451043 0.8773326
1768819025.536057 0.1341147 -0.0200551 0.1102395 -0.4580709 0.0074609 0.1449738 0.8769823
1768819025.569391 0.1310050 -0.0231760 0.1135033 -0.4618863 -0.0049077 0.1362733 0.8763942
1768819025.769391 0.1098677 -0.0290791 0.1165146 -0.4720490 -0.0449188 0.1081151 0.8737638
1768819026.002724 0.1057809 -0.0334866 0.1114992 -0.4570821 -0.0253319 0.1363306 0.8785490
1768819026.069394 0.1059156 -0.0334246 0.1121511 -0.4592229 -0.0131256 0.1582052 0.8740213
1768819026.102725 0.1054246 -0.0343366 0.1114731 -0.4640303 -0.0094763 0.1662518 0.8700266
1768819026.136057 0.1053963 -0.0342124 0.1124961 -0.4648319 -0.0081937 0.1679182 0.8692915
1768819026.169391 0.1058407 -0.0353744 0.1115041 -0.4600205 -0.0041285 0.1706427 0.8713467
1768819026.202723 0.1062413 -0.0352671 0.1115384 -0.4513496 0.0011870 0.1724789 0.8755188
1768819026.236057 0.1064659 -0.0357940 0.1111138 -0.4418695 0.0092024 0.1759119 0.8796145
1768819026.269390 0.1054341 -0.0388854 0.1141420 -0.4432297 0.0189894 0.1780282 0.8783466
1768819026.302725 0.1021967 -0.0395779 0.1144652 -0.4491198 0.0280969 0.1703499 0.8766316
1768819026.336058 0.1038016 -0.0397863 0.1139791 -0.4552607 0.0268062 0.1660165 0.8743327
1768819026.369391 0.1052033 -0.0393317 0.1130190 -0.4557896 0.0278460 0.1651148 0.8741953
1768819026.402724 0.1069122 -0.0385776 0.1121257 -0.4560906 0.0357894 0.1625890 0.8742227
1768819026.469390 0.1069381 -0.0371938 0.1125248 -0.4472396 0.0371039 0.1585884 0.8794600
1768819026.502723 0.1075016 -0.0395884 0.1131517 -0.4463903 0.0355680 0.1552440 0.8805509
1768819026.536057 0.1078340 -0.0455849 0.1107500 -0.4449683 0.0348722 0.1523086 0.8818102
1768819026.602724 0.1094665 -0.0526202 0.1085964 -0.4427890 0.0322841 0.1418376 0.8847473
1768819026.802724 0.1100297 -0.0565853 0.1084142 -0.4393183 0.0469016 0.1079807 0.8905840
1768819026.836058 0.1091605 -0.0595345 0.1076788 -0.4381251 0.0462050 0.1050500 0.8915582
1768819026.902723 0.1096048 -0.0612691 0.1071236 -0.4310383 0.0403422 0.0956718 0.8963400
1768819026.936056 0.1073195 -0.0641192 0.1050730 -0.4289179 0.0427544 0.0885650 0.8979743
1768819026.969390 0.1071167 -0.0638915 0.1057162 -0.4278279 0.0501003 0.0861810 0.8983463
1768819027.002723 0.1056908 -0.0664702 0.1087531 -0.4274029 0.0620398 0.0903482 0.8973935
1768819027.069392 0.1053275 -0.0699084 0.1076552 -0.4206817 0.0654823 0.0917748 0.9001758
1768819027.102723 0.1049452 -0.0694920 0.1069403 -0.4171370 0.0638926 0.0868510 0.9024253
1768819027.136056 0.1057303 -0.0717121 0.1067474 -0.4146315 0.0625440 0.0845489 0.9038918
1768819027.169390 0.1043163 -0.0718837 0.1069787 -0.4108757 0.0602856 0.0818664 0.9060048
1768819027.236057 0.1012228 -0.0758951 0.1063218 -0.4017441 0.0576871 0.0747807 0.9108687
1768819027.269390 0.1003235 -0.0752713 0.1045111 -0.3948119 0.0535772 0.0701846 0.9145093
1768819027.302724 0.0995059 -0.0789861 0.1045477 -0.3904487 0.0491766 0.0689032 0.9167245
1768819027.369390 0.0993730 -0.0788266 0.1035006 -0.3775729 0.0427870 0.0641261 0.9227653
1768819027.436057 0.0980512 -0.0818245 0.1028966 -0.3675824 0.0356017 0.0605857 0.9273322
1768819027.502723 0.0970090 -0.0842295 0.1017764 -0.3609641 0.0321570 0.0540449 0.9304569
1768819027.536056 0.0971012 -0.0844455 0.1023532 -0.3588338 0.0304297 0.0510874 0.9315055
1768819027.569390 0.0965367 -0.0849520 0.1015861 -0.3532078 0.0298460 0.0503873 0.9337101
1768819027.602723 0.0968407 -0.0854483 0.1025067 -0.3525729 0.0295418 0.0477002 0.9341008
1768819027.769390 0.0970753 -0.0849411 0.1028543 -0.3346509 0.0318806 0.0426616 0.9408360
1768819027.802722 0.0972973 -0.0850072 0.1026096 -0.3326131 0.0322699 0.0427447 0.9415413
1768819027.902723 0.0967444 -0.0859087 0.1021869 -0.3237302 0.0325974 0.0410051 0.9446982
1768819027.936055 0.0966417 -0.0856437 0.1016852 -0.3195306 0.0314222 0.0371841 0.9463246
1768819028.002723 0.0967415 -0.0851433 0.1022151 -0.3101470 0.0277316 0.0348991 0.9496430
1768819028.069391 0.0956673 -0.0836841 0.1029675 -0.3055439 0.0176128 0.0213109 0.9517765
1768819028.102723 0.0963981 -0.0831756 0.1035552 -0.2994432 0.0144734 0.0161287 0.9538680
1768819028.136056 0.0959382 -0.0834403 0.1044905 -0.2950311 0.0135496 0.0134305 0.9552972
1768819028.202722 0.0966417 -0.0839163 0.1044112 -0.2825187 0.0120665 0.0063869 0.9591647
1768819028.236056 0.0957693 -0.0850363 0.1039671 -0.2778424 0.0111369 0.0022764 0.9605594
1768819028.302724 0.0964653 -0.0835005 0.1041277 -0.2686557 0.0083304 -0.0104858 0.9631432
1768819028.336056 0.0963112 -0.0842612 0.1036843 -0.2645712 0.0077056 -0.0151032 0.9642171
1768819028.369390 0.0960555 -0.0848885 0.1026220 -0.2597423 0.0092290 -0.0204104 0.9654182
1768819028.536056 0.0967167 -0.0852799 0.1027182 -0.2485709 0.0206452 -0.0353552 0.9677481
1768819028.569390 0.0969443 -0.0855204 0.1025584 -0.2488721 0.0214762 -0.0354015 0.9676509
1768819028.636056 0.0989026 -0.0866589 0.1038210 -0.2571774 0.0273238 -0.0372580 0.9652591
1768819028.702723 0.0976171 -0.0864031 0.1020669 -0.2652254 0.0424107 -0.0492362 0.9619941
1768819028.736056 0.0980106 -0.0880791 0.1031160 -0.2663444 0.0505020 -0.0515987 0.9611700
1768819028.802722 0.1029590 -0.0868504 0.1057030 -0.2690111 0.0616672 -0.0543014 0.9596258
1768819028.836057 0.1036084 -0.0869218 0.1046116 -0.2702702 0.0679544 -0.0567054 0.9587078
1768819028.869388 0.1051746 -0.0856891 0.1052429 -0.2705948 0.0715058 -0.0564485 0.9583731
1768819028.902722 0.1046494 -0.0850803 0.1056806 -0.2731282 0.0761057 -0.0573400 0.9572466
1768819028.969366 0.1057032 -0.0843421 0.1068458 -0.2805066 0.0879588 -0.0508305 0.9544609
1768819029.002699 0.1090279 -0.0824735 0.1099275 -0.2853694 0.0951959 -0.0445450 0.9526373
1768819029.136032 0.1134825 -0.0772554 0.1146745 -0.3075624 0.1249408 -0.0305071 0.9427961
1768819029.169367 0.1127608 -0.0780861 0.1145420 -0.3159128 0.1316992 -0.0309368 0.9390939
1768819029.202699 0.1133880 -0.0770569 0.1153161 -0.3235737 0.1378064 -0.0327671 0.9355404
1768819029.236033 0.1140847 -0.0760315 0.1158664 -0.3310016 0.1407034 -0.0365697 0.9323643
1768819029.336034 0.1150123 -0.0746409 0.1175863 -0.3490455 0.1543419 -0.0400075 0.9234421
1768819029.369366 0.1151027 -0.0742723 0.1179115 -0.3540591 0.1586072 -0.0401531 0.9208006
1768819029.536032 0.1191341 -0.0705720 0.1230315 -0.3913703 0.1720971 -0.0365416 0.9032589
1768819029.569366 0.1216028 -0.0677457 0.1247796 -0.4006596 0.1729759 -0.0372024 0.8989813
1768819029.602700 0.1218269 -0.0659956 0.1256766 -0.4113762 0.1755015 -0.0392872 0.8935465
1768819029.669366 0.1260868 -0.0610014 0.1273617 -0.4308725 0.1752698 -0.0397948 0.8843335
1768819029.702699 0.1292003 -0.0604816 0.1288920 -0.4413750 0.1734350 -0.0359886 0.8796666
1768819029.736033 0.1308845 -0.0601413 0.1301616 -0.4501306 0.1725189 -0.0317921 0.8755621
1768819029.769367 0.1300432 -0.0584634 0.1300222 -0.4544164 0.1743282 -0.0300978 0.8730462
1768819029.802701 0.1312962 -0.0560017 0.1298148 -0.4609487 0.1731082 -0.0308842 0.8698310
1768819029.836033 0.1323374 -0.0554807 0.1298609 -0.4684253 0.1753527 -0.0276621 0.8654848
1768819029.902699 0.1339850 -0.0541808 0.1315709 -0.4861612 0.1801181 -0.0216489 0.8548310
1768819029.936032 0.1349701 -0.0534209 0.1328997 -0.4938326 0.1810632 -0.0184968 0.8502961
1768819029.969366 0.1377859 -0.0490504 0.1317475 -0.4939760 0.1809123 -0.0189241 0.8502355
1768819030.002699 0.1370647 -0.0480769 0.1298693 -0.4943613 0.1808600 -0.0201608 0.8499942
1768819030.036032 0.1367406 -0.0470952 0.1297890 -0.4949125 0.1824989 -0.0191992 0.8493451
1768819030.069366 0.1370760 -0.0459721 0.1286997 -0.4942363 0.1818005 -0.0200650 0.8498685
1768819030.102699 0.1373221 -0.0459834 0.1287362 -0.4944795 0.1824664 -0.0190604 0.8496074
1768819030.136032 0.1382856 -0.0457020 0.1263064 -0.4929042 0.1820139 -0.0186957 0.8506274
1768819030.302700 0.1386783 -0.0428471 0.1294127 -0.5135623 0.2021714 -0.0070454 0.8338650
1768819030.402699 0.1419348 -0.0382755 0.1304723 -0.5247542 0.2070916 0.0103432 0.8256144
1768819030.436032 0.1415259 -0.0376760 0.1305546 -0.5280740 0.2128277 0.0149131 0.8219610
1768819030.469365 0.1401812 -0.0368189 0.1291349 -0.5277545 0.2156498 0.0185418 0.8213565
1768819030.502699 0.1392216 -0.0343799 0.1277228 -0.5257884 0.2160579 0.0187648 0.8225044
1768819030.569366 0.1368627 -0.0302215 0.1245996 -0.5235465 0.2171346 0.0171305 0.8236858
1768819030.602699 0.1357912 -0.0287644 0.1222397 -0.5227125 0.2167689 0.0164310 0.8243257
1768819030.636033 0.1360450 -0.0280938 0.1219515 -0.5219098 0.2169000 0.0167159 0.8247940
1768819030.669365 0.1362947 -0.0279266 0.1223199 -0.5221446 0.2170362 0.0165727 0.8246124
1768819030.702698 0.1364760 -0.0282695 0.1220128 -0.5216705 0.2175853 0.0175063 0.8247486
1768819030.769365 0.1371461 -0.0273173 0.1215420 -0.5171827 0.2293435 0.0202572 0.8243259
1768819030.802698 0.1375239 -0.0269328 0.1223182 -0.5185980 0.2348617 0.0235558 0.8217915
1768819030.836032 0.1385098 -0.0267670 0.1225163 -0.5188560 0.2401216 0.0285757 0.8199473
1768819030.869364 0.1389793 -0.0271506 0.1224448 -0.5196347 0.2444982 0.0324034 0.8180162
1768819030.936032 0.1400251 -0.0262717 0.1227285 -0.5220213 0.2545654 0.0411960 0.8130148
1768819030.969366 0.1399065 -0.0266314 0.1221830 -0.5225655 0.2561272 0.0421800 0.8121238
1768819031.002699 0.1396774 -0.0265476 0.1218429 -0.5222931 0.2573695 0.0430750 0.8118593
1768819031.036032 0.1394969 -0.0272042 0.1215530 -0.5219901 0.2581921 0.0432685 0.8117827
1768819031.102699 0.1401956 -0.0268833 0.1215762 -0.5150573 0.2694934 0.0499106 0.8121565
1768819031.136031 0.1405172 -0.0277295 0.1210700 -0.5125297 0.2715688 0.0523270 0.8129118
1768819031.169365 0.1406232 -0.0283425 0.1217314 -0.5132610 0.2711481 0.0520986 0.8126054
1768819031.236032 0.1398506 -0.0319100 0.1200722 -0.5137849 0.2721687 0.0500987 0.8120587
1768819031.269365 0.1405334 -0.0314676 0.1192414 -0.5146848 0.2763805 0.0467909 0.8102616
1768819031.302701 0.1405673 -0.0321400 0.1189629 -0.5162159 0.2786096 0.0449528 0.8086267
1768819031.369364 0.1404454 -0.0325135 0.1175731 -0.5177934 0.2888908 0.0431764 0.8040945
1768819031.402698 0.1413427 -0.0334284 0.1169677 -0.5196431 0.2933225 0.0467686 0.8010903
1768819031.436032 0.1414357 -0.0340047 0.1169884 -0.5220583 0.2984698 0.0485233 0.7975064
1768819031.502698 0.1413204 -0.0339058 0.1165789 -0.5374168 0.3058153 0.0447817 0.7846367
1768819031.536031 0.1405983 -0.0314376 0.1165633 -0.5473888 0.3009986 0.0364621 0.7800230
1768819031.569365 0.1416922 -0.0289475 0.1173808 -0.5490539 0.2976763 0.0398732 0.7799608
1768819031.602698 0.1410535 -0.0292242 0.1173148 -0.5492616 0.2978176 0.0400076 0.7797536
1768819031.636031 0.1408634 -0.0287184 0.1161583 -0.5483288 0.2982162 0.0407095 0.7802214
1768819031.669364 0.1412268 -0.0287762 0.1160156 -0.5483381 0.2979305 0.0412135 0.7802975
1768819031.769364 0.1387207 -0.0309596 0.1185593 -0.5511872 0.3054390 0.0409419 0.7753860
1768819031.802698 0.1407856 -0.0289283 0.1188815 -0.5550738 0.3087404 0.0411167 0.7712858
1768819031.836032 0.1420409 -0.0282968 0.1187591 -0.5623332 0.3095332 0.0415295 0.7656670
1768819031.869364 0.1417067 -0.0281356 0.1193909 -0.5699819 0.3066696 0.0449153 0.7609580
1768819031.936031 0.1409486 -0.0284006 0.1188517 -0.5809182 0.3017099 0.0484142 0.7544279
1768819031.969365 0.1422312 -0.0266824 0.1195238 -0.5867998 0.2983574 0.0510160 0.7510301
1768819032.002697 0.1406892 -0.0265841 0.1196038 -0.5880415 0.2985564 0.0507964 0.7499940
1768819032.069366 0.1405133 -0.0261061 0.1188411 -0.5876647 0.2997468 0.0530576 0.7496579
1768819032.102698 0.1404520 -0.0259042 0.1189566 -0.5878346 0.2993866 0.0529247 0.7496780
1768819032.169364 0.1391256 -0.0258382 0.1182552 -0.5873106 0.2998386 0.0525452 0.7499347
1768819032.202697 0.1394155 -0.0250708 0.1181525 -0.5876749 0.2992663 0.0530015 0.7498458
1768819032.236031 0.1391526 -0.0248505 0.1184297 -0.5879983 0.2992252 0.0534411 0.7495774
1768819032.269364 0.1384955 -0.0239471 0.1177727 -0.5873265 0.2993399 0.0528511 0.7501000
1768819032.302698 0.1393115 -0.0237774 0.1181730 -0.5945034 0.2898068 0.0511517 0.7483056
1768819032.336031 0.1404087 -0.0238888 0.1180993 -0.6013842 0.2790712 0.0490986 0.7470245
1768819032.369364 0.1421823 -0.0229031 0.1180137 -0.6077987 0.2712527 0.0501215 0.7446412
1768819032.402698 0.1427108 -0.0240659 0.1185239 -0.6127858 0.2635168 0.0496065 0.7433652
1768819032.436031 0.1428054 -0.0239325 0.1180943 -0.6131328 0.2609787 0.0482347 0.7440643
1768819032.502697 0.1427264 -0.0237023 0.1182915 -0.6129224 0.2630755 0.0490543 0.7434455
1768819032.536030 0.1426654 -0.0240917 0.1183166 -0.6129552 0.2627756 0.0490391 0.7435254
1768819032.569365 0.1425030 -0.0244796 0.1184872 -0.6132770 0.2624511 0.0483592 0.7434193
1768819032.602697 0.1414843 -0.0247553 0.1189653 -0.6137279 0.2628027 0.0468071 0.7430221
1768819032.636031 0.1425400 -0.0245792 0.1188499 -0.6138716 0.2626590 0.0479376 0.7428821
1768819032.669364 0.1414197 -0.0300432 0.1196795 -0.6146155 0.2567453 0.0504117 0.7441695
1768819032.702698 0.1437366 -0.0337679 0.1200604 -0.6139786 0.2443643 0.0553771 0.7484983
1768819032.736031 0.1481610 -0.0389714 0.1184717 -0.6106793 0.2312449 0.0644757 0.7546121
1768819032.769364 0.1513608 -0.0453892 0.1174417 -0.6088317 0.2184389 0.0705291 0.7593642
1768819032.802699 0.1514227 -0.0502858 0.1169891 -0.6063219 0.2082345 0.0744498 0.7638516
1768819032.836031 0.1498611 -0.0520301 0.1185757 -0.6050103 0.2010465 0.0755233 0.7667066
1768819032.869363 0.1499246 -0.0520117 0.1189009 -0.6016611 0.1927267 0.0802074 0.7709910
1768819032.902697 0.1485821 -0.0537027 0.1187796 -0.5983627 0.1849047 0.0825836 0.7752111
1768819032.936030 0.1455595 -0.0568307 0.1192654 -0.5935405 0.1790347 0.0825533 0.7802828
1768819032.969364 0.1446335 -0.0545941 0.1214204 -0.5906018 0.1731984 0.0827834 0.7837977
1768819033.002697 0.1418261 -0.0523077 0.1218381 -0.5843544 0.1707275 0.0832939 0.7889514
1768819033.036031 0.1381839 -0.0539692 0.1249441 -0.5808520 0.1706403 0.0839050 0.7914878
1768819033.069364 0.1368054 -0.0550035 0.1243392 -0.5749438 0.1635762 0.0847232 0.7971853
1768819033.102698 0.1365839 -0.0556487 0.1249162 -0.5711834 0.1562503 0.0842160 0.8014007
1768819033.136030 0.1344752 -0.0569946 0.1279596 -0.5679810 0.1538153 0.0876351 0.8037777
1768819033.169364 0.1344193 -0.0553880 0.1267350 -0.5635926 0.1468948 0.0850949 0.8084208
1768819033.202697 0.1319198 -0.0540273 0.1285298 -0.5621160 0.1454568 0.0831994 0.8099048
1768819033.236030 0.1318054 -0.0535564 0.1253212 -0.5575114 0.1385831 0.0827405 0.8143279
1768819033.302698 0.1294706 -0.0598712 0.1231088 -0.5504470 0.1312935 0.0834462 0.8202481
1768819033.336030 0.1299500 -0.0593917 0.1223069 -0.5484984 0.1245177 0.0793600 0.8230109
1768819033.369363 0.1296867 -0.0595851 0.1240716 -0.5487504 0.1236050 0.0777946 0.8231299
1768819033.402697 0.1284143 -0.0613002 0.1252250 -0.5487041 0.1227776 0.0743387 0.8236039
1768819033.469363 0.1287726 -0.0626191 0.1273195 -0.5440149 0.1209497 0.0678396 0.8275366
1768819033.502697 0.1287189 -0.0627966 0.1278425 -0.5394502 0.1209084 0.0640262 0.8308281
1768819033.536030 0.1289899 -0.0667436 0.1277586 -0.5391282 0.1198984 0.0616263 0.8313648
1768819033.569364 0.1296366 -0.0670360 0.1273725 -0.5383832 0.1185700 0.0596453 0.8321822
1768819033.602697 0.1308958 -0.0699213 0.1277723 -0.5394678 0.1190273 0.0599532 0.8313920
1768819033.669364 0.1327624 -0.0700715 0.1261327 -0.5300487 0.1257942 0.0629695 0.8362172
1768819033.702697 0.1328556 -0.0690134 0.1273920 -0.5258934 0.1337057 0.0664791 0.8373408
1768819033.736031 0.1320675 -0.0691987 0.1271422 -0.5225455 0.1326067 0.0629313 0.8398817
1768819033.769363 0.1331357 -0.0690705 0.1283851 -0.5219311 0.1313494 0.0623461 0.8405048
1768819033.802696 0.1329423 -0.0701638 0.1310175 -0.5220762 0.1292532 0.0581927 0.8410372
1768819033.869362 0.1330811 -0.0682073 0.1297796 -0.5099790 0.1262468 0.0511337 0.8493342
1768819033.902696 0.1336695 -0.0683534 0.1292763 -0.5044747 0.1238047 0.0512051 0.8529688
1768819033.936030 0.1328162 -0.0697031 0.1292102 -0.5032098 0.1235365 0.0501389 0.8538177
1768819033.969364 0.1326994 -0.0701068 0.1296212 -0.5036504 0.1232428 0.0497733 0.8536218
1768819034.036030 0.1337010 -0.0701307 0.1311931 -0.5034596 0.1226353 0.0487586 0.8538803
1768819034.069363 0.1332316 -0.0716069 0.1314249 -0.5032889 0.1229540 0.0479457 0.8539811
1768819034.136030 0.1338838 -0.0704371 0.1328019 -0.5023772 0.1222326 0.0475091 0.8546457
1768819034.169363 0.1339986 -0.0703939 0.1331228 -0.5016909 0.1213063 0.0457300 0.8552777
1768819034.202696 0.1346989 -0.0703915 0.1343731 -0.5017000 0.1209408 0.0450803 0.8553585
1768819034.269363 0.1332635 -0.0710051 0.1352093 -0.4988278 0.1140768 0.0369612 0.8583654
1768819034.302698 0.1327644 -0.0708539 0.1360887 -0.4983829 0.1119779 0.0354030 0.8589658
1768819034.336030 0.1328673 -0.0695608 0.1366273 -0.4980443 0.1109434 0.0352571 0.8593023
1768819034.369363 0.1310199 -0.0712192 0.1366045 -0.4981502 0.1117948 0.0338152 0.8591885
1768819034.436030 0.1316507 -0.0712572 0.1389783 -0.4978573 0.1095087 0.0314200 0.8597434
1768819034.469362 0.1318194 -0.0711164 0.1411138 -0.4984765 0.1084677 0.0302235 0.8595595
1768819034.502696 0.1311440 -0.0724127 0.1422299 -0.4986459 0.1083312 0.0291826 0.8595145
1768819034.536029 0.1306287 -0.0734925 0.1433573 -0.4990402 0.1093626 0.0296520 0.8591388
1768819034.569364 0.1318171 -0.0738624 0.1435743 -0.4994966 0.1091506 0.0296004 0.8589023
1768819034.636030 0.1327579 -0.0745406 0.1456849 -0.5001380 0.1097513 0.0304542 0.8584225
1768819034.669363 0.1323969 -0.0761375 0.1463782 -0.5007589 0.1096220 0.0310758 0.8580548
1768819034.702696 0.1329213 -0.0755577 0.1476772 -0.5010328 0.1099713 0.0312999 0.8578419
1768819034.736030 0.1334441 -0.0756139 0.1479716 -0.5012214 0.1099555 0.0311954 0.8577376
1768819034.769363 0.1336772 -0.0762646 0.1477121 -0.5010430 0.1097677 0.0314211 0.8578577
1768819034.802696 0.1342048 -0.0760752 0.1475764 -0.5013310 0.1093858 0.0311384 0.8577484
1768819034.869362 0.1350262 -0.0762384 0.1473261 -0.5011582 0.1093564 0.0314687 0.8578411
1768819034.902696 0.1354015 -0.0764888 0.1468735 -0.5014292 0.1086912 0.0308685 0.8577891
1768819034.936029 0.1359989 -0.0766077 0.1465830 -0.5015994 0.1084212 0.0304497 0.8577387
1768819034.969363 0.1366036 -0.0769559 0.1468706 -0.5014367 0.1084522 0.0310743 0.8578075
1768819035.002696 0.1368664 -0.0773804 0.1471876 -0.5014610 0.1087928 0.0310769 0.8577501
1768819035.036030 0.1385168 -0.0769280 0.1478514 -0.5018670 0.1088187 0.0320151 0.8574748
1768819035.069364 0.1393684 -0.0779740 0.1490636 -0.5023696 0.1078076 0.0310469 0.8573438
1768819035.102696 0.1390323 -0.0795670 0.1492801 -0.4986956 0.1062913 0.0255510 0.8598558
1768819035.136029 0.1391670 -0.0796066 0.1484520 -0.4887891 0.1087689 0.0223870 0.8653054
1768819035.169363 0.1385247 -0.0807091 0.1482545 -0.4815570 0.1108973 0.0183703 0.8691761
1768819035.202695 0.1386565 -0.0821540 0.1478568 -0.4749408 0.1130903 0.0165326 0.8725643
1768819035.236029 0.1396365 -0.0833198 0.1486526 -0.4724374 0.1134888 0.0151532 0.8738956
